[2026-08-31T08:35:52.314+0000] {manager.py:470} INFO - Processing files using up to 2 processes at a time 
[2026-08-31T08:35:52.449+0000] {manager.py:471} INFO - Process each file at most once every 30 seconds
[2026-08-31T08:35:52.466+0000] {manager.py:472} INFO - Checking for new files in /opt/airflow/dags every 300 seconds
[2026-08-31T08:35:52.472+0000] {manager.py:737} INFO - Searching for files in /opt/airflow/dags
[2026-08-31T08:35:52.505+0000] {manager.py:740} INFO - There are 0 files in /opt/airflow/dags
[2026-08-31T08:40:52.604+0000] {manager.py:737} INFO - Searching for files in /opt/airflow/dags
[2026-08-31T08:40:52.681+0000] {manager.py:740} INFO - There are 1 files in /opt/airflow/dags
[2026-08-31T08:40:55.541+0000] {manager.py:878} INFO - 
================================================================================
DAG File Processing Stats

File Path                         PID    Runtime      # DAGs    # Errors  Last Runtime    Last Run
--------------------------------  -----  ---------  --------  ----------  --------------  -------------------
/opt/airflow/dags/netflix_dag.py                           0           0  0.45s           2026-08-31T08:40:53
================================================================================
[2026-08-31T08:41:25.774+0000] {manager.py:878} INFO - 
================================================================================
DAG File Processing Stats

File Path                         PID    Runtime      # DAGs    # Errors  Last Runtime    Last Run
--------------------------------  -----  ---------  --------  ----------  --------------  -------------------
/opt/airflow/dags/netflix_dag.py                           0           0  0.09s           2026-08-31T08:41:23
================================================================================
[2026-08-31T08:41:56.087+0000] {manager.py:878} INFO - 
================================================================================
DAG File Processing Stats

File Path                         PID    Runtime      # DAGs    # Errors  Last Runtime    Last Run
--------------------------------  -----  ---------  --------  ----------  --------------  -------------------
/opt/airflow/dags/netflix_dag.py                           0           0  0.18s           2026-08-31T08:41:54
================================================================================
[2026-08-31T08:42:26.495+0000] {manager.py:878} INFO - 
================================================================================
DAG File Processing Stats

File Path                         PID    Runtime      # DAGs    # Errors  Last Runtime    Last Run
--------------------------------  -----  ---------  --------  ----------  --------------  -------------------
/opt/airflow/dags/netflix_dag.py                           0           0  0.10s           2026-08-31T08:42:24
================================================================================
[2026-08-31T08:42:56.846+0000] {manager.py:878} INFO - 
================================================================================
DAG File Processing Stats

File Path                         PID    Runtime      # DAGs    # Errors  Last Runtime    Last Run
--------------------------------  -----  ---------  --------  ----------  --------------  -------------------
/opt/airflow/dags/netflix_dag.py                           0           0  0.28s           2026-08-31T08:42:55
================================================================================
[2026-08-31T08:43:27.141+0000] {manager.py:878} INFO - 
================================================================================
DAG File Processing Stats

File Path                         PID    Runtime      # DAGs    # Errors  Last Runtime    Last Run
--------------------------------  -----  ---------  --------  ----------  --------------  -------------------
/opt/airflow/dags/netflix_dag.py                           0           0  0.19s           2026-08-31T08:43:25
================================================================================
[2026-08-31T08:43:57.580+0000] {manager.py:878} INFO - 
================================================================================
DAG File Processing Stats

File Path                         PID    Runtime      # DAGs    # Errors  Last Runtime    Last Run
--------------------------------  -----  ---------  --------  ----------  --------------  -------------------
/opt/airflow/dags/netflix_dag.py                           0           0  0.18s           2026-08-31T08:43:55
================================================================================
[2026-08-31T08:44:27.929+0000] {manager.py:878} INFO - 
================================================================================
DAG File Processing Stats

File Path                         PID    Runtime      # DAGs    # Errors  Last Runtime    Last Run
--------------------------------  -----  ---------  --------  ----------  --------------  -------------------
/opt/airflow/dags/netflix_dag.py                           0           0  0.23s           2026-08-31T08:44:26
================================================================================
[2026-08-31T08:44:58.612+0000] {manager.py:878} INFO - 
================================================================================
DAG File Processing Stats

File Path                         PID    Runtime      # DAGs    # Errors  Last Runtime    Last Run
--------------------------------  -----  ---------  --------  ----------  --------------  -------------------
/opt/airflow/dags/netflix_dag.py                           0           0  0.20s           2026-08-31T08:44:56
================================================================================
[2026-08-31T08:45:29.000+0000] {manager.py:878} INFO - 
================================================================================
DAG File Processing Stats

File Path                         PID    Runtime      # DAGs    # Errors  Last Runtime    Last Run
--------------------------------  -----  ---------  --------  ----------  --------------  -------------------
/opt/airflow/dags/netflix_dag.py                           0           0  0.17s           2026-08-31T08:45:27
================================================================================
[2026-08-31T08:45:53.196+0000] {manager.py:737} INFO - Searching for files in /opt/airflow/dags
[2026-08-31T08:45:53.251+0000] {manager.py:740} INFO - There are 1 files in /opt/airflow/dags
[2026-08-31T08:45:59.389+0000] {manager.py:878} INFO - 
================================================================================
DAG File Processing Stats

File Path                         PID    Runtime      # DAGs    # Errors  Last Runtime    Last Run
--------------------------------  -----  ---------  --------  ----------  --------------  -------------------
/opt/airflow/dags/netflix_dag.py                           0           0  0.16s           2026-08-31T08:45:57
================================================================================
[2026-08-31T08:46:29.772+0000] {manager.py:878} INFO - 
================================================================================
DAG File Processing Stats

File Path                         PID    Runtime      # DAGs    # Errors  Last Runtime    Last Run
--------------------------------  -----  ---------  --------  ----------  --------------  -------------------
/opt/airflow/dags/netflix_dag.py                           0           0  0.20s           2026-08-31T08:46:27
================================================================================
[2026-08-31T08:47:00.102+0000] {manager.py:878} INFO - 
================================================================================
DAG File Processing Stats

File Path                         PID    Runtime      # DAGs    # Errors  Last Runtime    Last Run
--------------------------------  -----  ---------  --------  ----------  --------------  -------------------
/opt/airflow/dags/netflix_dag.py                           0           0  0.22s           2026-08-31T08:46:58
================================================================================
[2026-08-31T08:47:30.508+0000] {manager.py:878} INFO - 
================================================================================
DAG File Processing Stats

File Path                         PID    Runtime      # DAGs    # Errors  Last Runtime    Last Run
--------------------------------  -----  ---------  --------  ----------  --------------  -------------------
/opt/airflow/dags/netflix_dag.py                           0           0  0.18s           2026-08-31T08:47:28
================================================================================
[2026-08-31T08:48:00.806+0000] {manager.py:878} INFO - 
================================================================================
DAG File Processing Stats

File Path                         PID    Runtime      # DAGs    # Errors  Last Runtime    Last Run
--------------------------------  -----  ---------  --------  ----------  --------------  -------------------
/opt/airflow/dags/netflix_dag.py                           0           0  0.17s           2026-08-31T08:47:58
================================================================================
[2026-08-31T08:48:31.171+0000] {manager.py:878} INFO - 
================================================================================
DAG File Processing Stats

File Path                         PID    Runtime      # DAGs    # Errors  Last Runtime    Last Run
--------------------------------  -----  ---------  --------  ----------  --------------  -------------------
/opt/airflow/dags/netflix_dag.py                           0           0  0.18s           2026-08-31T08:48:29
================================================================================
[2026-08-31T08:49:01.580+0000] {manager.py:878} INFO - 
================================================================================
DAG File Processing Stats

File Path                         PID    Runtime      # DAGs    # Errors  Last Runtime    Last Run
--------------------------------  -----  ---------  --------  ----------  --------------  -------------------
/opt/airflow/dags/netflix_dag.py                           0           0  0.20s           2026-08-31T08:48:33
================================================================================
[2026-08-31T08:49:32.199+0000] {manager.py:878} INFO - 
================================================================================
DAG File Processing Stats

File Path                         PID    Runtime      # DAGs    # Errors  Last Runtime    Last Run
--------------------------------  -----  ---------  --------  ----------  --------------  -------------------
/opt/airflow/dags/netflix_dag.py                           0           0  0.28s           2026-08-31T08:49:03
================================================================================
[2026-08-31T08:50:02.874+0000] {manager.py:878} INFO - 
================================================================================
DAG File Processing Stats

File Path                         PID    Runtime      # DAGs    # Errors  Last Runtime    Last Run
--------------------------------  -----  ---------  --------  ----------  --------------  -------------------
/opt/airflow/dags/netflix_dag.py                           0           0  0.20s           2026-08-31T08:49:34
================================================================================
[2026-08-31T08:50:33.246+0000] {manager.py:878} INFO - 
================================================================================
DAG File Processing Stats

File Path                         PID    Runtime      # DAGs    # Errors  Last Runtime    Last Run
--------------------------------  -----  ---------  --------  ----------  --------------  -------------------
/opt/airflow/dags/netflix_dag.py                           1           0  3.87s           2026-08-31T08:50:28
================================================================================
[2026-08-31T08:50:53.419+0000] {manager.py:737} INFO - Searching for files in /opt/airflow/dags
[2026-08-31T08:50:54.005+0000] {manager.py:740} INFO - There are 1 files in /opt/airflow/dags
[2026-08-31T08:51:03.926+0000] {manager.py:878} INFO - 
================================================================================
DAG File Processing Stats

File Path                         PID    Runtime      # DAGs    # Errors  Last Runtime    Last Run
--------------------------------  -----  ---------  --------  ----------  --------------  -------------------
/opt/airflow/dags/netflix_dag.py                           1           0  0.73s           2026-08-31T08:50:59
================================================================================
[2026-08-31T08:51:34.548+0000] {manager.py:878} INFO - 
================================================================================
DAG File Processing Stats

File Path                         PID    Runtime      # DAGs    # Errors  Last Runtime    Last Run
--------------------------------  -----  ---------  --------  ----------  --------------  -------------------
/opt/airflow/dags/netflix_dag.py                           1           0  0.50s           2026-08-31T08:51:30
================================================================================
[2026-08-31T08:51:48.347+0000] {manager.py:452} INFO - Exiting gracefully upon receiving signal 15
[2026-08-31T08:53:50.009+0000] {manager.py:470} INFO - Processing files using up to 2 processes at a time 
[2026-08-31T08:53:50.411+0000] {manager.py:471} INFO - Process each file at most once every 30 seconds
[2026-08-31T08:53:50.417+0000] {manager.py:472} INFO - Checking for new files in /opt/airflow/dags every 300 seconds
[2026-08-31T08:53:50.421+0000] {manager.py:737} INFO - Searching for files in /opt/airflow/dags
[2026-08-31T08:53:51.924+0000] {manager.py:740} INFO - There are 1 files in /opt/airflow/dags
[2026-08-31T08:53:53.037+0000] {manager.py:878} INFO - 
================================================================================
DAG File Processing Stats

File Path                           PID  Runtime      # DAGs    # Errors  Last Runtime    Last Run
--------------------------------  -----  ---------  --------  ----------  --------------  ----------
/opt/airflow/dags/netflix_dag.py    199  0.37s             0           0
================================================================================
[2026-08-31T08:54:23.131+0000] {manager.py:878} INFO - 
================================================================================
DAG File Processing Stats

File Path                         PID    Runtime      # DAGs    # Errors  Last Runtime    Last Run
--------------------------------  -----  ---------  --------  ----------  --------------  -------------------
/opt/airflow/dags/netflix_dag.py                           1           0  1.33s           2026-08-31T08:53:53
================================================================================
[2026-08-31T08:54:53.630+0000] {manager.py:878} INFO - 
================================================================================
DAG File Processing Stats

File Path                         PID    Runtime      # DAGs    # Errors  Last Runtime    Last Run
--------------------------------  -----  ---------  --------  ----------  --------------  -------------------
/opt/airflow/dags/netflix_dag.py                           1           0  1.23s           2026-08-31T08:54:25
================================================================================
[2026-08-31T08:55:23.979+0000] {manager.py:878} INFO - 
================================================================================
DAG File Processing Stats

File Path                         PID    Runtime      # DAGs    # Errors  Last Runtime    Last Run
--------------------------------  -----  ---------  --------  ----------  --------------  -------------------
/opt/airflow/dags/netflix_dag.py                           1           0  0.65s           2026-08-31T08:54:56
================================================================================
[2026-08-31T08:55:54.235+0000] {manager.py:878} INFO - 
================================================================================
DAG File Processing Stats

File Path                         PID    Runtime      # DAGs    # Errors  Last Runtime    Last Run
--------------------------------  -----  ---------  --------  ----------  --------------  -------------------
/opt/airflow/dags/netflix_dag.py                           1           0  0.66s           2026-08-31T08:55:27
================================================================================
[2026-08-31T08:56:24.619+0000] {manager.py:878} INFO - 
================================================================================
DAG File Processing Stats

File Path                         PID    Runtime      # DAGs    # Errors  Last Runtime    Last Run
--------------------------------  -----  ---------  --------  ----------  --------------  -------------------
/opt/airflow/dags/netflix_dag.py                           1           0  0.87s           2026-08-31T08:55:58
================================================================================
[2026-08-31T08:56:54.910+0000] {manager.py:878} INFO - 
================================================================================
DAG File Processing Stats

File Path                         PID    Runtime      # DAGs    # Errors  Last Runtime    Last Run
--------------------------------  -----  ---------  --------  ----------  --------------  -------------------
/opt/airflow/dags/netflix_dag.py                           1           0  0.38s           2026-08-31T08:56:29
================================================================================
[2026-08-31T08:57:25.098+0000] {manager.py:878} INFO - 
================================================================================
DAG File Processing Stats

File Path                         PID    Runtime      # DAGs    # Errors  Last Runtime    Last Run
--------------------------------  -----  ---------  --------  ----------  --------------  -------------------
/opt/airflow/dags/netflix_dag.py                           1           0  0.54s           2026-08-31T08:56:59
================================================================================
[2026-08-31T08:57:55.425+0000] {manager.py:878} INFO - 
================================================================================
DAG File Processing Stats

File Path                         PID    Runtime      # DAGs    # Errors  Last Runtime    Last Run
--------------------------------  -----  ---------  --------  ----------  --------------  -------------------
/opt/airflow/dags/netflix_dag.py                           1           0  0.55s           2026-08-31T08:57:30
================================================================================
[2026-08-31T08:58:25.770+0000] {manager.py:878} INFO - 
================================================================================
DAG File Processing Stats

File Path                         PID    Runtime      # DAGs    # Errors  Last Runtime    Last Run
--------------------------------  -----  ---------  --------  ----------  --------------  -------------------
/opt/airflow/dags/netflix_dag.py                           1           0  0.54s           2026-08-31T08:58:02
================================================================================
[2026-08-31T08:58:50.818+0000] {manager.py:737} INFO - Searching for files in /opt/airflow/dags
[2026-08-31T08:58:51.031+0000] {manager.py:740} INFO - There are 1 files in /opt/airflow/dags
[2026-08-31T08:58:56.133+0000] {manager.py:878} INFO - 
================================================================================
DAG File Processing Stats

File Path                         PID    Runtime      # DAGs    # Errors  Last Runtime    Last Run
--------------------------------  -----  ---------  --------  ----------  --------------  -------------------
/opt/airflow/dags/netflix_dag.py                           1           0  0.48s           2026-08-31T08:58:32
================================================================================
[2026-08-31T08:59:26.463+0000] {manager.py:878} INFO - 
================================================================================
DAG File Processing Stats

File Path                         PID    Runtime      # DAGs    # Errors  Last Runtime    Last Run
--------------------------------  -----  ---------  --------  ----------  --------------  -------------------
/opt/airflow/dags/netflix_dag.py                           1           0  0.44s           2026-08-31T08:59:03
================================================================================
[2026-08-31T08:59:56.817+0000] {manager.py:878} INFO - 
================================================================================
DAG File Processing Stats

File Path                         PID    Runtime      # DAGs    # Errors  Last Runtime    Last Run
--------------------------------  -----  ---------  --------  ----------  --------------  -------------------
/opt/airflow/dags/netflix_dag.py                           1           0  0.41s           2026-08-31T08:59:34
================================================================================
[2026-08-31T09:00:27.356+0000] {manager.py:878} INFO - 
================================================================================
DAG File Processing Stats

File Path                         PID    Runtime      # DAGs    # Errors  Last Runtime    Last Run
--------------------------------  -----  ---------  --------  ----------  --------------  -------------------
/opt/airflow/dags/netflix_dag.py                           1           0  0.39s           2026-08-31T09:00:05
================================================================================
[2026-08-31T09:00:58.005+0000] {manager.py:878} INFO - 
================================================================================
DAG File Processing Stats

File Path                         PID    Runtime      # DAGs    # Errors  Last Runtime    Last Run
--------------------------------  -----  ---------  --------  ----------  --------------  -------------------
/opt/airflow/dags/netflix_dag.py                           1           0  0.36s           2026-08-31T09:00:36
================================================================================
[2026-08-31T09:01:28.048+0000] {manager.py:878} INFO - 
================================================================================
DAG File Processing Stats

File Path                         PID    Runtime      # DAGs    # Errors  Last Runtime    Last Run
--------------------------------  -----  ---------  --------  ----------  --------------  -------------------
/opt/airflow/dags/netflix_dag.py                           1           0  0.34s           2026-08-31T09:01:06
================================================================================
[2026-08-31T09:01:58.366+0000] {manager.py:878} INFO - 
================================================================================
DAG File Processing Stats

File Path                         PID    Runtime      # DAGs    # Errors  Last Runtime    Last Run
--------------------------------  -----  ---------  --------  ----------  --------------  -------------------
/opt/airflow/dags/netflix_dag.py                           1           0  0.37s           2026-08-31T09:01:37
================================================================================
[2026-08-31T09:02:28.940+0000] {manager.py:878} INFO - 
================================================================================
DAG File Processing Stats

File Path                         PID    Runtime      # DAGs    # Errors  Last Runtime    Last Run
--------------------------------  -----  ---------  --------  ----------  --------------  -------------------
/opt/airflow/dags/netflix_dag.py                           1           0  0.31s           2026-08-31T09:02:08
================================================================================
[2026-08-31T09:02:59.479+0000] {manager.py:878} INFO - 
================================================================================
DAG File Processing Stats

File Path                         PID    Runtime      # DAGs    # Errors  Last Runtime    Last Run
--------------------------------  -----  ---------  --------  ----------  --------------  -------------------
/opt/airflow/dags/netflix_dag.py                           1           0  0.33s           2026-08-31T09:02:38
================================================================================
[2026-08-31T09:03:30.075+0000] {manager.py:878} INFO - 
================================================================================
DAG File Processing Stats

File Path                         PID    Runtime      # DAGs    # Errors  Last Runtime    Last Run
--------------------------------  -----  ---------  --------  ----------  --------------  -------------------
/opt/airflow/dags/netflix_dag.py                           1           0  0.16s           2026-08-31T09:03:09
================================================================================
[2026-08-31T09:03:51.388+0000] {manager.py:737} INFO - Searching for files in /opt/airflow/dags
[2026-08-31T09:03:51.440+0000] {manager.py:740} INFO - There are 1 files in /opt/airflow/dags
[2026-08-31T09:04:00.532+0000] {manager.py:878} INFO - 
================================================================================
DAG File Processing Stats

File Path                         PID    Runtime      # DAGs    # Errors  Last Runtime    Last Run
--------------------------------  -----  ---------  --------  ----------  --------------  -------------------
/opt/airflow/dags/netflix_dag.py                           1           0  0.46s           2026-08-31T09:03:39
================================================================================
[2026-08-31T09:04:31.002+0000] {manager.py:878} INFO - 
================================================================================
DAG File Processing Stats

File Path                         PID    Runtime      # DAGs    # Errors  Last Runtime    Last Run
--------------------------------  -----  ---------  --------  ----------  --------------  -------------------
/opt/airflow/dags/netflix_dag.py                           1           0  0.35s           2026-08-31T09:04:10
================================================================================
[2026-08-31T09:05:01.620+0000] {manager.py:878} INFO - 
================================================================================
DAG File Processing Stats

File Path                         PID    Runtime      # DAGs    # Errors  Last Runtime    Last Run
--------------------------------  -----  ---------  --------  ----------  --------------  -------------------
/opt/airflow/dags/netflix_dag.py                           1           0  0.38s           2026-08-31T09:04:40
================================================================================
[2026-08-31T09:05:32.224+0000] {manager.py:878} INFO - 
================================================================================
DAG File Processing Stats

File Path                         PID    Runtime      # DAGs    # Errors  Last Runtime    Last Run
--------------------------------  -----  ---------  --------  ----------  --------------  -------------------
/opt/airflow/dags/netflix_dag.py                           1           0  0.28s           2026-08-31T09:05:11
================================================================================
[2026-08-31T09:06:02.787+0000] {manager.py:878} INFO - 
================================================================================
DAG File Processing Stats

File Path                         PID    Runtime      # DAGs    # Errors  Last Runtime    Last Run
--------------------------------  -----  ---------  --------  ----------  --------------  -------------------
/opt/airflow/dags/netflix_dag.py                           1           0  0.37s           2026-08-31T09:05:41
================================================================================
[2026-08-31T09:06:33.487+0000] {manager.py:878} INFO - 
================================================================================
DAG File Processing Stats

File Path                         PID    Runtime      # DAGs    # Errors  Last Runtime    Last Run
--------------------------------  -----  ---------  --------  ----------  --------------  -------------------
/opt/airflow/dags/netflix_dag.py                           1           0  0.34s           2026-08-31T09:06:12
================================================================================
[2026-08-31T09:07:04.010+0000] {manager.py:878} INFO - 
================================================================================
DAG File Processing Stats

File Path                         PID    Runtime      # DAGs    # Errors  Last Runtime    Last Run
--------------------------------  -----  ---------  --------  ----------  --------------  -------------------
/opt/airflow/dags/netflix_dag.py                           1           0  0.18s           2026-08-31T09:06:43
================================================================================
[2026-08-31T09:07:34.440+0000] {manager.py:878} INFO - 
================================================================================
DAG File Processing Stats

File Path                         PID    Runtime      # DAGs    # Errors  Last Runtime    Last Run
--------------------------------  -----  ---------  --------  ----------  --------------  -------------------
/opt/airflow/dags/netflix_dag.py                           1           0  0.33s           2026-08-31T09:07:13
================================================================================
[2026-08-31T09:08:04.793+0000] {manager.py:878} INFO - 
================================================================================
DAG File Processing Stats

File Path                         PID    Runtime      # DAGs    # Errors  Last Runtime    Last Run
--------------------------------  -----  ---------  --------  ----------  --------------  -------------------
/opt/airflow/dags/netflix_dag.py                           1           0  0.16s           2026-08-31T09:07:43
================================================================================
[2026-08-31T09:08:35.007+0000] {manager.py:878} INFO - 
================================================================================
DAG File Processing Stats

File Path                         PID    Runtime      # DAGs    # Errors  Last Runtime    Last Run
--------------------------------  -----  ---------  --------  ----------  --------------  -------------------
/opt/airflow/dags/netflix_dag.py                           1           0  0.15s           2026-08-31T09:08:14
================================================================================
[2026-08-31T09:08:51.457+0000] {manager.py:737} INFO - Searching for files in /opt/airflow/dags
[2026-08-31T09:08:51.484+0000] {manager.py:740} INFO - There are 1 files in /opt/airflow/dags
[2026-08-31T09:09:05.318+0000] {manager.py:878} INFO - 
================================================================================
DAG File Processing Stats

File Path                         PID    Runtime      # DAGs    # Errors  Last Runtime    Last Run
--------------------------------  -----  ---------  --------  ----------  --------------  -------------------
/opt/airflow/dags/netflix_dag.py                           1           0  0.33s           2026-08-31T09:08:44
================================================================================
[2026-08-31T09:09:35.784+0000] {manager.py:878} INFO - 
================================================================================
DAG File Processing Stats

File Path                         PID    Runtime      # DAGs    # Errors  Last Runtime    Last Run
--------------------------------  -----  ---------  --------  ----------  --------------  -------------------
/opt/airflow/dags/netflix_dag.py                           1           0  0.31s           2026-08-31T09:09:14
================================================================================
[2026-08-31T09:10:06.300+0000] {manager.py:878} INFO - 
================================================================================
DAG File Processing Stats

File Path                         PID    Runtime      # DAGs    # Errors  Last Runtime    Last Run
--------------------------------  -----  ---------  --------  ----------  --------------  -------------------
/opt/airflow/dags/netflix_dag.py                           1           0  0.29s           2026-08-31T09:09:45
================================================================================
[2026-08-31T09:10:36.783+0000] {manager.py:878} INFO - 
================================================================================
DAG File Processing Stats

File Path                         PID    Runtime      # DAGs    # Errors  Last Runtime    Last Run
--------------------------------  -----  ---------  --------  ----------  --------------  -------------------
/opt/airflow/dags/netflix_dag.py                           1           0  0.16s           2026-08-31T09:10:15
================================================================================
[2026-08-31T09:11:07.120+0000] {manager.py:878} INFO - 
================================================================================
DAG File Processing Stats

File Path                         PID    Runtime      # DAGs    # Errors  Last Runtime    Last Run
--------------------------------  -----  ---------  --------  ----------  --------------  -------------------
/opt/airflow/dags/netflix_dag.py                           1           0  0.16s           2026-08-31T09:10:46
================================================================================
[2026-08-31T09:11:37.333+0000] {manager.py:878} INFO - 
================================================================================
DAG File Processing Stats

File Path                         PID    Runtime      # DAGs    # Errors  Last Runtime    Last Run
--------------------------------  -----  ---------  --------  ----------  --------------  -------------------
/opt/airflow/dags/netflix_dag.py                           1           0  0.15s           2026-08-31T09:11:16
================================================================================
[2026-08-31T09:12:07.642+0000] {manager.py:878} INFO - 
================================================================================
DAG File Processing Stats

File Path                         PID    Runtime      # DAGs    # Errors  Last Runtime    Last Run
--------------------------------  -----  ---------  --------  ----------  --------------  -------------------
/opt/airflow/dags/netflix_dag.py                           1           0  0.16s           2026-08-31T09:11:46
================================================================================
[2026-08-31T09:12:37.857+0000] {manager.py:878} INFO - 
================================================================================
DAG File Processing Stats

File Path                         PID    Runtime      # DAGs    # Errors  Last Runtime    Last Run
--------------------------------  -----  ---------  --------  ----------  --------------  -------------------
/opt/airflow/dags/netflix_dag.py                           1           0  0.16s           2026-08-31T09:12:16
================================================================================
[2026-08-31T09:13:08.185+0000] {manager.py:878} INFO - 
================================================================================
DAG File Processing Stats

File Path                         PID    Runtime      # DAGs    # Errors  Last Runtime    Last Run
--------------------------------  -----  ---------  --------  ----------  --------------  -------------------
/opt/airflow/dags/netflix_dag.py                           1           0  0.18s           2026-08-31T09:12:47
================================================================================
[2026-08-31T09:13:38.555+0000] {manager.py:878} INFO - 
================================================================================
DAG File Processing Stats

File Path                         PID    Runtime      # DAGs    # Errors  Last Runtime    Last Run
--------------------------------  -----  ---------  --------  ----------  --------------  -------------------
/opt/airflow/dags/netflix_dag.py                           1           0  0.42s           2026-08-31T09:13:17
================================================================================
[2026-08-31T09:13:52.043+0000] {manager.py:737} INFO - Searching for files in /opt/airflow/dags
[2026-08-31T09:13:52.107+0000] {manager.py:740} INFO - There are 1 files in /opt/airflow/dags
[2026-08-31T09:14:09.301+0000] {manager.py:878} INFO - 
================================================================================
DAG File Processing Stats

File Path                         PID    Runtime      # DAGs    # Errors  Last Runtime    Last Run
--------------------------------  -----  ---------  --------  ----------  --------------  -------------------
/opt/airflow/dags/netflix_dag.py                           1           0  0.36s           2026-08-31T09:13:48
================================================================================
[2026-08-31T09:14:39.812+0000] {manager.py:878} INFO - 
================================================================================
DAG File Processing Stats

File Path                         PID    Runtime      # DAGs    # Errors  Last Runtime    Last Run
--------------------------------  -----  ---------  --------  ----------  --------------  -------------------
/opt/airflow/dags/netflix_dag.py                           1           0  0.37s           2026-08-31T09:14:18
================================================================================
[2026-08-31T09:15:10.199+0000] {manager.py:878} INFO - 
================================================================================
DAG File Processing Stats

File Path                         PID    Runtime      # DAGs    # Errors  Last Runtime    Last Run
--------------------------------  -----  ---------  --------  ----------  --------------  -------------------
/opt/airflow/dags/netflix_dag.py                           1           0  0.38s           2026-08-31T09:14:49
================================================================================
[2026-08-31T09:15:40.770+0000] {manager.py:878} INFO - 
================================================================================
DAG File Processing Stats

File Path                         PID    Runtime      # DAGs    # Errors  Last Runtime    Last Run
--------------------------------  -----  ---------  --------  ----------  --------------  -------------------
/opt/airflow/dags/netflix_dag.py                           1           0  0.34s           2026-08-31T09:15:19
================================================================================
[2026-08-31T09:16:11.393+0000] {manager.py:878} INFO - 
================================================================================
DAG File Processing Stats

File Path                         PID    Runtime      # DAGs    # Errors  Last Runtime    Last Run
--------------------------------  -----  ---------  --------  ----------  --------------  -------------------
/opt/airflow/dags/netflix_dag.py                           1           0  0.36s           2026-08-31T09:15:50
================================================================================
[2026-08-31T09:16:42.046+0000] {manager.py:878} INFO - 
================================================================================
DAG File Processing Stats

File Path                         PID    Runtime      # DAGs    # Errors  Last Runtime    Last Run
--------------------------------  -----  ---------  --------  ----------  --------------  -------------------
/opt/airflow/dags/netflix_dag.py                           1           0  0.36s           2026-08-31T09:16:21
================================================================================
[2026-08-31T09:17:12.078+0000] {manager.py:878} INFO - 
================================================================================
DAG File Processing Stats

File Path                         PID    Runtime      # DAGs    # Errors  Last Runtime    Last Run
--------------------------------  -----  ---------  --------  ----------  --------------  -------------------
/opt/airflow/dags/netflix_dag.py                           1           0  0.40s           2026-08-31T09:16:51
================================================================================
[2026-08-31T09:17:42.371+0000] {manager.py:878} INFO - 
================================================================================
DAG File Processing Stats

File Path                         PID    Runtime      # DAGs    # Errors  Last Runtime    Last Run
--------------------------------  -----  ---------  --------  ----------  --------------  -------------------
/opt/airflow/dags/netflix_dag.py                           1           0  0.39s           2026-08-31T09:17:22
================================================================================
[2026-08-31T09:18:12.420+0000] {manager.py:878} INFO - 
================================================================================
DAG File Processing Stats

File Path                         PID    Runtime      # DAGs    # Errors  Last Runtime    Last Run
--------------------------------  -----  ---------  --------  ----------  --------------  -------------------
/opt/airflow/dags/netflix_dag.py                           1           0  0.37s           2026-08-31T09:17:53
================================================================================
[2026-08-31T09:18:42.718+0000] {manager.py:878} INFO - 
================================================================================
DAG File Processing Stats

File Path                         PID    Runtime      # DAGs    # Errors  Last Runtime    Last Run
--------------------------------  -----  ---------  --------  ----------  --------------  -------------------
/opt/airflow/dags/netflix_dag.py                           1           0  0.36s           2026-08-31T09:18:23
================================================================================
[2026-08-31T09:18:52.144+0000] {manager.py:737} INFO - Searching for files in /opt/airflow/dags
[2026-08-31T09:18:52.214+0000] {manager.py:740} INFO - There are 1 files in /opt/airflow/dags
[2026-08-31T09:19:12.838+0000] {manager.py:878} INFO - 
================================================================================
DAG File Processing Stats

File Path                         PID    Runtime      # DAGs    # Errors  Last Runtime    Last Run
--------------------------------  -----  ---------  --------  ----------  --------------  -------------------
/opt/airflow/dags/netflix_dag.py                           1           0  0.39s           2026-08-31T09:18:54
================================================================================
[2026-08-31T09:19:43.140+0000] {manager.py:878} INFO - 
================================================================================
DAG File Processing Stats

File Path                         PID    Runtime      # DAGs    # Errors  Last Runtime    Last Run
--------------------------------  -----  ---------  --------  ----------  --------------  -------------------
/opt/airflow/dags/netflix_dag.py                           1           0  0.36s           2026-08-31T09:19:25
================================================================================
[2026-08-31T09:20:13.183+0000] {manager.py:878} INFO - 
================================================================================
DAG File Processing Stats

File Path                         PID    Runtime      # DAGs    # Errors  Last Runtime    Last Run
--------------------------------  -----  ---------  --------  ----------  --------------  -------------------
/opt/airflow/dags/netflix_dag.py                           1           0  0.40s           2026-08-31T09:19:56
================================================================================
[2026-08-31T09:20:43.475+0000] {manager.py:878} INFO - 
================================================================================
DAG File Processing Stats

File Path                         PID    Runtime      # DAGs    # Errors  Last Runtime    Last Run
--------------------------------  -----  ---------  --------  ----------  --------------  -------------------
/opt/airflow/dags/netflix_dag.py                           1           0  0.41s           2026-08-31T09:20:26
================================================================================
[2026-08-31T09:21:13.551+0000] {manager.py:878} INFO - 
================================================================================
DAG File Processing Stats

File Path                         PID    Runtime      # DAGs    # Errors  Last Runtime    Last Run
--------------------------------  -----  ---------  --------  ----------  --------------  -------------------
/opt/airflow/dags/netflix_dag.py                           1           0  0.38s           2026-08-31T09:20:57
================================================================================
[2026-08-31T09:21:43.847+0000] {manager.py:878} INFO - 
================================================================================
DAG File Processing Stats

File Path                         PID    Runtime      # DAGs    # Errors  Last Runtime    Last Run
--------------------------------  -----  ---------  --------  ----------  --------------  -------------------
/opt/airflow/dags/netflix_dag.py                           1           0  0.35s           2026-08-31T09:21:28
================================================================================
[2026-08-31T09:22:13.850+0000] {manager.py:878} INFO - 
================================================================================
DAG File Processing Stats

File Path                         PID    Runtime      # DAGs    # Errors  Last Runtime    Last Run
--------------------------------  -----  ---------  --------  ----------  --------------  -------------------
/opt/airflow/dags/netflix_dag.py                           1           0  0.38s           2026-08-31T09:21:58
================================================================================
[2026-08-31T09:22:44.152+0000] {manager.py:878} INFO - 
================================================================================
DAG File Processing Stats

File Path                         PID    Runtime      # DAGs    # Errors  Last Runtime    Last Run
--------------------------------  -----  ---------  --------  ----------  --------------  -------------------
/opt/airflow/dags/netflix_dag.py                           1           0  0.39s           2026-08-31T09:22:29
================================================================================
[2026-08-31T09:23:14.230+0000] {manager.py:878} INFO - 
================================================================================
DAG File Processing Stats

File Path                         PID    Runtime      # DAGs    # Errors  Last Runtime    Last Run
--------------------------------  -----  ---------  --------  ----------  --------------  -------------------
/opt/airflow/dags/netflix_dag.py                           1           0  0.43s           2026-08-31T09:23:00
================================================================================
[2026-08-31T09:23:44.531+0000] {manager.py:878} INFO - 
================================================================================
DAG File Processing Stats

File Path                         PID    Runtime      # DAGs    # Errors  Last Runtime    Last Run
--------------------------------  -----  ---------  --------  ----------  --------------  -------------------
/opt/airflow/dags/netflix_dag.py                           1           0  0.37s           2026-08-31T09:23:30
================================================================================
[2026-08-31T09:23:52.632+0000] {manager.py:737} INFO - Searching for files in /opt/airflow/dags
[2026-08-31T09:23:52.696+0000] {manager.py:740} INFO - There are 1 files in /opt/airflow/dags
[2026-08-31T09:24:15.180+0000] {manager.py:878} INFO - 
================================================================================
DAG File Processing Stats

File Path                         PID    Runtime      # DAGs    # Errors  Last Runtime    Last Run
--------------------------------  -----  ---------  --------  ----------  --------------  -------------------
/opt/airflow/dags/netflix_dag.py                           1           0  0.48s           2026-08-31T09:24:01
================================================================================
[2026-08-31T09:24:45.705+0000] {manager.py:878} INFO - 
================================================================================
DAG File Processing Stats

File Path                         PID    Runtime      # DAGs    # Errors  Last Runtime    Last Run
--------------------------------  -----  ---------  --------  ----------  --------------  -------------------
/opt/airflow/dags/netflix_dag.py                           1           0  0.42s           2026-08-31T09:24:31
================================================================================
[2026-08-31T09:25:16.142+0000] {manager.py:878} INFO - 
================================================================================
DAG File Processing Stats

File Path                         PID    Runtime      # DAGs    # Errors  Last Runtime    Last Run
--------------------------------  -----  ---------  --------  ----------  --------------  -------------------
/opt/airflow/dags/netflix_dag.py                           1           0  0.35s           2026-08-31T09:25:02
================================================================================
[2026-08-31T09:25:46.604+0000] {manager.py:878} INFO - 
================================================================================
DAG File Processing Stats

File Path                         PID    Runtime      # DAGs    # Errors  Last Runtime    Last Run
--------------------------------  -----  ---------  --------  ----------  --------------  -------------------
/opt/airflow/dags/netflix_dag.py                           1           0  0.36s           2026-08-31T09:25:32
================================================================================
[2026-08-31T09:26:17.054+0000] {manager.py:878} INFO - 
================================================================================
DAG File Processing Stats

File Path                         PID    Runtime      # DAGs    # Errors  Last Runtime    Last Run
--------------------------------  -----  ---------  --------  ----------  --------------  -------------------
/opt/airflow/dags/netflix_dag.py                           1           0  0.35s           2026-08-31T09:26:03
================================================================================
[2026-08-31T09:26:47.502+0000] {manager.py:878} INFO - 
================================================================================
DAG File Processing Stats

File Path                         PID    Runtime      # DAGs    # Errors  Last Runtime    Last Run
--------------------------------  -----  ---------  --------  ----------  --------------  -------------------
/opt/airflow/dags/netflix_dag.py                           1           0  0.40s           2026-08-31T09:26:33
================================================================================
[2026-08-31T09:27:18.020+0000] {manager.py:878} INFO - 
================================================================================
DAG File Processing Stats

File Path                         PID    Runtime      # DAGs    # Errors  Last Runtime    Last Run
--------------------------------  -----  ---------  --------  ----------  --------------  -------------------
/opt/airflow/dags/netflix_dag.py                           1           0  0.42s           2026-08-31T09:27:04
================================================================================
[2026-08-31T09:27:48.474+0000] {manager.py:878} INFO - 
================================================================================
DAG File Processing Stats

File Path                         PID    Runtime      # DAGs    # Errors  Last Runtime    Last Run
--------------------------------  -----  ---------  --------  ----------  --------------  -------------------
/opt/airflow/dags/netflix_dag.py                           1           0  0.38s           2026-08-31T09:27:34
================================================================================
[2026-08-31T09:28:18.952+0000] {manager.py:878} INFO - 
================================================================================
DAG File Processing Stats

File Path                         PID    Runtime      # DAGs    # Errors  Last Runtime    Last Run
--------------------------------  -----  ---------  --------  ----------  --------------  -------------------
/opt/airflow/dags/netflix_dag.py                           1           0  0.38s           2026-08-31T09:28:05
================================================================================
[2026-08-31T09:28:49.413+0000] {manager.py:878} INFO - 
================================================================================
DAG File Processing Stats

File Path                         PID    Runtime      # DAGs    # Errors  Last Runtime    Last Run
--------------------------------  -----  ---------  --------  ----------  --------------  -------------------
/opt/airflow/dags/netflix_dag.py                           1           0  0.37s           2026-08-31T09:28:35
================================================================================
[2026-08-31T09:28:52.635+0000] {manager.py:737} INFO - Searching for files in /opt/airflow/dags
[2026-08-31T09:28:52.695+0000] {manager.py:740} INFO - There are 1 files in /opt/airflow/dags
[2026-08-31T09:29:19.970+0000] {manager.py:878} INFO - 
================================================================================
DAG File Processing Stats

File Path                         PID    Runtime      # DAGs    # Errors  Last Runtime    Last Run
--------------------------------  -----  ---------  --------  ----------  --------------  -------------------
/opt/airflow/dags/netflix_dag.py                           1           0  0.37s           2026-08-31T09:29:05
================================================================================
[2026-08-31T09:29:50.327+0000] {manager.py:878} INFO - 
================================================================================
DAG File Processing Stats

File Path                         PID    Runtime      # DAGs    # Errors  Last Runtime    Last Run
--------------------------------  -----  ---------  --------  ----------  --------------  -------------------
/opt/airflow/dags/netflix_dag.py                           1           0  0.38s           2026-08-31T09:29:36
================================================================================
[2026-08-31T09:30:20.921+0000] {manager.py:878} INFO - 
================================================================================
DAG File Processing Stats

File Path                         PID    Runtime      # DAGs    # Errors  Last Runtime    Last Run
--------------------------------  -----  ---------  --------  ----------  --------------  -------------------
/opt/airflow/dags/netflix_dag.py                           1           0  0.38s           2026-08-31T09:30:07
================================================================================
[2026-08-31T09:30:50.981+0000] {manager.py:878} INFO - 
================================================================================
DAG File Processing Stats

File Path                         PID    Runtime      # DAGs    # Errors  Last Runtime    Last Run
--------------------------------  -----  ---------  --------  ----------  --------------  -------------------
/opt/airflow/dags/netflix_dag.py                           1           0  0.41s           2026-08-31T09:30:37
================================================================================
[2026-08-31T09:31:21.274+0000] {manager.py:878} INFO - 
================================================================================
DAG File Processing Stats

File Path                         PID    Runtime      # DAGs    # Errors  Last Runtime    Last Run
--------------------------------  -----  ---------  --------  ----------  --------------  -------------------
/opt/airflow/dags/netflix_dag.py                           1           0  0.35s           2026-08-31T09:31:08
================================================================================
[2026-08-31T09:31:51.901+0000] {manager.py:878} INFO - 
================================================================================
DAG File Processing Stats

File Path                         PID    Runtime      # DAGs    # Errors  Last Runtime    Last Run
--------------------------------  -----  ---------  --------  ----------  --------------  -------------------
/opt/airflow/dags/netflix_dag.py                           1           0  0.37s           2026-08-31T09:31:39
================================================================================
[2026-08-31T09:32:21.945+0000] {manager.py:878} INFO - 
================================================================================
DAG File Processing Stats

File Path                         PID    Runtime      # DAGs    # Errors  Last Runtime    Last Run
--------------------------------  -----  ---------  --------  ----------  --------------  -------------------
/opt/airflow/dags/netflix_dag.py                           1           0  0.41s           2026-08-31T09:32:09
================================================================================
[2026-09-06T02:33:24.793+0000] {manager.py:470} INFO - Processing files using up to 2 processes at a time 
[2026-09-06T02:33:24.819+0000] {manager.py:471} INFO - Process each file at most once every 30 seconds
[2026-09-06T02:33:24.829+0000] {manager.py:472} INFO - Checking for new files in /opt/airflow/dags every 300 seconds
[2026-09-06T02:33:24.840+0000] {manager.py:737} INFO - Searching for files in /opt/airflow/dags
[2026-09-06T02:33:25.333+0000] {manager.py:740} INFO - There are 1 files in /opt/airflow/dags
[2026-09-06T02:33:25.978+0000] {manager.py:878} INFO - 
================================================================================
DAG File Processing Stats

File Path                           PID  Runtime      # DAGs    # Errors  Last Runtime    Last Run
--------------------------------  -----  ---------  --------  ----------  --------------  ----------
/opt/airflow/dags/netflix_dag.py    196  0.24s             0           0
================================================================================
[2026-09-06T02:33:56.060+0000] {manager.py:878} INFO - 
================================================================================
DAG File Processing Stats

File Path                         PID    Runtime      # DAGs    # Errors  Last Runtime    Last Run
--------------------------------  -----  ---------  --------  ----------  --------------  -------------------
/opt/airflow/dags/netflix_dag.py                           1           0  2.98s           2026-09-06T02:33:28
================================================================================
[2026-09-06T02:34:26.567+0000] {manager.py:878} INFO - 
================================================================================
DAG File Processing Stats

File Path                         PID    Runtime      # DAGs    # Errors  Last Runtime    Last Run
--------------------------------  -----  ---------  --------  ----------  --------------  -------------------
/opt/airflow/dags/netflix_dag.py                           1           0  0.41s           2026-09-06T02:33:59
================================================================================
[2026-09-06T02:34:56.995+0000] {manager.py:878} INFO - 
================================================================================
DAG File Processing Stats

File Path                         PID    Runtime      # DAGs    # Errors  Last Runtime    Last Run
--------------------------------  -----  ---------  --------  ----------  --------------  -------------------
/opt/airflow/dags/netflix_dag.py                           1           0  0.20s           2026-09-06T02:34:29
================================================================================
[2026-09-06T02:35:27.252+0000] {manager.py:878} INFO - 
================================================================================
DAG File Processing Stats

File Path                         PID    Runtime      # DAGs    # Errors  Last Runtime    Last Run
--------------------------------  -----  ---------  --------  ----------  --------------  -------------------
/opt/airflow/dags/netflix_dag.py                           1           0  0.18s           2026-09-06T02:35:00
================================================================================
[2026-09-06T02:35:57.614+0000] {manager.py:878} INFO - 
================================================================================
DAG File Processing Stats

File Path                         PID    Runtime      # DAGs    # Errors  Last Runtime    Last Run
--------------------------------  -----  ---------  --------  ----------  --------------  -------------------
/opt/airflow/dags/netflix_dag.py                           1           0  0.17s           2026-09-06T02:35:30
================================================================================
[2026-09-06T02:36:27.885+0000] {manager.py:878} INFO - 
================================================================================
DAG File Processing Stats

File Path                         PID    Runtime      # DAGs    # Errors  Last Runtime    Last Run
--------------------------------  -----  ---------  --------  ----------  --------------  -------------------
/opt/airflow/dags/netflix_dag.py                           1           0  0.37s           2026-09-06T02:36:01
================================================================================
[2026-09-06T02:36:58.502+0000] {manager.py:878} INFO - 
================================================================================
DAG File Processing Stats

File Path                         PID    Runtime      # DAGs    # Errors  Last Runtime    Last Run
--------------------------------  -----  ---------  --------  ----------  --------------  -------------------
/opt/airflow/dags/netflix_dag.py                           1           0  0.35s           2026-09-06T02:36:31
================================================================================
[2026-09-06T02:37:29.050+0000] {manager.py:878} INFO - 
================================================================================
DAG File Processing Stats

File Path                         PID    Runtime      # DAGs    # Errors  Last Runtime    Last Run
--------------------------------  -----  ---------  --------  ----------  --------------  -------------------
/opt/airflow/dags/netflix_dag.py                           1           0  0.34s           2026-09-06T02:37:02
================================================================================
[2026-09-06T02:37:59.661+0000] {manager.py:878} INFO - 
================================================================================
DAG File Processing Stats

File Path                         PID    Runtime      # DAGs    # Errors  Last Runtime    Last Run
--------------------------------  -----  ---------  --------  ----------  --------------  -------------------
/opt/airflow/dags/netflix_dag.py                           1           0  0.35s           2026-09-06T02:37:32
================================================================================
[2026-09-06T02:38:25.241+0000] {manager.py:737} INFO - Searching for files in /opt/airflow/dags
[2026-09-06T02:38:25.329+0000] {manager.py:740} INFO - There are 1 files in /opt/airflow/dags
[2026-09-06T02:38:30.431+0000] {manager.py:878} INFO - 
================================================================================
DAG File Processing Stats

File Path                         PID    Runtime      # DAGs    # Errors  Last Runtime    Last Run
--------------------------------  -----  ---------  --------  ----------  --------------  -------------------
/opt/airflow/dags/netflix_dag.py                           1           0  0.37s           2026-09-06T02:38:03
================================================================================
[2026-09-06T02:39:00.876+0000] {manager.py:878} INFO - 
================================================================================
DAG File Processing Stats

File Path                         PID    Runtime      # DAGs    # Errors  Last Runtime    Last Run
--------------------------------  -----  ---------  --------  ----------  --------------  -------------------
/opt/airflow/dags/netflix_dag.py                           1           0  0.32s           2026-09-06T02:38:33
================================================================================
[2026-09-06T02:39:31.201+0000] {manager.py:878} INFO - 
================================================================================
DAG File Processing Stats

File Path                         PID    Runtime      # DAGs    # Errors  Last Runtime    Last Run
--------------------------------  -----  ---------  --------  ----------  --------------  -------------------
/opt/airflow/dags/netflix_dag.py                           1           0  0.38s           2026-09-06T02:39:04
================================================================================
[2026-09-06T02:40:01.798+0000] {manager.py:878} INFO - 
================================================================================
DAG File Processing Stats

File Path                         PID    Runtime      # DAGs    # Errors  Last Runtime    Last Run
--------------------------------  -----  ---------  --------  ----------  --------------  -------------------
/opt/airflow/dags/netflix_dag.py                           1           0  0.38s           2026-09-06T02:39:34
================================================================================
[2026-09-06T02:40:31.914+0000] {manager.py:878} INFO - 
================================================================================
DAG File Processing Stats

File Path                         PID    Runtime      # DAGs    # Errors  Last Runtime    Last Run
--------------------------------  -----  ---------  --------  ----------  --------------  -------------------
/opt/airflow/dags/netflix_dag.py                           1           0  0.51s           2026-09-06T02:40:05
================================================================================
[2026-09-06T02:41:02.188+0000] {manager.py:878} INFO - 
================================================================================
DAG File Processing Stats

File Path                         PID    Runtime      # DAGs    # Errors  Last Runtime    Last Run
--------------------------------  -----  ---------  --------  ----------  --------------  -------------------
/opt/airflow/dags/netflix_dag.py                           1           0  0.32s           2026-09-06T02:40:36
================================================================================
[2026-09-06T02:41:32.279+0000] {manager.py:878} INFO - 
================================================================================
DAG File Processing Stats

File Path                         PID    Runtime      # DAGs    # Errors  Last Runtime    Last Run
--------------------------------  -----  ---------  --------  ----------  --------------  -------------------
/opt/airflow/dags/netflix_dag.py                           1           0  0.46s           2026-09-06T02:41:07
================================================================================
[2026-09-06T02:42:02.548+0000] {manager.py:878} INFO - 
================================================================================
DAG File Processing Stats

File Path                         PID    Runtime      # DAGs    # Errors  Last Runtime    Last Run
--------------------------------  -----  ---------  --------  ----------  --------------  -------------------
/opt/airflow/dags/netflix_dag.py                           1           0  0.43s           2026-09-06T02:41:37
================================================================================
[2026-09-06T02:42:32.614+0000] {manager.py:878} INFO - 
================================================================================
DAG File Processing Stats

File Path                         PID    Runtime      # DAGs    # Errors  Last Runtime    Last Run
--------------------------------  -----  ---------  --------  ----------  --------------  -------------------
/opt/airflow/dags/netflix_dag.py                           1           0  0.34s           2026-09-06T02:42:08
================================================================================
[2026-09-06T02:43:02.877+0000] {manager.py:878} INFO - 
================================================================================
DAG File Processing Stats

File Path                         PID    Runtime      # DAGs    # Errors  Last Runtime    Last Run
--------------------------------  -----  ---------  --------  ----------  --------------  -------------------
/opt/airflow/dags/netflix_dag.py                           1           0  0.32s           2026-09-06T02:42:39
================================================================================
[2026-09-06T02:43:25.461+0000] {manager.py:737} INFO - Searching for files in /opt/airflow/dags
[2026-09-06T02:43:25.494+0000] {manager.py:740} INFO - There are 1 files in /opt/airflow/dags
[2026-09-06T02:43:33.584+0000] {manager.py:878} INFO - 
================================================================================
DAG File Processing Stats

File Path                         PID    Runtime      # DAGs    # Errors  Last Runtime    Last Run
--------------------------------  -----  ---------  --------  ----------  --------------  -------------------
/opt/airflow/dags/netflix_dag.py                           1           0  0.35s           2026-09-06T02:43:09
================================================================================
[2026-09-06T02:44:04.010+0000] {manager.py:878} INFO - 
================================================================================
DAG File Processing Stats

File Path                         PID    Runtime      # DAGs    # Errors  Last Runtime    Last Run
--------------------------------  -----  ---------  --------  ----------  --------------  -------------------
/opt/airflow/dags/netflix_dag.py                           1           0  0.32s           2026-09-06T02:43:39
================================================================================
[2026-09-06T02:44:34.661+0000] {manager.py:878} INFO - 
================================================================================
DAG File Processing Stats

File Path                         PID    Runtime      # DAGs    # Errors  Last Runtime    Last Run
--------------------------------  -----  ---------  --------  ----------  --------------  -------------------
/opt/airflow/dags/netflix_dag.py                           1           0  0.35s           2026-09-06T02:44:10
================================================================================
[2026-09-06T02:45:05.146+0000] {manager.py:878} INFO - 
================================================================================
DAG File Processing Stats

File Path                         PID    Runtime      # DAGs    # Errors  Last Runtime    Last Run
--------------------------------  -----  ---------  --------  ----------  --------------  -------------------
/opt/airflow/dags/netflix_dag.py                           1           0  0.36s           2026-09-06T02:44:41
================================================================================
[2026-09-06T02:45:35.640+0000] {manager.py:878} INFO - 
================================================================================
DAG File Processing Stats

File Path                         PID    Runtime      # DAGs    # Errors  Last Runtime    Last Run
--------------------------------  -----  ---------  --------  ----------  --------------  -------------------
/opt/airflow/dags/netflix_dag.py                           1           0  0.31s           2026-09-06T02:45:11
================================================================================
[2026-09-06T02:46:06.103+0000] {manager.py:878} INFO - 
================================================================================
DAG File Processing Stats

File Path                         PID    Runtime      # DAGs    # Errors  Last Runtime    Last Run
--------------------------------  -----  ---------  --------  ----------  --------------  -------------------
/opt/airflow/dags/netflix_dag.py                           1           0  0.51s           2026-09-06T02:45:42
================================================================================
[2026-09-06T02:46:36.615+0000] {manager.py:878} INFO - 
================================================================================
DAG File Processing Stats

File Path                         PID    Runtime      # DAGs    # Errors  Last Runtime    Last Run
--------------------------------  -----  ---------  --------  ----------  --------------  -------------------
/opt/airflow/dags/netflix_dag.py                           1           0  0.20s           2026-09-06T02:46:12
================================================================================
[2026-09-06T02:47:07.036+0000] {manager.py:878} INFO - 
================================================================================
DAG File Processing Stats

File Path                         PID    Runtime      # DAGs    # Errors  Last Runtime    Last Run
--------------------------------  -----  ---------  --------  ----------  --------------  -------------------
/opt/airflow/dags/netflix_dag.py                           1           0  0.18s           2026-09-06T02:46:43
================================================================================
[2026-09-06T02:47:37.465+0000] {manager.py:878} INFO - 
================================================================================
DAG File Processing Stats

File Path                         PID    Runtime      # DAGs    # Errors  Last Runtime    Last Run
--------------------------------  -----  ---------  --------  ----------  --------------  -------------------
/opt/airflow/dags/netflix_dag.py                           1           0  0.16s           2026-09-06T02:47:13
================================================================================
[2026-09-06T02:48:07.733+0000] {manager.py:878} INFO - 
================================================================================
DAG File Processing Stats

File Path                         PID    Runtime      # DAGs    # Errors  Last Runtime    Last Run
--------------------------------  -----  ---------  --------  ----------  --------------  -------------------
/opt/airflow/dags/netflix_dag.py                           1           0  0.19s           2026-09-06T02:47:43
================================================================================
[2026-09-06T02:48:25.988+0000] {manager.py:737} INFO - Searching for files in /opt/airflow/dags
[2026-09-06T02:48:26.015+0000] {manager.py:740} INFO - There are 1 files in /opt/airflow/dags
[2026-09-06T02:48:38.102+0000] {manager.py:878} INFO - 
================================================================================
DAG File Processing Stats

File Path                         PID    Runtime      # DAGs    # Errors  Last Runtime    Last Run
--------------------------------  -----  ---------  --------  ----------  --------------  -------------------
/opt/airflow/dags/netflix_dag.py                           1           0  0.17s           2026-09-06T02:48:13
================================================================================
[2026-09-06T02:49:08.324+0000] {manager.py:878} INFO - 
================================================================================
DAG File Processing Stats

File Path                         PID    Runtime      # DAGs    # Errors  Last Runtime    Last Run
--------------------------------  -----  ---------  --------  ----------  --------------  -------------------
/opt/airflow/dags/netflix_dag.py                           1           0  0.17s           2026-09-06T02:48:44
================================================================================
[2026-09-06T02:49:38.646+0000] {manager.py:878} INFO - 
================================================================================
DAG File Processing Stats

File Path                         PID    Runtime      # DAGs    # Errors  Last Runtime    Last Run
--------------------------------  -----  ---------  --------  ----------  --------------  -------------------
/opt/airflow/dags/netflix_dag.py                           1           0  0.39s           2026-09-06T02:49:14
================================================================================
[2026-09-06T02:50:09.117+0000] {manager.py:878} INFO - 
================================================================================
DAG File Processing Stats

File Path                         PID    Runtime      # DAGs    # Errors  Last Runtime    Last Run
--------------------------------  -----  ---------  --------  ----------  --------------  -------------------
/opt/airflow/dags/netflix_dag.py                           1           0  0.17s           2026-09-06T02:49:45
================================================================================
[2026-09-06T02:50:39.466+0000] {manager.py:878} INFO - 
================================================================================
DAG File Processing Stats

File Path                         PID    Runtime      # DAGs    # Errors  Last Runtime    Last Run
--------------------------------  -----  ---------  --------  ----------  --------------  -------------------
/opt/airflow/dags/netflix_dag.py                           1           0  0.15s           2026-09-06T02:50:15
================================================================================
[2026-09-06T02:51:09.686+0000] {manager.py:878} INFO - 
================================================================================
DAG File Processing Stats

File Path                         PID    Runtime      # DAGs    # Errors  Last Runtime    Last Run
--------------------------------  -----  ---------  --------  ----------  --------------  -------------------
/opt/airflow/dags/netflix_dag.py                           1           0  0.15s           2026-09-06T02:50:45
================================================================================
[2026-09-06T02:51:40.001+0000] {manager.py:878} INFO - 
================================================================================
DAG File Processing Stats

File Path                         PID    Runtime      # DAGs    # Errors  Last Runtime    Last Run
--------------------------------  -----  ---------  --------  ----------  --------------  -------------------
/opt/airflow/dags/netflix_dag.py                           1           0  0.20s           2026-09-06T02:51:15
================================================================================
[2026-09-06T02:52:10.273+0000] {manager.py:878} INFO - 
================================================================================
DAG File Processing Stats

File Path                         PID    Runtime      # DAGs    # Errors  Last Runtime    Last Run
--------------------------------  -----  ---------  --------  ----------  --------------  -------------------
/opt/airflow/dags/netflix_dag.py                           1           0  0.26s           2026-09-06T02:51:46
================================================================================
[2026-09-06T02:52:40.672+0000] {manager.py:878} INFO - 
================================================================================
DAG File Processing Stats

File Path                         PID    Runtime      # DAGs    # Errors  Last Runtime    Last Run
--------------------------------  -----  ---------  --------  ----------  --------------  -------------------
/opt/airflow/dags/netflix_dag.py                           1           0  0.57s           2026-09-06T02:52:16
================================================================================
[2026-09-06T02:53:11.364+0000] {manager.py:878} INFO - 
================================================================================
DAG File Processing Stats

File Path                         PID    Runtime      # DAGs    # Errors  Last Runtime    Last Run
--------------------------------  -----  ---------  --------  ----------  --------------  -------------------
/opt/airflow/dags/netflix_dag.py                           1           0  0.16s           2026-09-06T02:52:47
================================================================================
[2026-09-06T02:53:26.597+0000] {manager.py:737} INFO - Searching for files in /opt/airflow/dags
[2026-09-06T02:53:26.636+0000] {manager.py:740} INFO - There are 1 files in /opt/airflow/dags
[2026-09-06T02:53:41.894+0000] {manager.py:878} INFO - 
================================================================================
DAG File Processing Stats

File Path                         PID    Runtime      # DAGs    # Errors  Last Runtime    Last Run
--------------------------------  -----  ---------  --------  ----------  --------------  -------------------
/opt/airflow/dags/netflix_dag.py                           1           0  0.16s           2026-09-06T02:53:17
================================================================================
[2026-09-06T02:54:12.369+0000] {manager.py:878} INFO - 
================================================================================
DAG File Processing Stats

File Path                         PID    Runtime      # DAGs    # Errors  Last Runtime    Last Run
--------------------------------  -----  ---------  --------  ----------  --------------  -------------------
/opt/airflow/dags/netflix_dag.py                           1           0  0.47s           2026-09-06T02:53:48
================================================================================
[2026-09-06T02:54:42.433+0000] {manager.py:878} INFO - 
================================================================================
DAG File Processing Stats

File Path                         PID    Runtime      # DAGs    # Errors  Last Runtime    Last Run
--------------------------------  -----  ---------  --------  ----------  --------------  -------------------
/opt/airflow/dags/netflix_dag.py                           1           0  0.39s           2026-09-06T02:54:19
================================================================================
[2026-09-06T02:55:12.670+0000] {manager.py:878} INFO - 
================================================================================
DAG File Processing Stats

File Path                         PID    Runtime      # DAGs    # Errors  Last Runtime    Last Run
--------------------------------  -----  ---------  --------  ----------  --------------  -------------------
/opt/airflow/dags/netflix_dag.py                           1           0  0.41s           2026-09-06T02:54:49
================================================================================
[2026-09-06T02:55:43.307+0000] {manager.py:878} INFO - 
================================================================================
DAG File Processing Stats

File Path                         PID    Runtime      # DAGs    # Errors  Last Runtime    Last Run
--------------------------------  -----  ---------  --------  ----------  --------------  -------------------
/opt/airflow/dags/netflix_dag.py                           1           0  0.20s           2026-09-06T02:55:20
================================================================================
[2026-09-06T02:56:13.712+0000] {manager.py:878} INFO - 
================================================================================
DAG File Processing Stats

File Path                         PID    Runtime      # DAGs    # Errors  Last Runtime    Last Run
--------------------------------  -----  ---------  --------  ----------  --------------  -------------------
/opt/airflow/dags/netflix_dag.py                           1           0  0.38s           2026-09-06T02:55:50
================================================================================
[2026-09-06T02:56:44.267+0000] {manager.py:878} INFO - 
================================================================================
DAG File Processing Stats

File Path                         PID    Runtime      # DAGs    # Errors  Last Runtime    Last Run
--------------------------------  -----  ---------  --------  ----------  --------------  -------------------
/opt/airflow/dags/netflix_dag.py                           1           0  0.54s           2026-09-06T02:56:21
================================================================================
[2026-09-06T02:57:14.719+0000] {manager.py:878} INFO - 
================================================================================
DAG File Processing Stats

File Path                         PID    Runtime      # DAGs    # Errors  Last Runtime    Last Run
--------------------------------  -----  ---------  --------  ----------  --------------  -------------------
/opt/airflow/dags/netflix_dag.py                           1           0  0.34s           2026-09-06T02:56:51
================================================================================
[2026-09-06T02:57:45.285+0000] {manager.py:878} INFO - 
================================================================================
DAG File Processing Stats

File Path                         PID    Runtime      # DAGs    # Errors  Last Runtime    Last Run
--------------------------------  -----  ---------  --------  ----------  --------------  -------------------
/opt/airflow/dags/netflix_dag.py                           1           0  0.15s           2026-09-06T02:57:22
================================================================================
[2026-09-06T02:58:15.666+0000] {manager.py:878} INFO - 
================================================================================
DAG File Processing Stats

File Path                         PID    Runtime      # DAGs    # Errors  Last Runtime    Last Run
--------------------------------  -----  ---------  --------  ----------  --------------  -------------------
/opt/airflow/dags/netflix_dag.py                           1           0  0.15s           2026-09-06T02:57:52
================================================================================
[2026-09-06T02:58:26.787+0000] {manager.py:737} INFO - Searching for files in /opt/airflow/dags
[2026-09-06T02:58:26.812+0000] {manager.py:740} INFO - There are 1 files in /opt/airflow/dags
[2026-09-06T02:58:46.030+0000] {manager.py:878} INFO - 
================================================================================
DAG File Processing Stats

File Path                         PID    Runtime      # DAGs    # Errors  Last Runtime    Last Run
--------------------------------  -----  ---------  --------  ----------  --------------  -------------------
/opt/airflow/dags/netflix_dag.py                           1           0  0.28s           2026-09-06T02:58:23
================================================================================
[2026-09-06T02:59:16.397+0000] {manager.py:878} INFO - 
================================================================================
DAG File Processing Stats

File Path                         PID    Runtime      # DAGs    # Errors  Last Runtime    Last Run
--------------------------------  -----  ---------  --------  ----------  --------------  -------------------
/opt/airflow/dags/netflix_dag.py                           1           0  0.17s           2026-09-06T02:58:53
================================================================================
[2026-09-06T02:59:46.693+0000] {manager.py:878} INFO - 
================================================================================
DAG File Processing Stats

File Path                         PID    Runtime      # DAGs    # Errors  Last Runtime    Last Run
--------------------------------  -----  ---------  --------  ----------  --------------  -------------------
/opt/airflow/dags/netflix_dag.py                           1           0  0.29s           2026-09-06T02:59:23
================================================================================
[2026-09-06T03:00:17.128+0000] {manager.py:878} INFO - 
================================================================================
DAG File Processing Stats

File Path                         PID    Runtime      # DAGs    # Errors  Last Runtime    Last Run
--------------------------------  -----  ---------  --------  ----------  --------------  -------------------
/opt/airflow/dags/netflix_dag.py                           1           0  0.32s           2026-09-06T02:59:54
================================================================================
[2026-09-06T03:00:47.513+0000] {manager.py:878} INFO - 
================================================================================
DAG File Processing Stats

File Path                         PID    Runtime      # DAGs    # Errors  Last Runtime    Last Run
--------------------------------  -----  ---------  --------  ----------  --------------  -------------------
/opt/airflow/dags/netflix_dag.py                           1           0  0.32s           2026-09-06T03:00:24
================================================================================
[2026-09-06T03:01:17.916+0000] {manager.py:878} INFO - 
================================================================================
DAG File Processing Stats

File Path                         PID    Runtime      # DAGs    # Errors  Last Runtime    Last Run
--------------------------------  -----  ---------  --------  ----------  --------------  -------------------
/opt/airflow/dags/netflix_dag.py                           1           0  0.30s           2026-09-06T03:00:54
================================================================================
[2026-09-06T03:01:48.286+0000] {manager.py:878} INFO - 
================================================================================
DAG File Processing Stats

File Path                         PID    Runtime      # DAGs    # Errors  Last Runtime    Last Run
--------------------------------  -----  ---------  --------  ----------  --------------  -------------------
/opt/airflow/dags/netflix_dag.py                           1           0  0.36s           2026-09-06T03:01:25
================================================================================
[2026-09-06T03:02:18.727+0000] {manager.py:878} INFO - 
================================================================================
DAG File Processing Stats

File Path                         PID    Runtime      # DAGs    # Errors  Last Runtime    Last Run
--------------------------------  -----  ---------  --------  ----------  --------------  -------------------
/opt/airflow/dags/netflix_dag.py                           1           0  0.18s           2026-09-06T03:01:55
================================================================================
[2026-09-06T03:02:48.988+0000] {manager.py:878} INFO - 
================================================================================
DAG File Processing Stats

File Path                         PID    Runtime      # DAGs    # Errors  Last Runtime    Last Run
--------------------------------  -----  ---------  --------  ----------  --------------  -------------------
/opt/airflow/dags/netflix_dag.py                           1           0  0.38s           2026-09-06T03:02:26
================================================================================
[2026-09-06T03:03:19.145+0000] {manager.py:878} INFO - 
================================================================================
DAG File Processing Stats

File Path                         PID    Runtime      # DAGs    # Errors  Last Runtime    Last Run
--------------------------------  -----  ---------  --------  ----------  --------------  -------------------
/opt/airflow/dags/netflix_dag.py                           1           0  0.46s           2026-09-06T03:02:56
================================================================================
[2026-09-06T03:03:26.937+0000] {manager.py:737} INFO - Searching for files in /opt/airflow/dags
[2026-09-06T03:03:27.167+0000] {manager.py:740} INFO - There are 1 files in /opt/airflow/dags
[2026-09-06T03:03:49.445+0000] {manager.py:878} INFO - 
================================================================================
DAG File Processing Stats

File Path                         PID    Runtime      # DAGs    # Errors  Last Runtime    Last Run
--------------------------------  -----  ---------  --------  ----------  --------------  -------------------
/opt/airflow/dags/netflix_dag.py                           1           0  0.64s           2026-09-06T03:03:27
================================================================================
[2026-09-06T03:04:19.629+0000] {manager.py:878} INFO - 
================================================================================
DAG File Processing Stats

File Path                         PID    Runtime      # DAGs    # Errors  Last Runtime    Last Run
--------------------------------  -----  ---------  --------  ----------  --------------  -------------------
/opt/airflow/dags/netflix_dag.py                           1           0  0.35s           2026-09-06T03:03:58
================================================================================
[2026-09-06T03:04:49.871+0000] {manager.py:878} INFO - 
================================================================================
DAG File Processing Stats

File Path                         PID    Runtime      # DAGs    # Errors  Last Runtime    Last Run
--------------------------------  -----  ---------  --------  ----------  --------------  -------------------
/opt/airflow/dags/netflix_dag.py                           1           0  0.34s           2026-09-06T03:04:29
================================================================================
[2026-09-06T03:05:20.453+0000] {manager.py:878} INFO - 
================================================================================
DAG File Processing Stats

File Path                         PID    Runtime      # DAGs    # Errors  Last Runtime    Last Run
--------------------------------  -----  ---------  --------  ----------  --------------  -------------------
/opt/airflow/dags/netflix_dag.py                           1           0  0.36s           2026-09-06T03:04:59
================================================================================
[2026-09-06T03:05:50.999+0000] {manager.py:878} INFO - 
================================================================================
DAG File Processing Stats

File Path                         PID    Runtime      # DAGs    # Errors  Last Runtime    Last Run
--------------------------------  -----  ---------  --------  ----------  --------------  -------------------
/opt/airflow/dags/netflix_dag.py                           1           0  0.32s           2026-09-06T03:05:30
================================================================================
[2026-09-06T03:06:21.590+0000] {manager.py:878} INFO - 
================================================================================
DAG File Processing Stats

File Path                         PID    Runtime      # DAGs    # Errors  Last Runtime    Last Run
--------------------------------  -----  ---------  --------  ----------  --------------  -------------------
/opt/airflow/dags/netflix_dag.py                           1           0  0.33s           2026-09-06T03:06:00
================================================================================
[2026-09-06T03:06:52.156+0000] {manager.py:878} INFO - 
================================================================================
DAG File Processing Stats

File Path                         PID    Runtime      # DAGs    # Errors  Last Runtime    Last Run
--------------------------------  -----  ---------  --------  ----------  --------------  -------------------
/opt/airflow/dags/netflix_dag.py                           1           0  0.15s           2026-09-06T03:06:31
================================================================================
[2026-09-06T03:07:22.486+0000] {manager.py:878} INFO - 
================================================================================
DAG File Processing Stats

File Path                         PID    Runtime      # DAGs    # Errors  Last Runtime    Last Run
--------------------------------  -----  ---------  --------  ----------  --------------  -------------------
/opt/airflow/dags/netflix_dag.py                           1           0  0.16s           2026-09-06T03:07:01
================================================================================
[2026-09-06T03:07:52.722+0000] {manager.py:878} INFO - 
================================================================================
DAG File Processing Stats

File Path                         PID    Runtime      # DAGs    # Errors  Last Runtime    Last Run
--------------------------------  -----  ---------  --------  ----------  --------------  -------------------
/opt/airflow/dags/netflix_dag.py                           1           0  0.16s           2026-09-06T03:07:31
================================================================================
[2026-09-06T03:08:23.045+0000] {manager.py:878} INFO - 
================================================================================
DAG File Processing Stats

File Path                         PID    Runtime      # DAGs    # Errors  Last Runtime    Last Run
--------------------------------  -----  ---------  --------  ----------  --------------  -------------------
/opt/airflow/dags/netflix_dag.py                           1           0  0.17s           2026-09-06T03:08:01
================================================================================
[2026-09-06T03:08:27.069+0000] {manager.py:737} INFO - Searching for files in /opt/airflow/dags
[2026-09-06T03:08:27.094+0000] {manager.py:740} INFO - There are 1 files in /opt/airflow/dags
[2026-09-06T03:08:53.311+0000] {manager.py:878} INFO - 
================================================================================
DAG File Processing Stats

File Path                         PID    Runtime      # DAGs    # Errors  Last Runtime    Last Run
--------------------------------  -----  ---------  --------  ----------  --------------  -------------------
/opt/airflow/dags/netflix_dag.py                           1           0  0.16s           2026-09-06T03:08:32
================================================================================
[2026-09-06T03:09:23.707+0000] {manager.py:878} INFO - 
================================================================================
DAG File Processing Stats

File Path                         PID    Runtime      # DAGs    # Errors  Last Runtime    Last Run
--------------------------------  -----  ---------  --------  ----------  --------------  -------------------
/opt/airflow/dags/netflix_dag.py                           1           0  0.31s           2026-09-06T03:09:02
================================================================================
[2026-09-06T03:09:54.071+0000] {manager.py:878} INFO - 
================================================================================
DAG File Processing Stats

File Path                         PID    Runtime      # DAGs    # Errors  Last Runtime    Last Run
--------------------------------  -----  ---------  --------  ----------  --------------  -------------------
/opt/airflow/dags/netflix_dag.py                           1           0  0.33s           2026-09-06T03:09:33
================================================================================
[2026-09-06T03:10:24.487+0000] {manager.py:878} INFO - 
================================================================================
DAG File Processing Stats

File Path                         PID    Runtime      # DAGs    # Errors  Last Runtime    Last Run
--------------------------------  -----  ---------  --------  ----------  --------------  -------------------
/opt/airflow/dags/netflix_dag.py                           1           0  0.35s           2026-09-06T03:10:03
================================================================================
[2026-09-06T03:10:54.865+0000] {manager.py:878} INFO - 
================================================================================
DAG File Processing Stats

File Path                         PID    Runtime      # DAGs    # Errors  Last Runtime    Last Run
--------------------------------  -----  ---------  --------  ----------  --------------  -------------------
/opt/airflow/dags/netflix_dag.py                           1           0  0.37s           2026-09-06T03:10:33
================================================================================
[2026-09-06T03:11:25.385+0000] {manager.py:878} INFO - 
================================================================================
DAG File Processing Stats

File Path                         PID    Runtime      # DAGs    # Errors  Last Runtime    Last Run
--------------------------------  -----  ---------  --------  ----------  --------------  -------------------
/opt/airflow/dags/netflix_dag.py                           1           0  0.33s           2026-09-06T03:11:04
================================================================================
[2026-09-06T03:11:55.914+0000] {manager.py:878} INFO - 
================================================================================
DAG File Processing Stats

File Path                         PID    Runtime      # DAGs    # Errors  Last Runtime    Last Run
--------------------------------  -----  ---------  --------  ----------  --------------  -------------------
/opt/airflow/dags/netflix_dag.py                           1           0  0.18s           2026-09-06T03:11:34
================================================================================
[2026-09-06T03:12:26.262+0000] {manager.py:878} INFO - 
================================================================================
DAG File Processing Stats

File Path                         PID    Runtime      # DAGs    # Errors  Last Runtime    Last Run
--------------------------------  -----  ---------  --------  ----------  --------------  -------------------
/opt/airflow/dags/netflix_dag.py                           1           0  0.29s           2026-09-06T03:12:05
================================================================================
[2026-09-06T03:12:56.606+0000] {manager.py:878} INFO - 
================================================================================
DAG File Processing Stats

File Path                         PID    Runtime      # DAGs    # Errors  Last Runtime    Last Run
--------------------------------  -----  ---------  --------  ----------  --------------  -------------------
/opt/airflow/dags/netflix_dag.py                           1           0  0.25s           2026-09-06T03:12:35
================================================================================
[2026-09-06T03:13:26.936+0000] {manager.py:878} INFO - 
================================================================================
DAG File Processing Stats

File Path                         PID    Runtime      # DAGs    # Errors  Last Runtime    Last Run
--------------------------------  -----  ---------  --------  ----------  --------------  -------------------
/opt/airflow/dags/netflix_dag.py                           1           0  0.15s           2026-09-06T03:13:05
================================================================================
[2026-09-06T03:13:27.942+0000] {manager.py:737} INFO - Searching for files in /opt/airflow/dags
[2026-09-06T03:13:27.973+0000] {manager.py:740} INFO - There are 1 files in /opt/airflow/dags
[2026-09-06T03:13:57.317+0000] {manager.py:878} INFO - 
================================================================================
DAG File Processing Stats

File Path                         PID    Runtime      # DAGs    # Errors  Last Runtime    Last Run
--------------------------------  -----  ---------  --------  ----------  --------------  -------------------
/opt/airflow/dags/netflix_dag.py                           1           0  0.15s           2026-09-06T03:13:36
================================================================================
[2026-09-06T03:14:27.603+0000] {manager.py:878} INFO - 
================================================================================
DAG File Processing Stats

File Path                         PID    Runtime      # DAGs    # Errors  Last Runtime    Last Run
--------------------------------  -----  ---------  --------  ----------  --------------  -------------------
/opt/airflow/dags/netflix_dag.py                           1           0  0.30s           2026-09-06T03:14:06
================================================================================
[2026-09-06T03:14:58.085+0000] {manager.py:878} INFO - 
================================================================================
DAG File Processing Stats

File Path                         PID    Runtime      # DAGs    # Errors  Last Runtime    Last Run
--------------------------------  -----  ---------  --------  ----------  --------------  -------------------
/opt/airflow/dags/netflix_dag.py                           1           0  0.43s           2026-09-06T03:14:37
================================================================================
[2026-09-06T03:15:28.419+0000] {manager.py:878} INFO - 
================================================================================
DAG File Processing Stats

File Path                         PID    Runtime      # DAGs    # Errors  Last Runtime    Last Run
--------------------------------  -----  ---------  --------  ----------  --------------  -------------------
/opt/airflow/dags/netflix_dag.py                           1           0  0.60s           2026-09-06T03:15:08
================================================================================
[2026-09-06T03:15:58.687+0000] {manager.py:878} INFO - 
================================================================================
DAG File Processing Stats

File Path                         PID    Runtime      # DAGs    # Errors  Last Runtime    Last Run
--------------------------------  -----  ---------  --------  ----------  --------------  -------------------
/opt/airflow/dags/netflix_dag.py                           1           0  0.36s           2026-09-06T03:15:38
================================================================================
[2026-09-06T03:16:29.269+0000] {manager.py:878} INFO - 
================================================================================
DAG File Processing Stats

File Path                         PID    Runtime      # DAGs    # Errors  Last Runtime    Last Run
--------------------------------  -----  ---------  --------  ----------  --------------  -------------------
/opt/airflow/dags/netflix_dag.py                           1           0  0.44s           2026-09-06T03:16:09
================================================================================
[2026-09-06T03:16:59.953+0000] {manager.py:878} INFO - 
================================================================================
DAG File Processing Stats

File Path                         PID    Runtime      # DAGs    # Errors  Last Runtime    Last Run
--------------------------------  -----  ---------  --------  ----------  --------------  -------------------
/opt/airflow/dags/netflix_dag.py                           1           0  0.16s           2026-09-06T03:16:39
================================================================================
[2026-09-06T03:17:30.294+0000] {manager.py:878} INFO - 
================================================================================
DAG File Processing Stats

File Path                         PID    Runtime      # DAGs    # Errors  Last Runtime    Last Run
--------------------------------  -----  ---------  --------  ----------  --------------  -------------------
/opt/airflow/dags/netflix_dag.py                           1           0  0.15s           2026-09-06T03:17:10
================================================================================
[2026-09-06T03:18:00.515+0000] {manager.py:878} INFO - 
================================================================================
DAG File Processing Stats

File Path                         PID    Runtime      # DAGs    # Errors  Last Runtime    Last Run
--------------------------------  -----  ---------  --------  ----------  --------------  -------------------
/opt/airflow/dags/netflix_dag.py                           1           0  0.14s           2026-09-06T03:17:40
================================================================================
[2026-09-06T03:18:28.000+0000] {manager.py:737} INFO - Searching for files in /opt/airflow/dags
[2026-09-06T03:18:28.053+0000] {manager.py:740} INFO - There are 1 files in /opt/airflow/dags
[2026-09-06T03:18:30.911+0000] {manager.py:878} INFO - 
================================================================================
DAG File Processing Stats

File Path                         PID    Runtime      # DAGs    # Errors  Last Runtime    Last Run
--------------------------------  -----  ---------  --------  ----------  --------------  -------------------
/opt/airflow/dags/netflix_dag.py                           1           0  0.29s           2026-09-06T03:18:10
================================================================================
[2026-09-06T03:19:01.365+0000] {manager.py:878} INFO - 
================================================================================
DAG File Processing Stats

File Path                         PID    Runtime      # DAGs    # Errors  Last Runtime    Last Run
--------------------------------  -----  ---------  --------  ----------  --------------  -------------------
/opt/airflow/dags/netflix_dag.py                           1           0  0.31s           2026-09-06T03:18:41
================================================================================
[2026-09-06T03:19:31.643+0000] {manager.py:878} INFO - 
================================================================================
DAG File Processing Stats

File Path                         PID    Runtime      # DAGs    # Errors  Last Runtime    Last Run
--------------------------------  -----  ---------  --------  ----------  --------------  -------------------
/opt/airflow/dags/netflix_dag.py                           1           0  0.36s           2026-09-06T03:19:11
================================================================================
[2026-09-06T03:20:02.127+0000] {manager.py:878} INFO - 
================================================================================
DAG File Processing Stats

File Path                         PID    Runtime      # DAGs    # Errors  Last Runtime    Last Run
--------------------------------  -----  ---------  --------  ----------  --------------  -------------------
/opt/airflow/dags/netflix_dag.py                           1           0  0.15s           2026-09-06T03:19:42
================================================================================
[2026-09-06T03:20:32.505+0000] {manager.py:878} INFO - 
================================================================================
DAG File Processing Stats

File Path                         PID    Runtime      # DAGs    # Errors  Last Runtime    Last Run
--------------------------------  -----  ---------  --------  ----------  --------------  -------------------
/opt/airflow/dags/netflix_dag.py                           1           0  0.14s           2026-09-06T03:20:12
================================================================================
[2026-09-06T03:21:03.048+0000] {manager.py:878} INFO - 
================================================================================
DAG File Processing Stats

File Path                         PID    Runtime      # DAGs    # Errors  Last Runtime    Last Run
--------------------------------  -----  ---------  --------  ----------  --------------  -------------------
/opt/airflow/dags/netflix_dag.py                           1           0  0.41s           2026-09-06T03:20:43
================================================================================
[2026-09-06T03:21:33.665+0000] {manager.py:878} INFO - 
================================================================================
DAG File Processing Stats

File Path                         PID    Runtime      # DAGs    # Errors  Last Runtime    Last Run
--------------------------------  -----  ---------  --------  ----------  --------------  -------------------
/opt/airflow/dags/netflix_dag.py                           1           0  0.31s           2026-09-06T03:21:13
================================================================================
[2026-09-06T03:22:04.199+0000] {manager.py:878} INFO - 
================================================================================
DAG File Processing Stats

File Path                         PID    Runtime      # DAGs    # Errors  Last Runtime    Last Run
--------------------------------  -----  ---------  --------  ----------  --------------  -------------------
/opt/airflow/dags/netflix_dag.py                           1           0  0.17s           2026-09-06T03:21:44
================================================================================
[2026-09-06T03:22:34.583+0000] {manager.py:878} INFO - 
================================================================================
DAG File Processing Stats

File Path                         PID    Runtime      # DAGs    # Errors  Last Runtime    Last Run
--------------------------------  -----  ---------  --------  ----------  --------------  -------------------
/opt/airflow/dags/netflix_dag.py                           1           0  0.39s           2026-09-06T03:22:14
================================================================================
[2026-09-06T03:23:05.079+0000] {manager.py:878} INFO - 
================================================================================
DAG File Processing Stats

File Path                         PID    Runtime      # DAGs    # Errors  Last Runtime    Last Run
--------------------------------  -----  ---------  --------  ----------  --------------  -------------------
/opt/airflow/dags/netflix_dag.py                           1           0  0.30s           2026-09-06T03:22:45
================================================================================
[2026-09-06T03:23:28.082+0000] {manager.py:737} INFO - Searching for files in /opt/airflow/dags
[2026-09-06T03:23:28.146+0000] {manager.py:740} INFO - There are 1 files in /opt/airflow/dags
[2026-09-06T03:23:35.227+0000] {manager.py:878} INFO - 
================================================================================
DAG File Processing Stats

File Path                         PID    Runtime      # DAGs    # Errors  Last Runtime    Last Run
--------------------------------  -----  ---------  --------  ----------  --------------  -------------------
/opt/airflow/dags/netflix_dag.py                           1           0  0.32s           2026-09-06T03:23:15
================================================================================
[2026-09-06T03:24:05.490+0000] {manager.py:878} INFO - 
================================================================================
DAG File Processing Stats

File Path                         PID    Runtime      # DAGs    # Errors  Last Runtime    Last Run
--------------------------------  -----  ---------  --------  ----------  --------------  -------------------
/opt/airflow/dags/netflix_dag.py                           1           0  0.30s           2026-09-06T03:23:46
================================================================================
[2026-09-06T03:24:36.050+0000] {manager.py:878} INFO - 
================================================================================
DAG File Processing Stats

File Path                         PID    Runtime      # DAGs    # Errors  Last Runtime    Last Run
--------------------------------  -----  ---------  --------  ----------  --------------  -------------------
/opt/airflow/dags/netflix_dag.py                           1           0  0.31s           2026-09-06T03:24:17
================================================================================
[2026-09-06T03:25:06.076+0000] {manager.py:878} INFO - 
================================================================================
DAG File Processing Stats

File Path                         PID    Runtime      # DAGs    # Errors  Last Runtime    Last Run
--------------------------------  -----  ---------  --------  ----------  --------------  -------------------
/opt/airflow/dags/netflix_dag.py                           1           0  0.41s           2026-09-06T03:24:47
================================================================================
[2026-09-06T03:25:36.295+0000] {manager.py:878} INFO - 
================================================================================
DAG File Processing Stats

File Path                         PID    Runtime      # DAGs    # Errors  Last Runtime    Last Run
--------------------------------  -----  ---------  --------  ----------  --------------  -------------------
/opt/airflow/dags/netflix_dag.py                           1           0  0.16s           2026-09-06T03:25:18
================================================================================
[2026-09-06T03:26:06.646+0000] {manager.py:878} INFO - 
================================================================================
DAG File Processing Stats

File Path                         PID    Runtime      # DAGs    # Errors  Last Runtime    Last Run
--------------------------------  -----  ---------  --------  ----------  --------------  -------------------
/opt/airflow/dags/netflix_dag.py                           1           0  0.36s           2026-09-06T03:25:48
================================================================================
[2026-09-06T03:26:37.086+0000] {manager.py:878} INFO - 
================================================================================
DAG File Processing Stats

File Path                         PID    Runtime      # DAGs    # Errors  Last Runtime    Last Run
--------------------------------  -----  ---------  --------  ----------  --------------  -------------------
/opt/airflow/dags/netflix_dag.py                           1           0  0.37s           2026-09-06T03:26:19
================================================================================
[2026-09-06T03:27:07.438+0000] {manager.py:878} INFO - 
================================================================================
DAG File Processing Stats

File Path                         PID    Runtime      # DAGs    # Errors  Last Runtime    Last Run
--------------------------------  -----  ---------  --------  ----------  --------------  -------------------
/opt/airflow/dags/netflix_dag.py                           1           0  0.31s           2026-09-06T03:26:49
================================================================================
[2026-09-06T03:27:37.821+0000] {manager.py:878} INFO - 
================================================================================
DAG File Processing Stats

File Path                         PID    Runtime      # DAGs    # Errors  Last Runtime    Last Run
--------------------------------  -----  ---------  --------  ----------  --------------  -------------------
/opt/airflow/dags/netflix_dag.py                           1           0  0.39s           2026-09-06T03:27:19
================================================================================
[2026-09-06T03:28:08.369+0000] {manager.py:878} INFO - 
================================================================================
DAG File Processing Stats

File Path                         PID    Runtime      # DAGs    # Errors  Last Runtime    Last Run
--------------------------------  -----  ---------  --------  ----------  --------------  -------------------
/opt/airflow/dags/netflix_dag.py                           1           0  0.34s           2026-09-06T03:27:50
================================================================================
[2026-09-06T03:28:28.162+0000] {manager.py:737} INFO - Searching for files in /opt/airflow/dags
[2026-09-06T03:28:28.207+0000] {manager.py:740} INFO - There are 1 files in /opt/airflow/dags
[2026-09-06T03:28:38.908+0000] {manager.py:878} INFO - 
================================================================================
DAG File Processing Stats

File Path                         PID    Runtime      # DAGs    # Errors  Last Runtime    Last Run
--------------------------------  -----  ---------  --------  ----------  --------------  -------------------
/opt/airflow/dags/netflix_dag.py                           1           0  0.32s           2026-09-06T03:28:21
================================================================================
[2026-09-06T03:29:09.502+0000] {manager.py:878} INFO - 
================================================================================
DAG File Processing Stats

File Path                         PID    Runtime      # DAGs    # Errors  Last Runtime    Last Run
--------------------------------  -----  ---------  --------  ----------  --------------  -------------------
/opt/airflow/dags/netflix_dag.py                           1           0  0.15s           2026-09-06T03:28:51
================================================================================
[2026-09-06T03:29:39.847+0000] {manager.py:878} INFO - 
================================================================================
DAG File Processing Stats

File Path                         PID    Runtime      # DAGs    # Errors  Last Runtime    Last Run
--------------------------------  -----  ---------  --------  ----------  --------------  -------------------
/opt/airflow/dags/netflix_dag.py                           1           0  0.15s           2026-09-06T03:29:21
================================================================================
[2026-09-06T03:30:10.109+0000] {manager.py:878} INFO - 
================================================================================
DAG File Processing Stats

File Path                         PID    Runtime      # DAGs    # Errors  Last Runtime    Last Run
--------------------------------  -----  ---------  --------  ----------  --------------  -------------------
/opt/airflow/dags/netflix_dag.py                           1           0  0.33s           2026-09-06T03:29:52
================================================================================
[2026-09-06T03:30:40.651+0000] {manager.py:878} INFO - 
================================================================================
DAG File Processing Stats

File Path                         PID    Runtime      # DAGs    # Errors  Last Runtime    Last Run
--------------------------------  -----  ---------  --------  ----------  --------------  -------------------
/opt/airflow/dags/netflix_dag.py                           1           0  0.30s           2026-09-06T03:30:22
================================================================================
[2026-09-06T03:31:11.181+0000] {manager.py:878} INFO - 
================================================================================
DAG File Processing Stats

File Path                         PID    Runtime      # DAGs    # Errors  Last Runtime    Last Run
--------------------------------  -----  ---------  --------  ----------  --------------  -------------------
/opt/airflow/dags/netflix_dag.py                           1           0  0.32s           2026-09-06T03:30:53
================================================================================
[2026-09-06T03:31:41.381+0000] {manager.py:878} INFO - 
================================================================================
DAG File Processing Stats

File Path                         PID    Runtime      # DAGs    # Errors  Last Runtime    Last Run
--------------------------------  -----  ---------  --------  ----------  --------------  -------------------
/opt/airflow/dags/netflix_dag.py                           1           0  0.46s           2026-09-06T03:31:24
================================================================================
[2026-09-06T03:32:11.638+0000] {manager.py:878} INFO - 
================================================================================
DAG File Processing Stats

File Path                         PID    Runtime      # DAGs    # Errors  Last Runtime    Last Run
--------------------------------  -----  ---------  --------  ----------  --------------  -------------------
/opt/airflow/dags/netflix_dag.py                           1           0  0.15s           2026-09-06T03:31:54
================================================================================
[2026-09-06T03:32:41.987+0000] {manager.py:878} INFO - 
================================================================================
DAG File Processing Stats

File Path                         PID    Runtime      # DAGs    # Errors  Last Runtime    Last Run
--------------------------------  -----  ---------  --------  ----------  --------------  -------------------
/opt/airflow/dags/netflix_dag.py                           1           0  0.16s           2026-09-06T03:32:24
================================================================================
[2026-09-06T03:33:12.241+0000] {manager.py:878} INFO - 
================================================================================
DAG File Processing Stats

File Path                         PID    Runtime      # DAGs    # Errors  Last Runtime    Last Run
--------------------------------  -----  ---------  --------  ----------  --------------  -------------------
/opt/airflow/dags/netflix_dag.py                           1           0  0.39s           2026-09-06T03:32:55
================================================================================
[2026-09-06T03:33:28.728+0000] {manager.py:737} INFO - Searching for files in /opt/airflow/dags
[2026-09-06T03:33:28.751+0000] {manager.py:740} INFO - There are 1 files in /opt/airflow/dags
[2026-09-06T03:33:42.850+0000] {manager.py:878} INFO - 
================================================================================
DAG File Processing Stats

File Path                         PID    Runtime      # DAGs    # Errors  Last Runtime    Last Run
--------------------------------  -----  ---------  --------  ----------  --------------  -------------------
/opt/airflow/dags/netflix_dag.py                           1           0  0.17s           2026-09-06T03:33:25
================================================================================
[2026-09-06T03:34:13.144+0000] {manager.py:878} INFO - 
================================================================================
DAG File Processing Stats

File Path                         PID    Runtime      # DAGs    # Errors  Last Runtime    Last Run
--------------------------------  -----  ---------  --------  ----------  --------------  -------------------
/opt/airflow/dags/netflix_dag.py                           1           0  0.16s           2026-09-06T03:33:56
================================================================================
[2026-09-06T03:34:43.446+0000] {manager.py:878} INFO - 
================================================================================
DAG File Processing Stats

File Path                         PID    Runtime      # DAGs    # Errors  Last Runtime    Last Run
--------------------------------  -----  ---------  --------  ----------  --------------  -------------------
/opt/airflow/dags/netflix_dag.py                           1           0  0.32s           2026-09-06T03:34:26
================================================================================
[2026-09-06T03:35:13.914+0000] {manager.py:878} INFO - 
================================================================================
DAG File Processing Stats

File Path                         PID    Runtime      # DAGs    # Errors  Last Runtime    Last Run
--------------------------------  -----  ---------  --------  ----------  --------------  -------------------
/opt/airflow/dags/netflix_dag.py                           1           0  0.16s           2026-09-06T03:34:56
================================================================================
[2026-09-06T03:35:44.300+0000] {manager.py:878} INFO - 
================================================================================
DAG File Processing Stats

File Path                         PID    Runtime      # DAGs    # Errors  Last Runtime    Last Run
--------------------------------  -----  ---------  --------  ----------  --------------  -------------------
/opt/airflow/dags/netflix_dag.py                           1           0  0.20s           2026-09-06T03:35:27
================================================================================
[2026-09-06T03:36:14.746+0000] {manager.py:878} INFO - 
================================================================================
DAG File Processing Stats

File Path                         PID    Runtime      # DAGs    # Errors  Last Runtime    Last Run
--------------------------------  -----  ---------  --------  ----------  --------------  -------------------
/opt/airflow/dags/netflix_dag.py                           1           0  0.32s           2026-09-06T03:35:57
================================================================================
[2026-09-06T03:36:45.044+0000] {manager.py:878} INFO - 
================================================================================
DAG File Processing Stats

File Path                         PID    Runtime      # DAGs    # Errors  Last Runtime    Last Run
--------------------------------  -----  ---------  --------  ----------  --------------  -------------------
/opt/airflow/dags/netflix_dag.py                           1           0  0.19s           2026-09-06T03:36:28
================================================================================
