[2026-09-08T02:18:58.753+0000] {processor.py:161} INFO - Started process (PID=213) to work on /opt/airflow/dags/netflix_dag.py
[2026-09-08T02:18:58.774+0000] {processor.py:830} INFO - Processing file /opt/airflow/dags/netflix_dag.py for tasks to queue
[2026-09-08T02:18:58.781+0000] {logging_mixin.py:188} INFO - [2026-09-08T02:18:58.780+0000] {dagbag.py:545} INFO - Filling up the DagBag from /opt/airflow/dags/netflix_dag.py
[2026-09-08T02:19:00.236+0000] {processor.py:840} INFO - DAG(s) 'netflix_etl_pipeline' retrieved from /opt/airflow/dags/netflix_dag.py
[2026-09-08T02:19:00.877+0000] {logging_mixin.py:188} INFO - [2026-09-08T02:19:00.877+0000] {dag.py:3089} INFO - Sync 1 DAGs
[2026-09-08T02:19:01.185+0000] {logging_mixin.py:188} INFO - [2026-09-08T02:19:01.185+0000] {dag.py:3947} INFO - Setting next_dagrun for netflix_etl_pipeline to 2026-09-07 00:00:00+00:00, run_after=2026-09-08 00:00:00+00:00
[2026-09-08T02:19:01.421+0000] {processor.py:183} INFO - Processing /opt/airflow/dags/netflix_dag.py took 2.691 seconds
[2026-09-08T02:19:33.846+0000] {processor.py:161} INFO - Started process (PID=224) to work on /opt/airflow/dags/netflix_dag.py
[2026-09-08T02:19:33.892+0000] {processor.py:830} INFO - Processing file /opt/airflow/dags/netflix_dag.py for tasks to queue
[2026-09-08T02:19:33.931+0000] {logging_mixin.py:188} INFO - [2026-09-08T02:19:33.930+0000] {dagbag.py:545} INFO - Filling up the DagBag from /opt/airflow/dags/netflix_dag.py
[2026-09-08T02:19:34.943+0000] {processor.py:840} INFO - DAG(s) 'netflix_etl_pipeline' retrieved from /opt/airflow/dags/netflix_dag.py
[2026-09-08T02:19:35.188+0000] {logging_mixin.py:188} INFO - [2026-09-08T02:19:35.187+0000] {dag.py:3089} INFO - Sync 1 DAGs
[2026-09-08T02:19:35.378+0000] {logging_mixin.py:188} INFO - [2026-09-08T02:19:35.378+0000] {dag.py:3947} INFO - Setting next_dagrun for netflix_etl_pipeline to 2026-09-07 00:00:00+00:00, run_after=2026-09-08 00:00:00+00:00
[2026-09-08T02:19:35.562+0000] {processor.py:183} INFO - Processing /opt/airflow/dags/netflix_dag.py took 1.790 seconds
[2026-09-08T02:20:07.266+0000] {processor.py:161} INFO - Started process (PID=235) to work on /opt/airflow/dags/netflix_dag.py
[2026-09-08T02:20:07.504+0000] {processor.py:830} INFO - Processing file /opt/airflow/dags/netflix_dag.py for tasks to queue
[2026-09-08T02:20:07.512+0000] {logging_mixin.py:188} INFO - [2026-09-08T02:20:07.511+0000] {dagbag.py:545} INFO - Filling up the DagBag from /opt/airflow/dags/netflix_dag.py
[2026-09-08T02:20:07.581+0000] {processor.py:840} INFO - DAG(s) 'netflix_etl_pipeline' retrieved from /opt/airflow/dags/netflix_dag.py
[2026-09-08T02:20:07.845+0000] {logging_mixin.py:188} INFO - [2026-09-08T02:20:07.844+0000] {dag.py:3089} INFO - Sync 1 DAGs
[2026-09-08T02:20:08.059+0000] {logging_mixin.py:188} INFO - [2026-09-08T02:20:08.059+0000] {dag.py:3947} INFO - Setting next_dagrun for netflix_etl_pipeline to 2026-09-07 00:00:00+00:00, run_after=2026-09-08 00:00:00+00:00
[2026-09-08T02:20:08.268+0000] {processor.py:183} INFO - Processing /opt/airflow/dags/netflix_dag.py took 1.025 seconds
[2026-09-08T02:20:38.605+0000] {processor.py:161} INFO - Started process (PID=246) to work on /opt/airflow/dags/netflix_dag.py
[2026-09-08T02:20:38.608+0000] {processor.py:830} INFO - Processing file /opt/airflow/dags/netflix_dag.py for tasks to queue
[2026-09-08T02:20:38.614+0000] {logging_mixin.py:188} INFO - [2026-09-08T02:20:38.613+0000] {dagbag.py:545} INFO - Filling up the DagBag from /opt/airflow/dags/netflix_dag.py
[2026-09-08T02:20:38.679+0000] {processor.py:840} INFO - DAG(s) 'netflix_etl_pipeline' retrieved from /opt/airflow/dags/netflix_dag.py
[2026-09-08T02:20:38.860+0000] {logging_mixin.py:188} INFO - [2026-09-08T02:20:38.859+0000] {dag.py:3089} INFO - Sync 1 DAGs
[2026-09-08T02:20:38.948+0000] {logging_mixin.py:188} INFO - [2026-09-08T02:20:38.947+0000] {dag.py:3947} INFO - Setting next_dagrun for netflix_etl_pipeline to 2026-09-07 00:00:00+00:00, run_after=2026-09-08 00:00:00+00:00
[2026-09-08T02:20:39.017+0000] {processor.py:183} INFO - Processing /opt/airflow/dags/netflix_dag.py took 0.433 seconds
[2026-09-08T02:21:11.358+0000] {processor.py:161} INFO - Started process (PID=257) to work on /opt/airflow/dags/netflix_dag.py
[2026-09-08T02:21:11.410+0000] {processor.py:830} INFO - Processing file /opt/airflow/dags/netflix_dag.py for tasks to queue
[2026-09-08T02:21:11.470+0000] {logging_mixin.py:188} INFO - [2026-09-08T02:21:11.469+0000] {dagbag.py:545} INFO - Filling up the DagBag from /opt/airflow/dags/netflix_dag.py
[2026-09-08T02:21:12.817+0000] {processor.py:840} INFO - DAG(s) 'netflix_etl_pipeline' retrieved from /opt/airflow/dags/netflix_dag.py
[2026-09-08T02:21:13.116+0000] {logging_mixin.py:188} INFO - [2026-09-08T02:21:13.107+0000] {dag.py:3089} INFO - Sync 1 DAGs
[2026-09-08T02:21:13.354+0000] {logging_mixin.py:188} INFO - [2026-09-08T02:21:13.354+0000] {dag.py:3947} INFO - Setting next_dagrun for netflix_etl_pipeline to 2026-09-07 00:00:00+00:00, run_after=2026-09-08 00:00:00+00:00
[2026-09-08T02:21:13.528+0000] {processor.py:183} INFO - Processing /opt/airflow/dags/netflix_dag.py took 2.251 seconds
[2026-09-08T02:21:44.873+0000] {processor.py:161} INFO - Started process (PID=268) to work on /opt/airflow/dags/netflix_dag.py
[2026-09-08T02:21:44.890+0000] {processor.py:830} INFO - Processing file /opt/airflow/dags/netflix_dag.py for tasks to queue
[2026-09-08T02:21:44.963+0000] {logging_mixin.py:188} INFO - [2026-09-08T02:21:44.961+0000] {dagbag.py:545} INFO - Filling up the DagBag from /opt/airflow/dags/netflix_dag.py
[2026-09-08T02:21:45.957+0000] {processor.py:840} INFO - DAG(s) 'netflix_etl_pipeline' retrieved from /opt/airflow/dags/netflix_dag.py
[2026-09-08T02:21:46.191+0000] {logging_mixin.py:188} INFO - [2026-09-08T02:21:46.191+0000] {dag.py:3089} INFO - Sync 1 DAGs
[2026-09-08T02:21:46.341+0000] {logging_mixin.py:188} INFO - [2026-09-08T02:21:46.341+0000] {dag.py:3947} INFO - Setting next_dagrun for netflix_etl_pipeline to 2026-09-07 00:00:00+00:00, run_after=2026-09-08 00:00:00+00:00
[2026-09-08T02:21:46.537+0000] {processor.py:183} INFO - Processing /opt/airflow/dags/netflix_dag.py took 1.693 seconds
[2026-09-08T02:22:19.039+0000] {processor.py:161} INFO - Started process (PID=279) to work on /opt/airflow/dags/netflix_dag.py
[2026-09-08T02:22:19.050+0000] {processor.py:830} INFO - Processing file /opt/airflow/dags/netflix_dag.py for tasks to queue
[2026-09-08T02:22:19.058+0000] {logging_mixin.py:188} INFO - [2026-09-08T02:22:19.057+0000] {dagbag.py:545} INFO - Filling up the DagBag from /opt/airflow/dags/netflix_dag.py
[2026-09-08T02:22:19.149+0000] {processor.py:840} INFO - DAG(s) 'netflix_etl_pipeline' retrieved from /opt/airflow/dags/netflix_dag.py
[2026-09-08T02:22:19.371+0000] {logging_mixin.py:188} INFO - [2026-09-08T02:22:19.361+0000] {dag.py:3089} INFO - Sync 1 DAGs
[2026-09-08T02:22:19.609+0000] {logging_mixin.py:188} INFO - [2026-09-08T02:22:19.608+0000] {dag.py:3947} INFO - Setting next_dagrun for netflix_etl_pipeline to 2026-09-07 00:00:00+00:00, run_after=2026-09-08 00:00:00+00:00
[2026-09-08T02:22:19.950+0000] {processor.py:183} INFO - Processing /opt/airflow/dags/netflix_dag.py took 0.937 seconds
[2026-09-08T02:22:52.400+0000] {processor.py:161} INFO - Started process (PID=290) to work on /opt/airflow/dags/netflix_dag.py
[2026-09-08T02:22:52.441+0000] {processor.py:830} INFO - Processing file /opt/airflow/dags/netflix_dag.py for tasks to queue
[2026-09-08T02:22:52.483+0000] {logging_mixin.py:188} INFO - [2026-09-08T02:22:52.482+0000] {dagbag.py:545} INFO - Filling up the DagBag from /opt/airflow/dags/netflix_dag.py
[2026-09-08T02:22:53.740+0000] {processor.py:840} INFO - DAG(s) 'netflix_etl_pipeline' retrieved from /opt/airflow/dags/netflix_dag.py
[2026-09-08T02:22:53.962+0000] {logging_mixin.py:188} INFO - [2026-09-08T02:22:53.961+0000] {dag.py:3089} INFO - Sync 1 DAGs
[2026-09-08T02:22:54.117+0000] {logging_mixin.py:188} INFO - [2026-09-08T02:22:54.116+0000] {dag.py:3947} INFO - Setting next_dagrun for netflix_etl_pipeline to 2026-09-07 00:00:00+00:00, run_after=2026-09-08 00:00:00+00:00
[2026-09-08T02:22:54.282+0000] {processor.py:183} INFO - Processing /opt/airflow/dags/netflix_dag.py took 1.929 seconds
[2026-09-08T02:23:26.488+0000] {processor.py:161} INFO - Started process (PID=307) to work on /opt/airflow/dags/netflix_dag.py
[2026-09-08T02:23:27.149+0000] {processor.py:830} INFO - Processing file /opt/airflow/dags/netflix_dag.py for tasks to queue
[2026-09-08T02:23:27.165+0000] {logging_mixin.py:188} INFO - [2026-09-08T02:23:27.164+0000] {dagbag.py:545} INFO - Filling up the DagBag from /opt/airflow/dags/netflix_dag.py
[2026-09-08T02:23:27.326+0000] {processor.py:840} INFO - DAG(s) 'netflix_etl_pipeline' retrieved from /opt/airflow/dags/netflix_dag.py
[2026-09-08T02:23:27.588+0000] {logging_mixin.py:188} INFO - [2026-09-08T02:23:27.588+0000] {dag.py:3089} INFO - Sync 1 DAGs
[2026-09-08T02:23:27.749+0000] {logging_mixin.py:188} INFO - [2026-09-08T02:23:27.748+0000] {dag.py:3947} INFO - Setting next_dagrun for netflix_etl_pipeline to 2026-09-07 00:00:00+00:00, run_after=2026-09-08 00:00:00+00:00
[2026-09-08T02:23:27.988+0000] {processor.py:183} INFO - Processing /opt/airflow/dags/netflix_dag.py took 1.535 seconds
[2026-09-08T02:23:58.675+0000] {processor.py:161} INFO - Started process (PID=318) to work on /opt/airflow/dags/netflix_dag.py
[2026-09-08T02:23:58.679+0000] {processor.py:830} INFO - Processing file /opt/airflow/dags/netflix_dag.py for tasks to queue
[2026-09-08T02:23:58.688+0000] {logging_mixin.py:188} INFO - [2026-09-08T02:23:58.687+0000] {dagbag.py:545} INFO - Filling up the DagBag from /opt/airflow/dags/netflix_dag.py
[2026-09-08T02:23:58.739+0000] {processor.py:840} INFO - DAG(s) 'netflix_etl_pipeline' retrieved from /opt/airflow/dags/netflix_dag.py
[2026-09-08T02:23:58.857+0000] {logging_mixin.py:188} INFO - [2026-09-08T02:23:58.857+0000] {dag.py:3089} INFO - Sync 1 DAGs
[2026-09-08T02:23:58.914+0000] {logging_mixin.py:188} INFO - [2026-09-08T02:23:58.914+0000] {dag.py:3947} INFO - Setting next_dagrun for netflix_etl_pipeline to 2026-09-07 00:00:00+00:00, run_after=2026-09-08 00:00:00+00:00
[2026-09-08T02:23:58.964+0000] {processor.py:183} INFO - Processing /opt/airflow/dags/netflix_dag.py took 0.314 seconds
[2026-09-08T02:24:32.153+0000] {processor.py:161} INFO - Started process (PID=329) to work on /opt/airflow/dags/netflix_dag.py
[2026-09-08T02:24:32.225+0000] {processor.py:830} INFO - Processing file /opt/airflow/dags/netflix_dag.py for tasks to queue
[2026-09-08T02:24:32.330+0000] {logging_mixin.py:188} INFO - [2026-09-08T02:24:32.330+0000] {dagbag.py:545} INFO - Filling up the DagBag from /opt/airflow/dags/netflix_dag.py
[2026-09-08T02:24:34.056+0000] {processor.py:840} INFO - DAG(s) 'netflix_etl_pipeline' retrieved from /opt/airflow/dags/netflix_dag.py
[2026-09-08T02:24:34.306+0000] {logging_mixin.py:188} INFO - [2026-09-08T02:24:34.305+0000] {dag.py:3089} INFO - Sync 1 DAGs
[2026-09-08T02:24:34.523+0000] {logging_mixin.py:188} INFO - [2026-09-08T02:24:34.523+0000] {dag.py:3947} INFO - Setting next_dagrun for netflix_etl_pipeline to 2026-09-07 00:00:00+00:00, run_after=2026-09-08 00:00:00+00:00
[2026-09-08T02:24:34.810+0000] {processor.py:183} INFO - Processing /opt/airflow/dags/netflix_dag.py took 2.705 seconds
[2026-09-08T02:25:05.838+0000] {processor.py:161} INFO - Started process (PID=341) to work on /opt/airflow/dags/netflix_dag.py
[2026-09-08T02:25:07.872+0000] {processor.py:830} INFO - Processing file /opt/airflow/dags/netflix_dag.py for tasks to queue
[2026-09-08T02:25:07.876+0000] {logging_mixin.py:188} INFO - [2026-09-08T02:25:07.875+0000] {dagbag.py:545} INFO - Filling up the DagBag from /opt/airflow/dags/netflix_dag.py
[2026-09-08T02:25:07.912+0000] {processor.py:840} INFO - DAG(s) 'netflix_etl_pipeline' retrieved from /opt/airflow/dags/netflix_dag.py
[2026-09-08T02:25:09.468+0000] {logging_mixin.py:188} INFO - [2026-09-08T02:25:09.468+0000] {dag.py:3089} INFO - Sync 1 DAGs
[2026-09-08T02:25:09.811+0000] {logging_mixin.py:188} INFO - [2026-09-08T02:25:09.810+0000] {dag.py:3947} INFO - Setting next_dagrun for netflix_etl_pipeline to 2026-09-07 00:00:00+00:00, run_after=2026-09-08 00:00:00+00:00
[2026-09-08T02:25:10.050+0000] {processor.py:183} INFO - Processing /opt/airflow/dags/netflix_dag.py took 4.848 seconds
[2026-09-08T02:25:42.796+0000] {processor.py:161} INFO - Started process (PID=352) to work on /opt/airflow/dags/netflix_dag.py
[2026-09-08T02:25:42.821+0000] {processor.py:830} INFO - Processing file /opt/airflow/dags/netflix_dag.py for tasks to queue
[2026-09-08T02:25:42.855+0000] {logging_mixin.py:188} INFO - [2026-09-08T02:25:42.854+0000] {dagbag.py:545} INFO - Filling up the DagBag from /opt/airflow/dags/netflix_dag.py
[2026-09-08T02:25:44.020+0000] {processor.py:840} INFO - DAG(s) 'netflix_etl_pipeline' retrieved from /opt/airflow/dags/netflix_dag.py
[2026-09-08T02:25:44.229+0000] {logging_mixin.py:188} INFO - [2026-09-08T02:25:44.229+0000] {dag.py:3089} INFO - Sync 1 DAGs
[2026-09-08T02:25:44.388+0000] {logging_mixin.py:188} INFO - [2026-09-08T02:25:44.387+0000] {dag.py:3947} INFO - Setting next_dagrun for netflix_etl_pipeline to 2026-09-07 00:00:00+00:00, run_after=2026-09-08 00:00:00+00:00
[2026-09-08T02:25:44.561+0000] {processor.py:183} INFO - Processing /opt/airflow/dags/netflix_dag.py took 1.788 seconds
[2026-09-08T02:26:16.453+0000] {processor.py:161} INFO - Started process (PID=363) to work on /opt/airflow/dags/netflix_dag.py
[2026-09-08T02:26:16.529+0000] {processor.py:830} INFO - Processing file /opt/airflow/dags/netflix_dag.py for tasks to queue
[2026-09-08T02:26:16.582+0000] {logging_mixin.py:188} INFO - [2026-09-08T02:26:16.581+0000] {dagbag.py:545} INFO - Filling up the DagBag from /opt/airflow/dags/netflix_dag.py
[2026-09-08T02:26:16.783+0000] {processor.py:840} INFO - DAG(s) 'netflix_etl_pipeline' retrieved from /opt/airflow/dags/netflix_dag.py
[2026-09-08T02:26:17.069+0000] {logging_mixin.py:188} INFO - [2026-09-08T02:26:17.068+0000] {dag.py:3089} INFO - Sync 1 DAGs
[2026-09-08T02:26:17.241+0000] {logging_mixin.py:188} INFO - [2026-09-08T02:26:17.235+0000] {dag.py:3947} INFO - Setting next_dagrun for netflix_etl_pipeline to 2026-09-07 00:00:00+00:00, run_after=2026-09-08 00:00:00+00:00
[2026-09-08T02:26:17.456+0000] {processor.py:183} INFO - Processing /opt/airflow/dags/netflix_dag.py took 1.040 seconds
[2026-09-08T02:26:49.022+0000] {processor.py:161} INFO - Started process (PID=374) to work on /opt/airflow/dags/netflix_dag.py
[2026-09-08T02:26:49.058+0000] {processor.py:830} INFO - Processing file /opt/airflow/dags/netflix_dag.py for tasks to queue
[2026-09-08T02:26:49.106+0000] {logging_mixin.py:188} INFO - [2026-09-08T02:26:49.105+0000] {dagbag.py:545} INFO - Filling up the DagBag from /opt/airflow/dags/netflix_dag.py
[2026-09-08T02:26:49.953+0000] {processor.py:840} INFO - DAG(s) 'netflix_etl_pipeline' retrieved from /opt/airflow/dags/netflix_dag.py
[2026-09-08T02:26:50.159+0000] {logging_mixin.py:188} INFO - [2026-09-08T02:26:50.159+0000] {dag.py:3089} INFO - Sync 1 DAGs
[2026-09-08T02:26:50.309+0000] {logging_mixin.py:188} INFO - [2026-09-08T02:26:50.309+0000] {dag.py:3947} INFO - Setting next_dagrun for netflix_etl_pipeline to 2026-09-07 00:00:00+00:00, run_after=2026-09-08 00:00:00+00:00
[2026-09-08T02:26:50.554+0000] {processor.py:183} INFO - Processing /opt/airflow/dags/netflix_dag.py took 1.556 seconds
[2026-09-08T02:27:22.459+0000] {processor.py:161} INFO - Started process (PID=385) to work on /opt/airflow/dags/netflix_dag.py
[2026-09-08T02:27:22.483+0000] {processor.py:830} INFO - Processing file /opt/airflow/dags/netflix_dag.py for tasks to queue
[2026-09-08T02:27:22.516+0000] {logging_mixin.py:188} INFO - [2026-09-08T02:27:22.515+0000] {dagbag.py:545} INFO - Filling up the DagBag from /opt/airflow/dags/netflix_dag.py
[2026-09-08T02:27:23.782+0000] {processor.py:840} INFO - DAG(s) 'netflix_etl_pipeline' retrieved from /opt/airflow/dags/netflix_dag.py
[2026-09-08T02:27:24.005+0000] {logging_mixin.py:188} INFO - [2026-09-08T02:27:24.005+0000] {dag.py:3089} INFO - Sync 1 DAGs
[2026-09-08T02:27:24.185+0000] {logging_mixin.py:188} INFO - [2026-09-08T02:27:24.184+0000] {dag.py:3947} INFO - Setting next_dagrun for netflix_etl_pipeline to 2026-09-07 00:00:00+00:00, run_after=2026-09-08 00:00:00+00:00
[2026-09-08T02:27:25.250+0000] {processor.py:183} INFO - Processing /opt/airflow/dags/netflix_dag.py took 2.827 seconds
[2026-09-08T02:27:57.858+0000] {processor.py:161} INFO - Started process (PID=402) to work on /opt/airflow/dags/netflix_dag.py
[2026-09-08T02:27:57.880+0000] {processor.py:830} INFO - Processing file /opt/airflow/dags/netflix_dag.py for tasks to queue
[2026-09-08T02:27:57.890+0000] {logging_mixin.py:188} INFO - [2026-09-08T02:27:57.889+0000] {dagbag.py:545} INFO - Filling up the DagBag from /opt/airflow/dags/netflix_dag.py
[2026-09-08T02:27:58.703+0000] {processor.py:840} INFO - DAG(s) 'netflix_etl_pipeline' retrieved from /opt/airflow/dags/netflix_dag.py
[2026-09-08T02:27:58.995+0000] {logging_mixin.py:188} INFO - [2026-09-08T02:27:58.995+0000] {dag.py:3089} INFO - Sync 1 DAGs
[2026-09-08T02:27:59.204+0000] {logging_mixin.py:188} INFO - [2026-09-08T02:27:59.204+0000] {dag.py:3947} INFO - Setting next_dagrun for netflix_etl_pipeline to 2026-09-07 00:00:00+00:00, run_after=2026-09-08 00:00:00+00:00
[2026-09-08T02:27:59.411+0000] {processor.py:183} INFO - Processing /opt/airflow/dags/netflix_dag.py took 1.612 seconds
[2026-09-08T02:28:30.323+0000] {processor.py:161} INFO - Started process (PID=412) to work on /opt/airflow/dags/netflix_dag.py
[2026-09-08T02:28:30.326+0000] {processor.py:830} INFO - Processing file /opt/airflow/dags/netflix_dag.py for tasks to queue
[2026-09-08T02:28:30.331+0000] {logging_mixin.py:188} INFO - [2026-09-08T02:28:30.330+0000] {dagbag.py:545} INFO - Filling up the DagBag from /opt/airflow/dags/netflix_dag.py
[2026-09-08T02:28:30.379+0000] {processor.py:840} INFO - DAG(s) 'netflix_etl_pipeline' retrieved from /opt/airflow/dags/netflix_dag.py
[2026-09-08T02:28:30.514+0000] {logging_mixin.py:188} INFO - [2026-09-08T02:28:30.514+0000] {dag.py:3089} INFO - Sync 1 DAGs
[2026-09-08T02:28:30.699+0000] {logging_mixin.py:188} INFO - [2026-09-08T02:28:30.698+0000] {dag.py:3947} INFO - Setting next_dagrun for netflix_etl_pipeline to 2026-09-07 00:00:00+00:00, run_after=2026-09-08 00:00:00+00:00
[2026-09-08T02:28:30.861+0000] {processor.py:183} INFO - Processing /opt/airflow/dags/netflix_dag.py took 0.557 seconds
[2026-09-08T02:29:02.494+0000] {processor.py:161} INFO - Started process (PID=423) to work on /opt/airflow/dags/netflix_dag.py
[2026-09-08T02:29:02.498+0000] {processor.py:830} INFO - Processing file /opt/airflow/dags/netflix_dag.py for tasks to queue
[2026-09-08T02:29:02.506+0000] {logging_mixin.py:188} INFO - [2026-09-08T02:29:02.505+0000] {dagbag.py:545} INFO - Filling up the DagBag from /opt/airflow/dags/netflix_dag.py
[2026-09-08T02:29:02.630+0000] {processor.py:840} INFO - DAG(s) 'netflix_etl_pipeline' retrieved from /opt/airflow/dags/netflix_dag.py
[2026-09-08T02:29:02.909+0000] {logging_mixin.py:188} INFO - [2026-09-08T02:29:02.897+0000] {dag.py:3089} INFO - Sync 1 DAGs
[2026-09-08T02:29:03.088+0000] {logging_mixin.py:188} INFO - [2026-09-08T02:29:03.087+0000] {dag.py:3947} INFO - Setting next_dagrun for netflix_etl_pipeline to 2026-09-07 00:00:00+00:00, run_after=2026-09-08 00:00:00+00:00
[2026-09-08T02:29:03.402+0000] {processor.py:183} INFO - Processing /opt/airflow/dags/netflix_dag.py took 0.933 seconds
[2026-09-08T02:29:35.034+0000] {processor.py:161} INFO - Started process (PID=434) to work on /opt/airflow/dags/netflix_dag.py
[2026-09-08T02:29:35.038+0000] {processor.py:830} INFO - Processing file /opt/airflow/dags/netflix_dag.py for tasks to queue
[2026-09-08T02:29:35.047+0000] {logging_mixin.py:188} INFO - [2026-09-08T02:29:35.046+0000] {dagbag.py:545} INFO - Filling up the DagBag from /opt/airflow/dags/netflix_dag.py
[2026-09-08T02:29:35.083+0000] {processor.py:840} INFO - DAG(s) 'netflix_etl_pipeline' retrieved from /opt/airflow/dags/netflix_dag.py
[2026-09-08T02:29:35.248+0000] {logging_mixin.py:188} INFO - [2026-09-08T02:29:35.247+0000] {dag.py:3089} INFO - Sync 1 DAGs
[2026-09-08T02:29:35.423+0000] {logging_mixin.py:188} INFO - [2026-09-08T02:29:35.423+0000] {dag.py:3947} INFO - Setting next_dagrun for netflix_etl_pipeline to 2026-09-07 00:00:00+00:00, run_after=2026-09-08 00:00:00+00:00
[2026-09-08T02:29:35.621+0000] {processor.py:183} INFO - Processing /opt/airflow/dags/netflix_dag.py took 0.612 seconds
[2026-09-08T02:30:06.976+0000] {processor.py:161} INFO - Started process (PID=445) to work on /opt/airflow/dags/netflix_dag.py
[2026-09-08T02:30:06.979+0000] {processor.py:830} INFO - Processing file /opt/airflow/dags/netflix_dag.py for tasks to queue
[2026-09-08T02:30:06.984+0000] {logging_mixin.py:188} INFO - [2026-09-08T02:30:06.984+0000] {dagbag.py:545} INFO - Filling up the DagBag from /opt/airflow/dags/netflix_dag.py
[2026-09-08T02:30:07.043+0000] {processor.py:840} INFO - DAG(s) 'netflix_etl_pipeline' retrieved from /opt/airflow/dags/netflix_dag.py
[2026-09-08T02:30:07.116+0000] {logging_mixin.py:188} INFO - [2026-09-08T02:30:07.115+0000] {dag.py:3089} INFO - Sync 1 DAGs
[2026-09-08T02:30:07.228+0000] {logging_mixin.py:188} INFO - [2026-09-08T02:30:07.220+0000] {dag.py:3947} INFO - Setting next_dagrun for netflix_etl_pipeline to 2026-09-07 00:00:00+00:00, run_after=2026-09-08 00:00:00+00:00
[2026-09-08T02:30:07.454+0000] {processor.py:183} INFO - Processing /opt/airflow/dags/netflix_dag.py took 0.497 seconds
[2026-09-08T02:30:39.525+0000] {processor.py:161} INFO - Started process (PID=456) to work on /opt/airflow/dags/netflix_dag.py
[2026-09-08T02:30:39.563+0000] {processor.py:830} INFO - Processing file /opt/airflow/dags/netflix_dag.py for tasks to queue
[2026-09-08T02:30:39.607+0000] {logging_mixin.py:188} INFO - [2026-09-08T02:30:39.606+0000] {dagbag.py:545} INFO - Filling up the DagBag from /opt/airflow/dags/netflix_dag.py
[2026-09-08T02:30:40.993+0000] {processor.py:840} INFO - DAG(s) 'netflix_etl_pipeline' retrieved from /opt/airflow/dags/netflix_dag.py
[2026-09-08T02:30:41.208+0000] {logging_mixin.py:188} INFO - [2026-09-08T02:30:41.208+0000] {dag.py:3089} INFO - Sync 1 DAGs
[2026-09-08T02:30:41.427+0000] {logging_mixin.py:188} INFO - [2026-09-08T02:30:41.418+0000] {dag.py:3947} INFO - Setting next_dagrun for netflix_etl_pipeline to 2026-09-07 00:00:00+00:00, run_after=2026-09-08 00:00:00+00:00
[2026-09-08T02:30:41.528+0000] {processor.py:183} INFO - Processing /opt/airflow/dags/netflix_dag.py took 2.018 seconds
[2026-09-08T02:31:12.825+0000] {processor.py:161} INFO - Started process (PID=467) to work on /opt/airflow/dags/netflix_dag.py
[2026-09-08T02:31:12.838+0000] {processor.py:830} INFO - Processing file /opt/airflow/dags/netflix_dag.py for tasks to queue
[2026-09-08T02:31:12.845+0000] {logging_mixin.py:188} INFO - [2026-09-08T02:31:12.843+0000] {dagbag.py:545} INFO - Filling up the DagBag from /opt/airflow/dags/netflix_dag.py
[2026-09-08T02:31:13.402+0000] {processor.py:840} INFO - DAG(s) 'netflix_etl_pipeline' retrieved from /opt/airflow/dags/netflix_dag.py
[2026-09-08T02:31:13.632+0000] {logging_mixin.py:188} INFO - [2026-09-08T02:31:13.631+0000] {dag.py:3089} INFO - Sync 1 DAGs
[2026-09-08T02:31:13.854+0000] {logging_mixin.py:188} INFO - [2026-09-08T02:31:13.853+0000] {dag.py:3947} INFO - Setting next_dagrun for netflix_etl_pipeline to 2026-09-07 00:00:00+00:00, run_after=2026-09-08 00:00:00+00:00
[2026-09-08T02:31:16.265+0000] {processor.py:183} INFO - Processing /opt/airflow/dags/netflix_dag.py took 3.464 seconds
[2026-09-08T02:31:47.575+0000] {processor.py:161} INFO - Started process (PID=478) to work on /opt/airflow/dags/netflix_dag.py
[2026-09-08T02:31:47.578+0000] {processor.py:830} INFO - Processing file /opt/airflow/dags/netflix_dag.py for tasks to queue
[2026-09-08T02:31:47.585+0000] {logging_mixin.py:188} INFO - [2026-09-08T02:31:47.584+0000] {dagbag.py:545} INFO - Filling up the DagBag from /opt/airflow/dags/netflix_dag.py
[2026-09-08T02:31:47.654+0000] {processor.py:840} INFO - DAG(s) 'netflix_etl_pipeline' retrieved from /opt/airflow/dags/netflix_dag.py
[2026-09-08T02:31:47.863+0000] {logging_mixin.py:188} INFO - [2026-09-08T02:31:47.863+0000] {dag.py:3089} INFO - Sync 1 DAGs
[2026-09-08T02:31:48.023+0000] {logging_mixin.py:188} INFO - [2026-09-08T02:31:48.023+0000] {dag.py:3947} INFO - Setting next_dagrun for netflix_etl_pipeline to 2026-09-07 00:00:00+00:00, run_after=2026-09-08 00:00:00+00:00
[2026-09-08T02:31:48.213+0000] {processor.py:183} INFO - Processing /opt/airflow/dags/netflix_dag.py took 0.670 seconds
[2026-09-08T02:32:19.541+0000] {processor.py:161} INFO - Started process (PID=489) to work on /opt/airflow/dags/netflix_dag.py
[2026-09-08T02:32:19.543+0000] {processor.py:830} INFO - Processing file /opt/airflow/dags/netflix_dag.py for tasks to queue
[2026-09-08T02:32:19.547+0000] {logging_mixin.py:188} INFO - [2026-09-08T02:32:19.547+0000] {dagbag.py:545} INFO - Filling up the DagBag from /opt/airflow/dags/netflix_dag.py
[2026-09-08T02:32:19.595+0000] {processor.py:840} INFO - DAG(s) 'netflix_etl_pipeline' retrieved from /opt/airflow/dags/netflix_dag.py
[2026-09-08T02:32:19.795+0000] {logging_mixin.py:188} INFO - [2026-09-08T02:32:19.794+0000] {dag.py:3089} INFO - Sync 1 DAGs
[2026-09-08T02:32:19.973+0000] {logging_mixin.py:188} INFO - [2026-09-08T02:32:19.972+0000] {dag.py:3947} INFO - Setting next_dagrun for netflix_etl_pipeline to 2026-09-07 00:00:00+00:00, run_after=2026-09-08 00:00:00+00:00
[2026-09-08T02:32:20.169+0000] {processor.py:183} INFO - Processing /opt/airflow/dags/netflix_dag.py took 0.644 seconds
[2026-09-08T02:32:51.768+0000] {processor.py:161} INFO - Started process (PID=500) to work on /opt/airflow/dags/netflix_dag.py
[2026-09-08T02:32:51.771+0000] {processor.py:830} INFO - Processing file /opt/airflow/dags/netflix_dag.py for tasks to queue
[2026-09-08T02:32:51.785+0000] {logging_mixin.py:188} INFO - [2026-09-08T02:32:51.782+0000] {dagbag.py:545} INFO - Filling up the DagBag from /opt/airflow/dags/netflix_dag.py
[2026-09-08T02:32:51.858+0000] {processor.py:840} INFO - DAG(s) 'netflix_etl_pipeline' retrieved from /opt/airflow/dags/netflix_dag.py
[2026-09-08T02:32:52.037+0000] {logging_mixin.py:188} INFO - [2026-09-08T02:32:52.037+0000] {dag.py:3089} INFO - Sync 1 DAGs
[2026-09-08T02:32:52.192+0000] {logging_mixin.py:188} INFO - [2026-09-08T02:32:52.192+0000] {dag.py:3947} INFO - Setting next_dagrun for netflix_etl_pipeline to 2026-09-07 00:00:00+00:00, run_after=2026-09-08 00:00:00+00:00
[2026-09-08T02:32:52.366+0000] {processor.py:183} INFO - Processing /opt/airflow/dags/netflix_dag.py took 0.618 seconds
[2026-09-08T02:33:23.278+0000] {processor.py:161} INFO - Started process (PID=511) to work on /opt/airflow/dags/netflix_dag.py
[2026-09-08T02:33:23.284+0000] {processor.py:830} INFO - Processing file /opt/airflow/dags/netflix_dag.py for tasks to queue
[2026-09-08T02:33:23.298+0000] {logging_mixin.py:188} INFO - [2026-09-08T02:33:23.297+0000] {dagbag.py:545} INFO - Filling up the DagBag from /opt/airflow/dags/netflix_dag.py
[2026-09-08T02:33:23.383+0000] {processor.py:840} INFO - DAG(s) 'netflix_etl_pipeline' retrieved from /opt/airflow/dags/netflix_dag.py
[2026-09-08T02:33:23.510+0000] {logging_mixin.py:188} INFO - [2026-09-08T02:33:23.510+0000] {dag.py:3089} INFO - Sync 1 DAGs
[2026-09-08T02:33:23.592+0000] {logging_mixin.py:188} INFO - [2026-09-08T02:33:23.591+0000] {dag.py:3947} INFO - Setting next_dagrun for netflix_etl_pipeline to 2026-09-07 00:00:00+00:00, run_after=2026-09-08 00:00:00+00:00
[2026-09-08T02:33:23.647+0000] {processor.py:183} INFO - Processing /opt/airflow/dags/netflix_dag.py took 0.393 seconds
[2026-09-08T02:33:55.687+0000] {processor.py:161} INFO - Started process (PID=522) to work on /opt/airflow/dags/netflix_dag.py
[2026-09-08T02:33:55.700+0000] {processor.py:830} INFO - Processing file /opt/airflow/dags/netflix_dag.py for tasks to queue
[2026-09-08T02:33:55.707+0000] {logging_mixin.py:188} INFO - [2026-09-08T02:33:55.705+0000] {dagbag.py:545} INFO - Filling up the DagBag from /opt/airflow/dags/netflix_dag.py
[2026-09-08T02:33:55.836+0000] {processor.py:840} INFO - DAG(s) 'netflix_etl_pipeline' retrieved from /opt/airflow/dags/netflix_dag.py
[2026-09-08T02:33:56.043+0000] {logging_mixin.py:188} INFO - [2026-09-08T02:33:56.043+0000] {dag.py:3089} INFO - Sync 1 DAGs
[2026-09-08T02:33:56.276+0000] {logging_mixin.py:188} INFO - [2026-09-08T02:33:56.268+0000] {dag.py:3947} INFO - Setting next_dagrun for netflix_etl_pipeline to 2026-09-07 00:00:00+00:00, run_after=2026-09-08 00:00:00+00:00
[2026-09-08T02:33:56.577+0000] {processor.py:183} INFO - Processing /opt/airflow/dags/netflix_dag.py took 0.929 seconds
[2026-09-08T02:34:27.672+0000] {processor.py:161} INFO - Started process (PID=533) to work on /opt/airflow/dags/netflix_dag.py
[2026-09-08T02:34:27.674+0000] {processor.py:830} INFO - Processing file /opt/airflow/dags/netflix_dag.py for tasks to queue
[2026-09-08T02:34:27.677+0000] {logging_mixin.py:188} INFO - [2026-09-08T02:34:27.677+0000] {dagbag.py:545} INFO - Filling up the DagBag from /opt/airflow/dags/netflix_dag.py
[2026-09-08T02:34:27.712+0000] {processor.py:840} INFO - DAG(s) 'netflix_etl_pipeline' retrieved from /opt/airflow/dags/netflix_dag.py
[2026-09-08T02:34:27.905+0000] {logging_mixin.py:188} INFO - [2026-09-08T02:34:27.905+0000] {dag.py:3089} INFO - Sync 1 DAGs
[2026-09-08T02:34:28.107+0000] {logging_mixin.py:188} INFO - [2026-09-08T02:34:28.106+0000] {dag.py:3947} INFO - Setting next_dagrun for netflix_etl_pipeline to 2026-09-07 00:00:00+00:00, run_after=2026-09-08 00:00:00+00:00
[2026-09-08T02:34:28.278+0000] {processor.py:183} INFO - Processing /opt/airflow/dags/netflix_dag.py took 0.628 seconds
[2026-09-08T02:34:58.594+0000] {processor.py:161} INFO - Started process (PID=544) to work on /opt/airflow/dags/netflix_dag.py
[2026-09-08T02:34:58.597+0000] {processor.py:830} INFO - Processing file /opt/airflow/dags/netflix_dag.py for tasks to queue
[2026-09-08T02:34:58.607+0000] {logging_mixin.py:188} INFO - [2026-09-08T02:34:58.607+0000] {dagbag.py:545} INFO - Filling up the DagBag from /opt/airflow/dags/netflix_dag.py
[2026-09-08T02:34:59.321+0000] {processor.py:840} INFO - DAG(s) 'netflix_etl_pipeline' retrieved from /opt/airflow/dags/netflix_dag.py
[2026-09-08T02:34:59.511+0000] {logging_mixin.py:188} INFO - [2026-09-08T02:34:59.510+0000] {dag.py:3089} INFO - Sync 1 DAGs
[2026-09-08T02:34:59.688+0000] {logging_mixin.py:188} INFO - [2026-09-08T02:34:59.687+0000] {dag.py:3947} INFO - Setting next_dagrun for netflix_etl_pipeline to 2026-09-07 00:00:00+00:00, run_after=2026-09-08 00:00:00+00:00
[2026-09-08T02:34:59.934+0000] {processor.py:183} INFO - Processing /opt/airflow/dags/netflix_dag.py took 1.355 seconds
[2026-09-08T02:35:30.515+0000] {processor.py:161} INFO - Started process (PID=555) to work on /opt/airflow/dags/netflix_dag.py
[2026-09-08T02:35:30.518+0000] {processor.py:830} INFO - Processing file /opt/airflow/dags/netflix_dag.py for tasks to queue
[2026-09-08T02:35:30.521+0000] {logging_mixin.py:188} INFO - [2026-09-08T02:35:30.521+0000] {dagbag.py:545} INFO - Filling up the DagBag from /opt/airflow/dags/netflix_dag.py
[2026-09-08T02:35:30.563+0000] {processor.py:840} INFO - DAG(s) 'netflix_etl_pipeline' retrieved from /opt/airflow/dags/netflix_dag.py
[2026-09-08T02:35:30.755+0000] {logging_mixin.py:188} INFO - [2026-09-08T02:35:30.755+0000] {dag.py:3089} INFO - Sync 1 DAGs
[2026-09-08T02:35:30.913+0000] {logging_mixin.py:188} INFO - [2026-09-08T02:35:30.912+0000] {dag.py:3947} INFO - Setting next_dagrun for netflix_etl_pipeline to 2026-09-07 00:00:00+00:00, run_after=2026-09-08 00:00:00+00:00
[2026-09-08T02:35:31.064+0000] {processor.py:183} INFO - Processing /opt/airflow/dags/netflix_dag.py took 0.564 seconds
[2026-09-08T02:36:02.271+0000] {processor.py:161} INFO - Started process (PID=566) to work on /opt/airflow/dags/netflix_dag.py
[2026-09-08T02:36:02.281+0000] {processor.py:830} INFO - Processing file /opt/airflow/dags/netflix_dag.py for tasks to queue
[2026-09-08T02:36:02.292+0000] {logging_mixin.py:188} INFO - [2026-09-08T02:36:02.291+0000] {dagbag.py:545} INFO - Filling up the DagBag from /opt/airflow/dags/netflix_dag.py
[2026-09-08T02:36:02.367+0000] {processor.py:840} INFO - DAG(s) 'netflix_etl_pipeline' retrieved from /opt/airflow/dags/netflix_dag.py
[2026-09-08T02:36:02.578+0000] {logging_mixin.py:188} INFO - [2026-09-08T02:36:02.578+0000] {dag.py:3089} INFO - Sync 1 DAGs
[2026-09-08T02:36:02.735+0000] {logging_mixin.py:188} INFO - [2026-09-08T02:36:02.734+0000] {dag.py:3947} INFO - Setting next_dagrun for netflix_etl_pipeline to 2026-09-07 00:00:00+00:00, run_after=2026-09-08 00:00:00+00:00
[2026-09-08T02:36:02.905+0000] {processor.py:183} INFO - Processing /opt/airflow/dags/netflix_dag.py took 0.676 seconds
[2026-09-08T02:36:35.259+0000] {processor.py:161} INFO - Started process (PID=583) to work on /opt/airflow/dags/netflix_dag.py
[2026-09-08T02:36:35.285+0000] {processor.py:830} INFO - Processing file /opt/airflow/dags/netflix_dag.py for tasks to queue
[2026-09-08T02:36:35.332+0000] {logging_mixin.py:188} INFO - [2026-09-08T02:36:35.331+0000] {dagbag.py:545} INFO - Filling up the DagBag from /opt/airflow/dags/netflix_dag.py
[2026-09-08T02:36:35.502+0000] {processor.py:840} INFO - DAG(s) 'netflix_etl_pipeline' retrieved from /opt/airflow/dags/netflix_dag.py
[2026-09-08T02:36:35.689+0000] {logging_mixin.py:188} INFO - [2026-09-08T02:36:35.688+0000] {dag.py:3089} INFO - Sync 1 DAGs
[2026-09-08T02:36:35.853+0000] {logging_mixin.py:188} INFO - [2026-09-08T02:36:35.853+0000] {dag.py:3947} INFO - Setting next_dagrun for netflix_etl_pipeline to 2026-09-07 00:00:00+00:00, run_after=2026-09-08 00:00:00+00:00
[2026-09-08T02:36:36.028+0000] {processor.py:183} INFO - Processing /opt/airflow/dags/netflix_dag.py took 0.781 seconds
[2026-09-08T02:37:09.095+0000] {processor.py:161} INFO - Started process (PID=594) to work on /opt/airflow/dags/netflix_dag.py
[2026-09-08T02:37:09.193+0000] {processor.py:830} INFO - Processing file /opt/airflow/dags/netflix_dag.py for tasks to queue
[2026-09-08T02:37:11.317+0000] {logging_mixin.py:188} INFO - [2026-09-08T02:37:11.317+0000] {dagbag.py:545} INFO - Filling up the DagBag from /opt/airflow/dags/netflix_dag.py
[2026-09-08T02:37:11.397+0000] {processor.py:840} INFO - DAG(s) 'netflix_etl_pipeline' retrieved from /opt/airflow/dags/netflix_dag.py
[2026-09-08T02:37:11.730+0000] {logging_mixin.py:188} INFO - [2026-09-08T02:37:11.729+0000] {dag.py:3089} INFO - Sync 1 DAGs
[2026-09-08T02:37:12.161+0000] {logging_mixin.py:188} INFO - [2026-09-08T02:37:12.160+0000] {dag.py:3947} INFO - Setting next_dagrun for netflix_etl_pipeline to 2026-09-07 00:00:00+00:00, run_after=2026-09-08 00:00:00+00:00
[2026-09-08T02:37:12.512+0000] {processor.py:183} INFO - Processing /opt/airflow/dags/netflix_dag.py took 3.492 seconds
[2026-09-08T02:37:45.813+0000] {processor.py:161} INFO - Started process (PID=605) to work on /opt/airflow/dags/netflix_dag.py
[2026-09-08T02:37:45.858+0000] {processor.py:830} INFO - Processing file /opt/airflow/dags/netflix_dag.py for tasks to queue
[2026-09-08T02:37:45.862+0000] {logging_mixin.py:188} INFO - [2026-09-08T02:37:45.861+0000] {dagbag.py:545} INFO - Filling up the DagBag from /opt/airflow/dags/netflix_dag.py
[2026-09-08T02:37:46.001+0000] {processor.py:840} INFO - DAG(s) 'netflix_etl_pipeline' retrieved from /opt/airflow/dags/netflix_dag.py
[2026-09-08T02:37:46.158+0000] {logging_mixin.py:188} INFO - [2026-09-08T02:37:46.157+0000] {dag.py:3089} INFO - Sync 1 DAGs
[2026-09-08T02:37:46.350+0000] {logging_mixin.py:188} INFO - [2026-09-08T02:37:46.350+0000] {dag.py:3947} INFO - Setting next_dagrun for netflix_etl_pipeline to 2026-09-07 00:00:00+00:00, run_after=2026-09-08 00:00:00+00:00
[2026-09-08T02:37:46.410+0000] {processor.py:183} INFO - Processing /opt/airflow/dags/netflix_dag.py took 0.610 seconds
[2026-09-08T02:38:18.988+0000] {processor.py:161} INFO - Started process (PID=617) to work on /opt/airflow/dags/netflix_dag.py
[2026-09-08T02:38:19.016+0000] {processor.py:830} INFO - Processing file /opt/airflow/dags/netflix_dag.py for tasks to queue
[2026-09-08T02:38:19.053+0000] {logging_mixin.py:188} INFO - [2026-09-08T02:38:19.052+0000] {dagbag.py:545} INFO - Filling up the DagBag from /opt/airflow/dags/netflix_dag.py
[2026-09-08T02:38:19.141+0000] {processor.py:840} INFO - DAG(s) 'netflix_etl_pipeline' retrieved from /opt/airflow/dags/netflix_dag.py
[2026-09-08T02:38:19.307+0000] {logging_mixin.py:188} INFO - [2026-09-08T02:38:19.307+0000] {dag.py:3089} INFO - Sync 1 DAGs
[2026-09-08T02:38:19.418+0000] {logging_mixin.py:188} INFO - [2026-09-08T02:38:19.418+0000] {dag.py:3947} INFO - Setting next_dagrun for netflix_etl_pipeline to 2026-09-07 00:00:00+00:00, run_after=2026-09-08 00:00:00+00:00
[2026-09-08T02:38:19.799+0000] {processor.py:183} INFO - Processing /opt/airflow/dags/netflix_dag.py took 0.848 seconds
[2026-09-08T02:38:52.614+0000] {processor.py:161} INFO - Started process (PID=628) to work on /opt/airflow/dags/netflix_dag.py
[2026-09-08T02:38:52.666+0000] {processor.py:830} INFO - Processing file /opt/airflow/dags/netflix_dag.py for tasks to queue
[2026-09-08T02:38:52.687+0000] {logging_mixin.py:188} INFO - [2026-09-08T02:38:52.684+0000] {dagbag.py:545} INFO - Filling up the DagBag from /opt/airflow/dags/netflix_dag.py
[2026-09-08T02:38:52.903+0000] {processor.py:840} INFO - DAG(s) 'netflix_etl_pipeline' retrieved from /opt/airflow/dags/netflix_dag.py
[2026-09-08T02:38:53.162+0000] {logging_mixin.py:188} INFO - [2026-09-08T02:38:53.161+0000] {dag.py:3089} INFO - Sync 1 DAGs
[2026-09-08T02:38:53.335+0000] {logging_mixin.py:188} INFO - [2026-09-08T02:38:53.334+0000] {dag.py:3947} INFO - Setting next_dagrun for netflix_etl_pipeline to 2026-09-07 00:00:00+00:00, run_after=2026-09-08 00:00:00+00:00
[2026-09-08T02:38:53.595+0000] {processor.py:183} INFO - Processing /opt/airflow/dags/netflix_dag.py took 1.013 seconds
[2026-09-08T02:39:25.147+0000] {processor.py:161} INFO - Started process (PID=639) to work on /opt/airflow/dags/netflix_dag.py
[2026-09-08T02:39:25.169+0000] {processor.py:830} INFO - Processing file /opt/airflow/dags/netflix_dag.py for tasks to queue
[2026-09-08T02:39:25.211+0000] {logging_mixin.py:188} INFO - [2026-09-08T02:39:25.210+0000] {dagbag.py:545} INFO - Filling up the DagBag from /opt/airflow/dags/netflix_dag.py
[2026-09-08T02:39:25.914+0000] {processor.py:840} INFO - DAG(s) 'netflix_etl_pipeline' retrieved from /opt/airflow/dags/netflix_dag.py
[2026-09-08T02:39:26.119+0000] {logging_mixin.py:188} INFO - [2026-09-08T02:39:26.118+0000] {dag.py:3089} INFO - Sync 1 DAGs
[2026-09-08T02:39:26.288+0000] {logging_mixin.py:188} INFO - [2026-09-08T02:39:26.288+0000] {dag.py:3947} INFO - Setting next_dagrun for netflix_etl_pipeline to 2026-09-07 00:00:00+00:00, run_after=2026-09-08 00:00:00+00:00
[2026-09-08T02:39:26.499+0000] {processor.py:183} INFO - Processing /opt/airflow/dags/netflix_dag.py took 1.377 seconds
[2026-09-08T02:39:58.063+0000] {processor.py:161} INFO - Started process (PID=650) to work on /opt/airflow/dags/netflix_dag.py
[2026-09-08T02:39:58.071+0000] {processor.py:830} INFO - Processing file /opt/airflow/dags/netflix_dag.py for tasks to queue
[2026-09-08T02:39:58.118+0000] {logging_mixin.py:188} INFO - [2026-09-08T02:39:58.117+0000] {dagbag.py:545} INFO - Filling up the DagBag from /opt/airflow/dags/netflix_dag.py
[2026-09-08T02:39:59.447+0000] {processor.py:840} INFO - DAG(s) 'netflix_etl_pipeline' retrieved from /opt/airflow/dags/netflix_dag.py
[2026-09-08T02:39:59.661+0000] {logging_mixin.py:188} INFO - [2026-09-08T02:39:59.661+0000] {dag.py:3089} INFO - Sync 1 DAGs
[2026-09-08T02:39:59.839+0000] {logging_mixin.py:188} INFO - [2026-09-08T02:39:59.839+0000] {dag.py:3947} INFO - Setting next_dagrun for netflix_etl_pipeline to 2026-09-07 00:00:00+00:00, run_after=2026-09-08 00:00:00+00:00
[2026-09-08T02:40:00.152+0000] {processor.py:183} INFO - Processing /opt/airflow/dags/netflix_dag.py took 2.106 seconds
[2026-09-08T02:40:31.048+0000] {processor.py:161} INFO - Started process (PID=661) to work on /opt/airflow/dags/netflix_dag.py
[2026-09-08T02:40:31.054+0000] {processor.py:830} INFO - Processing file /opt/airflow/dags/netflix_dag.py for tasks to queue
[2026-09-08T02:40:31.066+0000] {logging_mixin.py:188} INFO - [2026-09-08T02:40:31.065+0000] {dagbag.py:545} INFO - Filling up the DagBag from /opt/airflow/dags/netflix_dag.py
[2026-09-08T02:40:31.226+0000] {processor.py:840} INFO - DAG(s) 'netflix_etl_pipeline' retrieved from /opt/airflow/dags/netflix_dag.py
[2026-09-08T02:40:31.462+0000] {logging_mixin.py:188} INFO - [2026-09-08T02:40:31.451+0000] {dag.py:3089} INFO - Sync 1 DAGs
[2026-09-08T02:40:31.546+0000] {logging_mixin.py:188} INFO - [2026-09-08T02:40:31.546+0000] {dag.py:3947} INFO - Setting next_dagrun for netflix_etl_pipeline to 2026-09-07 00:00:00+00:00, run_after=2026-09-08 00:00:00+00:00
[2026-09-08T02:40:31.623+0000] {processor.py:183} INFO - Processing /opt/airflow/dags/netflix_dag.py took 0.611 seconds
[2026-09-08T02:41:02.918+0000] {processor.py:161} INFO - Started process (PID=672) to work on /opt/airflow/dags/netflix_dag.py
[2026-09-08T02:41:02.921+0000] {processor.py:830} INFO - Processing file /opt/airflow/dags/netflix_dag.py for tasks to queue
[2026-09-08T02:41:02.934+0000] {logging_mixin.py:188} INFO - [2026-09-08T02:41:02.933+0000] {dagbag.py:545} INFO - Filling up the DagBag from /opt/airflow/dags/netflix_dag.py
[2026-09-08T02:41:03.001+0000] {processor.py:840} INFO - DAG(s) 'netflix_etl_pipeline' retrieved from /opt/airflow/dags/netflix_dag.py
[2026-09-08T02:41:03.129+0000] {logging_mixin.py:188} INFO - [2026-09-08T02:41:03.128+0000] {dag.py:3089} INFO - Sync 1 DAGs
[2026-09-08T02:41:03.172+0000] {logging_mixin.py:188} INFO - [2026-09-08T02:41:03.172+0000] {dag.py:3947} INFO - Setting next_dagrun for netflix_etl_pipeline to 2026-09-07 00:00:00+00:00, run_after=2026-09-08 00:00:00+00:00
[2026-09-08T02:41:03.216+0000] {processor.py:183} INFO - Processing /opt/airflow/dags/netflix_dag.py took 0.328 seconds
[2026-09-08T02:41:35.035+0000] {processor.py:161} INFO - Started process (PID=683) to work on /opt/airflow/dags/netflix_dag.py
[2026-09-08T02:41:35.098+0000] {processor.py:830} INFO - Processing file /opt/airflow/dags/netflix_dag.py for tasks to queue
[2026-09-08T02:41:35.206+0000] {logging_mixin.py:188} INFO - [2026-09-08T02:41:35.205+0000] {dagbag.py:545} INFO - Filling up the DagBag from /opt/airflow/dags/netflix_dag.py
[2026-09-08T02:41:35.542+0000] {processor.py:840} INFO - DAG(s) 'netflix_etl_pipeline' retrieved from /opt/airflow/dags/netflix_dag.py
[2026-09-08T02:41:35.762+0000] {logging_mixin.py:188} INFO - [2026-09-08T02:41:35.761+0000] {dag.py:3089} INFO - Sync 1 DAGs
[2026-09-08T02:41:35.922+0000] {logging_mixin.py:188} INFO - [2026-09-08T02:41:35.922+0000] {dag.py:3947} INFO - Setting next_dagrun for netflix_etl_pipeline to 2026-09-07 00:00:00+00:00, run_after=2026-09-08 00:00:00+00:00
[2026-09-08T02:41:36.129+0000] {processor.py:183} INFO - Processing /opt/airflow/dags/netflix_dag.py took 1.119 seconds
[2026-09-08T02:42:07.162+0000] {processor.py:161} INFO - Started process (PID=694) to work on /opt/airflow/dags/netflix_dag.py
[2026-09-08T02:42:07.165+0000] {processor.py:830} INFO - Processing file /opt/airflow/dags/netflix_dag.py for tasks to queue
[2026-09-08T02:42:07.171+0000] {logging_mixin.py:188} INFO - [2026-09-08T02:42:07.170+0000] {dagbag.py:545} INFO - Filling up the DagBag from /opt/airflow/dags/netflix_dag.py
[2026-09-08T02:42:07.217+0000] {processor.py:840} INFO - DAG(s) 'netflix_etl_pipeline' retrieved from /opt/airflow/dags/netflix_dag.py
[2026-09-08T02:42:07.326+0000] {logging_mixin.py:188} INFO - [2026-09-08T02:42:07.325+0000] {dag.py:3089} INFO - Sync 1 DAGs
[2026-09-08T02:42:07.403+0000] {logging_mixin.py:188} INFO - [2026-09-08T02:42:07.402+0000] {dag.py:3947} INFO - Setting next_dagrun for netflix_etl_pipeline to 2026-09-07 00:00:00+00:00, run_after=2026-09-08 00:00:00+00:00
[2026-09-08T02:42:07.488+0000] {processor.py:183} INFO - Processing /opt/airflow/dags/netflix_dag.py took 0.340 seconds
[2026-09-08T02:42:39.360+0000] {processor.py:161} INFO - Started process (PID=705) to work on /opt/airflow/dags/netflix_dag.py
[2026-09-08T02:42:39.416+0000] {processor.py:830} INFO - Processing file /opt/airflow/dags/netflix_dag.py for tasks to queue
[2026-09-08T02:42:39.454+0000] {logging_mixin.py:188} INFO - [2026-09-08T02:42:39.453+0000] {dagbag.py:545} INFO - Filling up the DagBag from /opt/airflow/dags/netflix_dag.py
[2026-09-08T02:42:40.042+0000] {processor.py:840} INFO - DAG(s) 'netflix_etl_pipeline' retrieved from /opt/airflow/dags/netflix_dag.py
[2026-09-08T02:42:40.270+0000] {logging_mixin.py:188} INFO - [2026-09-08T02:42:40.269+0000] {dag.py:3089} INFO - Sync 1 DAGs
[2026-09-08T02:42:40.449+0000] {logging_mixin.py:188} INFO - [2026-09-08T02:42:40.439+0000] {dag.py:3947} INFO - Setting next_dagrun for netflix_etl_pipeline to 2026-09-07 00:00:00+00:00, run_after=2026-09-08 00:00:00+00:00
[2026-09-08T02:42:40.648+0000] {processor.py:183} INFO - Processing /opt/airflow/dags/netflix_dag.py took 1.320 seconds
[2026-09-08T02:43:12.098+0000] {processor.py:161} INFO - Started process (PID=716) to work on /opt/airflow/dags/netflix_dag.py
[2026-09-08T02:43:12.113+0000] {processor.py:830} INFO - Processing file /opt/airflow/dags/netflix_dag.py for tasks to queue
[2026-09-08T02:43:12.129+0000] {logging_mixin.py:188} INFO - [2026-09-08T02:43:12.126+0000] {dagbag.py:545} INFO - Filling up the DagBag from /opt/airflow/dags/netflix_dag.py
[2026-09-08T02:43:12.203+0000] {processor.py:840} INFO - DAG(s) 'netflix_etl_pipeline' retrieved from /opt/airflow/dags/netflix_dag.py
[2026-09-08T02:43:12.292+0000] {logging_mixin.py:188} INFO - [2026-09-08T02:43:12.292+0000] {dag.py:3089} INFO - Sync 1 DAGs
[2026-09-08T02:43:12.381+0000] {logging_mixin.py:188} INFO - [2026-09-08T02:43:12.380+0000] {dag.py:3947} INFO - Setting next_dagrun for netflix_etl_pipeline to 2026-09-07 00:00:00+00:00, run_after=2026-09-08 00:00:00+00:00
[2026-09-08T02:43:12.654+0000] {processor.py:183} INFO - Processing /opt/airflow/dags/netflix_dag.py took 0.589 seconds
[2026-09-08T02:43:44.749+0000] {processor.py:161} INFO - Started process (PID=733) to work on /opt/airflow/dags/netflix_dag.py
[2026-09-08T02:43:44.816+0000] {processor.py:830} INFO - Processing file /opt/airflow/dags/netflix_dag.py for tasks to queue
[2026-09-08T02:43:44.864+0000] {logging_mixin.py:188} INFO - [2026-09-08T02:43:44.863+0000] {dagbag.py:545} INFO - Filling up the DagBag from /opt/airflow/dags/netflix_dag.py
[2026-09-08T02:43:45.975+0000] {processor.py:840} INFO - DAG(s) 'netflix_etl_pipeline' retrieved from /opt/airflow/dags/netflix_dag.py
[2026-09-08T02:43:46.185+0000] {logging_mixin.py:188} INFO - [2026-09-08T02:43:46.184+0000] {dag.py:3089} INFO - Sync 1 DAGs
[2026-09-08T02:43:46.345+0000] {logging_mixin.py:188} INFO - [2026-09-08T02:43:46.345+0000] {dag.py:3947} INFO - Setting next_dagrun for netflix_etl_pipeline to 2026-09-07 00:00:00+00:00, run_after=2026-09-08 00:00:00+00:00
[2026-09-08T02:43:46.466+0000] {processor.py:183} INFO - Processing /opt/airflow/dags/netflix_dag.py took 1.737 seconds
[2026-09-08T02:44:17.292+0000] {processor.py:161} INFO - Started process (PID=744) to work on /opt/airflow/dags/netflix_dag.py
[2026-09-08T02:44:17.296+0000] {processor.py:830} INFO - Processing file /opt/airflow/dags/netflix_dag.py for tasks to queue
[2026-09-08T02:44:17.305+0000] {logging_mixin.py:188} INFO - [2026-09-08T02:44:17.302+0000] {dagbag.py:545} INFO - Filling up the DagBag from /opt/airflow/dags/netflix_dag.py
[2026-09-08T02:44:18.316+0000] {processor.py:840} INFO - DAG(s) 'netflix_etl_pipeline' retrieved from /opt/airflow/dags/netflix_dag.py
[2026-09-08T02:44:18.509+0000] {logging_mixin.py:188} INFO - [2026-09-08T02:44:18.508+0000] {dag.py:3089} INFO - Sync 1 DAGs
[2026-09-08T02:44:18.723+0000] {logging_mixin.py:188} INFO - [2026-09-08T02:44:18.722+0000] {dag.py:3947} INFO - Setting next_dagrun for netflix_etl_pipeline to 2026-09-07 00:00:00+00:00, run_after=2026-09-08 00:00:00+00:00
[2026-09-08T02:44:18.989+0000] {processor.py:183} INFO - Processing /opt/airflow/dags/netflix_dag.py took 1.717 seconds
[2026-09-08T02:44:49.956+0000] {processor.py:161} INFO - Started process (PID=756) to work on /opt/airflow/dags/netflix_dag.py
[2026-09-08T02:44:49.959+0000] {processor.py:830} INFO - Processing file /opt/airflow/dags/netflix_dag.py for tasks to queue
[2026-09-08T02:44:49.964+0000] {logging_mixin.py:188} INFO - [2026-09-08T02:44:49.963+0000] {dagbag.py:545} INFO - Filling up the DagBag from /opt/airflow/dags/netflix_dag.py
[2026-09-08T02:44:50.010+0000] {processor.py:840} INFO - DAG(s) 'netflix_etl_pipeline' retrieved from /opt/airflow/dags/netflix_dag.py
[2026-09-08T02:44:50.080+0000] {logging_mixin.py:188} INFO - [2026-09-08T02:44:50.079+0000] {dag.py:3089} INFO - Sync 1 DAGs
[2026-09-08T02:44:50.127+0000] {logging_mixin.py:188} INFO - [2026-09-08T02:44:50.126+0000] {dag.py:3947} INFO - Setting next_dagrun for netflix_etl_pipeline to 2026-09-07 00:00:00+00:00, run_after=2026-09-08 00:00:00+00:00
[2026-09-08T02:44:50.178+0000] {processor.py:183} INFO - Processing /opt/airflow/dags/netflix_dag.py took 0.234 seconds
[2026-09-08T02:45:20.721+0000] {processor.py:161} INFO - Started process (PID=767) to work on /opt/airflow/dags/netflix_dag.py
[2026-09-08T02:45:20.726+0000] {processor.py:830} INFO - Processing file /opt/airflow/dags/netflix_dag.py for tasks to queue
[2026-09-08T02:45:20.732+0000] {logging_mixin.py:188} INFO - [2026-09-08T02:45:20.731+0000] {dagbag.py:545} INFO - Filling up the DagBag from /opt/airflow/dags/netflix_dag.py
[2026-09-08T02:45:20.819+0000] {processor.py:840} INFO - DAG(s) 'netflix_etl_pipeline' retrieved from /opt/airflow/dags/netflix_dag.py
[2026-09-08T02:45:21.051+0000] {logging_mixin.py:188} INFO - [2026-09-08T02:45:21.051+0000] {dag.py:3089} INFO - Sync 1 DAGs
[2026-09-08T02:45:21.228+0000] {logging_mixin.py:188} INFO - [2026-09-08T02:45:21.228+0000] {dag.py:3947} INFO - Setting next_dagrun for netflix_etl_pipeline to 2026-09-07 00:00:00+00:00, run_after=2026-09-08 00:00:00+00:00
[2026-09-08T02:45:21.438+0000] {processor.py:183} INFO - Processing /opt/airflow/dags/netflix_dag.py took 0.744 seconds
[2026-09-08T02:45:56.739+0000] {processor.py:161} INFO - Started process (PID=778) to work on /opt/airflow/dags/netflix_dag.py
[2026-09-08T02:45:56.741+0000] {processor.py:830} INFO - Processing file /opt/airflow/dags/netflix_dag.py for tasks to queue
[2026-09-08T02:45:56.777+0000] {logging_mixin.py:188} INFO - [2026-09-08T02:45:56.776+0000] {dagbag.py:545} INFO - Filling up the DagBag from /opt/airflow/dags/netflix_dag.py
[2026-09-08T02:45:56.836+0000] {processor.py:840} INFO - DAG(s) 'netflix_etl_pipeline' retrieved from /opt/airflow/dags/netflix_dag.py
[2026-09-08T02:45:57.035+0000] {logging_mixin.py:188} INFO - [2026-09-08T02:45:57.034+0000] {dag.py:3089} INFO - Sync 1 DAGs
[2026-09-08T02:45:57.242+0000] {logging_mixin.py:188} INFO - [2026-09-08T02:45:57.241+0000] {dag.py:3947} INFO - Setting next_dagrun for netflix_etl_pipeline to 2026-09-07 00:00:00+00:00, run_after=2026-09-08 00:00:00+00:00
[2026-09-08T02:45:57.439+0000] {processor.py:183} INFO - Processing /opt/airflow/dags/netflix_dag.py took 0.708 seconds
[2026-09-08T02:46:27.988+0000] {processor.py:161} INFO - Started process (PID=789) to work on /opt/airflow/dags/netflix_dag.py
[2026-09-08T02:46:28.003+0000] {processor.py:830} INFO - Processing file /opt/airflow/dags/netflix_dag.py for tasks to queue
[2026-09-08T02:46:28.034+0000] {logging_mixin.py:188} INFO - [2026-09-08T02:46:28.033+0000] {dagbag.py:545} INFO - Filling up the DagBag from /opt/airflow/dags/netflix_dag.py
[2026-09-08T02:46:28.739+0000] {processor.py:840} INFO - DAG(s) 'netflix_etl_pipeline' retrieved from /opt/airflow/dags/netflix_dag.py
[2026-09-08T02:46:28.893+0000] {logging_mixin.py:188} INFO - [2026-09-08T02:46:28.893+0000] {dag.py:3089} INFO - Sync 1 DAGs
[2026-09-08T02:46:29.061+0000] {logging_mixin.py:188} INFO - [2026-09-08T02:46:29.060+0000] {dag.py:3947} INFO - Setting next_dagrun for netflix_etl_pipeline to 2026-09-07 00:00:00+00:00, run_after=2026-09-08 00:00:00+00:00
[2026-09-08T02:46:29.229+0000] {processor.py:183} INFO - Processing /opt/airflow/dags/netflix_dag.py took 1.276 seconds
[2026-09-08T02:47:00.057+0000] {processor.py:161} INFO - Started process (PID=800) to work on /opt/airflow/dags/netflix_dag.py
[2026-09-08T02:47:00.059+0000] {processor.py:830} INFO - Processing file /opt/airflow/dags/netflix_dag.py for tasks to queue
[2026-09-08T02:47:00.066+0000] {logging_mixin.py:188} INFO - [2026-09-08T02:47:00.065+0000] {dagbag.py:545} INFO - Filling up the DagBag from /opt/airflow/dags/netflix_dag.py
[2026-09-08T02:47:00.106+0000] {processor.py:840} INFO - DAG(s) 'netflix_etl_pipeline' retrieved from /opt/airflow/dags/netflix_dag.py
[2026-09-08T02:47:00.180+0000] {logging_mixin.py:188} INFO - [2026-09-08T02:47:00.179+0000] {dag.py:3089} INFO - Sync 1 DAGs
[2026-09-08T02:47:00.255+0000] {logging_mixin.py:188} INFO - [2026-09-08T02:47:00.255+0000] {dag.py:3947} INFO - Setting next_dagrun for netflix_etl_pipeline to 2026-09-07 00:00:00+00:00, run_after=2026-09-08 00:00:00+00:00
[2026-09-08T02:47:00.350+0000] {processor.py:183} INFO - Processing /opt/airflow/dags/netflix_dag.py took 0.316 seconds
[2026-09-08T02:47:31.312+0000] {processor.py:161} INFO - Started process (PID=811) to work on /opt/airflow/dags/netflix_dag.py
[2026-09-08T02:47:31.337+0000] {processor.py:830} INFO - Processing file /opt/airflow/dags/netflix_dag.py for tasks to queue
[2026-09-08T02:47:31.371+0000] {logging_mixin.py:188} INFO - [2026-09-08T02:47:31.370+0000] {dagbag.py:545} INFO - Filling up the DagBag from /opt/airflow/dags/netflix_dag.py
[2026-09-08T02:47:31.619+0000] {processor.py:840} INFO - DAG(s) 'netflix_etl_pipeline' retrieved from /opt/airflow/dags/netflix_dag.py
[2026-09-08T02:47:31.732+0000] {logging_mixin.py:188} INFO - [2026-09-08T02:47:31.731+0000] {dag.py:3089} INFO - Sync 1 DAGs
[2026-09-08T02:47:31.888+0000] {logging_mixin.py:188} INFO - [2026-09-08T02:47:31.887+0000] {dag.py:3947} INFO - Setting next_dagrun for netflix_etl_pipeline to 2026-09-07 00:00:00+00:00, run_after=2026-09-08 00:00:00+00:00
[2026-09-08T02:47:32.213+0000] {processor.py:183} INFO - Processing /opt/airflow/dags/netflix_dag.py took 0.924 seconds
[2026-09-08T02:48:03.739+0000] {processor.py:161} INFO - Started process (PID=822) to work on /opt/airflow/dags/netflix_dag.py
[2026-09-08T02:48:03.742+0000] {processor.py:830} INFO - Processing file /opt/airflow/dags/netflix_dag.py for tasks to queue
[2026-09-08T02:48:03.750+0000] {logging_mixin.py:188} INFO - [2026-09-08T02:48:03.748+0000] {dagbag.py:545} INFO - Filling up the DagBag from /opt/airflow/dags/netflix_dag.py
[2026-09-08T02:48:03.902+0000] {processor.py:840} INFO - DAG(s) 'netflix_etl_pipeline' retrieved from /opt/airflow/dags/netflix_dag.py
[2026-09-08T02:48:04.119+0000] {logging_mixin.py:188} INFO - [2026-09-08T02:48:04.118+0000] {dag.py:3089} INFO - Sync 1 DAGs
[2026-09-08T02:48:04.354+0000] {logging_mixin.py:188} INFO - [2026-09-08T02:48:04.354+0000] {dag.py:3947} INFO - Setting next_dagrun for netflix_etl_pipeline to 2026-09-07 00:00:00+00:00, run_after=2026-09-08 00:00:00+00:00
[2026-09-08T02:48:04.632+0000] {processor.py:183} INFO - Processing /opt/airflow/dags/netflix_dag.py took 0.935 seconds
[2026-09-08T02:48:36.107+0000] {processor.py:161} INFO - Started process (PID=833) to work on /opt/airflow/dags/netflix_dag.py
[2026-09-08T02:48:36.168+0000] {processor.py:830} INFO - Processing file /opt/airflow/dags/netflix_dag.py for tasks to queue
[2026-09-08T02:48:36.216+0000] {logging_mixin.py:188} INFO - [2026-09-08T02:48:36.215+0000] {dagbag.py:545} INFO - Filling up the DagBag from /opt/airflow/dags/netflix_dag.py
[2026-09-08T02:48:37.348+0000] {processor.py:840} INFO - DAG(s) 'netflix_etl_pipeline' retrieved from /opt/airflow/dags/netflix_dag.py
[2026-09-08T02:48:37.549+0000] {logging_mixin.py:188} INFO - [2026-09-08T02:48:37.549+0000] {dag.py:3089} INFO - Sync 1 DAGs
[2026-09-08T02:48:37.701+0000] {logging_mixin.py:188} INFO - [2026-09-08T02:48:37.700+0000] {dag.py:3947} INFO - Setting next_dagrun for netflix_etl_pipeline to 2026-09-07 00:00:00+00:00, run_after=2026-09-08 00:00:00+00:00
[2026-09-08T02:48:37.847+0000] {processor.py:183} INFO - Processing /opt/airflow/dags/netflix_dag.py took 1.764 seconds
[2026-09-08T02:49:09.144+0000] {processor.py:161} INFO - Started process (PID=844) to work on /opt/airflow/dags/netflix_dag.py
[2026-09-08T02:49:09.148+0000] {processor.py:830} INFO - Processing file /opt/airflow/dags/netflix_dag.py for tasks to queue
[2026-09-08T02:49:09.175+0000] {logging_mixin.py:188} INFO - [2026-09-08T02:49:09.174+0000] {dagbag.py:545} INFO - Filling up the DagBag from /opt/airflow/dags/netflix_dag.py
[2026-09-08T02:49:10.547+0000] {processor.py:840} INFO - DAG(s) 'netflix_etl_pipeline' retrieved from /opt/airflow/dags/netflix_dag.py
[2026-09-08T02:49:10.726+0000] {logging_mixin.py:188} INFO - [2026-09-08T02:49:10.726+0000] {dag.py:3089} INFO - Sync 1 DAGs
[2026-09-08T02:49:10.904+0000] {logging_mixin.py:188} INFO - [2026-09-08T02:49:10.904+0000] {dag.py:3947} INFO - Setting next_dagrun for netflix_etl_pipeline to 2026-09-07 00:00:00+00:00, run_after=2026-09-08 00:00:00+00:00
[2026-09-08T02:49:11.085+0000] {processor.py:183} INFO - Processing /opt/airflow/dags/netflix_dag.py took 1.959 seconds
[2026-09-08T02:49:41.708+0000] {processor.py:161} INFO - Started process (PID=855) to work on /opt/airflow/dags/netflix_dag.py
[2026-09-08T02:49:41.710+0000] {processor.py:830} INFO - Processing file /opt/airflow/dags/netflix_dag.py for tasks to queue
[2026-09-08T02:49:41.715+0000] {logging_mixin.py:188} INFO - [2026-09-08T02:49:41.714+0000] {dagbag.py:545} INFO - Filling up the DagBag from /opt/airflow/dags/netflix_dag.py
[2026-09-08T02:49:41.758+0000] {processor.py:840} INFO - DAG(s) 'netflix_etl_pipeline' retrieved from /opt/airflow/dags/netflix_dag.py
[2026-09-08T02:49:41.893+0000] {logging_mixin.py:188} INFO - [2026-09-08T02:49:41.893+0000] {dag.py:3089} INFO - Sync 1 DAGs
[2026-09-08T02:49:42.047+0000] {logging_mixin.py:188} INFO - [2026-09-08T02:49:42.047+0000] {dag.py:3947} INFO - Setting next_dagrun for netflix_etl_pipeline to 2026-09-07 00:00:00+00:00, run_after=2026-09-08 00:00:00+00:00
[2026-09-08T02:49:42.243+0000] {processor.py:183} INFO - Processing /opt/airflow/dags/netflix_dag.py took 0.566 seconds
[2026-09-08T02:50:13.203+0000] {processor.py:161} INFO - Started process (PID=866) to work on /opt/airflow/dags/netflix_dag.py
[2026-09-08T02:50:13.246+0000] {processor.py:830} INFO - Processing file /opt/airflow/dags/netflix_dag.py for tasks to queue
[2026-09-08T02:50:13.315+0000] {logging_mixin.py:188} INFO - [2026-09-08T02:50:13.314+0000] {dagbag.py:545} INFO - Filling up the DagBag from /opt/airflow/dags/netflix_dag.py
[2026-09-08T02:50:14.147+0000] {processor.py:840} INFO - DAG(s) 'netflix_etl_pipeline' retrieved from /opt/airflow/dags/netflix_dag.py
[2026-09-08T02:50:14.384+0000] {logging_mixin.py:188} INFO - [2026-09-08T02:50:14.384+0000] {dag.py:3089} INFO - Sync 1 DAGs
[2026-09-08T02:50:14.535+0000] {logging_mixin.py:188} INFO - [2026-09-08T02:50:14.534+0000] {dag.py:3947} INFO - Setting next_dagrun for netflix_etl_pipeline to 2026-09-07 00:00:00+00:00, run_after=2026-09-08 00:00:00+00:00
[2026-09-08T02:50:14.758+0000] {processor.py:183} INFO - Processing /opt/airflow/dags/netflix_dag.py took 1.596 seconds
[2026-09-08T02:50:45.876+0000] {processor.py:161} INFO - Started process (PID=877) to work on /opt/airflow/dags/netflix_dag.py
[2026-09-08T02:50:45.882+0000] {processor.py:830} INFO - Processing file /opt/airflow/dags/netflix_dag.py for tasks to queue
[2026-09-08T02:50:45.901+0000] {logging_mixin.py:188} INFO - [2026-09-08T02:50:45.900+0000] {dagbag.py:545} INFO - Filling up the DagBag from /opt/airflow/dags/netflix_dag.py
[2026-09-08T02:50:46.613+0000] {processor.py:840} INFO - DAG(s) 'netflix_etl_pipeline' retrieved from /opt/airflow/dags/netflix_dag.py
[2026-09-08T02:50:46.743+0000] {logging_mixin.py:188} INFO - [2026-09-08T02:50:46.742+0000] {dag.py:3089} INFO - Sync 1 DAGs
[2026-09-08T02:50:46.915+0000] {logging_mixin.py:188} INFO - [2026-09-08T02:50:46.914+0000] {dag.py:3947} INFO - Setting next_dagrun for netflix_etl_pipeline to 2026-09-07 00:00:00+00:00, run_after=2026-09-08 00:00:00+00:00
[2026-09-08T02:50:47.130+0000] {processor.py:183} INFO - Processing /opt/airflow/dags/netflix_dag.py took 1.285 seconds
[2026-09-08T02:51:18.085+0000] {processor.py:161} INFO - Started process (PID=894) to work on /opt/airflow/dags/netflix_dag.py
[2026-09-08T02:51:18.090+0000] {processor.py:830} INFO - Processing file /opt/airflow/dags/netflix_dag.py for tasks to queue
[2026-09-08T02:51:18.103+0000] {logging_mixin.py:188} INFO - [2026-09-08T02:51:18.102+0000] {dagbag.py:545} INFO - Filling up the DagBag from /opt/airflow/dags/netflix_dag.py
[2026-09-08T02:51:18.624+0000] {processor.py:840} INFO - DAG(s) 'netflix_etl_pipeline' retrieved from /opt/airflow/dags/netflix_dag.py
[2026-09-08T02:51:18.775+0000] {logging_mixin.py:188} INFO - [2026-09-08T02:51:18.774+0000] {dag.py:3089} INFO - Sync 1 DAGs
[2026-09-08T02:51:18.950+0000] {logging_mixin.py:188} INFO - [2026-09-08T02:51:18.949+0000] {dag.py:3947} INFO - Setting next_dagrun for netflix_etl_pipeline to 2026-09-07 00:00:00+00:00, run_after=2026-09-08 00:00:00+00:00
[2026-09-08T02:51:19.137+0000] {processor.py:183} INFO - Processing /opt/airflow/dags/netflix_dag.py took 1.075 seconds
[2026-09-08T02:51:49.704+0000] {processor.py:161} INFO - Started process (PID=906) to work on /opt/airflow/dags/netflix_dag.py
[2026-09-08T02:51:49.707+0000] {processor.py:830} INFO - Processing file /opt/airflow/dags/netflix_dag.py for tasks to queue
[2026-09-08T02:51:49.716+0000] {logging_mixin.py:188} INFO - [2026-09-08T02:51:49.715+0000] {dagbag.py:545} INFO - Filling up the DagBag from /opt/airflow/dags/netflix_dag.py
[2026-09-08T02:51:50.332+0000] {processor.py:840} INFO - DAG(s) 'netflix_etl_pipeline' retrieved from /opt/airflow/dags/netflix_dag.py
[2026-09-08T02:51:50.432+0000] {logging_mixin.py:188} INFO - [2026-09-08T02:51:50.431+0000] {dag.py:3089} INFO - Sync 1 DAGs
[2026-09-08T02:51:50.581+0000] {logging_mixin.py:188} INFO - [2026-09-08T02:51:50.581+0000] {dag.py:3947} INFO - Setting next_dagrun for netflix_etl_pipeline to 2026-09-07 00:00:00+00:00, run_after=2026-09-08 00:00:00+00:00
[2026-09-08T02:51:50.730+0000] {processor.py:183} INFO - Processing /opt/airflow/dags/netflix_dag.py took 1.048 seconds
[2026-09-08T02:52:22.492+0000] {processor.py:161} INFO - Started process (PID=917) to work on /opt/airflow/dags/netflix_dag.py
[2026-09-08T02:52:22.539+0000] {processor.py:830} INFO - Processing file /opt/airflow/dags/netflix_dag.py for tasks to queue
[2026-09-08T02:52:22.599+0000] {logging_mixin.py:188} INFO - [2026-09-08T02:52:22.598+0000] {dagbag.py:545} INFO - Filling up the DagBag from /opt/airflow/dags/netflix_dag.py
[2026-09-08T02:52:23.763+0000] {processor.py:840} INFO - DAG(s) 'netflix_etl_pipeline' retrieved from /opt/airflow/dags/netflix_dag.py
[2026-09-08T02:52:23.969+0000] {logging_mixin.py:188} INFO - [2026-09-08T02:52:23.969+0000] {dag.py:3089} INFO - Sync 1 DAGs
[2026-09-08T02:52:24.124+0000] {logging_mixin.py:188} INFO - [2026-09-08T02:52:24.124+0000] {dag.py:3947} INFO - Setting next_dagrun for netflix_etl_pipeline to 2026-09-07 00:00:00+00:00, run_after=2026-09-08 00:00:00+00:00
[2026-09-08T02:52:24.394+0000] {processor.py:183} INFO - Processing /opt/airflow/dags/netflix_dag.py took 1.931 seconds
[2026-09-08T02:52:55.823+0000] {processor.py:161} INFO - Started process (PID=928) to work on /opt/airflow/dags/netflix_dag.py
[2026-09-08T02:52:55.836+0000] {processor.py:830} INFO - Processing file /opt/airflow/dags/netflix_dag.py for tasks to queue
[2026-09-08T02:52:55.897+0000] {logging_mixin.py:188} INFO - [2026-09-08T02:52:55.897+0000] {dagbag.py:545} INFO - Filling up the DagBag from /opt/airflow/dags/netflix_dag.py
[2026-09-08T02:52:57.164+0000] {processor.py:840} INFO - DAG(s) 'netflix_etl_pipeline' retrieved from /opt/airflow/dags/netflix_dag.py
[2026-09-08T02:52:57.409+0000] {logging_mixin.py:188} INFO - [2026-09-08T02:52:57.408+0000] {dag.py:3089} INFO - Sync 1 DAGs
[2026-09-08T02:52:57.605+0000] {logging_mixin.py:188} INFO - [2026-09-08T02:52:57.604+0000] {dag.py:3947} INFO - Setting next_dagrun for netflix_etl_pipeline to 2026-09-07 00:00:00+00:00, run_after=2026-09-08 00:00:00+00:00
[2026-09-08T02:52:57.820+0000] {processor.py:183} INFO - Processing /opt/airflow/dags/netflix_dag.py took 2.018 seconds
[2026-09-08T02:53:29.174+0000] {processor.py:161} INFO - Started process (PID=940) to work on /opt/airflow/dags/netflix_dag.py
[2026-09-08T02:53:29.178+0000] {processor.py:830} INFO - Processing file /opt/airflow/dags/netflix_dag.py for tasks to queue
[2026-09-08T02:53:29.183+0000] {logging_mixin.py:188} INFO - [2026-09-08T02:53:29.182+0000] {dagbag.py:545} INFO - Filling up the DagBag from /opt/airflow/dags/netflix_dag.py
[2026-09-08T02:53:29.291+0000] {processor.py:840} INFO - DAG(s) 'netflix_etl_pipeline' retrieved from /opt/airflow/dags/netflix_dag.py
[2026-09-08T02:53:29.511+0000] {logging_mixin.py:188} INFO - [2026-09-08T02:53:29.511+0000] {dag.py:3089} INFO - Sync 1 DAGs
[2026-09-08T02:53:29.658+0000] {logging_mixin.py:188} INFO - [2026-09-08T02:53:29.658+0000] {dag.py:3947} INFO - Setting next_dagrun for netflix_etl_pipeline to 2026-09-07 00:00:00+00:00, run_after=2026-09-08 00:00:00+00:00
[2026-09-08T02:53:29.811+0000] {processor.py:183} INFO - Processing /opt/airflow/dags/netflix_dag.py took 0.659 seconds
[2026-09-08T02:54:01.954+0000] {processor.py:161} INFO - Started process (PID=951) to work on /opt/airflow/dags/netflix_dag.py
[2026-09-08T02:54:02.013+0000] {processor.py:830} INFO - Processing file /opt/airflow/dags/netflix_dag.py for tasks to queue
[2026-09-08T02:54:02.064+0000] {logging_mixin.py:188} INFO - [2026-09-08T02:54:02.063+0000] {dagbag.py:545} INFO - Filling up the DagBag from /opt/airflow/dags/netflix_dag.py
[2026-09-08T02:54:02.612+0000] {processor.py:840} INFO - DAG(s) 'netflix_etl_pipeline' retrieved from /opt/airflow/dags/netflix_dag.py
[2026-09-08T02:54:02.836+0000] {logging_mixin.py:188} INFO - [2026-09-08T02:54:02.835+0000] {dag.py:3089} INFO - Sync 1 DAGs
[2026-09-08T02:54:03.013+0000] {logging_mixin.py:188} INFO - [2026-09-08T02:54:03.013+0000] {dag.py:3947} INFO - Setting next_dagrun for netflix_etl_pipeline to 2026-09-07 00:00:00+00:00, run_after=2026-09-08 00:00:00+00:00
[2026-09-08T02:54:03.173+0000] {processor.py:183} INFO - Processing /opt/airflow/dags/netflix_dag.py took 1.240 seconds
[2026-09-08T02:54:33.627+0000] {processor.py:161} INFO - Started process (PID=962) to work on /opt/airflow/dags/netflix_dag.py
[2026-09-08T02:54:33.630+0000] {processor.py:830} INFO - Processing file /opt/airflow/dags/netflix_dag.py for tasks to queue
[2026-09-08T02:54:33.636+0000] {logging_mixin.py:188} INFO - [2026-09-08T02:54:33.635+0000] {dagbag.py:545} INFO - Filling up the DagBag from /opt/airflow/dags/netflix_dag.py
[2026-09-08T02:54:33.684+0000] {processor.py:840} INFO - DAG(s) 'netflix_etl_pipeline' retrieved from /opt/airflow/dags/netflix_dag.py
[2026-09-08T02:54:33.881+0000] {logging_mixin.py:188} INFO - [2026-09-08T02:54:33.881+0000] {dag.py:3089} INFO - Sync 1 DAGs
[2026-09-08T02:54:34.037+0000] {logging_mixin.py:188} INFO - [2026-09-08T02:54:34.037+0000] {dag.py:3947} INFO - Setting next_dagrun for netflix_etl_pipeline to 2026-09-07 00:00:00+00:00, run_after=2026-09-08 00:00:00+00:00
[2026-09-08T02:54:34.302+0000] {processor.py:183} INFO - Processing /opt/airflow/dags/netflix_dag.py took 0.691 seconds
[2026-09-08T02:55:06.352+0000] {processor.py:161} INFO - Started process (PID=973) to work on /opt/airflow/dags/netflix_dag.py
[2026-09-08T02:55:06.386+0000] {processor.py:830} INFO - Processing file /opt/airflow/dags/netflix_dag.py for tasks to queue
[2026-09-08T02:55:06.423+0000] {logging_mixin.py:188} INFO - [2026-09-08T02:55:06.422+0000] {dagbag.py:545} INFO - Filling up the DagBag from /opt/airflow/dags/netflix_dag.py
[2026-09-08T02:55:07.516+0000] {processor.py:840} INFO - DAG(s) 'netflix_etl_pipeline' retrieved from /opt/airflow/dags/netflix_dag.py
[2026-09-08T02:55:07.779+0000] {logging_mixin.py:188} INFO - [2026-09-08T02:55:07.778+0000] {dag.py:3089} INFO - Sync 1 DAGs
[2026-09-08T02:55:07.933+0000] {logging_mixin.py:188} INFO - [2026-09-08T02:55:07.922+0000] {dag.py:3947} INFO - Setting next_dagrun for netflix_etl_pipeline to 2026-09-07 00:00:00+00:00, run_after=2026-09-08 00:00:00+00:00
[2026-09-08T02:55:08.085+0000] {processor.py:183} INFO - Processing /opt/airflow/dags/netflix_dag.py took 1.755 seconds
[2026-09-08T02:55:40.538+0000] {processor.py:161} INFO - Started process (PID=984) to work on /opt/airflow/dags/netflix_dag.py
[2026-09-08T02:55:40.562+0000] {processor.py:830} INFO - Processing file /opt/airflow/dags/netflix_dag.py for tasks to queue
[2026-09-08T02:55:40.589+0000] {logging_mixin.py:188} INFO - [2026-09-08T02:55:40.588+0000] {dagbag.py:545} INFO - Filling up the DagBag from /opt/airflow/dags/netflix_dag.py
[2026-09-08T02:55:41.691+0000] {processor.py:840} INFO - DAG(s) 'netflix_etl_pipeline' retrieved from /opt/airflow/dags/netflix_dag.py
[2026-09-08T02:55:41.864+0000] {logging_mixin.py:188} INFO - [2026-09-08T02:55:41.864+0000] {dag.py:3089} INFO - Sync 1 DAGs
[2026-09-08T02:55:42.022+0000] {logging_mixin.py:188} INFO - [2026-09-08T02:55:42.021+0000] {dag.py:3947} INFO - Setting next_dagrun for netflix_etl_pipeline to 2026-09-07 00:00:00+00:00, run_after=2026-09-08 00:00:00+00:00
[2026-09-08T02:55:42.183+0000] {processor.py:183} INFO - Processing /opt/airflow/dags/netflix_dag.py took 1.666 seconds
[2026-09-08T02:56:13.613+0000] {processor.py:161} INFO - Started process (PID=995) to work on /opt/airflow/dags/netflix_dag.py
[2026-09-08T02:56:13.619+0000] {processor.py:830} INFO - Processing file /opt/airflow/dags/netflix_dag.py for tasks to queue
[2026-09-08T02:56:13.626+0000] {logging_mixin.py:188} INFO - [2026-09-08T02:56:13.625+0000] {dagbag.py:545} INFO - Filling up the DagBag from /opt/airflow/dags/netflix_dag.py
[2026-09-08T02:56:13.703+0000] {processor.py:840} INFO - DAG(s) 'netflix_etl_pipeline' retrieved from /opt/airflow/dags/netflix_dag.py
[2026-09-08T02:56:13.954+0000] {logging_mixin.py:188} INFO - [2026-09-08T02:56:13.954+0000] {dag.py:3089} INFO - Sync 1 DAGs
[2026-09-08T02:56:14.146+0000] {logging_mixin.py:188} INFO - [2026-09-08T02:56:14.146+0000] {dag.py:3947} INFO - Setting next_dagrun for netflix_etl_pipeline to 2026-09-07 00:00:00+00:00, run_after=2026-09-08 00:00:00+00:00
[2026-09-08T02:56:14.323+0000] {processor.py:183} INFO - Processing /opt/airflow/dags/netflix_dag.py took 0.745 seconds
[2026-09-08T02:56:44.708+0000] {processor.py:161} INFO - Started process (PID=1006) to work on /opt/airflow/dags/netflix_dag.py
[2026-09-08T02:56:44.712+0000] {processor.py:830} INFO - Processing file /opt/airflow/dags/netflix_dag.py for tasks to queue
[2026-09-08T02:56:44.719+0000] {logging_mixin.py:188} INFO - [2026-09-08T02:56:44.718+0000] {dagbag.py:545} INFO - Filling up the DagBag from /opt/airflow/dags/netflix_dag.py
[2026-09-08T02:56:44.773+0000] {processor.py:840} INFO - DAG(s) 'netflix_etl_pipeline' retrieved from /opt/airflow/dags/netflix_dag.py
[2026-09-08T02:56:44.973+0000] {logging_mixin.py:188} INFO - [2026-09-08T02:56:44.972+0000] {dag.py:3089} INFO - Sync 1 DAGs
[2026-09-08T02:56:45.127+0000] {logging_mixin.py:188} INFO - [2026-09-08T02:56:45.126+0000] {dag.py:3947} INFO - Setting next_dagrun for netflix_etl_pipeline to 2026-09-07 00:00:00+00:00, run_after=2026-09-08 00:00:00+00:00
[2026-09-08T02:56:45.388+0000] {processor.py:183} INFO - Processing /opt/airflow/dags/netflix_dag.py took 0.764 seconds
[2026-09-08T02:57:18.008+0000] {processor.py:161} INFO - Started process (PID=1018) to work on /opt/airflow/dags/netflix_dag.py
[2026-09-08T02:57:18.084+0000] {processor.py:830} INFO - Processing file /opt/airflow/dags/netflix_dag.py for tasks to queue
[2026-09-08T02:57:18.869+0000] {logging_mixin.py:188} INFO - [2026-09-08T02:57:18.868+0000] {dagbag.py:545} INFO - Filling up the DagBag from /opt/airflow/dags/netflix_dag.py
[2026-09-08T02:57:19.765+0000] {processor.py:840} INFO - DAG(s) 'netflix_etl_pipeline' retrieved from /opt/airflow/dags/netflix_dag.py
[2026-09-08T02:57:20.689+0000] {logging_mixin.py:188} INFO - [2026-09-08T02:57:20.677+0000] {dag.py:3089} INFO - Sync 1 DAGs
[2026-09-08T02:57:20.921+0000] {logging_mixin.py:188} INFO - [2026-09-08T02:57:20.911+0000] {dag.py:3947} INFO - Setting next_dagrun for netflix_etl_pipeline to 2026-09-07 00:00:00+00:00, run_after=2026-09-08 00:00:00+00:00
[2026-09-08T02:57:21.114+0000] {processor.py:183} INFO - Processing /opt/airflow/dags/netflix_dag.py took 3.140 seconds
[2026-09-08T02:57:52.201+0000] {processor.py:161} INFO - Started process (PID=1029) to work on /opt/airflow/dags/netflix_dag.py
[2026-09-08T02:57:52.235+0000] {processor.py:830} INFO - Processing file /opt/airflow/dags/netflix_dag.py for tasks to queue
[2026-09-08T02:57:52.250+0000] {logging_mixin.py:188} INFO - [2026-09-08T02:57:52.249+0000] {dagbag.py:545} INFO - Filling up the DagBag from /opt/airflow/dags/netflix_dag.py
[2026-09-08T02:57:52.365+0000] {processor.py:840} INFO - DAG(s) 'netflix_etl_pipeline' retrieved from /opt/airflow/dags/netflix_dag.py
[2026-09-08T02:57:52.564+0000] {logging_mixin.py:188} INFO - [2026-09-08T02:57:52.563+0000] {dag.py:3089} INFO - Sync 1 DAGs
[2026-09-08T02:57:52.754+0000] {logging_mixin.py:188} INFO - [2026-09-08T02:57:52.753+0000] {dag.py:3947} INFO - Setting next_dagrun for netflix_etl_pipeline to 2026-09-07 00:00:00+00:00, run_after=2026-09-08 00:00:00+00:00
[2026-09-08T02:57:52.891+0000] {processor.py:183} INFO - Processing /opt/airflow/dags/netflix_dag.py took 0.719 seconds
[2026-09-08T02:58:24.957+0000] {processor.py:161} INFO - Started process (PID=1046) to work on /opt/airflow/dags/netflix_dag.py
[2026-09-08T02:58:24.961+0000] {processor.py:830} INFO - Processing file /opt/airflow/dags/netflix_dag.py for tasks to queue
[2026-09-08T02:58:24.984+0000] {logging_mixin.py:188} INFO - [2026-09-08T02:58:24.971+0000] {dagbag.py:545} INFO - Filling up the DagBag from /opt/airflow/dags/netflix_dag.py
[2026-09-08T02:58:25.092+0000] {processor.py:840} INFO - DAG(s) 'netflix_etl_pipeline' retrieved from /opt/airflow/dags/netflix_dag.py
[2026-09-08T02:58:25.350+0000] {logging_mixin.py:188} INFO - [2026-09-08T02:58:25.350+0000] {dag.py:3089} INFO - Sync 1 DAGs
[2026-09-08T02:58:25.555+0000] {logging_mixin.py:188} INFO - [2026-09-08T02:58:25.555+0000] {dag.py:3947} INFO - Setting next_dagrun for netflix_etl_pipeline to 2026-09-07 00:00:00+00:00, run_after=2026-09-08 00:00:00+00:00
[2026-09-08T02:58:25.848+0000] {processor.py:183} INFO - Processing /opt/airflow/dags/netflix_dag.py took 0.910 seconds
[2026-09-08T02:58:57.003+0000] {processor.py:161} INFO - Started process (PID=1057) to work on /opt/airflow/dags/netflix_dag.py
[2026-09-08T02:58:57.032+0000] {processor.py:830} INFO - Processing file /opt/airflow/dags/netflix_dag.py for tasks to queue
[2026-09-08T02:58:57.037+0000] {logging_mixin.py:188} INFO - [2026-09-08T02:58:57.037+0000] {dagbag.py:545} INFO - Filling up the DagBag from /opt/airflow/dags/netflix_dag.py
[2026-09-08T02:58:57.102+0000] {processor.py:840} INFO - DAG(s) 'netflix_etl_pipeline' retrieved from /opt/airflow/dags/netflix_dag.py
[2026-09-08T02:58:57.360+0000] {logging_mixin.py:188} INFO - [2026-09-08T02:58:57.360+0000] {dag.py:3089} INFO - Sync 1 DAGs
[2026-09-08T02:58:57.529+0000] {logging_mixin.py:188} INFO - [2026-09-08T02:58:57.529+0000] {dag.py:3947} INFO - Setting next_dagrun for netflix_etl_pipeline to 2026-09-07 00:00:00+00:00, run_after=2026-09-08 00:00:00+00:00
[2026-09-08T02:58:57.729+0000] {processor.py:183} INFO - Processing /opt/airflow/dags/netflix_dag.py took 0.748 seconds
[2026-09-08T02:59:29.988+0000] {processor.py:161} INFO - Started process (PID=1068) to work on /opt/airflow/dags/netflix_dag.py
[2026-09-08T02:59:30.091+0000] {processor.py:830} INFO - Processing file /opt/airflow/dags/netflix_dag.py for tasks to queue
[2026-09-08T02:59:30.238+0000] {logging_mixin.py:188} INFO - [2026-09-08T02:59:30.237+0000] {dagbag.py:545} INFO - Filling up the DagBag from /opt/airflow/dags/netflix_dag.py
[2026-09-08T02:59:32.555+0000] {processor.py:840} INFO - DAG(s) 'netflix_etl_pipeline' retrieved from /opt/airflow/dags/netflix_dag.py
[2026-09-08T02:59:35.234+0000] {logging_mixin.py:188} INFO - [2026-09-08T02:59:35.222+0000] {dag.py:3089} INFO - Sync 1 DAGs
[2026-09-08T02:59:35.598+0000] {logging_mixin.py:188} INFO - [2026-09-08T02:59:35.598+0000] {dag.py:3947} INFO - Setting next_dagrun for netflix_etl_pipeline to 2026-09-07 00:00:00+00:00, run_after=2026-09-08 00:00:00+00:00
[2026-09-08T02:59:35.797+0000] {processor.py:183} INFO - Processing /opt/airflow/dags/netflix_dag.py took 5.832 seconds
[2026-09-08T03:00:08.753+0000] {processor.py:161} INFO - Started process (PID=1079) to work on /opt/airflow/dags/netflix_dag.py
[2026-09-08T03:00:08.790+0000] {processor.py:830} INFO - Processing file /opt/airflow/dags/netflix_dag.py for tasks to queue
[2026-09-08T03:00:08.920+0000] {logging_mixin.py:188} INFO - [2026-09-08T03:00:08.905+0000] {dagbag.py:545} INFO - Filling up the DagBag from /opt/airflow/dags/netflix_dag.py
[2026-09-08T03:00:10.367+0000] {processor.py:840} INFO - DAG(s) 'netflix_etl_pipeline' retrieved from /opt/airflow/dags/netflix_dag.py
[2026-09-08T03:00:10.646+0000] {logging_mixin.py:188} INFO - [2026-09-08T03:00:10.645+0000] {dag.py:3089} INFO - Sync 1 DAGs
[2026-09-08T03:00:10.877+0000] {logging_mixin.py:188} INFO - [2026-09-08T03:00:10.876+0000] {dag.py:3947} INFO - Setting next_dagrun for netflix_etl_pipeline to 2026-09-07 00:00:00+00:00, run_after=2026-09-08 00:00:00+00:00
[2026-09-08T03:00:11.124+0000] {processor.py:183} INFO - Processing /opt/airflow/dags/netflix_dag.py took 2.397 seconds
[2026-09-08T03:00:43.301+0000] {processor.py:161} INFO - Started process (PID=1090) to work on /opt/airflow/dags/netflix_dag.py
[2026-09-08T03:00:43.389+0000] {processor.py:830} INFO - Processing file /opt/airflow/dags/netflix_dag.py for tasks to queue
[2026-09-08T03:00:43.466+0000] {logging_mixin.py:188} INFO - [2026-09-08T03:00:43.464+0000] {dagbag.py:545} INFO - Filling up the DagBag from /opt/airflow/dags/netflix_dag.py
[2026-09-08T03:00:44.841+0000] {processor.py:840} INFO - DAG(s) 'netflix_etl_pipeline' retrieved from /opt/airflow/dags/netflix_dag.py
[2026-09-08T03:00:45.292+0000] {logging_mixin.py:188} INFO - [2026-09-08T03:00:45.292+0000] {dag.py:3089} INFO - Sync 1 DAGs
[2026-09-08T03:00:45.552+0000] {logging_mixin.py:188} INFO - [2026-09-08T03:00:45.551+0000] {dag.py:3947} INFO - Setting next_dagrun for netflix_etl_pipeline to 2026-09-07 00:00:00+00:00, run_after=2026-09-08 00:00:00+00:00
[2026-09-08T03:00:45.673+0000] {processor.py:183} INFO - Processing /opt/airflow/dags/netflix_dag.py took 2.403 seconds
[2026-09-08T03:01:18.111+0000] {processor.py:161} INFO - Started process (PID=1101) to work on /opt/airflow/dags/netflix_dag.py
[2026-09-08T03:01:18.216+0000] {processor.py:830} INFO - Processing file /opt/airflow/dags/netflix_dag.py for tasks to queue
[2026-09-08T03:01:18.301+0000] {logging_mixin.py:188} INFO - [2026-09-08T03:01:18.300+0000] {dagbag.py:545} INFO - Filling up the DagBag from /opt/airflow/dags/netflix_dag.py
[2026-09-08T03:01:19.248+0000] {processor.py:840} INFO - DAG(s) 'netflix_etl_pipeline' retrieved from /opt/airflow/dags/netflix_dag.py
[2026-09-08T03:01:19.351+0000] {logging_mixin.py:188} INFO - [2026-09-08T03:01:19.350+0000] {dag.py:3089} INFO - Sync 1 DAGs
[2026-09-08T03:01:19.508+0000] {logging_mixin.py:188} INFO - [2026-09-08T03:01:19.508+0000] {dag.py:3947} INFO - Setting next_dagrun for netflix_etl_pipeline to 2026-09-07 00:00:00+00:00, run_after=2026-09-08 00:00:00+00:00
[2026-09-08T03:01:19.759+0000] {processor.py:183} INFO - Processing /opt/airflow/dags/netflix_dag.py took 1.682 seconds
[2026-09-08T03:01:54.223+0000] {processor.py:161} INFO - Started process (PID=1112) to work on /opt/airflow/dags/netflix_dag.py
[2026-09-08T03:01:54.347+0000] {processor.py:830} INFO - Processing file /opt/airflow/dags/netflix_dag.py for tasks to queue
[2026-09-08T03:01:54.459+0000] {logging_mixin.py:188} INFO - [2026-09-08T03:01:54.454+0000] {dagbag.py:545} INFO - Filling up the DagBag from /opt/airflow/dags/netflix_dag.py
[2026-09-08T03:01:56.096+0000] {processor.py:840} INFO - DAG(s) 'netflix_etl_pipeline' retrieved from /opt/airflow/dags/netflix_dag.py
[2026-09-08T03:01:56.420+0000] {logging_mixin.py:188} INFO - [2026-09-08T03:01:56.419+0000] {dag.py:3089} INFO - Sync 1 DAGs
[2026-09-08T03:01:56.662+0000] {logging_mixin.py:188} INFO - [2026-09-08T03:01:56.654+0000] {dag.py:3947} INFO - Setting next_dagrun for netflix_etl_pipeline to 2026-09-07 00:00:00+00:00, run_after=2026-09-08 00:00:00+00:00
[2026-09-08T03:01:56.803+0000] {processor.py:183} INFO - Processing /opt/airflow/dags/netflix_dag.py took 2.605 seconds
[2026-09-08T03:02:28.914+0000] {processor.py:161} INFO - Started process (PID=1129) to work on /opt/airflow/dags/netflix_dag.py
[2026-09-08T03:02:29.003+0000] {processor.py:830} INFO - Processing file /opt/airflow/dags/netflix_dag.py for tasks to queue
[2026-09-08T03:02:29.244+0000] {logging_mixin.py:188} INFO - [2026-09-08T03:02:29.243+0000] {dagbag.py:545} INFO - Filling up the DagBag from /opt/airflow/dags/netflix_dag.py
[2026-09-08T03:02:33.243+0000] {processor.py:840} INFO - DAG(s) 'netflix_etl_pipeline' retrieved from /opt/airflow/dags/netflix_dag.py
[2026-09-08T03:02:34.364+0000] {logging_mixin.py:188} INFO - [2026-09-08T03:02:34.364+0000] {dag.py:3089} INFO - Sync 1 DAGs
[2026-09-08T03:02:34.588+0000] {logging_mixin.py:188} INFO - [2026-09-08T03:02:34.588+0000] {dag.py:3947} INFO - Setting next_dagrun for netflix_etl_pipeline to 2026-09-07 00:00:00+00:00, run_after=2026-09-08 00:00:00+00:00
[2026-09-08T03:02:34.858+0000] {processor.py:183} INFO - Processing /opt/airflow/dags/netflix_dag.py took 6.014 seconds
[2026-09-08T03:03:05.769+0000] {processor.py:161} INFO - Started process (PID=1140) to work on /opt/airflow/dags/netflix_dag.py
[2026-09-08T03:03:05.776+0000] {processor.py:830} INFO - Processing file /opt/airflow/dags/netflix_dag.py for tasks to queue
[2026-09-08T03:03:05.784+0000] {logging_mixin.py:188} INFO - [2026-09-08T03:03:05.783+0000] {dagbag.py:545} INFO - Filling up the DagBag from /opt/airflow/dags/netflix_dag.py
[2026-09-08T03:03:05.853+0000] {processor.py:840} INFO - DAG(s) 'netflix_etl_pipeline' retrieved from /opt/airflow/dags/netflix_dag.py
[2026-09-08T03:03:05.945+0000] {logging_mixin.py:188} INFO - [2026-09-08T03:03:05.944+0000] {dag.py:3089} INFO - Sync 1 DAGs
[2026-09-08T03:03:06.018+0000] {logging_mixin.py:188} INFO - [2026-09-08T03:03:06.017+0000] {dag.py:3947} INFO - Setting next_dagrun for netflix_etl_pipeline to 2026-09-07 00:00:00+00:00, run_after=2026-09-08 00:00:00+00:00
[2026-09-08T03:03:06.077+0000] {processor.py:183} INFO - Processing /opt/airflow/dags/netflix_dag.py took 0.329 seconds
[2026-09-08T03:03:38.117+0000] {processor.py:161} INFO - Started process (PID=1151) to work on /opt/airflow/dags/netflix_dag.py
[2026-09-08T03:03:38.158+0000] {processor.py:830} INFO - Processing file /opt/airflow/dags/netflix_dag.py for tasks to queue
[2026-09-08T03:03:38.187+0000] {logging_mixin.py:188} INFO - [2026-09-08T03:03:38.186+0000] {dagbag.py:545} INFO - Filling up the DagBag from /opt/airflow/dags/netflix_dag.py
[2026-09-08T03:03:38.933+0000] {processor.py:840} INFO - DAG(s) 'netflix_etl_pipeline' retrieved from /opt/airflow/dags/netflix_dag.py
[2026-09-08T03:03:39.163+0000] {logging_mixin.py:188} INFO - [2026-09-08T03:03:39.162+0000] {dag.py:3089} INFO - Sync 1 DAGs
[2026-09-08T03:03:39.409+0000] {logging_mixin.py:188} INFO - [2026-09-08T03:03:39.408+0000] {dag.py:3947} INFO - Setting next_dagrun for netflix_etl_pipeline to 2026-09-07 00:00:00+00:00, run_after=2026-09-08 00:00:00+00:00
[2026-09-08T03:03:39.638+0000] {processor.py:183} INFO - Processing /opt/airflow/dags/netflix_dag.py took 1.567 seconds
[2026-09-08T03:04:13.218+0000] {processor.py:161} INFO - Started process (PID=1162) to work on /opt/airflow/dags/netflix_dag.py
[2026-09-08T03:04:13.259+0000] {processor.py:830} INFO - Processing file /opt/airflow/dags/netflix_dag.py for tasks to queue
[2026-09-08T03:04:13.314+0000] {logging_mixin.py:188} INFO - [2026-09-08T03:04:13.314+0000] {dagbag.py:545} INFO - Filling up the DagBag from /opt/airflow/dags/netflix_dag.py
[2026-09-08T03:04:14.298+0000] {processor.py:840} INFO - DAG(s) 'netflix_etl_pipeline' retrieved from /opt/airflow/dags/netflix_dag.py
[2026-09-08T03:04:14.411+0000] {logging_mixin.py:188} INFO - [2026-09-08T03:04:14.410+0000] {dag.py:3089} INFO - Sync 1 DAGs
[2026-09-08T03:04:14.511+0000] {logging_mixin.py:188} INFO - [2026-09-08T03:04:14.510+0000] {dag.py:3947} INFO - Setting next_dagrun for netflix_etl_pipeline to 2026-09-07 00:00:00+00:00, run_after=2026-09-08 00:00:00+00:00
[2026-09-08T03:04:14.662+0000] {processor.py:183} INFO - Processing /opt/airflow/dags/netflix_dag.py took 1.473 seconds
[2026-09-08T03:04:46.072+0000] {processor.py:161} INFO - Started process (PID=1173) to work on /opt/airflow/dags/netflix_dag.py
[2026-09-08T03:04:46.075+0000] {processor.py:830} INFO - Processing file /opt/airflow/dags/netflix_dag.py for tasks to queue
[2026-09-08T03:04:46.090+0000] {logging_mixin.py:188} INFO - [2026-09-08T03:04:46.089+0000] {dagbag.py:545} INFO - Filling up the DagBag from /opt/airflow/dags/netflix_dag.py
[2026-09-08T03:04:46.181+0000] {processor.py:840} INFO - DAG(s) 'netflix_etl_pipeline' retrieved from /opt/airflow/dags/netflix_dag.py
[2026-09-08T03:04:46.354+0000] {logging_mixin.py:188} INFO - [2026-09-08T03:04:46.353+0000] {dag.py:3089} INFO - Sync 1 DAGs
[2026-09-08T03:04:46.588+0000] {logging_mixin.py:188} INFO - [2026-09-08T03:04:46.587+0000] {dag.py:3947} INFO - Setting next_dagrun for netflix_etl_pipeline to 2026-09-07 00:00:00+00:00, run_after=2026-09-08 00:00:00+00:00
[2026-09-08T03:04:46.831+0000] {processor.py:183} INFO - Processing /opt/airflow/dags/netflix_dag.py took 0.783 seconds
[2026-09-08T03:05:18.149+0000] {processor.py:161} INFO - Started process (PID=1184) to work on /opt/airflow/dags/netflix_dag.py
[2026-09-08T03:05:18.152+0000] {processor.py:830} INFO - Processing file /opt/airflow/dags/netflix_dag.py for tasks to queue
[2026-09-08T03:05:18.157+0000] {logging_mixin.py:188} INFO - [2026-09-08T03:05:18.156+0000] {dagbag.py:545} INFO - Filling up the DagBag from /opt/airflow/dags/netflix_dag.py
[2026-09-08T03:05:18.210+0000] {processor.py:840} INFO - DAG(s) 'netflix_etl_pipeline' retrieved from /opt/airflow/dags/netflix_dag.py
[2026-09-08T03:05:18.327+0000] {logging_mixin.py:188} INFO - [2026-09-08T03:05:18.326+0000] {dag.py:3089} INFO - Sync 1 DAGs
[2026-09-08T03:05:18.388+0000] {logging_mixin.py:188} INFO - [2026-09-08T03:05:18.387+0000] {dag.py:3947} INFO - Setting next_dagrun for netflix_etl_pipeline to 2026-09-07 00:00:00+00:00, run_after=2026-09-08 00:00:00+00:00
[2026-09-08T03:05:18.423+0000] {processor.py:183} INFO - Processing /opt/airflow/dags/netflix_dag.py took 0.299 seconds
[2026-09-08T03:05:50.709+0000] {processor.py:161} INFO - Started process (PID=1195) to work on /opt/airflow/dags/netflix_dag.py
[2026-09-08T03:05:50.722+0000] {processor.py:830} INFO - Processing file /opt/airflow/dags/netflix_dag.py for tasks to queue
[2026-09-08T03:05:50.737+0000] {logging_mixin.py:188} INFO - [2026-09-08T03:05:50.735+0000] {dagbag.py:545} INFO - Filling up the DagBag from /opt/airflow/dags/netflix_dag.py
[2026-09-08T03:05:50.960+0000] {processor.py:840} INFO - DAG(s) 'netflix_etl_pipeline' retrieved from /opt/airflow/dags/netflix_dag.py
[2026-09-08T03:05:51.156+0000] {logging_mixin.py:188} INFO - [2026-09-08T03:05:51.155+0000] {dag.py:3089} INFO - Sync 1 DAGs
[2026-09-08T03:05:51.398+0000] {logging_mixin.py:188} INFO - [2026-09-08T03:05:51.397+0000] {dag.py:3947} INFO - Setting next_dagrun for netflix_etl_pipeline to 2026-09-07 00:00:00+00:00, run_after=2026-09-08 00:00:00+00:00
[2026-09-08T03:05:51.666+0000] {processor.py:183} INFO - Processing /opt/airflow/dags/netflix_dag.py took 0.997 seconds
[2026-09-08T03:06:22.083+0000] {processor.py:161} INFO - Started process (PID=1206) to work on /opt/airflow/dags/netflix_dag.py
[2026-09-08T03:06:22.100+0000] {processor.py:830} INFO - Processing file /opt/airflow/dags/netflix_dag.py for tasks to queue
[2026-09-08T03:06:22.132+0000] {logging_mixin.py:188} INFO - [2026-09-08T03:06:22.131+0000] {dagbag.py:545} INFO - Filling up the DagBag from /opt/airflow/dags/netflix_dag.py
[2026-09-08T03:06:23.218+0000] {processor.py:840} INFO - DAG(s) 'netflix_etl_pipeline' retrieved from /opt/airflow/dags/netflix_dag.py
[2026-09-08T03:06:23.500+0000] {logging_mixin.py:188} INFO - [2026-09-08T03:06:23.500+0000] {dag.py:3089} INFO - Sync 1 DAGs
[2026-09-08T03:06:23.701+0000] {logging_mixin.py:188} INFO - [2026-09-08T03:06:23.701+0000] {dag.py:3947} INFO - Setting next_dagrun for netflix_etl_pipeline to 2026-09-07 00:00:00+00:00, run_after=2026-09-08 00:00:00+00:00
[2026-09-08T03:06:23.876+0000] {processor.py:183} INFO - Processing /opt/airflow/dags/netflix_dag.py took 1.812 seconds
[2026-09-08T03:06:54.768+0000] {processor.py:161} INFO - Started process (PID=1217) to work on /opt/airflow/dags/netflix_dag.py
[2026-09-08T03:06:54.812+0000] {processor.py:830} INFO - Processing file /opt/airflow/dags/netflix_dag.py for tasks to queue
[2026-09-08T03:06:54.819+0000] {logging_mixin.py:188} INFO - [2026-09-08T03:06:54.818+0000] {dagbag.py:545} INFO - Filling up the DagBag from /opt/airflow/dags/netflix_dag.py
[2026-09-08T03:06:54.875+0000] {processor.py:840} INFO - DAG(s) 'netflix_etl_pipeline' retrieved from /opt/airflow/dags/netflix_dag.py
[2026-09-08T03:06:54.950+0000] {logging_mixin.py:188} INFO - [2026-09-08T03:06:54.949+0000] {dag.py:3089} INFO - Sync 1 DAGs
[2026-09-08T03:06:54.989+0000] {logging_mixin.py:188} INFO - [2026-09-08T03:06:54.989+0000] {dag.py:3947} INFO - Setting next_dagrun for netflix_etl_pipeline to 2026-09-07 00:00:00+00:00, run_after=2026-09-08 00:00:00+00:00
[2026-09-08T03:06:55.018+0000] {processor.py:183} INFO - Processing /opt/airflow/dags/netflix_dag.py took 0.267 seconds
[2026-09-08T03:07:27.031+0000] {processor.py:161} INFO - Started process (PID=1228) to work on /opt/airflow/dags/netflix_dag.py
[2026-09-08T03:07:27.034+0000] {processor.py:830} INFO - Processing file /opt/airflow/dags/netflix_dag.py for tasks to queue
[2026-09-08T03:07:27.043+0000] {logging_mixin.py:188} INFO - [2026-09-08T03:07:27.042+0000] {dagbag.py:545} INFO - Filling up the DagBag from /opt/airflow/dags/netflix_dag.py
[2026-09-08T03:07:27.159+0000] {processor.py:840} INFO - DAG(s) 'netflix_etl_pipeline' retrieved from /opt/airflow/dags/netflix_dag.py
[2026-09-08T03:07:27.246+0000] {logging_mixin.py:188} INFO - [2026-09-08T03:07:27.245+0000] {dag.py:3089} INFO - Sync 1 DAGs
[2026-09-08T03:07:27.304+0000] {logging_mixin.py:188} INFO - [2026-09-08T03:07:27.303+0000] {dag.py:3947} INFO - Setting next_dagrun for netflix_etl_pipeline to 2026-09-07 00:00:00+00:00, run_after=2026-09-08 00:00:00+00:00
[2026-09-08T03:07:27.508+0000] {processor.py:183} INFO - Processing /opt/airflow/dags/netflix_dag.py took 0.500 seconds
[2026-09-08T03:08:00.375+0000] {processor.py:161} INFO - Started process (PID=1239) to work on /opt/airflow/dags/netflix_dag.py
[2026-09-08T03:08:00.465+0000] {processor.py:830} INFO - Processing file /opt/airflow/dags/netflix_dag.py for tasks to queue
[2026-09-08T03:08:00.614+0000] {logging_mixin.py:188} INFO - [2026-09-08T03:08:00.613+0000] {dagbag.py:545} INFO - Filling up the DagBag from /opt/airflow/dags/netflix_dag.py
[2026-09-08T03:08:01.596+0000] {processor.py:840} INFO - DAG(s) 'netflix_etl_pipeline' retrieved from /opt/airflow/dags/netflix_dag.py
[2026-09-08T03:08:01.875+0000] {logging_mixin.py:188} INFO - [2026-09-08T03:08:01.875+0000] {dag.py:3089} INFO - Sync 1 DAGs
[2026-09-08T03:08:02.068+0000] {logging_mixin.py:188} INFO - [2026-09-08T03:08:02.067+0000] {dag.py:3947} INFO - Setting next_dagrun for netflix_etl_pipeline to 2026-09-07 00:00:00+00:00, run_after=2026-09-08 00:00:00+00:00
[2026-09-08T03:08:02.316+0000] {processor.py:183} INFO - Processing /opt/airflow/dags/netflix_dag.py took 1.967 seconds
[2026-09-08T03:08:33.380+0000] {processor.py:161} INFO - Started process (PID=1256) to work on /opt/airflow/dags/netflix_dag.py
[2026-09-08T03:08:33.407+0000] {processor.py:830} INFO - Processing file /opt/airflow/dags/netflix_dag.py for tasks to queue
[2026-09-08T03:08:33.414+0000] {logging_mixin.py:188} INFO - [2026-09-08T03:08:33.413+0000] {dagbag.py:545} INFO - Filling up the DagBag from /opt/airflow/dags/netflix_dag.py
[2026-09-08T03:08:33.575+0000] {processor.py:840} INFO - DAG(s) 'netflix_etl_pipeline' retrieved from /opt/airflow/dags/netflix_dag.py
[2026-09-08T03:08:33.740+0000] {logging_mixin.py:188} INFO - [2026-09-08T03:08:33.740+0000] {dag.py:3089} INFO - Sync 1 DAGs
[2026-09-08T03:08:34.042+0000] {logging_mixin.py:188} INFO - [2026-09-08T03:08:34.033+0000] {dag.py:3947} INFO - Setting next_dagrun for netflix_etl_pipeline to 2026-09-07 00:00:00+00:00, run_after=2026-09-08 00:00:00+00:00
[2026-09-08T03:08:34.377+0000] {processor.py:183} INFO - Processing /opt/airflow/dags/netflix_dag.py took 1.028 seconds
[2026-09-08T03:09:06.314+0000] {processor.py:161} INFO - Started process (PID=1267) to work on /opt/airflow/dags/netflix_dag.py
[2026-09-08T03:09:06.322+0000] {processor.py:830} INFO - Processing file /opt/airflow/dags/netflix_dag.py for tasks to queue
[2026-09-08T03:09:06.332+0000] {logging_mixin.py:188} INFO - [2026-09-08T03:09:06.331+0000] {dagbag.py:545} INFO - Filling up the DagBag from /opt/airflow/dags/netflix_dag.py
[2026-09-08T03:09:06.402+0000] {processor.py:840} INFO - DAG(s) 'netflix_etl_pipeline' retrieved from /opt/airflow/dags/netflix_dag.py
[2026-09-08T03:09:06.548+0000] {logging_mixin.py:188} INFO - [2026-09-08T03:09:06.548+0000] {dag.py:3089} INFO - Sync 1 DAGs
[2026-09-08T03:09:06.691+0000] {logging_mixin.py:188} INFO - [2026-09-08T03:09:06.690+0000] {dag.py:3947} INFO - Setting next_dagrun for netflix_etl_pipeline to 2026-09-07 00:00:00+00:00, run_after=2026-09-08 00:00:00+00:00
[2026-09-08T03:09:06.778+0000] {processor.py:183} INFO - Processing /opt/airflow/dags/netflix_dag.py took 0.501 seconds
[2026-09-08T03:09:37.575+0000] {processor.py:161} INFO - Started process (PID=1278) to work on /opt/airflow/dags/netflix_dag.py
[2026-09-08T03:09:37.579+0000] {processor.py:830} INFO - Processing file /opt/airflow/dags/netflix_dag.py for tasks to queue
[2026-09-08T03:09:37.584+0000] {logging_mixin.py:188} INFO - [2026-09-08T03:09:37.583+0000] {dagbag.py:545} INFO - Filling up the DagBag from /opt/airflow/dags/netflix_dag.py
[2026-09-08T03:09:37.640+0000] {processor.py:840} INFO - DAG(s) 'netflix_etl_pipeline' retrieved from /opt/airflow/dags/netflix_dag.py
[2026-09-08T03:09:37.740+0000] {logging_mixin.py:188} INFO - [2026-09-08T03:09:37.740+0000] {dag.py:3089} INFO - Sync 1 DAGs
[2026-09-08T03:09:37.840+0000] {logging_mixin.py:188} INFO - [2026-09-08T03:09:37.839+0000] {dag.py:3947} INFO - Setting next_dagrun for netflix_etl_pipeline to 2026-09-07 00:00:00+00:00, run_after=2026-09-08 00:00:00+00:00
[2026-09-08T03:09:38.143+0000] {processor.py:183} INFO - Processing /opt/airflow/dags/netflix_dag.py took 0.597 seconds
[2026-09-08T03:10:09.776+0000] {processor.py:161} INFO - Started process (PID=1289) to work on /opt/airflow/dags/netflix_dag.py
[2026-09-08T03:10:09.783+0000] {processor.py:830} INFO - Processing file /opt/airflow/dags/netflix_dag.py for tasks to queue
[2026-09-08T03:10:09.797+0000] {logging_mixin.py:188} INFO - [2026-09-08T03:10:09.796+0000] {dagbag.py:545} INFO - Filling up the DagBag from /opt/airflow/dags/netflix_dag.py
[2026-09-08T03:10:10.621+0000] {processor.py:840} INFO - DAG(s) 'netflix_etl_pipeline' retrieved from /opt/airflow/dags/netflix_dag.py
[2026-09-08T03:10:10.907+0000] {logging_mixin.py:188} INFO - [2026-09-08T03:10:10.906+0000] {dag.py:3089} INFO - Sync 1 DAGs
[2026-09-08T03:10:11.095+0000] {logging_mixin.py:188} INFO - [2026-09-08T03:10:11.095+0000] {dag.py:3947} INFO - Setting next_dagrun for netflix_etl_pipeline to 2026-09-07 00:00:00+00:00, run_after=2026-09-08 00:00:00+00:00
[2026-09-08T03:10:11.212+0000] {processor.py:183} INFO - Processing /opt/airflow/dags/netflix_dag.py took 1.486 seconds
[2026-09-08T03:10:44.637+0000] {processor.py:161} INFO - Started process (PID=1300) to work on /opt/airflow/dags/netflix_dag.py
[2026-09-08T03:10:44.718+0000] {processor.py:830} INFO - Processing file /opt/airflow/dags/netflix_dag.py for tasks to queue
[2026-09-08T03:10:44.799+0000] {logging_mixin.py:188} INFO - [2026-09-08T03:10:44.798+0000] {dagbag.py:545} INFO - Filling up the DagBag from /opt/airflow/dags/netflix_dag.py
[2026-09-08T03:10:45.978+0000] {processor.py:840} INFO - DAG(s) 'netflix_etl_pipeline' retrieved from /opt/airflow/dags/netflix_dag.py
[2026-09-08T03:10:46.177+0000] {logging_mixin.py:188} INFO - [2026-09-08T03:10:46.176+0000] {dag.py:3089} INFO - Sync 1 DAGs
[2026-09-08T03:10:46.310+0000] {logging_mixin.py:188} INFO - [2026-09-08T03:10:46.309+0000] {dag.py:3947} INFO - Setting next_dagrun for netflix_etl_pipeline to 2026-09-07 00:00:00+00:00, run_after=2026-09-08 00:00:00+00:00
[2026-09-08T03:10:46.404+0000] {processor.py:183} INFO - Processing /opt/airflow/dags/netflix_dag.py took 1.795 seconds
[2026-09-08T03:11:17.005+0000] {processor.py:161} INFO - Started process (PID=1311) to work on /opt/airflow/dags/netflix_dag.py
[2026-09-08T03:11:17.025+0000] {processor.py:830} INFO - Processing file /opt/airflow/dags/netflix_dag.py for tasks to queue
[2026-09-08T03:11:17.033+0000] {logging_mixin.py:188} INFO - [2026-09-08T03:11:17.032+0000] {dagbag.py:545} INFO - Filling up the DagBag from /opt/airflow/dags/netflix_dag.py
[2026-09-08T03:11:17.766+0000] {processor.py:840} INFO - DAG(s) 'netflix_etl_pipeline' retrieved from /opt/airflow/dags/netflix_dag.py
[2026-09-08T03:11:17.979+0000] {logging_mixin.py:188} INFO - [2026-09-08T03:11:17.978+0000] {dag.py:3089} INFO - Sync 1 DAGs
[2026-09-08T03:11:18.167+0000] {logging_mixin.py:188} INFO - [2026-09-08T03:11:18.167+0000] {dag.py:3947} INFO - Setting next_dagrun for netflix_etl_pipeline to 2026-09-07 00:00:00+00:00, run_after=2026-09-08 00:00:00+00:00
[2026-09-08T03:11:18.385+0000] {processor.py:183} INFO - Processing /opt/airflow/dags/netflix_dag.py took 1.418 seconds
[2026-09-08T03:11:50.031+0000] {processor.py:161} INFO - Started process (PID=1322) to work on /opt/airflow/dags/netflix_dag.py
[2026-09-08T03:11:50.060+0000] {processor.py:830} INFO - Processing file /opt/airflow/dags/netflix_dag.py for tasks to queue
[2026-09-08T03:11:50.080+0000] {logging_mixin.py:188} INFO - [2026-09-08T03:11:50.079+0000] {dagbag.py:545} INFO - Filling up the DagBag from /opt/airflow/dags/netflix_dag.py
[2026-09-08T03:11:51.434+0000] {processor.py:840} INFO - DAG(s) 'netflix_etl_pipeline' retrieved from /opt/airflow/dags/netflix_dag.py
[2026-09-08T03:11:51.635+0000] {logging_mixin.py:188} INFO - [2026-09-08T03:11:51.635+0000] {dag.py:3089} INFO - Sync 1 DAGs
[2026-09-08T03:11:51.810+0000] {logging_mixin.py:188} INFO - [2026-09-08T03:11:51.800+0000] {dag.py:3947} INFO - Setting next_dagrun for netflix_etl_pipeline to 2026-09-07 00:00:00+00:00, run_after=2026-09-08 00:00:00+00:00
[2026-09-08T03:11:52.180+0000] {processor.py:183} INFO - Processing /opt/airflow/dags/netflix_dag.py took 2.172 seconds
[2026-09-08T03:12:23.906+0000] {processor.py:161} INFO - Started process (PID=1333) to work on /opt/airflow/dags/netflix_dag.py
[2026-09-08T03:12:23.961+0000] {processor.py:830} INFO - Processing file /opt/airflow/dags/netflix_dag.py for tasks to queue
[2026-09-08T03:12:24.050+0000] {logging_mixin.py:188} INFO - [2026-09-08T03:12:24.048+0000] {dagbag.py:545} INFO - Filling up the DagBag from /opt/airflow/dags/netflix_dag.py
[2026-09-08T03:12:25.033+0000] {processor.py:840} INFO - DAG(s) 'netflix_etl_pipeline' retrieved from /opt/airflow/dags/netflix_dag.py
[2026-09-08T03:12:25.258+0000] {logging_mixin.py:188} INFO - [2026-09-08T03:12:25.258+0000] {dag.py:3089} INFO - Sync 1 DAGs
[2026-09-08T03:12:25.445+0000] {logging_mixin.py:188} INFO - [2026-09-08T03:12:25.444+0000] {dag.py:3947} INFO - Setting next_dagrun for netflix_etl_pipeline to 2026-09-07 00:00:00+00:00, run_after=2026-09-08 00:00:00+00:00
[2026-09-08T03:12:25.703+0000] {processor.py:183} INFO - Processing /opt/airflow/dags/netflix_dag.py took 1.829 seconds
[2026-09-08T03:12:57.099+0000] {processor.py:161} INFO - Started process (PID=1344) to work on /opt/airflow/dags/netflix_dag.py
[2026-09-08T03:12:57.153+0000] {processor.py:830} INFO - Processing file /opt/airflow/dags/netflix_dag.py for tasks to queue
[2026-09-08T03:12:57.190+0000] {logging_mixin.py:188} INFO - [2026-09-08T03:12:57.190+0000] {dagbag.py:545} INFO - Filling up the DagBag from /opt/airflow/dags/netflix_dag.py
[2026-09-08T03:12:58.269+0000] {processor.py:840} INFO - DAG(s) 'netflix_etl_pipeline' retrieved from /opt/airflow/dags/netflix_dag.py
[2026-09-08T03:12:58.520+0000] {logging_mixin.py:188} INFO - [2026-09-08T03:12:58.520+0000] {dag.py:3089} INFO - Sync 1 DAGs
[2026-09-08T03:12:58.684+0000] {logging_mixin.py:188} INFO - [2026-09-08T03:12:58.683+0000] {dag.py:3947} INFO - Setting next_dagrun for netflix_etl_pipeline to 2026-09-07 00:00:00+00:00, run_after=2026-09-08 00:00:00+00:00
[2026-09-08T03:12:58.821+0000] {processor.py:183} INFO - Processing /opt/airflow/dags/netflix_dag.py took 1.746 seconds
[2026-09-08T03:13:30.877+0000] {processor.py:161} INFO - Started process (PID=1355) to work on /opt/airflow/dags/netflix_dag.py
[2026-09-08T03:13:30.879+0000] {processor.py:830} INFO - Processing file /opt/airflow/dags/netflix_dag.py for tasks to queue
[2026-09-08T03:13:30.896+0000] {logging_mixin.py:188} INFO - [2026-09-08T03:13:30.896+0000] {dagbag.py:545} INFO - Filling up the DagBag from /opt/airflow/dags/netflix_dag.py
[2026-09-08T03:13:30.977+0000] {processor.py:840} INFO - DAG(s) 'netflix_etl_pipeline' retrieved from /opt/airflow/dags/netflix_dag.py
[2026-09-08T03:13:31.111+0000] {logging_mixin.py:188} INFO - [2026-09-08T03:13:31.110+0000] {dag.py:3089} INFO - Sync 1 DAGs
[2026-09-08T03:13:31.174+0000] {logging_mixin.py:188} INFO - [2026-09-08T03:13:31.174+0000] {dag.py:3947} INFO - Setting next_dagrun for netflix_etl_pipeline to 2026-09-07 00:00:00+00:00, run_after=2026-09-08 00:00:00+00:00
[2026-09-08T03:13:31.288+0000] {processor.py:183} INFO - Processing /opt/airflow/dags/netflix_dag.py took 0.433 seconds
[2026-09-08T03:14:02.655+0000] {processor.py:161} INFO - Started process (PID=1366) to work on /opt/airflow/dags/netflix_dag.py
[2026-09-08T03:14:02.682+0000] {processor.py:830} INFO - Processing file /opt/airflow/dags/netflix_dag.py for tasks to queue
[2026-09-08T03:14:02.707+0000] {logging_mixin.py:188} INFO - [2026-09-08T03:14:02.707+0000] {dagbag.py:545} INFO - Filling up the DagBag from /opt/airflow/dags/netflix_dag.py
[2026-09-08T03:14:03.750+0000] {processor.py:840} INFO - DAG(s) 'netflix_etl_pipeline' retrieved from /opt/airflow/dags/netflix_dag.py
[2026-09-08T03:14:04.018+0000] {logging_mixin.py:188} INFO - [2026-09-08T03:14:04.018+0000] {dag.py:3089} INFO - Sync 1 DAGs
[2026-09-08T03:14:04.212+0000] {logging_mixin.py:188} INFO - [2026-09-08T03:14:04.212+0000] {dag.py:3947} INFO - Setting next_dagrun for netflix_etl_pipeline to 2026-09-07 00:00:00+00:00, run_after=2026-09-08 00:00:00+00:00
[2026-09-08T03:14:04.475+0000] {processor.py:183} INFO - Processing /opt/airflow/dags/netflix_dag.py took 1.844 seconds
[2026-09-08T03:14:35.375+0000] {processor.py:161} INFO - Started process (PID=1383) to work on /opt/airflow/dags/netflix_dag.py
[2026-09-08T03:14:35.379+0000] {processor.py:830} INFO - Processing file /opt/airflow/dags/netflix_dag.py for tasks to queue
[2026-09-08T03:14:35.394+0000] {logging_mixin.py:188} INFO - [2026-09-08T03:14:35.393+0000] {dagbag.py:545} INFO - Filling up the DagBag from /opt/airflow/dags/netflix_dag.py
[2026-09-08T03:14:35.461+0000] {processor.py:840} INFO - DAG(s) 'netflix_etl_pipeline' retrieved from /opt/airflow/dags/netflix_dag.py
[2026-09-08T03:14:35.589+0000] {logging_mixin.py:188} INFO - [2026-09-08T03:14:35.588+0000] {dag.py:3089} INFO - Sync 1 DAGs
[2026-09-08T03:14:35.733+0000] {logging_mixin.py:188} INFO - [2026-09-08T03:14:35.732+0000] {dag.py:3947} INFO - Setting next_dagrun for netflix_etl_pipeline to 2026-09-07 00:00:00+00:00, run_after=2026-09-08 00:00:00+00:00
[2026-09-08T03:14:35.890+0000] {processor.py:183} INFO - Processing /opt/airflow/dags/netflix_dag.py took 0.552 seconds
[2026-09-08T03:15:07.191+0000] {processor.py:161} INFO - Started process (PID=1394) to work on /opt/airflow/dags/netflix_dag.py
[2026-09-08T03:15:07.199+0000] {processor.py:830} INFO - Processing file /opt/airflow/dags/netflix_dag.py for tasks to queue
[2026-09-08T03:15:07.232+0000] {logging_mixin.py:188} INFO - [2026-09-08T03:15:07.232+0000] {dagbag.py:545} INFO - Filling up the DagBag from /opt/airflow/dags/netflix_dag.py
[2026-09-08T03:15:07.891+0000] {processor.py:840} INFO - DAG(s) 'netflix_etl_pipeline' retrieved from /opt/airflow/dags/netflix_dag.py
[2026-09-08T03:15:08.105+0000] {logging_mixin.py:188} INFO - [2026-09-08T03:15:08.104+0000] {dag.py:3089} INFO - Sync 1 DAGs
[2026-09-08T03:15:08.248+0000] {logging_mixin.py:188} INFO - [2026-09-08T03:15:08.248+0000] {dag.py:3947} INFO - Setting next_dagrun for netflix_etl_pipeline to 2026-09-07 00:00:00+00:00, run_after=2026-09-08 00:00:00+00:00
[2026-09-08T03:15:08.424+0000] {processor.py:183} INFO - Processing /opt/airflow/dags/netflix_dag.py took 1.256 seconds
[2026-09-08T03:15:39.156+0000] {processor.py:161} INFO - Started process (PID=1405) to work on /opt/airflow/dags/netflix_dag.py
[2026-09-08T03:15:39.158+0000] {processor.py:830} INFO - Processing file /opt/airflow/dags/netflix_dag.py for tasks to queue
[2026-09-08T03:15:39.163+0000] {logging_mixin.py:188} INFO - [2026-09-08T03:15:39.163+0000] {dagbag.py:545} INFO - Filling up the DagBag from /opt/airflow/dags/netflix_dag.py
[2026-09-08T03:15:39.197+0000] {processor.py:840} INFO - DAG(s) 'netflix_etl_pipeline' retrieved from /opt/airflow/dags/netflix_dag.py
[2026-09-08T03:15:39.248+0000] {logging_mixin.py:188} INFO - [2026-09-08T03:15:39.247+0000] {dag.py:3089} INFO - Sync 1 DAGs
[2026-09-08T03:15:39.279+0000] {logging_mixin.py:188} INFO - [2026-09-08T03:15:39.279+0000] {dag.py:3947} INFO - Setting next_dagrun for netflix_etl_pipeline to 2026-09-07 00:00:00+00:00, run_after=2026-09-08 00:00:00+00:00
[2026-09-08T03:15:39.308+0000] {processor.py:183} INFO - Processing /opt/airflow/dags/netflix_dag.py took 0.165 seconds
[2026-09-08T03:16:09.529+0000] {processor.py:161} INFO - Started process (PID=1416) to work on /opt/airflow/dags/netflix_dag.py
[2026-09-08T03:16:09.532+0000] {processor.py:830} INFO - Processing file /opt/airflow/dags/netflix_dag.py for tasks to queue
[2026-09-08T03:16:09.542+0000] {logging_mixin.py:188} INFO - [2026-09-08T03:16:09.541+0000] {dagbag.py:545} INFO - Filling up the DagBag from /opt/airflow/dags/netflix_dag.py
[2026-09-08T03:16:10.177+0000] {processor.py:840} INFO - DAG(s) 'netflix_etl_pipeline' retrieved from /opt/airflow/dags/netflix_dag.py
[2026-09-08T03:16:10.458+0000] {logging_mixin.py:188} INFO - [2026-09-08T03:16:10.457+0000] {dag.py:3089} INFO - Sync 1 DAGs
[2026-09-08T03:16:10.697+0000] {logging_mixin.py:188} INFO - [2026-09-08T03:16:10.697+0000] {dag.py:3947} INFO - Setting next_dagrun for netflix_etl_pipeline to 2026-09-07 00:00:00+00:00, run_after=2026-09-08 00:00:00+00:00
[2026-09-08T03:16:10.890+0000] {processor.py:183} INFO - Processing /opt/airflow/dags/netflix_dag.py took 1.375 seconds
[2026-09-08T03:16:43.739+0000] {processor.py:161} INFO - Started process (PID=1427) to work on /opt/airflow/dags/netflix_dag.py
[2026-09-08T03:16:43.969+0000] {processor.py:830} INFO - Processing file /opt/airflow/dags/netflix_dag.py for tasks to queue
[2026-09-08T03:16:44.034+0000] {logging_mixin.py:188} INFO - [2026-09-08T03:16:44.033+0000] {dagbag.py:545} INFO - Filling up the DagBag from /opt/airflow/dags/netflix_dag.py
[2026-09-08T03:16:45.553+0000] {processor.py:840} INFO - DAG(s) 'netflix_etl_pipeline' retrieved from /opt/airflow/dags/netflix_dag.py
[2026-09-08T03:16:45.794+0000] {logging_mixin.py:188} INFO - [2026-09-08T03:16:45.793+0000] {dag.py:3089} INFO - Sync 1 DAGs
[2026-09-08T03:16:46.043+0000] {logging_mixin.py:188} INFO - [2026-09-08T03:16:46.042+0000] {dag.py:3947} INFO - Setting next_dagrun for netflix_etl_pipeline to 2026-09-07 00:00:00+00:00, run_after=2026-09-08 00:00:00+00:00
[2026-09-08T03:16:46.339+0000] {processor.py:183} INFO - Processing /opt/airflow/dags/netflix_dag.py took 2.700 seconds
[2026-09-08T03:17:18.047+0000] {processor.py:161} INFO - Started process (PID=1438) to work on /opt/airflow/dags/netflix_dag.py
[2026-09-08T03:17:18.062+0000] {processor.py:830} INFO - Processing file /opt/airflow/dags/netflix_dag.py for tasks to queue
[2026-09-08T03:17:18.071+0000] {logging_mixin.py:188} INFO - [2026-09-08T03:17:18.069+0000] {dagbag.py:545} INFO - Filling up the DagBag from /opt/airflow/dags/netflix_dag.py
[2026-09-08T03:17:18.493+0000] {processor.py:840} INFO - DAG(s) 'netflix_etl_pipeline' retrieved from /opt/airflow/dags/netflix_dag.py
[2026-09-08T03:17:18.728+0000] {logging_mixin.py:188} INFO - [2026-09-08T03:17:18.727+0000] {dag.py:3089} INFO - Sync 1 DAGs
[2026-09-08T03:17:19.021+0000] {logging_mixin.py:188} INFO - [2026-09-08T03:17:19.021+0000] {dag.py:3947} INFO - Setting next_dagrun for netflix_etl_pipeline to 2026-09-07 00:00:00+00:00, run_after=2026-09-08 00:00:00+00:00
[2026-09-08T03:17:19.473+0000] {processor.py:183} INFO - Processing /opt/airflow/dags/netflix_dag.py took 1.477 seconds
[2026-09-08T03:17:49.608+0000] {processor.py:161} INFO - Started process (PID=1449) to work on /opt/airflow/dags/netflix_dag.py
[2026-09-08T03:17:49.610+0000] {processor.py:830} INFO - Processing file /opt/airflow/dags/netflix_dag.py for tasks to queue
[2026-09-08T03:17:49.615+0000] {logging_mixin.py:188} INFO - [2026-09-08T03:17:49.614+0000] {dagbag.py:545} INFO - Filling up the DagBag from /opt/airflow/dags/netflix_dag.py
[2026-09-08T03:17:49.647+0000] {processor.py:840} INFO - DAG(s) 'netflix_etl_pipeline' retrieved from /opt/airflow/dags/netflix_dag.py
[2026-09-08T03:17:49.748+0000] {logging_mixin.py:188} INFO - [2026-09-08T03:17:49.748+0000] {dag.py:3089} INFO - Sync 1 DAGs
[2026-09-08T03:17:49.891+0000] {logging_mixin.py:188} INFO - [2026-09-08T03:17:49.891+0000] {dag.py:3947} INFO - Setting next_dagrun for netflix_etl_pipeline to 2026-09-07 00:00:00+00:00, run_after=2026-09-08 00:00:00+00:00
[2026-09-08T03:17:50.161+0000] {processor.py:183} INFO - Processing /opt/airflow/dags/netflix_dag.py took 0.565 seconds
[2026-09-08T03:18:20.906+0000] {processor.py:161} INFO - Started process (PID=1460) to work on /opt/airflow/dags/netflix_dag.py
[2026-09-08T03:18:20.908+0000] {processor.py:830} INFO - Processing file /opt/airflow/dags/netflix_dag.py for tasks to queue
[2026-09-08T03:18:20.911+0000] {logging_mixin.py:188} INFO - [2026-09-08T03:18:20.910+0000] {dagbag.py:545} INFO - Filling up the DagBag from /opt/airflow/dags/netflix_dag.py
[2026-09-08T03:18:20.937+0000] {processor.py:840} INFO - DAG(s) 'netflix_etl_pipeline' retrieved from /opt/airflow/dags/netflix_dag.py
[2026-09-08T03:18:20.985+0000] {logging_mixin.py:188} INFO - [2026-09-08T03:18:20.985+0000] {dag.py:3089} INFO - Sync 1 DAGs
[2026-09-08T03:18:21.027+0000] {logging_mixin.py:188} INFO - [2026-09-08T03:18:21.027+0000] {dag.py:3947} INFO - Setting next_dagrun for netflix_etl_pipeline to 2026-09-07 00:00:00+00:00, run_after=2026-09-08 00:00:00+00:00
[2026-09-08T03:18:21.054+0000] {processor.py:183} INFO - Processing /opt/airflow/dags/netflix_dag.py took 0.157 seconds
[2026-09-08T03:18:52.734+0000] {processor.py:161} INFO - Started process (PID=1471) to work on /opt/airflow/dags/netflix_dag.py
[2026-09-08T03:18:52.736+0000] {processor.py:830} INFO - Processing file /opt/airflow/dags/netflix_dag.py for tasks to queue
[2026-09-08T03:18:52.741+0000] {logging_mixin.py:188} INFO - [2026-09-08T03:18:52.741+0000] {dagbag.py:545} INFO - Filling up the DagBag from /opt/airflow/dags/netflix_dag.py
[2026-09-08T03:18:52.774+0000] {processor.py:840} INFO - DAG(s) 'netflix_etl_pipeline' retrieved from /opt/airflow/dags/netflix_dag.py
[2026-09-08T03:18:52.845+0000] {logging_mixin.py:188} INFO - [2026-09-08T03:18:52.845+0000] {dag.py:3089} INFO - Sync 1 DAGs
[2026-09-08T03:18:53.037+0000] {logging_mixin.py:188} INFO - [2026-09-08T03:18:53.036+0000] {dag.py:3947} INFO - Setting next_dagrun for netflix_etl_pipeline to 2026-09-07 00:00:00+00:00, run_after=2026-09-08 00:00:00+00:00
[2026-09-08T03:18:53.235+0000] {processor.py:183} INFO - Processing /opt/airflow/dags/netflix_dag.py took 0.520 seconds
[2026-09-08T03:19:24.796+0000] {processor.py:161} INFO - Started process (PID=1482) to work on /opt/airflow/dags/netflix_dag.py
[2026-09-08T03:19:24.801+0000] {processor.py:830} INFO - Processing file /opt/airflow/dags/netflix_dag.py for tasks to queue
[2026-09-08T03:19:24.815+0000] {logging_mixin.py:188} INFO - [2026-09-08T03:19:24.814+0000] {dagbag.py:545} INFO - Filling up the DagBag from /opt/airflow/dags/netflix_dag.py
[2026-09-08T03:19:24.886+0000] {processor.py:840} INFO - DAG(s) 'netflix_etl_pipeline' retrieved from /opt/airflow/dags/netflix_dag.py
[2026-09-08T03:19:25.103+0000] {logging_mixin.py:188} INFO - [2026-09-08T03:19:25.093+0000] {dag.py:3089} INFO - Sync 1 DAGs
[2026-09-08T03:19:25.289+0000] {logging_mixin.py:188} INFO - [2026-09-08T03:19:25.288+0000] {dag.py:3947} INFO - Setting next_dagrun for netflix_etl_pipeline to 2026-09-07 00:00:00+00:00, run_after=2026-09-08 00:00:00+00:00
[2026-09-08T03:19:25.510+0000] {processor.py:183} INFO - Processing /opt/airflow/dags/netflix_dag.py took 0.754 seconds
[2026-09-08T03:19:56.583+0000] {processor.py:161} INFO - Started process (PID=1494) to work on /opt/airflow/dags/netflix_dag.py
[2026-09-08T03:19:56.624+0000] {processor.py:830} INFO - Processing file /opt/airflow/dags/netflix_dag.py for tasks to queue
[2026-09-08T03:19:56.692+0000] {logging_mixin.py:188} INFO - [2026-09-08T03:19:56.691+0000] {dagbag.py:545} INFO - Filling up the DagBag from /opt/airflow/dags/netflix_dag.py
[2026-09-08T03:19:58.701+0000] {processor.py:840} INFO - DAG(s) 'netflix_etl_pipeline' retrieved from /opt/airflow/dags/netflix_dag.py
[2026-09-08T03:19:58.976+0000] {logging_mixin.py:188} INFO - [2026-09-08T03:19:58.975+0000] {dag.py:3089} INFO - Sync 1 DAGs
[2026-09-08T03:19:59.209+0000] {logging_mixin.py:188} INFO - [2026-09-08T03:19:59.209+0000] {dag.py:3947} INFO - Setting next_dagrun for netflix_etl_pipeline to 2026-09-07 00:00:00+00:00, run_after=2026-09-08 00:00:00+00:00
[2026-09-08T03:20:00.695+0000] {processor.py:183} INFO - Processing /opt/airflow/dags/netflix_dag.py took 4.146 seconds
[2026-09-08T03:20:32.976+0000] {processor.py:161} INFO - Started process (PID=1505) to work on /opt/airflow/dags/netflix_dag.py
[2026-09-08T03:20:33.096+0000] {processor.py:830} INFO - Processing file /opt/airflow/dags/netflix_dag.py for tasks to queue
[2026-09-08T03:20:33.104+0000] {logging_mixin.py:188} INFO - [2026-09-08T03:20:33.103+0000] {dagbag.py:545} INFO - Filling up the DagBag from /opt/airflow/dags/netflix_dag.py
[2026-09-08T03:20:34.518+0000] {processor.py:840} INFO - DAG(s) 'netflix_etl_pipeline' retrieved from /opt/airflow/dags/netflix_dag.py
[2026-09-08T03:20:34.662+0000] {logging_mixin.py:188} INFO - [2026-09-08T03:20:34.661+0000] {dag.py:3089} INFO - Sync 1 DAGs
[2026-09-08T03:20:34.824+0000] {logging_mixin.py:188} INFO - [2026-09-08T03:20:34.823+0000] {dag.py:3947} INFO - Setting next_dagrun for netflix_etl_pipeline to 2026-09-07 00:00:00+00:00, run_after=2026-09-08 00:00:00+00:00
[2026-09-08T03:20:35.060+0000] {processor.py:183} INFO - Processing /opt/airflow/dags/netflix_dag.py took 2.120 seconds
[2026-09-08T03:21:05.688+0000] {processor.py:161} INFO - Started process (PID=1515) to work on /opt/airflow/dags/netflix_dag.py
[2026-09-08T03:21:05.691+0000] {processor.py:830} INFO - Processing file /opt/airflow/dags/netflix_dag.py for tasks to queue
[2026-09-08T03:21:05.700+0000] {logging_mixin.py:188} INFO - [2026-09-08T03:21:05.697+0000] {dagbag.py:545} INFO - Filling up the DagBag from /opt/airflow/dags/netflix_dag.py
[2026-09-08T03:21:05.746+0000] {processor.py:840} INFO - DAG(s) 'netflix_etl_pipeline' retrieved from /opt/airflow/dags/netflix_dag.py
[2026-09-08T03:21:05.857+0000] {logging_mixin.py:188} INFO - [2026-09-08T03:21:05.856+0000] {dag.py:3089} INFO - Sync 1 DAGs
[2026-09-08T03:21:05.976+0000] {logging_mixin.py:188} INFO - [2026-09-08T03:21:05.976+0000] {dag.py:3947} INFO - Setting next_dagrun for netflix_etl_pipeline to 2026-09-07 00:00:00+00:00, run_after=2026-09-08 00:00:00+00:00
[2026-09-08T03:21:06.041+0000] {processor.py:183} INFO - Processing /opt/airflow/dags/netflix_dag.py took 0.374 seconds
[2026-09-08T03:21:37.821+0000] {processor.py:161} INFO - Started process (PID=1526) to work on /opt/airflow/dags/netflix_dag.py
[2026-09-08T03:21:37.827+0000] {processor.py:830} INFO - Processing file /opt/airflow/dags/netflix_dag.py for tasks to queue
[2026-09-08T03:21:37.838+0000] {logging_mixin.py:188} INFO - [2026-09-08T03:21:37.837+0000] {dagbag.py:545} INFO - Filling up the DagBag from /opt/airflow/dags/netflix_dag.py
[2026-09-08T03:21:37.882+0000] {processor.py:840} INFO - DAG(s) 'netflix_etl_pipeline' retrieved from /opt/airflow/dags/netflix_dag.py
[2026-09-08T03:21:38.099+0000] {logging_mixin.py:188} INFO - [2026-09-08T03:21:38.099+0000] {dag.py:3089} INFO - Sync 1 DAGs
[2026-09-08T03:21:38.316+0000] {logging_mixin.py:188} INFO - [2026-09-08T03:21:38.316+0000] {dag.py:3947} INFO - Setting next_dagrun for netflix_etl_pipeline to 2026-09-07 00:00:00+00:00, run_after=2026-09-08 00:00:00+00:00
[2026-09-08T03:21:38.561+0000] {processor.py:183} INFO - Processing /opt/airflow/dags/netflix_dag.py took 0.765 seconds
[2026-09-08T03:22:10.160+0000] {processor.py:161} INFO - Started process (PID=1544) to work on /opt/airflow/dags/netflix_dag.py
[2026-09-08T03:22:10.162+0000] {processor.py:830} INFO - Processing file /opt/airflow/dags/netflix_dag.py for tasks to queue
[2026-09-08T03:22:10.176+0000] {logging_mixin.py:188} INFO - [2026-09-08T03:22:10.176+0000] {dagbag.py:545} INFO - Filling up the DagBag from /opt/airflow/dags/netflix_dag.py
[2026-09-08T03:22:10.307+0000] {processor.py:840} INFO - DAG(s) 'netflix_etl_pipeline' retrieved from /opt/airflow/dags/netflix_dag.py
[2026-09-08T03:22:10.467+0000] {logging_mixin.py:188} INFO - [2026-09-08T03:22:10.466+0000] {dag.py:3089} INFO - Sync 1 DAGs
[2026-09-08T03:22:10.620+0000] {logging_mixin.py:188} INFO - [2026-09-08T03:22:10.619+0000] {dag.py:3947} INFO - Setting next_dagrun for netflix_etl_pipeline to 2026-09-07 00:00:00+00:00, run_after=2026-09-08 00:00:00+00:00
[2026-09-08T03:22:10.750+0000] {processor.py:183} INFO - Processing /opt/airflow/dags/netflix_dag.py took 0.612 seconds
[2026-09-08T03:22:41.039+0000] {processor.py:161} INFO - Started process (PID=1555) to work on /opt/airflow/dags/netflix_dag.py
[2026-09-08T03:22:41.042+0000] {processor.py:830} INFO - Processing file /opt/airflow/dags/netflix_dag.py for tasks to queue
[2026-09-08T03:22:41.049+0000] {logging_mixin.py:188} INFO - [2026-09-08T03:22:41.047+0000] {dagbag.py:545} INFO - Filling up the DagBag from /opt/airflow/dags/netflix_dag.py
[2026-09-08T03:22:41.532+0000] {processor.py:840} INFO - DAG(s) 'netflix_etl_pipeline' retrieved from /opt/airflow/dags/netflix_dag.py
[2026-09-08T03:22:41.783+0000] {logging_mixin.py:188} INFO - [2026-09-08T03:22:41.783+0000] {dag.py:3089} INFO - Sync 1 DAGs
[2026-09-08T03:22:41.947+0000] {logging_mixin.py:188} INFO - [2026-09-08T03:22:41.947+0000] {dag.py:3947} INFO - Setting next_dagrun for netflix_etl_pipeline to 2026-09-07 00:00:00+00:00, run_after=2026-09-08 00:00:00+00:00
[2026-09-08T03:22:42.154+0000] {processor.py:183} INFO - Processing /opt/airflow/dags/netflix_dag.py took 1.129 seconds
[2026-09-08T03:23:13.405+0000] {processor.py:161} INFO - Started process (PID=1566) to work on /opt/airflow/dags/netflix_dag.py
[2026-09-08T03:23:13.409+0000] {processor.py:830} INFO - Processing file /opt/airflow/dags/netflix_dag.py for tasks to queue
[2026-09-08T03:23:13.440+0000] {logging_mixin.py:188} INFO - [2026-09-08T03:23:13.439+0000] {dagbag.py:545} INFO - Filling up the DagBag from /opt/airflow/dags/netflix_dag.py
[2026-09-08T03:23:14.580+0000] {processor.py:840} INFO - DAG(s) 'netflix_etl_pipeline' retrieved from /opt/airflow/dags/netflix_dag.py
[2026-09-08T03:23:14.797+0000] {logging_mixin.py:188} INFO - [2026-09-08T03:23:14.796+0000] {dag.py:3089} INFO - Sync 1 DAGs
[2026-09-08T03:23:14.972+0000] {logging_mixin.py:188} INFO - [2026-09-08T03:23:14.971+0000] {dag.py:3947} INFO - Setting next_dagrun for netflix_etl_pipeline to 2026-09-07 00:00:00+00:00, run_after=2026-09-08 00:00:00+00:00
[2026-09-08T03:23:15.067+0000] {processor.py:183} INFO - Processing /opt/airflow/dags/netflix_dag.py took 1.686 seconds
[2026-09-08T03:23:46.875+0000] {processor.py:161} INFO - Started process (PID=1577) to work on /opt/airflow/dags/netflix_dag.py
[2026-09-08T03:23:46.887+0000] {processor.py:830} INFO - Processing file /opt/airflow/dags/netflix_dag.py for tasks to queue
[2026-09-08T03:23:46.903+0000] {logging_mixin.py:188} INFO - [2026-09-08T03:23:46.899+0000] {dagbag.py:545} INFO - Filling up the DagBag from /opt/airflow/dags/netflix_dag.py
[2026-09-08T03:23:47.020+0000] {processor.py:840} INFO - DAG(s) 'netflix_etl_pipeline' retrieved from /opt/airflow/dags/netflix_dag.py
[2026-09-08T03:23:47.221+0000] {logging_mixin.py:188} INFO - [2026-09-08T03:23:47.220+0000] {dag.py:3089} INFO - Sync 1 DAGs
[2026-09-08T03:23:47.425+0000] {logging_mixin.py:188} INFO - [2026-09-08T03:23:47.424+0000] {dag.py:3947} INFO - Setting next_dagrun for netflix_etl_pipeline to 2026-09-07 00:00:00+00:00, run_after=2026-09-08 00:00:00+00:00
[2026-09-08T03:23:47.698+0000] {processor.py:183} INFO - Processing /opt/airflow/dags/netflix_dag.py took 0.867 seconds
[2026-09-08T03:24:19.911+0000] {processor.py:161} INFO - Started process (PID=1588) to work on /opt/airflow/dags/netflix_dag.py
[2026-09-08T03:24:19.944+0000] {processor.py:830} INFO - Processing file /opt/airflow/dags/netflix_dag.py for tasks to queue
[2026-09-08T03:24:20.039+0000] {logging_mixin.py:188} INFO - [2026-09-08T03:24:20.038+0000] {dagbag.py:545} INFO - Filling up the DagBag from /opt/airflow/dags/netflix_dag.py
[2026-09-08T03:24:20.905+0000] {processor.py:840} INFO - DAG(s) 'netflix_etl_pipeline' retrieved from /opt/airflow/dags/netflix_dag.py
[2026-09-08T03:24:21.655+0000] {logging_mixin.py:188} INFO - [2026-09-08T03:24:21.645+0000] {dag.py:3089} INFO - Sync 1 DAGs
[2026-09-08T03:24:22.155+0000] {logging_mixin.py:188} INFO - [2026-09-08T03:24:22.154+0000] {dag.py:3947} INFO - Setting next_dagrun for netflix_etl_pipeline to 2026-09-07 00:00:00+00:00, run_after=2026-09-08 00:00:00+00:00
[2026-09-08T03:24:22.395+0000] {processor.py:183} INFO - Processing /opt/airflow/dags/netflix_dag.py took 2.506 seconds
[2026-09-08T03:24:54.497+0000] {processor.py:161} INFO - Started process (PID=1599) to work on /opt/airflow/dags/netflix_dag.py
[2026-09-08T03:24:54.512+0000] {processor.py:830} INFO - Processing file /opt/airflow/dags/netflix_dag.py for tasks to queue
[2026-09-08T03:24:54.567+0000] {logging_mixin.py:188} INFO - [2026-09-08T03:24:54.566+0000] {dagbag.py:545} INFO - Filling up the DagBag from /opt/airflow/dags/netflix_dag.py
[2026-09-08T03:24:55.533+0000] {processor.py:840} INFO - DAG(s) 'netflix_etl_pipeline' retrieved from /opt/airflow/dags/netflix_dag.py
[2026-09-08T03:24:55.776+0000] {logging_mixin.py:188} INFO - [2026-09-08T03:24:55.775+0000] {dag.py:3089} INFO - Sync 1 DAGs
[2026-09-08T03:24:55.944+0000] {logging_mixin.py:188} INFO - [2026-09-08T03:24:55.944+0000] {dag.py:3947} INFO - Setting next_dagrun for netflix_etl_pipeline to 2026-09-07 00:00:00+00:00, run_after=2026-09-08 00:00:00+00:00
[2026-09-08T03:24:56.089+0000] {processor.py:183} INFO - Processing /opt/airflow/dags/netflix_dag.py took 1.616 seconds
[2026-09-08T03:25:27.883+0000] {processor.py:161} INFO - Started process (PID=1610) to work on /opt/airflow/dags/netflix_dag.py
[2026-09-08T03:25:27.890+0000] {processor.py:830} INFO - Processing file /opt/airflow/dags/netflix_dag.py for tasks to queue
[2026-09-08T03:25:27.899+0000] {logging_mixin.py:188} INFO - [2026-09-08T03:25:27.898+0000] {dagbag.py:545} INFO - Filling up the DagBag from /opt/airflow/dags/netflix_dag.py
[2026-09-08T03:25:28.011+0000] {processor.py:840} INFO - DAG(s) 'netflix_etl_pipeline' retrieved from /opt/airflow/dags/netflix_dag.py
[2026-09-08T03:25:28.396+0000] {logging_mixin.py:188} INFO - [2026-09-08T03:25:28.385+0000] {dag.py:3089} INFO - Sync 1 DAGs
[2026-09-08T03:25:28.681+0000] {logging_mixin.py:188} INFO - [2026-09-08T03:25:28.680+0000] {dag.py:3947} INFO - Setting next_dagrun for netflix_etl_pipeline to 2026-09-07 00:00:00+00:00, run_after=2026-09-08 00:00:00+00:00
[2026-09-08T03:25:28.879+0000] {processor.py:183} INFO - Processing /opt/airflow/dags/netflix_dag.py took 1.023 seconds
[2026-09-08T03:25:59.746+0000] {processor.py:161} INFO - Started process (PID=1621) to work on /opt/airflow/dags/netflix_dag.py
[2026-09-08T03:25:59.749+0000] {processor.py:830} INFO - Processing file /opt/airflow/dags/netflix_dag.py for tasks to queue
[2026-09-08T03:25:59.757+0000] {logging_mixin.py:188} INFO - [2026-09-08T03:25:59.756+0000] {dagbag.py:545} INFO - Filling up the DagBag from /opt/airflow/dags/netflix_dag.py
[2026-09-08T03:25:59.804+0000] {processor.py:840} INFO - DAG(s) 'netflix_etl_pipeline' retrieved from /opt/airflow/dags/netflix_dag.py
[2026-09-08T03:26:00.006+0000] {logging_mixin.py:188} INFO - [2026-09-08T03:26:00.006+0000] {dag.py:3089} INFO - Sync 1 DAGs
[2026-09-08T03:26:00.272+0000] {logging_mixin.py:188} INFO - [2026-09-08T03:26:00.271+0000] {dag.py:3947} INFO - Setting next_dagrun for netflix_etl_pipeline to 2026-09-07 00:00:00+00:00, run_after=2026-09-08 00:00:00+00:00
[2026-09-08T03:26:00.505+0000] {processor.py:183} INFO - Processing /opt/airflow/dags/netflix_dag.py took 0.784 seconds
[2026-09-08T03:26:31.050+0000] {processor.py:161} INFO - Started process (PID=1632) to work on /opt/airflow/dags/netflix_dag.py
[2026-09-08T03:26:31.052+0000] {processor.py:830} INFO - Processing file /opt/airflow/dags/netflix_dag.py for tasks to queue
[2026-09-08T03:26:31.057+0000] {logging_mixin.py:188} INFO - [2026-09-08T03:26:31.056+0000] {dagbag.py:545} INFO - Filling up the DagBag from /opt/airflow/dags/netflix_dag.py
[2026-09-08T03:26:31.086+0000] {processor.py:840} INFO - DAG(s) 'netflix_etl_pipeline' retrieved from /opt/airflow/dags/netflix_dag.py
[2026-09-08T03:26:31.143+0000] {logging_mixin.py:188} INFO - [2026-09-08T03:26:31.143+0000] {dag.py:3089} INFO - Sync 1 DAGs
[2026-09-08T03:26:31.173+0000] {logging_mixin.py:188} INFO - [2026-09-08T03:26:31.172+0000] {dag.py:3947} INFO - Setting next_dagrun for netflix_etl_pipeline to 2026-09-07 00:00:00+00:00, run_after=2026-09-08 00:00:00+00:00
[2026-09-08T03:26:31.200+0000] {processor.py:183} INFO - Processing /opt/airflow/dags/netflix_dag.py took 0.161 seconds
[2026-09-08T03:27:02.132+0000] {processor.py:161} INFO - Started process (PID=1643) to work on /opt/airflow/dags/netflix_dag.py
[2026-09-08T03:27:02.179+0000] {processor.py:830} INFO - Processing file /opt/airflow/dags/netflix_dag.py for tasks to queue
[2026-09-08T03:27:02.211+0000] {logging_mixin.py:188} INFO - [2026-09-08T03:27:02.210+0000] {dagbag.py:545} INFO - Filling up the DagBag from /opt/airflow/dags/netflix_dag.py
[2026-09-08T03:27:02.484+0000] {processor.py:840} INFO - DAG(s) 'netflix_etl_pipeline' retrieved from /opt/airflow/dags/netflix_dag.py
[2026-09-08T03:27:02.580+0000] {logging_mixin.py:188} INFO - [2026-09-08T03:27:02.580+0000] {dag.py:3089} INFO - Sync 1 DAGs
[2026-09-08T03:27:02.751+0000] {logging_mixin.py:188} INFO - [2026-09-08T03:27:02.750+0000] {dag.py:3947} INFO - Setting next_dagrun for netflix_etl_pipeline to 2026-09-07 00:00:00+00:00, run_after=2026-09-08 00:00:00+00:00
[2026-09-08T03:27:02.988+0000] {processor.py:183} INFO - Processing /opt/airflow/dags/netflix_dag.py took 0.889 seconds
[2026-09-08T03:27:34.719+0000] {processor.py:161} INFO - Started process (PID=1654) to work on /opt/airflow/dags/netflix_dag.py
[2026-09-08T03:27:34.757+0000] {processor.py:830} INFO - Processing file /opt/airflow/dags/netflix_dag.py for tasks to queue
[2026-09-08T03:27:34.789+0000] {logging_mixin.py:188} INFO - [2026-09-08T03:27:34.788+0000] {dagbag.py:545} INFO - Filling up the DagBag from /opt/airflow/dags/netflix_dag.py
[2026-09-08T03:27:35.866+0000] {processor.py:840} INFO - DAG(s) 'netflix_etl_pipeline' retrieved from /opt/airflow/dags/netflix_dag.py
[2026-09-08T03:27:36.056+0000] {logging_mixin.py:188} INFO - [2026-09-08T03:27:36.055+0000] {dag.py:3089} INFO - Sync 1 DAGs
[2026-09-08T03:27:36.175+0000] {logging_mixin.py:188} INFO - [2026-09-08T03:27:36.174+0000] {dag.py:3947} INFO - Setting next_dagrun for netflix_etl_pipeline to 2026-09-07 00:00:00+00:00, run_after=2026-09-08 00:00:00+00:00
[2026-09-08T03:27:36.341+0000] {processor.py:183} INFO - Processing /opt/airflow/dags/netflix_dag.py took 1.646 seconds
[2026-09-08T03:28:07.459+0000] {processor.py:161} INFO - Started process (PID=1666) to work on /opt/airflow/dags/netflix_dag.py
[2026-09-08T03:28:07.534+0000] {processor.py:830} INFO - Processing file /opt/airflow/dags/netflix_dag.py for tasks to queue
[2026-09-08T03:28:07.604+0000] {logging_mixin.py:188} INFO - [2026-09-08T03:28:07.602+0000] {dagbag.py:545} INFO - Filling up the DagBag from /opt/airflow/dags/netflix_dag.py
[2026-09-08T03:28:10.277+0000] {processor.py:840} INFO - DAG(s) 'netflix_etl_pipeline' retrieved from /opt/airflow/dags/netflix_dag.py
[2026-09-08T03:28:10.640+0000] {logging_mixin.py:188} INFO - [2026-09-08T03:28:10.629+0000] {dag.py:3089} INFO - Sync 1 DAGs
[2026-09-08T03:28:10.864+0000] {logging_mixin.py:188} INFO - [2026-09-08T03:28:10.863+0000] {dag.py:3947} INFO - Setting next_dagrun for netflix_etl_pipeline to 2026-09-07 00:00:00+00:00, run_after=2026-09-08 00:00:00+00:00
[2026-09-08T03:28:11.200+0000] {processor.py:183} INFO - Processing /opt/airflow/dags/netflix_dag.py took 3.817 seconds
[2026-09-08T03:28:43.319+0000] {processor.py:161} INFO - Started process (PID=1678) to work on /opt/airflow/dags/netflix_dag.py
[2026-09-08T03:28:43.879+0000] {processor.py:830} INFO - Processing file /opt/airflow/dags/netflix_dag.py for tasks to queue
[2026-09-08T03:28:43.891+0000] {logging_mixin.py:188} INFO - [2026-09-08T03:28:43.889+0000] {dagbag.py:545} INFO - Filling up the DagBag from /opt/airflow/dags/netflix_dag.py
[2026-09-08T03:28:45.179+0000] {processor.py:840} INFO - DAG(s) 'netflix_etl_pipeline' retrieved from /opt/airflow/dags/netflix_dag.py
[2026-09-08T03:28:45.543+0000] {logging_mixin.py:188} INFO - [2026-09-08T03:28:45.542+0000] {dag.py:3089} INFO - Sync 1 DAGs
[2026-09-08T03:28:45.766+0000] {logging_mixin.py:188} INFO - [2026-09-08T03:28:45.766+0000] {dag.py:3947} INFO - Setting next_dagrun for netflix_etl_pipeline to 2026-09-07 00:00:00+00:00, run_after=2026-09-08 00:00:00+00:00
[2026-09-08T03:28:45.903+0000] {processor.py:183} INFO - Processing /opt/airflow/dags/netflix_dag.py took 2.594 seconds
[2026-09-08T03:29:17.072+0000] {processor.py:161} INFO - Started process (PID=1695) to work on /opt/airflow/dags/netflix_dag.py
[2026-09-08T03:29:17.089+0000] {processor.py:830} INFO - Processing file /opt/airflow/dags/netflix_dag.py for tasks to queue
[2026-09-08T03:29:17.097+0000] {logging_mixin.py:188} INFO - [2026-09-08T03:29:17.095+0000] {dagbag.py:545} INFO - Filling up the DagBag from /opt/airflow/dags/netflix_dag.py
[2026-09-08T03:29:17.213+0000] {processor.py:840} INFO - DAG(s) 'netflix_etl_pipeline' retrieved from /opt/airflow/dags/netflix_dag.py
[2026-09-08T03:29:17.333+0000] {logging_mixin.py:188} INFO - [2026-09-08T03:29:17.332+0000] {dag.py:3089} INFO - Sync 1 DAGs
[2026-09-08T03:29:17.458+0000] {logging_mixin.py:188} INFO - [2026-09-08T03:29:17.455+0000] {dag.py:3947} INFO - Setting next_dagrun for netflix_etl_pipeline to 2026-09-07 00:00:00+00:00, run_after=2026-09-08 00:00:00+00:00
[2026-09-08T03:29:17.595+0000] {processor.py:183} INFO - Processing /opt/airflow/dags/netflix_dag.py took 0.556 seconds
[2026-09-08T03:29:48.337+0000] {processor.py:161} INFO - Started process (PID=1707) to work on /opt/airflow/dags/netflix_dag.py
[2026-09-08T03:29:48.341+0000] {processor.py:830} INFO - Processing file /opt/airflow/dags/netflix_dag.py for tasks to queue
[2026-09-08T03:29:48.348+0000] {logging_mixin.py:188} INFO - [2026-09-08T03:29:48.347+0000] {dagbag.py:545} INFO - Filling up the DagBag from /opt/airflow/dags/netflix_dag.py
[2026-09-08T03:29:48.402+0000] {processor.py:840} INFO - DAG(s) 'netflix_etl_pipeline' retrieved from /opt/airflow/dags/netflix_dag.py
[2026-09-08T03:29:48.624+0000] {logging_mixin.py:188} INFO - [2026-09-08T03:29:48.624+0000] {dag.py:3089} INFO - Sync 1 DAGs
[2026-09-08T03:29:48.700+0000] {logging_mixin.py:188} INFO - [2026-09-08T03:29:48.699+0000] {dag.py:3947} INFO - Setting next_dagrun for netflix_etl_pipeline to 2026-09-07 00:00:00+00:00, run_after=2026-09-08 00:00:00+00:00
[2026-09-08T03:29:48.764+0000] {processor.py:183} INFO - Processing /opt/airflow/dags/netflix_dag.py took 0.441 seconds
[2026-09-08T03:30:21.597+0000] {processor.py:161} INFO - Started process (PID=1718) to work on /opt/airflow/dags/netflix_dag.py
[2026-09-08T03:30:21.638+0000] {processor.py:830} INFO - Processing file /opt/airflow/dags/netflix_dag.py for tasks to queue
[2026-09-08T03:30:21.733+0000] {logging_mixin.py:188} INFO - [2026-09-08T03:30:21.730+0000] {dagbag.py:545} INFO - Filling up the DagBag from /opt/airflow/dags/netflix_dag.py
[2026-09-08T03:30:21.874+0000] {processor.py:840} INFO - DAG(s) 'netflix_etl_pipeline' retrieved from /opt/airflow/dags/netflix_dag.py
[2026-09-08T03:30:22.136+0000] {logging_mixin.py:188} INFO - [2026-09-08T03:30:22.136+0000] {dag.py:3089} INFO - Sync 1 DAGs
[2026-09-08T03:30:22.558+0000] {logging_mixin.py:188} INFO - [2026-09-08T03:30:22.557+0000] {dag.py:3947} INFO - Setting next_dagrun for netflix_etl_pipeline to 2026-09-07 00:00:00+00:00, run_after=2026-09-08 00:00:00+00:00
[2026-09-08T03:30:22.817+0000] {processor.py:183} INFO - Processing /opt/airflow/dags/netflix_dag.py took 1.251 seconds
[2026-09-08T03:30:53.914+0000] {processor.py:161} INFO - Started process (PID=1729) to work on /opt/airflow/dags/netflix_dag.py
[2026-09-08T03:30:53.917+0000] {processor.py:830} INFO - Processing file /opt/airflow/dags/netflix_dag.py for tasks to queue
[2026-09-08T03:30:53.925+0000] {logging_mixin.py:188} INFO - [2026-09-08T03:30:53.922+0000] {dagbag.py:545} INFO - Filling up the DagBag from /opt/airflow/dags/netflix_dag.py
[2026-09-08T03:30:54.807+0000] {processor.py:840} INFO - DAG(s) 'netflix_etl_pipeline' retrieved from /opt/airflow/dags/netflix_dag.py
[2026-09-08T03:30:55.064+0000] {logging_mixin.py:188} INFO - [2026-09-08T03:30:55.063+0000] {dag.py:3089} INFO - Sync 1 DAGs
[2026-09-08T03:30:55.239+0000] {logging_mixin.py:188} INFO - [2026-09-08T03:30:55.238+0000] {dag.py:3947} INFO - Setting next_dagrun for netflix_etl_pipeline to 2026-09-07 00:00:00+00:00, run_after=2026-09-08 00:00:00+00:00
[2026-09-08T03:30:55.283+0000] {processor.py:183} INFO - Processing /opt/airflow/dags/netflix_dag.py took 1.397 seconds
[2026-09-08T03:31:25.778+0000] {processor.py:161} INFO - Started process (PID=1740) to work on /opt/airflow/dags/netflix_dag.py
[2026-09-08T03:31:25.838+0000] {processor.py:830} INFO - Processing file /opt/airflow/dags/netflix_dag.py for tasks to queue
[2026-09-08T03:31:25.908+0000] {logging_mixin.py:188} INFO - [2026-09-08T03:31:25.907+0000] {dagbag.py:545} INFO - Filling up the DagBag from /opt/airflow/dags/netflix_dag.py
[2026-09-08T03:31:26.740+0000] {processor.py:840} INFO - DAG(s) 'netflix_etl_pipeline' retrieved from /opt/airflow/dags/netflix_dag.py
[2026-09-08T03:31:26.861+0000] {logging_mixin.py:188} INFO - [2026-09-08T03:31:26.860+0000] {dag.py:3089} INFO - Sync 1 DAGs
[2026-09-08T03:31:26.942+0000] {logging_mixin.py:188} INFO - [2026-09-08T03:31:26.942+0000] {dag.py:3947} INFO - Setting next_dagrun for netflix_etl_pipeline to 2026-09-07 00:00:00+00:00, run_after=2026-09-08 00:00:00+00:00
[2026-09-08T03:31:26.997+0000] {processor.py:183} INFO - Processing /opt/airflow/dags/netflix_dag.py took 1.256 seconds
[2026-09-08T03:31:57.918+0000] {processor.py:161} INFO - Started process (PID=1751) to work on /opt/airflow/dags/netflix_dag.py
[2026-09-08T03:31:57.921+0000] {processor.py:830} INFO - Processing file /opt/airflow/dags/netflix_dag.py for tasks to queue
[2026-09-08T03:31:57.927+0000] {logging_mixin.py:188} INFO - [2026-09-08T03:31:57.926+0000] {dagbag.py:545} INFO - Filling up the DagBag from /opt/airflow/dags/netflix_dag.py
[2026-09-08T03:31:57.963+0000] {processor.py:840} INFO - DAG(s) 'netflix_etl_pipeline' retrieved from /opt/airflow/dags/netflix_dag.py
[2026-09-08T03:31:58.034+0000] {logging_mixin.py:188} INFO - [2026-09-08T03:31:58.034+0000] {dag.py:3089} INFO - Sync 1 DAGs
[2026-09-08T03:31:58.113+0000] {logging_mixin.py:188} INFO - [2026-09-08T03:31:58.112+0000] {dag.py:3947} INFO - Setting next_dagrun for netflix_etl_pipeline to 2026-09-07 00:00:00+00:00, run_after=2026-09-08 00:00:00+00:00
[2026-09-08T03:31:58.314+0000] {processor.py:183} INFO - Processing /opt/airflow/dags/netflix_dag.py took 0.412 seconds
[2026-09-08T03:32:31.513+0000] {processor.py:161} INFO - Started process (PID=1762) to work on /opt/airflow/dags/netflix_dag.py
[2026-09-08T03:32:31.526+0000] {processor.py:830} INFO - Processing file /opt/airflow/dags/netflix_dag.py for tasks to queue
[2026-09-08T03:32:31.533+0000] {logging_mixin.py:188} INFO - [2026-09-08T03:32:31.532+0000] {dagbag.py:545} INFO - Filling up the DagBag from /opt/airflow/dags/netflix_dag.py
[2026-09-08T03:32:31.622+0000] {processor.py:840} INFO - DAG(s) 'netflix_etl_pipeline' retrieved from /opt/airflow/dags/netflix_dag.py
[2026-09-08T03:32:31.848+0000] {logging_mixin.py:188} INFO - [2026-09-08T03:32:31.848+0000] {dag.py:3089} INFO - Sync 1 DAGs
[2026-09-08T03:32:32.202+0000] {logging_mixin.py:188} INFO - [2026-09-08T03:32:32.201+0000] {dag.py:3947} INFO - Setting next_dagrun for netflix_etl_pipeline to 2026-09-07 00:00:00+00:00, run_after=2026-09-08 00:00:00+00:00
[2026-09-08T03:32:32.455+0000] {processor.py:183} INFO - Processing /opt/airflow/dags/netflix_dag.py took 0.979 seconds
[2026-09-08T03:33:04.080+0000] {processor.py:161} INFO - Started process (PID=1773) to work on /opt/airflow/dags/netflix_dag.py
[2026-09-08T03:33:04.086+0000] {processor.py:830} INFO - Processing file /opt/airflow/dags/netflix_dag.py for tasks to queue
[2026-09-08T03:33:04.093+0000] {logging_mixin.py:188} INFO - [2026-09-08T03:33:04.092+0000] {dagbag.py:545} INFO - Filling up the DagBag from /opt/airflow/dags/netflix_dag.py
[2026-09-08T03:33:04.191+0000] {processor.py:840} INFO - DAG(s) 'netflix_etl_pipeline' retrieved from /opt/airflow/dags/netflix_dag.py
[2026-09-08T03:33:04.446+0000] {logging_mixin.py:188} INFO - [2026-09-08T03:33:04.445+0000] {dag.py:3089} INFO - Sync 1 DAGs
[2026-09-08T03:33:04.718+0000] {logging_mixin.py:188} INFO - [2026-09-08T03:33:04.717+0000] {dag.py:3947} INFO - Setting next_dagrun for netflix_etl_pipeline to 2026-09-07 00:00:00+00:00, run_after=2026-09-08 00:00:00+00:00
[2026-09-08T03:33:05.086+0000] {processor.py:183} INFO - Processing /opt/airflow/dags/netflix_dag.py took 1.028 seconds
[2026-09-08T03:33:35.417+0000] {processor.py:161} INFO - Started process (PID=1784) to work on /opt/airflow/dags/netflix_dag.py
[2026-09-08T03:33:35.424+0000] {processor.py:830} INFO - Processing file /opt/airflow/dags/netflix_dag.py for tasks to queue
[2026-09-08T03:33:35.443+0000] {logging_mixin.py:188} INFO - [2026-09-08T03:33:35.442+0000] {dagbag.py:545} INFO - Filling up the DagBag from /opt/airflow/dags/netflix_dag.py
[2026-09-08T03:33:35.892+0000] {processor.py:840} INFO - DAG(s) 'netflix_etl_pipeline' retrieved from /opt/airflow/dags/netflix_dag.py
[2026-09-08T03:33:36.213+0000] {logging_mixin.py:188} INFO - [2026-09-08T03:33:36.206+0000] {dag.py:3089} INFO - Sync 1 DAGs
[2026-09-08T03:33:36.438+0000] {logging_mixin.py:188} INFO - [2026-09-08T03:33:36.437+0000] {dag.py:3947} INFO - Setting next_dagrun for netflix_etl_pipeline to 2026-09-07 00:00:00+00:00, run_after=2026-09-08 00:00:00+00:00
[2026-09-08T03:33:36.738+0000] {processor.py:183} INFO - Processing /opt/airflow/dags/netflix_dag.py took 1.375 seconds
[2026-09-08T03:34:07.785+0000] {processor.py:161} INFO - Started process (PID=1795) to work on /opt/airflow/dags/netflix_dag.py
[2026-09-08T03:34:07.788+0000] {processor.py:830} INFO - Processing file /opt/airflow/dags/netflix_dag.py for tasks to queue
[2026-09-08T03:34:07.802+0000] {logging_mixin.py:188} INFO - [2026-09-08T03:34:07.801+0000] {dagbag.py:545} INFO - Filling up the DagBag from /opt/airflow/dags/netflix_dag.py
[2026-09-08T03:34:07.861+0000] {processor.py:840} INFO - DAG(s) 'netflix_etl_pipeline' retrieved from /opt/airflow/dags/netflix_dag.py
[2026-09-08T03:34:08.174+0000] {logging_mixin.py:188} INFO - [2026-09-08T03:34:08.173+0000] {dag.py:3089} INFO - Sync 1 DAGs
[2026-09-08T03:34:08.339+0000] {logging_mixin.py:188} INFO - [2026-09-08T03:34:08.331+0000] {dag.py:3947} INFO - Setting next_dagrun for netflix_etl_pipeline to 2026-09-07 00:00:00+00:00, run_after=2026-09-08 00:00:00+00:00
[2026-09-08T03:34:08.486+0000] {processor.py:183} INFO - Processing /opt/airflow/dags/netflix_dag.py took 0.741 seconds
[2026-09-08T03:34:40.442+0000] {processor.py:161} INFO - Started process (PID=1806) to work on /opt/airflow/dags/netflix_dag.py
[2026-09-08T03:34:40.505+0000] {processor.py:830} INFO - Processing file /opt/airflow/dags/netflix_dag.py for tasks to queue
[2026-09-08T03:34:40.574+0000] {logging_mixin.py:188} INFO - [2026-09-08T03:34:40.573+0000] {dagbag.py:545} INFO - Filling up the DagBag from /opt/airflow/dags/netflix_dag.py
[2026-09-08T03:34:41.029+0000] {processor.py:840} INFO - DAG(s) 'netflix_etl_pipeline' retrieved from /opt/airflow/dags/netflix_dag.py
[2026-09-08T03:34:41.298+0000] {logging_mixin.py:188} INFO - [2026-09-08T03:34:41.286+0000] {dag.py:3089} INFO - Sync 1 DAGs
[2026-09-08T03:34:41.559+0000] {logging_mixin.py:188} INFO - [2026-09-08T03:34:41.558+0000] {dag.py:3947} INFO - Setting next_dagrun for netflix_etl_pipeline to 2026-09-07 00:00:00+00:00, run_after=2026-09-08 00:00:00+00:00
[2026-09-08T03:34:41.783+0000] {processor.py:183} INFO - Processing /opt/airflow/dags/netflix_dag.py took 1.375 seconds
[2026-09-08T03:35:12.215+0000] {processor.py:161} INFO - Started process (PID=1817) to work on /opt/airflow/dags/netflix_dag.py
[2026-09-08T03:35:12.218+0000] {processor.py:830} INFO - Processing file /opt/airflow/dags/netflix_dag.py for tasks to queue
[2026-09-08T03:35:12.223+0000] {logging_mixin.py:188} INFO - [2026-09-08T03:35:12.222+0000] {dagbag.py:545} INFO - Filling up the DagBag from /opt/airflow/dags/netflix_dag.py
[2026-09-08T03:35:12.261+0000] {processor.py:840} INFO - DAG(s) 'netflix_etl_pipeline' retrieved from /opt/airflow/dags/netflix_dag.py
[2026-09-08T03:35:12.329+0000] {logging_mixin.py:188} INFO - [2026-09-08T03:35:12.329+0000] {dag.py:3089} INFO - Sync 1 DAGs
[2026-09-08T03:35:12.383+0000] {logging_mixin.py:188} INFO - [2026-09-08T03:35:12.382+0000] {dag.py:3947} INFO - Setting next_dagrun for netflix_etl_pipeline to 2026-09-07 00:00:00+00:00, run_after=2026-09-08 00:00:00+00:00
[2026-09-08T03:35:12.457+0000] {processor.py:183} INFO - Processing /opt/airflow/dags/netflix_dag.py took 0.264 seconds
[2026-09-08T03:35:43.875+0000] {processor.py:161} INFO - Started process (PID=1828) to work on /opt/airflow/dags/netflix_dag.py
[2026-09-08T03:35:43.879+0000] {processor.py:830} INFO - Processing file /opt/airflow/dags/netflix_dag.py for tasks to queue
[2026-09-08T03:35:43.894+0000] {logging_mixin.py:188} INFO - [2026-09-08T03:35:43.893+0000] {dagbag.py:545} INFO - Filling up the DagBag from /opt/airflow/dags/netflix_dag.py
[2026-09-08T03:35:43.964+0000] {processor.py:840} INFO - DAG(s) 'netflix_etl_pipeline' retrieved from /opt/airflow/dags/netflix_dag.py
[2026-09-08T03:35:44.246+0000] {logging_mixin.py:188} INFO - [2026-09-08T03:35:44.245+0000] {dag.py:3089} INFO - Sync 1 DAGs
[2026-09-08T03:35:44.558+0000] {logging_mixin.py:188} INFO - [2026-09-08T03:35:44.557+0000] {dag.py:3947} INFO - Setting next_dagrun for netflix_etl_pipeline to 2026-09-07 00:00:00+00:00, run_after=2026-09-08 00:00:00+00:00
[2026-09-08T03:35:44.991+0000] {processor.py:183} INFO - Processing /opt/airflow/dags/netflix_dag.py took 1.131 seconds
[2026-09-08T03:36:16.553+0000] {processor.py:161} INFO - Started process (PID=1839) to work on /opt/airflow/dags/netflix_dag.py
[2026-09-08T03:36:16.556+0000] {processor.py:830} INFO - Processing file /opt/airflow/dags/netflix_dag.py for tasks to queue
[2026-09-08T03:36:16.561+0000] {logging_mixin.py:188} INFO - [2026-09-08T03:36:16.560+0000] {dagbag.py:545} INFO - Filling up the DagBag from /opt/airflow/dags/netflix_dag.py
[2026-09-08T03:36:16.591+0000] {processor.py:840} INFO - DAG(s) 'netflix_etl_pipeline' retrieved from /opt/airflow/dags/netflix_dag.py
[2026-09-08T03:36:16.790+0000] {logging_mixin.py:188} INFO - [2026-09-08T03:36:16.789+0000] {dag.py:3089} INFO - Sync 1 DAGs
[2026-09-08T03:36:16.990+0000] {logging_mixin.py:188} INFO - [2026-09-08T03:36:16.990+0000] {dag.py:3947} INFO - Setting next_dagrun for netflix_etl_pipeline to 2026-09-07 00:00:00+00:00, run_after=2026-09-08 00:00:00+00:00
[2026-09-08T03:36:17.378+0000] {processor.py:183} INFO - Processing /opt/airflow/dags/netflix_dag.py took 2.088 seconds
[2026-09-08T03:36:48.106+0000] {processor.py:161} INFO - Started process (PID=1851) to work on /opt/airflow/dags/netflix_dag.py
[2026-09-08T03:36:48.116+0000] {processor.py:830} INFO - Processing file /opt/airflow/dags/netflix_dag.py for tasks to queue
[2026-09-08T03:36:48.122+0000] {logging_mixin.py:188} INFO - [2026-09-08T03:36:48.121+0000] {dagbag.py:545} INFO - Filling up the DagBag from /opt/airflow/dags/netflix_dag.py
[2026-09-08T03:36:48.158+0000] {processor.py:840} INFO - DAG(s) 'netflix_etl_pipeline' retrieved from /opt/airflow/dags/netflix_dag.py
[2026-09-08T03:36:48.315+0000] {logging_mixin.py:188} INFO - [2026-09-08T03:36:48.314+0000] {dag.py:3089} INFO - Sync 1 DAGs
[2026-09-08T03:36:48.501+0000] {logging_mixin.py:188} INFO - [2026-09-08T03:36:48.500+0000] {dag.py:3947} INFO - Setting next_dagrun for netflix_etl_pipeline to 2026-09-07 00:00:00+00:00, run_after=2026-09-08 00:00:00+00:00
[2026-09-08T03:36:48.799+0000] {processor.py:183} INFO - Processing /opt/airflow/dags/netflix_dag.py took 0.719 seconds
[2026-09-08T03:37:22.901+0000] {processor.py:161} INFO - Started process (PID=1862) to work on /opt/airflow/dags/netflix_dag.py
[2026-09-08T03:37:22.910+0000] {processor.py:830} INFO - Processing file /opt/airflow/dags/netflix_dag.py for tasks to queue
[2026-09-08T03:37:22.930+0000] {logging_mixin.py:188} INFO - [2026-09-08T03:37:22.929+0000] {dagbag.py:545} INFO - Filling up the DagBag from /opt/airflow/dags/netflix_dag.py
[2026-09-08T03:37:23.031+0000] {processor.py:840} INFO - DAG(s) 'netflix_etl_pipeline' retrieved from /opt/airflow/dags/netflix_dag.py
[2026-09-08T03:37:23.246+0000] {logging_mixin.py:188} INFO - [2026-09-08T03:37:23.246+0000] {dag.py:3089} INFO - Sync 1 DAGs
[2026-09-08T03:37:23.463+0000] {logging_mixin.py:188} INFO - [2026-09-08T03:37:23.462+0000] {dag.py:3947} INFO - Setting next_dagrun for netflix_etl_pipeline to 2026-09-07 00:00:00+00:00, run_after=2026-09-08 00:00:00+00:00
[2026-09-08T03:37:23.678+0000] {processor.py:183} INFO - Processing /opt/airflow/dags/netflix_dag.py took 0.803 seconds
[2026-09-08T03:37:55.065+0000] {processor.py:161} INFO - Started process (PID=1873) to work on /opt/airflow/dags/netflix_dag.py
[2026-09-08T03:37:55.068+0000] {processor.py:830} INFO - Processing file /opt/airflow/dags/netflix_dag.py for tasks to queue
[2026-09-08T03:37:55.082+0000] {logging_mixin.py:188} INFO - [2026-09-08T03:37:55.081+0000] {dagbag.py:545} INFO - Filling up the DagBag from /opt/airflow/dags/netflix_dag.py
[2026-09-08T03:37:55.167+0000] {processor.py:840} INFO - DAG(s) 'netflix_etl_pipeline' retrieved from /opt/airflow/dags/netflix_dag.py
[2026-09-08T03:37:55.344+0000] {logging_mixin.py:188} INFO - [2026-09-08T03:37:55.343+0000] {dag.py:3089} INFO - Sync 1 DAGs
[2026-09-08T03:37:55.654+0000] {logging_mixin.py:188} INFO - [2026-09-08T03:37:55.653+0000] {dag.py:3947} INFO - Setting next_dagrun for netflix_etl_pipeline to 2026-09-07 00:00:00+00:00, run_after=2026-09-08 00:00:00+00:00
[2026-09-08T03:37:55.939+0000] {processor.py:183} INFO - Processing /opt/airflow/dags/netflix_dag.py took 0.904 seconds
[2026-09-08T03:38:27.088+0000] {processor.py:161} INFO - Started process (PID=1884) to work on /opt/airflow/dags/netflix_dag.py
[2026-09-08T03:38:27.091+0000] {processor.py:830} INFO - Processing file /opt/airflow/dags/netflix_dag.py for tasks to queue
[2026-09-08T03:38:27.100+0000] {logging_mixin.py:188} INFO - [2026-09-08T03:38:27.099+0000] {dagbag.py:545} INFO - Filling up the DagBag from /opt/airflow/dags/netflix_dag.py
[2026-09-08T03:38:27.142+0000] {processor.py:840} INFO - DAG(s) 'netflix_etl_pipeline' retrieved from /opt/airflow/dags/netflix_dag.py
[2026-09-08T03:38:27.545+0000] {logging_mixin.py:188} INFO - [2026-09-08T03:38:27.544+0000] {dag.py:3089} INFO - Sync 1 DAGs
[2026-09-08T03:38:27.756+0000] {logging_mixin.py:188} INFO - [2026-09-08T03:38:27.756+0000] {dag.py:3947} INFO - Setting next_dagrun for netflix_etl_pipeline to 2026-09-07 00:00:00+00:00, run_after=2026-09-08 00:00:00+00:00
[2026-09-08T03:38:27.867+0000] {processor.py:183} INFO - Processing /opt/airflow/dags/netflix_dag.py took 0.804 seconds
[2026-09-08T03:38:58.778+0000] {processor.py:161} INFO - Started process (PID=1895) to work on /opt/airflow/dags/netflix_dag.py
[2026-09-08T03:38:58.781+0000] {processor.py:830} INFO - Processing file /opt/airflow/dags/netflix_dag.py for tasks to queue
[2026-09-08T03:38:58.785+0000] {logging_mixin.py:188} INFO - [2026-09-08T03:38:58.785+0000] {dagbag.py:545} INFO - Filling up the DagBag from /opt/airflow/dags/netflix_dag.py
[2026-09-08T03:38:58.819+0000] {processor.py:840} INFO - DAG(s) 'netflix_etl_pipeline' retrieved from /opt/airflow/dags/netflix_dag.py
[2026-09-08T03:38:58.881+0000] {logging_mixin.py:188} INFO - [2026-09-08T03:38:58.880+0000] {dag.py:3089} INFO - Sync 1 DAGs
[2026-09-08T03:38:58.925+0000] {logging_mixin.py:188} INFO - [2026-09-08T03:38:58.924+0000] {dag.py:3947} INFO - Setting next_dagrun for netflix_etl_pipeline to 2026-09-07 00:00:00+00:00, run_after=2026-09-08 00:00:00+00:00
[2026-09-08T03:38:58.965+0000] {processor.py:183} INFO - Processing /opt/airflow/dags/netflix_dag.py took 0.195 seconds
[2026-09-08T03:39:30.016+0000] {processor.py:161} INFO - Started process (PID=1906) to work on /opt/airflow/dags/netflix_dag.py
[2026-09-08T03:39:30.107+0000] {processor.py:830} INFO - Processing file /opt/airflow/dags/netflix_dag.py for tasks to queue
[2026-09-08T03:39:30.153+0000] {logging_mixin.py:188} INFO - [2026-09-08T03:39:30.152+0000] {dagbag.py:545} INFO - Filling up the DagBag from /opt/airflow/dags/netflix_dag.py
[2026-09-08T03:39:30.430+0000] {processor.py:840} INFO - DAG(s) 'netflix_etl_pipeline' retrieved from /opt/airflow/dags/netflix_dag.py
[2026-09-08T03:39:30.640+0000] {logging_mixin.py:188} INFO - [2026-09-08T03:39:30.639+0000] {dag.py:3089} INFO - Sync 1 DAGs
[2026-09-08T03:39:30.767+0000] {logging_mixin.py:188} INFO - [2026-09-08T03:39:30.767+0000] {dag.py:3947} INFO - Setting next_dagrun for netflix_etl_pipeline to 2026-09-07 00:00:00+00:00, run_after=2026-09-08 00:00:00+00:00
[2026-09-08T03:39:30.987+0000] {processor.py:183} INFO - Processing /opt/airflow/dags/netflix_dag.py took 0.991 seconds
[2026-09-08T03:40:01.940+0000] {processor.py:161} INFO - Started process (PID=1917) to work on /opt/airflow/dags/netflix_dag.py
[2026-09-08T03:40:01.984+0000] {processor.py:830} INFO - Processing file /opt/airflow/dags/netflix_dag.py for tasks to queue
[2026-09-08T03:40:02.026+0000] {logging_mixin.py:188} INFO - [2026-09-08T03:40:02.025+0000] {dagbag.py:545} INFO - Filling up the DagBag from /opt/airflow/dags/netflix_dag.py
[2026-09-08T03:40:02.234+0000] {processor.py:840} INFO - DAG(s) 'netflix_etl_pipeline' retrieved from /opt/airflow/dags/netflix_dag.py
[2026-09-08T03:40:02.479+0000] {logging_mixin.py:188} INFO - [2026-09-08T03:40:02.478+0000] {dag.py:3089} INFO - Sync 1 DAGs
[2026-09-08T03:40:02.636+0000] {logging_mixin.py:188} INFO - [2026-09-08T03:40:02.635+0000] {dag.py:3947} INFO - Setting next_dagrun for netflix_etl_pipeline to 2026-09-07 00:00:00+00:00, run_after=2026-09-08 00:00:00+00:00
[2026-09-08T03:40:02.805+0000] {processor.py:183} INFO - Processing /opt/airflow/dags/netflix_dag.py took 0.899 seconds
[2026-09-08T03:40:34.813+0000] {processor.py:161} INFO - Started process (PID=1934) to work on /opt/airflow/dags/netflix_dag.py
[2026-09-08T03:40:34.835+0000] {processor.py:830} INFO - Processing file /opt/airflow/dags/netflix_dag.py for tasks to queue
[2026-09-08T03:40:34.873+0000] {logging_mixin.py:188} INFO - [2026-09-08T03:40:34.872+0000] {dagbag.py:545} INFO - Filling up the DagBag from /opt/airflow/dags/netflix_dag.py
[2026-09-08T03:40:35.266+0000] {processor.py:840} INFO - DAG(s) 'netflix_etl_pipeline' retrieved from /opt/airflow/dags/netflix_dag.py
[2026-09-08T03:40:35.405+0000] {logging_mixin.py:188} INFO - [2026-09-08T03:40:35.405+0000] {dag.py:3089} INFO - Sync 1 DAGs
[2026-09-08T03:40:35.520+0000] {logging_mixin.py:188} INFO - [2026-09-08T03:40:35.519+0000] {dag.py:3947} INFO - Setting next_dagrun for netflix_etl_pipeline to 2026-09-07 00:00:00+00:00, run_after=2026-09-08 00:00:00+00:00
[2026-09-08T03:40:35.691+0000] {processor.py:183} INFO - Processing /opt/airflow/dags/netflix_dag.py took 0.900 seconds
[2026-09-08T03:41:07.265+0000] {processor.py:161} INFO - Started process (PID=1945) to work on /opt/airflow/dags/netflix_dag.py
[2026-09-08T03:41:07.356+0000] {processor.py:830} INFO - Processing file /opt/airflow/dags/netflix_dag.py for tasks to queue
[2026-09-08T03:41:07.437+0000] {logging_mixin.py:188} INFO - [2026-09-08T03:41:07.435+0000] {dagbag.py:545} INFO - Filling up the DagBag from /opt/airflow/dags/netflix_dag.py
[2026-09-08T03:41:08.470+0000] {processor.py:840} INFO - DAG(s) 'netflix_etl_pipeline' retrieved from /opt/airflow/dags/netflix_dag.py
[2026-09-08T03:41:08.656+0000] {logging_mixin.py:188} INFO - [2026-09-08T03:41:08.656+0000] {dag.py:3089} INFO - Sync 1 DAGs
[2026-09-08T03:41:08.823+0000] {logging_mixin.py:188} INFO - [2026-09-08T03:41:08.822+0000] {dag.py:3947} INFO - Setting next_dagrun for netflix_etl_pipeline to 2026-09-07 00:00:00+00:00, run_after=2026-09-08 00:00:00+00:00
[2026-09-08T03:41:09.034+0000] {processor.py:183} INFO - Processing /opt/airflow/dags/netflix_dag.py took 1.849 seconds
[2026-09-08T03:41:40.119+0000] {processor.py:161} INFO - Started process (PID=1956) to work on /opt/airflow/dags/netflix_dag.py
[2026-09-08T03:41:40.122+0000] {processor.py:830} INFO - Processing file /opt/airflow/dags/netflix_dag.py for tasks to queue
[2026-09-08T03:41:40.127+0000] {logging_mixin.py:188} INFO - [2026-09-08T03:41:40.126+0000] {dagbag.py:545} INFO - Filling up the DagBag from /opt/airflow/dags/netflix_dag.py
[2026-09-08T03:41:40.169+0000] {processor.py:840} INFO - DAG(s) 'netflix_etl_pipeline' retrieved from /opt/airflow/dags/netflix_dag.py
[2026-09-08T03:41:40.231+0000] {logging_mixin.py:188} INFO - [2026-09-08T03:41:40.231+0000] {dag.py:3089} INFO - Sync 1 DAGs
[2026-09-08T03:41:40.320+0000] {logging_mixin.py:188} INFO - [2026-09-08T03:41:40.310+0000] {dag.py:3947} INFO - Setting next_dagrun for netflix_etl_pipeline to 2026-09-07 00:00:00+00:00, run_after=2026-09-08 00:00:00+00:00
[2026-09-08T03:41:40.549+0000] {processor.py:183} INFO - Processing /opt/airflow/dags/netflix_dag.py took 0.448 seconds
[2026-09-08T03:42:11.508+0000] {processor.py:161} INFO - Started process (PID=1968) to work on /opt/airflow/dags/netflix_dag.py
[2026-09-08T03:42:11.511+0000] {processor.py:830} INFO - Processing file /opt/airflow/dags/netflix_dag.py for tasks to queue
[2026-09-08T03:42:11.516+0000] {logging_mixin.py:188} INFO - [2026-09-08T03:42:11.516+0000] {dagbag.py:545} INFO - Filling up the DagBag from /opt/airflow/dags/netflix_dag.py
[2026-09-08T03:42:12.231+0000] {processor.py:840} INFO - DAG(s) 'netflix_etl_pipeline' retrieved from /opt/airflow/dags/netflix_dag.py
[2026-09-08T03:42:12.489+0000] {logging_mixin.py:188} INFO - [2026-09-08T03:42:12.488+0000] {dag.py:3089} INFO - Sync 1 DAGs
[2026-09-08T03:42:12.695+0000] {logging_mixin.py:188} INFO - [2026-09-08T03:42:12.695+0000] {dag.py:3947} INFO - Setting next_dagrun for netflix_etl_pipeline to 2026-09-07 00:00:00+00:00, run_after=2026-09-08 00:00:00+00:00
[2026-09-08T03:42:12.993+0000] {processor.py:183} INFO - Processing /opt/airflow/dags/netflix_dag.py took 1.505 seconds
[2026-09-08T03:42:43.645+0000] {processor.py:161} INFO - Started process (PID=1979) to work on /opt/airflow/dags/netflix_dag.py
[2026-09-08T03:42:43.678+0000] {processor.py:830} INFO - Processing file /opt/airflow/dags/netflix_dag.py for tasks to queue
[2026-09-08T03:42:43.745+0000] {logging_mixin.py:188} INFO - [2026-09-08T03:42:43.744+0000] {dagbag.py:545} INFO - Filling up the DagBag from /opt/airflow/dags/netflix_dag.py
[2026-09-08T03:42:44.397+0000] {processor.py:840} INFO - DAG(s) 'netflix_etl_pipeline' retrieved from /opt/airflow/dags/netflix_dag.py
[2026-09-08T03:42:44.612+0000] {logging_mixin.py:188} INFO - [2026-09-08T03:42:44.612+0000] {dag.py:3089} INFO - Sync 1 DAGs
[2026-09-08T03:42:44.804+0000] {logging_mixin.py:188} INFO - [2026-09-08T03:42:44.803+0000] {dag.py:3947} INFO - Setting next_dagrun for netflix_etl_pipeline to 2026-09-07 00:00:00+00:00, run_after=2026-09-08 00:00:00+00:00
[2026-09-08T03:42:45.081+0000] {processor.py:183} INFO - Processing /opt/airflow/dags/netflix_dag.py took 1.478 seconds
[2026-09-08T03:43:16.050+0000] {processor.py:161} INFO - Started process (PID=1990) to work on /opt/airflow/dags/netflix_dag.py
[2026-09-08T03:43:16.052+0000] {processor.py:830} INFO - Processing file /opt/airflow/dags/netflix_dag.py for tasks to queue
[2026-09-08T03:43:16.058+0000] {logging_mixin.py:188} INFO - [2026-09-08T03:43:16.057+0000] {dagbag.py:545} INFO - Filling up the DagBag from /opt/airflow/dags/netflix_dag.py
[2026-09-08T03:43:16.094+0000] {processor.py:840} INFO - DAG(s) 'netflix_etl_pipeline' retrieved from /opt/airflow/dags/netflix_dag.py
[2026-09-08T03:43:16.312+0000] {logging_mixin.py:188} INFO - [2026-09-08T03:43:16.311+0000] {dag.py:3089} INFO - Sync 1 DAGs
[2026-09-08T03:43:16.493+0000] {logging_mixin.py:188} INFO - [2026-09-08T03:43:16.492+0000] {dag.py:3947} INFO - Setting next_dagrun for netflix_etl_pipeline to 2026-09-07 00:00:00+00:00, run_after=2026-09-08 00:00:00+00:00
[2026-09-08T03:43:16.692+0000] {processor.py:183} INFO - Processing /opt/airflow/dags/netflix_dag.py took 0.662 seconds
[2026-09-08T03:43:47.484+0000] {processor.py:161} INFO - Started process (PID=2001) to work on /opt/airflow/dags/netflix_dag.py
[2026-09-08T03:43:47.487+0000] {processor.py:830} INFO - Processing file /opt/airflow/dags/netflix_dag.py for tasks to queue
[2026-09-08T03:43:47.493+0000] {logging_mixin.py:188} INFO - [2026-09-08T03:43:47.492+0000] {dagbag.py:545} INFO - Filling up the DagBag from /opt/airflow/dags/netflix_dag.py
[2026-09-08T03:43:47.527+0000] {processor.py:840} INFO - DAG(s) 'netflix_etl_pipeline' retrieved from /opt/airflow/dags/netflix_dag.py
[2026-09-08T03:43:47.619+0000] {logging_mixin.py:188} INFO - [2026-09-08T03:43:47.618+0000] {dag.py:3089} INFO - Sync 1 DAGs
[2026-09-08T03:43:47.683+0000] {logging_mixin.py:188} INFO - [2026-09-08T03:43:47.682+0000] {dag.py:3947} INFO - Setting next_dagrun for netflix_etl_pipeline to 2026-09-07 00:00:00+00:00, run_after=2026-09-08 00:00:00+00:00
[2026-09-08T03:43:47.732+0000] {processor.py:183} INFO - Processing /opt/airflow/dags/netflix_dag.py took 0.267 seconds
[2026-09-08T03:44:19.505+0000] {processor.py:161} INFO - Started process (PID=2012) to work on /opt/airflow/dags/netflix_dag.py
[2026-09-08T03:44:19.508+0000] {processor.py:830} INFO - Processing file /opt/airflow/dags/netflix_dag.py for tasks to queue
[2026-09-08T03:44:19.522+0000] {logging_mixin.py:188} INFO - [2026-09-08T03:44:19.521+0000] {dagbag.py:545} INFO - Filling up the DagBag from /opt/airflow/dags/netflix_dag.py
[2026-09-08T03:44:19.578+0000] {processor.py:840} INFO - DAG(s) 'netflix_etl_pipeline' retrieved from /opt/airflow/dags/netflix_dag.py
[2026-09-08T03:44:19.767+0000] {logging_mixin.py:188} INFO - [2026-09-08T03:44:19.767+0000] {dag.py:3089} INFO - Sync 1 DAGs
[2026-09-08T03:44:20.050+0000] {logging_mixin.py:188} INFO - [2026-09-08T03:44:20.041+0000] {dag.py:3947} INFO - Setting next_dagrun for netflix_etl_pipeline to 2026-09-07 00:00:00+00:00, run_after=2026-09-08 00:00:00+00:00
[2026-09-08T03:44:20.434+0000] {processor.py:183} INFO - Processing /opt/airflow/dags/netflix_dag.py took 0.964 seconds
[2026-09-08T03:44:54.983+0000] {processor.py:161} INFO - Started process (PID=2023) to work on /opt/airflow/dags/netflix_dag.py
[2026-09-08T03:44:55.076+0000] {processor.py:830} INFO - Processing file /opt/airflow/dags/netflix_dag.py for tasks to queue
[2026-09-08T03:44:55.090+0000] {logging_mixin.py:188} INFO - [2026-09-08T03:44:55.088+0000] {dagbag.py:545} INFO - Filling up the DagBag from /opt/airflow/dags/netflix_dag.py
[2026-09-08T03:44:55.208+0000] {processor.py:840} INFO - DAG(s) 'netflix_etl_pipeline' retrieved from /opt/airflow/dags/netflix_dag.py
[2026-09-08T03:44:55.713+0000] {logging_mixin.py:188} INFO - [2026-09-08T03:44:55.712+0000] {dag.py:3089} INFO - Sync 1 DAGs
[2026-09-08T03:44:56.002+0000] {logging_mixin.py:188} INFO - [2026-09-08T03:44:56.002+0000] {dag.py:3947} INFO - Setting next_dagrun for netflix_etl_pipeline to 2026-09-07 00:00:00+00:00, run_after=2026-09-08 00:00:00+00:00
[2026-09-08T03:44:56.785+0000] {processor.py:183} INFO - Processing /opt/airflow/dags/netflix_dag.py took 1.839 seconds
[2026-09-08T03:45:28.220+0000] {processor.py:161} INFO - Started process (PID=2034) to work on /opt/airflow/dags/netflix_dag.py
[2026-09-08T03:45:28.360+0000] {processor.py:830} INFO - Processing file /opt/airflow/dags/netflix_dag.py for tasks to queue
[2026-09-08T03:45:28.456+0000] {logging_mixin.py:188} INFO - [2026-09-08T03:45:28.455+0000] {dagbag.py:545} INFO - Filling up the DagBag from /opt/airflow/dags/netflix_dag.py
[2026-09-08T03:45:29.175+0000] {processor.py:840} INFO - DAG(s) 'netflix_etl_pipeline' retrieved from /opt/airflow/dags/netflix_dag.py
[2026-09-08T03:45:29.404+0000] {logging_mixin.py:188} INFO - [2026-09-08T03:45:29.403+0000] {dag.py:3089} INFO - Sync 1 DAGs
[2026-09-08T03:45:29.565+0000] {logging_mixin.py:188} INFO - [2026-09-08T03:45:29.565+0000] {dag.py:3947} INFO - Setting next_dagrun for netflix_etl_pipeline to 2026-09-07 00:00:00+00:00, run_after=2026-09-08 00:00:00+00:00
[2026-09-08T03:45:29.764+0000] {processor.py:183} INFO - Processing /opt/airflow/dags/netflix_dag.py took 1.586 seconds
[2026-09-08T03:46:01.426+0000] {processor.py:161} INFO - Started process (PID=2045) to work on /opt/airflow/dags/netflix_dag.py
[2026-09-08T03:46:01.450+0000] {processor.py:830} INFO - Processing file /opt/airflow/dags/netflix_dag.py for tasks to queue
[2026-09-08T03:46:01.506+0000] {logging_mixin.py:188} INFO - [2026-09-08T03:46:01.505+0000] {dagbag.py:545} INFO - Filling up the DagBag from /opt/airflow/dags/netflix_dag.py
[2026-09-08T03:46:01.999+0000] {processor.py:840} INFO - DAG(s) 'netflix_etl_pipeline' retrieved from /opt/airflow/dags/netflix_dag.py
[2026-09-08T03:46:02.210+0000] {logging_mixin.py:188} INFO - [2026-09-08T03:46:02.210+0000] {dag.py:3089} INFO - Sync 1 DAGs
[2026-09-08T03:46:02.446+0000] {logging_mixin.py:188} INFO - [2026-09-08T03:46:02.446+0000] {dag.py:3947} INFO - Setting next_dagrun for netflix_etl_pipeline to 2026-09-07 00:00:00+00:00, run_after=2026-09-08 00:00:00+00:00
[2026-09-08T03:46:02.650+0000] {processor.py:183} INFO - Processing /opt/airflow/dags/netflix_dag.py took 1.262 seconds
[2026-09-08T03:46:33.434+0000] {processor.py:161} INFO - Started process (PID=2056) to work on /opt/airflow/dags/netflix_dag.py
[2026-09-08T03:46:33.437+0000] {processor.py:830} INFO - Processing file /opt/airflow/dags/netflix_dag.py for tasks to queue
[2026-09-08T03:46:33.448+0000] {logging_mixin.py:188} INFO - [2026-09-08T03:46:33.447+0000] {dagbag.py:545} INFO - Filling up the DagBag from /opt/airflow/dags/netflix_dag.py
[2026-09-08T03:46:33.482+0000] {processor.py:840} INFO - DAG(s) 'netflix_etl_pipeline' retrieved from /opt/airflow/dags/netflix_dag.py
[2026-09-08T03:46:33.571+0000] {logging_mixin.py:188} INFO - [2026-09-08T03:46:33.571+0000] {dag.py:3089} INFO - Sync 1 DAGs
[2026-09-08T03:46:33.650+0000] {logging_mixin.py:188} INFO - [2026-09-08T03:46:33.649+0000] {dag.py:3947} INFO - Setting next_dagrun for netflix_etl_pipeline to 2026-09-07 00:00:00+00:00, run_after=2026-09-08 00:00:00+00:00
[2026-09-08T03:46:33.714+0000] {processor.py:183} INFO - Processing /opt/airflow/dags/netflix_dag.py took 0.306 seconds
[2026-09-08T03:47:04.735+0000] {processor.py:161} INFO - Started process (PID=2067) to work on /opt/airflow/dags/netflix_dag.py
[2026-09-08T03:47:04.738+0000] {processor.py:830} INFO - Processing file /opt/airflow/dags/netflix_dag.py for tasks to queue
[2026-09-08T03:47:04.744+0000] {logging_mixin.py:188} INFO - [2026-09-08T03:47:04.744+0000] {dagbag.py:545} INFO - Filling up the DagBag from /opt/airflow/dags/netflix_dag.py
[2026-09-08T03:47:04.797+0000] {processor.py:840} INFO - DAG(s) 'netflix_etl_pipeline' retrieved from /opt/airflow/dags/netflix_dag.py
[2026-09-08T03:47:05.363+0000] {logging_mixin.py:188} INFO - [2026-09-08T03:47:05.362+0000] {dag.py:3089} INFO - Sync 1 DAGs
[2026-09-08T03:47:05.551+0000] {logging_mixin.py:188} INFO - [2026-09-08T03:47:05.550+0000] {dag.py:3947} INFO - Setting next_dagrun for netflix_etl_pipeline to 2026-09-07 00:00:00+00:00, run_after=2026-09-08 00:00:00+00:00
[2026-09-08T03:47:05.609+0000] {processor.py:183} INFO - Processing /opt/airflow/dags/netflix_dag.py took 0.897 seconds
[2026-09-08T03:47:37.046+0000] {processor.py:161} INFO - Started process (PID=2078) to work on /opt/airflow/dags/netflix_dag.py
[2026-09-08T03:47:37.055+0000] {processor.py:830} INFO - Processing file /opt/airflow/dags/netflix_dag.py for tasks to queue
[2026-09-08T03:47:37.062+0000] {logging_mixin.py:188} INFO - [2026-09-08T03:47:37.061+0000] {dagbag.py:545} INFO - Filling up the DagBag from /opt/airflow/dags/netflix_dag.py
[2026-09-08T03:47:37.109+0000] {processor.py:840} INFO - DAG(s) 'netflix_etl_pipeline' retrieved from /opt/airflow/dags/netflix_dag.py
[2026-09-08T03:47:37.229+0000] {logging_mixin.py:188} INFO - [2026-09-08T03:47:37.229+0000] {dag.py:3089} INFO - Sync 1 DAGs
[2026-09-08T03:47:37.395+0000] {logging_mixin.py:188} INFO - [2026-09-08T03:47:37.395+0000] {dag.py:3947} INFO - Setting next_dagrun for netflix_etl_pipeline to 2026-09-07 00:00:00+00:00, run_after=2026-09-08 00:00:00+00:00
[2026-09-08T03:47:37.583+0000] {processor.py:183} INFO - Processing /opt/airflow/dags/netflix_dag.py took 0.553 seconds
[2026-09-08T03:48:07.959+0000] {processor.py:161} INFO - Started process (PID=2089) to work on /opt/airflow/dags/netflix_dag.py
[2026-09-08T03:48:07.971+0000] {processor.py:830} INFO - Processing file /opt/airflow/dags/netflix_dag.py for tasks to queue
[2026-09-08T03:48:07.976+0000] {logging_mixin.py:188} INFO - [2026-09-08T03:48:07.975+0000] {dagbag.py:545} INFO - Filling up the DagBag from /opt/airflow/dags/netflix_dag.py
[2026-09-08T03:48:08.017+0000] {processor.py:840} INFO - DAG(s) 'netflix_etl_pipeline' retrieved from /opt/airflow/dags/netflix_dag.py
[2026-09-08T03:48:08.213+0000] {logging_mixin.py:188} INFO - [2026-09-08T03:48:08.212+0000] {dag.py:3089} INFO - Sync 1 DAGs
[2026-09-08T03:48:08.379+0000] {logging_mixin.py:188} INFO - [2026-09-08T03:48:08.378+0000] {dag.py:3947} INFO - Setting next_dagrun for netflix_etl_pipeline to 2026-09-07 00:00:00+00:00, run_after=2026-09-08 00:00:00+00:00
[2026-09-08T03:48:08.619+0000] {processor.py:183} INFO - Processing /opt/airflow/dags/netflix_dag.py took 0.677 seconds
[2026-09-08T03:48:40.378+0000] {processor.py:161} INFO - Started process (PID=2100) to work on /opt/airflow/dags/netflix_dag.py
[2026-09-08T03:48:40.381+0000] {processor.py:830} INFO - Processing file /opt/airflow/dags/netflix_dag.py for tasks to queue
[2026-09-08T03:48:40.393+0000] {logging_mixin.py:188} INFO - [2026-09-08T03:48:40.392+0000] {dagbag.py:545} INFO - Filling up the DagBag from /opt/airflow/dags/netflix_dag.py
[2026-09-08T03:48:40.444+0000] {processor.py:840} INFO - DAG(s) 'netflix_etl_pipeline' retrieved from /opt/airflow/dags/netflix_dag.py
[2026-09-08T03:48:40.587+0000] {logging_mixin.py:188} INFO - [2026-09-08T03:48:40.586+0000] {dag.py:3089} INFO - Sync 1 DAGs
[2026-09-08T03:48:40.794+0000] {logging_mixin.py:188} INFO - [2026-09-08T03:48:40.794+0000] {dag.py:3947} INFO - Setting next_dagrun for netflix_etl_pipeline to 2026-09-07 00:00:00+00:00, run_after=2026-09-08 00:00:00+00:00
[2026-09-08T03:48:40.978+0000] {processor.py:183} INFO - Processing /opt/airflow/dags/netflix_dag.py took 0.626 seconds
[2026-09-08T03:49:11.393+0000] {processor.py:161} INFO - Started process (PID=2111) to work on /opt/airflow/dags/netflix_dag.py
[2026-09-08T03:49:11.414+0000] {processor.py:830} INFO - Processing file /opt/airflow/dags/netflix_dag.py for tasks to queue
[2026-09-08T03:49:11.444+0000] {logging_mixin.py:188} INFO - [2026-09-08T03:49:11.444+0000] {dagbag.py:545} INFO - Filling up the DagBag from /opt/airflow/dags/netflix_dag.py
[2026-09-08T03:49:12.131+0000] {processor.py:840} INFO - DAG(s) 'netflix_etl_pipeline' retrieved from /opt/airflow/dags/netflix_dag.py
[2026-09-08T03:49:12.277+0000] {logging_mixin.py:188} INFO - [2026-09-08T03:49:12.276+0000] {dag.py:3089} INFO - Sync 1 DAGs
[2026-09-08T03:49:12.484+0000] {logging_mixin.py:188} INFO - [2026-09-08T03:49:12.483+0000] {dag.py:3947} INFO - Setting next_dagrun for netflix_etl_pipeline to 2026-09-07 00:00:00+00:00, run_after=2026-09-08 00:00:00+00:00
[2026-09-08T03:49:12.678+0000] {processor.py:183} INFO - Processing /opt/airflow/dags/netflix_dag.py took 1.312 seconds
[2026-09-08T03:49:43.772+0000] {processor.py:161} INFO - Started process (PID=2123) to work on /opt/airflow/dags/netflix_dag.py
[2026-09-08T03:49:43.775+0000] {processor.py:830} INFO - Processing file /opt/airflow/dags/netflix_dag.py for tasks to queue
[2026-09-08T03:49:43.780+0000] {logging_mixin.py:188} INFO - [2026-09-08T03:49:43.779+0000] {dagbag.py:545} INFO - Filling up the DagBag from /opt/airflow/dags/netflix_dag.py
[2026-09-08T03:49:43.815+0000] {processor.py:840} INFO - DAG(s) 'netflix_etl_pipeline' retrieved from /opt/airflow/dags/netflix_dag.py
[2026-09-08T03:49:43.873+0000] {logging_mixin.py:188} INFO - [2026-09-08T03:49:43.873+0000] {dag.py:3089} INFO - Sync 1 DAGs
[2026-09-08T03:49:43.960+0000] {logging_mixin.py:188} INFO - [2026-09-08T03:49:43.960+0000] {dag.py:3947} INFO - Setting next_dagrun for netflix_etl_pipeline to 2026-09-07 00:00:00+00:00, run_after=2026-09-08 00:00:00+00:00
[2026-09-08T03:49:44.209+0000] {processor.py:183} INFO - Processing /opt/airflow/dags/netflix_dag.py took 0.447 seconds
[2026-09-08T03:50:14.753+0000] {processor.py:161} INFO - Started process (PID=2134) to work on /opt/airflow/dags/netflix_dag.py
[2026-09-08T03:50:14.756+0000] {processor.py:830} INFO - Processing file /opt/airflow/dags/netflix_dag.py for tasks to queue
[2026-09-08T03:50:14.767+0000] {logging_mixin.py:188} INFO - [2026-09-08T03:50:14.766+0000] {dagbag.py:545} INFO - Filling up the DagBag from /opt/airflow/dags/netflix_dag.py
[2026-09-08T03:50:14.819+0000] {processor.py:840} INFO - DAG(s) 'netflix_etl_pipeline' retrieved from /opt/airflow/dags/netflix_dag.py
[2026-09-08T03:50:15.014+0000] {logging_mixin.py:188} INFO - [2026-09-08T03:50:15.013+0000] {dag.py:3089} INFO - Sync 1 DAGs
[2026-09-08T03:50:15.186+0000] {logging_mixin.py:188} INFO - [2026-09-08T03:50:15.185+0000] {dag.py:3947} INFO - Setting next_dagrun for netflix_etl_pipeline to 2026-09-07 00:00:00+00:00, run_after=2026-09-08 00:00:00+00:00
[2026-09-08T03:50:15.378+0000] {processor.py:183} INFO - Processing /opt/airflow/dags/netflix_dag.py took 0.659 seconds
[2026-09-08T03:50:46.284+0000] {processor.py:161} INFO - Started process (PID=2145) to work on /opt/airflow/dags/netflix_dag.py
[2026-09-08T03:50:46.311+0000] {processor.py:830} INFO - Processing file /opt/airflow/dags/netflix_dag.py for tasks to queue
[2026-09-08T03:50:46.349+0000] {logging_mixin.py:188} INFO - [2026-09-08T03:50:46.348+0000] {dagbag.py:545} INFO - Filling up the DagBag from /opt/airflow/dags/netflix_dag.py
[2026-09-08T03:50:46.679+0000] {processor.py:840} INFO - DAG(s) 'netflix_etl_pipeline' retrieved from /opt/airflow/dags/netflix_dag.py
[2026-09-08T03:50:46.763+0000] {logging_mixin.py:188} INFO - [2026-09-08T03:50:46.762+0000] {dag.py:3089} INFO - Sync 1 DAGs
[2026-09-08T03:50:46.851+0000] {logging_mixin.py:188} INFO - [2026-09-08T03:50:46.850+0000] {dag.py:3947} INFO - Setting next_dagrun for netflix_etl_pipeline to 2026-09-07 00:00:00+00:00, run_after=2026-09-08 00:00:00+00:00
[2026-09-08T03:50:47.315+0000] {processor.py:183} INFO - Processing /opt/airflow/dags/netflix_dag.py took 1.065 seconds
[2026-09-08T03:51:19.118+0000] {processor.py:161} INFO - Started process (PID=2156) to work on /opt/airflow/dags/netflix_dag.py
[2026-09-08T03:51:19.121+0000] {processor.py:830} INFO - Processing file /opt/airflow/dags/netflix_dag.py for tasks to queue
[2026-09-08T03:51:19.137+0000] {logging_mixin.py:188} INFO - [2026-09-08T03:51:19.135+0000] {dagbag.py:545} INFO - Filling up the DagBag from /opt/airflow/dags/netflix_dag.py
[2026-09-08T03:51:19.182+0000] {processor.py:840} INFO - DAG(s) 'netflix_etl_pipeline' retrieved from /opt/airflow/dags/netflix_dag.py
[2026-09-08T03:51:19.444+0000] {logging_mixin.py:188} INFO - [2026-09-08T03:51:19.444+0000] {dag.py:3089} INFO - Sync 1 DAGs
[2026-09-08T03:51:19.593+0000] {logging_mixin.py:188} INFO - [2026-09-08T03:51:19.584+0000] {dag.py:3947} INFO - Setting next_dagrun for netflix_etl_pipeline to 2026-09-07 00:00:00+00:00, run_after=2026-09-08 00:00:00+00:00
[2026-09-08T03:51:19.769+0000] {processor.py:183} INFO - Processing /opt/airflow/dags/netflix_dag.py took 0.674 seconds
[2026-09-08T03:51:50.941+0000] {processor.py:161} INFO - Started process (PID=2167) to work on /opt/airflow/dags/netflix_dag.py
[2026-09-08T03:51:50.945+0000] {processor.py:830} INFO - Processing file /opt/airflow/dags/netflix_dag.py for tasks to queue
[2026-09-08T03:51:50.959+0000] {logging_mixin.py:188} INFO - [2026-09-08T03:51:50.958+0000] {dagbag.py:545} INFO - Filling up the DagBag from /opt/airflow/dags/netflix_dag.py
[2026-09-08T03:51:51.016+0000] {processor.py:840} INFO - DAG(s) 'netflix_etl_pipeline' retrieved from /opt/airflow/dags/netflix_dag.py
[2026-09-08T03:51:51.083+0000] {logging_mixin.py:188} INFO - [2026-09-08T03:51:51.082+0000] {dag.py:3089} INFO - Sync 1 DAGs
[2026-09-08T03:51:51.185+0000] {logging_mixin.py:188} INFO - [2026-09-08T03:51:51.185+0000] {dag.py:3947} INFO - Setting next_dagrun for netflix_etl_pipeline to 2026-09-07 00:00:00+00:00, run_after=2026-09-08 00:00:00+00:00
[2026-09-08T03:51:51.333+0000] {processor.py:183} INFO - Processing /opt/airflow/dags/netflix_dag.py took 0.425 seconds
[2026-09-08T03:52:21.702+0000] {processor.py:161} INFO - Started process (PID=2178) to work on /opt/airflow/dags/netflix_dag.py
[2026-09-08T03:52:21.706+0000] {processor.py:830} INFO - Processing file /opt/airflow/dags/netflix_dag.py for tasks to queue
[2026-09-08T03:52:21.713+0000] {logging_mixin.py:188} INFO - [2026-09-08T03:52:21.712+0000] {dagbag.py:545} INFO - Filling up the DagBag from /opt/airflow/dags/netflix_dag.py
[2026-09-08T03:52:21.759+0000] {processor.py:840} INFO - DAG(s) 'netflix_etl_pipeline' retrieved from /opt/airflow/dags/netflix_dag.py
[2026-09-08T03:52:21.954+0000] {logging_mixin.py:188} INFO - [2026-09-08T03:52:21.954+0000] {dag.py:3089} INFO - Sync 1 DAGs
[2026-09-08T03:52:22.114+0000] {logging_mixin.py:188} INFO - [2026-09-08T03:52:22.103+0000] {dag.py:3947} INFO - Setting next_dagrun for netflix_etl_pipeline to 2026-09-07 00:00:00+00:00, run_after=2026-09-08 00:00:00+00:00
[2026-09-08T03:52:22.284+0000] {processor.py:183} INFO - Processing /opt/airflow/dags/netflix_dag.py took 0.602 seconds
[2026-09-08T03:52:53.311+0000] {processor.py:161} INFO - Started process (PID=2189) to work on /opt/airflow/dags/netflix_dag.py
[2026-09-08T03:52:53.329+0000] {processor.py:830} INFO - Processing file /opt/airflow/dags/netflix_dag.py for tasks to queue
[2026-09-08T03:52:53.355+0000] {logging_mixin.py:188} INFO - [2026-09-08T03:52:53.354+0000] {dagbag.py:545} INFO - Filling up the DagBag from /opt/airflow/dags/netflix_dag.py
[2026-09-08T03:52:53.648+0000] {processor.py:840} INFO - DAG(s) 'netflix_etl_pipeline' retrieved from /opt/airflow/dags/netflix_dag.py
[2026-09-08T03:52:53.730+0000] {logging_mixin.py:188} INFO - [2026-09-08T03:52:53.729+0000] {dag.py:3089} INFO - Sync 1 DAGs
[2026-09-08T03:52:53.774+0000] {logging_mixin.py:188} INFO - [2026-09-08T03:52:53.774+0000] {dag.py:3947} INFO - Setting next_dagrun for netflix_etl_pipeline to 2026-09-07 00:00:00+00:00, run_after=2026-09-08 00:00:00+00:00
[2026-09-08T03:52:53.809+0000] {processor.py:183} INFO - Processing /opt/airflow/dags/netflix_dag.py took 0.521 seconds
[2026-09-08T03:53:24.338+0000] {processor.py:161} INFO - Started process (PID=2200) to work on /opt/airflow/dags/netflix_dag.py
[2026-09-08T03:53:24.375+0000] {processor.py:830} INFO - Processing file /opt/airflow/dags/netflix_dag.py for tasks to queue
[2026-09-08T03:53:24.443+0000] {logging_mixin.py:188} INFO - [2026-09-08T03:53:24.442+0000] {dagbag.py:545} INFO - Filling up the DagBag from /opt/airflow/dags/netflix_dag.py
[2026-09-08T03:53:24.946+0000] {processor.py:840} INFO - DAG(s) 'netflix_etl_pipeline' retrieved from /opt/airflow/dags/netflix_dag.py
[2026-09-08T03:53:25.090+0000] {logging_mixin.py:188} INFO - [2026-09-08T03:53:25.089+0000] {dag.py:3089} INFO - Sync 1 DAGs
[2026-09-08T03:53:25.235+0000] {logging_mixin.py:188} INFO - [2026-09-08T03:53:25.234+0000] {dag.py:3947} INFO - Setting next_dagrun for netflix_etl_pipeline to 2026-09-07 00:00:00+00:00, run_after=2026-09-08 00:00:00+00:00
[2026-09-08T03:53:25.452+0000] {processor.py:183} INFO - Processing /opt/airflow/dags/netflix_dag.py took 1.164 seconds
[2026-09-08T03:53:56.952+0000] {processor.py:161} INFO - Started process (PID=2211) to work on /opt/airflow/dags/netflix_dag.py
[2026-09-08T03:53:56.965+0000] {processor.py:830} INFO - Processing file /opt/airflow/dags/netflix_dag.py for tasks to queue
[2026-09-08T03:53:56.970+0000] {logging_mixin.py:188} INFO - [2026-09-08T03:53:56.969+0000] {dagbag.py:545} INFO - Filling up the DagBag from /opt/airflow/dags/netflix_dag.py
[2026-09-08T03:53:57.051+0000] {processor.py:840} INFO - DAG(s) 'netflix_etl_pipeline' retrieved from /opt/airflow/dags/netflix_dag.py
[2026-09-08T03:53:57.345+0000] {logging_mixin.py:188} INFO - [2026-09-08T03:53:57.345+0000] {dag.py:3089} INFO - Sync 1 DAGs
[2026-09-08T03:53:57.391+0000] {logging_mixin.py:188} INFO - [2026-09-08T03:53:57.391+0000] {dag.py:3947} INFO - Setting next_dagrun for netflix_etl_pipeline to 2026-09-07 00:00:00+00:00, run_after=2026-09-08 00:00:00+00:00
[2026-09-08T03:53:57.444+0000] {processor.py:183} INFO - Processing /opt/airflow/dags/netflix_dag.py took 0.514 seconds
[2026-09-08T03:54:27.903+0000] {processor.py:161} INFO - Started process (PID=2223) to work on /opt/airflow/dags/netflix_dag.py
[2026-09-08T03:54:27.905+0000] {processor.py:830} INFO - Processing file /opt/airflow/dags/netflix_dag.py for tasks to queue
[2026-09-08T03:54:27.909+0000] {logging_mixin.py:188} INFO - [2026-09-08T03:54:27.909+0000] {dagbag.py:545} INFO - Filling up the DagBag from /opt/airflow/dags/netflix_dag.py
[2026-09-08T03:54:27.942+0000] {processor.py:840} INFO - DAG(s) 'netflix_etl_pipeline' retrieved from /opt/airflow/dags/netflix_dag.py
[2026-09-08T03:54:28.004+0000] {logging_mixin.py:188} INFO - [2026-09-08T03:54:28.003+0000] {dag.py:3089} INFO - Sync 1 DAGs
[2026-09-08T03:54:28.177+0000] {logging_mixin.py:188} INFO - [2026-09-08T03:54:28.176+0000] {dag.py:3947} INFO - Setting next_dagrun for netflix_etl_pipeline to 2026-09-07 00:00:00+00:00, run_after=2026-09-08 00:00:00+00:00
[2026-09-08T03:54:28.382+0000] {processor.py:183} INFO - Processing /opt/airflow/dags/netflix_dag.py took 0.490 seconds
[2026-09-08T03:54:59.132+0000] {processor.py:161} INFO - Started process (PID=2234) to work on /opt/airflow/dags/netflix_dag.py
[2026-09-08T03:54:59.134+0000] {processor.py:830} INFO - Processing file /opt/airflow/dags/netflix_dag.py for tasks to queue
[2026-09-08T03:54:59.138+0000] {logging_mixin.py:188} INFO - [2026-09-08T03:54:59.137+0000] {dagbag.py:545} INFO - Filling up the DagBag from /opt/airflow/dags/netflix_dag.py
[2026-09-08T03:54:59.174+0000] {processor.py:840} INFO - DAG(s) 'netflix_etl_pipeline' retrieved from /opt/airflow/dags/netflix_dag.py
[2026-09-08T03:54:59.285+0000] {logging_mixin.py:188} INFO - [2026-09-08T03:54:59.284+0000] {dag.py:3089} INFO - Sync 1 DAGs
[2026-09-08T03:54:59.438+0000] {logging_mixin.py:188} INFO - [2026-09-08T03:54:59.437+0000] {dag.py:3947} INFO - Setting next_dagrun for netflix_etl_pipeline to 2026-09-07 00:00:00+00:00, run_after=2026-09-08 00:00:00+00:00
[2026-09-08T03:54:59.615+0000] {processor.py:183} INFO - Processing /opt/airflow/dags/netflix_dag.py took 0.495 seconds
[2026-09-08T03:55:30.557+0000] {processor.py:161} INFO - Started process (PID=2245) to work on /opt/airflow/dags/netflix_dag.py
[2026-09-08T03:55:30.561+0000] {processor.py:830} INFO - Processing file /opt/airflow/dags/netflix_dag.py for tasks to queue
[2026-09-08T03:55:30.567+0000] {logging_mixin.py:188} INFO - [2026-09-08T03:55:30.566+0000] {dagbag.py:545} INFO - Filling up the DagBag from /opt/airflow/dags/netflix_dag.py
[2026-09-08T03:55:31.120+0000] {processor.py:840} INFO - DAG(s) 'netflix_etl_pipeline' retrieved from /opt/airflow/dags/netflix_dag.py
[2026-09-08T03:55:31.188+0000] {logging_mixin.py:188} INFO - [2026-09-08T03:55:31.187+0000] {dag.py:3089} INFO - Sync 1 DAGs
[2026-09-08T03:55:31.226+0000] {logging_mixin.py:188} INFO - [2026-09-08T03:55:31.226+0000] {dag.py:3947} INFO - Setting next_dagrun for netflix_etl_pipeline to 2026-09-07 00:00:00+00:00, run_after=2026-09-08 00:00:00+00:00
[2026-09-08T03:55:31.332+0000] {processor.py:183} INFO - Processing /opt/airflow/dags/netflix_dag.py took 0.792 seconds
[2026-09-08T03:56:01.654+0000] {processor.py:161} INFO - Started process (PID=2256) to work on /opt/airflow/dags/netflix_dag.py
[2026-09-08T03:56:01.655+0000] {processor.py:830} INFO - Processing file /opt/airflow/dags/netflix_dag.py for tasks to queue
[2026-09-08T03:56:01.658+0000] {logging_mixin.py:188} INFO - [2026-09-08T03:56:01.658+0000] {dagbag.py:545} INFO - Filling up the DagBag from /opt/airflow/dags/netflix_dag.py
[2026-09-08T03:56:01.682+0000] {processor.py:840} INFO - DAG(s) 'netflix_etl_pipeline' retrieved from /opt/airflow/dags/netflix_dag.py
[2026-09-08T03:56:01.725+0000] {logging_mixin.py:188} INFO - [2026-09-08T03:56:01.724+0000] {dag.py:3089} INFO - Sync 1 DAGs
[2026-09-08T03:56:01.753+0000] {logging_mixin.py:188} INFO - [2026-09-08T03:56:01.753+0000] {dag.py:3947} INFO - Setting next_dagrun for netflix_etl_pipeline to 2026-09-07 00:00:00+00:00, run_after=2026-09-08 00:00:00+00:00
[2026-09-08T03:56:01.781+0000] {processor.py:183} INFO - Processing /opt/airflow/dags/netflix_dag.py took 0.133 seconds
[2026-09-08T03:56:33.535+0000] {processor.py:161} INFO - Started process (PID=2267) to work on /opt/airflow/dags/netflix_dag.py
[2026-09-08T03:56:33.560+0000] {processor.py:830} INFO - Processing file /opt/airflow/dags/netflix_dag.py for tasks to queue
[2026-09-08T03:56:33.597+0000] {logging_mixin.py:188} INFO - [2026-09-08T03:56:33.596+0000] {dagbag.py:545} INFO - Filling up the DagBag from /opt/airflow/dags/netflix_dag.py
[2026-09-08T03:56:34.323+0000] {processor.py:840} INFO - DAG(s) 'netflix_etl_pipeline' retrieved from /opt/airflow/dags/netflix_dag.py
[2026-09-08T03:56:34.523+0000] {logging_mixin.py:188} INFO - [2026-09-08T03:56:34.523+0000] {dag.py:3089} INFO - Sync 1 DAGs
[2026-09-08T03:56:34.663+0000] {logging_mixin.py:188} INFO - [2026-09-08T03:56:34.663+0000] {dag.py:3947} INFO - Setting next_dagrun for netflix_etl_pipeline to 2026-09-07 00:00:00+00:00, run_after=2026-09-08 00:00:00+00:00
[2026-09-08T03:56:34.872+0000] {processor.py:183} INFO - Processing /opt/airflow/dags/netflix_dag.py took 1.360 seconds
[2026-09-08T03:57:06.146+0000] {processor.py:161} INFO - Started process (PID=2284) to work on /opt/airflow/dags/netflix_dag.py
[2026-09-08T03:57:06.148+0000] {processor.py:830} INFO - Processing file /opt/airflow/dags/netflix_dag.py for tasks to queue
[2026-09-08T03:57:06.151+0000] {logging_mixin.py:188} INFO - [2026-09-08T03:57:06.151+0000] {dagbag.py:545} INFO - Filling up the DagBag from /opt/airflow/dags/netflix_dag.py
[2026-09-08T03:57:06.185+0000] {processor.py:840} INFO - DAG(s) 'netflix_etl_pipeline' retrieved from /opt/airflow/dags/netflix_dag.py
[2026-09-08T03:57:06.336+0000] {logging_mixin.py:188} INFO - [2026-09-08T03:57:06.335+0000] {dag.py:3089} INFO - Sync 1 DAGs
[2026-09-08T03:57:06.470+0000] {logging_mixin.py:188} INFO - [2026-09-08T03:57:06.469+0000] {dag.py:3947} INFO - Setting next_dagrun for netflix_etl_pipeline to 2026-09-07 00:00:00+00:00, run_after=2026-09-08 00:00:00+00:00
[2026-09-08T03:57:06.577+0000] {processor.py:183} INFO - Processing /opt/airflow/dags/netflix_dag.py took 0.443 seconds
[2026-09-08T03:57:37.970+0000] {processor.py:161} INFO - Started process (PID=2296) to work on /opt/airflow/dags/netflix_dag.py
[2026-09-08T03:57:37.995+0000] {processor.py:830} INFO - Processing file /opt/airflow/dags/netflix_dag.py for tasks to queue
[2026-09-08T03:57:38.026+0000] {logging_mixin.py:188} INFO - [2026-09-08T03:57:38.025+0000] {dagbag.py:545} INFO - Filling up the DagBag from /opt/airflow/dags/netflix_dag.py
[2026-09-08T03:57:38.100+0000] {processor.py:840} INFO - DAG(s) 'netflix_etl_pipeline' retrieved from /opt/airflow/dags/netflix_dag.py
[2026-09-08T03:57:38.168+0000] {logging_mixin.py:188} INFO - [2026-09-08T03:57:38.168+0000] {dag.py:3089} INFO - Sync 1 DAGs
[2026-09-08T03:57:38.215+0000] {logging_mixin.py:188} INFO - [2026-09-08T03:57:38.215+0000] {dag.py:3947} INFO - Setting next_dagrun for netflix_etl_pipeline to 2026-09-07 00:00:00+00:00, run_after=2026-09-08 00:00:00+00:00
[2026-09-08T03:57:38.245+0000] {processor.py:183} INFO - Processing /opt/airflow/dags/netflix_dag.py took 0.299 seconds
[2026-09-08T03:58:08.927+0000] {processor.py:161} INFO - Started process (PID=2307) to work on /opt/airflow/dags/netflix_dag.py
[2026-09-08T03:58:08.930+0000] {processor.py:830} INFO - Processing file /opt/airflow/dags/netflix_dag.py for tasks to queue
[2026-09-08T03:58:08.937+0000] {logging_mixin.py:188} INFO - [2026-09-08T03:58:08.936+0000] {dagbag.py:545} INFO - Filling up the DagBag from /opt/airflow/dags/netflix_dag.py
[2026-09-08T03:58:08.995+0000] {processor.py:840} INFO - DAG(s) 'netflix_etl_pipeline' retrieved from /opt/airflow/dags/netflix_dag.py
[2026-09-08T03:58:09.208+0000] {logging_mixin.py:188} INFO - [2026-09-08T03:58:09.208+0000] {dag.py:3089} INFO - Sync 1 DAGs
[2026-09-08T03:58:09.369+0000] {logging_mixin.py:188} INFO - [2026-09-08T03:58:09.369+0000] {dag.py:3947} INFO - Setting next_dagrun for netflix_etl_pipeline to 2026-09-07 00:00:00+00:00, run_after=2026-09-08 00:00:00+00:00
[2026-09-08T03:58:09.531+0000] {processor.py:183} INFO - Processing /opt/airflow/dags/netflix_dag.py took 0.629 seconds
[2026-09-08T03:58:40.116+0000] {processor.py:161} INFO - Started process (PID=2318) to work on /opt/airflow/dags/netflix_dag.py
[2026-09-08T03:58:40.119+0000] {processor.py:830} INFO - Processing file /opt/airflow/dags/netflix_dag.py for tasks to queue
[2026-09-08T03:58:40.125+0000] {logging_mixin.py:188} INFO - [2026-09-08T03:58:40.124+0000] {dagbag.py:545} INFO - Filling up the DagBag from /opt/airflow/dags/netflix_dag.py
[2026-09-08T03:58:40.168+0000] {processor.py:840} INFO - DAG(s) 'netflix_etl_pipeline' retrieved from /opt/airflow/dags/netflix_dag.py
[2026-09-08T03:58:40.342+0000] {logging_mixin.py:188} INFO - [2026-09-08T03:58:40.342+0000] {dag.py:3089} INFO - Sync 1 DAGs
[2026-09-08T03:58:40.487+0000] {logging_mixin.py:188} INFO - [2026-09-08T03:58:40.487+0000] {dag.py:3947} INFO - Setting next_dagrun for netflix_etl_pipeline to 2026-09-07 00:00:00+00:00, run_after=2026-09-08 00:00:00+00:00
[2026-09-08T03:58:40.706+0000] {processor.py:183} INFO - Processing /opt/airflow/dags/netflix_dag.py took 0.602 seconds
[2026-09-08T03:59:11.966+0000] {processor.py:161} INFO - Started process (PID=2329) to work on /opt/airflow/dags/netflix_dag.py
[2026-09-08T03:59:11.981+0000] {processor.py:830} INFO - Processing file /opt/airflow/dags/netflix_dag.py for tasks to queue
[2026-09-08T03:59:12.021+0000] {logging_mixin.py:188} INFO - [2026-09-08T03:59:12.020+0000] {dagbag.py:545} INFO - Filling up the DagBag from /opt/airflow/dags/netflix_dag.py
[2026-09-08T03:59:12.748+0000] {processor.py:840} INFO - DAG(s) 'netflix_etl_pipeline' retrieved from /opt/airflow/dags/netflix_dag.py
[2026-09-08T03:59:12.852+0000] {logging_mixin.py:188} INFO - [2026-09-08T03:59:12.851+0000] {dag.py:3089} INFO - Sync 1 DAGs
[2026-09-08T03:59:12.895+0000] {logging_mixin.py:188} INFO - [2026-09-08T03:59:12.894+0000] {dag.py:3947} INFO - Setting next_dagrun for netflix_etl_pipeline to 2026-09-07 00:00:00+00:00, run_after=2026-09-08 00:00:00+00:00
[2026-09-08T03:59:12.925+0000] {processor.py:183} INFO - Processing /opt/airflow/dags/netflix_dag.py took 0.984 seconds
[2026-09-08T03:59:43.527+0000] {processor.py:161} INFO - Started process (PID=2340) to work on /opt/airflow/dags/netflix_dag.py
[2026-09-08T03:59:43.529+0000] {processor.py:830} INFO - Processing file /opt/airflow/dags/netflix_dag.py for tasks to queue
[2026-09-08T03:59:43.532+0000] {logging_mixin.py:188} INFO - [2026-09-08T03:59:43.532+0000] {dagbag.py:545} INFO - Filling up the DagBag from /opt/airflow/dags/netflix_dag.py
[2026-09-08T03:59:43.558+0000] {processor.py:840} INFO - DAG(s) 'netflix_etl_pipeline' retrieved from /opt/airflow/dags/netflix_dag.py
[2026-09-08T03:59:43.598+0000] {logging_mixin.py:188} INFO - [2026-09-08T03:59:43.597+0000] {dag.py:3089} INFO - Sync 1 DAGs
[2026-09-08T03:59:43.622+0000] {logging_mixin.py:188} INFO - [2026-09-08T03:59:43.622+0000] {dag.py:3947} INFO - Setting next_dagrun for netflix_etl_pipeline to 2026-09-07 00:00:00+00:00, run_after=2026-09-08 00:00:00+00:00
[2026-09-08T03:59:43.661+0000] {processor.py:183} INFO - Processing /opt/airflow/dags/netflix_dag.py took 0.141 seconds
[2026-09-08T04:00:14.123+0000] {processor.py:161} INFO - Started process (PID=2351) to work on /opt/airflow/dags/netflix_dag.py
[2026-09-08T04:00:14.125+0000] {processor.py:830} INFO - Processing file /opt/airflow/dags/netflix_dag.py for tasks to queue
[2026-09-08T04:00:14.132+0000] {logging_mixin.py:188} INFO - [2026-09-08T04:00:14.131+0000] {dagbag.py:545} INFO - Filling up the DagBag from /opt/airflow/dags/netflix_dag.py
[2026-09-08T04:00:14.168+0000] {processor.py:840} INFO - DAG(s) 'netflix_etl_pipeline' retrieved from /opt/airflow/dags/netflix_dag.py
[2026-09-08T04:00:14.253+0000] {logging_mixin.py:188} INFO - [2026-09-08T04:00:14.243+0000] {dag.py:3089} INFO - Sync 1 DAGs
[2026-09-08T04:00:14.401+0000] {logging_mixin.py:188} INFO - [2026-09-08T04:00:14.401+0000] {dag.py:3947} INFO - Setting next_dagrun for netflix_etl_pipeline to 2026-09-07 00:00:00+00:00, run_after=2026-09-08 00:00:00+00:00
[2026-09-08T04:00:14.558+0000] {processor.py:183} INFO - Processing /opt/airflow/dags/netflix_dag.py took 0.457 seconds
[2026-09-08T04:00:47.777+0000] {processor.py:161} INFO - Started process (PID=2362) to work on /opt/airflow/dags/netflix_dag.py
[2026-09-08T04:00:47.780+0000] {processor.py:830} INFO - Processing file /opt/airflow/dags/netflix_dag.py for tasks to queue
[2026-09-08T04:00:47.785+0000] {logging_mixin.py:188} INFO - [2026-09-08T04:00:47.785+0000] {dagbag.py:545} INFO - Filling up the DagBag from /opt/airflow/dags/netflix_dag.py
[2026-09-08T04:00:47.823+0000] {processor.py:840} INFO - DAG(s) 'netflix_etl_pipeline' retrieved from /opt/airflow/dags/netflix_dag.py
[2026-09-08T04:00:47.883+0000] {logging_mixin.py:188} INFO - [2026-09-08T04:00:47.883+0000] {dag.py:3089} INFO - Sync 1 DAGs
[2026-09-08T04:00:47.918+0000] {logging_mixin.py:188} INFO - [2026-09-08T04:00:47.918+0000] {dag.py:3947} INFO - Setting next_dagrun for netflix_etl_pipeline to 2026-09-07 00:00:00+00:00, run_after=2026-09-08 00:00:00+00:00
[2026-09-08T04:00:47.962+0000] {processor.py:183} INFO - Processing /opt/airflow/dags/netflix_dag.py took 0.201 seconds
[2026-09-08T04:01:18.480+0000] {processor.py:161} INFO - Started process (PID=2373) to work on /opt/airflow/dags/netflix_dag.py
[2026-09-08T04:01:18.483+0000] {processor.py:830} INFO - Processing file /opt/airflow/dags/netflix_dag.py for tasks to queue
[2026-09-08T04:01:18.489+0000] {logging_mixin.py:188} INFO - [2026-09-08T04:01:18.488+0000] {dagbag.py:545} INFO - Filling up the DagBag from /opt/airflow/dags/netflix_dag.py
[2026-09-08T04:01:19.365+0000] {processor.py:840} INFO - DAG(s) 'netflix_etl_pipeline' retrieved from /opt/airflow/dags/netflix_dag.py
[2026-09-08T04:01:19.728+0000] {logging_mixin.py:188} INFO - [2026-09-08T04:01:19.728+0000] {dag.py:3089} INFO - Sync 1 DAGs
[2026-09-08T04:01:19.785+0000] {logging_mixin.py:188} INFO - [2026-09-08T04:01:19.784+0000] {dag.py:3947} INFO - Setting next_dagrun for netflix_etl_pipeline to 2026-09-07 00:00:00+00:00, run_after=2026-09-08 00:00:00+00:00
[2026-09-08T04:01:19.825+0000] {processor.py:183} INFO - Processing /opt/airflow/dags/netflix_dag.py took 1.358 seconds
[2026-09-08T04:01:50.773+0000] {processor.py:161} INFO - Started process (PID=2385) to work on /opt/airflow/dags/netflix_dag.py
[2026-09-08T04:01:50.776+0000] {processor.py:830} INFO - Processing file /opt/airflow/dags/netflix_dag.py for tasks to queue
[2026-09-08T04:01:50.783+0000] {logging_mixin.py:188} INFO - [2026-09-08T04:01:50.782+0000] {dagbag.py:545} INFO - Filling up the DagBag from /opt/airflow/dags/netflix_dag.py
[2026-09-08T04:01:51.152+0000] {processor.py:840} INFO - DAG(s) 'netflix_etl_pipeline' retrieved from /opt/airflow/dags/netflix_dag.py
[2026-09-08T04:01:51.218+0000] {logging_mixin.py:188} INFO - [2026-09-08T04:01:51.217+0000] {dag.py:3089} INFO - Sync 1 DAGs
[2026-09-08T04:01:51.288+0000] {logging_mixin.py:188} INFO - [2026-09-08T04:01:51.287+0000] {dag.py:3947} INFO - Setting next_dagrun for netflix_etl_pipeline to 2026-09-07 00:00:00+00:00, run_after=2026-09-08 00:00:00+00:00
[2026-09-08T04:01:51.538+0000] {processor.py:183} INFO - Processing /opt/airflow/dags/netflix_dag.py took 0.779 seconds
[2026-09-08T04:02:23.750+0000] {processor.py:161} INFO - Started process (PID=2396) to work on /opt/airflow/dags/netflix_dag.py
[2026-09-08T04:02:23.770+0000] {processor.py:830} INFO - Processing file /opt/airflow/dags/netflix_dag.py for tasks to queue
[2026-09-08T04:02:23.799+0000] {logging_mixin.py:188} INFO - [2026-09-08T04:02:23.798+0000] {dagbag.py:545} INFO - Filling up the DagBag from /opt/airflow/dags/netflix_dag.py
[2026-09-08T04:02:24.174+0000] {processor.py:840} INFO - DAG(s) 'netflix_etl_pipeline' retrieved from /opt/airflow/dags/netflix_dag.py
[2026-09-08T04:02:24.333+0000] {logging_mixin.py:188} INFO - [2026-09-08T04:02:24.332+0000] {dag.py:3089} INFO - Sync 1 DAGs
[2026-09-08T04:02:24.455+0000] {logging_mixin.py:188} INFO - [2026-09-08T04:02:24.455+0000] {dag.py:3947} INFO - Setting next_dagrun for netflix_etl_pipeline to 2026-09-07 00:00:00+00:00, run_after=2026-09-08 00:00:00+00:00
[2026-09-08T04:02:24.565+0000] {processor.py:183} INFO - Processing /opt/airflow/dags/netflix_dag.py took 0.843 seconds
[2026-09-08T04:02:54.956+0000] {processor.py:161} INFO - Started process (PID=2407) to work on /opt/airflow/dags/netflix_dag.py
[2026-09-08T04:02:54.962+0000] {processor.py:830} INFO - Processing file /opt/airflow/dags/netflix_dag.py for tasks to queue
[2026-09-08T04:02:54.970+0000] {logging_mixin.py:188} INFO - [2026-09-08T04:02:54.969+0000] {dagbag.py:545} INFO - Filling up the DagBag from /opt/airflow/dags/netflix_dag.py
[2026-09-08T04:02:55.015+0000] {processor.py:840} INFO - DAG(s) 'netflix_etl_pipeline' retrieved from /opt/airflow/dags/netflix_dag.py
[2026-09-08T04:02:55.138+0000] {logging_mixin.py:188} INFO - [2026-09-08T04:02:55.137+0000] {dag.py:3089} INFO - Sync 1 DAGs
[2026-09-08T04:02:55.217+0000] {logging_mixin.py:188} INFO - [2026-09-08T04:02:55.216+0000] {dag.py:3947} INFO - Setting next_dagrun for netflix_etl_pipeline to 2026-09-07 00:00:00+00:00, run_after=2026-09-08 00:00:00+00:00
[2026-09-08T04:02:55.393+0000] {processor.py:183} INFO - Processing /opt/airflow/dags/netflix_dag.py took 0.455 seconds
[2026-09-08T04:03:25.574+0000] {processor.py:161} INFO - Started process (PID=2418) to work on /opt/airflow/dags/netflix_dag.py
[2026-09-08T04:03:25.576+0000] {processor.py:830} INFO - Processing file /opt/airflow/dags/netflix_dag.py for tasks to queue
[2026-09-08T04:03:25.580+0000] {logging_mixin.py:188} INFO - [2026-09-08T04:03:25.579+0000] {dagbag.py:545} INFO - Filling up the DagBag from /opt/airflow/dags/netflix_dag.py
[2026-09-08T04:03:25.610+0000] {processor.py:840} INFO - DAG(s) 'netflix_etl_pipeline' retrieved from /opt/airflow/dags/netflix_dag.py
[2026-09-08T04:03:25.660+0000] {logging_mixin.py:188} INFO - [2026-09-08T04:03:25.660+0000] {dag.py:3089} INFO - Sync 1 DAGs
[2026-09-08T04:03:25.700+0000] {logging_mixin.py:188} INFO - [2026-09-08T04:03:25.700+0000] {dag.py:3947} INFO - Setting next_dagrun for netflix_etl_pipeline to 2026-09-07 00:00:00+00:00, run_after=2026-09-08 00:00:00+00:00
[2026-09-08T04:03:25.727+0000] {processor.py:183} INFO - Processing /opt/airflow/dags/netflix_dag.py took 0.161 seconds
[2026-09-08T04:03:59.790+0000] {processor.py:161} INFO - Started process (PID=2430) to work on /opt/airflow/dags/netflix_dag.py
[2026-09-08T04:03:59.814+0000] {processor.py:830} INFO - Processing file /opt/airflow/dags/netflix_dag.py for tasks to queue
[2026-09-08T04:03:59.848+0000] {logging_mixin.py:188} INFO - [2026-09-08T04:03:59.847+0000] {dagbag.py:545} INFO - Filling up the DagBag from /opt/airflow/dags/netflix_dag.py
[2026-09-08T04:04:00.342+0000] {processor.py:840} INFO - DAG(s) 'netflix_etl_pipeline' retrieved from /opt/airflow/dags/netflix_dag.py
[2026-09-08T04:04:00.620+0000] {logging_mixin.py:188} INFO - [2026-09-08T04:04:00.619+0000] {dag.py:3089} INFO - Sync 1 DAGs
[2026-09-08T04:04:01.136+0000] {logging_mixin.py:188} INFO - [2026-09-08T04:04:01.134+0000] {dag.py:3947} INFO - Setting next_dagrun for netflix_etl_pipeline to 2026-09-07 00:00:00+00:00, run_after=2026-09-08 00:00:00+00:00
[2026-09-08T04:04:02.004+0000] {processor.py:183} INFO - Processing /opt/airflow/dags/netflix_dag.py took 2.237 seconds
[2026-09-08T04:04:33.646+0000] {processor.py:161} INFO - Started process (PID=2441) to work on /opt/airflow/dags/netflix_dag.py
[2026-09-08T04:04:33.649+0000] {processor.py:830} INFO - Processing file /opt/airflow/dags/netflix_dag.py for tasks to queue
[2026-09-08T04:04:33.655+0000] {logging_mixin.py:188} INFO - [2026-09-08T04:04:33.654+0000] {dagbag.py:545} INFO - Filling up the DagBag from /opt/airflow/dags/netflix_dag.py
[2026-09-08T04:04:33.759+0000] {processor.py:840} INFO - DAG(s) 'netflix_etl_pipeline' retrieved from /opt/airflow/dags/netflix_dag.py
[2026-09-08T04:04:33.836+0000] {logging_mixin.py:188} INFO - [2026-09-08T04:04:33.835+0000] {dag.py:3089} INFO - Sync 1 DAGs
[2026-09-08T04:04:34.046+0000] {logging_mixin.py:188} INFO - [2026-09-08T04:04:34.045+0000] {dag.py:3947} INFO - Setting next_dagrun for netflix_etl_pipeline to 2026-09-07 00:00:00+00:00, run_after=2026-09-08 00:00:00+00:00
[2026-09-08T04:04:34.328+0000] {processor.py:183} INFO - Processing /opt/airflow/dags/netflix_dag.py took 0.704 seconds
[2026-09-08T04:05:04.651+0000] {processor.py:161} INFO - Started process (PID=2452) to work on /opt/airflow/dags/netflix_dag.py
[2026-09-08T04:05:04.653+0000] {processor.py:830} INFO - Processing file /opt/airflow/dags/netflix_dag.py for tasks to queue
[2026-09-08T04:05:04.658+0000] {logging_mixin.py:188} INFO - [2026-09-08T04:05:04.657+0000] {dagbag.py:545} INFO - Filling up the DagBag from /opt/airflow/dags/netflix_dag.py
[2026-09-08T04:05:04.702+0000] {processor.py:840} INFO - DAG(s) 'netflix_etl_pipeline' retrieved from /opt/airflow/dags/netflix_dag.py
[2026-09-08T04:05:05.248+0000] {logging_mixin.py:188} INFO - [2026-09-08T04:05:05.247+0000] {dag.py:3089} INFO - Sync 1 DAGs
[2026-09-08T04:05:05.465+0000] {logging_mixin.py:188} INFO - [2026-09-08T04:05:05.464+0000] {dag.py:3947} INFO - Setting next_dagrun for netflix_etl_pipeline to 2026-09-07 00:00:00+00:00, run_after=2026-09-08 00:00:00+00:00
[2026-09-08T04:05:05.661+0000] {processor.py:183} INFO - Processing /opt/airflow/dags/netflix_dag.py took 1.022 seconds
[2026-09-08T04:05:36.509+0000] {processor.py:161} INFO - Started process (PID=2463) to work on /opt/airflow/dags/netflix_dag.py
[2026-09-08T04:05:36.541+0000] {processor.py:830} INFO - Processing file /opt/airflow/dags/netflix_dag.py for tasks to queue
[2026-09-08T04:05:36.620+0000] {logging_mixin.py:188} INFO - [2026-09-08T04:05:36.619+0000] {dagbag.py:545} INFO - Filling up the DagBag from /opt/airflow/dags/netflix_dag.py
[2026-09-08T04:05:36.952+0000] {processor.py:840} INFO - DAG(s) 'netflix_etl_pipeline' retrieved from /opt/airflow/dags/netflix_dag.py
[2026-09-08T04:05:37.291+0000] {logging_mixin.py:188} INFO - [2026-09-08T04:05:37.290+0000] {dag.py:3089} INFO - Sync 1 DAGs
[2026-09-08T04:05:37.619+0000] {logging_mixin.py:188} INFO - [2026-09-08T04:05:37.618+0000] {dag.py:3947} INFO - Setting next_dagrun for netflix_etl_pipeline to 2026-09-07 00:00:00+00:00, run_after=2026-09-08 00:00:00+00:00
[2026-09-08T04:05:37.825+0000] {processor.py:183} INFO - Processing /opt/airflow/dags/netflix_dag.py took 1.445 seconds
[2026-09-08T04:06:09.575+0000] {processor.py:161} INFO - Started process (PID=2474) to work on /opt/airflow/dags/netflix_dag.py
[2026-09-08T04:06:09.577+0000] {processor.py:830} INFO - Processing file /opt/airflow/dags/netflix_dag.py for tasks to queue
[2026-09-08T04:06:12.074+0000] {logging_mixin.py:188} INFO - [2026-09-08T04:06:12.057+0000] {dagbag.py:545} INFO - Filling up the DagBag from /opt/airflow/dags/netflix_dag.py
[2026-09-08T04:06:12.150+0000] {processor.py:840} INFO - DAG(s) 'netflix_etl_pipeline' retrieved from /opt/airflow/dags/netflix_dag.py
[2026-09-08T04:06:12.207+0000] {logging_mixin.py:188} INFO - [2026-09-08T04:06:12.206+0000] {dag.py:3089} INFO - Sync 1 DAGs
[2026-09-08T04:06:12.252+0000] {logging_mixin.py:188} INFO - [2026-09-08T04:06:12.252+0000] {dag.py:3947} INFO - Setting next_dagrun for netflix_etl_pipeline to 2026-09-07 00:00:00+00:00, run_after=2026-09-08 00:00:00+00:00
[2026-09-08T04:06:12.281+0000] {processor.py:183} INFO - Processing /opt/airflow/dags/netflix_dag.py took 2.725 seconds
[2026-09-08T04:06:43.109+0000] {processor.py:161} INFO - Started process (PID=2491) to work on /opt/airflow/dags/netflix_dag.py
[2026-09-08T04:06:43.111+0000] {processor.py:830} INFO - Processing file /opt/airflow/dags/netflix_dag.py for tasks to queue
[2026-09-08T04:06:43.116+0000] {logging_mixin.py:188} INFO - [2026-09-08T04:06:43.115+0000] {dagbag.py:545} INFO - Filling up the DagBag from /opt/airflow/dags/netflix_dag.py
[2026-09-08T04:06:43.161+0000] {processor.py:840} INFO - DAG(s) 'netflix_etl_pipeline' retrieved from /opt/airflow/dags/netflix_dag.py
[2026-09-08T04:06:43.369+0000] {logging_mixin.py:188} INFO - [2026-09-08T04:06:43.368+0000] {dag.py:3089} INFO - Sync 1 DAGs
[2026-09-08T04:06:43.583+0000] {logging_mixin.py:188} INFO - [2026-09-08T04:06:43.582+0000] {dag.py:3947} INFO - Setting next_dagrun for netflix_etl_pipeline to 2026-09-07 00:00:00+00:00, run_after=2026-09-08 00:00:00+00:00
[2026-09-08T04:06:43.783+0000] {processor.py:183} INFO - Processing /opt/airflow/dags/netflix_dag.py took 0.703 seconds
[2026-09-08T04:07:15.643+0000] {processor.py:161} INFO - Started process (PID=2502) to work on /opt/airflow/dags/netflix_dag.py
[2026-09-08T04:07:15.691+0000] {processor.py:830} INFO - Processing file /opt/airflow/dags/netflix_dag.py for tasks to queue
[2026-09-08T04:07:15.730+0000] {logging_mixin.py:188} INFO - [2026-09-08T04:07:15.730+0000] {dagbag.py:545} INFO - Filling up the DagBag from /opt/airflow/dags/netflix_dag.py
[2026-09-08T04:07:16.612+0000] {processor.py:840} INFO - DAG(s) 'netflix_etl_pipeline' retrieved from /opt/airflow/dags/netflix_dag.py
[2026-09-08T04:07:16.877+0000] {logging_mixin.py:188} INFO - [2026-09-08T04:07:16.876+0000] {dag.py:3089} INFO - Sync 1 DAGs
[2026-09-08T04:07:17.041+0000] {logging_mixin.py:188} INFO - [2026-09-08T04:07:17.041+0000] {dag.py:3947} INFO - Setting next_dagrun for netflix_etl_pipeline to 2026-09-07 00:00:00+00:00, run_after=2026-09-08 00:00:00+00:00
[2026-09-08T04:07:17.103+0000] {processor.py:183} INFO - Processing /opt/airflow/dags/netflix_dag.py took 1.473 seconds
[2026-09-08T04:07:50.171+0000] {processor.py:161} INFO - Started process (PID=2514) to work on /opt/airflow/dags/netflix_dag.py
[2026-09-08T04:07:50.262+0000] {processor.py:830} INFO - Processing file /opt/airflow/dags/netflix_dag.py for tasks to queue
[2026-09-08T04:07:50.332+0000] {logging_mixin.py:188} INFO - [2026-09-08T04:07:50.331+0000] {dagbag.py:545} INFO - Filling up the DagBag from /opt/airflow/dags/netflix_dag.py
[2026-09-08T04:07:50.519+0000] {processor.py:840} INFO - DAG(s) 'netflix_etl_pipeline' retrieved from /opt/airflow/dags/netflix_dag.py
[2026-09-08T04:07:50.641+0000] {logging_mixin.py:188} INFO - [2026-09-08T04:07:50.641+0000] {dag.py:3089} INFO - Sync 1 DAGs
[2026-09-08T04:07:50.853+0000] {logging_mixin.py:188} INFO - [2026-09-08T04:07:50.852+0000] {dag.py:3947} INFO - Setting next_dagrun for netflix_etl_pipeline to 2026-09-07 00:00:00+00:00, run_after=2026-09-08 00:00:00+00:00
[2026-09-08T04:07:51.020+0000] {processor.py:183} INFO - Processing /opt/airflow/dags/netflix_dag.py took 0.886 seconds
[2026-09-08T04:08:22.878+0000] {processor.py:161} INFO - Started process (PID=2526) to work on /opt/airflow/dags/netflix_dag.py
[2026-09-08T04:08:22.880+0000] {processor.py:830} INFO - Processing file /opt/airflow/dags/netflix_dag.py for tasks to queue
[2026-09-08T04:08:22.884+0000] {logging_mixin.py:188} INFO - [2026-09-08T04:08:22.883+0000] {dagbag.py:545} INFO - Filling up the DagBag from /opt/airflow/dags/netflix_dag.py
[2026-09-08T04:08:22.927+0000] {processor.py:840} INFO - DAG(s) 'netflix_etl_pipeline' retrieved from /opt/airflow/dags/netflix_dag.py
[2026-09-08T04:08:23.132+0000] {logging_mixin.py:188} INFO - [2026-09-08T04:08:23.131+0000] {dag.py:3089} INFO - Sync 1 DAGs
[2026-09-08T04:08:23.290+0000] {logging_mixin.py:188} INFO - [2026-09-08T04:08:23.280+0000] {dag.py:3947} INFO - Setting next_dagrun for netflix_etl_pipeline to 2026-09-07 00:00:00+00:00, run_after=2026-09-08 00:00:00+00:00
[2026-09-08T04:08:23.530+0000] {processor.py:183} INFO - Processing /opt/airflow/dags/netflix_dag.py took 0.663 seconds
[2026-09-08T04:08:53.648+0000] {processor.py:161} INFO - Started process (PID=2537) to work on /opt/airflow/dags/netflix_dag.py
[2026-09-08T04:08:53.650+0000] {processor.py:830} INFO - Processing file /opt/airflow/dags/netflix_dag.py for tasks to queue
[2026-09-08T04:08:53.652+0000] {logging_mixin.py:188} INFO - [2026-09-08T04:08:53.652+0000] {dagbag.py:545} INFO - Filling up the DagBag from /opt/airflow/dags/netflix_dag.py
[2026-09-08T04:08:53.679+0000] {processor.py:840} INFO - DAG(s) 'netflix_etl_pipeline' retrieved from /opt/airflow/dags/netflix_dag.py
[2026-09-08T04:08:53.734+0000] {logging_mixin.py:188} INFO - [2026-09-08T04:08:53.734+0000] {dag.py:3089} INFO - Sync 1 DAGs
[2026-09-08T04:08:53.780+0000] {logging_mixin.py:188} INFO - [2026-09-08T04:08:53.780+0000] {dag.py:3947} INFO - Setting next_dagrun for netflix_etl_pipeline to 2026-09-07 00:00:00+00:00, run_after=2026-09-08 00:00:00+00:00
[2026-09-08T04:08:53.809+0000] {processor.py:183} INFO - Processing /opt/airflow/dags/netflix_dag.py took 0.168 seconds
[2026-09-08T04:09:25.490+0000] {processor.py:161} INFO - Started process (PID=2549) to work on /opt/airflow/dags/netflix_dag.py
[2026-09-08T04:09:25.554+0000] {processor.py:830} INFO - Processing file /opt/airflow/dags/netflix_dag.py for tasks to queue
[2026-09-08T04:09:25.595+0000] {logging_mixin.py:188} INFO - [2026-09-08T04:09:25.594+0000] {dagbag.py:545} INFO - Filling up the DagBag from /opt/airflow/dags/netflix_dag.py
[2026-09-08T04:09:26.670+0000] {processor.py:840} INFO - DAG(s) 'netflix_etl_pipeline' retrieved from /opt/airflow/dags/netflix_dag.py
[2026-09-08T04:09:26.875+0000] {logging_mixin.py:188} INFO - [2026-09-08T04:09:26.875+0000] {dag.py:3089} INFO - Sync 1 DAGs
[2026-09-08T04:09:26.930+0000] {logging_mixin.py:188} INFO - [2026-09-08T04:09:26.930+0000] {dag.py:3947} INFO - Setting next_dagrun for netflix_etl_pipeline to 2026-09-07 00:00:00+00:00, run_after=2026-09-08 00:00:00+00:00
[2026-09-08T04:09:26.979+0000] {processor.py:183} INFO - Processing /opt/airflow/dags/netflix_dag.py took 1.527 seconds
[2026-09-08T04:09:58.804+0000] {processor.py:161} INFO - Started process (PID=2560) to work on /opt/airflow/dags/netflix_dag.py
[2026-09-08T04:09:58.817+0000] {processor.py:830} INFO - Processing file /opt/airflow/dags/netflix_dag.py for tasks to queue
[2026-09-08T04:09:58.826+0000] {logging_mixin.py:188} INFO - [2026-09-08T04:09:58.826+0000] {dagbag.py:545} INFO - Filling up the DagBag from /opt/airflow/dags/netflix_dag.py
[2026-09-08T04:09:59.034+0000] {processor.py:840} INFO - DAG(s) 'netflix_etl_pipeline' retrieved from /opt/airflow/dags/netflix_dag.py
[2026-09-08T04:09:59.231+0000] {logging_mixin.py:188} INFO - [2026-09-08T04:09:59.231+0000] {dag.py:3089} INFO - Sync 1 DAGs
[2026-09-08T04:09:59.402+0000] {logging_mixin.py:188} INFO - [2026-09-08T04:09:59.402+0000] {dag.py:3947} INFO - Setting next_dagrun for netflix_etl_pipeline to 2026-09-07 00:00:00+00:00, run_after=2026-09-08 00:00:00+00:00
[2026-09-08T04:09:59.658+0000] {processor.py:183} INFO - Processing /opt/airflow/dags/netflix_dag.py took 0.877 seconds
[2026-09-08T04:10:30.237+0000] {processor.py:161} INFO - Started process (PID=2571) to work on /opt/airflow/dags/netflix_dag.py
[2026-09-08T04:10:30.240+0000] {processor.py:830} INFO - Processing file /opt/airflow/dags/netflix_dag.py for tasks to queue
[2026-09-08T04:10:30.249+0000] {logging_mixin.py:188} INFO - [2026-09-08T04:10:30.248+0000] {dagbag.py:545} INFO - Filling up the DagBag from /opt/airflow/dags/netflix_dag.py
[2026-09-08T04:10:30.323+0000] {processor.py:840} INFO - DAG(s) 'netflix_etl_pipeline' retrieved from /opt/airflow/dags/netflix_dag.py
[2026-09-08T04:10:30.601+0000] {logging_mixin.py:188} INFO - [2026-09-08T04:10:30.601+0000] {dag.py:3089} INFO - Sync 1 DAGs
[2026-09-08T04:10:30.791+0000] {logging_mixin.py:188} INFO - [2026-09-08T04:10:30.790+0000] {dag.py:3947} INFO - Setting next_dagrun for netflix_etl_pipeline to 2026-09-07 00:00:00+00:00, run_after=2026-09-08 00:00:00+00:00
[2026-09-08T04:10:31.071+0000] {processor.py:183} INFO - Processing /opt/airflow/dags/netflix_dag.py took 0.852 seconds
[2026-09-08T04:11:08.301+0000] {processor.py:161} INFO - Started process (PID=2582) to work on /opt/airflow/dags/netflix_dag.py
[2026-09-08T04:11:08.358+0000] {processor.py:830} INFO - Processing file /opt/airflow/dags/netflix_dag.py for tasks to queue
[2026-09-08T04:11:08.390+0000] {logging_mixin.py:188} INFO - [2026-09-08T04:11:08.389+0000] {dagbag.py:545} INFO - Filling up the DagBag from /opt/airflow/dags/netflix_dag.py
[2026-09-08T04:11:09.422+0000] {processor.py:840} INFO - DAG(s) 'netflix_etl_pipeline' retrieved from /opt/airflow/dags/netflix_dag.py
[2026-09-08T04:11:09.619+0000] {logging_mixin.py:188} INFO - [2026-09-08T04:11:09.619+0000] {dag.py:3089} INFO - Sync 1 DAGs
[2026-09-08T04:11:09.878+0000] {logging_mixin.py:188} INFO - [2026-09-08T04:11:09.877+0000] {dag.py:3947} INFO - Setting next_dagrun for netflix_etl_pipeline to 2026-09-07 00:00:00+00:00, run_after=2026-09-08 00:00:00+00:00
[2026-09-08T04:11:10.063+0000] {processor.py:183} INFO - Processing /opt/airflow/dags/netflix_dag.py took 1.797 seconds
[2026-09-08T04:11:40.386+0000] {processor.py:161} INFO - Started process (PID=2593) to work on /opt/airflow/dags/netflix_dag.py
[2026-09-08T04:11:40.388+0000] {processor.py:830} INFO - Processing file /opt/airflow/dags/netflix_dag.py for tasks to queue
[2026-09-08T04:11:40.392+0000] {logging_mixin.py:188} INFO - [2026-09-08T04:11:40.392+0000] {dagbag.py:545} INFO - Filling up the DagBag from /opt/airflow/dags/netflix_dag.py
[2026-09-08T04:11:40.427+0000] {processor.py:840} INFO - DAG(s) 'netflix_etl_pipeline' retrieved from /opt/airflow/dags/netflix_dag.py
[2026-09-08T04:11:40.479+0000] {logging_mixin.py:188} INFO - [2026-09-08T04:11:40.479+0000] {dag.py:3089} INFO - Sync 1 DAGs
[2026-09-08T04:11:40.512+0000] {logging_mixin.py:188} INFO - [2026-09-08T04:11:40.512+0000] {dag.py:3947} INFO - Setting next_dagrun for netflix_etl_pipeline to 2026-09-07 00:00:00+00:00, run_after=2026-09-08 00:00:00+00:00
[2026-09-08T04:11:40.544+0000] {processor.py:183} INFO - Processing /opt/airflow/dags/netflix_dag.py took 0.170 seconds
[2026-09-08T04:12:12.550+0000] {processor.py:161} INFO - Started process (PID=2604) to work on /opt/airflow/dags/netflix_dag.py
[2026-09-08T04:12:12.554+0000] {processor.py:830} INFO - Processing file /opt/airflow/dags/netflix_dag.py for tasks to queue
[2026-09-08T04:12:12.560+0000] {logging_mixin.py:188} INFO - [2026-09-08T04:12:12.558+0000] {dagbag.py:545} INFO - Filling up the DagBag from /opt/airflow/dags/netflix_dag.py
[2026-09-08T04:12:12.598+0000] {processor.py:840} INFO - DAG(s) 'netflix_etl_pipeline' retrieved from /opt/airflow/dags/netflix_dag.py
[2026-09-08T04:12:12.659+0000] {logging_mixin.py:188} INFO - [2026-09-08T04:12:12.659+0000] {dag.py:3089} INFO - Sync 1 DAGs
[2026-09-08T04:12:12.989+0000] {logging_mixin.py:188} INFO - [2026-09-08T04:12:12.989+0000] {dag.py:3947} INFO - Setting next_dagrun for netflix_etl_pipeline to 2026-09-07 00:00:00+00:00, run_after=2026-09-08 00:00:00+00:00
[2026-09-08T04:12:13.659+0000] {processor.py:183} INFO - Processing /opt/airflow/dags/netflix_dag.py took 1.127 seconds
[2026-09-08T04:12:44.746+0000] {processor.py:161} INFO - Started process (PID=2615) to work on /opt/airflow/dags/netflix_dag.py
[2026-09-08T04:12:44.749+0000] {processor.py:830} INFO - Processing file /opt/airflow/dags/netflix_dag.py for tasks to queue
[2026-09-08T04:12:44.753+0000] {logging_mixin.py:188} INFO - [2026-09-08T04:12:44.752+0000] {dagbag.py:545} INFO - Filling up the DagBag from /opt/airflow/dags/netflix_dag.py
[2026-09-08T04:12:44.782+0000] {processor.py:840} INFO - DAG(s) 'netflix_etl_pipeline' retrieved from /opt/airflow/dags/netflix_dag.py
[2026-09-08T04:12:44.914+0000] {logging_mixin.py:188} INFO - [2026-09-08T04:12:44.913+0000] {dag.py:3089} INFO - Sync 1 DAGs
[2026-09-08T04:12:45.068+0000] {logging_mixin.py:188} INFO - [2026-09-08T04:12:45.067+0000] {dag.py:3947} INFO - Setting next_dagrun for netflix_etl_pipeline to 2026-09-07 00:00:00+00:00, run_after=2026-09-08 00:00:00+00:00
[2026-09-08T04:12:45.337+0000] {processor.py:183} INFO - Processing /opt/airflow/dags/netflix_dag.py took 0.601 seconds
[2026-09-08T04:13:16.156+0000] {processor.py:161} INFO - Started process (PID=2626) to work on /opt/airflow/dags/netflix_dag.py
[2026-09-08T04:13:16.158+0000] {processor.py:830} INFO - Processing file /opt/airflow/dags/netflix_dag.py for tasks to queue
[2026-09-08T04:13:16.162+0000] {logging_mixin.py:188} INFO - [2026-09-08T04:13:16.161+0000] {dagbag.py:545} INFO - Filling up the DagBag from /opt/airflow/dags/netflix_dag.py
[2026-09-08T04:13:16.191+0000] {processor.py:840} INFO - DAG(s) 'netflix_etl_pipeline' retrieved from /opt/airflow/dags/netflix_dag.py
[2026-09-08T04:13:16.239+0000] {logging_mixin.py:188} INFO - [2026-09-08T04:13:16.239+0000] {dag.py:3089} INFO - Sync 1 DAGs
[2026-09-08T04:13:16.275+0000] {logging_mixin.py:188} INFO - [2026-09-08T04:13:16.275+0000] {dag.py:3947} INFO - Setting next_dagrun for netflix_etl_pipeline to 2026-09-07 00:00:00+00:00, run_after=2026-09-08 00:00:00+00:00
[2026-09-08T04:13:16.301+0000] {processor.py:183} INFO - Processing /opt/airflow/dags/netflix_dag.py took 0.153 seconds
[2026-09-08T04:13:46.791+0000] {processor.py:161} INFO - Started process (PID=2637) to work on /opt/airflow/dags/netflix_dag.py
[2026-09-08T04:13:46.794+0000] {processor.py:830} INFO - Processing file /opt/airflow/dags/netflix_dag.py for tasks to queue
[2026-09-08T04:13:46.798+0000] {logging_mixin.py:188} INFO - [2026-09-08T04:13:46.797+0000] {dagbag.py:545} INFO - Filling up the DagBag from /opt/airflow/dags/netflix_dag.py
[2026-09-08T04:13:47.353+0000] {processor.py:840} INFO - DAG(s) 'netflix_etl_pipeline' retrieved from /opt/airflow/dags/netflix_dag.py
[2026-09-08T04:13:47.520+0000] {logging_mixin.py:188} INFO - [2026-09-08T04:13:47.509+0000] {dag.py:3089} INFO - Sync 1 DAGs
[2026-09-08T04:13:47.706+0000] {logging_mixin.py:188} INFO - [2026-09-08T04:13:47.706+0000] {dag.py:3947} INFO - Setting next_dagrun for netflix_etl_pipeline to 2026-09-07 00:00:00+00:00, run_after=2026-09-08 00:00:00+00:00
[2026-09-08T04:13:47.872+0000] {processor.py:183} INFO - Processing /opt/airflow/dags/netflix_dag.py took 1.095 seconds
[2026-09-08T04:14:20.004+0000] {processor.py:161} INFO - Started process (PID=2648) to work on /opt/airflow/dags/netflix_dag.py
[2026-09-08T04:14:20.010+0000] {processor.py:830} INFO - Processing file /opt/airflow/dags/netflix_dag.py for tasks to queue
[2026-09-08T04:14:20.043+0000] {logging_mixin.py:188} INFO - [2026-09-08T04:14:20.042+0000] {dagbag.py:545} INFO - Filling up the DagBag from /opt/airflow/dags/netflix_dag.py
[2026-09-08T04:14:20.158+0000] {processor.py:840} INFO - DAG(s) 'netflix_etl_pipeline' retrieved from /opt/airflow/dags/netflix_dag.py
[2026-09-08T04:14:20.410+0000] {logging_mixin.py:188} INFO - [2026-09-08T04:14:20.409+0000] {dag.py:3089} INFO - Sync 1 DAGs
[2026-09-08T04:14:20.608+0000] {logging_mixin.py:188} INFO - [2026-09-08T04:14:20.608+0000] {dag.py:3947} INFO - Setting next_dagrun for netflix_etl_pipeline to 2026-09-07 00:00:00+00:00, run_after=2026-09-08 00:00:00+00:00
[2026-09-08T04:14:20.728+0000] {processor.py:183} INFO - Processing /opt/airflow/dags/netflix_dag.py took 0.794 seconds
[2026-09-08T04:14:51.717+0000] {processor.py:161} INFO - Started process (PID=2660) to work on /opt/airflow/dags/netflix_dag.py
[2026-09-08T04:14:51.726+0000] {processor.py:830} INFO - Processing file /opt/airflow/dags/netflix_dag.py for tasks to queue
[2026-09-08T04:14:51.731+0000] {logging_mixin.py:188} INFO - [2026-09-08T04:14:51.730+0000] {dagbag.py:545} INFO - Filling up the DagBag from /opt/airflow/dags/netflix_dag.py
[2026-09-08T04:14:51.783+0000] {processor.py:840} INFO - DAG(s) 'netflix_etl_pipeline' retrieved from /opt/airflow/dags/netflix_dag.py
[2026-09-08T04:14:51.842+0000] {logging_mixin.py:188} INFO - [2026-09-08T04:14:51.842+0000] {dag.py:3089} INFO - Sync 1 DAGs
[2026-09-08T04:14:51.892+0000] {logging_mixin.py:188} INFO - [2026-09-08T04:14:51.891+0000] {dag.py:3947} INFO - Setting next_dagrun for netflix_etl_pipeline to 2026-09-07 00:00:00+00:00, run_after=2026-09-08 00:00:00+00:00
[2026-09-08T04:14:52.077+0000] {processor.py:183} INFO - Processing /opt/airflow/dags/netflix_dag.py took 0.377 seconds
[2026-09-08T04:15:23.039+0000] {processor.py:161} INFO - Started process (PID=2671) to work on /opt/airflow/dags/netflix_dag.py
[2026-09-08T04:15:23.041+0000] {processor.py:830} INFO - Processing file /opt/airflow/dags/netflix_dag.py for tasks to queue
[2026-09-08T04:15:23.044+0000] {logging_mixin.py:188} INFO - [2026-09-08T04:15:23.044+0000] {dagbag.py:545} INFO - Filling up the DagBag from /opt/airflow/dags/netflix_dag.py
[2026-09-08T04:15:23.072+0000] {processor.py:840} INFO - DAG(s) 'netflix_etl_pipeline' retrieved from /opt/airflow/dags/netflix_dag.py
[2026-09-08T04:15:23.121+0000] {logging_mixin.py:188} INFO - [2026-09-08T04:15:23.120+0000] {dag.py:3089} INFO - Sync 1 DAGs
[2026-09-08T04:15:23.152+0000] {logging_mixin.py:188} INFO - [2026-09-08T04:15:23.152+0000] {dag.py:3947} INFO - Setting next_dagrun for netflix_etl_pipeline to 2026-09-07 00:00:00+00:00, run_after=2026-09-08 00:00:00+00:00
[2026-09-08T04:15:23.181+0000] {processor.py:183} INFO - Processing /opt/airflow/dags/netflix_dag.py took 0.149 seconds
[2026-09-08T04:15:54.368+0000] {processor.py:161} INFO - Started process (PID=2682) to work on /opt/airflow/dags/netflix_dag.py
[2026-09-08T04:15:54.374+0000] {processor.py:830} INFO - Processing file /opt/airflow/dags/netflix_dag.py for tasks to queue
[2026-09-08T04:15:54.381+0000] {logging_mixin.py:188} INFO - [2026-09-08T04:15:54.380+0000] {dagbag.py:545} INFO - Filling up the DagBag from /opt/airflow/dags/netflix_dag.py
[2026-09-08T04:15:54.417+0000] {processor.py:840} INFO - DAG(s) 'netflix_etl_pipeline' retrieved from /opt/airflow/dags/netflix_dag.py
[2026-09-08T04:15:54.626+0000] {logging_mixin.py:188} INFO - [2026-09-08T04:15:54.625+0000] {dag.py:3089} INFO - Sync 1 DAGs
[2026-09-08T04:15:54.884+0000] {logging_mixin.py:188} INFO - [2026-09-08T04:15:54.883+0000] {dag.py:3947} INFO - Setting next_dagrun for netflix_etl_pipeline to 2026-09-07 00:00:00+00:00, run_after=2026-09-08 00:00:00+00:00
[2026-09-08T04:15:55.168+0000] {processor.py:183} INFO - Processing /opt/airflow/dags/netflix_dag.py took 0.822 seconds
[2026-09-08T04:16:26.526+0000] {processor.py:161} INFO - Started process (PID=2693) to work on /opt/airflow/dags/netflix_dag.py
[2026-09-08T04:16:26.576+0000] {processor.py:830} INFO - Processing file /opt/airflow/dags/netflix_dag.py for tasks to queue
[2026-09-08T04:16:26.642+0000] {logging_mixin.py:188} INFO - [2026-09-08T04:16:26.641+0000] {dagbag.py:545} INFO - Filling up the DagBag from /opt/airflow/dags/netflix_dag.py
[2026-09-08T04:16:27.594+0000] {processor.py:840} INFO - DAG(s) 'netflix_etl_pipeline' retrieved from /opt/airflow/dags/netflix_dag.py
[2026-09-08T04:16:27.816+0000] {logging_mixin.py:188} INFO - [2026-09-08T04:16:27.816+0000] {dag.py:3089} INFO - Sync 1 DAGs
[2026-09-08T04:16:27.970+0000] {logging_mixin.py:188} INFO - [2026-09-08T04:16:27.969+0000] {dag.py:3947} INFO - Setting next_dagrun for netflix_etl_pipeline to 2026-09-07 00:00:00+00:00, run_after=2026-09-08 00:00:00+00:00
[2026-09-08T04:16:28.179+0000] {processor.py:183} INFO - Processing /opt/airflow/dags/netflix_dag.py took 1.675 seconds
[2026-09-08T04:16:59.818+0000] {processor.py:161} INFO - Started process (PID=2710) to work on /opt/airflow/dags/netflix_dag.py
[2026-09-08T04:16:59.827+0000] {processor.py:830} INFO - Processing file /opt/airflow/dags/netflix_dag.py for tasks to queue
[2026-09-08T04:16:59.881+0000] {logging_mixin.py:188} INFO - [2026-09-08T04:16:59.880+0000] {dagbag.py:545} INFO - Filling up the DagBag from /opt/airflow/dags/netflix_dag.py
[2026-09-08T04:17:00.327+0000] {processor.py:840} INFO - DAG(s) 'netflix_etl_pipeline' retrieved from /opt/airflow/dags/netflix_dag.py
[2026-09-08T04:17:00.640+0000] {logging_mixin.py:188} INFO - [2026-09-08T04:17:00.640+0000] {dag.py:3089} INFO - Sync 1 DAGs
[2026-09-08T04:17:00.823+0000] {logging_mixin.py:188} INFO - [2026-09-08T04:17:00.822+0000] {dag.py:3947} INFO - Setting next_dagrun for netflix_etl_pipeline to 2026-09-07 00:00:00+00:00, run_after=2026-09-08 00:00:00+00:00
[2026-09-08T04:17:00.990+0000] {processor.py:183} INFO - Processing /opt/airflow/dags/netflix_dag.py took 1.198 seconds
[2026-09-08T04:17:32.170+0000] {processor.py:161} INFO - Started process (PID=2721) to work on /opt/airflow/dags/netflix_dag.py
[2026-09-08T04:17:32.204+0000] {processor.py:830} INFO - Processing file /opt/airflow/dags/netflix_dag.py for tasks to queue
[2026-09-08T04:17:32.228+0000] {logging_mixin.py:188} INFO - [2026-09-08T04:17:32.226+0000] {dagbag.py:545} INFO - Filling up the DagBag from /opt/airflow/dags/netflix_dag.py
[2026-09-08T04:17:32.294+0000] {processor.py:840} INFO - DAG(s) 'netflix_etl_pipeline' retrieved from /opt/airflow/dags/netflix_dag.py
[2026-09-08T04:17:32.922+0000] {logging_mixin.py:188} INFO - [2026-09-08T04:17:32.922+0000] {dag.py:3089} INFO - Sync 1 DAGs
[2026-09-08T04:17:32.952+0000] {logging_mixin.py:188} INFO - [2026-09-08T04:17:32.952+0000] {dag.py:3947} INFO - Setting next_dagrun for netflix_etl_pipeline to 2026-09-07 00:00:00+00:00, run_after=2026-09-08 00:00:00+00:00
[2026-09-08T04:17:36.091+0000] {processor.py:183} INFO - Processing /opt/airflow/dags/netflix_dag.py took 3.955 seconds
[2026-09-08T04:18:07.885+0000] {processor.py:161} INFO - Started process (PID=2732) to work on /opt/airflow/dags/netflix_dag.py
[2026-09-08T04:18:08.082+0000] {processor.py:830} INFO - Processing file /opt/airflow/dags/netflix_dag.py for tasks to queue
[2026-09-08T04:18:08.214+0000] {logging_mixin.py:188} INFO - [2026-09-08T04:18:08.197+0000] {dagbag.py:545} INFO - Filling up the DagBag from /opt/airflow/dags/netflix_dag.py
[2026-09-08T04:18:10.024+0000] {processor.py:840} INFO - DAG(s) 'netflix_etl_pipeline' retrieved from /opt/airflow/dags/netflix_dag.py
[2026-09-08T04:18:12.151+0000] {logging_mixin.py:188} INFO - [2026-09-08T04:18:12.148+0000] {dag.py:3089} INFO - Sync 1 DAGs
[2026-09-08T04:18:13.231+0000] {logging_mixin.py:188} INFO - [2026-09-08T04:18:13.223+0000] {dag.py:3947} INFO - Setting next_dagrun for netflix_etl_pipeline to 2026-09-07 00:00:00+00:00, run_after=2026-09-08 00:00:00+00:00
[2026-09-08T04:18:14.339+0000] {processor.py:183} INFO - Processing /opt/airflow/dags/netflix_dag.py took 6.745 seconds
[2026-09-08T04:18:45.253+0000] {processor.py:161} INFO - Started process (PID=2743) to work on /opt/airflow/dags/netflix_dag.py
[2026-09-08T04:18:45.257+0000] {processor.py:830} INFO - Processing file /opt/airflow/dags/netflix_dag.py for tasks to queue
[2026-09-08T04:18:45.261+0000] {logging_mixin.py:188} INFO - [2026-09-08T04:18:45.261+0000] {dagbag.py:545} INFO - Filling up the DagBag from /opt/airflow/dags/netflix_dag.py
[2026-09-08T04:18:45.314+0000] {processor.py:840} INFO - DAG(s) 'netflix_etl_pipeline' retrieved from /opt/airflow/dags/netflix_dag.py
[2026-09-08T04:18:45.400+0000] {logging_mixin.py:188} INFO - [2026-09-08T04:18:45.389+0000] {dag.py:3089} INFO - Sync 1 DAGs
[2026-09-08T04:18:45.584+0000] {logging_mixin.py:188} INFO - [2026-09-08T04:18:45.583+0000] {dag.py:3947} INFO - Setting next_dagrun for netflix_etl_pipeline to 2026-09-07 00:00:00+00:00, run_after=2026-09-08 00:00:00+00:00
[2026-09-08T04:18:45.841+0000] {processor.py:183} INFO - Processing /opt/airflow/dags/netflix_dag.py took 0.618 seconds
[2026-09-08T04:19:17.043+0000] {processor.py:161} INFO - Started process (PID=2754) to work on /opt/airflow/dags/netflix_dag.py
[2026-09-08T04:19:17.046+0000] {processor.py:830} INFO - Processing file /opt/airflow/dags/netflix_dag.py for tasks to queue
[2026-09-08T04:19:17.052+0000] {logging_mixin.py:188} INFO - [2026-09-08T04:19:17.051+0000] {dagbag.py:545} INFO - Filling up the DagBag from /opt/airflow/dags/netflix_dag.py
[2026-09-08T04:19:17.104+0000] {processor.py:840} INFO - DAG(s) 'netflix_etl_pipeline' retrieved from /opt/airflow/dags/netflix_dag.py
[2026-09-08T04:19:17.596+0000] {logging_mixin.py:188} INFO - [2026-09-08T04:19:17.596+0000] {dag.py:3089} INFO - Sync 1 DAGs
[2026-09-08T04:19:17.874+0000] {logging_mixin.py:188} INFO - [2026-09-08T04:19:17.874+0000] {dag.py:3947} INFO - Setting next_dagrun for netflix_etl_pipeline to 2026-09-07 00:00:00+00:00, run_after=2026-09-08 00:00:00+00:00
[2026-09-08T04:19:18.031+0000] {processor.py:183} INFO - Processing /opt/airflow/dags/netflix_dag.py took 1.023 seconds
[2026-09-08T04:19:54.533+0000] {processor.py:161} INFO - Started process (PID=2765) to work on /opt/airflow/dags/netflix_dag.py
[2026-09-08T04:19:54.830+0000] {processor.py:830} INFO - Processing file /opt/airflow/dags/netflix_dag.py for tasks to queue
[2026-09-08T04:19:55.029+0000] {logging_mixin.py:188} INFO - [2026-09-08T04:19:55.028+0000] {dagbag.py:545} INFO - Filling up the DagBag from /opt/airflow/dags/netflix_dag.py
[2026-09-08T04:19:55.462+0000] {processor.py:840} INFO - DAG(s) 'netflix_etl_pipeline' retrieved from /opt/airflow/dags/netflix_dag.py
[2026-09-08T04:19:55.617+0000] {logging_mixin.py:188} INFO - [2026-09-08T04:19:55.617+0000] {dag.py:3089} INFO - Sync 1 DAGs
[2026-09-08T04:19:55.671+0000] {logging_mixin.py:188} INFO - [2026-09-08T04:19:55.670+0000] {dag.py:3947} INFO - Setting next_dagrun for netflix_etl_pipeline to 2026-09-07 00:00:00+00:00, run_after=2026-09-08 00:00:00+00:00
[2026-09-08T04:19:55.799+0000] {processor.py:183} INFO - Processing /opt/airflow/dags/netflix_dag.py took 1.620 seconds
[2026-09-08T04:20:27.770+0000] {processor.py:161} INFO - Started process (PID=2776) to work on /opt/airflow/dags/netflix_dag.py
[2026-09-08T04:20:27.929+0000] {processor.py:830} INFO - Processing file /opt/airflow/dags/netflix_dag.py for tasks to queue
[2026-09-08T04:20:27.991+0000] {logging_mixin.py:188} INFO - [2026-09-08T04:20:27.990+0000] {dagbag.py:545} INFO - Filling up the DagBag from /opt/airflow/dags/netflix_dag.py
[2026-09-08T04:20:29.279+0000] {processor.py:840} INFO - DAG(s) 'netflix_etl_pipeline' retrieved from /opt/airflow/dags/netflix_dag.py
[2026-09-08T04:20:29.564+0000] {logging_mixin.py:188} INFO - [2026-09-08T04:20:29.564+0000] {dag.py:3089} INFO - Sync 1 DAGs
[2026-09-08T04:20:30.022+0000] {logging_mixin.py:188} INFO - [2026-09-08T04:20:30.022+0000] {dag.py:3947} INFO - Setting next_dagrun for netflix_etl_pipeline to 2026-09-07 00:00:00+00:00, run_after=2026-09-08 00:00:00+00:00
[2026-09-08T04:20:30.234+0000] {processor.py:183} INFO - Processing /opt/airflow/dags/netflix_dag.py took 2.486 seconds
[2026-09-08T04:21:06.142+0000] {processor.py:161} INFO - Started process (PID=2787) to work on /opt/airflow/dags/netflix_dag.py
[2026-09-08T04:21:06.279+0000] {processor.py:830} INFO - Processing file /opt/airflow/dags/netflix_dag.py for tasks to queue
[2026-09-08T04:21:06.427+0000] {logging_mixin.py:188} INFO - [2026-09-08T04:21:06.413+0000] {dagbag.py:545} INFO - Filling up the DagBag from /opt/airflow/dags/netflix_dag.py
[2026-09-08T04:21:07.129+0000] {processor.py:840} INFO - DAG(s) 'netflix_etl_pipeline' retrieved from /opt/airflow/dags/netflix_dag.py
[2026-09-08T04:21:07.367+0000] {logging_mixin.py:188} INFO - [2026-09-08T04:21:07.356+0000] {dag.py:3089} INFO - Sync 1 DAGs
[2026-09-08T04:21:07.593+0000] {logging_mixin.py:188} INFO - [2026-09-08T04:21:07.593+0000] {dag.py:3947} INFO - Setting next_dagrun for netflix_etl_pipeline to 2026-09-07 00:00:00+00:00, run_after=2026-09-08 00:00:00+00:00
[2026-09-08T04:21:07.827+0000] {processor.py:183} INFO - Processing /opt/airflow/dags/netflix_dag.py took 1.992 seconds
[2026-09-08T04:21:40.240+0000] {processor.py:161} INFO - Started process (PID=2805) to work on /opt/airflow/dags/netflix_dag.py
[2026-09-08T04:21:40.250+0000] {processor.py:830} INFO - Processing file /opt/airflow/dags/netflix_dag.py for tasks to queue
[2026-09-08T04:21:40.255+0000] {logging_mixin.py:188} INFO - [2026-09-08T04:21:40.254+0000] {dagbag.py:545} INFO - Filling up the DagBag from /opt/airflow/dags/netflix_dag.py
[2026-09-08T04:21:40.309+0000] {processor.py:840} INFO - DAG(s) 'netflix_etl_pipeline' retrieved from /opt/airflow/dags/netflix_dag.py
[2026-09-08T04:21:40.417+0000] {logging_mixin.py:188} INFO - [2026-09-08T04:21:40.417+0000] {dag.py:3089} INFO - Sync 1 DAGs
[2026-09-08T04:21:40.515+0000] {logging_mixin.py:188} INFO - [2026-09-08T04:21:40.514+0000] {dag.py:3947} INFO - Setting next_dagrun for netflix_etl_pipeline to 2026-09-07 00:00:00+00:00, run_after=2026-09-08 00:00:00+00:00
[2026-09-08T04:21:40.740+0000] {processor.py:183} INFO - Processing /opt/airflow/dags/netflix_dag.py took 0.512 seconds
[2026-09-08T04:22:12.327+0000] {processor.py:161} INFO - Started process (PID=2816) to work on /opt/airflow/dags/netflix_dag.py
[2026-09-08T04:22:12.329+0000] {processor.py:830} INFO - Processing file /opt/airflow/dags/netflix_dag.py for tasks to queue
[2026-09-08T04:22:12.334+0000] {logging_mixin.py:188} INFO - [2026-09-08T04:22:12.333+0000] {dagbag.py:545} INFO - Filling up the DagBag from /opt/airflow/dags/netflix_dag.py
[2026-09-08T04:22:12.369+0000] {processor.py:840} INFO - DAG(s) 'netflix_etl_pipeline' retrieved from /opt/airflow/dags/netflix_dag.py
[2026-09-08T04:22:12.438+0000] {logging_mixin.py:188} INFO - [2026-09-08T04:22:12.438+0000] {dag.py:3089} INFO - Sync 1 DAGs
[2026-09-08T04:22:12.596+0000] {logging_mixin.py:188} INFO - [2026-09-08T04:22:12.596+0000] {dag.py:3947} INFO - Setting next_dagrun for netflix_etl_pipeline to 2026-09-07 00:00:00+00:00, run_after=2026-09-08 00:00:00+00:00
[2026-09-08T04:22:12.787+0000] {processor.py:183} INFO - Processing /opt/airflow/dags/netflix_dag.py took 0.491 seconds
[2026-09-08T04:22:43.412+0000] {processor.py:161} INFO - Started process (PID=2827) to work on /opt/airflow/dags/netflix_dag.py
[2026-09-08T04:22:43.415+0000] {processor.py:830} INFO - Processing file /opt/airflow/dags/netflix_dag.py for tasks to queue
[2026-09-08T04:22:43.419+0000] {logging_mixin.py:188} INFO - [2026-09-08T04:22:43.419+0000] {dagbag.py:545} INFO - Filling up the DagBag from /opt/airflow/dags/netflix_dag.py
[2026-09-08T04:22:43.472+0000] {processor.py:840} INFO - DAG(s) 'netflix_etl_pipeline' retrieved from /opt/airflow/dags/netflix_dag.py
[2026-09-08T04:22:43.520+0000] {logging_mixin.py:188} INFO - [2026-09-08T04:22:43.519+0000] {dag.py:3089} INFO - Sync 1 DAGs
[2026-09-08T04:22:43.549+0000] {logging_mixin.py:188} INFO - [2026-09-08T04:22:43.549+0000] {dag.py:3947} INFO - Setting next_dagrun for netflix_etl_pipeline to 2026-09-07 00:00:00+00:00, run_after=2026-09-08 00:00:00+00:00
[2026-09-08T04:22:43.580+0000] {processor.py:183} INFO - Processing /opt/airflow/dags/netflix_dag.py took 0.196 seconds
[2026-09-08T04:23:15.116+0000] {processor.py:161} INFO - Started process (PID=2838) to work on /opt/airflow/dags/netflix_dag.py
[2026-09-08T04:23:15.153+0000] {processor.py:830} INFO - Processing file /opt/airflow/dags/netflix_dag.py for tasks to queue
[2026-09-08T04:23:15.190+0000] {logging_mixin.py:188} INFO - [2026-09-08T04:23:15.190+0000] {dagbag.py:545} INFO - Filling up the DagBag from /opt/airflow/dags/netflix_dag.py
[2026-09-08T04:23:16.247+0000] {processor.py:840} INFO - DAG(s) 'netflix_etl_pipeline' retrieved from /opt/airflow/dags/netflix_dag.py
[2026-09-08T04:23:16.373+0000] {logging_mixin.py:188} INFO - [2026-09-08T04:23:16.373+0000] {dag.py:3089} INFO - Sync 1 DAGs
[2026-09-08T04:23:16.450+0000] {logging_mixin.py:188} INFO - [2026-09-08T04:23:16.450+0000] {dag.py:3947} INFO - Setting next_dagrun for netflix_etl_pipeline to 2026-09-07 00:00:00+00:00, run_after=2026-09-08 00:00:00+00:00
[2026-09-08T04:23:16.511+0000] {processor.py:183} INFO - Processing /opt/airflow/dags/netflix_dag.py took 1.429 seconds
[2026-09-08T04:23:47.287+0000] {processor.py:161} INFO - Started process (PID=2849) to work on /opt/airflow/dags/netflix_dag.py
[2026-09-08T04:23:47.289+0000] {processor.py:830} INFO - Processing file /opt/airflow/dags/netflix_dag.py for tasks to queue
[2026-09-08T04:23:47.293+0000] {logging_mixin.py:188} INFO - [2026-09-08T04:23:47.292+0000] {dagbag.py:545} INFO - Filling up the DagBag from /opt/airflow/dags/netflix_dag.py
[2026-09-08T04:23:47.320+0000] {processor.py:840} INFO - DAG(s) 'netflix_etl_pipeline' retrieved from /opt/airflow/dags/netflix_dag.py
[2026-09-08T04:23:47.366+0000] {logging_mixin.py:188} INFO - [2026-09-08T04:23:47.365+0000] {dag.py:3089} INFO - Sync 1 DAGs
[2026-09-08T04:23:47.450+0000] {logging_mixin.py:188} INFO - [2026-09-08T04:23:47.450+0000] {dag.py:3947} INFO - Setting next_dagrun for netflix_etl_pipeline to 2026-09-07 00:00:00+00:00, run_after=2026-09-08 00:00:00+00:00
[2026-09-08T04:23:47.629+0000] {processor.py:183} INFO - Processing /opt/airflow/dags/netflix_dag.py took 0.353 seconds
[2026-09-08T04:24:19.491+0000] {processor.py:161} INFO - Started process (PID=2860) to work on /opt/airflow/dags/netflix_dag.py
[2026-09-08T04:24:19.532+0000] {processor.py:830} INFO - Processing file /opt/airflow/dags/netflix_dag.py for tasks to queue
[2026-09-08T04:24:19.607+0000] {logging_mixin.py:188} INFO - [2026-09-08T04:24:19.605+0000] {dagbag.py:545} INFO - Filling up the DagBag from /opt/airflow/dags/netflix_dag.py
[2026-09-08T04:24:20.606+0000] {processor.py:840} INFO - DAG(s) 'netflix_etl_pipeline' retrieved from /opt/airflow/dags/netflix_dag.py
[2026-09-08T04:24:20.823+0000] {logging_mixin.py:188} INFO - [2026-09-08T04:24:20.822+0000] {dag.py:3089} INFO - Sync 1 DAGs
[2026-09-08T04:24:20.865+0000] {logging_mixin.py:188} INFO - [2026-09-08T04:24:20.865+0000] {dag.py:3947} INFO - Setting next_dagrun for netflix_etl_pipeline to 2026-09-07 00:00:00+00:00, run_after=2026-09-08 00:00:00+00:00
[2026-09-08T04:24:20.899+0000] {processor.py:183} INFO - Processing /opt/airflow/dags/netflix_dag.py took 1.446 seconds
[2026-09-08T04:24:52.155+0000] {processor.py:161} INFO - Started process (PID=2871) to work on /opt/airflow/dags/netflix_dag.py
[2026-09-08T04:24:52.192+0000] {processor.py:830} INFO - Processing file /opt/airflow/dags/netflix_dag.py for tasks to queue
[2026-09-08T04:24:52.231+0000] {logging_mixin.py:188} INFO - [2026-09-08T04:24:52.231+0000] {dagbag.py:545} INFO - Filling up the DagBag from /opt/airflow/dags/netflix_dag.py
[2026-09-08T04:24:52.997+0000] {processor.py:840} INFO - DAG(s) 'netflix_etl_pipeline' retrieved from /opt/airflow/dags/netflix_dag.py
[2026-09-08T04:24:53.235+0000] {logging_mixin.py:188} INFO - [2026-09-08T04:24:53.234+0000] {dag.py:3089} INFO - Sync 1 DAGs
[2026-09-08T04:24:53.398+0000] {logging_mixin.py:188} INFO - [2026-09-08T04:24:53.398+0000] {dag.py:3947} INFO - Setting next_dagrun for netflix_etl_pipeline to 2026-09-07 00:00:00+00:00, run_after=2026-09-08 00:00:00+00:00
[2026-09-08T04:24:53.530+0000] {processor.py:183} INFO - Processing /opt/airflow/dags/netflix_dag.py took 1.410 seconds
[2026-09-08T04:25:23.887+0000] {processor.py:161} INFO - Started process (PID=2882) to work on /opt/airflow/dags/netflix_dag.py
[2026-09-08T04:25:23.890+0000] {processor.py:830} INFO - Processing file /opt/airflow/dags/netflix_dag.py for tasks to queue
[2026-09-08T04:25:23.895+0000] {logging_mixin.py:188} INFO - [2026-09-08T04:25:23.894+0000] {dagbag.py:545} INFO - Filling up the DagBag from /opt/airflow/dags/netflix_dag.py
[2026-09-08T04:25:24.154+0000] {processor.py:840} INFO - DAG(s) 'netflix_etl_pipeline' retrieved from /opt/airflow/dags/netflix_dag.py
[2026-09-08T04:25:25.282+0000] {logging_mixin.py:188} INFO - [2026-09-08T04:25:25.281+0000] {dag.py:3089} INFO - Sync 1 DAGs
[2026-09-08T04:25:25.644+0000] {logging_mixin.py:188} INFO - [2026-09-08T04:25:25.644+0000] {dag.py:3947} INFO - Setting next_dagrun for netflix_etl_pipeline to 2026-09-07 00:00:00+00:00, run_after=2026-09-08 00:00:00+00:00
[2026-09-08T04:25:27.599+0000] {processor.py:183} INFO - Processing /opt/airflow/dags/netflix_dag.py took 3.723 seconds
[2026-09-08T04:26:02.382+0000] {processor.py:161} INFO - Started process (PID=2893) to work on /opt/airflow/dags/netflix_dag.py
[2026-09-08T04:26:02.387+0000] {processor.py:830} INFO - Processing file /opt/airflow/dags/netflix_dag.py for tasks to queue
[2026-09-08T04:26:02.400+0000] {logging_mixin.py:188} INFO - [2026-09-08T04:26:02.399+0000] {dagbag.py:545} INFO - Filling up the DagBag from /opt/airflow/dags/netflix_dag.py
[2026-09-08T04:26:02.477+0000] {processor.py:840} INFO - DAG(s) 'netflix_etl_pipeline' retrieved from /opt/airflow/dags/netflix_dag.py
[2026-09-08T04:26:02.588+0000] {logging_mixin.py:188} INFO - [2026-09-08T04:26:02.587+0000] {dag.py:3089} INFO - Sync 1 DAGs
[2026-09-08T04:26:02.772+0000] {logging_mixin.py:188} INFO - [2026-09-08T04:26:02.772+0000] {dag.py:3947} INFO - Setting next_dagrun for netflix_etl_pipeline to 2026-09-07 00:00:00+00:00, run_after=2026-09-08 00:00:00+00:00
[2026-09-08T04:26:02.928+0000] {processor.py:183} INFO - Processing /opt/airflow/dags/netflix_dag.py took 0.570 seconds
[2026-09-08T04:26:34.482+0000] {processor.py:161} INFO - Started process (PID=2904) to work on /opt/airflow/dags/netflix_dag.py
[2026-09-08T04:26:34.485+0000] {processor.py:830} INFO - Processing file /opt/airflow/dags/netflix_dag.py for tasks to queue
[2026-09-08T04:26:34.504+0000] {logging_mixin.py:188} INFO - [2026-09-08T04:26:34.502+0000] {dagbag.py:545} INFO - Filling up the DagBag from /opt/airflow/dags/netflix_dag.py
[2026-09-08T04:26:34.572+0000] {processor.py:840} INFO - DAG(s) 'netflix_etl_pipeline' retrieved from /opt/airflow/dags/netflix_dag.py
[2026-09-08T04:26:34.747+0000] {logging_mixin.py:188} INFO - [2026-09-08T04:26:34.747+0000] {dag.py:3089} INFO - Sync 1 DAGs
[2026-09-08T04:26:34.956+0000] {logging_mixin.py:188} INFO - [2026-09-08T04:26:34.956+0000] {dag.py:3947} INFO - Setting next_dagrun for netflix_etl_pipeline to 2026-09-07 00:00:00+00:00, run_after=2026-09-08 00:00:00+00:00
[2026-09-08T04:26:35.255+0000] {processor.py:183} INFO - Processing /opt/airflow/dags/netflix_dag.py took 0.808 seconds
[2026-09-08T04:27:09.127+0000] {processor.py:161} INFO - Started process (PID=2915) to work on /opt/airflow/dags/netflix_dag.py
[2026-09-08T04:27:09.165+0000] {processor.py:830} INFO - Processing file /opt/airflow/dags/netflix_dag.py for tasks to queue
[2026-09-08T04:27:09.345+0000] {logging_mixin.py:188} INFO - [2026-09-08T04:27:09.324+0000] {dagbag.py:545} INFO - Filling up the DagBag from /opt/airflow/dags/netflix_dag.py
[2026-09-08T04:27:15.517+0000] {processor.py:840} INFO - DAG(s) 'netflix_etl_pipeline' retrieved from /opt/airflow/dags/netflix_dag.py
[2026-09-08T04:27:17.167+0000] {logging_mixin.py:188} INFO - [2026-09-08T04:27:17.163+0000] {dag.py:3089} INFO - Sync 1 DAGs
[2026-09-08T04:27:18.435+0000] {logging_mixin.py:188} INFO - [2026-09-08T04:27:18.432+0000] {dag.py:3947} INFO - Setting next_dagrun for netflix_etl_pipeline to 2026-09-07 00:00:00+00:00, run_after=2026-09-08 00:00:00+00:00
[2026-09-08T04:27:19.995+0000] {processor.py:183} INFO - Processing /opt/airflow/dags/netflix_dag.py took 11.148 seconds
[2026-09-08T04:27:51.813+0000] {processor.py:161} INFO - Started process (PID=2931) to work on /opt/airflow/dags/netflix_dag.py
[2026-09-08T04:27:51.822+0000] {processor.py:830} INFO - Processing file /opt/airflow/dags/netflix_dag.py for tasks to queue
[2026-09-08T04:27:51.830+0000] {logging_mixin.py:188} INFO - [2026-09-08T04:27:51.829+0000] {dagbag.py:545} INFO - Filling up the DagBag from /opt/airflow/dags/netflix_dag.py
[2026-09-08T04:27:51.880+0000] {processor.py:840} INFO - DAG(s) 'netflix_etl_pipeline' retrieved from /opt/airflow/dags/netflix_dag.py
[2026-09-08T04:27:51.955+0000] {logging_mixin.py:188} INFO - [2026-09-08T04:27:51.954+0000] {dag.py:3089} INFO - Sync 1 DAGs
[2026-09-08T04:27:52.050+0000] {logging_mixin.py:188} INFO - [2026-09-08T04:27:52.050+0000] {dag.py:3947} INFO - Setting next_dagrun for netflix_etl_pipeline to 2026-09-07 00:00:00+00:00, run_after=2026-09-08 00:00:00+00:00
[2026-09-08T04:27:52.230+0000] {processor.py:183} INFO - Processing /opt/airflow/dags/netflix_dag.py took 0.453 seconds
[2026-09-08T04:28:24.836+0000] {processor.py:161} INFO - Started process (PID=2942) to work on /opt/airflow/dags/netflix_dag.py
[2026-09-08T04:28:25.129+0000] {processor.py:830} INFO - Processing file /opt/airflow/dags/netflix_dag.py for tasks to queue
[2026-09-08T04:28:25.140+0000] {logging_mixin.py:188} INFO - [2026-09-08T04:28:25.139+0000] {dagbag.py:545} INFO - Filling up the DagBag from /opt/airflow/dags/netflix_dag.py
[2026-09-08T04:28:27.599+0000] {processor.py:840} INFO - DAG(s) 'netflix_etl_pipeline' retrieved from /opt/airflow/dags/netflix_dag.py
[2026-09-08T04:28:28.570+0000] {logging_mixin.py:188} INFO - [2026-09-08T04:28:28.570+0000] {dag.py:3089} INFO - Sync 1 DAGs
[2026-09-08T04:28:28.759+0000] {logging_mixin.py:188} INFO - [2026-09-08T04:28:28.758+0000] {dag.py:3947} INFO - Setting next_dagrun for netflix_etl_pipeline to 2026-09-07 00:00:00+00:00, run_after=2026-09-08 00:00:00+00:00
[2026-09-08T04:28:29.031+0000] {processor.py:183} INFO - Processing /opt/airflow/dags/netflix_dag.py took 4.205 seconds
[2026-09-08T04:29:00.180+0000] {processor.py:161} INFO - Started process (PID=2953) to work on /opt/airflow/dags/netflix_dag.py
[2026-09-08T04:29:00.185+0000] {processor.py:830} INFO - Processing file /opt/airflow/dags/netflix_dag.py for tasks to queue
[2026-09-08T04:29:00.202+0000] {logging_mixin.py:188} INFO - [2026-09-08T04:29:00.199+0000] {dagbag.py:545} INFO - Filling up the DagBag from /opt/airflow/dags/netflix_dag.py
[2026-09-08T04:29:00.302+0000] {processor.py:840} INFO - DAG(s) 'netflix_etl_pipeline' retrieved from /opt/airflow/dags/netflix_dag.py
[2026-09-08T04:29:00.519+0000] {logging_mixin.py:188} INFO - [2026-09-08T04:29:00.519+0000] {dag.py:3089} INFO - Sync 1 DAGs
[2026-09-08T04:29:00.621+0000] {logging_mixin.py:188} INFO - [2026-09-08T04:29:00.621+0000] {dag.py:3947} INFO - Setting next_dagrun for netflix_etl_pipeline to 2026-09-07 00:00:00+00:00, run_after=2026-09-08 00:00:00+00:00
[2026-09-08T04:29:00.685+0000] {processor.py:183} INFO - Processing /opt/airflow/dags/netflix_dag.py took 0.573 seconds
[2026-09-08T04:29:31.233+0000] {processor.py:161} INFO - Started process (PID=2964) to work on /opt/airflow/dags/netflix_dag.py
[2026-09-08T04:29:31.235+0000] {processor.py:830} INFO - Processing file /opt/airflow/dags/netflix_dag.py for tasks to queue
[2026-09-08T04:29:31.243+0000] {logging_mixin.py:188} INFO - [2026-09-08T04:29:31.242+0000] {dagbag.py:545} INFO - Filling up the DagBag from /opt/airflow/dags/netflix_dag.py
[2026-09-08T04:29:31.344+0000] {processor.py:840} INFO - DAG(s) 'netflix_etl_pipeline' retrieved from /opt/airflow/dags/netflix_dag.py
[2026-09-08T04:29:31.551+0000] {logging_mixin.py:188} INFO - [2026-09-08T04:29:31.540+0000] {dag.py:3089} INFO - Sync 1 DAGs
[2026-09-08T04:29:31.691+0000] {logging_mixin.py:188} INFO - [2026-09-08T04:29:31.690+0000] {dag.py:3947} INFO - Setting next_dagrun for netflix_etl_pipeline to 2026-09-07 00:00:00+00:00, run_after=2026-09-08 00:00:00+00:00
[2026-09-08T04:29:31.932+0000] {processor.py:183} INFO - Processing /opt/airflow/dags/netflix_dag.py took 0.716 seconds
[2026-09-08T04:30:03.867+0000] {processor.py:161} INFO - Started process (PID=2976) to work on /opt/airflow/dags/netflix_dag.py
[2026-09-08T04:30:03.871+0000] {processor.py:830} INFO - Processing file /opt/airflow/dags/netflix_dag.py for tasks to queue
[2026-09-08T04:30:03.878+0000] {logging_mixin.py:188} INFO - [2026-09-08T04:30:03.877+0000] {dagbag.py:545} INFO - Filling up the DagBag from /opt/airflow/dags/netflix_dag.py
[2026-09-08T04:30:03.956+0000] {processor.py:840} INFO - DAG(s) 'netflix_etl_pipeline' retrieved from /opt/airflow/dags/netflix_dag.py
[2026-09-08T04:30:04.093+0000] {logging_mixin.py:188} INFO - [2026-09-08T04:30:04.091+0000] {dag.py:3089} INFO - Sync 1 DAGs
[2026-09-08T04:30:04.289+0000] {logging_mixin.py:188} INFO - [2026-09-08T04:30:04.288+0000] {dag.py:3947} INFO - Setting next_dagrun for netflix_etl_pipeline to 2026-09-07 00:00:00+00:00, run_after=2026-09-08 00:00:00+00:00
[2026-09-08T04:30:04.436+0000] {processor.py:183} INFO - Processing /opt/airflow/dags/netflix_dag.py took 0.605 seconds
[2026-09-08T04:30:36.209+0000] {processor.py:161} INFO - Started process (PID=2987) to work on /opt/airflow/dags/netflix_dag.py
[2026-09-08T04:30:36.265+0000] {processor.py:830} INFO - Processing file /opt/airflow/dags/netflix_dag.py for tasks to queue
[2026-09-08T04:30:36.301+0000] {logging_mixin.py:188} INFO - [2026-09-08T04:30:36.300+0000] {dagbag.py:545} INFO - Filling up the DagBag from /opt/airflow/dags/netflix_dag.py
[2026-09-08T04:30:37.749+0000] {processor.py:840} INFO - DAG(s) 'netflix_etl_pipeline' retrieved from /opt/airflow/dags/netflix_dag.py
[2026-09-08T04:30:37.866+0000] {logging_mixin.py:188} INFO - [2026-09-08T04:30:37.865+0000] {dag.py:3089} INFO - Sync 1 DAGs
[2026-09-08T04:30:38.046+0000] {logging_mixin.py:188} INFO - [2026-09-08T04:30:38.046+0000] {dag.py:3947} INFO - Setting next_dagrun for netflix_etl_pipeline to 2026-09-07 00:00:00+00:00, run_after=2026-09-08 00:00:00+00:00
[2026-09-08T04:30:38.256+0000] {processor.py:183} INFO - Processing /opt/airflow/dags/netflix_dag.py took 2.085 seconds
[2026-09-08T04:31:09.107+0000] {processor.py:161} INFO - Started process (PID=2998) to work on /opt/airflow/dags/netflix_dag.py
[2026-09-08T04:31:09.109+0000] {processor.py:830} INFO - Processing file /opt/airflow/dags/netflix_dag.py for tasks to queue
[2026-09-08T04:31:09.287+0000] {logging_mixin.py:188} INFO - [2026-09-08T04:31:09.287+0000] {dagbag.py:545} INFO - Filling up the DagBag from /opt/airflow/dags/netflix_dag.py
[2026-09-08T04:31:09.552+0000] {processor.py:840} INFO - DAG(s) 'netflix_etl_pipeline' retrieved from /opt/airflow/dags/netflix_dag.py
[2026-09-08T04:31:10.400+0000] {logging_mixin.py:188} INFO - [2026-09-08T04:31:10.399+0000] {dag.py:3089} INFO - Sync 1 DAGs
[2026-09-08T04:31:11.416+0000] {logging_mixin.py:188} INFO - [2026-09-08T04:31:11.416+0000] {dag.py:3947} INFO - Setting next_dagrun for netflix_etl_pipeline to 2026-09-07 00:00:00+00:00, run_after=2026-09-08 00:00:00+00:00
[2026-09-08T04:31:11.565+0000] {processor.py:183} INFO - Processing /opt/airflow/dags/netflix_dag.py took 2.485 seconds
[2026-09-08T04:31:43.426+0000] {processor.py:161} INFO - Started process (PID=3009) to work on /opt/airflow/dags/netflix_dag.py
[2026-09-08T04:31:43.440+0000] {processor.py:830} INFO - Processing file /opt/airflow/dags/netflix_dag.py for tasks to queue
[2026-09-08T04:31:43.477+0000] {logging_mixin.py:188} INFO - [2026-09-08T04:31:43.476+0000] {dagbag.py:545} INFO - Filling up the DagBag from /opt/airflow/dags/netflix_dag.py
[2026-09-08T04:31:44.504+0000] {processor.py:840} INFO - DAG(s) 'netflix_etl_pipeline' retrieved from /opt/airflow/dags/netflix_dag.py
[2026-09-08T04:31:44.752+0000] {logging_mixin.py:188} INFO - [2026-09-08T04:31:44.751+0000] {dag.py:3089} INFO - Sync 1 DAGs
[2026-09-08T04:31:44.924+0000] {logging_mixin.py:188} INFO - [2026-09-08T04:31:44.924+0000] {dag.py:3947} INFO - Setting next_dagrun for netflix_etl_pipeline to 2026-09-07 00:00:00+00:00, run_after=2026-09-08 00:00:00+00:00
[2026-09-08T04:31:45.022+0000] {processor.py:183} INFO - Processing /opt/airflow/dags/netflix_dag.py took 1.620 seconds
[2026-09-08T04:32:16.427+0000] {processor.py:161} INFO - Started process (PID=3026) to work on /opt/airflow/dags/netflix_dag.py
[2026-09-08T04:32:16.430+0000] {processor.py:830} INFO - Processing file /opt/airflow/dags/netflix_dag.py for tasks to queue
[2026-09-08T04:32:16.444+0000] {logging_mixin.py:188} INFO - [2026-09-08T04:32:16.443+0000] {dagbag.py:545} INFO - Filling up the DagBag from /opt/airflow/dags/netflix_dag.py
[2026-09-08T04:32:16.516+0000] {processor.py:840} INFO - DAG(s) 'netflix_etl_pipeline' retrieved from /opt/airflow/dags/netflix_dag.py
[2026-09-08T04:32:16.635+0000] {logging_mixin.py:188} INFO - [2026-09-08T04:32:16.634+0000] {dag.py:3089} INFO - Sync 1 DAGs
[2026-09-08T04:32:16.697+0000] {logging_mixin.py:188} INFO - [2026-09-08T04:32:16.697+0000] {dag.py:3947} INFO - Setting next_dagrun for netflix_etl_pipeline to 2026-09-07 00:00:00+00:00, run_after=2026-09-08 00:00:00+00:00
[2026-09-08T04:32:16.744+0000] {processor.py:183} INFO - Processing /opt/airflow/dags/netflix_dag.py took 0.347 seconds
[2026-09-08T04:32:48.004+0000] {processor.py:161} INFO - Started process (PID=3037) to work on /opt/airflow/dags/netflix_dag.py
[2026-09-08T04:32:48.046+0000] {processor.py:830} INFO - Processing file /opt/airflow/dags/netflix_dag.py for tasks to queue
[2026-09-08T04:32:48.113+0000] {logging_mixin.py:188} INFO - [2026-09-08T04:32:48.112+0000] {dagbag.py:545} INFO - Filling up the DagBag from /opt/airflow/dags/netflix_dag.py
[2026-09-08T04:32:50.077+0000] {processor.py:840} INFO - DAG(s) 'netflix_etl_pipeline' retrieved from /opt/airflow/dags/netflix_dag.py
[2026-09-08T04:32:50.484+0000] {logging_mixin.py:188} INFO - [2026-09-08T04:32:50.483+0000] {dag.py:3089} INFO - Sync 1 DAGs
[2026-09-08T04:32:50.648+0000] {logging_mixin.py:188} INFO - [2026-09-08T04:32:50.647+0000] {dag.py:3947} INFO - Setting next_dagrun for netflix_etl_pipeline to 2026-09-07 00:00:00+00:00, run_after=2026-09-08 00:00:00+00:00
[2026-09-08T04:32:50.907+0000] {processor.py:183} INFO - Processing /opt/airflow/dags/netflix_dag.py took 2.926 seconds
[2026-09-08T04:33:22.004+0000] {processor.py:161} INFO - Started process (PID=3048) to work on /opt/airflow/dags/netflix_dag.py
[2026-09-08T04:33:22.012+0000] {processor.py:830} INFO - Processing file /opt/airflow/dags/netflix_dag.py for tasks to queue
[2026-09-08T04:33:22.018+0000] {logging_mixin.py:188} INFO - [2026-09-08T04:33:22.017+0000] {dagbag.py:545} INFO - Filling up the DagBag from /opt/airflow/dags/netflix_dag.py
[2026-09-08T04:33:22.091+0000] {processor.py:840} INFO - DAG(s) 'netflix_etl_pipeline' retrieved from /opt/airflow/dags/netflix_dag.py
[2026-09-08T04:33:22.368+0000] {logging_mixin.py:188} INFO - [2026-09-08T04:33:22.367+0000] {dag.py:3089} INFO - Sync 1 DAGs
[2026-09-08T04:33:22.581+0000] {logging_mixin.py:188} INFO - [2026-09-08T04:33:22.581+0000] {dag.py:3947} INFO - Setting next_dagrun for netflix_etl_pipeline to 2026-09-07 00:00:00+00:00, run_after=2026-09-08 00:00:00+00:00
[2026-09-08T04:33:22.975+0000] {processor.py:183} INFO - Processing /opt/airflow/dags/netflix_dag.py took 1.000 seconds
[2026-09-08T04:33:53.848+0000] {processor.py:161} INFO - Started process (PID=3059) to work on /opt/airflow/dags/netflix_dag.py
[2026-09-08T04:33:53.855+0000] {processor.py:830} INFO - Processing file /opt/airflow/dags/netflix_dag.py for tasks to queue
[2026-09-08T04:33:53.863+0000] {logging_mixin.py:188} INFO - [2026-09-08T04:33:53.862+0000] {dagbag.py:545} INFO - Filling up the DagBag from /opt/airflow/dags/netflix_dag.py
[2026-09-08T04:33:53.965+0000] {processor.py:840} INFO - DAG(s) 'netflix_etl_pipeline' retrieved from /opt/airflow/dags/netflix_dag.py
[2026-09-08T04:33:54.115+0000] {logging_mixin.py:188} INFO - [2026-09-08T04:33:54.115+0000] {dag.py:3089} INFO - Sync 1 DAGs
[2026-09-08T04:33:54.162+0000] {logging_mixin.py:188} INFO - [2026-09-08T04:33:54.162+0000] {dag.py:3947} INFO - Setting next_dagrun for netflix_etl_pipeline to 2026-09-07 00:00:00+00:00, run_after=2026-09-08 00:00:00+00:00
[2026-09-08T04:33:54.292+0000] {processor.py:183} INFO - Processing /opt/airflow/dags/netflix_dag.py took 0.478 seconds
[2026-09-08T04:34:26.270+0000] {processor.py:161} INFO - Started process (PID=3070) to work on /opt/airflow/dags/netflix_dag.py
[2026-09-08T04:34:26.309+0000] {processor.py:830} INFO - Processing file /opt/airflow/dags/netflix_dag.py for tasks to queue
[2026-09-08T04:34:26.361+0000] {logging_mixin.py:188} INFO - [2026-09-08T04:34:26.360+0000] {dagbag.py:545} INFO - Filling up the DagBag from /opt/airflow/dags/netflix_dag.py
[2026-09-08T04:34:26.454+0000] {processor.py:840} INFO - DAG(s) 'netflix_etl_pipeline' retrieved from /opt/airflow/dags/netflix_dag.py
[2026-09-08T04:34:26.579+0000] {logging_mixin.py:188} INFO - [2026-09-08T04:34:26.579+0000] {dag.py:3089} INFO - Sync 1 DAGs
[2026-09-08T04:34:26.735+0000] {logging_mixin.py:188} INFO - [2026-09-08T04:34:26.734+0000] {dag.py:3947} INFO - Setting next_dagrun for netflix_etl_pipeline to 2026-09-07 00:00:00+00:00, run_after=2026-09-08 00:00:00+00:00
[2026-09-08T04:34:27.098+0000] {processor.py:183} INFO - Processing /opt/airflow/dags/netflix_dag.py took 0.864 seconds
[2026-09-08T04:34:57.577+0000] {processor.py:161} INFO - Started process (PID=3081) to work on /opt/airflow/dags/netflix_dag.py
[2026-09-08T04:34:57.580+0000] {processor.py:830} INFO - Processing file /opt/airflow/dags/netflix_dag.py for tasks to queue
[2026-09-08T04:34:57.586+0000] {logging_mixin.py:188} INFO - [2026-09-08T04:34:57.585+0000] {dagbag.py:545} INFO - Filling up the DagBag from /opt/airflow/dags/netflix_dag.py
[2026-09-08T04:34:57.625+0000] {processor.py:840} INFO - DAG(s) 'netflix_etl_pipeline' retrieved from /opt/airflow/dags/netflix_dag.py
[2026-09-08T04:34:57.709+0000] {logging_mixin.py:188} INFO - [2026-09-08T04:34:57.708+0000] {dag.py:3089} INFO - Sync 1 DAGs
[2026-09-08T04:34:57.762+0000] {logging_mixin.py:188} INFO - [2026-09-08T04:34:57.762+0000] {dag.py:3947} INFO - Setting next_dagrun for netflix_etl_pipeline to 2026-09-07 00:00:00+00:00, run_after=2026-09-08 00:00:00+00:00
[2026-09-08T04:34:57.795+0000] {processor.py:183} INFO - Processing /opt/airflow/dags/netflix_dag.py took 0.236 seconds
[2026-09-08T04:35:28.724+0000] {processor.py:161} INFO - Started process (PID=3093) to work on /opt/airflow/dags/netflix_dag.py
[2026-09-08T04:35:28.727+0000] {processor.py:830} INFO - Processing file /opt/airflow/dags/netflix_dag.py for tasks to queue
[2026-09-08T04:35:28.731+0000] {logging_mixin.py:188} INFO - [2026-09-08T04:35:28.731+0000] {dagbag.py:545} INFO - Filling up the DagBag from /opt/airflow/dags/netflix_dag.py
[2026-09-08T04:35:28.770+0000] {processor.py:840} INFO - DAG(s) 'netflix_etl_pipeline' retrieved from /opt/airflow/dags/netflix_dag.py
[2026-09-08T04:35:28.852+0000] {logging_mixin.py:188} INFO - [2026-09-08T04:35:28.852+0000] {dag.py:3089} INFO - Sync 1 DAGs
[2026-09-08T04:35:29.014+0000] {logging_mixin.py:188} INFO - [2026-09-08T04:35:29.013+0000] {dag.py:3947} INFO - Setting next_dagrun for netflix_etl_pipeline to 2026-09-07 00:00:00+00:00, run_after=2026-09-08 00:00:00+00:00
[2026-09-08T04:35:29.234+0000] {processor.py:183} INFO - Processing /opt/airflow/dags/netflix_dag.py took 0.524 seconds
[2026-09-08T04:36:00.429+0000] {processor.py:161} INFO - Started process (PID=3104) to work on /opt/airflow/dags/netflix_dag.py
[2026-09-08T04:36:00.435+0000] {processor.py:830} INFO - Processing file /opt/airflow/dags/netflix_dag.py for tasks to queue
[2026-09-08T04:36:00.463+0000] {logging_mixin.py:188} INFO - [2026-09-08T04:36:00.462+0000] {dagbag.py:545} INFO - Filling up the DagBag from /opt/airflow/dags/netflix_dag.py
[2026-09-08T04:36:00.549+0000] {processor.py:840} INFO - DAG(s) 'netflix_etl_pipeline' retrieved from /opt/airflow/dags/netflix_dag.py
[2026-09-08T04:36:00.744+0000] {logging_mixin.py:188} INFO - [2026-09-08T04:36:00.743+0000] {dag.py:3089} INFO - Sync 1 DAGs
[2026-09-08T04:36:00.948+0000] {logging_mixin.py:188} INFO - [2026-09-08T04:36:00.948+0000] {dag.py:3947} INFO - Setting next_dagrun for netflix_etl_pipeline to 2026-09-07 00:00:00+00:00, run_after=2026-09-08 00:00:00+00:00
[2026-09-08T04:36:01.157+0000] {processor.py:183} INFO - Processing /opt/airflow/dags/netflix_dag.py took 0.767 seconds
[2026-09-08T04:36:31.752+0000] {processor.py:161} INFO - Started process (PID=3115) to work on /opt/airflow/dags/netflix_dag.py
[2026-09-08T04:36:31.757+0000] {processor.py:830} INFO - Processing file /opt/airflow/dags/netflix_dag.py for tasks to queue
[2026-09-08T04:36:31.763+0000] {logging_mixin.py:188} INFO - [2026-09-08T04:36:31.762+0000] {dagbag.py:545} INFO - Filling up the DagBag from /opt/airflow/dags/netflix_dag.py
[2026-09-08T04:36:31.807+0000] {processor.py:840} INFO - DAG(s) 'netflix_etl_pipeline' retrieved from /opt/airflow/dags/netflix_dag.py
[2026-09-08T04:36:31.880+0000] {logging_mixin.py:188} INFO - [2026-09-08T04:36:31.879+0000] {dag.py:3089} INFO - Sync 1 DAGs
[2026-09-08T04:36:31.983+0000] {logging_mixin.py:188} INFO - [2026-09-08T04:36:31.983+0000] {dag.py:3947} INFO - Setting next_dagrun for netflix_etl_pipeline to 2026-09-07 00:00:00+00:00, run_after=2026-09-08 00:00:00+00:00
[2026-09-08T04:36:32.267+0000] {processor.py:183} INFO - Processing /opt/airflow/dags/netflix_dag.py took 0.537 seconds
[2026-09-08T04:37:03.837+0000] {processor.py:161} INFO - Started process (PID=3126) to work on /opt/airflow/dags/netflix_dag.py
[2026-09-08T04:37:03.871+0000] {processor.py:830} INFO - Processing file /opt/airflow/dags/netflix_dag.py for tasks to queue
[2026-09-08T04:37:03.939+0000] {logging_mixin.py:188} INFO - [2026-09-08T04:37:03.938+0000] {dagbag.py:545} INFO - Filling up the DagBag from /opt/airflow/dags/netflix_dag.py
[2026-09-08T04:37:04.197+0000] {processor.py:840} INFO - DAG(s) 'netflix_etl_pipeline' retrieved from /opt/airflow/dags/netflix_dag.py
[2026-09-08T04:37:04.344+0000] {logging_mixin.py:188} INFO - [2026-09-08T04:37:04.344+0000] {dag.py:3089} INFO - Sync 1 DAGs
[2026-09-08T04:37:04.435+0000] {logging_mixin.py:188} INFO - [2026-09-08T04:37:04.435+0000] {dag.py:3947} INFO - Setting next_dagrun for netflix_etl_pipeline to 2026-09-07 00:00:00+00:00, run_after=2026-09-08 00:00:00+00:00
[2026-09-08T04:37:04.489+0000] {processor.py:183} INFO - Processing /opt/airflow/dags/netflix_dag.py took 0.676 seconds
[2026-09-08T04:37:35.171+0000] {processor.py:161} INFO - Started process (PID=3137) to work on /opt/airflow/dags/netflix_dag.py
[2026-09-08T04:37:35.175+0000] {processor.py:830} INFO - Processing file /opt/airflow/dags/netflix_dag.py for tasks to queue
[2026-09-08T04:37:35.179+0000] {logging_mixin.py:188} INFO - [2026-09-08T04:37:35.178+0000] {dagbag.py:545} INFO - Filling up the DagBag from /opt/airflow/dags/netflix_dag.py
[2026-09-08T04:37:35.221+0000] {processor.py:840} INFO - DAG(s) 'netflix_etl_pipeline' retrieved from /opt/airflow/dags/netflix_dag.py
[2026-09-08T04:37:35.284+0000] {logging_mixin.py:188} INFO - [2026-09-08T04:37:35.284+0000] {dag.py:3089} INFO - Sync 1 DAGs
[2026-09-08T04:37:35.336+0000] {logging_mixin.py:188} INFO - [2026-09-08T04:37:35.335+0000] {dag.py:3947} INFO - Setting next_dagrun for netflix_etl_pipeline to 2026-09-07 00:00:00+00:00, run_after=2026-09-08 00:00:00+00:00
[2026-09-08T04:37:35.371+0000] {processor.py:183} INFO - Processing /opt/airflow/dags/netflix_dag.py took 0.226 seconds
[2026-09-08T04:38:05.720+0000] {processor.py:161} INFO - Started process (PID=3148) to work on /opt/airflow/dags/netflix_dag.py
[2026-09-08T04:38:05.728+0000] {processor.py:830} INFO - Processing file /opt/airflow/dags/netflix_dag.py for tasks to queue
[2026-09-08T04:38:05.737+0000] {logging_mixin.py:188} INFO - [2026-09-08T04:38:05.736+0000] {dagbag.py:545} INFO - Filling up the DagBag from /opt/airflow/dags/netflix_dag.py
[2026-09-08T04:38:05.805+0000] {processor.py:840} INFO - DAG(s) 'netflix_etl_pipeline' retrieved from /opt/airflow/dags/netflix_dag.py
[2026-09-08T04:38:05.978+0000] {logging_mixin.py:188} INFO - [2026-09-08T04:38:05.977+0000] {dag.py:3089} INFO - Sync 1 DAGs
[2026-09-08T04:38:06.133+0000] {logging_mixin.py:188} INFO - [2026-09-08T04:38:06.132+0000] {dag.py:3947} INFO - Setting next_dagrun for netflix_etl_pipeline to 2026-09-07 00:00:00+00:00, run_after=2026-09-08 00:00:00+00:00
[2026-09-08T04:38:06.296+0000] {processor.py:183} INFO - Processing /opt/airflow/dags/netflix_dag.py took 0.592 seconds
[2026-09-08T04:38:37.204+0000] {processor.py:161} INFO - Started process (PID=3159) to work on /opt/airflow/dags/netflix_dag.py
[2026-09-08T04:38:37.216+0000] {processor.py:830} INFO - Processing file /opt/airflow/dags/netflix_dag.py for tasks to queue
[2026-09-08T04:38:37.230+0000] {logging_mixin.py:188} INFO - [2026-09-08T04:38:37.229+0000] {dagbag.py:545} INFO - Filling up the DagBag from /opt/airflow/dags/netflix_dag.py
[2026-09-08T04:38:37.288+0000] {processor.py:840} INFO - DAG(s) 'netflix_etl_pipeline' retrieved from /opt/airflow/dags/netflix_dag.py
[2026-09-08T04:38:37.347+0000] {logging_mixin.py:188} INFO - [2026-09-08T04:38:37.346+0000] {dag.py:3089} INFO - Sync 1 DAGs
[2026-09-08T04:38:37.424+0000] {logging_mixin.py:188} INFO - [2026-09-08T04:38:37.423+0000] {dag.py:3947} INFO - Setting next_dagrun for netflix_etl_pipeline to 2026-09-07 00:00:00+00:00, run_after=2026-09-08 00:00:00+00:00
[2026-09-08T04:38:37.530+0000] {processor.py:183} INFO - Processing /opt/airflow/dags/netflix_dag.py took 0.355 seconds
[2026-09-08T04:39:08.347+0000] {processor.py:161} INFO - Started process (PID=3170) to work on /opt/airflow/dags/netflix_dag.py
[2026-09-08T04:39:08.348+0000] {processor.py:830} INFO - Processing file /opt/airflow/dags/netflix_dag.py for tasks to queue
[2026-09-08T04:39:08.353+0000] {logging_mixin.py:188} INFO - [2026-09-08T04:39:08.353+0000] {dagbag.py:545} INFO - Filling up the DagBag from /opt/airflow/dags/netflix_dag.py
[2026-09-08T04:39:08.597+0000] {processor.py:840} INFO - DAG(s) 'netflix_etl_pipeline' retrieved from /opt/airflow/dags/netflix_dag.py
[2026-09-08T04:39:08.822+0000] {logging_mixin.py:188} INFO - [2026-09-08T04:39:08.821+0000] {dag.py:3089} INFO - Sync 1 DAGs
[2026-09-08T04:39:08.972+0000] {logging_mixin.py:188} INFO - [2026-09-08T04:39:08.972+0000] {dag.py:3947} INFO - Setting next_dagrun for netflix_etl_pipeline to 2026-09-07 00:00:00+00:00, run_after=2026-09-08 00:00:00+00:00
[2026-09-08T04:39:09.085+0000] {processor.py:183} INFO - Processing /opt/airflow/dags/netflix_dag.py took 0.751 seconds
[2026-09-08T04:39:40.334+0000] {processor.py:161} INFO - Started process (PID=3181) to work on /opt/airflow/dags/netflix_dag.py
[2026-09-08T04:39:40.337+0000] {processor.py:830} INFO - Processing file /opt/airflow/dags/netflix_dag.py for tasks to queue
[2026-09-08T04:39:40.341+0000] {logging_mixin.py:188} INFO - [2026-09-08T04:39:40.341+0000] {dagbag.py:545} INFO - Filling up the DagBag from /opt/airflow/dags/netflix_dag.py
[2026-09-08T04:39:40.381+0000] {processor.py:840} INFO - DAG(s) 'netflix_etl_pipeline' retrieved from /opt/airflow/dags/netflix_dag.py
[2026-09-08T04:39:40.467+0000] {logging_mixin.py:188} INFO - [2026-09-08T04:39:40.466+0000] {dag.py:3089} INFO - Sync 1 DAGs
[2026-09-08T04:39:40.546+0000] {logging_mixin.py:188} INFO - [2026-09-08T04:39:40.546+0000] {dag.py:3947} INFO - Setting next_dagrun for netflix_etl_pipeline to 2026-09-07 00:00:00+00:00, run_after=2026-09-08 00:00:00+00:00
[2026-09-08T04:39:40.726+0000] {processor.py:183} INFO - Processing /opt/airflow/dags/netflix_dag.py took 0.412 seconds
[2026-09-08T04:40:11.591+0000] {processor.py:161} INFO - Started process (PID=3192) to work on /opt/airflow/dags/netflix_dag.py
[2026-09-08T04:40:11.593+0000] {processor.py:830} INFO - Processing file /opt/airflow/dags/netflix_dag.py for tasks to queue
[2026-09-08T04:40:11.596+0000] {logging_mixin.py:188} INFO - [2026-09-08T04:40:11.596+0000] {dagbag.py:545} INFO - Filling up the DagBag from /opt/airflow/dags/netflix_dag.py
[2026-09-08T04:40:11.623+0000] {processor.py:840} INFO - DAG(s) 'netflix_etl_pipeline' retrieved from /opt/airflow/dags/netflix_dag.py
[2026-09-08T04:40:11.662+0000] {logging_mixin.py:188} INFO - [2026-09-08T04:40:11.661+0000] {dag.py:3089} INFO - Sync 1 DAGs
[2026-09-08T04:40:11.693+0000] {logging_mixin.py:188} INFO - [2026-09-08T04:40:11.693+0000] {dag.py:3947} INFO - Setting next_dagrun for netflix_etl_pipeline to 2026-09-07 00:00:00+00:00, run_after=2026-09-08 00:00:00+00:00
[2026-09-08T04:40:11.720+0000] {processor.py:183} INFO - Processing /opt/airflow/dags/netflix_dag.py took 0.135 seconds
[2026-09-08T04:40:42.856+0000] {processor.py:161} INFO - Started process (PID=3203) to work on /opt/airflow/dags/netflix_dag.py
[2026-09-08T04:40:42.859+0000] {processor.py:830} INFO - Processing file /opt/airflow/dags/netflix_dag.py for tasks to queue
[2026-09-08T04:40:42.865+0000] {logging_mixin.py:188} INFO - [2026-09-08T04:40:42.864+0000] {dagbag.py:545} INFO - Filling up the DagBag from /opt/airflow/dags/netflix_dag.py
[2026-09-08T04:40:42.912+0000] {processor.py:840} INFO - DAG(s) 'netflix_etl_pipeline' retrieved from /opt/airflow/dags/netflix_dag.py
[2026-09-08T04:40:42.980+0000] {logging_mixin.py:188} INFO - [2026-09-08T04:40:42.980+0000] {dag.py:3089} INFO - Sync 1 DAGs
[2026-09-08T04:40:43.074+0000] {logging_mixin.py:188} INFO - [2026-09-08T04:40:43.073+0000] {dag.py:3947} INFO - Setting next_dagrun for netflix_etl_pipeline to 2026-09-07 00:00:00+00:00, run_after=2026-09-08 00:00:00+00:00
[2026-09-08T04:40:43.242+0000] {processor.py:183} INFO - Processing /opt/airflow/dags/netflix_dag.py took 0.412 seconds
[2026-09-08T04:41:14.225+0000] {processor.py:161} INFO - Started process (PID=3214) to work on /opt/airflow/dags/netflix_dag.py
[2026-09-08T04:41:14.249+0000] {processor.py:830} INFO - Processing file /opt/airflow/dags/netflix_dag.py for tasks to queue
[2026-09-08T04:41:14.268+0000] {logging_mixin.py:188} INFO - [2026-09-08T04:41:14.267+0000] {dagbag.py:545} INFO - Filling up the DagBag from /opt/airflow/dags/netflix_dag.py
[2026-09-08T04:41:14.772+0000] {processor.py:840} INFO - DAG(s) 'netflix_etl_pipeline' retrieved from /opt/airflow/dags/netflix_dag.py
[2026-09-08T04:41:14.872+0000] {logging_mixin.py:188} INFO - [2026-09-08T04:41:14.872+0000] {dag.py:3089} INFO - Sync 1 DAGs
[2026-09-08T04:41:14.938+0000] {logging_mixin.py:188} INFO - [2026-09-08T04:41:14.938+0000] {dag.py:3947} INFO - Setting next_dagrun for netflix_etl_pipeline to 2026-09-07 00:00:00+00:00, run_after=2026-09-08 00:00:00+00:00
[2026-09-08T04:41:15.114+0000] {processor.py:183} INFO - Processing /opt/airflow/dags/netflix_dag.py took 0.912 seconds
[2026-09-08T04:41:46.170+0000] {processor.py:161} INFO - Started process (PID=3225) to work on /opt/airflow/dags/netflix_dag.py
[2026-09-08T04:41:46.172+0000] {processor.py:830} INFO - Processing file /opt/airflow/dags/netflix_dag.py for tasks to queue
[2026-09-08T04:41:46.177+0000] {logging_mixin.py:188} INFO - [2026-09-08T04:41:46.176+0000] {dagbag.py:545} INFO - Filling up the DagBag from /opt/airflow/dags/netflix_dag.py
[2026-09-08T04:41:46.209+0000] {processor.py:840} INFO - DAG(s) 'netflix_etl_pipeline' retrieved from /opt/airflow/dags/netflix_dag.py
[2026-09-08T04:41:46.273+0000] {logging_mixin.py:188} INFO - [2026-09-08T04:41:46.272+0000] {dag.py:3089} INFO - Sync 1 DAGs
[2026-09-08T04:41:46.353+0000] {logging_mixin.py:188} INFO - [2026-09-08T04:41:46.353+0000] {dag.py:3947} INFO - Setting next_dagrun for netflix_etl_pipeline to 2026-09-07 00:00:00+00:00, run_after=2026-09-08 00:00:00+00:00
[2026-09-08T04:41:46.504+0000] {processor.py:183} INFO - Processing /opt/airflow/dags/netflix_dag.py took 0.347 seconds
[2026-09-08T04:42:16.668+0000] {processor.py:161} INFO - Started process (PID=3237) to work on /opt/airflow/dags/netflix_dag.py
[2026-09-08T04:42:16.670+0000] {processor.py:830} INFO - Processing file /opt/airflow/dags/netflix_dag.py for tasks to queue
[2026-09-08T04:42:16.673+0000] {logging_mixin.py:188} INFO - [2026-09-08T04:42:16.672+0000] {dagbag.py:545} INFO - Filling up the DagBag from /opt/airflow/dags/netflix_dag.py
[2026-09-08T04:42:16.699+0000] {processor.py:840} INFO - DAG(s) 'netflix_etl_pipeline' retrieved from /opt/airflow/dags/netflix_dag.py
[2026-09-08T04:42:16.739+0000] {logging_mixin.py:188} INFO - [2026-09-08T04:42:16.739+0000] {dag.py:3089} INFO - Sync 1 DAGs
[2026-09-08T04:42:16.766+0000] {logging_mixin.py:188} INFO - [2026-09-08T04:42:16.765+0000] {dag.py:3947} INFO - Setting next_dagrun for netflix_etl_pipeline to 2026-09-07 00:00:00+00:00, run_after=2026-09-08 00:00:00+00:00
[2026-09-08T04:42:16.792+0000] {processor.py:183} INFO - Processing /opt/airflow/dags/netflix_dag.py took 0.130 seconds
[2026-09-08T04:42:47.829+0000] {processor.py:161} INFO - Started process (PID=3248) to work on /opt/airflow/dags/netflix_dag.py
[2026-09-08T04:42:47.855+0000] {processor.py:830} INFO - Processing file /opt/airflow/dags/netflix_dag.py for tasks to queue
[2026-09-08T04:42:47.888+0000] {logging_mixin.py:188} INFO - [2026-09-08T04:42:47.887+0000] {dagbag.py:545} INFO - Filling up the DagBag from /opt/airflow/dags/netflix_dag.py
[2026-09-08T04:42:48.264+0000] {processor.py:840} INFO - DAG(s) 'netflix_etl_pipeline' retrieved from /opt/airflow/dags/netflix_dag.py
[2026-09-08T04:42:48.355+0000] {logging_mixin.py:188} INFO - [2026-09-08T04:42:48.354+0000] {dag.py:3089} INFO - Sync 1 DAGs
[2026-09-08T04:42:48.401+0000] {logging_mixin.py:188} INFO - [2026-09-08T04:42:48.400+0000] {dag.py:3947} INFO - Setting next_dagrun for netflix_etl_pipeline to 2026-09-07 00:00:00+00:00, run_after=2026-09-08 00:00:00+00:00
[2026-09-08T04:42:48.511+0000] {processor.py:183} INFO - Processing /opt/airflow/dags/netflix_dag.py took 0.719 seconds
[2026-09-08T04:43:19.558+0000] {processor.py:161} INFO - Started process (PID=3259) to work on /opt/airflow/dags/netflix_dag.py
[2026-09-08T04:43:19.569+0000] {processor.py:830} INFO - Processing file /opt/airflow/dags/netflix_dag.py for tasks to queue
[2026-09-08T04:43:19.604+0000] {logging_mixin.py:188} INFO - [2026-09-08T04:43:19.603+0000] {dagbag.py:545} INFO - Filling up the DagBag from /opt/airflow/dags/netflix_dag.py
[2026-09-08T04:43:19.724+0000] {processor.py:840} INFO - DAG(s) 'netflix_etl_pipeline' retrieved from /opt/airflow/dags/netflix_dag.py
[2026-09-08T04:43:19.943+0000] {logging_mixin.py:188} INFO - [2026-09-08T04:43:19.942+0000] {dag.py:3089} INFO - Sync 1 DAGs
[2026-09-08T04:43:20.036+0000] {logging_mixin.py:188} INFO - [2026-09-08T04:43:20.036+0000] {dag.py:3947} INFO - Setting next_dagrun for netflix_etl_pipeline to 2026-09-07 00:00:00+00:00, run_after=2026-09-08 00:00:00+00:00
[2026-09-08T04:43:20.536+0000] {processor.py:183} INFO - Processing /opt/airflow/dags/netflix_dag.py took 1.026 seconds
[2026-09-08T04:43:51.974+0000] {processor.py:161} INFO - Started process (PID=3270) to work on /opt/airflow/dags/netflix_dag.py
[2026-09-08T04:43:51.986+0000] {processor.py:830} INFO - Processing file /opt/airflow/dags/netflix_dag.py for tasks to queue
[2026-09-08T04:43:52.021+0000] {logging_mixin.py:188} INFO - [2026-09-08T04:43:52.020+0000] {dagbag.py:545} INFO - Filling up the DagBag from /opt/airflow/dags/netflix_dag.py
[2026-09-08T04:43:52.270+0000] {processor.py:840} INFO - DAG(s) 'netflix_etl_pipeline' retrieved from /opt/airflow/dags/netflix_dag.py
[2026-09-08T04:43:52.435+0000] {logging_mixin.py:188} INFO - [2026-09-08T04:43:52.434+0000] {dag.py:3089} INFO - Sync 1 DAGs
[2026-09-08T04:43:52.689+0000] {logging_mixin.py:188} INFO - [2026-09-08T04:43:52.688+0000] {dag.py:3947} INFO - Setting next_dagrun for netflix_etl_pipeline to 2026-09-07 00:00:00+00:00, run_after=2026-09-08 00:00:00+00:00
[2026-09-08T04:43:52.917+0000] {processor.py:183} INFO - Processing /opt/airflow/dags/netflix_dag.py took 0.965 seconds
[2026-09-08T04:44:23.475+0000] {processor.py:161} INFO - Started process (PID=3281) to work on /opt/airflow/dags/netflix_dag.py
[2026-09-08T04:44:23.478+0000] {processor.py:830} INFO - Processing file /opt/airflow/dags/netflix_dag.py for tasks to queue
[2026-09-08T04:44:23.483+0000] {logging_mixin.py:188} INFO - [2026-09-08T04:44:23.482+0000] {dagbag.py:545} INFO - Filling up the DagBag from /opt/airflow/dags/netflix_dag.py
[2026-09-08T04:44:23.518+0000] {processor.py:840} INFO - DAG(s) 'netflix_etl_pipeline' retrieved from /opt/airflow/dags/netflix_dag.py
[2026-09-08T04:44:23.632+0000] {logging_mixin.py:188} INFO - [2026-09-08T04:44:23.631+0000] {dag.py:3089} INFO - Sync 1 DAGs
[2026-09-08T04:44:23.762+0000] {logging_mixin.py:188} INFO - [2026-09-08T04:44:23.761+0000] {dag.py:3947} INFO - Setting next_dagrun for netflix_etl_pipeline to 2026-09-07 00:00:00+00:00, run_after=2026-09-08 00:00:00+00:00
[2026-09-08T04:44:23.955+0000] {processor.py:183} INFO - Processing /opt/airflow/dags/netflix_dag.py took 0.495 seconds
[2026-09-08T04:44:56.494+0000] {processor.py:161} INFO - Started process (PID=3292) to work on /opt/airflow/dags/netflix_dag.py
[2026-09-08T04:44:56.497+0000] {processor.py:830} INFO - Processing file /opt/airflow/dags/netflix_dag.py for tasks to queue
[2026-09-08T04:44:56.503+0000] {logging_mixin.py:188} INFO - [2026-09-08T04:44:56.502+0000] {dagbag.py:545} INFO - Filling up the DagBag from /opt/airflow/dags/netflix_dag.py
[2026-09-08T04:44:56.569+0000] {processor.py:840} INFO - DAG(s) 'netflix_etl_pipeline' retrieved from /opt/airflow/dags/netflix_dag.py
[2026-09-08T04:44:56.663+0000] {logging_mixin.py:188} INFO - [2026-09-08T04:44:56.662+0000] {dag.py:3089} INFO - Sync 1 DAGs
[2026-09-08T04:44:56.865+0000] {logging_mixin.py:188} INFO - [2026-09-08T04:44:56.864+0000] {dag.py:3947} INFO - Setting next_dagrun for netflix_etl_pipeline to 2026-09-07 00:00:00+00:00, run_after=2026-09-08 00:00:00+00:00
[2026-09-08T04:44:57.026+0000] {processor.py:183} INFO - Processing /opt/airflow/dags/netflix_dag.py took 0.558 seconds
[2026-09-08T04:45:27.720+0000] {processor.py:161} INFO - Started process (PID=3303) to work on /opt/airflow/dags/netflix_dag.py
[2026-09-08T04:45:27.722+0000] {processor.py:830} INFO - Processing file /opt/airflow/dags/netflix_dag.py for tasks to queue
[2026-09-08T04:45:27.727+0000] {logging_mixin.py:188} INFO - [2026-09-08T04:45:27.726+0000] {dagbag.py:545} INFO - Filling up the DagBag from /opt/airflow/dags/netflix_dag.py
[2026-09-08T04:45:27.764+0000] {processor.py:840} INFO - DAG(s) 'netflix_etl_pipeline' retrieved from /opt/airflow/dags/netflix_dag.py
[2026-09-08T04:45:27.875+0000] {logging_mixin.py:188} INFO - [2026-09-08T04:45:27.874+0000] {dag.py:3089} INFO - Sync 1 DAGs
[2026-09-08T04:45:28.011+0000] {logging_mixin.py:188} INFO - [2026-09-08T04:45:28.010+0000] {dag.py:3947} INFO - Setting next_dagrun for netflix_etl_pipeline to 2026-09-07 00:00:00+00:00, run_after=2026-09-08 00:00:00+00:00
[2026-09-08T04:45:28.211+0000] {processor.py:183} INFO - Processing /opt/airflow/dags/netflix_dag.py took 0.509 seconds
[2026-09-08T04:45:58.822+0000] {processor.py:161} INFO - Started process (PID=3314) to work on /opt/airflow/dags/netflix_dag.py
[2026-09-08T04:45:58.825+0000] {processor.py:830} INFO - Processing file /opt/airflow/dags/netflix_dag.py for tasks to queue
[2026-09-08T04:45:58.832+0000] {logging_mixin.py:188} INFO - [2026-09-08T04:45:58.831+0000] {dagbag.py:545} INFO - Filling up the DagBag from /opt/airflow/dags/netflix_dag.py
[2026-09-08T04:45:58.873+0000] {processor.py:840} INFO - DAG(s) 'netflix_etl_pipeline' retrieved from /opt/airflow/dags/netflix_dag.py
[2026-09-08T04:45:58.928+0000] {logging_mixin.py:188} INFO - [2026-09-08T04:45:58.928+0000] {dag.py:3089} INFO - Sync 1 DAGs
[2026-09-08T04:45:58.971+0000] {logging_mixin.py:188} INFO - [2026-09-08T04:45:58.970+0000] {dag.py:3947} INFO - Setting next_dagrun for netflix_etl_pipeline to 2026-09-07 00:00:00+00:00, run_after=2026-09-08 00:00:00+00:00
[2026-09-08T04:45:59.054+0000] {processor.py:183} INFO - Processing /opt/airflow/dags/netflix_dag.py took 0.249 seconds
[2026-09-08T04:46:30.188+0000] {processor.py:161} INFO - Started process (PID=3325) to work on /opt/airflow/dags/netflix_dag.py
[2026-09-08T04:46:30.192+0000] {processor.py:830} INFO - Processing file /opt/airflow/dags/netflix_dag.py for tasks to queue
[2026-09-08T04:46:30.197+0000] {logging_mixin.py:188} INFO - [2026-09-08T04:46:30.196+0000] {dagbag.py:545} INFO - Filling up the DagBag from /opt/airflow/dags/netflix_dag.py
[2026-09-08T04:46:30.240+0000] {processor.py:840} INFO - DAG(s) 'netflix_etl_pipeline' retrieved from /opt/airflow/dags/netflix_dag.py
[2026-09-08T04:46:30.302+0000] {logging_mixin.py:188} INFO - [2026-09-08T04:46:30.301+0000] {dag.py:3089} INFO - Sync 1 DAGs
[2026-09-08T04:46:30.341+0000] {logging_mixin.py:188} INFO - [2026-09-08T04:46:30.341+0000] {dag.py:3947} INFO - Setting next_dagrun for netflix_etl_pipeline to 2026-09-07 00:00:00+00:00, run_after=2026-09-08 00:00:00+00:00
[2026-09-08T04:46:30.397+0000] {processor.py:183} INFO - Processing /opt/airflow/dags/netflix_dag.py took 0.231 seconds
[2026-09-08T04:47:00.579+0000] {processor.py:161} INFO - Started process (PID=3337) to work on /opt/airflow/dags/netflix_dag.py
[2026-09-08T04:47:00.581+0000] {processor.py:830} INFO - Processing file /opt/airflow/dags/netflix_dag.py for tasks to queue
[2026-09-08T04:47:00.584+0000] {logging_mixin.py:188} INFO - [2026-09-08T04:47:00.584+0000] {dagbag.py:545} INFO - Filling up the DagBag from /opt/airflow/dags/netflix_dag.py
[2026-09-08T04:47:00.609+0000] {processor.py:840} INFO - DAG(s) 'netflix_etl_pipeline' retrieved from /opt/airflow/dags/netflix_dag.py
[2026-09-08T04:47:00.666+0000] {logging_mixin.py:188} INFO - [2026-09-08T04:47:00.666+0000] {dag.py:3089} INFO - Sync 1 DAGs
[2026-09-08T04:47:00.707+0000] {logging_mixin.py:188} INFO - [2026-09-08T04:47:00.707+0000] {dag.py:3947} INFO - Setting next_dagrun for netflix_etl_pipeline to 2026-09-07 00:00:00+00:00, run_after=2026-09-08 00:00:00+00:00
[2026-09-08T04:47:00.740+0000] {processor.py:183} INFO - Processing /opt/airflow/dags/netflix_dag.py took 0.169 seconds
[2026-09-08T04:47:31.689+0000] {processor.py:161} INFO - Started process (PID=3348) to work on /opt/airflow/dags/netflix_dag.py
[2026-09-08T04:47:31.698+0000] {processor.py:830} INFO - Processing file /opt/airflow/dags/netflix_dag.py for tasks to queue
[2026-09-08T04:47:31.708+0000] {logging_mixin.py:188} INFO - [2026-09-08T04:47:31.707+0000] {dagbag.py:545} INFO - Filling up the DagBag from /opt/airflow/dags/netflix_dag.py
[2026-09-08T04:47:31.781+0000] {processor.py:840} INFO - DAG(s) 'netflix_etl_pipeline' retrieved from /opt/airflow/dags/netflix_dag.py
[2026-09-08T04:47:31.894+0000] {logging_mixin.py:188} INFO - [2026-09-08T04:47:31.893+0000] {dag.py:3089} INFO - Sync 1 DAGs
[2026-09-08T04:47:31.962+0000] {logging_mixin.py:188} INFO - [2026-09-08T04:47:31.961+0000] {dag.py:3947} INFO - Setting next_dagrun for netflix_etl_pipeline to 2026-09-07 00:00:00+00:00, run_after=2026-09-08 00:00:00+00:00
[2026-09-08T04:47:32.082+0000] {processor.py:183} INFO - Processing /opt/airflow/dags/netflix_dag.py took 0.429 seconds
[2026-09-08T04:48:03.120+0000] {processor.py:161} INFO - Started process (PID=3365) to work on /opt/airflow/dags/netflix_dag.py
[2026-09-08T04:48:03.123+0000] {processor.py:830} INFO - Processing file /opt/airflow/dags/netflix_dag.py for tasks to queue
[2026-09-08T04:48:03.138+0000] {logging_mixin.py:188} INFO - [2026-09-08T04:48:03.137+0000] {dagbag.py:545} INFO - Filling up the DagBag from /opt/airflow/dags/netflix_dag.py
[2026-09-08T04:48:03.203+0000] {processor.py:840} INFO - DAG(s) 'netflix_etl_pipeline' retrieved from /opt/airflow/dags/netflix_dag.py
[2026-09-08T04:48:03.368+0000] {logging_mixin.py:188} INFO - [2026-09-08T04:48:03.357+0000] {dag.py:3089} INFO - Sync 1 DAGs
[2026-09-08T04:48:03.534+0000] {logging_mixin.py:188} INFO - [2026-09-08T04:48:03.534+0000] {dag.py:3947} INFO - Setting next_dagrun for netflix_etl_pipeline to 2026-09-07 00:00:00+00:00, run_after=2026-09-08 00:00:00+00:00
[2026-09-08T04:48:03.811+0000] {processor.py:183} INFO - Processing /opt/airflow/dags/netflix_dag.py took 0.716 seconds
[2026-09-08T04:48:34.871+0000] {processor.py:161} INFO - Started process (PID=3376) to work on /opt/airflow/dags/netflix_dag.py
[2026-09-08T04:48:34.873+0000] {processor.py:830} INFO - Processing file /opt/airflow/dags/netflix_dag.py for tasks to queue
[2026-09-08T04:48:34.879+0000] {logging_mixin.py:188} INFO - [2026-09-08T04:48:34.878+0000] {dagbag.py:545} INFO - Filling up the DagBag from /opt/airflow/dags/netflix_dag.py
[2026-09-08T04:48:34.921+0000] {processor.py:840} INFO - DAG(s) 'netflix_etl_pipeline' retrieved from /opt/airflow/dags/netflix_dag.py
[2026-09-08T04:48:34.973+0000] {logging_mixin.py:188} INFO - [2026-09-08T04:48:34.973+0000] {dag.py:3089} INFO - Sync 1 DAGs
[2026-09-08T04:48:35.011+0000] {logging_mixin.py:188} INFO - [2026-09-08T04:48:35.010+0000] {dag.py:3947} INFO - Setting next_dagrun for netflix_etl_pipeline to 2026-09-07 00:00:00+00:00, run_after=2026-09-08 00:00:00+00:00
[2026-09-08T04:48:35.110+0000] {processor.py:183} INFO - Processing /opt/airflow/dags/netflix_dag.py took 0.258 seconds
[2026-09-08T04:49:06.763+0000] {processor.py:161} INFO - Started process (PID=3387) to work on /opt/airflow/dags/netflix_dag.py
[2026-09-08T04:49:06.805+0000] {processor.py:830} INFO - Processing file /opt/airflow/dags/netflix_dag.py for tasks to queue
[2026-09-08T04:49:06.850+0000] {logging_mixin.py:188} INFO - [2026-09-08T04:49:06.847+0000] {dagbag.py:545} INFO - Filling up the DagBag from /opt/airflow/dags/netflix_dag.py
[2026-09-08T04:49:07.357+0000] {processor.py:840} INFO - DAG(s) 'netflix_etl_pipeline' retrieved from /opt/airflow/dags/netflix_dag.py
[2026-09-08T04:49:07.435+0000] {logging_mixin.py:188} INFO - [2026-09-08T04:49:07.434+0000] {dag.py:3089} INFO - Sync 1 DAGs
[2026-09-08T04:49:07.553+0000] {logging_mixin.py:188} INFO - [2026-09-08T04:49:07.552+0000] {dag.py:3947} INFO - Setting next_dagrun for netflix_etl_pipeline to 2026-09-07 00:00:00+00:00, run_after=2026-09-08 00:00:00+00:00
[2026-09-08T04:49:07.759+0000] {processor.py:183} INFO - Processing /opt/airflow/dags/netflix_dag.py took 1.039 seconds
[2026-09-08T04:49:39.236+0000] {processor.py:161} INFO - Started process (PID=3398) to work on /opt/airflow/dags/netflix_dag.py
[2026-09-08T04:49:39.253+0000] {processor.py:830} INFO - Processing file /opt/airflow/dags/netflix_dag.py for tasks to queue
[2026-09-08T04:49:39.288+0000] {logging_mixin.py:188} INFO - [2026-09-08T04:49:39.287+0000] {dagbag.py:545} INFO - Filling up the DagBag from /opt/airflow/dags/netflix_dag.py
[2026-09-08T04:49:39.715+0000] {processor.py:840} INFO - DAG(s) 'netflix_etl_pipeline' retrieved from /opt/airflow/dags/netflix_dag.py
[2026-09-08T04:49:39.827+0000] {logging_mixin.py:188} INFO - [2026-09-08T04:49:39.827+0000] {dag.py:3089} INFO - Sync 1 DAGs
[2026-09-08T04:49:39.870+0000] {logging_mixin.py:188} INFO - [2026-09-08T04:49:39.870+0000] {dag.py:3947} INFO - Setting next_dagrun for netflix_etl_pipeline to 2026-09-07 00:00:00+00:00, run_after=2026-09-08 00:00:00+00:00
[2026-09-08T04:49:39.922+0000] {processor.py:183} INFO - Processing /opt/airflow/dags/netflix_dag.py took 0.710 seconds
[2026-09-08T04:50:11.019+0000] {processor.py:161} INFO - Started process (PID=3409) to work on /opt/airflow/dags/netflix_dag.py
[2026-09-08T04:50:11.057+0000] {processor.py:830} INFO - Processing file /opt/airflow/dags/netflix_dag.py for tasks to queue
[2026-09-08T04:50:11.099+0000] {logging_mixin.py:188} INFO - [2026-09-08T04:50:11.098+0000] {dagbag.py:545} INFO - Filling up the DagBag from /opt/airflow/dags/netflix_dag.py
[2026-09-08T04:50:11.562+0000] {processor.py:840} INFO - DAG(s) 'netflix_etl_pipeline' retrieved from /opt/airflow/dags/netflix_dag.py
[2026-09-08T04:50:11.669+0000] {logging_mixin.py:188} INFO - [2026-09-08T04:50:11.669+0000] {dag.py:3089} INFO - Sync 1 DAGs
[2026-09-08T04:50:11.722+0000] {logging_mixin.py:188} INFO - [2026-09-08T04:50:11.721+0000] {dag.py:3947} INFO - Setting next_dagrun for netflix_etl_pipeline to 2026-09-07 00:00:00+00:00, run_after=2026-09-08 00:00:00+00:00
[2026-09-08T04:50:11.871+0000] {processor.py:183} INFO - Processing /opt/airflow/dags/netflix_dag.py took 0.879 seconds
[2026-09-08T04:50:43.537+0000] {processor.py:161} INFO - Started process (PID=3421) to work on /opt/airflow/dags/netflix_dag.py
[2026-09-08T04:50:43.573+0000] {processor.py:830} INFO - Processing file /opt/airflow/dags/netflix_dag.py for tasks to queue
[2026-09-08T04:50:43.615+0000] {logging_mixin.py:188} INFO - [2026-09-08T04:50:43.614+0000] {dagbag.py:545} INFO - Filling up the DagBag from /opt/airflow/dags/netflix_dag.py
[2026-09-08T04:50:43.856+0000] {processor.py:840} INFO - DAG(s) 'netflix_etl_pipeline' retrieved from /opt/airflow/dags/netflix_dag.py
[2026-09-08T04:50:43.978+0000] {logging_mixin.py:188} INFO - [2026-09-08T04:50:43.977+0000] {dag.py:3089} INFO - Sync 1 DAGs
[2026-09-08T04:50:44.025+0000] {logging_mixin.py:188} INFO - [2026-09-08T04:50:44.025+0000] {dag.py:3947} INFO - Setting next_dagrun for netflix_etl_pipeline to 2026-09-07 00:00:00+00:00, run_after=2026-09-08 00:00:00+00:00
[2026-09-08T04:50:44.077+0000] {processor.py:183} INFO - Processing /opt/airflow/dags/netflix_dag.py took 0.595 seconds
[2026-09-08T04:51:15.176+0000] {processor.py:161} INFO - Started process (PID=3432) to work on /opt/airflow/dags/netflix_dag.py
[2026-09-08T04:51:15.212+0000] {processor.py:830} INFO - Processing file /opt/airflow/dags/netflix_dag.py for tasks to queue
[2026-09-08T04:51:15.245+0000] {logging_mixin.py:188} INFO - [2026-09-08T04:51:15.244+0000] {dagbag.py:545} INFO - Filling up the DagBag from /opt/airflow/dags/netflix_dag.py
[2026-09-08T04:51:16.004+0000] {processor.py:840} INFO - DAG(s) 'netflix_etl_pipeline' retrieved from /opt/airflow/dags/netflix_dag.py
[2026-09-08T04:51:16.194+0000] {logging_mixin.py:188} INFO - [2026-09-08T04:51:16.193+0000] {dag.py:3089} INFO - Sync 1 DAGs
[2026-09-08T04:51:16.347+0000] {logging_mixin.py:188} INFO - [2026-09-08T04:51:16.346+0000] {dag.py:3947} INFO - Setting next_dagrun for netflix_etl_pipeline to 2026-09-07 00:00:00+00:00, run_after=2026-09-08 00:00:00+00:00
[2026-09-08T04:51:16.453+0000] {processor.py:183} INFO - Processing /opt/airflow/dags/netflix_dag.py took 1.312 seconds
[2026-09-08T04:51:46.640+0000] {processor.py:161} INFO - Started process (PID=3443) to work on /opt/airflow/dags/netflix_dag.py
[2026-09-08T04:51:46.642+0000] {processor.py:830} INFO - Processing file /opt/airflow/dags/netflix_dag.py for tasks to queue
[2026-09-08T04:51:46.645+0000] {logging_mixin.py:188} INFO - [2026-09-08T04:51:46.644+0000] {dagbag.py:545} INFO - Filling up the DagBag from /opt/airflow/dags/netflix_dag.py
[2026-09-08T04:51:46.672+0000] {processor.py:840} INFO - DAG(s) 'netflix_etl_pipeline' retrieved from /opt/airflow/dags/netflix_dag.py
[2026-09-08T04:51:46.717+0000] {logging_mixin.py:188} INFO - [2026-09-08T04:51:46.717+0000] {dag.py:3089} INFO - Sync 1 DAGs
[2026-09-08T04:51:46.746+0000] {logging_mixin.py:188} INFO - [2026-09-08T04:51:46.745+0000] {dag.py:3947} INFO - Setting next_dagrun for netflix_etl_pipeline to 2026-09-07 00:00:00+00:00, run_after=2026-09-08 00:00:00+00:00
[2026-09-08T04:51:46.774+0000] {processor.py:183} INFO - Processing /opt/airflow/dags/netflix_dag.py took 0.141 seconds
[2026-09-08T04:52:18.440+0000] {processor.py:161} INFO - Started process (PID=3454) to work on /opt/airflow/dags/netflix_dag.py
[2026-09-08T04:52:18.465+0000] {processor.py:830} INFO - Processing file /opt/airflow/dags/netflix_dag.py for tasks to queue
[2026-09-08T04:52:18.503+0000] {logging_mixin.py:188} INFO - [2026-09-08T04:52:18.502+0000] {dagbag.py:545} INFO - Filling up the DagBag from /opt/airflow/dags/netflix_dag.py
[2026-09-08T04:52:18.648+0000] {processor.py:840} INFO - DAG(s) 'netflix_etl_pipeline' retrieved from /opt/airflow/dags/netflix_dag.py
[2026-09-08T04:52:18.710+0000] {logging_mixin.py:188} INFO - [2026-09-08T04:52:18.709+0000] {dag.py:3089} INFO - Sync 1 DAGs
[2026-09-08T04:52:18.749+0000] {logging_mixin.py:188} INFO - [2026-09-08T04:52:18.749+0000] {dag.py:3947} INFO - Setting next_dagrun for netflix_etl_pipeline to 2026-09-07 00:00:00+00:00, run_after=2026-09-08 00:00:00+00:00
[2026-09-08T04:52:18.779+0000] {processor.py:183} INFO - Processing /opt/airflow/dags/netflix_dag.py took 0.360 seconds
[2026-09-08T04:52:49.881+0000] {processor.py:161} INFO - Started process (PID=3465) to work on /opt/airflow/dags/netflix_dag.py
[2026-09-08T04:52:49.919+0000] {processor.py:830} INFO - Processing file /opt/airflow/dags/netflix_dag.py for tasks to queue
[2026-09-08T04:52:49.957+0000] {logging_mixin.py:188} INFO - [2026-09-08T04:52:49.956+0000] {dagbag.py:545} INFO - Filling up the DagBag from /opt/airflow/dags/netflix_dag.py
[2026-09-08T04:52:50.255+0000] {processor.py:840} INFO - DAG(s) 'netflix_etl_pipeline' retrieved from /opt/airflow/dags/netflix_dag.py
[2026-09-08T04:52:50.327+0000] {logging_mixin.py:188} INFO - [2026-09-08T04:52:50.326+0000] {dag.py:3089} INFO - Sync 1 DAGs
[2026-09-08T04:52:50.366+0000] {logging_mixin.py:188} INFO - [2026-09-08T04:52:50.366+0000] {dag.py:3947} INFO - Setting next_dagrun for netflix_etl_pipeline to 2026-09-07 00:00:00+00:00, run_after=2026-09-08 00:00:00+00:00
[2026-09-08T04:52:50.560+0000] {processor.py:183} INFO - Processing /opt/airflow/dags/netflix_dag.py took 0.714 seconds
[2026-09-08T04:53:22.369+0000] {processor.py:161} INFO - Started process (PID=3476) to work on /opt/airflow/dags/netflix_dag.py
[2026-09-08T04:53:22.448+0000] {processor.py:830} INFO - Processing file /opt/airflow/dags/netflix_dag.py for tasks to queue
[2026-09-08T04:53:22.452+0000] {logging_mixin.py:188} INFO - [2026-09-08T04:53:22.451+0000] {dagbag.py:545} INFO - Filling up the DagBag from /opt/airflow/dags/netflix_dag.py
[2026-09-08T04:53:23.044+0000] {processor.py:840} INFO - DAG(s) 'netflix_etl_pipeline' retrieved from /opt/airflow/dags/netflix_dag.py
[2026-09-08T04:53:23.205+0000] {logging_mixin.py:188} INFO - [2026-09-08T04:53:23.205+0000] {dag.py:3089} INFO - Sync 1 DAGs
[2026-09-08T04:53:23.333+0000] {logging_mixin.py:188} INFO - [2026-09-08T04:53:23.332+0000] {dag.py:3947} INFO - Setting next_dagrun for netflix_etl_pipeline to 2026-09-07 00:00:00+00:00, run_after=2026-09-08 00:00:00+00:00
[2026-09-08T04:53:23.459+0000] {processor.py:183} INFO - Processing /opt/airflow/dags/netflix_dag.py took 1.096 seconds
[2026-09-08T04:53:54.004+0000] {processor.py:161} INFO - Started process (PID=3487) to work on /opt/airflow/dags/netflix_dag.py
[2026-09-08T04:53:54.030+0000] {processor.py:830} INFO - Processing file /opt/airflow/dags/netflix_dag.py for tasks to queue
[2026-09-08T04:53:54.062+0000] {logging_mixin.py:188} INFO - [2026-09-08T04:53:54.062+0000] {dagbag.py:545} INFO - Filling up the DagBag from /opt/airflow/dags/netflix_dag.py
[2026-09-08T04:53:54.785+0000] {processor.py:840} INFO - DAG(s) 'netflix_etl_pipeline' retrieved from /opt/airflow/dags/netflix_dag.py
[2026-09-08T04:53:54.985+0000] {logging_mixin.py:188} INFO - [2026-09-08T04:53:54.984+0000] {dag.py:3089} INFO - Sync 1 DAGs
[2026-09-08T04:53:55.149+0000] {logging_mixin.py:188} INFO - [2026-09-08T04:53:55.149+0000] {dag.py:3947} INFO - Setting next_dagrun for netflix_etl_pipeline to 2026-09-07 00:00:00+00:00, run_after=2026-09-08 00:00:00+00:00
[2026-09-08T04:53:55.305+0000] {processor.py:183} INFO - Processing /opt/airflow/dags/netflix_dag.py took 1.324 seconds
[2026-09-08T04:54:25.449+0000] {processor.py:161} INFO - Started process (PID=3498) to work on /opt/airflow/dags/netflix_dag.py
[2026-09-08T04:54:25.451+0000] {processor.py:830} INFO - Processing file /opt/airflow/dags/netflix_dag.py for tasks to queue
[2026-09-08T04:54:25.455+0000] {logging_mixin.py:188} INFO - [2026-09-08T04:54:25.455+0000] {dagbag.py:545} INFO - Filling up the DagBag from /opt/airflow/dags/netflix_dag.py
[2026-09-08T04:54:25.485+0000] {processor.py:840} INFO - DAG(s) 'netflix_etl_pipeline' retrieved from /opt/airflow/dags/netflix_dag.py
[2026-09-08T04:54:25.529+0000] {logging_mixin.py:188} INFO - [2026-09-08T04:54:25.529+0000] {dag.py:3089} INFO - Sync 1 DAGs
[2026-09-08T04:54:25.563+0000] {logging_mixin.py:188} INFO - [2026-09-08T04:54:25.562+0000] {dag.py:3947} INFO - Setting next_dagrun for netflix_etl_pipeline to 2026-09-07 00:00:00+00:00, run_after=2026-09-08 00:00:00+00:00
[2026-09-08T04:54:25.589+0000] {processor.py:183} INFO - Processing /opt/airflow/dags/netflix_dag.py took 0.148 seconds
[2026-09-08T04:54:56.696+0000] {processor.py:161} INFO - Started process (PID=3509) to work on /opt/airflow/dags/netflix_dag.py
[2026-09-08T04:54:56.698+0000] {processor.py:830} INFO - Processing file /opt/airflow/dags/netflix_dag.py for tasks to queue
[2026-09-08T04:54:56.703+0000] {logging_mixin.py:188} INFO - [2026-09-08T04:54:56.703+0000] {dagbag.py:545} INFO - Filling up the DagBag from /opt/airflow/dags/netflix_dag.py
[2026-09-08T04:54:56.736+0000] {processor.py:840} INFO - DAG(s) 'netflix_etl_pipeline' retrieved from /opt/airflow/dags/netflix_dag.py
[2026-09-08T04:54:56.803+0000] {logging_mixin.py:188} INFO - [2026-09-08T04:54:56.803+0000] {dag.py:3089} INFO - Sync 1 DAGs
[2026-09-08T04:54:56.876+0000] {logging_mixin.py:188} INFO - [2026-09-08T04:54:56.876+0000] {dag.py:3947} INFO - Setting next_dagrun for netflix_etl_pipeline to 2026-09-07 00:00:00+00:00, run_after=2026-09-08 00:00:00+00:00
[2026-09-08T04:54:57.070+0000] {processor.py:183} INFO - Processing /opt/airflow/dags/netflix_dag.py took 0.391 seconds
[2026-09-08T04:55:27.699+0000] {processor.py:161} INFO - Started process (PID=3520) to work on /opt/airflow/dags/netflix_dag.py
[2026-09-08T04:55:27.702+0000] {processor.py:830} INFO - Processing file /opt/airflow/dags/netflix_dag.py for tasks to queue
[2026-09-08T04:55:27.706+0000] {logging_mixin.py:188} INFO - [2026-09-08T04:55:27.705+0000] {dagbag.py:545} INFO - Filling up the DagBag from /opt/airflow/dags/netflix_dag.py
[2026-09-08T04:55:27.741+0000] {processor.py:840} INFO - DAG(s) 'netflix_etl_pipeline' retrieved from /opt/airflow/dags/netflix_dag.py
[2026-09-08T04:55:27.804+0000] {logging_mixin.py:188} INFO - [2026-09-08T04:55:27.803+0000] {dag.py:3089} INFO - Sync 1 DAGs
[2026-09-08T04:55:27.885+0000] {logging_mixin.py:188} INFO - [2026-09-08T04:55:27.885+0000] {dag.py:3947} INFO - Setting next_dagrun for netflix_etl_pipeline to 2026-09-07 00:00:00+00:00, run_after=2026-09-08 00:00:00+00:00
[2026-09-08T04:55:28.059+0000] {processor.py:183} INFO - Processing /opt/airflow/dags/netflix_dag.py took 0.377 seconds
[2026-09-08T04:55:58.494+0000] {processor.py:161} INFO - Started process (PID=3531) to work on /opt/airflow/dags/netflix_dag.py
[2026-09-08T04:55:58.496+0000] {processor.py:830} INFO - Processing file /opt/airflow/dags/netflix_dag.py for tasks to queue
[2026-09-08T04:55:58.500+0000] {logging_mixin.py:188} INFO - [2026-09-08T04:55:58.500+0000] {dagbag.py:545} INFO - Filling up the DagBag from /opt/airflow/dags/netflix_dag.py
[2026-09-08T04:55:58.531+0000] {processor.py:840} INFO - DAG(s) 'netflix_etl_pipeline' retrieved from /opt/airflow/dags/netflix_dag.py
[2026-09-08T04:55:58.585+0000] {logging_mixin.py:188} INFO - [2026-09-08T04:55:58.585+0000] {dag.py:3089} INFO - Sync 1 DAGs
[2026-09-08T04:55:58.620+0000] {logging_mixin.py:188} INFO - [2026-09-08T04:55:58.620+0000] {dag.py:3947} INFO - Setting next_dagrun for netflix_etl_pipeline to 2026-09-07 00:00:00+00:00, run_after=2026-09-08 00:00:00+00:00
[2026-09-08T04:55:59.439+0000] {processor.py:183} INFO - Processing /opt/airflow/dags/netflix_dag.py took 0.959 seconds
[2026-09-08T04:56:29.820+0000] {processor.py:161} INFO - Started process (PID=3542) to work on /opt/airflow/dags/netflix_dag.py
[2026-09-08T04:56:29.822+0000] {processor.py:830} INFO - Processing file /opt/airflow/dags/netflix_dag.py for tasks to queue
[2026-09-08T04:56:29.825+0000] {logging_mixin.py:188} INFO - [2026-09-08T04:56:29.824+0000] {dagbag.py:545} INFO - Filling up the DagBag from /opt/airflow/dags/netflix_dag.py
[2026-09-08T04:56:29.852+0000] {processor.py:840} INFO - DAG(s) 'netflix_etl_pipeline' retrieved from /opt/airflow/dags/netflix_dag.py
[2026-09-08T04:56:29.893+0000] {logging_mixin.py:188} INFO - [2026-09-08T04:56:29.893+0000] {dag.py:3089} INFO - Sync 1 DAGs
[2026-09-08T04:56:29.924+0000] {logging_mixin.py:188} INFO - [2026-09-08T04:56:29.924+0000] {dag.py:3947} INFO - Setting next_dagrun for netflix_etl_pipeline to 2026-09-07 00:00:00+00:00, run_after=2026-09-08 00:00:00+00:00
[2026-09-08T04:56:29.949+0000] {processor.py:183} INFO - Processing /opt/airflow/dags/netflix_dag.py took 0.135 seconds
[2026-09-08T04:57:00.720+0000] {processor.py:161} INFO - Started process (PID=3553) to work on /opt/airflow/dags/netflix_dag.py
[2026-09-08T04:57:00.724+0000] {processor.py:830} INFO - Processing file /opt/airflow/dags/netflix_dag.py for tasks to queue
[2026-09-08T04:57:00.731+0000] {logging_mixin.py:188} INFO - [2026-09-08T04:57:00.730+0000] {dagbag.py:545} INFO - Filling up the DagBag from /opt/airflow/dags/netflix_dag.py
[2026-09-08T04:57:00.780+0000] {processor.py:840} INFO - DAG(s) 'netflix_etl_pipeline' retrieved from /opt/airflow/dags/netflix_dag.py
[2026-09-08T04:57:00.877+0000] {logging_mixin.py:188} INFO - [2026-09-08T04:57:00.877+0000] {dag.py:3089} INFO - Sync 1 DAGs
[2026-09-08T04:57:00.978+0000] {logging_mixin.py:188} INFO - [2026-09-08T04:57:00.978+0000] {dag.py:3947} INFO - Setting next_dagrun for netflix_etl_pipeline to 2026-09-07 00:00:00+00:00, run_after=2026-09-08 00:00:00+00:00
[2026-09-08T04:57:01.123+0000] {processor.py:183} INFO - Processing /opt/airflow/dags/netflix_dag.py took 0.429 seconds
[2026-09-08T04:57:32.026+0000] {processor.py:161} INFO - Started process (PID=3564) to work on /opt/airflow/dags/netflix_dag.py
[2026-09-08T04:57:32.028+0000] {processor.py:830} INFO - Processing file /opt/airflow/dags/netflix_dag.py for tasks to queue
[2026-09-08T04:57:32.033+0000] {logging_mixin.py:188} INFO - [2026-09-08T04:57:32.033+0000] {dagbag.py:545} INFO - Filling up the DagBag from /opt/airflow/dags/netflix_dag.py
[2026-09-08T04:57:32.075+0000] {processor.py:840} INFO - DAG(s) 'netflix_etl_pipeline' retrieved from /opt/airflow/dags/netflix_dag.py
[2026-09-08T04:57:32.141+0000] {logging_mixin.py:188} INFO - [2026-09-08T04:57:32.140+0000] {dag.py:3089} INFO - Sync 1 DAGs
[2026-09-08T04:57:32.286+0000] {logging_mixin.py:188} INFO - [2026-09-08T04:57:32.285+0000] {dag.py:3947} INFO - Setting next_dagrun for netflix_etl_pipeline to 2026-09-07 00:00:00+00:00, run_after=2026-09-08 00:00:00+00:00
[2026-09-08T04:57:32.444+0000] {processor.py:183} INFO - Processing /opt/airflow/dags/netflix_dag.py took 0.438 seconds
[2026-09-08T04:58:03.112+0000] {processor.py:161} INFO - Started process (PID=3575) to work on /opt/airflow/dags/netflix_dag.py
[2026-09-08T04:58:03.114+0000] {processor.py:830} INFO - Processing file /opt/airflow/dags/netflix_dag.py for tasks to queue
[2026-09-08T04:58:03.119+0000] {logging_mixin.py:188} INFO - [2026-09-08T04:58:03.118+0000] {dagbag.py:545} INFO - Filling up the DagBag from /opt/airflow/dags/netflix_dag.py
[2026-09-08T04:58:03.154+0000] {processor.py:840} INFO - DAG(s) 'netflix_etl_pipeline' retrieved from /opt/airflow/dags/netflix_dag.py
[2026-09-08T04:58:03.230+0000] {logging_mixin.py:188} INFO - [2026-09-08T04:58:03.229+0000] {dag.py:3089} INFO - Sync 1 DAGs
[2026-09-08T04:58:03.379+0000] {logging_mixin.py:188} INFO - [2026-09-08T04:58:03.378+0000] {dag.py:3947} INFO - Setting next_dagrun for netflix_etl_pipeline to 2026-09-07 00:00:00+00:00, run_after=2026-09-08 00:00:00+00:00
[2026-09-08T04:58:03.567+0000] {processor.py:183} INFO - Processing /opt/airflow/dags/netflix_dag.py took 0.470 seconds
[2026-09-08T04:58:33.705+0000] {processor.py:161} INFO - Started process (PID=3586) to work on /opt/airflow/dags/netflix_dag.py
[2026-09-08T04:58:33.707+0000] {processor.py:830} INFO - Processing file /opt/airflow/dags/netflix_dag.py for tasks to queue
[2026-09-08T04:58:33.710+0000] {logging_mixin.py:188} INFO - [2026-09-08T04:58:33.710+0000] {dagbag.py:545} INFO - Filling up the DagBag from /opt/airflow/dags/netflix_dag.py
[2026-09-08T04:58:33.735+0000] {processor.py:840} INFO - DAG(s) 'netflix_etl_pipeline' retrieved from /opt/airflow/dags/netflix_dag.py
[2026-09-08T04:58:33.777+0000] {logging_mixin.py:188} INFO - [2026-09-08T04:58:33.777+0000] {dag.py:3089} INFO - Sync 1 DAGs
[2026-09-08T04:58:33.806+0000] {logging_mixin.py:188} INFO - [2026-09-08T04:58:33.806+0000] {dag.py:3947} INFO - Setting next_dagrun for netflix_etl_pipeline to 2026-09-07 00:00:00+00:00, run_after=2026-09-08 00:00:00+00:00
[2026-09-08T04:58:33.830+0000] {processor.py:183} INFO - Processing /opt/airflow/dags/netflix_dag.py took 0.133 seconds
[2026-09-08T04:59:04.600+0000] {processor.py:161} INFO - Started process (PID=3597) to work on /opt/airflow/dags/netflix_dag.py
[2026-09-08T04:59:04.603+0000] {processor.py:830} INFO - Processing file /opt/airflow/dags/netflix_dag.py for tasks to queue
[2026-09-08T04:59:04.609+0000] {logging_mixin.py:188} INFO - [2026-09-08T04:59:04.608+0000] {dagbag.py:545} INFO - Filling up the DagBag from /opt/airflow/dags/netflix_dag.py
[2026-09-08T04:59:04.648+0000] {processor.py:840} INFO - DAG(s) 'netflix_etl_pipeline' retrieved from /opt/airflow/dags/netflix_dag.py
[2026-09-08T04:59:04.722+0000] {logging_mixin.py:188} INFO - [2026-09-08T04:59:04.722+0000] {dag.py:3089} INFO - Sync 1 DAGs
[2026-09-08T04:59:04.760+0000] {logging_mixin.py:188} INFO - [2026-09-08T04:59:04.760+0000] {dag.py:3947} INFO - Setting next_dagrun for netflix_etl_pipeline to 2026-09-07 00:00:00+00:00, run_after=2026-09-08 00:00:00+00:00
[2026-09-08T04:59:04.921+0000] {processor.py:183} INFO - Processing /opt/airflow/dags/netflix_dag.py took 0.339 seconds
[2026-09-08T04:59:35.433+0000] {processor.py:161} INFO - Started process (PID=3608) to work on /opt/airflow/dags/netflix_dag.py
[2026-09-08T04:59:35.435+0000] {processor.py:830} INFO - Processing file /opt/airflow/dags/netflix_dag.py for tasks to queue
[2026-09-08T04:59:35.439+0000] {logging_mixin.py:188} INFO - [2026-09-08T04:59:35.439+0000] {dagbag.py:545} INFO - Filling up the DagBag from /opt/airflow/dags/netflix_dag.py
[2026-09-08T04:59:35.474+0000] {processor.py:840} INFO - DAG(s) 'netflix_etl_pipeline' retrieved from /opt/airflow/dags/netflix_dag.py
[2026-09-08T04:59:35.526+0000] {logging_mixin.py:188} INFO - [2026-09-08T04:59:35.526+0000] {dag.py:3089} INFO - Sync 1 DAGs
[2026-09-08T04:59:35.645+0000] {logging_mixin.py:188} INFO - [2026-09-08T04:59:35.644+0000] {dag.py:3947} INFO - Setting next_dagrun for netflix_etl_pipeline to 2026-09-07 00:00:00+00:00, run_after=2026-09-08 00:00:00+00:00
[2026-09-08T04:59:35.755+0000] {processor.py:183} INFO - Processing /opt/airflow/dags/netflix_dag.py took 0.335 seconds
[2026-09-08T05:00:06.312+0000] {processor.py:161} INFO - Started process (PID=3619) to work on /opt/airflow/dags/netflix_dag.py
[2026-09-08T05:00:06.316+0000] {processor.py:830} INFO - Processing file /opt/airflow/dags/netflix_dag.py for tasks to queue
[2026-09-08T05:00:06.322+0000] {logging_mixin.py:188} INFO - [2026-09-08T05:00:06.321+0000] {dagbag.py:545} INFO - Filling up the DagBag from /opt/airflow/dags/netflix_dag.py
[2026-09-08T05:00:06.383+0000] {processor.py:840} INFO - DAG(s) 'netflix_etl_pipeline' retrieved from /opt/airflow/dags/netflix_dag.py
[2026-09-08T05:00:06.454+0000] {logging_mixin.py:188} INFO - [2026-09-08T05:00:06.454+0000] {dag.py:3089} INFO - Sync 1 DAGs
[2026-09-08T05:00:06.548+0000] {logging_mixin.py:188} INFO - [2026-09-08T05:00:06.548+0000] {dag.py:3947} INFO - Setting next_dagrun for netflix_etl_pipeline to 2026-09-07 00:00:00+00:00, run_after=2026-09-08 00:00:00+00:00
[2026-09-08T05:00:06.705+0000] {processor.py:183} INFO - Processing /opt/airflow/dags/netflix_dag.py took 0.409 seconds
[2026-09-08T05:00:37.562+0000] {processor.py:161} INFO - Started process (PID=3630) to work on /opt/airflow/dags/netflix_dag.py
[2026-09-08T05:00:37.602+0000] {processor.py:830} INFO - Processing file /opt/airflow/dags/netflix_dag.py for tasks to queue
[2026-09-08T05:00:37.635+0000] {logging_mixin.py:188} INFO - [2026-09-08T05:00:37.634+0000] {dagbag.py:545} INFO - Filling up the DagBag from /opt/airflow/dags/netflix_dag.py
[2026-09-08T05:00:37.928+0000] {processor.py:840} INFO - DAG(s) 'netflix_etl_pipeline' retrieved from /opt/airflow/dags/netflix_dag.py
[2026-09-08T05:00:38.001+0000] {logging_mixin.py:188} INFO - [2026-09-08T05:00:38.001+0000] {dag.py:3089} INFO - Sync 1 DAGs
[2026-09-08T05:00:38.035+0000] {logging_mixin.py:188} INFO - [2026-09-08T05:00:38.035+0000] {dag.py:3947} INFO - Setting next_dagrun for netflix_etl_pipeline to 2026-09-07 00:00:00+00:00, run_after=2026-09-08 00:00:00+00:00
[2026-09-08T05:00:38.102+0000] {processor.py:183} INFO - Processing /opt/airflow/dags/netflix_dag.py took 0.561 seconds
[2026-09-08T05:01:09.230+0000] {processor.py:161} INFO - Started process (PID=3641) to work on /opt/airflow/dags/netflix_dag.py
[2026-09-08T05:01:09.233+0000] {processor.py:830} INFO - Processing file /opt/airflow/dags/netflix_dag.py for tasks to queue
[2026-09-08T05:01:09.262+0000] {logging_mixin.py:188} INFO - [2026-09-08T05:01:09.256+0000] {dagbag.py:545} INFO - Filling up the DagBag from /opt/airflow/dags/netflix_dag.py
[2026-09-08T05:01:09.441+0000] {processor.py:840} INFO - DAG(s) 'netflix_etl_pipeline' retrieved from /opt/airflow/dags/netflix_dag.py
[2026-09-08T05:01:09.746+0000] {logging_mixin.py:188} INFO - [2026-09-08T05:01:09.745+0000] {dag.py:3089} INFO - Sync 1 DAGs
[2026-09-08T05:01:09.893+0000] {logging_mixin.py:188} INFO - [2026-09-08T05:01:09.893+0000] {dag.py:3947} INFO - Setting next_dagrun for netflix_etl_pipeline to 2026-09-07 00:00:00+00:00, run_after=2026-09-08 00:00:00+00:00
[2026-09-08T05:01:10.057+0000] {processor.py:183} INFO - Processing /opt/airflow/dags/netflix_dag.py took 0.850 seconds
[2026-09-08T05:01:40.472+0000] {processor.py:161} INFO - Started process (PID=3652) to work on /opt/airflow/dags/netflix_dag.py
[2026-09-08T05:01:40.503+0000] {processor.py:830} INFO - Processing file /opt/airflow/dags/netflix_dag.py for tasks to queue
[2026-09-08T05:01:40.536+0000] {logging_mixin.py:188} INFO - [2026-09-08T05:01:40.535+0000] {dagbag.py:545} INFO - Filling up the DagBag from /opt/airflow/dags/netflix_dag.py
[2026-09-08T05:01:41.279+0000] {processor.py:840} INFO - DAG(s) 'netflix_etl_pipeline' retrieved from /opt/airflow/dags/netflix_dag.py
[2026-09-08T05:01:41.490+0000] {logging_mixin.py:188} INFO - [2026-09-08T05:01:41.490+0000] {dag.py:3089} INFO - Sync 1 DAGs
[2026-09-08T05:01:41.651+0000] {logging_mixin.py:188} INFO - [2026-09-08T05:01:41.650+0000] {dag.py:3947} INFO - Setting next_dagrun for netflix_etl_pipeline to 2026-09-07 00:00:00+00:00, run_after=2026-09-08 00:00:00+00:00
[2026-09-08T05:01:41.711+0000] {processor.py:183} INFO - Processing /opt/airflow/dags/netflix_dag.py took 1.269 seconds
[2026-09-08T05:02:12.837+0000] {processor.py:161} INFO - Started process (PID=3663) to work on /opt/airflow/dags/netflix_dag.py
[2026-09-08T05:02:12.839+0000] {processor.py:830} INFO - Processing file /opt/airflow/dags/netflix_dag.py for tasks to queue
[2026-09-08T05:02:12.844+0000] {logging_mixin.py:188} INFO - [2026-09-08T05:02:12.843+0000] {dagbag.py:545} INFO - Filling up the DagBag from /opt/airflow/dags/netflix_dag.py
[2026-09-08T05:02:12.891+0000] {processor.py:840} INFO - DAG(s) 'netflix_etl_pipeline' retrieved from /opt/airflow/dags/netflix_dag.py
[2026-09-08T05:02:12.961+0000] {logging_mixin.py:188} INFO - [2026-09-08T05:02:12.961+0000] {dag.py:3089} INFO - Sync 1 DAGs
[2026-09-08T05:02:13.013+0000] {logging_mixin.py:188} INFO - [2026-09-08T05:02:13.013+0000] {dag.py:3947} INFO - Setting next_dagrun for netflix_etl_pipeline to 2026-09-07 00:00:00+00:00, run_after=2026-09-08 00:00:00+00:00
[2026-09-08T05:02:13.173+0000] {processor.py:183} INFO - Processing /opt/airflow/dags/netflix_dag.py took 0.354 seconds
[2026-09-08T05:02:44.559+0000] {processor.py:161} INFO - Started process (PID=3674) to work on /opt/airflow/dags/netflix_dag.py
[2026-09-08T05:02:44.563+0000] {processor.py:830} INFO - Processing file /opt/airflow/dags/netflix_dag.py for tasks to queue
[2026-09-08T05:02:44.569+0000] {logging_mixin.py:188} INFO - [2026-09-08T05:02:44.568+0000] {dagbag.py:545} INFO - Filling up the DagBag from /opt/airflow/dags/netflix_dag.py
[2026-09-08T05:02:44.610+0000] {processor.py:840} INFO - DAG(s) 'netflix_etl_pipeline' retrieved from /opt/airflow/dags/netflix_dag.py
[2026-09-08T05:02:44.671+0000] {logging_mixin.py:188} INFO - [2026-09-08T05:02:44.670+0000] {dag.py:3089} INFO - Sync 1 DAGs
[2026-09-08T05:02:44.767+0000] {logging_mixin.py:188} INFO - [2026-09-08T05:02:44.766+0000] {dag.py:3947} INFO - Setting next_dagrun for netflix_etl_pipeline to 2026-09-07 00:00:00+00:00, run_after=2026-09-08 00:00:00+00:00
[2026-09-08T05:02:44.926+0000] {processor.py:183} INFO - Processing /opt/airflow/dags/netflix_dag.py took 0.383 seconds
[2026-09-08T05:03:15.833+0000] {processor.py:161} INFO - Started process (PID=3685) to work on /opt/airflow/dags/netflix_dag.py
[2026-09-08T05:03:15.836+0000] {processor.py:830} INFO - Processing file /opt/airflow/dags/netflix_dag.py for tasks to queue
[2026-09-08T05:03:15.841+0000] {logging_mixin.py:188} INFO - [2026-09-08T05:03:15.840+0000] {dagbag.py:545} INFO - Filling up the DagBag from /opt/airflow/dags/netflix_dag.py
[2026-09-08T05:03:15.882+0000] {processor.py:840} INFO - DAG(s) 'netflix_etl_pipeline' retrieved from /opt/airflow/dags/netflix_dag.py
[2026-09-08T05:03:15.962+0000] {logging_mixin.py:188} INFO - [2026-09-08T05:03:15.961+0000] {dag.py:3089} INFO - Sync 1 DAGs
[2026-09-08T05:03:16.056+0000] {logging_mixin.py:188} INFO - [2026-09-08T05:03:16.056+0000] {dag.py:3947} INFO - Setting next_dagrun for netflix_etl_pipeline to 2026-09-07 00:00:00+00:00, run_after=2026-09-08 00:00:00+00:00
[2026-09-08T05:03:16.287+0000] {processor.py:183} INFO - Processing /opt/airflow/dags/netflix_dag.py took 0.467 seconds
[2026-09-08T05:03:46.546+0000] {processor.py:161} INFO - Started process (PID=3696) to work on /opt/airflow/dags/netflix_dag.py
[2026-09-08T05:03:46.549+0000] {processor.py:830} INFO - Processing file /opt/airflow/dags/netflix_dag.py for tasks to queue
[2026-09-08T05:03:46.554+0000] {logging_mixin.py:188} INFO - [2026-09-08T05:03:46.553+0000] {dagbag.py:545} INFO - Filling up the DagBag from /opt/airflow/dags/netflix_dag.py
[2026-09-08T05:03:47.044+0000] {processor.py:840} INFO - DAG(s) 'netflix_etl_pipeline' retrieved from /opt/airflow/dags/netflix_dag.py
[2026-09-08T05:03:47.254+0000] {logging_mixin.py:188} INFO - [2026-09-08T05:03:47.254+0000] {dag.py:3089} INFO - Sync 1 DAGs
[2026-09-08T05:03:47.413+0000] {logging_mixin.py:188} INFO - [2026-09-08T05:03:47.413+0000] {dag.py:3947} INFO - Setting next_dagrun for netflix_etl_pipeline to 2026-09-07 00:00:00+00:00, run_after=2026-09-08 00:00:00+00:00
[2026-09-08T05:03:47.586+0000] {processor.py:183} INFO - Processing /opt/airflow/dags/netflix_dag.py took 1.047 seconds
[2026-09-08T05:04:18.415+0000] {processor.py:161} INFO - Started process (PID=3707) to work on /opt/airflow/dags/netflix_dag.py
[2026-09-08T05:04:18.417+0000] {processor.py:830} INFO - Processing file /opt/airflow/dags/netflix_dag.py for tasks to queue
[2026-09-08T05:04:18.425+0000] {logging_mixin.py:188} INFO - [2026-09-08T05:04:18.424+0000] {dagbag.py:545} INFO - Filling up the DagBag from /opt/airflow/dags/netflix_dag.py
[2026-09-08T05:04:18.467+0000] {processor.py:840} INFO - DAG(s) 'netflix_etl_pipeline' retrieved from /opt/airflow/dags/netflix_dag.py
[2026-09-08T05:04:18.538+0000] {logging_mixin.py:188} INFO - [2026-09-08T05:04:18.538+0000] {dag.py:3089} INFO - Sync 1 DAGs
[2026-09-08T05:04:18.585+0000] {logging_mixin.py:188} INFO - [2026-09-08T05:04:18.585+0000] {dag.py:3947} INFO - Setting next_dagrun for netflix_etl_pipeline to 2026-09-07 00:00:00+00:00, run_after=2026-09-08 00:00:00+00:00
[2026-09-08T05:04:18.620+0000] {processor.py:183} INFO - Processing /opt/airflow/dags/netflix_dag.py took 0.223 seconds
[2026-09-08T05:04:49.843+0000] {processor.py:161} INFO - Started process (PID=3718) to work on /opt/airflow/dags/netflix_dag.py
[2026-09-08T05:04:49.847+0000] {processor.py:830} INFO - Processing file /opt/airflow/dags/netflix_dag.py for tasks to queue
[2026-09-08T05:04:49.854+0000] {logging_mixin.py:188} INFO - [2026-09-08T05:04:49.852+0000] {dagbag.py:545} INFO - Filling up the DagBag from /opt/airflow/dags/netflix_dag.py
[2026-09-08T05:04:49.891+0000] {processor.py:840} INFO - DAG(s) 'netflix_etl_pipeline' retrieved from /opt/airflow/dags/netflix_dag.py
[2026-09-08T05:04:49.975+0000] {logging_mixin.py:188} INFO - [2026-09-08T05:04:49.975+0000] {dag.py:3089} INFO - Sync 1 DAGs
[2026-09-08T05:04:50.159+0000] {logging_mixin.py:188} INFO - [2026-09-08T05:04:50.159+0000] {dag.py:3947} INFO - Setting next_dagrun for netflix_etl_pipeline to 2026-09-07 00:00:00+00:00, run_after=2026-09-08 00:00:00+00:00
[2026-09-08T05:04:50.278+0000] {processor.py:183} INFO - Processing /opt/airflow/dags/netflix_dag.py took 0.452 seconds
[2026-09-08T05:05:20.757+0000] {processor.py:161} INFO - Started process (PID=3729) to work on /opt/airflow/dags/netflix_dag.py
[2026-09-08T05:05:20.759+0000] {processor.py:830} INFO - Processing file /opt/airflow/dags/netflix_dag.py for tasks to queue
[2026-09-08T05:05:20.762+0000] {logging_mixin.py:188} INFO - [2026-09-08T05:05:20.762+0000] {dagbag.py:545} INFO - Filling up the DagBag from /opt/airflow/dags/netflix_dag.py
[2026-09-08T05:05:20.795+0000] {processor.py:840} INFO - DAG(s) 'netflix_etl_pipeline' retrieved from /opt/airflow/dags/netflix_dag.py
[2026-09-08T05:05:20.856+0000] {logging_mixin.py:188} INFO - [2026-09-08T05:05:20.855+0000] {dag.py:3089} INFO - Sync 1 DAGs
[2026-09-08T05:05:20.893+0000] {logging_mixin.py:188} INFO - [2026-09-08T05:05:20.893+0000] {dag.py:3947} INFO - Setting next_dagrun for netflix_etl_pipeline to 2026-09-07 00:00:00+00:00, run_after=2026-09-08 00:00:00+00:00
[2026-09-08T05:05:20.927+0000] {processor.py:183} INFO - Processing /opt/airflow/dags/netflix_dag.py took 0.179 seconds
[2026-09-08T05:05:51.045+0000] {processor.py:161} INFO - Started process (PID=3740) to work on /opt/airflow/dags/netflix_dag.py
[2026-09-08T05:05:51.047+0000] {processor.py:830} INFO - Processing file /opt/airflow/dags/netflix_dag.py for tasks to queue
[2026-09-08T05:05:51.051+0000] {logging_mixin.py:188} INFO - [2026-09-08T05:05:51.050+0000] {dagbag.py:545} INFO - Filling up the DagBag from /opt/airflow/dags/netflix_dag.py
[2026-09-08T05:05:51.083+0000] {processor.py:840} INFO - DAG(s) 'netflix_etl_pipeline' retrieved from /opt/airflow/dags/netflix_dag.py
[2026-09-08T05:05:51.261+0000] {logging_mixin.py:188} INFO - [2026-09-08T05:05:51.260+0000] {dag.py:3089} INFO - Sync 1 DAGs
[2026-09-08T05:05:51.421+0000] {logging_mixin.py:188} INFO - [2026-09-08T05:05:51.421+0000] {dag.py:3947} INFO - Setting next_dagrun for netflix_etl_pipeline to 2026-09-07 00:00:00+00:00, run_after=2026-09-08 00:00:00+00:00
[2026-09-08T05:05:51.674+0000] {processor.py:183} INFO - Processing /opt/airflow/dags/netflix_dag.py took 0.641 seconds
[2026-09-08T05:06:23.106+0000] {processor.py:161} INFO - Started process (PID=3751) to work on /opt/airflow/dags/netflix_dag.py
[2026-09-08T05:06:23.109+0000] {processor.py:830} INFO - Processing file /opt/airflow/dags/netflix_dag.py for tasks to queue
[2026-09-08T05:06:23.114+0000] {logging_mixin.py:188} INFO - [2026-09-08T05:06:23.113+0000] {dagbag.py:545} INFO - Filling up the DagBag from /opt/airflow/dags/netflix_dag.py
[2026-09-08T05:06:23.167+0000] {processor.py:840} INFO - DAG(s) 'netflix_etl_pipeline' retrieved from /opt/airflow/dags/netflix_dag.py
[2026-09-08T05:06:23.492+0000] {logging_mixin.py:188} INFO - [2026-09-08T05:06:23.492+0000] {dag.py:3089} INFO - Sync 1 DAGs
[2026-09-08T05:06:23.699+0000] {logging_mixin.py:188} INFO - [2026-09-08T05:06:23.699+0000] {dag.py:3947} INFO - Setting next_dagrun for netflix_etl_pipeline to 2026-09-07 00:00:00+00:00, run_after=2026-09-08 00:00:00+00:00
[2026-09-08T05:06:25.191+0000] {processor.py:183} INFO - Processing /opt/airflow/dags/netflix_dag.py took 2.100 seconds
[2026-09-08T05:06:56.522+0000] {processor.py:161} INFO - Started process (PID=3768) to work on /opt/airflow/dags/netflix_dag.py
[2026-09-08T05:06:56.525+0000] {processor.py:830} INFO - Processing file /opt/airflow/dags/netflix_dag.py for tasks to queue
[2026-09-08T05:06:56.531+0000] {logging_mixin.py:188} INFO - [2026-09-08T05:06:56.530+0000] {dagbag.py:545} INFO - Filling up the DagBag from /opt/airflow/dags/netflix_dag.py
[2026-09-08T05:06:56.565+0000] {processor.py:840} INFO - DAG(s) 'netflix_etl_pipeline' retrieved from /opt/airflow/dags/netflix_dag.py
[2026-09-08T05:06:56.624+0000] {logging_mixin.py:188} INFO - [2026-09-08T05:06:56.624+0000] {dag.py:3089} INFO - Sync 1 DAGs
[2026-09-08T05:06:56.658+0000] {logging_mixin.py:188} INFO - [2026-09-08T05:06:56.658+0000] {dag.py:3947} INFO - Setting next_dagrun for netflix_etl_pipeline to 2026-09-07 00:00:00+00:00, run_after=2026-09-08 00:00:00+00:00
[2026-09-08T05:06:58.795+0000] {processor.py:183} INFO - Processing /opt/airflow/dags/netflix_dag.py took 2.288 seconds
[2026-09-08T05:07:30.059+0000] {processor.py:161} INFO - Started process (PID=3779) to work on /opt/airflow/dags/netflix_dag.py
[2026-09-08T05:07:30.082+0000] {processor.py:830} INFO - Processing file /opt/airflow/dags/netflix_dag.py for tasks to queue
[2026-09-08T05:07:30.113+0000] {logging_mixin.py:188} INFO - [2026-09-08T05:07:30.112+0000] {dagbag.py:545} INFO - Filling up the DagBag from /opt/airflow/dags/netflix_dag.py
[2026-09-08T05:07:30.180+0000] {processor.py:840} INFO - DAG(s) 'netflix_etl_pipeline' retrieved from /opt/airflow/dags/netflix_dag.py
[2026-09-08T05:07:30.244+0000] {logging_mixin.py:188} INFO - [2026-09-08T05:07:30.243+0000] {dag.py:3089} INFO - Sync 1 DAGs
[2026-09-08T05:07:30.281+0000] {logging_mixin.py:188} INFO - [2026-09-08T05:07:30.280+0000] {dag.py:3947} INFO - Setting next_dagrun for netflix_etl_pipeline to 2026-09-07 00:00:00+00:00, run_after=2026-09-08 00:00:00+00:00
[2026-09-08T05:07:30.446+0000] {processor.py:183} INFO - Processing /opt/airflow/dags/netflix_dag.py took 0.411 seconds
[2026-09-08T05:08:01.458+0000] {processor.py:161} INFO - Started process (PID=3790) to work on /opt/airflow/dags/netflix_dag.py
[2026-09-08T05:08:01.461+0000] {processor.py:830} INFO - Processing file /opt/airflow/dags/netflix_dag.py for tasks to queue
[2026-09-08T05:08:01.465+0000] {logging_mixin.py:188} INFO - [2026-09-08T05:08:01.465+0000] {dagbag.py:545} INFO - Filling up the DagBag from /opt/airflow/dags/netflix_dag.py
[2026-09-08T05:08:01.506+0000] {processor.py:840} INFO - DAG(s) 'netflix_etl_pipeline' retrieved from /opt/airflow/dags/netflix_dag.py
[2026-09-08T05:08:01.578+0000] {logging_mixin.py:188} INFO - [2026-09-08T05:08:01.577+0000] {dag.py:3089} INFO - Sync 1 DAGs
[2026-09-08T05:08:01.617+0000] {logging_mixin.py:188} INFO - [2026-09-08T05:08:01.617+0000] {dag.py:3947} INFO - Setting next_dagrun for netflix_etl_pipeline to 2026-09-07 00:00:00+00:00, run_after=2026-09-08 00:00:00+00:00
[2026-09-08T05:08:01.649+0000] {processor.py:183} INFO - Processing /opt/airflow/dags/netflix_dag.py took 0.217 seconds
[2026-09-08T05:08:33.172+0000] {processor.py:161} INFO - Started process (PID=3801) to work on /opt/airflow/dags/netflix_dag.py
[2026-09-08T05:08:33.196+0000] {processor.py:830} INFO - Processing file /opt/airflow/dags/netflix_dag.py for tasks to queue
[2026-09-08T05:08:33.232+0000] {logging_mixin.py:188} INFO - [2026-09-08T05:08:33.231+0000] {dagbag.py:545} INFO - Filling up the DagBag from /opt/airflow/dags/netflix_dag.py
[2026-09-08T05:08:33.903+0000] {processor.py:840} INFO - DAG(s) 'netflix_etl_pipeline' retrieved from /opt/airflow/dags/netflix_dag.py
[2026-09-08T05:08:34.574+0000] {logging_mixin.py:188} INFO - [2026-09-08T05:08:34.573+0000] {dag.py:3089} INFO - Sync 1 DAGs
[2026-09-08T05:08:34.744+0000] {logging_mixin.py:188} INFO - [2026-09-08T05:08:34.743+0000] {dag.py:3947} INFO - Setting next_dagrun for netflix_etl_pipeline to 2026-09-07 00:00:00+00:00, run_after=2026-09-08 00:00:00+00:00
[2026-09-08T05:08:34.894+0000] {processor.py:183} INFO - Processing /opt/airflow/dags/netflix_dag.py took 1.746 seconds
[2026-09-08T05:09:07.920+0000] {processor.py:161} INFO - Started process (PID=3812) to work on /opt/airflow/dags/netflix_dag.py
[2026-09-08T05:09:07.949+0000] {processor.py:830} INFO - Processing file /opt/airflow/dags/netflix_dag.py for tasks to queue
[2026-09-08T05:09:08.016+0000] {logging_mixin.py:188} INFO - [2026-09-08T05:09:08.016+0000] {dagbag.py:545} INFO - Filling up the DagBag from /opt/airflow/dags/netflix_dag.py
[2026-09-08T05:09:09.838+0000] {processor.py:840} INFO - DAG(s) 'netflix_etl_pipeline' retrieved from /opt/airflow/dags/netflix_dag.py
[2026-09-08T05:09:10.008+0000] {logging_mixin.py:188} INFO - [2026-09-08T05:09:10.007+0000] {dag.py:3089} INFO - Sync 1 DAGs
[2026-09-08T05:09:10.147+0000] {logging_mixin.py:188} INFO - [2026-09-08T05:09:10.147+0000] {dag.py:3947} INFO - Setting next_dagrun for netflix_etl_pipeline to 2026-09-07 00:00:00+00:00, run_after=2026-09-08 00:00:00+00:00
[2026-09-08T05:09:10.398+0000] {processor.py:183} INFO - Processing /opt/airflow/dags/netflix_dag.py took 2.518 seconds
[2026-09-08T05:09:41.476+0000] {processor.py:161} INFO - Started process (PID=3823) to work on /opt/airflow/dags/netflix_dag.py
[2026-09-08T05:09:41.479+0000] {processor.py:830} INFO - Processing file /opt/airflow/dags/netflix_dag.py for tasks to queue
[2026-09-08T05:09:41.485+0000] {logging_mixin.py:188} INFO - [2026-09-08T05:09:41.485+0000] {dagbag.py:545} INFO - Filling up the DagBag from /opt/airflow/dags/netflix_dag.py
[2026-09-08T05:09:41.533+0000] {processor.py:840} INFO - DAG(s) 'netflix_etl_pipeline' retrieved from /opt/airflow/dags/netflix_dag.py
[2026-09-08T05:09:41.611+0000] {logging_mixin.py:188} INFO - [2026-09-08T05:09:41.611+0000] {dag.py:3089} INFO - Sync 1 DAGs
[2026-09-08T05:09:41.661+0000] {logging_mixin.py:188} INFO - [2026-09-08T05:09:41.660+0000] {dag.py:3947} INFO - Setting next_dagrun for netflix_etl_pipeline to 2026-09-07 00:00:00+00:00, run_after=2026-09-08 00:00:00+00:00
[2026-09-08T05:09:41.703+0000] {processor.py:183} INFO - Processing /opt/airflow/dags/netflix_dag.py took 0.241 seconds
[2026-09-08T05:10:12.285+0000] {processor.py:161} INFO - Started process (PID=3834) to work on /opt/airflow/dags/netflix_dag.py
[2026-09-08T05:10:12.288+0000] {processor.py:830} INFO - Processing file /opt/airflow/dags/netflix_dag.py for tasks to queue
[2026-09-08T05:10:12.292+0000] {logging_mixin.py:188} INFO - [2026-09-08T05:10:12.291+0000] {dagbag.py:545} INFO - Filling up the DagBag from /opt/airflow/dags/netflix_dag.py
[2026-09-08T05:10:12.348+0000] {processor.py:840} INFO - DAG(s) 'netflix_etl_pipeline' retrieved from /opt/airflow/dags/netflix_dag.py
[2026-09-08T05:10:12.458+0000] {logging_mixin.py:188} INFO - [2026-09-08T05:10:12.448+0000] {dag.py:3089} INFO - Sync 1 DAGs
[2026-09-08T05:10:12.680+0000] {logging_mixin.py:188} INFO - [2026-09-08T05:10:12.671+0000] {dag.py:3947} INFO - Setting next_dagrun for netflix_etl_pipeline to 2026-09-07 00:00:00+00:00, run_after=2026-09-08 00:00:00+00:00
[2026-09-08T05:10:12.875+0000] {processor.py:183} INFO - Processing /opt/airflow/dags/netflix_dag.py took 0.604 seconds
[2026-09-08T05:10:43.852+0000] {processor.py:161} INFO - Started process (PID=3845) to work on /opt/airflow/dags/netflix_dag.py
[2026-09-08T05:10:43.854+0000] {processor.py:830} INFO - Processing file /opt/airflow/dags/netflix_dag.py for tasks to queue
[2026-09-08T05:10:43.859+0000] {logging_mixin.py:188} INFO - [2026-09-08T05:10:43.858+0000] {dagbag.py:545} INFO - Filling up the DagBag from /opt/airflow/dags/netflix_dag.py
[2026-09-08T05:10:43.916+0000] {processor.py:840} INFO - DAG(s) 'netflix_etl_pipeline' retrieved from /opt/airflow/dags/netflix_dag.py
[2026-09-08T05:10:44.078+0000] {logging_mixin.py:188} INFO - [2026-09-08T05:10:44.077+0000] {dag.py:3089} INFO - Sync 1 DAGs
[2026-09-08T05:10:44.245+0000] {logging_mixin.py:188} INFO - [2026-09-08T05:10:44.244+0000] {dag.py:3947} INFO - Setting next_dagrun for netflix_etl_pipeline to 2026-09-07 00:00:00+00:00, run_after=2026-09-08 00:00:00+00:00
[2026-09-08T05:10:44.478+0000] {processor.py:183} INFO - Processing /opt/airflow/dags/netflix_dag.py took 0.640 seconds
[2026-09-08T05:11:15.983+0000] {processor.py:161} INFO - Started process (PID=3856) to work on /opt/airflow/dags/netflix_dag.py
[2026-09-08T05:11:15.986+0000] {processor.py:830} INFO - Processing file /opt/airflow/dags/netflix_dag.py for tasks to queue
[2026-09-08T05:11:15.992+0000] {logging_mixin.py:188} INFO - [2026-09-08T05:11:15.991+0000] {dagbag.py:545} INFO - Filling up the DagBag from /opt/airflow/dags/netflix_dag.py
[2026-09-08T05:11:16.074+0000] {processor.py:840} INFO - DAG(s) 'netflix_etl_pipeline' retrieved from /opt/airflow/dags/netflix_dag.py
[2026-09-08T05:11:16.277+0000] {logging_mixin.py:188} INFO - [2026-09-08T05:11:16.277+0000] {dag.py:3089} INFO - Sync 1 DAGs
[2026-09-08T05:11:16.483+0000] {logging_mixin.py:188} INFO - [2026-09-08T05:11:16.473+0000] {dag.py:3947} INFO - Setting next_dagrun for netflix_etl_pipeline to 2026-09-07 00:00:00+00:00, run_after=2026-09-08 00:00:00+00:00
[2026-09-08T05:11:16.669+0000] {processor.py:183} INFO - Processing /opt/airflow/dags/netflix_dag.py took 0.723 seconds
[2026-09-08T05:11:47.535+0000] {processor.py:161} INFO - Started process (PID=3867) to work on /opt/airflow/dags/netflix_dag.py
[2026-09-08T05:11:47.540+0000] {processor.py:830} INFO - Processing file /opt/airflow/dags/netflix_dag.py for tasks to queue
[2026-09-08T05:11:47.545+0000] {logging_mixin.py:188} INFO - [2026-09-08T05:11:47.544+0000] {dagbag.py:545} INFO - Filling up the DagBag from /opt/airflow/dags/netflix_dag.py
[2026-09-08T05:11:47.585+0000] {processor.py:840} INFO - DAG(s) 'netflix_etl_pipeline' retrieved from /opt/airflow/dags/netflix_dag.py
[2026-09-08T05:11:47.640+0000] {logging_mixin.py:188} INFO - [2026-09-08T05:11:47.640+0000] {dag.py:3089} INFO - Sync 1 DAGs
[2026-09-08T05:11:47.711+0000] {logging_mixin.py:188} INFO - [2026-09-08T05:11:47.711+0000] {dag.py:3947} INFO - Setting next_dagrun for netflix_etl_pipeline to 2026-09-07 00:00:00+00:00, run_after=2026-09-08 00:00:00+00:00
[2026-09-08T05:11:47.925+0000] {processor.py:183} INFO - Processing /opt/airflow/dags/netflix_dag.py took 0.402 seconds
[2026-09-08T05:12:18.649+0000] {processor.py:161} INFO - Started process (PID=3878) to work on /opt/airflow/dags/netflix_dag.py
[2026-09-08T05:12:18.653+0000] {processor.py:830} INFO - Processing file /opt/airflow/dags/netflix_dag.py for tasks to queue
[2026-09-08T05:12:18.660+0000] {logging_mixin.py:188} INFO - [2026-09-08T05:12:18.658+0000] {dagbag.py:545} INFO - Filling up the DagBag from /opt/airflow/dags/netflix_dag.py
[2026-09-08T05:12:18.693+0000] {processor.py:840} INFO - DAG(s) 'netflix_etl_pipeline' retrieved from /opt/airflow/dags/netflix_dag.py
[2026-09-08T05:12:18.868+0000] {logging_mixin.py:188} INFO - [2026-09-08T05:12:18.868+0000] {dag.py:3089} INFO - Sync 1 DAGs
[2026-09-08T05:12:19.035+0000] {logging_mixin.py:188} INFO - [2026-09-08T05:12:19.034+0000] {dag.py:3947} INFO - Setting next_dagrun for netflix_etl_pipeline to 2026-09-07 00:00:00+00:00, run_after=2026-09-08 00:00:00+00:00
[2026-09-08T05:12:19.323+0000] {processor.py:183} INFO - Processing /opt/airflow/dags/netflix_dag.py took 0.691 seconds
[2026-09-08T05:12:51.071+0000] {processor.py:161} INFO - Started process (PID=3889) to work on /opt/airflow/dags/netflix_dag.py
[2026-09-08T05:12:51.076+0000] {processor.py:830} INFO - Processing file /opt/airflow/dags/netflix_dag.py for tasks to queue
[2026-09-08T05:12:51.106+0000] {logging_mixin.py:188} INFO - [2026-09-08T05:12:51.105+0000] {dagbag.py:545} INFO - Filling up the DagBag from /opt/airflow/dags/netflix_dag.py
[2026-09-08T05:12:51.480+0000] {processor.py:840} INFO - DAG(s) 'netflix_etl_pipeline' retrieved from /opt/airflow/dags/netflix_dag.py
[2026-09-08T05:12:51.557+0000] {logging_mixin.py:188} INFO - [2026-09-08T05:12:51.556+0000] {dag.py:3089} INFO - Sync 1 DAGs
[2026-09-08T05:12:51.600+0000] {logging_mixin.py:188} INFO - [2026-09-08T05:12:51.600+0000] {dag.py:3947} INFO - Setting next_dagrun for netflix_etl_pipeline to 2026-09-07 00:00:00+00:00, run_after=2026-09-08 00:00:00+00:00
[2026-09-08T05:12:51.735+0000] {processor.py:183} INFO - Processing /opt/airflow/dags/netflix_dag.py took 0.677 seconds
[2026-09-08T05:13:22.692+0000] {processor.py:161} INFO - Started process (PID=3901) to work on /opt/airflow/dags/netflix_dag.py
[2026-09-08T05:13:22.695+0000] {processor.py:830} INFO - Processing file /opt/airflow/dags/netflix_dag.py for tasks to queue
[2026-09-08T05:13:22.700+0000] {logging_mixin.py:188} INFO - [2026-09-08T05:13:22.699+0000] {dagbag.py:545} INFO - Filling up the DagBag from /opt/airflow/dags/netflix_dag.py
[2026-09-08T05:13:22.747+0000] {processor.py:840} INFO - DAG(s) 'netflix_etl_pipeline' retrieved from /opt/airflow/dags/netflix_dag.py
[2026-09-08T05:13:22.820+0000] {logging_mixin.py:188} INFO - [2026-09-08T05:13:22.820+0000] {dag.py:3089} INFO - Sync 1 DAGs
[2026-09-08T05:13:22.857+0000] {logging_mixin.py:188} INFO - [2026-09-08T05:13:22.857+0000] {dag.py:3947} INFO - Setting next_dagrun for netflix_etl_pipeline to 2026-09-07 00:00:00+00:00, run_after=2026-09-08 00:00:00+00:00
[2026-09-08T05:13:23.025+0000] {processor.py:183} INFO - Processing /opt/airflow/dags/netflix_dag.py took 0.358 seconds
[2026-09-08T05:13:53.414+0000] {processor.py:161} INFO - Started process (PID=3912) to work on /opt/airflow/dags/netflix_dag.py
[2026-09-08T05:13:53.416+0000] {processor.py:830} INFO - Processing file /opt/airflow/dags/netflix_dag.py for tasks to queue
[2026-09-08T05:13:53.419+0000] {logging_mixin.py:188} INFO - [2026-09-08T05:13:53.419+0000] {dagbag.py:545} INFO - Filling up the DagBag from /opt/airflow/dags/netflix_dag.py
[2026-09-08T05:13:53.447+0000] {processor.py:840} INFO - DAG(s) 'netflix_etl_pipeline' retrieved from /opt/airflow/dags/netflix_dag.py
[2026-09-08T05:13:53.491+0000] {logging_mixin.py:188} INFO - [2026-09-08T05:13:53.490+0000] {dag.py:3089} INFO - Sync 1 DAGs
[2026-09-08T05:13:53.520+0000] {logging_mixin.py:188} INFO - [2026-09-08T05:13:53.520+0000] {dag.py:3947} INFO - Setting next_dagrun for netflix_etl_pipeline to 2026-09-07 00:00:00+00:00, run_after=2026-09-08 00:00:00+00:00
[2026-09-08T05:13:53.546+0000] {processor.py:183} INFO - Processing /opt/airflow/dags/netflix_dag.py took 0.141 seconds
[2026-09-08T05:14:24.634+0000] {processor.py:161} INFO - Started process (PID=3924) to work on /opt/airflow/dags/netflix_dag.py
[2026-09-08T05:14:24.653+0000] {processor.py:830} INFO - Processing file /opt/airflow/dags/netflix_dag.py for tasks to queue
[2026-09-08T05:14:24.686+0000] {logging_mixin.py:188} INFO - [2026-09-08T05:14:24.685+0000] {dagbag.py:545} INFO - Filling up the DagBag from /opt/airflow/dags/netflix_dag.py
[2026-09-08T05:14:25.214+0000] {processor.py:840} INFO - DAG(s) 'netflix_etl_pipeline' retrieved from /opt/airflow/dags/netflix_dag.py
[2026-09-08T05:14:25.311+0000] {logging_mixin.py:188} INFO - [2026-09-08T05:14:25.310+0000] {dag.py:3089} INFO - Sync 1 DAGs
[2026-09-08T05:14:25.369+0000] {logging_mixin.py:188} INFO - [2026-09-08T05:14:25.368+0000] {dag.py:3947} INFO - Setting next_dagrun for netflix_etl_pipeline to 2026-09-07 00:00:00+00:00, run_after=2026-09-08 00:00:00+00:00
[2026-09-08T05:14:25.531+0000] {processor.py:183} INFO - Processing /opt/airflow/dags/netflix_dag.py took 0.918 seconds
[2026-09-08T05:14:56.405+0000] {processor.py:161} INFO - Started process (PID=3936) to work on /opt/airflow/dags/netflix_dag.py
[2026-09-08T05:14:56.408+0000] {processor.py:830} INFO - Processing file /opt/airflow/dags/netflix_dag.py for tasks to queue
[2026-09-08T05:14:56.412+0000] {logging_mixin.py:188} INFO - [2026-09-08T05:14:56.411+0000] {dagbag.py:545} INFO - Filling up the DagBag from /opt/airflow/dags/netflix_dag.py
[2026-09-08T05:14:56.449+0000] {processor.py:840} INFO - DAG(s) 'netflix_etl_pipeline' retrieved from /opt/airflow/dags/netflix_dag.py
[2026-09-08T05:14:56.648+0000] {logging_mixin.py:188} INFO - [2026-09-08T05:14:56.647+0000] {dag.py:3089} INFO - Sync 1 DAGs
[2026-09-08T05:14:56.809+0000] {logging_mixin.py:188} INFO - [2026-09-08T05:14:56.799+0000] {dag.py:3947} INFO - Setting next_dagrun for netflix_etl_pipeline to 2026-09-07 00:00:00+00:00, run_after=2026-09-08 00:00:00+00:00
[2026-09-08T05:14:56.946+0000] {processor.py:183} INFO - Processing /opt/airflow/dags/netflix_dag.py took 0.553 seconds
[2026-09-08T05:15:28.235+0000] {processor.py:161} INFO - Started process (PID=3947) to work on /opt/airflow/dags/netflix_dag.py
[2026-09-08T05:15:28.239+0000] {processor.py:830} INFO - Processing file /opt/airflow/dags/netflix_dag.py for tasks to queue
[2026-09-08T05:15:28.244+0000] {logging_mixin.py:188} INFO - [2026-09-08T05:15:28.243+0000] {dagbag.py:545} INFO - Filling up the DagBag from /opt/airflow/dags/netflix_dag.py
[2026-09-08T05:15:28.284+0000] {processor.py:840} INFO - DAG(s) 'netflix_etl_pipeline' retrieved from /opt/airflow/dags/netflix_dag.py
[2026-09-08T05:15:28.423+0000] {logging_mixin.py:188} INFO - [2026-09-08T05:15:28.423+0000] {dag.py:3089} INFO - Sync 1 DAGs
[2026-09-08T05:15:28.579+0000] {logging_mixin.py:188} INFO - [2026-09-08T05:15:28.578+0000] {dag.py:3947} INFO - Setting next_dagrun for netflix_etl_pipeline to 2026-09-07 00:00:00+00:00, run_after=2026-09-08 00:00:00+00:00
[2026-09-08T05:15:28.740+0000] {processor.py:183} INFO - Processing /opt/airflow/dags/netflix_dag.py took 0.525 seconds
[2026-09-08T05:15:59.036+0000] {processor.py:161} INFO - Started process (PID=3958) to work on /opt/airflow/dags/netflix_dag.py
[2026-09-08T05:15:59.038+0000] {processor.py:830} INFO - Processing file /opt/airflow/dags/netflix_dag.py for tasks to queue
[2026-09-08T05:15:59.041+0000] {logging_mixin.py:188} INFO - [2026-09-08T05:15:59.041+0000] {dagbag.py:545} INFO - Filling up the DagBag from /opt/airflow/dags/netflix_dag.py
[2026-09-08T05:15:59.067+0000] {processor.py:840} INFO - DAG(s) 'netflix_etl_pipeline' retrieved from /opt/airflow/dags/netflix_dag.py
[2026-09-08T05:15:59.107+0000] {logging_mixin.py:188} INFO - [2026-09-08T05:15:59.106+0000] {dag.py:3089} INFO - Sync 1 DAGs
[2026-09-08T05:15:59.131+0000] {logging_mixin.py:188} INFO - [2026-09-08T05:15:59.131+0000] {dag.py:3947} INFO - Setting next_dagrun for netflix_etl_pipeline to 2026-09-07 00:00:00+00:00, run_after=2026-09-08 00:00:00+00:00
[2026-09-08T05:15:59.157+0000] {processor.py:183} INFO - Processing /opt/airflow/dags/netflix_dag.py took 0.129 seconds
[2026-09-08T05:16:30.368+0000] {processor.py:161} INFO - Started process (PID=3969) to work on /opt/airflow/dags/netflix_dag.py
[2026-09-08T05:16:30.370+0000] {processor.py:830} INFO - Processing file /opt/airflow/dags/netflix_dag.py for tasks to queue
[2026-09-08T05:16:30.376+0000] {logging_mixin.py:188} INFO - [2026-09-08T05:16:30.374+0000] {dagbag.py:545} INFO - Filling up the DagBag from /opt/airflow/dags/netflix_dag.py
[2026-09-08T05:16:30.414+0000] {processor.py:840} INFO - DAG(s) 'netflix_etl_pipeline' retrieved from /opt/airflow/dags/netflix_dag.py
[2026-09-08T05:16:30.493+0000] {logging_mixin.py:188} INFO - [2026-09-08T05:16:30.493+0000] {dag.py:3089} INFO - Sync 1 DAGs
[2026-09-08T05:16:30.568+0000] {logging_mixin.py:188} INFO - [2026-09-08T05:16:30.568+0000] {dag.py:3947} INFO - Setting next_dagrun for netflix_etl_pipeline to 2026-09-07 00:00:00+00:00, run_after=2026-09-08 00:00:00+00:00
[2026-09-08T05:16:30.714+0000] {processor.py:183} INFO - Processing /opt/airflow/dags/netflix_dag.py took 0.359 seconds
[2026-09-08T05:17:02.038+0000] {processor.py:161} INFO - Started process (PID=3980) to work on /opt/airflow/dags/netflix_dag.py
[2026-09-08T05:17:02.041+0000] {processor.py:830} INFO - Processing file /opt/airflow/dags/netflix_dag.py for tasks to queue
[2026-09-08T05:17:02.045+0000] {logging_mixin.py:188} INFO - [2026-09-08T05:17:02.044+0000] {dagbag.py:545} INFO - Filling up the DagBag from /opt/airflow/dags/netflix_dag.py
[2026-09-08T05:17:02.096+0000] {processor.py:840} INFO - DAG(s) 'netflix_etl_pipeline' retrieved from /opt/airflow/dags/netflix_dag.py
[2026-09-08T05:17:02.186+0000] {logging_mixin.py:188} INFO - [2026-09-08T05:17:02.185+0000] {dag.py:3089} INFO - Sync 1 DAGs
[2026-09-08T05:17:02.248+0000] {logging_mixin.py:188} INFO - [2026-09-08T05:17:02.248+0000] {dag.py:3947} INFO - Setting next_dagrun for netflix_etl_pipeline to 2026-09-07 00:00:00+00:00, run_after=2026-09-08 00:00:00+00:00
[2026-09-08T05:17:02.530+0000] {processor.py:183} INFO - Processing /opt/airflow/dags/netflix_dag.py took 0.514 seconds
[2026-09-08T05:17:33.385+0000] {processor.py:161} INFO - Started process (PID=3991) to work on /opt/airflow/dags/netflix_dag.py
[2026-09-08T05:17:33.388+0000] {processor.py:830} INFO - Processing file /opt/airflow/dags/netflix_dag.py for tasks to queue
[2026-09-08T05:17:33.393+0000] {logging_mixin.py:188} INFO - [2026-09-08T05:17:33.392+0000] {dagbag.py:545} INFO - Filling up the DagBag from /opt/airflow/dags/netflix_dag.py
[2026-09-08T05:17:33.427+0000] {processor.py:840} INFO - DAG(s) 'netflix_etl_pipeline' retrieved from /opt/airflow/dags/netflix_dag.py
[2026-09-08T05:17:33.529+0000] {logging_mixin.py:188} INFO - [2026-09-08T05:17:33.529+0000] {dag.py:3089} INFO - Sync 1 DAGs
[2026-09-08T05:17:33.675+0000] {logging_mixin.py:188} INFO - [2026-09-08T05:17:33.674+0000] {dag.py:3947} INFO - Setting next_dagrun for netflix_etl_pipeline to 2026-09-07 00:00:00+00:00, run_after=2026-09-08 00:00:00+00:00
[2026-09-08T05:17:33.861+0000] {processor.py:183} INFO - Processing /opt/airflow/dags/netflix_dag.py took 0.493 seconds
[2026-09-08T05:18:03.988+0000] {processor.py:161} INFO - Started process (PID=4002) to work on /opt/airflow/dags/netflix_dag.py
[2026-09-08T05:18:03.990+0000] {processor.py:830} INFO - Processing file /opt/airflow/dags/netflix_dag.py for tasks to queue
[2026-09-08T05:18:03.993+0000] {logging_mixin.py:188} INFO - [2026-09-08T05:18:03.992+0000] {dagbag.py:545} INFO - Filling up the DagBag from /opt/airflow/dags/netflix_dag.py
[2026-09-08T05:18:04.015+0000] {processor.py:840} INFO - DAG(s) 'netflix_etl_pipeline' retrieved from /opt/airflow/dags/netflix_dag.py
[2026-09-08T05:18:04.051+0000] {logging_mixin.py:188} INFO - [2026-09-08T05:18:04.051+0000] {dag.py:3089} INFO - Sync 1 DAGs
[2026-09-08T05:18:04.072+0000] {logging_mixin.py:188} INFO - [2026-09-08T05:18:04.072+0000] {dag.py:3947} INFO - Setting next_dagrun for netflix_etl_pipeline to 2026-09-07 00:00:00+00:00, run_after=2026-09-08 00:00:00+00:00
[2026-09-08T05:18:04.094+0000] {processor.py:183} INFO - Processing /opt/airflow/dags/netflix_dag.py took 0.112 seconds
[2026-09-08T05:18:34.188+0000] {processor.py:161} INFO - Started process (PID=4013) to work on /opt/airflow/dags/netflix_dag.py
[2026-09-08T05:18:34.190+0000] {processor.py:830} INFO - Processing file /opt/airflow/dags/netflix_dag.py for tasks to queue
[2026-09-08T05:18:34.192+0000] {logging_mixin.py:188} INFO - [2026-09-08T05:18:34.192+0000] {dagbag.py:545} INFO - Filling up the DagBag from /opt/airflow/dags/netflix_dag.py
[2026-09-08T05:18:34.215+0000] {processor.py:840} INFO - DAG(s) 'netflix_etl_pipeline' retrieved from /opt/airflow/dags/netflix_dag.py
[2026-09-08T05:18:34.254+0000] {logging_mixin.py:188} INFO - [2026-09-08T05:18:34.254+0000] {dag.py:3089} INFO - Sync 1 DAGs
[2026-09-08T05:18:34.279+0000] {logging_mixin.py:188} INFO - [2026-09-08T05:18:34.279+0000] {dag.py:3947} INFO - Setting next_dagrun for netflix_etl_pipeline to 2026-09-07 00:00:00+00:00, run_after=2026-09-08 00:00:00+00:00
[2026-09-08T05:18:34.352+0000] {processor.py:183} INFO - Processing /opt/airflow/dags/netflix_dag.py took 0.170 seconds
[2026-09-08T05:19:04.539+0000] {processor.py:161} INFO - Started process (PID=4024) to work on /opt/airflow/dags/netflix_dag.py
[2026-09-08T05:19:04.545+0000] {processor.py:830} INFO - Processing file /opt/airflow/dags/netflix_dag.py for tasks to queue
[2026-09-08T05:19:04.638+0000] {logging_mixin.py:188} INFO - [2026-09-08T05:19:04.638+0000] {dagbag.py:545} INFO - Filling up the DagBag from /opt/airflow/dags/netflix_dag.py
[2026-09-08T05:19:04.672+0000] {processor.py:840} INFO - DAG(s) 'netflix_etl_pipeline' retrieved from /opt/airflow/dags/netflix_dag.py
[2026-09-08T05:19:04.716+0000] {logging_mixin.py:188} INFO - [2026-09-08T05:19:04.715+0000] {dag.py:3089} INFO - Sync 1 DAGs
[2026-09-08T05:19:04.742+0000] {logging_mixin.py:188} INFO - [2026-09-08T05:19:04.741+0000] {dag.py:3947} INFO - Setting next_dagrun for netflix_etl_pipeline to 2026-09-07 00:00:00+00:00, run_after=2026-09-08 00:00:00+00:00
[2026-09-08T05:19:04.771+0000] {processor.py:183} INFO - Processing /opt/airflow/dags/netflix_dag.py took 0.239 seconds
[2026-09-08T05:19:35.012+0000] {processor.py:161} INFO - Started process (PID=4035) to work on /opt/airflow/dags/netflix_dag.py
[2026-09-08T05:19:35.013+0000] {processor.py:830} INFO - Processing file /opt/airflow/dags/netflix_dag.py for tasks to queue
[2026-09-08T05:19:35.016+0000] {logging_mixin.py:188} INFO - [2026-09-08T05:19:35.015+0000] {dagbag.py:545} INFO - Filling up the DagBag from /opt/airflow/dags/netflix_dag.py
[2026-09-08T05:19:35.041+0000] {processor.py:840} INFO - DAG(s) 'netflix_etl_pipeline' retrieved from /opt/airflow/dags/netflix_dag.py
[2026-09-08T05:19:35.079+0000] {logging_mixin.py:188} INFO - [2026-09-08T05:19:35.079+0000] {dag.py:3089} INFO - Sync 1 DAGs
[2026-09-08T05:19:35.103+0000] {logging_mixin.py:188} INFO - [2026-09-08T05:19:35.103+0000] {dag.py:3947} INFO - Setting next_dagrun for netflix_etl_pipeline to 2026-09-07 00:00:00+00:00, run_after=2026-09-08 00:00:00+00:00
[2026-09-08T05:19:35.130+0000] {processor.py:183} INFO - Processing /opt/airflow/dags/netflix_dag.py took 0.125 seconds
[2026-09-08T05:20:05.864+0000] {processor.py:161} INFO - Started process (PID=4046) to work on /opt/airflow/dags/netflix_dag.py
[2026-09-08T05:20:05.866+0000] {processor.py:830} INFO - Processing file /opt/airflow/dags/netflix_dag.py for tasks to queue
[2026-09-08T05:20:05.869+0000] {logging_mixin.py:188} INFO - [2026-09-08T05:20:05.868+0000] {dagbag.py:545} INFO - Filling up the DagBag from /opt/airflow/dags/netflix_dag.py
[2026-09-08T05:20:05.895+0000] {processor.py:840} INFO - DAG(s) 'netflix_etl_pipeline' retrieved from /opt/airflow/dags/netflix_dag.py
[2026-09-08T05:20:05.940+0000] {logging_mixin.py:188} INFO - [2026-09-08T05:20:05.940+0000] {dag.py:3089} INFO - Sync 1 DAGs
[2026-09-08T05:20:05.974+0000] {logging_mixin.py:188} INFO - [2026-09-08T05:20:05.974+0000] {dag.py:3947} INFO - Setting next_dagrun for netflix_etl_pipeline to 2026-09-07 00:00:00+00:00, run_after=2026-09-08 00:00:00+00:00
[2026-09-08T05:20:06.007+0000] {processor.py:183} INFO - Processing /opt/airflow/dags/netflix_dag.py took 0.150 seconds
[2026-09-08T05:20:36.185+0000] {processor.py:161} INFO - Started process (PID=4057) to work on /opt/airflow/dags/netflix_dag.py
[2026-09-08T05:20:36.187+0000] {processor.py:830} INFO - Processing file /opt/airflow/dags/netflix_dag.py for tasks to queue
[2026-09-08T05:20:36.190+0000] {logging_mixin.py:188} INFO - [2026-09-08T05:20:36.190+0000] {dagbag.py:545} INFO - Filling up the DagBag from /opt/airflow/dags/netflix_dag.py
[2026-09-08T05:20:36.215+0000] {processor.py:840} INFO - DAG(s) 'netflix_etl_pipeline' retrieved from /opt/airflow/dags/netflix_dag.py
[2026-09-08T05:20:36.258+0000] {logging_mixin.py:188} INFO - [2026-09-08T05:20:36.258+0000] {dag.py:3089} INFO - Sync 1 DAGs
[2026-09-08T05:20:36.286+0000] {logging_mixin.py:188} INFO - [2026-09-08T05:20:36.286+0000] {dag.py:3947} INFO - Setting next_dagrun for netflix_etl_pipeline to 2026-09-07 00:00:00+00:00, run_after=2026-09-08 00:00:00+00:00
[2026-09-08T05:20:36.310+0000] {processor.py:183} INFO - Processing /opt/airflow/dags/netflix_dag.py took 0.133 seconds
[2026-09-08T05:21:06.410+0000] {processor.py:161} INFO - Started process (PID=4068) to work on /opt/airflow/dags/netflix_dag.py
[2026-09-08T05:21:06.412+0000] {processor.py:830} INFO - Processing file /opt/airflow/dags/netflix_dag.py for tasks to queue
[2026-09-08T05:21:06.415+0000] {logging_mixin.py:188} INFO - [2026-09-08T05:21:06.414+0000] {dagbag.py:545} INFO - Filling up the DagBag from /opt/airflow/dags/netflix_dag.py
[2026-09-08T05:21:06.439+0000] {processor.py:840} INFO - DAG(s) 'netflix_etl_pipeline' retrieved from /opt/airflow/dags/netflix_dag.py
[2026-09-08T05:21:06.497+0000] {logging_mixin.py:188} INFO - [2026-09-08T05:21:06.497+0000] {dag.py:3089} INFO - Sync 1 DAGs
[2026-09-08T05:21:06.544+0000] {logging_mixin.py:188} INFO - [2026-09-08T05:21:06.543+0000] {dag.py:3947} INFO - Setting next_dagrun for netflix_etl_pipeline to 2026-09-07 00:00:00+00:00, run_after=2026-09-08 00:00:00+00:00
[2026-09-08T05:21:06.618+0000] {processor.py:183} INFO - Processing /opt/airflow/dags/netflix_dag.py took 0.217 seconds
[2026-09-08T05:21:36.760+0000] {processor.py:161} INFO - Started process (PID=4079) to work on /opt/airflow/dags/netflix_dag.py
[2026-09-08T05:21:36.762+0000] {processor.py:830} INFO - Processing file /opt/airflow/dags/netflix_dag.py for tasks to queue
[2026-09-08T05:21:36.765+0000] {logging_mixin.py:188} INFO - [2026-09-08T05:21:36.764+0000] {dagbag.py:545} INFO - Filling up the DagBag from /opt/airflow/dags/netflix_dag.py
[2026-09-08T05:21:36.789+0000] {processor.py:840} INFO - DAG(s) 'netflix_etl_pipeline' retrieved from /opt/airflow/dags/netflix_dag.py
[2026-09-08T05:21:36.830+0000] {logging_mixin.py:188} INFO - [2026-09-08T05:21:36.830+0000] {dag.py:3089} INFO - Sync 1 DAGs
[2026-09-08T05:21:36.853+0000] {logging_mixin.py:188} INFO - [2026-09-08T05:21:36.853+0000] {dag.py:3947} INFO - Setting next_dagrun for netflix_etl_pipeline to 2026-09-07 00:00:00+00:00, run_after=2026-09-08 00:00:00+00:00
[2026-09-08T05:21:36.876+0000] {processor.py:183} INFO - Processing /opt/airflow/dags/netflix_dag.py took 0.124 seconds
[2026-09-08T05:22:07.024+0000] {processor.py:161} INFO - Started process (PID=4090) to work on /opt/airflow/dags/netflix_dag.py
[2026-09-08T05:22:07.026+0000] {processor.py:830} INFO - Processing file /opt/airflow/dags/netflix_dag.py for tasks to queue
[2026-09-08T05:22:07.029+0000] {logging_mixin.py:188} INFO - [2026-09-08T05:22:07.029+0000] {dagbag.py:545} INFO - Filling up the DagBag from /opt/airflow/dags/netflix_dag.py
[2026-09-08T05:22:07.057+0000] {processor.py:840} INFO - DAG(s) 'netflix_etl_pipeline' retrieved from /opt/airflow/dags/netflix_dag.py
[2026-09-08T05:22:07.096+0000] {logging_mixin.py:188} INFO - [2026-09-08T05:22:07.096+0000] {dag.py:3089} INFO - Sync 1 DAGs
[2026-09-08T05:22:07.119+0000] {logging_mixin.py:188} INFO - [2026-09-08T05:22:07.119+0000] {dag.py:3947} INFO - Setting next_dagrun for netflix_etl_pipeline to 2026-09-07 00:00:00+00:00, run_after=2026-09-08 00:00:00+00:00
[2026-09-08T05:22:07.146+0000] {processor.py:183} INFO - Processing /opt/airflow/dags/netflix_dag.py took 0.129 seconds
[2026-09-08T05:22:37.280+0000] {processor.py:161} INFO - Started process (PID=4102) to work on /opt/airflow/dags/netflix_dag.py
[2026-09-08T05:22:37.282+0000] {processor.py:830} INFO - Processing file /opt/airflow/dags/netflix_dag.py for tasks to queue
[2026-09-08T05:22:37.284+0000] {logging_mixin.py:188} INFO - [2026-09-08T05:22:37.284+0000] {dagbag.py:545} INFO - Filling up the DagBag from /opt/airflow/dags/netflix_dag.py
[2026-09-08T05:22:37.309+0000] {processor.py:840} INFO - DAG(s) 'netflix_etl_pipeline' retrieved from /opt/airflow/dags/netflix_dag.py
[2026-09-08T05:22:37.346+0000] {logging_mixin.py:188} INFO - [2026-09-08T05:22:37.346+0000] {dag.py:3089} INFO - Sync 1 DAGs
[2026-09-08T05:22:37.369+0000] {logging_mixin.py:188} INFO - [2026-09-08T05:22:37.369+0000] {dag.py:3947} INFO - Setting next_dagrun for netflix_etl_pipeline to 2026-09-07 00:00:00+00:00, run_after=2026-09-08 00:00:00+00:00
[2026-09-08T05:22:37.391+0000] {processor.py:183} INFO - Processing /opt/airflow/dags/netflix_dag.py took 0.118 seconds
[2026-09-08T05:23:07.522+0000] {processor.py:161} INFO - Started process (PID=4113) to work on /opt/airflow/dags/netflix_dag.py
[2026-09-08T05:23:07.523+0000] {processor.py:830} INFO - Processing file /opt/airflow/dags/netflix_dag.py for tasks to queue
[2026-09-08T05:23:07.526+0000] {logging_mixin.py:188} INFO - [2026-09-08T05:23:07.526+0000] {dagbag.py:545} INFO - Filling up the DagBag from /opt/airflow/dags/netflix_dag.py
[2026-09-08T05:23:07.555+0000] {processor.py:840} INFO - DAG(s) 'netflix_etl_pipeline' retrieved from /opt/airflow/dags/netflix_dag.py
[2026-09-08T05:23:07.591+0000] {logging_mixin.py:188} INFO - [2026-09-08T05:23:07.590+0000] {dag.py:3089} INFO - Sync 1 DAGs
[2026-09-08T05:23:07.613+0000] {logging_mixin.py:188} INFO - [2026-09-08T05:23:07.613+0000] {dag.py:3947} INFO - Setting next_dagrun for netflix_etl_pipeline to 2026-09-07 00:00:00+00:00, run_after=2026-09-08 00:00:00+00:00
[2026-09-08T05:23:07.637+0000] {processor.py:183} INFO - Processing /opt/airflow/dags/netflix_dag.py took 0.123 seconds
[2026-09-08T05:23:37.766+0000] {processor.py:161} INFO - Started process (PID=4124) to work on /opt/airflow/dags/netflix_dag.py
[2026-09-08T05:23:37.769+0000] {processor.py:830} INFO - Processing file /opt/airflow/dags/netflix_dag.py for tasks to queue
[2026-09-08T05:23:37.771+0000] {logging_mixin.py:188} INFO - [2026-09-08T05:23:37.771+0000] {dagbag.py:545} INFO - Filling up the DagBag from /opt/airflow/dags/netflix_dag.py
[2026-09-08T05:23:37.803+0000] {processor.py:840} INFO - DAG(s) 'netflix_etl_pipeline' retrieved from /opt/airflow/dags/netflix_dag.py
[2026-09-08T05:23:37.840+0000] {logging_mixin.py:188} INFO - [2026-09-08T05:23:37.839+0000] {dag.py:3089} INFO - Sync 1 DAGs
[2026-09-08T05:23:37.864+0000] {logging_mixin.py:188} INFO - [2026-09-08T05:23:37.863+0000] {dag.py:3947} INFO - Setting next_dagrun for netflix_etl_pipeline to 2026-09-07 00:00:00+00:00, run_after=2026-09-08 00:00:00+00:00
[2026-09-08T05:23:37.887+0000] {processor.py:183} INFO - Processing /opt/airflow/dags/netflix_dag.py took 0.128 seconds
[2026-09-08T05:24:08.014+0000] {processor.py:161} INFO - Started process (PID=4135) to work on /opt/airflow/dags/netflix_dag.py
[2026-09-08T05:24:08.015+0000] {processor.py:830} INFO - Processing file /opt/airflow/dags/netflix_dag.py for tasks to queue
[2026-09-08T05:24:08.018+0000] {logging_mixin.py:188} INFO - [2026-09-08T05:24:08.018+0000] {dagbag.py:545} INFO - Filling up the DagBag from /opt/airflow/dags/netflix_dag.py
[2026-09-08T05:24:08.043+0000] {processor.py:840} INFO - DAG(s) 'netflix_etl_pipeline' retrieved from /opt/airflow/dags/netflix_dag.py
[2026-09-08T05:24:08.078+0000] {logging_mixin.py:188} INFO - [2026-09-08T05:24:08.078+0000] {dag.py:3089} INFO - Sync 1 DAGs
[2026-09-08T05:24:08.111+0000] {logging_mixin.py:188} INFO - [2026-09-08T05:24:08.111+0000] {dag.py:3947} INFO - Setting next_dagrun for netflix_etl_pipeline to 2026-09-07 00:00:00+00:00, run_after=2026-09-08 00:00:00+00:00
[2026-09-08T05:24:08.142+0000] {processor.py:183} INFO - Processing /opt/airflow/dags/netflix_dag.py took 0.135 seconds
[2026-09-08T05:24:38.350+0000] {processor.py:161} INFO - Started process (PID=4146) to work on /opt/airflow/dags/netflix_dag.py
[2026-09-08T05:24:38.352+0000] {processor.py:830} INFO - Processing file /opt/airflow/dags/netflix_dag.py for tasks to queue
[2026-09-08T05:24:38.355+0000] {logging_mixin.py:188} INFO - [2026-09-08T05:24:38.355+0000] {dagbag.py:545} INFO - Filling up the DagBag from /opt/airflow/dags/netflix_dag.py
[2026-09-08T05:24:38.381+0000] {processor.py:840} INFO - DAG(s) 'netflix_etl_pipeline' retrieved from /opt/airflow/dags/netflix_dag.py
[2026-09-08T05:24:38.417+0000] {logging_mixin.py:188} INFO - [2026-09-08T05:24:38.417+0000] {dag.py:3089} INFO - Sync 1 DAGs
[2026-09-08T05:24:38.442+0000] {logging_mixin.py:188} INFO - [2026-09-08T05:24:38.442+0000] {dag.py:3947} INFO - Setting next_dagrun for netflix_etl_pipeline to 2026-09-07 00:00:00+00:00, run_after=2026-09-08 00:00:00+00:00
[2026-09-08T05:24:38.540+0000] {processor.py:183} INFO - Processing /opt/airflow/dags/netflix_dag.py took 0.199 seconds
[2026-09-08T05:25:08.732+0000] {processor.py:161} INFO - Started process (PID=4157) to work on /opt/airflow/dags/netflix_dag.py
[2026-09-08T05:25:08.926+0000] {processor.py:830} INFO - Processing file /opt/airflow/dags/netflix_dag.py for tasks to queue
[2026-09-08T05:25:08.929+0000] {logging_mixin.py:188} INFO - [2026-09-08T05:25:08.929+0000] {dagbag.py:545} INFO - Filling up the DagBag from /opt/airflow/dags/netflix_dag.py
[2026-09-08T05:25:08.954+0000] {processor.py:840} INFO - DAG(s) 'netflix_etl_pipeline' retrieved from /opt/airflow/dags/netflix_dag.py
[2026-09-08T05:25:08.991+0000] {logging_mixin.py:188} INFO - [2026-09-08T05:25:08.990+0000] {dag.py:3089} INFO - Sync 1 DAGs
[2026-09-08T05:25:09.014+0000] {logging_mixin.py:188} INFO - [2026-09-08T05:25:09.014+0000] {dag.py:3947} INFO - Setting next_dagrun for netflix_etl_pipeline to 2026-09-07 00:00:00+00:00, run_after=2026-09-08 00:00:00+00:00
[2026-09-08T05:25:09.098+0000] {processor.py:183} INFO - Processing /opt/airflow/dags/netflix_dag.py took 0.373 seconds
[2026-09-08T05:25:39.449+0000] {processor.py:161} INFO - Started process (PID=4168) to work on /opt/airflow/dags/netflix_dag.py
[2026-09-08T05:25:39.451+0000] {processor.py:830} INFO - Processing file /opt/airflow/dags/netflix_dag.py for tasks to queue
[2026-09-08T05:25:39.454+0000] {logging_mixin.py:188} INFO - [2026-09-08T05:25:39.453+0000] {dagbag.py:545} INFO - Filling up the DagBag from /opt/airflow/dags/netflix_dag.py
[2026-09-08T05:25:39.479+0000] {processor.py:840} INFO - DAG(s) 'netflix_etl_pipeline' retrieved from /opt/airflow/dags/netflix_dag.py
[2026-09-08T05:25:39.545+0000] {logging_mixin.py:188} INFO - [2026-09-08T05:25:39.545+0000] {dag.py:3089} INFO - Sync 1 DAGs
[2026-09-08T05:25:39.572+0000] {logging_mixin.py:188} INFO - [2026-09-08T05:25:39.572+0000] {dag.py:3947} INFO - Setting next_dagrun for netflix_etl_pipeline to 2026-09-07 00:00:00+00:00, run_after=2026-09-08 00:00:00+00:00
[2026-09-08T05:25:39.602+0000] {processor.py:183} INFO - Processing /opt/airflow/dags/netflix_dag.py took 0.161 seconds
[2026-09-08T05:26:09.816+0000] {processor.py:161} INFO - Started process (PID=4179) to work on /opt/airflow/dags/netflix_dag.py
[2026-09-08T05:26:09.818+0000] {processor.py:830} INFO - Processing file /opt/airflow/dags/netflix_dag.py for tasks to queue
[2026-09-08T05:26:09.820+0000] {logging_mixin.py:188} INFO - [2026-09-08T05:26:09.820+0000] {dagbag.py:545} INFO - Filling up the DagBag from /opt/airflow/dags/netflix_dag.py
[2026-09-08T05:26:09.846+0000] {processor.py:840} INFO - DAG(s) 'netflix_etl_pipeline' retrieved from /opt/airflow/dags/netflix_dag.py
[2026-09-08T05:26:09.883+0000] {logging_mixin.py:188} INFO - [2026-09-08T05:26:09.882+0000] {dag.py:3089} INFO - Sync 1 DAGs
[2026-09-08T05:26:09.906+0000] {logging_mixin.py:188} INFO - [2026-09-08T05:26:09.906+0000] {dag.py:3947} INFO - Setting next_dagrun for netflix_etl_pipeline to 2026-09-07 00:00:00+00:00, run_after=2026-09-08 00:00:00+00:00
[2026-09-08T05:26:09.929+0000] {processor.py:183} INFO - Processing /opt/airflow/dags/netflix_dag.py took 0.119 seconds
[2026-09-08T05:26:40.005+0000] {processor.py:161} INFO - Started process (PID=4190) to work on /opt/airflow/dags/netflix_dag.py
[2026-09-08T05:26:40.007+0000] {processor.py:830} INFO - Processing file /opt/airflow/dags/netflix_dag.py for tasks to queue
[2026-09-08T05:26:40.010+0000] {logging_mixin.py:188} INFO - [2026-09-08T05:26:40.010+0000] {dagbag.py:545} INFO - Filling up the DagBag from /opt/airflow/dags/netflix_dag.py
[2026-09-08T05:26:40.035+0000] {processor.py:840} INFO - DAG(s) 'netflix_etl_pipeline' retrieved from /opt/airflow/dags/netflix_dag.py
[2026-09-08T05:26:40.073+0000] {logging_mixin.py:188} INFO - [2026-09-08T05:26:40.073+0000] {dag.py:3089} INFO - Sync 1 DAGs
[2026-09-08T05:26:40.098+0000] {logging_mixin.py:188} INFO - [2026-09-08T05:26:40.098+0000] {dag.py:3947} INFO - Setting next_dagrun for netflix_etl_pipeline to 2026-09-07 00:00:00+00:00, run_after=2026-09-08 00:00:00+00:00
[2026-09-08T05:26:40.122+0000] {processor.py:183} INFO - Processing /opt/airflow/dags/netflix_dag.py took 0.125 seconds
[2026-09-08T05:27:10.311+0000] {processor.py:161} INFO - Started process (PID=4201) to work on /opt/airflow/dags/netflix_dag.py
[2026-09-08T05:27:10.313+0000] {processor.py:830} INFO - Processing file /opt/airflow/dags/netflix_dag.py for tasks to queue
[2026-09-08T05:27:10.316+0000] {logging_mixin.py:188} INFO - [2026-09-08T05:27:10.316+0000] {dagbag.py:545} INFO - Filling up the DagBag from /opt/airflow/dags/netflix_dag.py
[2026-09-08T05:27:10.343+0000] {processor.py:840} INFO - DAG(s) 'netflix_etl_pipeline' retrieved from /opt/airflow/dags/netflix_dag.py
[2026-09-08T05:27:10.379+0000] {logging_mixin.py:188} INFO - [2026-09-08T05:27:10.379+0000] {dag.py:3089} INFO - Sync 1 DAGs
[2026-09-08T05:27:10.402+0000] {logging_mixin.py:188} INFO - [2026-09-08T05:27:10.401+0000] {dag.py:3947} INFO - Setting next_dagrun for netflix_etl_pipeline to 2026-09-07 00:00:00+00:00, run_after=2026-09-08 00:00:00+00:00
[2026-09-08T05:27:10.422+0000] {processor.py:183} INFO - Processing /opt/airflow/dags/netflix_dag.py took 0.117 seconds
[2026-09-08T05:27:40.725+0000] {processor.py:161} INFO - Started process (PID=4213) to work on /opt/airflow/dags/netflix_dag.py
[2026-09-08T05:27:40.737+0000] {processor.py:830} INFO - Processing file /opt/airflow/dags/netflix_dag.py for tasks to queue
[2026-09-08T05:27:40.759+0000] {logging_mixin.py:188} INFO - [2026-09-08T05:27:40.755+0000] {dagbag.py:545} INFO - Filling up the DagBag from /opt/airflow/dags/netflix_dag.py
[2026-09-08T05:27:41.052+0000] {processor.py:840} INFO - DAG(s) 'netflix_etl_pipeline' retrieved from /opt/airflow/dags/netflix_dag.py
[2026-09-08T05:27:41.635+0000] {logging_mixin.py:188} INFO - [2026-09-08T05:27:41.634+0000] {dag.py:3089} INFO - Sync 1 DAGs
[2026-09-08T05:27:41.939+0000] {logging_mixin.py:188} INFO - [2026-09-08T05:27:41.938+0000] {dag.py:3947} INFO - Setting next_dagrun for netflix_etl_pipeline to 2026-09-07 00:00:00+00:00, run_after=2026-09-08 00:00:00+00:00
[2026-09-08T05:27:42.073+0000] {processor.py:183} INFO - Processing /opt/airflow/dags/netflix_dag.py took 1.513 seconds
[2026-09-08T05:28:12.528+0000] {processor.py:161} INFO - Started process (PID=4230) to work on /opt/airflow/dags/netflix_dag.py
[2026-09-08T05:28:12.532+0000] {processor.py:830} INFO - Processing file /opt/airflow/dags/netflix_dag.py for tasks to queue
[2026-09-08T05:28:12.555+0000] {logging_mixin.py:188} INFO - [2026-09-08T05:28:12.553+0000] {dagbag.py:545} INFO - Filling up the DagBag from /opt/airflow/dags/netflix_dag.py
[2026-09-08T05:28:12.597+0000] {processor.py:840} INFO - DAG(s) 'netflix_etl_pipeline' retrieved from /opt/airflow/dags/netflix_dag.py
[2026-09-08T05:28:12.780+0000] {logging_mixin.py:188} INFO - [2026-09-08T05:28:12.780+0000] {dag.py:3089} INFO - Sync 1 DAGs
[2026-09-08T05:28:12.853+0000] {logging_mixin.py:188} INFO - [2026-09-08T05:28:12.853+0000] {dag.py:3947} INFO - Setting next_dagrun for netflix_etl_pipeline to 2026-09-07 00:00:00+00:00, run_after=2026-09-08 00:00:00+00:00
[2026-09-08T05:28:12.896+0000] {processor.py:183} INFO - Processing /opt/airflow/dags/netflix_dag.py took 0.385 seconds
[2026-09-08T05:28:43.400+0000] {processor.py:161} INFO - Started process (PID=4241) to work on /opt/airflow/dags/netflix_dag.py
[2026-09-08T05:28:43.407+0000] {processor.py:830} INFO - Processing file /opt/airflow/dags/netflix_dag.py for tasks to queue
[2026-09-08T05:28:43.463+0000] {logging_mixin.py:188} INFO - [2026-09-08T05:28:43.458+0000] {dagbag.py:545} INFO - Filling up the DagBag from /opt/airflow/dags/netflix_dag.py
[2026-09-08T05:28:43.582+0000] {processor.py:840} INFO - DAG(s) 'netflix_etl_pipeline' retrieved from /opt/airflow/dags/netflix_dag.py
[2026-09-08T05:28:43.683+0000] {logging_mixin.py:188} INFO - [2026-09-08T05:28:43.683+0000] {dag.py:3089} INFO - Sync 1 DAGs
[2026-09-08T05:28:43.829+0000] {logging_mixin.py:188} INFO - [2026-09-08T05:28:43.829+0000] {dag.py:3947} INFO - Setting next_dagrun for netflix_etl_pipeline to 2026-09-07 00:00:00+00:00, run_after=2026-09-08 00:00:00+00:00
[2026-09-08T05:28:43.857+0000] {processor.py:183} INFO - Processing /opt/airflow/dags/netflix_dag.py took 0.470 seconds
[2026-09-08T05:29:14.049+0000] {processor.py:161} INFO - Started process (PID=4252) to work on /opt/airflow/dags/netflix_dag.py
[2026-09-08T05:29:14.051+0000] {processor.py:830} INFO - Processing file /opt/airflow/dags/netflix_dag.py for tasks to queue
[2026-09-08T05:29:14.056+0000] {logging_mixin.py:188} INFO - [2026-09-08T05:29:14.055+0000] {dagbag.py:545} INFO - Filling up the DagBag from /opt/airflow/dags/netflix_dag.py
[2026-09-08T05:29:14.102+0000] {processor.py:840} INFO - DAG(s) 'netflix_etl_pipeline' retrieved from /opt/airflow/dags/netflix_dag.py
[2026-09-08T05:29:14.176+0000] {logging_mixin.py:188} INFO - [2026-09-08T05:29:14.176+0000] {dag.py:3089} INFO - Sync 1 DAGs
[2026-09-08T05:29:14.226+0000] {logging_mixin.py:188} INFO - [2026-09-08T05:29:14.225+0000] {dag.py:3947} INFO - Setting next_dagrun for netflix_etl_pipeline to 2026-09-07 00:00:00+00:00, run_after=2026-09-08 00:00:00+00:00
[2026-09-08T05:29:14.262+0000] {processor.py:183} INFO - Processing /opt/airflow/dags/netflix_dag.py took 0.220 seconds
[2026-09-08T05:29:44.424+0000] {processor.py:161} INFO - Started process (PID=4263) to work on /opt/airflow/dags/netflix_dag.py
[2026-09-08T05:29:44.427+0000] {processor.py:830} INFO - Processing file /opt/airflow/dags/netflix_dag.py for tasks to queue
[2026-09-08T05:29:44.430+0000] {logging_mixin.py:188} INFO - [2026-09-08T05:29:44.430+0000] {dagbag.py:545} INFO - Filling up the DagBag from /opt/airflow/dags/netflix_dag.py
[2026-09-08T05:29:44.456+0000] {processor.py:840} INFO - DAG(s) 'netflix_etl_pipeline' retrieved from /opt/airflow/dags/netflix_dag.py
[2026-09-08T05:29:44.506+0000] {logging_mixin.py:188} INFO - [2026-09-08T05:29:44.505+0000] {dag.py:3089} INFO - Sync 1 DAGs
[2026-09-08T05:29:44.552+0000] {logging_mixin.py:188} INFO - [2026-09-08T05:29:44.552+0000] {dag.py:3947} INFO - Setting next_dagrun for netflix_etl_pipeline to 2026-09-07 00:00:00+00:00, run_after=2026-09-08 00:00:00+00:00
[2026-09-08T05:29:44.591+0000] {processor.py:183} INFO - Processing /opt/airflow/dags/netflix_dag.py took 0.174 seconds
[2026-09-08T05:30:14.792+0000] {processor.py:161} INFO - Started process (PID=4274) to work on /opt/airflow/dags/netflix_dag.py
[2026-09-08T05:30:14.794+0000] {processor.py:830} INFO - Processing file /opt/airflow/dags/netflix_dag.py for tasks to queue
[2026-09-08T05:30:14.797+0000] {logging_mixin.py:188} INFO - [2026-09-08T05:30:14.796+0000] {dagbag.py:545} INFO - Filling up the DagBag from /opt/airflow/dags/netflix_dag.py
[2026-09-08T05:30:14.831+0000] {processor.py:840} INFO - DAG(s) 'netflix_etl_pipeline' retrieved from /opt/airflow/dags/netflix_dag.py
[2026-09-08T05:30:14.945+0000] {logging_mixin.py:188} INFO - [2026-09-08T05:30:14.944+0000] {dag.py:3089} INFO - Sync 1 DAGs
[2026-09-08T05:30:15.009+0000] {logging_mixin.py:188} INFO - [2026-09-08T05:30:15.009+0000] {dag.py:3947} INFO - Setting next_dagrun for netflix_etl_pipeline to 2026-09-07 00:00:00+00:00, run_after=2026-09-08 00:00:00+00:00
[2026-09-08T05:30:15.050+0000] {processor.py:183} INFO - Processing /opt/airflow/dags/netflix_dag.py took 0.267 seconds
[2026-09-08T05:30:45.250+0000] {processor.py:161} INFO - Started process (PID=4285) to work on /opt/airflow/dags/netflix_dag.py
[2026-09-08T05:30:45.251+0000] {processor.py:830} INFO - Processing file /opt/airflow/dags/netflix_dag.py for tasks to queue
[2026-09-08T05:30:45.254+0000] {logging_mixin.py:188} INFO - [2026-09-08T05:30:45.254+0000] {dagbag.py:545} INFO - Filling up the DagBag from /opt/airflow/dags/netflix_dag.py
[2026-09-08T05:30:45.282+0000] {processor.py:840} INFO - DAG(s) 'netflix_etl_pipeline' retrieved from /opt/airflow/dags/netflix_dag.py
[2026-09-08T05:30:45.331+0000] {logging_mixin.py:188} INFO - [2026-09-08T05:30:45.330+0000] {dag.py:3089} INFO - Sync 1 DAGs
[2026-09-08T05:30:45.357+0000] {logging_mixin.py:188} INFO - [2026-09-08T05:30:45.357+0000] {dag.py:3947} INFO - Setting next_dagrun for netflix_etl_pipeline to 2026-09-07 00:00:00+00:00, run_after=2026-09-08 00:00:00+00:00
[2026-09-08T05:30:45.383+0000] {processor.py:183} INFO - Processing /opt/airflow/dags/netflix_dag.py took 0.140 seconds
[2026-09-08T05:31:15.949+0000] {processor.py:161} INFO - Started process (PID=4296) to work on /opt/airflow/dags/netflix_dag.py
[2026-09-08T05:31:15.951+0000] {processor.py:830} INFO - Processing file /opt/airflow/dags/netflix_dag.py for tasks to queue
[2026-09-08T05:31:15.953+0000] {logging_mixin.py:188} INFO - [2026-09-08T05:31:15.953+0000] {dagbag.py:545} INFO - Filling up the DagBag from /opt/airflow/dags/netflix_dag.py
[2026-09-08T05:31:15.973+0000] {processor.py:840} INFO - DAG(s) 'netflix_etl_pipeline' retrieved from /opt/airflow/dags/netflix_dag.py
[2026-09-08T05:31:16.011+0000] {logging_mixin.py:188} INFO - [2026-09-08T05:31:16.010+0000] {dag.py:3089} INFO - Sync 1 DAGs
[2026-09-08T05:31:16.035+0000] {logging_mixin.py:188} INFO - [2026-09-08T05:31:16.035+0000] {dag.py:3947} INFO - Setting next_dagrun for netflix_etl_pipeline to 2026-09-07 00:00:00+00:00, run_after=2026-09-08 00:00:00+00:00
[2026-09-08T05:31:16.058+0000] {processor.py:183} INFO - Processing /opt/airflow/dags/netflix_dag.py took 0.114 seconds
[2026-09-08T05:31:46.864+0000] {processor.py:161} INFO - Started process (PID=4307) to work on /opt/airflow/dags/netflix_dag.py
[2026-09-08T05:31:46.882+0000] {processor.py:830} INFO - Processing file /opt/airflow/dags/netflix_dag.py for tasks to queue
[2026-09-08T05:31:46.941+0000] {logging_mixin.py:188} INFO - [2026-09-08T05:31:46.902+0000] {dagbag.py:545} INFO - Filling up the DagBag from /opt/airflow/dags/netflix_dag.py
[2026-09-08T05:31:48.051+0000] {processor.py:840} INFO - DAG(s) 'netflix_etl_pipeline' retrieved from /opt/airflow/dags/netflix_dag.py
[2026-09-08T05:31:49.788+0000] {logging_mixin.py:188} INFO - [2026-09-08T05:31:49.788+0000] {dag.py:3089} INFO - Sync 1 DAGs
[2026-09-08T05:31:50.746+0000] {logging_mixin.py:188} INFO - [2026-09-08T05:31:50.490+0000] {dag.py:3947} INFO - Setting next_dagrun for netflix_etl_pipeline to 2026-09-07 00:00:00+00:00, run_after=2026-09-08 00:00:00+00:00
[2026-09-08T05:31:50.880+0000] {processor.py:183} INFO - Processing /opt/airflow/dags/netflix_dag.py took 4.202 seconds
[2026-09-08T05:32:21.749+0000] {processor.py:161} INFO - Started process (PID=4318) to work on /opt/airflow/dags/netflix_dag.py
[2026-09-08T05:32:21.765+0000] {processor.py:830} INFO - Processing file /opt/airflow/dags/netflix_dag.py for tasks to queue
[2026-09-08T05:32:21.769+0000] {logging_mixin.py:188} INFO - [2026-09-08T05:32:21.769+0000] {dagbag.py:545} INFO - Filling up the DagBag from /opt/airflow/dags/netflix_dag.py
[2026-09-08T05:32:21.799+0000] {processor.py:840} INFO - DAG(s) 'netflix_etl_pipeline' retrieved from /opt/airflow/dags/netflix_dag.py
[2026-09-08T05:32:21.847+0000] {logging_mixin.py:188} INFO - [2026-09-08T05:32:21.846+0000] {dag.py:3089} INFO - Sync 1 DAGs
[2026-09-08T05:32:21.878+0000] {logging_mixin.py:188} INFO - [2026-09-08T05:32:21.878+0000] {dag.py:3947} INFO - Setting next_dagrun for netflix_etl_pipeline to 2026-09-07 00:00:00+00:00, run_after=2026-09-08 00:00:00+00:00
[2026-09-08T05:32:21.986+0000] {processor.py:183} INFO - Processing /opt/airflow/dags/netflix_dag.py took 0.248 seconds
[2026-09-08T05:32:52.650+0000] {processor.py:161} INFO - Started process (PID=4329) to work on /opt/airflow/dags/netflix_dag.py
[2026-09-08T05:32:52.653+0000] {processor.py:830} INFO - Processing file /opt/airflow/dags/netflix_dag.py for tasks to queue
[2026-09-08T05:32:52.656+0000] {logging_mixin.py:188} INFO - [2026-09-08T05:32:52.656+0000] {dagbag.py:545} INFO - Filling up the DagBag from /opt/airflow/dags/netflix_dag.py
[2026-09-08T05:32:52.685+0000] {processor.py:840} INFO - DAG(s) 'netflix_etl_pipeline' retrieved from /opt/airflow/dags/netflix_dag.py
[2026-09-08T05:32:52.734+0000] {logging_mixin.py:188} INFO - [2026-09-08T05:32:52.734+0000] {dag.py:3089} INFO - Sync 1 DAGs
[2026-09-08T05:32:52.767+0000] {logging_mixin.py:188} INFO - [2026-09-08T05:32:52.767+0000] {dag.py:3947} INFO - Setting next_dagrun for netflix_etl_pipeline to 2026-09-07 00:00:00+00:00, run_after=2026-09-08 00:00:00+00:00
[2026-09-08T05:32:52.804+0000] {processor.py:183} INFO - Processing /opt/airflow/dags/netflix_dag.py took 0.164 seconds
[2026-09-08T05:33:23.099+0000] {processor.py:161} INFO - Started process (PID=4340) to work on /opt/airflow/dags/netflix_dag.py
[2026-09-08T05:33:23.101+0000] {processor.py:830} INFO - Processing file /opt/airflow/dags/netflix_dag.py for tasks to queue
[2026-09-08T05:33:23.105+0000] {logging_mixin.py:188} INFO - [2026-09-08T05:33:23.104+0000] {dagbag.py:545} INFO - Filling up the DagBag from /opt/airflow/dags/netflix_dag.py
[2026-09-08T05:33:23.136+0000] {processor.py:840} INFO - DAG(s) 'netflix_etl_pipeline' retrieved from /opt/airflow/dags/netflix_dag.py
[2026-09-08T05:33:23.189+0000] {logging_mixin.py:188} INFO - [2026-09-08T05:33:23.189+0000] {dag.py:3089} INFO - Sync 1 DAGs
[2026-09-08T05:33:23.220+0000] {logging_mixin.py:188} INFO - [2026-09-08T05:33:23.219+0000] {dag.py:3947} INFO - Setting next_dagrun for netflix_etl_pipeline to 2026-09-07 00:00:00+00:00, run_after=2026-09-08 00:00:00+00:00
[2026-09-08T05:33:23.247+0000] {processor.py:183} INFO - Processing /opt/airflow/dags/netflix_dag.py took 0.159 seconds
[2026-09-08T05:33:53.758+0000] {processor.py:161} INFO - Started process (PID=4351) to work on /opt/airflow/dags/netflix_dag.py
[2026-09-08T05:33:53.760+0000] {processor.py:830} INFO - Processing file /opt/airflow/dags/netflix_dag.py for tasks to queue
[2026-09-08T05:33:53.763+0000] {logging_mixin.py:188} INFO - [2026-09-08T05:33:53.763+0000] {dagbag.py:545} INFO - Filling up the DagBag from /opt/airflow/dags/netflix_dag.py
[2026-09-08T05:33:53.797+0000] {processor.py:840} INFO - DAG(s) 'netflix_etl_pipeline' retrieved from /opt/airflow/dags/netflix_dag.py
[2026-09-08T05:33:53.843+0000] {logging_mixin.py:188} INFO - [2026-09-08T05:33:53.842+0000] {dag.py:3089} INFO - Sync 1 DAGs
[2026-09-08T05:33:53.872+0000] {logging_mixin.py:188} INFO - [2026-09-08T05:33:53.871+0000] {dag.py:3947} INFO - Setting next_dagrun for netflix_etl_pipeline to 2026-09-07 00:00:00+00:00, run_after=2026-09-08 00:00:00+00:00
[2026-09-08T05:33:53.899+0000] {processor.py:183} INFO - Processing /opt/airflow/dags/netflix_dag.py took 0.151 seconds
[2026-09-08T05:34:24.257+0000] {processor.py:161} INFO - Started process (PID=4362) to work on /opt/airflow/dags/netflix_dag.py
[2026-09-08T05:34:24.259+0000] {processor.py:830} INFO - Processing file /opt/airflow/dags/netflix_dag.py for tasks to queue
[2026-09-08T05:34:24.262+0000] {logging_mixin.py:188} INFO - [2026-09-08T05:34:24.261+0000] {dagbag.py:545} INFO - Filling up the DagBag from /opt/airflow/dags/netflix_dag.py
[2026-09-08T05:34:24.291+0000] {processor.py:840} INFO - DAG(s) 'netflix_etl_pipeline' retrieved from /opt/airflow/dags/netflix_dag.py
[2026-09-08T05:34:24.367+0000] {logging_mixin.py:188} INFO - [2026-09-08T05:34:24.366+0000] {dag.py:3089} INFO - Sync 1 DAGs
[2026-09-08T05:34:24.396+0000] {logging_mixin.py:188} INFO - [2026-09-08T05:34:24.396+0000] {dag.py:3947} INFO - Setting next_dagrun for netflix_etl_pipeline to 2026-09-07 00:00:00+00:00, run_after=2026-09-08 00:00:00+00:00
[2026-09-08T05:34:24.423+0000] {processor.py:183} INFO - Processing /opt/airflow/dags/netflix_dag.py took 0.174 seconds
[2026-09-08T05:34:54.722+0000] {processor.py:161} INFO - Started process (PID=4373) to work on /opt/airflow/dags/netflix_dag.py
[2026-09-08T05:34:54.724+0000] {processor.py:830} INFO - Processing file /opt/airflow/dags/netflix_dag.py for tasks to queue
[2026-09-08T05:34:54.727+0000] {logging_mixin.py:188} INFO - [2026-09-08T05:34:54.727+0000] {dagbag.py:545} INFO - Filling up the DagBag from /opt/airflow/dags/netflix_dag.py
[2026-09-08T05:34:54.759+0000] {processor.py:840} INFO - DAG(s) 'netflix_etl_pipeline' retrieved from /opt/airflow/dags/netflix_dag.py
[2026-09-08T05:34:54.806+0000] {logging_mixin.py:188} INFO - [2026-09-08T05:34:54.806+0000] {dag.py:3089} INFO - Sync 1 DAGs
[2026-09-08T05:34:54.836+0000] {logging_mixin.py:188} INFO - [2026-09-08T05:34:54.835+0000] {dag.py:3947} INFO - Setting next_dagrun for netflix_etl_pipeline to 2026-09-07 00:00:00+00:00, run_after=2026-09-08 00:00:00+00:00
[2026-09-08T05:34:54.865+0000] {processor.py:183} INFO - Processing /opt/airflow/dags/netflix_dag.py took 0.151 seconds
[2026-09-08T05:35:25.397+0000] {processor.py:161} INFO - Started process (PID=4384) to work on /opt/airflow/dags/netflix_dag.py
[2026-09-08T05:35:25.399+0000] {processor.py:830} INFO - Processing file /opt/airflow/dags/netflix_dag.py for tasks to queue
[2026-09-08T05:35:25.403+0000] {logging_mixin.py:188} INFO - [2026-09-08T05:35:25.402+0000] {dagbag.py:545} INFO - Filling up the DagBag from /opt/airflow/dags/netflix_dag.py
[2026-09-08T05:35:25.434+0000] {processor.py:840} INFO - DAG(s) 'netflix_etl_pipeline' retrieved from /opt/airflow/dags/netflix_dag.py
[2026-09-08T05:35:25.483+0000] {logging_mixin.py:188} INFO - [2026-09-08T05:35:25.483+0000] {dag.py:3089} INFO - Sync 1 DAGs
[2026-09-08T05:35:25.514+0000] {logging_mixin.py:188} INFO - [2026-09-08T05:35:25.514+0000] {dag.py:3947} INFO - Setting next_dagrun for netflix_etl_pipeline to 2026-09-07 00:00:00+00:00, run_after=2026-09-08 00:00:00+00:00
[2026-09-08T05:35:25.542+0000] {processor.py:183} INFO - Processing /opt/airflow/dags/netflix_dag.py took 0.156 seconds
[2026-09-08T05:35:55.821+0000] {processor.py:161} INFO - Started process (PID=4396) to work on /opt/airflow/dags/netflix_dag.py
[2026-09-08T05:35:55.823+0000] {processor.py:830} INFO - Processing file /opt/airflow/dags/netflix_dag.py for tasks to queue
[2026-09-08T05:35:55.827+0000] {logging_mixin.py:188} INFO - [2026-09-08T05:35:55.827+0000] {dagbag.py:545} INFO - Filling up the DagBag from /opt/airflow/dags/netflix_dag.py
[2026-09-08T05:35:55.858+0000] {processor.py:840} INFO - DAG(s) 'netflix_etl_pipeline' retrieved from /opt/airflow/dags/netflix_dag.py
[2026-09-08T05:35:55.909+0000] {logging_mixin.py:188} INFO - [2026-09-08T05:35:55.909+0000] {dag.py:3089} INFO - Sync 1 DAGs
[2026-09-08T05:35:55.939+0000] {logging_mixin.py:188} INFO - [2026-09-08T05:35:55.939+0000] {dag.py:3947} INFO - Setting next_dagrun for netflix_etl_pipeline to 2026-09-07 00:00:00+00:00, run_after=2026-09-08 00:00:00+00:00
[2026-09-08T05:35:55.968+0000] {processor.py:183} INFO - Processing /opt/airflow/dags/netflix_dag.py took 0.156 seconds
[2026-09-08T05:36:26.399+0000] {processor.py:161} INFO - Started process (PID=4408) to work on /opt/airflow/dags/netflix_dag.py
[2026-09-08T05:36:26.401+0000] {processor.py:830} INFO - Processing file /opt/airflow/dags/netflix_dag.py for tasks to queue
[2026-09-08T05:36:26.405+0000] {logging_mixin.py:188} INFO - [2026-09-08T05:36:26.404+0000] {dagbag.py:545} INFO - Filling up the DagBag from /opt/airflow/dags/netflix_dag.py
[2026-09-08T05:36:26.438+0000] {processor.py:840} INFO - DAG(s) 'netflix_etl_pipeline' retrieved from /opt/airflow/dags/netflix_dag.py
[2026-09-08T05:36:26.484+0000] {logging_mixin.py:188} INFO - [2026-09-08T05:36:26.483+0000] {dag.py:3089} INFO - Sync 1 DAGs
[2026-09-08T05:36:26.514+0000] {logging_mixin.py:188} INFO - [2026-09-08T05:36:26.514+0000] {dag.py:3947} INFO - Setting next_dagrun for netflix_etl_pipeline to 2026-09-07 00:00:00+00:00, run_after=2026-09-08 00:00:00+00:00
[2026-09-08T05:36:26.542+0000] {processor.py:183} INFO - Processing /opt/airflow/dags/netflix_dag.py took 0.153 seconds
[2026-09-08T05:36:56.864+0000] {processor.py:161} INFO - Started process (PID=4419) to work on /opt/airflow/dags/netflix_dag.py
[2026-09-08T05:36:56.866+0000] {processor.py:830} INFO - Processing file /opt/airflow/dags/netflix_dag.py for tasks to queue
[2026-09-08T05:36:56.869+0000] {logging_mixin.py:188} INFO - [2026-09-08T05:36:56.869+0000] {dagbag.py:545} INFO - Filling up the DagBag from /opt/airflow/dags/netflix_dag.py
[2026-09-08T05:36:56.900+0000] {processor.py:840} INFO - DAG(s) 'netflix_etl_pipeline' retrieved from /opt/airflow/dags/netflix_dag.py
[2026-09-08T05:36:56.947+0000] {logging_mixin.py:188} INFO - [2026-09-08T05:36:56.946+0000] {dag.py:3089} INFO - Sync 1 DAGs
[2026-09-08T05:36:56.977+0000] {logging_mixin.py:188} INFO - [2026-09-08T05:36:56.976+0000] {dag.py:3947} INFO - Setting next_dagrun for netflix_etl_pipeline to 2026-09-07 00:00:00+00:00, run_after=2026-09-08 00:00:00+00:00
[2026-09-08T05:36:57.005+0000] {processor.py:183} INFO - Processing /opt/airflow/dags/netflix_dag.py took 0.150 seconds
[2026-09-08T05:37:27.399+0000] {processor.py:161} INFO - Started process (PID=4430) to work on /opt/airflow/dags/netflix_dag.py
[2026-09-08T05:37:27.401+0000] {processor.py:830} INFO - Processing file /opt/airflow/dags/netflix_dag.py for tasks to queue
[2026-09-08T05:37:27.405+0000] {logging_mixin.py:188} INFO - [2026-09-08T05:37:27.404+0000] {dagbag.py:545} INFO - Filling up the DagBag from /opt/airflow/dags/netflix_dag.py
[2026-09-08T05:37:27.440+0000] {processor.py:840} INFO - DAG(s) 'netflix_etl_pipeline' retrieved from /opt/airflow/dags/netflix_dag.py
[2026-09-08T05:37:27.486+0000] {logging_mixin.py:188} INFO - [2026-09-08T05:37:27.486+0000] {dag.py:3089} INFO - Sync 1 DAGs
[2026-09-08T05:37:27.517+0000] {logging_mixin.py:188} INFO - [2026-09-08T05:37:27.517+0000] {dag.py:3947} INFO - Setting next_dagrun for netflix_etl_pipeline to 2026-09-07 00:00:00+00:00, run_after=2026-09-08 00:00:00+00:00
[2026-09-08T05:37:27.545+0000] {processor.py:183} INFO - Processing /opt/airflow/dags/netflix_dag.py took 0.155 seconds
[2026-09-08T05:37:57.886+0000] {processor.py:161} INFO - Started process (PID=4441) to work on /opt/airflow/dags/netflix_dag.py
[2026-09-08T05:37:57.888+0000] {processor.py:830} INFO - Processing file /opt/airflow/dags/netflix_dag.py for tasks to queue
[2026-09-08T05:37:57.892+0000] {logging_mixin.py:188} INFO - [2026-09-08T05:37:57.891+0000] {dagbag.py:545} INFO - Filling up the DagBag from /opt/airflow/dags/netflix_dag.py
[2026-09-08T05:37:57.924+0000] {processor.py:840} INFO - DAG(s) 'netflix_etl_pipeline' retrieved from /opt/airflow/dags/netflix_dag.py
[2026-09-08T05:37:57.971+0000] {logging_mixin.py:188} INFO - [2026-09-08T05:37:57.971+0000] {dag.py:3089} INFO - Sync 1 DAGs
[2026-09-08T05:37:58.000+0000] {logging_mixin.py:188} INFO - [2026-09-08T05:37:58.000+0000] {dag.py:3947} INFO - Setting next_dagrun for netflix_etl_pipeline to 2026-09-07 00:00:00+00:00, run_after=2026-09-08 00:00:00+00:00
[2026-09-08T05:37:58.030+0000] {processor.py:183} INFO - Processing /opt/airflow/dags/netflix_dag.py took 0.153 seconds
[2026-09-08T05:38:28.469+0000] {processor.py:161} INFO - Started process (PID=4452) to work on /opt/airflow/dags/netflix_dag.py
[2026-09-08T05:38:28.471+0000] {processor.py:830} INFO - Processing file /opt/airflow/dags/netflix_dag.py for tasks to queue
[2026-09-08T05:38:28.474+0000] {logging_mixin.py:188} INFO - [2026-09-08T05:38:28.474+0000] {dagbag.py:545} INFO - Filling up the DagBag from /opt/airflow/dags/netflix_dag.py
[2026-09-08T05:38:28.508+0000] {processor.py:840} INFO - DAG(s) 'netflix_etl_pipeline' retrieved from /opt/airflow/dags/netflix_dag.py
[2026-09-08T05:38:28.554+0000] {logging_mixin.py:188} INFO - [2026-09-08T05:38:28.554+0000] {dag.py:3089} INFO - Sync 1 DAGs
[2026-09-08T05:38:28.584+0000] {logging_mixin.py:188} INFO - [2026-09-08T05:38:28.584+0000] {dag.py:3947} INFO - Setting next_dagrun for netflix_etl_pipeline to 2026-09-07 00:00:00+00:00, run_after=2026-09-08 00:00:00+00:00
[2026-09-08T05:38:28.613+0000] {processor.py:183} INFO - Processing /opt/airflow/dags/netflix_dag.py took 0.153 seconds
[2026-09-08T05:38:58.945+0000] {processor.py:161} INFO - Started process (PID=4463) to work on /opt/airflow/dags/netflix_dag.py
[2026-09-08T05:38:58.947+0000] {processor.py:830} INFO - Processing file /opt/airflow/dags/netflix_dag.py for tasks to queue
[2026-09-08T05:38:58.950+0000] {logging_mixin.py:188} INFO - [2026-09-08T05:38:58.950+0000] {dagbag.py:545} INFO - Filling up the DagBag from /opt/airflow/dags/netflix_dag.py
[2026-09-08T05:38:58.982+0000] {processor.py:840} INFO - DAG(s) 'netflix_etl_pipeline' retrieved from /opt/airflow/dags/netflix_dag.py
[2026-09-08T05:38:59.030+0000] {logging_mixin.py:188} INFO - [2026-09-08T05:38:59.029+0000] {dag.py:3089} INFO - Sync 1 DAGs
[2026-09-08T05:38:59.059+0000] {logging_mixin.py:188} INFO - [2026-09-08T05:38:59.059+0000] {dag.py:3947} INFO - Setting next_dagrun for netflix_etl_pipeline to 2026-09-07 00:00:00+00:00, run_after=2026-09-08 00:00:00+00:00
[2026-09-08T05:38:59.087+0000] {processor.py:183} INFO - Processing /opt/airflow/dags/netflix_dag.py took 0.150 seconds
[2026-09-08T05:39:29.616+0000] {processor.py:161} INFO - Started process (PID=4475) to work on /opt/airflow/dags/netflix_dag.py
[2026-09-08T05:39:29.618+0000] {processor.py:830} INFO - Processing file /opt/airflow/dags/netflix_dag.py for tasks to queue
[2026-09-08T05:39:29.622+0000] {logging_mixin.py:188} INFO - [2026-09-08T05:39:29.621+0000] {dagbag.py:545} INFO - Filling up the DagBag from /opt/airflow/dags/netflix_dag.py
[2026-09-08T05:39:29.657+0000] {processor.py:840} INFO - DAG(s) 'netflix_etl_pipeline' retrieved from /opt/airflow/dags/netflix_dag.py
[2026-09-08T05:39:29.712+0000] {logging_mixin.py:188} INFO - [2026-09-08T05:39:29.712+0000] {dag.py:3089} INFO - Sync 1 DAGs
[2026-09-08T05:39:29.741+0000] {logging_mixin.py:188} INFO - [2026-09-08T05:39:29.741+0000] {dag.py:3947} INFO - Setting next_dagrun for netflix_etl_pipeline to 2026-09-07 00:00:00+00:00, run_after=2026-09-08 00:00:00+00:00
[2026-09-08T05:39:29.769+0000] {processor.py:183} INFO - Processing /opt/airflow/dags/netflix_dag.py took 0.161 seconds
[2026-09-08T05:40:00.090+0000] {processor.py:161} INFO - Started process (PID=4487) to work on /opt/airflow/dags/netflix_dag.py
[2026-09-08T05:40:00.092+0000] {processor.py:830} INFO - Processing file /opt/airflow/dags/netflix_dag.py for tasks to queue
[2026-09-08T05:40:00.096+0000] {logging_mixin.py:188} INFO - [2026-09-08T05:40:00.095+0000] {dagbag.py:545} INFO - Filling up the DagBag from /opt/airflow/dags/netflix_dag.py
[2026-09-08T05:40:00.130+0000] {processor.py:840} INFO - DAG(s) 'netflix_etl_pipeline' retrieved from /opt/airflow/dags/netflix_dag.py
[2026-09-08T05:40:00.176+0000] {logging_mixin.py:188} INFO - [2026-09-08T05:40:00.176+0000] {dag.py:3089} INFO - Sync 1 DAGs
[2026-09-08T05:40:00.206+0000] {logging_mixin.py:188} INFO - [2026-09-08T05:40:00.206+0000] {dag.py:3947} INFO - Setting next_dagrun for netflix_etl_pipeline to 2026-09-07 00:00:00+00:00, run_after=2026-09-08 00:00:00+00:00
[2026-09-08T05:40:00.234+0000] {processor.py:183} INFO - Processing /opt/airflow/dags/netflix_dag.py took 0.155 seconds
[2026-09-08T05:40:30.736+0000] {processor.py:161} INFO - Started process (PID=4498) to work on /opt/airflow/dags/netflix_dag.py
[2026-09-08T05:40:30.738+0000] {processor.py:830} INFO - Processing file /opt/airflow/dags/netflix_dag.py for tasks to queue
[2026-09-08T05:40:30.741+0000] {logging_mixin.py:188} INFO - [2026-09-08T05:40:30.741+0000] {dagbag.py:545} INFO - Filling up the DagBag from /opt/airflow/dags/netflix_dag.py
[2026-09-08T05:40:30.772+0000] {processor.py:840} INFO - DAG(s) 'netflix_etl_pipeline' retrieved from /opt/airflow/dags/netflix_dag.py
[2026-09-08T05:40:30.817+0000] {logging_mixin.py:188} INFO - [2026-09-08T05:40:30.816+0000] {dag.py:3089} INFO - Sync 1 DAGs
[2026-09-08T05:40:30.846+0000] {logging_mixin.py:188} INFO - [2026-09-08T05:40:30.845+0000] {dag.py:3947} INFO - Setting next_dagrun for netflix_etl_pipeline to 2026-09-07 00:00:00+00:00, run_after=2026-09-08 00:00:00+00:00
[2026-09-08T05:40:30.873+0000] {processor.py:183} INFO - Processing /opt/airflow/dags/netflix_dag.py took 0.144 seconds
[2026-09-08T05:41:01.225+0000] {processor.py:161} INFO - Started process (PID=4510) to work on /opt/airflow/dags/netflix_dag.py
[2026-09-08T05:41:01.227+0000] {processor.py:830} INFO - Processing file /opt/airflow/dags/netflix_dag.py for tasks to queue
[2026-09-08T05:41:01.231+0000] {logging_mixin.py:188} INFO - [2026-09-08T05:41:01.230+0000] {dagbag.py:545} INFO - Filling up the DagBag from /opt/airflow/dags/netflix_dag.py
[2026-09-08T05:41:01.264+0000] {processor.py:840} INFO - DAG(s) 'netflix_etl_pipeline' retrieved from /opt/airflow/dags/netflix_dag.py
[2026-09-08T05:41:01.314+0000] {logging_mixin.py:188} INFO - [2026-09-08T05:41:01.313+0000] {dag.py:3089} INFO - Sync 1 DAGs
[2026-09-08T05:41:01.344+0000] {logging_mixin.py:188} INFO - [2026-09-08T05:41:01.344+0000] {dag.py:3947} INFO - Setting next_dagrun for netflix_etl_pipeline to 2026-09-07 00:00:00+00:00, run_after=2026-09-08 00:00:00+00:00
[2026-09-08T05:41:01.373+0000] {processor.py:183} INFO - Processing /opt/airflow/dags/netflix_dag.py took 0.158 seconds
[2026-09-08T05:41:31.752+0000] {processor.py:161} INFO - Started process (PID=4521) to work on /opt/airflow/dags/netflix_dag.py
[2026-09-08T05:41:31.753+0000] {processor.py:830} INFO - Processing file /opt/airflow/dags/netflix_dag.py for tasks to queue
[2026-09-08T05:41:31.756+0000] {logging_mixin.py:188} INFO - [2026-09-08T05:41:31.756+0000] {dagbag.py:545} INFO - Filling up the DagBag from /opt/airflow/dags/netflix_dag.py
[2026-09-08T05:41:31.782+0000] {processor.py:840} INFO - DAG(s) 'netflix_etl_pipeline' retrieved from /opt/airflow/dags/netflix_dag.py
[2026-09-08T05:41:31.827+0000] {logging_mixin.py:188} INFO - [2026-09-08T05:41:31.827+0000] {dag.py:3089} INFO - Sync 1 DAGs
[2026-09-08T05:41:31.855+0000] {logging_mixin.py:188} INFO - [2026-09-08T05:41:31.854+0000] {dag.py:3947} INFO - Setting next_dagrun for netflix_etl_pipeline to 2026-09-07 00:00:00+00:00, run_after=2026-09-08 00:00:00+00:00
[2026-09-08T05:41:31.882+0000] {processor.py:183} INFO - Processing /opt/airflow/dags/netflix_dag.py took 0.138 seconds
[2026-09-08T05:42:02.337+0000] {processor.py:161} INFO - Started process (PID=4532) to work on /opt/airflow/dags/netflix_dag.py
[2026-09-08T05:42:02.339+0000] {processor.py:830} INFO - Processing file /opt/airflow/dags/netflix_dag.py for tasks to queue
[2026-09-08T05:42:02.345+0000] {logging_mixin.py:188} INFO - [2026-09-08T05:42:02.344+0000] {dagbag.py:545} INFO - Filling up the DagBag from /opt/airflow/dags/netflix_dag.py
[2026-09-08T05:42:02.378+0000] {processor.py:840} INFO - DAG(s) 'netflix_etl_pipeline' retrieved from /opt/airflow/dags/netflix_dag.py
[2026-09-08T05:42:02.439+0000] {logging_mixin.py:188} INFO - [2026-09-08T05:42:02.438+0000] {dag.py:3089} INFO - Sync 1 DAGs
[2026-09-08T05:42:02.475+0000] {logging_mixin.py:188} INFO - [2026-09-08T05:42:02.474+0000] {dag.py:3947} INFO - Setting next_dagrun for netflix_etl_pipeline to 2026-09-07 00:00:00+00:00, run_after=2026-09-08 00:00:00+00:00
[2026-09-08T05:42:02.503+0000] {processor.py:183} INFO - Processing /opt/airflow/dags/netflix_dag.py took 0.177 seconds
[2026-09-08T05:42:32.820+0000] {processor.py:161} INFO - Started process (PID=4543) to work on /opt/airflow/dags/netflix_dag.py
[2026-09-08T05:42:32.822+0000] {processor.py:830} INFO - Processing file /opt/airflow/dags/netflix_dag.py for tasks to queue
[2026-09-08T05:42:32.826+0000] {logging_mixin.py:188} INFO - [2026-09-08T05:42:32.826+0000] {dagbag.py:545} INFO - Filling up the DagBag from /opt/airflow/dags/netflix_dag.py
[2026-09-08T05:42:32.858+0000] {processor.py:840} INFO - DAG(s) 'netflix_etl_pipeline' retrieved from /opt/airflow/dags/netflix_dag.py
[2026-09-08T05:42:32.907+0000] {logging_mixin.py:188} INFO - [2026-09-08T05:42:32.907+0000] {dag.py:3089} INFO - Sync 1 DAGs
[2026-09-08T05:42:32.937+0000] {logging_mixin.py:188} INFO - [2026-09-08T05:42:32.937+0000] {dag.py:3947} INFO - Setting next_dagrun for netflix_etl_pipeline to 2026-09-07 00:00:00+00:00, run_after=2026-09-08 00:00:00+00:00
[2026-09-08T05:42:32.964+0000] {processor.py:183} INFO - Processing /opt/airflow/dags/netflix_dag.py took 0.152 seconds
[2026-09-08T05:43:03.398+0000] {processor.py:161} INFO - Started process (PID=4554) to work on /opt/airflow/dags/netflix_dag.py
[2026-09-08T05:43:03.400+0000] {processor.py:830} INFO - Processing file /opt/airflow/dags/netflix_dag.py for tasks to queue
[2026-09-08T05:43:03.404+0000] {logging_mixin.py:188} INFO - [2026-09-08T05:43:03.404+0000] {dagbag.py:545} INFO - Filling up the DagBag from /opt/airflow/dags/netflix_dag.py
[2026-09-08T05:43:03.432+0000] {processor.py:840} INFO - DAG(s) 'netflix_etl_pipeline' retrieved from /opt/airflow/dags/netflix_dag.py
[2026-09-08T05:43:03.477+0000] {logging_mixin.py:188} INFO - [2026-09-08T05:43:03.477+0000] {dag.py:3089} INFO - Sync 1 DAGs
[2026-09-08T05:43:03.505+0000] {logging_mixin.py:188} INFO - [2026-09-08T05:43:03.505+0000] {dag.py:3947} INFO - Setting next_dagrun for netflix_etl_pipeline to 2026-09-07 00:00:00+00:00, run_after=2026-09-08 00:00:00+00:00
[2026-09-08T05:43:03.532+0000] {processor.py:183} INFO - Processing /opt/airflow/dags/netflix_dag.py took 0.142 seconds
[2026-09-08T05:43:33.961+0000] {processor.py:161} INFO - Started process (PID=4565) to work on /opt/airflow/dags/netflix_dag.py
[2026-09-08T05:43:33.963+0000] {processor.py:830} INFO - Processing file /opt/airflow/dags/netflix_dag.py for tasks to queue
[2026-09-08T05:43:33.966+0000] {logging_mixin.py:188} INFO - [2026-09-08T05:43:33.966+0000] {dagbag.py:545} INFO - Filling up the DagBag from /opt/airflow/dags/netflix_dag.py
[2026-09-08T05:43:33.999+0000] {processor.py:840} INFO - DAG(s) 'netflix_etl_pipeline' retrieved from /opt/airflow/dags/netflix_dag.py
[2026-09-08T05:43:34.046+0000] {logging_mixin.py:188} INFO - [2026-09-08T05:43:34.046+0000] {dag.py:3089} INFO - Sync 1 DAGs
[2026-09-08T05:43:34.076+0000] {logging_mixin.py:188} INFO - [2026-09-08T05:43:34.076+0000] {dag.py:3947} INFO - Setting next_dagrun for netflix_etl_pipeline to 2026-09-07 00:00:00+00:00, run_after=2026-09-08 00:00:00+00:00
[2026-09-08T05:43:34.104+0000] {processor.py:183} INFO - Processing /opt/airflow/dags/netflix_dag.py took 0.152 seconds
[2026-09-08T05:44:04.472+0000] {processor.py:161} INFO - Started process (PID=4576) to work on /opt/airflow/dags/netflix_dag.py
[2026-09-08T05:44:04.475+0000] {processor.py:830} INFO - Processing file /opt/airflow/dags/netflix_dag.py for tasks to queue
[2026-09-08T05:44:04.479+0000] {logging_mixin.py:188} INFO - [2026-09-08T05:44:04.479+0000] {dagbag.py:545} INFO - Filling up the DagBag from /opt/airflow/dags/netflix_dag.py
[2026-09-08T05:44:04.511+0000] {processor.py:840} INFO - DAG(s) 'netflix_etl_pipeline' retrieved from /opt/airflow/dags/netflix_dag.py
[2026-09-08T05:44:04.581+0000] {logging_mixin.py:188} INFO - [2026-09-08T05:44:04.581+0000] {dag.py:3089} INFO - Sync 1 DAGs
[2026-09-08T05:44:04.613+0000] {logging_mixin.py:188} INFO - [2026-09-08T05:44:04.613+0000] {dag.py:3947} INFO - Setting next_dagrun for netflix_etl_pipeline to 2026-09-07 00:00:00+00:00, run_after=2026-09-08 00:00:00+00:00
[2026-09-08T05:44:04.640+0000] {processor.py:183} INFO - Processing /opt/airflow/dags/netflix_dag.py took 0.182 seconds
[2026-09-08T05:44:35.012+0000] {processor.py:161} INFO - Started process (PID=4587) to work on /opt/airflow/dags/netflix_dag.py
[2026-09-08T05:44:35.014+0000] {processor.py:830} INFO - Processing file /opt/airflow/dags/netflix_dag.py for tasks to queue
[2026-09-08T05:44:35.018+0000] {logging_mixin.py:188} INFO - [2026-09-08T05:44:35.017+0000] {dagbag.py:545} INFO - Filling up the DagBag from /opt/airflow/dags/netflix_dag.py
[2026-09-08T05:44:35.051+0000] {processor.py:840} INFO - DAG(s) 'netflix_etl_pipeline' retrieved from /opt/airflow/dags/netflix_dag.py
[2026-09-08T05:44:35.100+0000] {logging_mixin.py:188} INFO - [2026-09-08T05:44:35.099+0000] {dag.py:3089} INFO - Sync 1 DAGs
[2026-09-08T05:44:35.131+0000] {logging_mixin.py:188} INFO - [2026-09-08T05:44:35.130+0000] {dag.py:3947} INFO - Setting next_dagrun for netflix_etl_pipeline to 2026-09-07 00:00:00+00:00, run_after=2026-09-08 00:00:00+00:00
[2026-09-08T05:44:35.158+0000] {processor.py:183} INFO - Processing /opt/airflow/dags/netflix_dag.py took 0.156 seconds
[2026-09-08T05:45:05.549+0000] {processor.py:161} INFO - Started process (PID=4598) to work on /opt/airflow/dags/netflix_dag.py
[2026-09-08T05:45:05.552+0000] {processor.py:830} INFO - Processing file /opt/airflow/dags/netflix_dag.py for tasks to queue
[2026-09-08T05:45:05.555+0000] {logging_mixin.py:188} INFO - [2026-09-08T05:45:05.554+0000] {dagbag.py:545} INFO - Filling up the DagBag from /opt/airflow/dags/netflix_dag.py
[2026-09-08T05:45:05.586+0000] {processor.py:840} INFO - DAG(s) 'netflix_etl_pipeline' retrieved from /opt/airflow/dags/netflix_dag.py
[2026-09-08T05:45:05.633+0000] {logging_mixin.py:188} INFO - [2026-09-08T05:45:05.632+0000] {dag.py:3089} INFO - Sync 1 DAGs
[2026-09-08T05:45:05.664+0000] {logging_mixin.py:188} INFO - [2026-09-08T05:45:05.664+0000] {dag.py:3947} INFO - Setting next_dagrun for netflix_etl_pipeline to 2026-09-07 00:00:00+00:00, run_after=2026-09-08 00:00:00+00:00
[2026-09-08T05:45:05.693+0000] {processor.py:183} INFO - Processing /opt/airflow/dags/netflix_dag.py took 0.152 seconds
[2026-09-08T05:45:36.077+0000] {processor.py:161} INFO - Started process (PID=4609) to work on /opt/airflow/dags/netflix_dag.py
[2026-09-08T05:45:36.079+0000] {processor.py:830} INFO - Processing file /opt/airflow/dags/netflix_dag.py for tasks to queue
[2026-09-08T05:45:36.083+0000] {logging_mixin.py:188} INFO - [2026-09-08T05:45:36.082+0000] {dagbag.py:545} INFO - Filling up the DagBag from /opt/airflow/dags/netflix_dag.py
[2026-09-08T05:45:36.112+0000] {processor.py:840} INFO - DAG(s) 'netflix_etl_pipeline' retrieved from /opt/airflow/dags/netflix_dag.py
[2026-09-08T05:45:36.157+0000] {logging_mixin.py:188} INFO - [2026-09-08T05:45:36.157+0000] {dag.py:3089} INFO - Sync 1 DAGs
[2026-09-08T05:45:36.189+0000] {logging_mixin.py:188} INFO - [2026-09-08T05:45:36.188+0000] {dag.py:3947} INFO - Setting next_dagrun for netflix_etl_pipeline to 2026-09-07 00:00:00+00:00, run_after=2026-09-08 00:00:00+00:00
[2026-09-08T05:45:36.219+0000] {processor.py:183} INFO - Processing /opt/airflow/dags/netflix_dag.py took 0.152 seconds
[2026-09-08T05:46:06.547+0000] {processor.py:161} INFO - Started process (PID=4620) to work on /opt/airflow/dags/netflix_dag.py
[2026-09-08T05:46:06.550+0000] {processor.py:830} INFO - Processing file /opt/airflow/dags/netflix_dag.py for tasks to queue
[2026-09-08T05:46:06.553+0000] {logging_mixin.py:188} INFO - [2026-09-08T05:46:06.553+0000] {dagbag.py:545} INFO - Filling up the DagBag from /opt/airflow/dags/netflix_dag.py
[2026-09-08T05:46:06.588+0000] {processor.py:840} INFO - DAG(s) 'netflix_etl_pipeline' retrieved from /opt/airflow/dags/netflix_dag.py
[2026-09-08T05:46:06.636+0000] {logging_mixin.py:188} INFO - [2026-09-08T05:46:06.636+0000] {dag.py:3089} INFO - Sync 1 DAGs
[2026-09-08T05:46:06.667+0000] {logging_mixin.py:188} INFO - [2026-09-08T05:46:06.667+0000] {dag.py:3947} INFO - Setting next_dagrun for netflix_etl_pipeline to 2026-09-07 00:00:00+00:00, run_after=2026-09-08 00:00:00+00:00
[2026-09-08T05:46:06.693+0000] {processor.py:183} INFO - Processing /opt/airflow/dags/netflix_dag.py took 0.155 seconds
[2026-09-08T05:46:37.150+0000] {processor.py:161} INFO - Started process (PID=4631) to work on /opt/airflow/dags/netflix_dag.py
[2026-09-08T05:46:37.152+0000] {processor.py:830} INFO - Processing file /opt/airflow/dags/netflix_dag.py for tasks to queue
[2026-09-08T05:46:37.156+0000] {logging_mixin.py:188} INFO - [2026-09-08T05:46:37.155+0000] {dagbag.py:545} INFO - Filling up the DagBag from /opt/airflow/dags/netflix_dag.py
[2026-09-08T05:46:37.186+0000] {processor.py:840} INFO - DAG(s) 'netflix_etl_pipeline' retrieved from /opt/airflow/dags/netflix_dag.py
[2026-09-08T05:46:37.231+0000] {logging_mixin.py:188} INFO - [2026-09-08T05:46:37.230+0000] {dag.py:3089} INFO - Sync 1 DAGs
[2026-09-08T05:46:37.260+0000] {logging_mixin.py:188} INFO - [2026-09-08T05:46:37.260+0000] {dag.py:3947} INFO - Setting next_dagrun for netflix_etl_pipeline to 2026-09-07 00:00:00+00:00, run_after=2026-09-08 00:00:00+00:00
[2026-09-08T05:46:37.289+0000] {processor.py:183} INFO - Processing /opt/airflow/dags/netflix_dag.py took 0.146 seconds
[2026-09-08T05:47:07.659+0000] {processor.py:161} INFO - Started process (PID=4642) to work on /opt/airflow/dags/netflix_dag.py
[2026-09-08T05:47:07.661+0000] {processor.py:830} INFO - Processing file /opt/airflow/dags/netflix_dag.py for tasks to queue
[2026-09-08T05:47:07.665+0000] {logging_mixin.py:188} INFO - [2026-09-08T05:47:07.665+0000] {dagbag.py:545} INFO - Filling up the DagBag from /opt/airflow/dags/netflix_dag.py
[2026-09-08T05:47:07.696+0000] {processor.py:840} INFO - DAG(s) 'netflix_etl_pipeline' retrieved from /opt/airflow/dags/netflix_dag.py
[2026-09-08T05:47:07.743+0000] {logging_mixin.py:188} INFO - [2026-09-08T05:47:07.743+0000] {dag.py:3089} INFO - Sync 1 DAGs
[2026-09-08T05:47:07.773+0000] {logging_mixin.py:188} INFO - [2026-09-08T05:47:07.773+0000] {dag.py:3947} INFO - Setting next_dagrun for netflix_etl_pipeline to 2026-09-07 00:00:00+00:00, run_after=2026-09-08 00:00:00+00:00
[2026-09-08T05:47:07.798+0000] {processor.py:183} INFO - Processing /opt/airflow/dags/netflix_dag.py took 0.149 seconds
[2026-09-08T05:47:38.220+0000] {processor.py:161} INFO - Started process (PID=4653) to work on /opt/airflow/dags/netflix_dag.py
[2026-09-08T05:47:38.222+0000] {processor.py:830} INFO - Processing file /opt/airflow/dags/netflix_dag.py for tasks to queue
[2026-09-08T05:47:38.225+0000] {logging_mixin.py:188} INFO - [2026-09-08T05:47:38.225+0000] {dagbag.py:545} INFO - Filling up the DagBag from /opt/airflow/dags/netflix_dag.py
[2026-09-08T05:47:38.257+0000] {processor.py:840} INFO - DAG(s) 'netflix_etl_pipeline' retrieved from /opt/airflow/dags/netflix_dag.py
[2026-09-08T05:47:38.301+0000] {logging_mixin.py:188} INFO - [2026-09-08T05:47:38.300+0000] {dag.py:3089} INFO - Sync 1 DAGs
[2026-09-08T05:47:38.331+0000] {logging_mixin.py:188} INFO - [2026-09-08T05:47:38.331+0000] {dag.py:3947} INFO - Setting next_dagrun for netflix_etl_pipeline to 2026-09-07 00:00:00+00:00, run_after=2026-09-08 00:00:00+00:00
[2026-09-08T05:47:38.358+0000] {processor.py:183} INFO - Processing /opt/airflow/dags/netflix_dag.py took 0.146 seconds
[2026-09-08T05:48:08.724+0000] {processor.py:161} INFO - Started process (PID=4664) to work on /opt/airflow/dags/netflix_dag.py
[2026-09-08T05:48:08.727+0000] {processor.py:830} INFO - Processing file /opt/airflow/dags/netflix_dag.py for tasks to queue
[2026-09-08T05:48:08.732+0000] {logging_mixin.py:188} INFO - [2026-09-08T05:48:08.731+0000] {dagbag.py:545} INFO - Filling up the DagBag from /opt/airflow/dags/netflix_dag.py
[2026-09-08T05:48:08.764+0000] {processor.py:840} INFO - DAG(s) 'netflix_etl_pipeline' retrieved from /opt/airflow/dags/netflix_dag.py
[2026-09-08T05:48:08.811+0000] {logging_mixin.py:188} INFO - [2026-09-08T05:48:08.811+0000] {dag.py:3089} INFO - Sync 1 DAGs
[2026-09-08T05:48:08.842+0000] {logging_mixin.py:188} INFO - [2026-09-08T05:48:08.842+0000] {dag.py:3947} INFO - Setting next_dagrun for netflix_etl_pipeline to 2026-09-07 00:00:00+00:00, run_after=2026-09-08 00:00:00+00:00
[2026-09-08T05:48:08.870+0000] {processor.py:183} INFO - Processing /opt/airflow/dags/netflix_dag.py took 0.163 seconds
[2026-09-08T05:48:39.290+0000] {processor.py:161} INFO - Started process (PID=4675) to work on /opt/airflow/dags/netflix_dag.py
[2026-09-08T05:48:39.292+0000] {processor.py:830} INFO - Processing file /opt/airflow/dags/netflix_dag.py for tasks to queue
[2026-09-08T05:48:39.295+0000] {logging_mixin.py:188} INFO - [2026-09-08T05:48:39.295+0000] {dagbag.py:545} INFO - Filling up the DagBag from /opt/airflow/dags/netflix_dag.py
[2026-09-08T05:48:39.321+0000] {processor.py:840} INFO - DAG(s) 'netflix_etl_pipeline' retrieved from /opt/airflow/dags/netflix_dag.py
[2026-09-08T05:48:39.363+0000] {logging_mixin.py:188} INFO - [2026-09-08T05:48:39.363+0000] {dag.py:3089} INFO - Sync 1 DAGs
[2026-09-08T05:48:39.390+0000] {logging_mixin.py:188} INFO - [2026-09-08T05:48:39.390+0000] {dag.py:3947} INFO - Setting next_dagrun for netflix_etl_pipeline to 2026-09-07 00:00:00+00:00, run_after=2026-09-08 00:00:00+00:00
[2026-09-08T05:48:39.417+0000] {processor.py:183} INFO - Processing /opt/airflow/dags/netflix_dag.py took 0.137 seconds
[2026-09-08T05:49:09.778+0000] {processor.py:161} INFO - Started process (PID=4686) to work on /opt/airflow/dags/netflix_dag.py
[2026-09-08T05:49:09.780+0000] {processor.py:830} INFO - Processing file /opt/airflow/dags/netflix_dag.py for tasks to queue
[2026-09-08T05:49:09.783+0000] {logging_mixin.py:188} INFO - [2026-09-08T05:49:09.783+0000] {dagbag.py:545} INFO - Filling up the DagBag from /opt/airflow/dags/netflix_dag.py
[2026-09-08T05:49:09.809+0000] {processor.py:840} INFO - DAG(s) 'netflix_etl_pipeline' retrieved from /opt/airflow/dags/netflix_dag.py
[2026-09-08T05:49:09.864+0000] {logging_mixin.py:188} INFO - [2026-09-08T05:49:09.864+0000] {dag.py:3089} INFO - Sync 1 DAGs
[2026-09-08T05:49:09.898+0000] {logging_mixin.py:188} INFO - [2026-09-08T05:49:09.898+0000] {dag.py:3947} INFO - Setting next_dagrun for netflix_etl_pipeline to 2026-09-07 00:00:00+00:00, run_after=2026-09-08 00:00:00+00:00
[2026-09-08T05:49:09.926+0000] {processor.py:183} INFO - Processing /opt/airflow/dags/netflix_dag.py took 0.158 seconds
[2026-09-08T05:49:40.148+0000] {processor.py:161} INFO - Started process (PID=4697) to work on /opt/airflow/dags/netflix_dag.py
[2026-09-08T05:49:40.150+0000] {processor.py:830} INFO - Processing file /opt/airflow/dags/netflix_dag.py for tasks to queue
[2026-09-08T05:49:40.153+0000] {logging_mixin.py:188} INFO - [2026-09-08T05:49:40.153+0000] {dagbag.py:545} INFO - Filling up the DagBag from /opt/airflow/dags/netflix_dag.py
[2026-09-08T05:49:40.178+0000] {processor.py:840} INFO - DAG(s) 'netflix_etl_pipeline' retrieved from /opt/airflow/dags/netflix_dag.py
[2026-09-08T05:49:40.219+0000] {logging_mixin.py:188} INFO - [2026-09-08T05:49:40.219+0000] {dag.py:3089} INFO - Sync 1 DAGs
[2026-09-08T05:49:40.250+0000] {logging_mixin.py:188} INFO - [2026-09-08T05:49:40.249+0000] {dag.py:3947} INFO - Setting next_dagrun for netflix_etl_pipeline to 2026-09-07 00:00:00+00:00, run_after=2026-09-08 00:00:00+00:00
[2026-09-08T05:49:40.278+0000] {processor.py:183} INFO - Processing /opt/airflow/dags/netflix_dag.py took 0.142 seconds
[2026-09-08T05:50:10.613+0000] {processor.py:161} INFO - Started process (PID=4708) to work on /opt/airflow/dags/netflix_dag.py
[2026-09-08T05:50:10.615+0000] {processor.py:830} INFO - Processing file /opt/airflow/dags/netflix_dag.py for tasks to queue
[2026-09-08T05:50:10.619+0000] {logging_mixin.py:188} INFO - [2026-09-08T05:50:10.618+0000] {dagbag.py:545} INFO - Filling up the DagBag from /opt/airflow/dags/netflix_dag.py
[2026-09-08T05:50:10.646+0000] {processor.py:840} INFO - DAG(s) 'netflix_etl_pipeline' retrieved from /opt/airflow/dags/netflix_dag.py
[2026-09-08T05:50:10.695+0000] {logging_mixin.py:188} INFO - [2026-09-08T05:50:10.695+0000] {dag.py:3089} INFO - Sync 1 DAGs
[2026-09-08T05:50:10.726+0000] {logging_mixin.py:188} INFO - [2026-09-08T05:50:10.726+0000] {dag.py:3947} INFO - Setting next_dagrun for netflix_etl_pipeline to 2026-09-07 00:00:00+00:00, run_after=2026-09-08 00:00:00+00:00
[2026-09-08T05:50:10.754+0000] {processor.py:183} INFO - Processing /opt/airflow/dags/netflix_dag.py took 0.148 seconds
[2026-09-08T05:50:41.172+0000] {processor.py:161} INFO - Started process (PID=4719) to work on /opt/airflow/dags/netflix_dag.py
[2026-09-08T05:50:41.174+0000] {processor.py:830} INFO - Processing file /opt/airflow/dags/netflix_dag.py for tasks to queue
[2026-09-08T05:50:41.178+0000] {logging_mixin.py:188} INFO - [2026-09-08T05:50:41.177+0000] {dagbag.py:545} INFO - Filling up the DagBag from /opt/airflow/dags/netflix_dag.py
[2026-09-08T05:50:41.212+0000] {processor.py:840} INFO - DAG(s) 'netflix_etl_pipeline' retrieved from /opt/airflow/dags/netflix_dag.py
[2026-09-08T05:50:41.261+0000] {logging_mixin.py:188} INFO - [2026-09-08T05:50:41.261+0000] {dag.py:3089} INFO - Sync 1 DAGs
[2026-09-08T05:50:41.292+0000] {logging_mixin.py:188} INFO - [2026-09-08T05:50:41.292+0000] {dag.py:3947} INFO - Setting next_dagrun for netflix_etl_pipeline to 2026-09-07 00:00:00+00:00, run_after=2026-09-08 00:00:00+00:00
[2026-09-08T05:50:41.320+0000] {processor.py:183} INFO - Processing /opt/airflow/dags/netflix_dag.py took 0.158 seconds
[2026-09-08T05:51:11.624+0000] {processor.py:161} INFO - Started process (PID=4730) to work on /opt/airflow/dags/netflix_dag.py
[2026-09-08T05:51:11.626+0000] {processor.py:830} INFO - Processing file /opt/airflow/dags/netflix_dag.py for tasks to queue
[2026-09-08T05:51:11.630+0000] {logging_mixin.py:188} INFO - [2026-09-08T05:51:11.629+0000] {dagbag.py:545} INFO - Filling up the DagBag from /opt/airflow/dags/netflix_dag.py
[2026-09-08T05:51:11.665+0000] {processor.py:840} INFO - DAG(s) 'netflix_etl_pipeline' retrieved from /opt/airflow/dags/netflix_dag.py
[2026-09-08T05:51:11.713+0000] {logging_mixin.py:188} INFO - [2026-09-08T05:51:11.712+0000] {dag.py:3089} INFO - Sync 1 DAGs
[2026-09-08T05:51:11.743+0000] {logging_mixin.py:188} INFO - [2026-09-08T05:51:11.743+0000] {dag.py:3947} INFO - Setting next_dagrun for netflix_etl_pipeline to 2026-09-07 00:00:00+00:00, run_after=2026-09-08 00:00:00+00:00
[2026-09-08T05:51:11.771+0000] {processor.py:183} INFO - Processing /opt/airflow/dags/netflix_dag.py took 0.157 seconds
[2026-09-08T05:51:42.175+0000] {processor.py:161} INFO - Started process (PID=4741) to work on /opt/airflow/dags/netflix_dag.py
[2026-09-08T05:51:42.177+0000] {processor.py:830} INFO - Processing file /opt/airflow/dags/netflix_dag.py for tasks to queue
[2026-09-08T05:51:42.181+0000] {logging_mixin.py:188} INFO - [2026-09-08T05:51:42.180+0000] {dagbag.py:545} INFO - Filling up the DagBag from /opt/airflow/dags/netflix_dag.py
[2026-09-08T05:51:42.211+0000] {processor.py:840} INFO - DAG(s) 'netflix_etl_pipeline' retrieved from /opt/airflow/dags/netflix_dag.py
[2026-09-08T05:51:42.254+0000] {logging_mixin.py:188} INFO - [2026-09-08T05:51:42.253+0000] {dag.py:3089} INFO - Sync 1 DAGs
[2026-09-08T05:51:42.283+0000] {logging_mixin.py:188} INFO - [2026-09-08T05:51:42.282+0000] {dag.py:3947} INFO - Setting next_dagrun for netflix_etl_pipeline to 2026-09-07 00:00:00+00:00, run_after=2026-09-08 00:00:00+00:00
[2026-09-08T05:51:42.310+0000] {processor.py:183} INFO - Processing /opt/airflow/dags/netflix_dag.py took 0.142 seconds
[2026-09-08T05:52:12.757+0000] {processor.py:161} INFO - Started process (PID=4752) to work on /opt/airflow/dags/netflix_dag.py
[2026-09-08T05:52:12.759+0000] {processor.py:830} INFO - Processing file /opt/airflow/dags/netflix_dag.py for tasks to queue
[2026-09-08T05:52:12.762+0000] {logging_mixin.py:188} INFO - [2026-09-08T05:52:12.762+0000] {dagbag.py:545} INFO - Filling up the DagBag from /opt/airflow/dags/netflix_dag.py
[2026-09-08T05:52:12.793+0000] {processor.py:840} INFO - DAG(s) 'netflix_etl_pipeline' retrieved from /opt/airflow/dags/netflix_dag.py
[2026-09-08T05:52:12.838+0000] {logging_mixin.py:188} INFO - [2026-09-08T05:52:12.838+0000] {dag.py:3089} INFO - Sync 1 DAGs
[2026-09-08T05:52:12.867+0000] {logging_mixin.py:188} INFO - [2026-09-08T05:52:12.867+0000] {dag.py:3947} INFO - Setting next_dagrun for netflix_etl_pipeline to 2026-09-07 00:00:00+00:00, run_after=2026-09-08 00:00:00+00:00
[2026-09-08T05:52:12.894+0000] {processor.py:183} INFO - Processing /opt/airflow/dags/netflix_dag.py took 0.145 seconds
[2026-09-08T05:52:43.271+0000] {processor.py:161} INFO - Started process (PID=4763) to work on /opt/airflow/dags/netflix_dag.py
[2026-09-08T05:52:43.273+0000] {processor.py:830} INFO - Processing file /opt/airflow/dags/netflix_dag.py for tasks to queue
[2026-09-08T05:52:43.276+0000] {logging_mixin.py:188} INFO - [2026-09-08T05:52:43.275+0000] {dagbag.py:545} INFO - Filling up the DagBag from /opt/airflow/dags/netflix_dag.py
[2026-09-08T05:52:43.307+0000] {processor.py:840} INFO - DAG(s) 'netflix_etl_pipeline' retrieved from /opt/airflow/dags/netflix_dag.py
[2026-09-08T05:52:43.359+0000] {logging_mixin.py:188} INFO - [2026-09-08T05:52:43.358+0000] {dag.py:3089} INFO - Sync 1 DAGs
[2026-09-08T05:52:43.390+0000] {logging_mixin.py:188} INFO - [2026-09-08T05:52:43.389+0000] {dag.py:3947} INFO - Setting next_dagrun for netflix_etl_pipeline to 2026-09-07 00:00:00+00:00, run_after=2026-09-08 00:00:00+00:00
[2026-09-08T05:52:43.418+0000] {processor.py:183} INFO - Processing /opt/airflow/dags/netflix_dag.py took 0.155 seconds
[2026-09-08T05:53:13.731+0000] {processor.py:161} INFO - Started process (PID=4775) to work on /opt/airflow/dags/netflix_dag.py
[2026-09-08T05:53:13.733+0000] {processor.py:830} INFO - Processing file /opt/airflow/dags/netflix_dag.py for tasks to queue
[2026-09-08T05:53:13.737+0000] {logging_mixin.py:188} INFO - [2026-09-08T05:53:13.737+0000] {dagbag.py:545} INFO - Filling up the DagBag from /opt/airflow/dags/netflix_dag.py
[2026-09-08T05:53:13.770+0000] {processor.py:840} INFO - DAG(s) 'netflix_etl_pipeline' retrieved from /opt/airflow/dags/netflix_dag.py
[2026-09-08T05:53:13.823+0000] {logging_mixin.py:188} INFO - [2026-09-08T05:53:13.823+0000] {dag.py:3089} INFO - Sync 1 DAGs
[2026-09-08T05:53:13.855+0000] {logging_mixin.py:188} INFO - [2026-09-08T05:53:13.854+0000] {dag.py:3947} INFO - Setting next_dagrun for netflix_etl_pipeline to 2026-09-07 00:00:00+00:00, run_after=2026-09-08 00:00:00+00:00
[2026-09-08T05:53:13.881+0000] {processor.py:183} INFO - Processing /opt/airflow/dags/netflix_dag.py took 0.159 seconds
[2026-09-08T05:53:44.395+0000] {processor.py:161} INFO - Started process (PID=4786) to work on /opt/airflow/dags/netflix_dag.py
[2026-09-08T05:53:44.397+0000] {processor.py:830} INFO - Processing file /opt/airflow/dags/netflix_dag.py for tasks to queue
[2026-09-08T05:53:44.401+0000] {logging_mixin.py:188} INFO - [2026-09-08T05:53:44.400+0000] {dagbag.py:545} INFO - Filling up the DagBag from /opt/airflow/dags/netflix_dag.py
[2026-09-08T05:53:44.434+0000] {processor.py:840} INFO - DAG(s) 'netflix_etl_pipeline' retrieved from /opt/airflow/dags/netflix_dag.py
[2026-09-08T05:53:44.480+0000] {logging_mixin.py:188} INFO - [2026-09-08T05:53:44.479+0000] {dag.py:3089} INFO - Sync 1 DAGs
[2026-09-08T05:53:44.510+0000] {logging_mixin.py:188} INFO - [2026-09-08T05:53:44.510+0000] {dag.py:3947} INFO - Setting next_dagrun for netflix_etl_pipeline to 2026-09-07 00:00:00+00:00, run_after=2026-09-08 00:00:00+00:00
[2026-09-08T05:53:44.538+0000] {processor.py:183} INFO - Processing /opt/airflow/dags/netflix_dag.py took 0.153 seconds
[2026-09-08T05:54:14.921+0000] {processor.py:161} INFO - Started process (PID=4797) to work on /opt/airflow/dags/netflix_dag.py
[2026-09-08T05:54:14.926+0000] {processor.py:830} INFO - Processing file /opt/airflow/dags/netflix_dag.py for tasks to queue
[2026-09-08T05:54:14.931+0000] {logging_mixin.py:188} INFO - [2026-09-08T05:54:14.930+0000] {dagbag.py:545} INFO - Filling up the DagBag from /opt/airflow/dags/netflix_dag.py
[2026-09-08T05:54:14.967+0000] {processor.py:840} INFO - DAG(s) 'netflix_etl_pipeline' retrieved from /opt/airflow/dags/netflix_dag.py
[2026-09-08T05:54:15.013+0000] {logging_mixin.py:188} INFO - [2026-09-08T05:54:15.013+0000] {dag.py:3089} INFO - Sync 1 DAGs
[2026-09-08T05:54:15.042+0000] {logging_mixin.py:188} INFO - [2026-09-08T05:54:15.042+0000] {dag.py:3947} INFO - Setting next_dagrun for netflix_etl_pipeline to 2026-09-07 00:00:00+00:00, run_after=2026-09-08 00:00:00+00:00
[2026-09-08T05:54:15.070+0000] {processor.py:183} INFO - Processing /opt/airflow/dags/netflix_dag.py took 0.162 seconds
[2026-09-08T05:54:45.327+0000] {processor.py:161} INFO - Started process (PID=4808) to work on /opt/airflow/dags/netflix_dag.py
[2026-09-08T05:54:45.329+0000] {processor.py:830} INFO - Processing file /opt/airflow/dags/netflix_dag.py for tasks to queue
[2026-09-08T05:54:45.334+0000] {logging_mixin.py:188} INFO - [2026-09-08T05:54:45.334+0000] {dagbag.py:545} INFO - Filling up the DagBag from /opt/airflow/dags/netflix_dag.py
[2026-09-08T05:54:45.360+0000] {processor.py:840} INFO - DAG(s) 'netflix_etl_pipeline' retrieved from /opt/airflow/dags/netflix_dag.py
[2026-09-08T05:54:45.406+0000] {logging_mixin.py:188} INFO - [2026-09-08T05:54:45.406+0000] {dag.py:3089} INFO - Sync 1 DAGs
[2026-09-08T05:54:45.435+0000] {logging_mixin.py:188} INFO - [2026-09-08T05:54:45.434+0000] {dag.py:3947} INFO - Setting next_dagrun for netflix_etl_pipeline to 2026-09-07 00:00:00+00:00, run_after=2026-09-08 00:00:00+00:00
[2026-09-08T05:54:45.461+0000] {processor.py:183} INFO - Processing /opt/airflow/dags/netflix_dag.py took 0.144 seconds
[2026-09-08T05:55:15.925+0000] {processor.py:161} INFO - Started process (PID=4819) to work on /opt/airflow/dags/netflix_dag.py
[2026-09-08T05:55:15.926+0000] {processor.py:830} INFO - Processing file /opt/airflow/dags/netflix_dag.py for tasks to queue
[2026-09-08T05:55:15.930+0000] {logging_mixin.py:188} INFO - [2026-09-08T05:55:15.930+0000] {dagbag.py:545} INFO - Filling up the DagBag from /opt/airflow/dags/netflix_dag.py
[2026-09-08T05:55:15.963+0000] {processor.py:840} INFO - DAG(s) 'netflix_etl_pipeline' retrieved from /opt/airflow/dags/netflix_dag.py
[2026-09-08T05:55:16.008+0000] {logging_mixin.py:188} INFO - [2026-09-08T05:55:16.008+0000] {dag.py:3089} INFO - Sync 1 DAGs
[2026-09-08T05:55:16.037+0000] {logging_mixin.py:188} INFO - [2026-09-08T05:55:16.037+0000] {dag.py:3947} INFO - Setting next_dagrun for netflix_etl_pipeline to 2026-09-07 00:00:00+00:00, run_after=2026-09-08 00:00:00+00:00
[2026-09-08T05:55:16.065+0000] {processor.py:183} INFO - Processing /opt/airflow/dags/netflix_dag.py took 0.149 seconds
[2026-09-08T05:55:46.466+0000] {processor.py:161} INFO - Started process (PID=4830) to work on /opt/airflow/dags/netflix_dag.py
[2026-09-08T05:55:46.468+0000] {processor.py:830} INFO - Processing file /opt/airflow/dags/netflix_dag.py for tasks to queue
[2026-09-08T05:55:46.473+0000] {logging_mixin.py:188} INFO - [2026-09-08T05:55:46.472+0000] {dagbag.py:545} INFO - Filling up the DagBag from /opt/airflow/dags/netflix_dag.py
[2026-09-08T05:55:46.503+0000] {processor.py:840} INFO - DAG(s) 'netflix_etl_pipeline' retrieved from /opt/airflow/dags/netflix_dag.py
[2026-09-08T05:55:46.555+0000] {logging_mixin.py:188} INFO - [2026-09-08T05:55:46.554+0000] {dag.py:3089} INFO - Sync 1 DAGs
[2026-09-08T05:55:46.597+0000] {logging_mixin.py:188} INFO - [2026-09-08T05:55:46.596+0000] {dag.py:3947} INFO - Setting next_dagrun for netflix_etl_pipeline to 2026-09-07 00:00:00+00:00, run_after=2026-09-08 00:00:00+00:00
[2026-09-08T05:55:46.624+0000] {processor.py:183} INFO - Processing /opt/airflow/dags/netflix_dag.py took 0.172 seconds
[2026-09-08T05:56:16.971+0000] {processor.py:161} INFO - Started process (PID=4841) to work on /opt/airflow/dags/netflix_dag.py
[2026-09-08T05:56:16.973+0000] {processor.py:830} INFO - Processing file /opt/airflow/dags/netflix_dag.py for tasks to queue
[2026-09-08T05:56:16.977+0000] {logging_mixin.py:188} INFO - [2026-09-08T05:56:16.976+0000] {dagbag.py:545} INFO - Filling up the DagBag from /opt/airflow/dags/netflix_dag.py
[2026-09-08T05:56:17.003+0000] {processor.py:840} INFO - DAG(s) 'netflix_etl_pipeline' retrieved from /opt/airflow/dags/netflix_dag.py
[2026-09-08T05:56:17.063+0000] {logging_mixin.py:188} INFO - [2026-09-08T05:56:17.062+0000] {dag.py:3089} INFO - Sync 1 DAGs
[2026-09-08T05:56:17.098+0000] {logging_mixin.py:188} INFO - [2026-09-08T05:56:17.098+0000] {dag.py:3947} INFO - Setting next_dagrun for netflix_etl_pipeline to 2026-09-07 00:00:00+00:00, run_after=2026-09-08 00:00:00+00:00
[2026-09-08T05:56:17.127+0000] {processor.py:183} INFO - Processing /opt/airflow/dags/netflix_dag.py took 0.165 seconds
[2026-09-08T05:56:47.585+0000] {processor.py:161} INFO - Started process (PID=4852) to work on /opt/airflow/dags/netflix_dag.py
[2026-09-08T05:56:47.587+0000] {processor.py:830} INFO - Processing file /opt/airflow/dags/netflix_dag.py for tasks to queue
[2026-09-08T05:56:47.591+0000] {logging_mixin.py:188} INFO - [2026-09-08T05:56:47.590+0000] {dagbag.py:545} INFO - Filling up the DagBag from /opt/airflow/dags/netflix_dag.py
[2026-09-08T05:56:47.618+0000] {processor.py:840} INFO - DAG(s) 'netflix_etl_pipeline' retrieved from /opt/airflow/dags/netflix_dag.py
[2026-09-08T05:56:47.664+0000] {logging_mixin.py:188} INFO - [2026-09-08T05:56:47.664+0000] {dag.py:3089} INFO - Sync 1 DAGs
[2026-09-08T05:56:47.694+0000] {logging_mixin.py:188} INFO - [2026-09-08T05:56:47.693+0000] {dag.py:3947} INFO - Setting next_dagrun for netflix_etl_pipeline to 2026-09-07 00:00:00+00:00, run_after=2026-09-08 00:00:00+00:00
[2026-09-08T05:56:47.721+0000] {processor.py:183} INFO - Processing /opt/airflow/dags/netflix_dag.py took 0.143 seconds
[2026-09-08T05:57:18.109+0000] {processor.py:161} INFO - Started process (PID=4863) to work on /opt/airflow/dags/netflix_dag.py
[2026-09-08T05:57:18.111+0000] {processor.py:830} INFO - Processing file /opt/airflow/dags/netflix_dag.py for tasks to queue
[2026-09-08T05:57:18.114+0000] {logging_mixin.py:188} INFO - [2026-09-08T05:57:18.114+0000] {dagbag.py:545} INFO - Filling up the DagBag from /opt/airflow/dags/netflix_dag.py
[2026-09-08T05:57:18.147+0000] {processor.py:840} INFO - DAG(s) 'netflix_etl_pipeline' retrieved from /opt/airflow/dags/netflix_dag.py
[2026-09-08T05:57:18.192+0000] {logging_mixin.py:188} INFO - [2026-09-08T05:57:18.192+0000] {dag.py:3089} INFO - Sync 1 DAGs
[2026-09-08T05:57:18.221+0000] {logging_mixin.py:188} INFO - [2026-09-08T05:57:18.221+0000] {dag.py:3947} INFO - Setting next_dagrun for netflix_etl_pipeline to 2026-09-07 00:00:00+00:00, run_after=2026-09-08 00:00:00+00:00
[2026-09-08T05:57:18.249+0000] {processor.py:183} INFO - Processing /opt/airflow/dags/netflix_dag.py took 0.152 seconds
[2026-09-08T05:57:48.693+0000] {processor.py:161} INFO - Started process (PID=4875) to work on /opt/airflow/dags/netflix_dag.py
[2026-09-08T05:57:48.696+0000] {processor.py:830} INFO - Processing file /opt/airflow/dags/netflix_dag.py for tasks to queue
[2026-09-08T05:57:48.700+0000] {logging_mixin.py:188} INFO - [2026-09-08T05:57:48.699+0000] {dagbag.py:545} INFO - Filling up the DagBag from /opt/airflow/dags/netflix_dag.py
[2026-09-08T05:57:48.728+0000] {processor.py:840} INFO - DAG(s) 'netflix_etl_pipeline' retrieved from /opt/airflow/dags/netflix_dag.py
[2026-09-08T05:57:48.770+0000] {logging_mixin.py:188} INFO - [2026-09-08T05:57:48.770+0000] {dag.py:3089} INFO - Sync 1 DAGs
[2026-09-08T05:57:48.797+0000] {logging_mixin.py:188} INFO - [2026-09-08T05:57:48.797+0000] {dag.py:3947} INFO - Setting next_dagrun for netflix_etl_pipeline to 2026-09-07 00:00:00+00:00, run_after=2026-09-08 00:00:00+00:00
[2026-09-08T05:57:48.821+0000] {processor.py:183} INFO - Processing /opt/airflow/dags/netflix_dag.py took 0.146 seconds
[2026-09-08T05:58:19.239+0000] {processor.py:161} INFO - Started process (PID=4887) to work on /opt/airflow/dags/netflix_dag.py
[2026-09-08T05:58:19.241+0000] {processor.py:830} INFO - Processing file /opt/airflow/dags/netflix_dag.py for tasks to queue
[2026-09-08T05:58:19.245+0000] {logging_mixin.py:188} INFO - [2026-09-08T05:58:19.244+0000] {dagbag.py:545} INFO - Filling up the DagBag from /opt/airflow/dags/netflix_dag.py
[2026-09-08T05:58:19.277+0000] {processor.py:840} INFO - DAG(s) 'netflix_etl_pipeline' retrieved from /opt/airflow/dags/netflix_dag.py
[2026-09-08T05:58:19.322+0000] {logging_mixin.py:188} INFO - [2026-09-08T05:58:19.322+0000] {dag.py:3089} INFO - Sync 1 DAGs
[2026-09-08T05:58:19.351+0000] {logging_mixin.py:188} INFO - [2026-09-08T05:58:19.351+0000] {dag.py:3947} INFO - Setting next_dagrun for netflix_etl_pipeline to 2026-09-07 00:00:00+00:00, run_after=2026-09-08 00:00:00+00:00
[2026-09-08T05:58:19.382+0000] {processor.py:183} INFO - Processing /opt/airflow/dags/netflix_dag.py took 0.153 seconds
[2026-09-08T05:58:49.853+0000] {processor.py:161} INFO - Started process (PID=4899) to work on /opt/airflow/dags/netflix_dag.py
[2026-09-08T05:58:49.856+0000] {processor.py:830} INFO - Processing file /opt/airflow/dags/netflix_dag.py for tasks to queue
[2026-09-08T05:58:49.859+0000] {logging_mixin.py:188} INFO - [2026-09-08T05:58:49.859+0000] {dagbag.py:545} INFO - Filling up the DagBag from /opt/airflow/dags/netflix_dag.py
[2026-09-08T05:58:49.891+0000] {processor.py:840} INFO - DAG(s) 'netflix_etl_pipeline' retrieved from /opt/airflow/dags/netflix_dag.py
[2026-09-08T05:58:49.944+0000] {logging_mixin.py:188} INFO - [2026-09-08T05:58:49.944+0000] {dag.py:3089} INFO - Sync 1 DAGs
[2026-09-08T05:58:49.980+0000] {logging_mixin.py:188} INFO - [2026-09-08T05:58:49.980+0000] {dag.py:3947} INFO - Setting next_dagrun for netflix_etl_pipeline to 2026-09-07 00:00:00+00:00, run_after=2026-09-08 00:00:00+00:00
[2026-09-08T05:58:50.009+0000] {processor.py:183} INFO - Processing /opt/airflow/dags/netflix_dag.py took 0.165 seconds
[2026-09-08T05:59:20.486+0000] {processor.py:161} INFO - Started process (PID=4916) to work on /opt/airflow/dags/netflix_dag.py
[2026-09-08T05:59:20.488+0000] {processor.py:830} INFO - Processing file /opt/airflow/dags/netflix_dag.py for tasks to queue
[2026-09-08T05:59:20.492+0000] {logging_mixin.py:188} INFO - [2026-09-08T05:59:20.491+0000] {dagbag.py:545} INFO - Filling up the DagBag from /opt/airflow/dags/netflix_dag.py
[2026-09-08T05:59:20.529+0000] {processor.py:840} INFO - DAG(s) 'netflix_etl_pipeline' retrieved from /opt/airflow/dags/netflix_dag.py
[2026-09-08T05:59:20.581+0000] {logging_mixin.py:188} INFO - [2026-09-08T05:59:20.581+0000] {dag.py:3089} INFO - Sync 1 DAGs
[2026-09-08T05:59:20.613+0000] {logging_mixin.py:188} INFO - [2026-09-08T05:59:20.613+0000] {dag.py:3947} INFO - Setting next_dagrun for netflix_etl_pipeline to 2026-09-07 00:00:00+00:00, run_after=2026-09-08 00:00:00+00:00
[2026-09-08T05:59:20.640+0000] {processor.py:183} INFO - Processing /opt/airflow/dags/netflix_dag.py took 0.165 seconds
[2026-09-08T05:59:50.964+0000] {processor.py:161} INFO - Started process (PID=4927) to work on /opt/airflow/dags/netflix_dag.py
[2026-09-08T05:59:50.967+0000] {processor.py:830} INFO - Processing file /opt/airflow/dags/netflix_dag.py for tasks to queue
[2026-09-08T05:59:50.971+0000] {logging_mixin.py:188} INFO - [2026-09-08T05:59:50.970+0000] {dagbag.py:545} INFO - Filling up the DagBag from /opt/airflow/dags/netflix_dag.py
[2026-09-08T05:59:51.003+0000] {processor.py:840} INFO - DAG(s) 'netflix_etl_pipeline' retrieved from /opt/airflow/dags/netflix_dag.py
[2026-09-08T05:59:51.047+0000] {logging_mixin.py:188} INFO - [2026-09-08T05:59:51.047+0000] {dag.py:3089} INFO - Sync 1 DAGs
[2026-09-08T05:59:51.075+0000] {logging_mixin.py:188} INFO - [2026-09-08T05:59:51.075+0000] {dag.py:3947} INFO - Setting next_dagrun for netflix_etl_pipeline to 2026-09-07 00:00:00+00:00, run_after=2026-09-08 00:00:00+00:00
[2026-09-08T05:59:51.102+0000] {processor.py:183} INFO - Processing /opt/airflow/dags/netflix_dag.py took 0.149 seconds
[2026-09-08T06:00:21.627+0000] {processor.py:161} INFO - Started process (PID=4938) to work on /opt/airflow/dags/netflix_dag.py
[2026-09-08T06:00:21.630+0000] {processor.py:830} INFO - Processing file /opt/airflow/dags/netflix_dag.py for tasks to queue
[2026-09-08T06:00:21.633+0000] {logging_mixin.py:188} INFO - [2026-09-08T06:00:21.632+0000] {dagbag.py:545} INFO - Filling up the DagBag from /opt/airflow/dags/netflix_dag.py
[2026-09-08T06:00:21.665+0000] {processor.py:840} INFO - DAG(s) 'netflix_etl_pipeline' retrieved from /opt/airflow/dags/netflix_dag.py
[2026-09-08T06:00:21.713+0000] {logging_mixin.py:188} INFO - [2026-09-08T06:00:21.713+0000] {dag.py:3089} INFO - Sync 1 DAGs
[2026-09-08T06:00:21.743+0000] {logging_mixin.py:188} INFO - [2026-09-08T06:00:21.743+0000] {dag.py:3947} INFO - Setting next_dagrun for netflix_etl_pipeline to 2026-09-07 00:00:00+00:00, run_after=2026-09-08 00:00:00+00:00
[2026-09-08T06:00:21.771+0000] {processor.py:183} INFO - Processing /opt/airflow/dags/netflix_dag.py took 0.153 seconds
[2026-09-08T06:00:52.112+0000] {processor.py:161} INFO - Started process (PID=4949) to work on /opt/airflow/dags/netflix_dag.py
[2026-09-08T06:00:52.114+0000] {processor.py:830} INFO - Processing file /opt/airflow/dags/netflix_dag.py for tasks to queue
[2026-09-08T06:00:52.117+0000] {logging_mixin.py:188} INFO - [2026-09-08T06:00:52.116+0000] {dagbag.py:545} INFO - Filling up the DagBag from /opt/airflow/dags/netflix_dag.py
[2026-09-08T06:00:52.146+0000] {processor.py:840} INFO - DAG(s) 'netflix_etl_pipeline' retrieved from /opt/airflow/dags/netflix_dag.py
[2026-09-08T06:00:52.194+0000] {logging_mixin.py:188} INFO - [2026-09-08T06:00:52.194+0000] {dag.py:3089} INFO - Sync 1 DAGs
[2026-09-08T06:00:52.223+0000] {logging_mixin.py:188} INFO - [2026-09-08T06:00:52.223+0000] {dag.py:3947} INFO - Setting next_dagrun for netflix_etl_pipeline to 2026-09-07 00:00:00+00:00, run_after=2026-09-08 00:00:00+00:00
[2026-09-08T06:00:52.251+0000] {processor.py:183} INFO - Processing /opt/airflow/dags/netflix_dag.py took 0.146 seconds
[2026-09-08T06:01:22.726+0000] {processor.py:161} INFO - Started process (PID=4960) to work on /opt/airflow/dags/netflix_dag.py
[2026-09-08T06:01:22.728+0000] {processor.py:830} INFO - Processing file /opt/airflow/dags/netflix_dag.py for tasks to queue
[2026-09-08T06:01:22.732+0000] {logging_mixin.py:188} INFO - [2026-09-08T06:01:22.731+0000] {dagbag.py:545} INFO - Filling up the DagBag from /opt/airflow/dags/netflix_dag.py
[2026-09-08T06:01:22.763+0000] {processor.py:840} INFO - DAG(s) 'netflix_etl_pipeline' retrieved from /opt/airflow/dags/netflix_dag.py
[2026-09-08T06:01:22.810+0000] {logging_mixin.py:188} INFO - [2026-09-08T06:01:22.809+0000] {dag.py:3089} INFO - Sync 1 DAGs
[2026-09-08T06:01:22.838+0000] {logging_mixin.py:188} INFO - [2026-09-08T06:01:22.838+0000] {dag.py:3947} INFO - Setting next_dagrun for netflix_etl_pipeline to 2026-09-07 00:00:00+00:00, run_after=2026-09-08 00:00:00+00:00
[2026-09-08T06:01:22.866+0000] {processor.py:183} INFO - Processing /opt/airflow/dags/netflix_dag.py took 0.149 seconds
[2026-09-08T06:01:53.153+0000] {processor.py:161} INFO - Started process (PID=4971) to work on /opt/airflow/dags/netflix_dag.py
[2026-09-08T06:01:53.155+0000] {processor.py:830} INFO - Processing file /opt/airflow/dags/netflix_dag.py for tasks to queue
[2026-09-08T06:01:53.158+0000] {logging_mixin.py:188} INFO - [2026-09-08T06:01:53.158+0000] {dagbag.py:545} INFO - Filling up the DagBag from /opt/airflow/dags/netflix_dag.py
[2026-09-08T06:01:53.186+0000] {processor.py:840} INFO - DAG(s) 'netflix_etl_pipeline' retrieved from /opt/airflow/dags/netflix_dag.py
[2026-09-08T06:01:53.229+0000] {logging_mixin.py:188} INFO - [2026-09-08T06:01:53.229+0000] {dag.py:3089} INFO - Sync 1 DAGs
[2026-09-08T06:01:53.257+0000] {logging_mixin.py:188} INFO - [2026-09-08T06:01:53.257+0000] {dag.py:3947} INFO - Setting next_dagrun for netflix_etl_pipeline to 2026-09-07 00:00:00+00:00, run_after=2026-09-08 00:00:00+00:00
[2026-09-08T06:01:53.292+0000] {processor.py:183} INFO - Processing /opt/airflow/dags/netflix_dag.py took 0.147 seconds
[2026-09-08T06:02:23.840+0000] {processor.py:161} INFO - Started process (PID=4982) to work on /opt/airflow/dags/netflix_dag.py
[2026-09-08T06:02:23.843+0000] {processor.py:830} INFO - Processing file /opt/airflow/dags/netflix_dag.py for tasks to queue
[2026-09-08T06:02:23.846+0000] {logging_mixin.py:188} INFO - [2026-09-08T06:02:23.845+0000] {dagbag.py:545} INFO - Filling up the DagBag from /opt/airflow/dags/netflix_dag.py
[2026-09-08T06:02:23.881+0000] {processor.py:840} INFO - DAG(s) 'netflix_etl_pipeline' retrieved from /opt/airflow/dags/netflix_dag.py
[2026-09-08T06:02:23.936+0000] {logging_mixin.py:188} INFO - [2026-09-08T06:02:23.936+0000] {dag.py:3089} INFO - Sync 1 DAGs
[2026-09-08T06:02:23.973+0000] {logging_mixin.py:188} INFO - [2026-09-08T06:02:23.973+0000] {dag.py:3947} INFO - Setting next_dagrun for netflix_etl_pipeline to 2026-09-07 00:00:00+00:00, run_after=2026-09-08 00:00:00+00:00
[2026-09-08T06:02:24.002+0000] {processor.py:183} INFO - Processing /opt/airflow/dags/netflix_dag.py took 0.170 seconds
[2026-09-08T06:02:54.306+0000] {processor.py:161} INFO - Started process (PID=4993) to work on /opt/airflow/dags/netflix_dag.py
[2026-09-08T06:02:54.309+0000] {processor.py:830} INFO - Processing file /opt/airflow/dags/netflix_dag.py for tasks to queue
[2026-09-08T06:02:54.312+0000] {logging_mixin.py:188} INFO - [2026-09-08T06:02:54.312+0000] {dagbag.py:545} INFO - Filling up the DagBag from /opt/airflow/dags/netflix_dag.py
[2026-09-08T06:02:54.341+0000] {processor.py:840} INFO - DAG(s) 'netflix_etl_pipeline' retrieved from /opt/airflow/dags/netflix_dag.py
[2026-09-08T06:02:54.394+0000] {logging_mixin.py:188} INFO - [2026-09-08T06:02:54.394+0000] {dag.py:3089} INFO - Sync 1 DAGs
[2026-09-08T06:02:54.432+0000] {logging_mixin.py:188} INFO - [2026-09-08T06:02:54.432+0000] {dag.py:3947} INFO - Setting next_dagrun for netflix_etl_pipeline to 2026-09-07 00:00:00+00:00, run_after=2026-09-08 00:00:00+00:00
[2026-09-08T06:02:54.460+0000] {processor.py:183} INFO - Processing /opt/airflow/dags/netflix_dag.py took 0.165 seconds
[2026-09-08T06:03:24.962+0000] {processor.py:161} INFO - Started process (PID=5004) to work on /opt/airflow/dags/netflix_dag.py
[2026-09-08T06:03:24.964+0000] {processor.py:830} INFO - Processing file /opt/airflow/dags/netflix_dag.py for tasks to queue
[2026-09-08T06:03:24.967+0000] {logging_mixin.py:188} INFO - [2026-09-08T06:03:24.967+0000] {dagbag.py:545} INFO - Filling up the DagBag from /opt/airflow/dags/netflix_dag.py
[2026-09-08T06:03:24.995+0000] {processor.py:840} INFO - DAG(s) 'netflix_etl_pipeline' retrieved from /opt/airflow/dags/netflix_dag.py
[2026-09-08T06:03:25.041+0000] {logging_mixin.py:188} INFO - [2026-09-08T06:03:25.041+0000] {dag.py:3089} INFO - Sync 1 DAGs
[2026-09-08T06:03:25.070+0000] {logging_mixin.py:188} INFO - [2026-09-08T06:03:25.069+0000] {dag.py:3947} INFO - Setting next_dagrun for netflix_etl_pipeline to 2026-09-07 00:00:00+00:00, run_after=2026-09-08 00:00:00+00:00
[2026-09-08T06:03:25.098+0000] {processor.py:183} INFO - Processing /opt/airflow/dags/netflix_dag.py took 0.145 seconds
[2026-09-08T06:03:55.477+0000] {processor.py:161} INFO - Started process (PID=5015) to work on /opt/airflow/dags/netflix_dag.py
[2026-09-08T06:03:55.479+0000] {processor.py:830} INFO - Processing file /opt/airflow/dags/netflix_dag.py for tasks to queue
[2026-09-08T06:03:55.483+0000] {logging_mixin.py:188} INFO - [2026-09-08T06:03:55.482+0000] {dagbag.py:545} INFO - Filling up the DagBag from /opt/airflow/dags/netflix_dag.py
[2026-09-08T06:03:55.515+0000] {processor.py:840} INFO - DAG(s) 'netflix_etl_pipeline' retrieved from /opt/airflow/dags/netflix_dag.py
[2026-09-08T06:03:55.562+0000] {logging_mixin.py:188} INFO - [2026-09-08T06:03:55.562+0000] {dag.py:3089} INFO - Sync 1 DAGs
[2026-09-08T06:03:55.591+0000] {logging_mixin.py:188} INFO - [2026-09-08T06:03:55.591+0000] {dag.py:3947} INFO - Setting next_dagrun for netflix_etl_pipeline to 2026-09-07 00:00:00+00:00, run_after=2026-09-08 00:00:00+00:00
[2026-09-08T06:03:55.619+0000] {processor.py:183} INFO - Processing /opt/airflow/dags/netflix_dag.py took 0.150 seconds
[2026-09-08T06:04:25.992+0000] {processor.py:161} INFO - Started process (PID=5026) to work on /opt/airflow/dags/netflix_dag.py
[2026-09-08T06:04:25.995+0000] {processor.py:830} INFO - Processing file /opt/airflow/dags/netflix_dag.py for tasks to queue
[2026-09-08T06:04:25.998+0000] {logging_mixin.py:188} INFO - [2026-09-08T06:04:25.998+0000] {dagbag.py:545} INFO - Filling up the DagBag from /opt/airflow/dags/netflix_dag.py
[2026-09-08T06:04:26.031+0000] {processor.py:840} INFO - DAG(s) 'netflix_etl_pipeline' retrieved from /opt/airflow/dags/netflix_dag.py
[2026-09-08T06:04:26.076+0000] {logging_mixin.py:188} INFO - [2026-09-08T06:04:26.076+0000] {dag.py:3089} INFO - Sync 1 DAGs
[2026-09-08T06:04:26.105+0000] {logging_mixin.py:188} INFO - [2026-09-08T06:04:26.105+0000] {dag.py:3947} INFO - Setting next_dagrun for netflix_etl_pipeline to 2026-09-07 00:00:00+00:00, run_after=2026-09-08 00:00:00+00:00
[2026-09-08T06:04:26.132+0000] {processor.py:183} INFO - Processing /opt/airflow/dags/netflix_dag.py took 0.149 seconds
[2026-09-08T06:04:56.443+0000] {processor.py:161} INFO - Started process (PID=5037) to work on /opt/airflow/dags/netflix_dag.py
[2026-09-08T06:04:56.445+0000] {processor.py:830} INFO - Processing file /opt/airflow/dags/netflix_dag.py for tasks to queue
[2026-09-08T06:04:56.448+0000] {logging_mixin.py:188} INFO - [2026-09-08T06:04:56.447+0000] {dagbag.py:545} INFO - Filling up the DagBag from /opt/airflow/dags/netflix_dag.py
[2026-09-08T06:04:56.477+0000] {processor.py:840} INFO - DAG(s) 'netflix_etl_pipeline' retrieved from /opt/airflow/dags/netflix_dag.py
[2026-09-08T06:04:56.522+0000] {logging_mixin.py:188} INFO - [2026-09-08T06:04:56.522+0000] {dag.py:3089} INFO - Sync 1 DAGs
[2026-09-08T06:04:56.552+0000] {logging_mixin.py:188} INFO - [2026-09-08T06:04:56.552+0000] {dag.py:3947} INFO - Setting next_dagrun for netflix_etl_pipeline to 2026-09-07 00:00:00+00:00, run_after=2026-09-08 00:00:00+00:00
[2026-09-08T06:04:56.582+0000] {processor.py:183} INFO - Processing /opt/airflow/dags/netflix_dag.py took 0.147 seconds
[2026-09-08T06:05:27.052+0000] {processor.py:161} INFO - Started process (PID=5048) to work on /opt/airflow/dags/netflix_dag.py
[2026-09-08T06:05:27.054+0000] {processor.py:830} INFO - Processing file /opt/airflow/dags/netflix_dag.py for tasks to queue
[2026-09-08T06:05:27.059+0000] {logging_mixin.py:188} INFO - [2026-09-08T06:05:27.058+0000] {dagbag.py:545} INFO - Filling up the DagBag from /opt/airflow/dags/netflix_dag.py
[2026-09-08T06:05:27.093+0000] {processor.py:840} INFO - DAG(s) 'netflix_etl_pipeline' retrieved from /opt/airflow/dags/netflix_dag.py
[2026-09-08T06:05:27.137+0000] {logging_mixin.py:188} INFO - [2026-09-08T06:05:27.137+0000] {dag.py:3089} INFO - Sync 1 DAGs
[2026-09-08T06:05:27.167+0000] {logging_mixin.py:188} INFO - [2026-09-08T06:05:27.166+0000] {dag.py:3947} INFO - Setting next_dagrun for netflix_etl_pipeline to 2026-09-07 00:00:00+00:00, run_after=2026-09-08 00:00:00+00:00
[2026-09-08T06:05:27.194+0000] {processor.py:183} INFO - Processing /opt/airflow/dags/netflix_dag.py took 0.150 seconds
[2026-09-08T06:05:57.527+0000] {processor.py:161} INFO - Started process (PID=5059) to work on /opt/airflow/dags/netflix_dag.py
[2026-09-08T06:05:57.529+0000] {processor.py:830} INFO - Processing file /opt/airflow/dags/netflix_dag.py for tasks to queue
[2026-09-08T06:05:57.533+0000] {logging_mixin.py:188} INFO - [2026-09-08T06:05:57.533+0000] {dagbag.py:545} INFO - Filling up the DagBag from /opt/airflow/dags/netflix_dag.py
[2026-09-08T06:05:57.565+0000] {processor.py:840} INFO - DAG(s) 'netflix_etl_pipeline' retrieved from /opt/airflow/dags/netflix_dag.py
[2026-09-08T06:05:57.613+0000] {logging_mixin.py:188} INFO - [2026-09-08T06:05:57.613+0000] {dag.py:3089} INFO - Sync 1 DAGs
[2026-09-08T06:05:57.643+0000] {logging_mixin.py:188} INFO - [2026-09-08T06:05:57.643+0000] {dag.py:3947} INFO - Setting next_dagrun for netflix_etl_pipeline to 2026-09-07 00:00:00+00:00, run_after=2026-09-08 00:00:00+00:00
[2026-09-08T06:05:57.671+0000] {processor.py:183} INFO - Processing /opt/airflow/dags/netflix_dag.py took 0.153 seconds
[2026-09-08T06:06:28.172+0000] {processor.py:161} INFO - Started process (PID=5070) to work on /opt/airflow/dags/netflix_dag.py
[2026-09-08T06:06:28.174+0000] {processor.py:830} INFO - Processing file /opt/airflow/dags/netflix_dag.py for tasks to queue
[2026-09-08T06:06:28.178+0000] {logging_mixin.py:188} INFO - [2026-09-08T06:06:28.177+0000] {dagbag.py:545} INFO - Filling up the DagBag from /opt/airflow/dags/netflix_dag.py
[2026-09-08T06:06:28.208+0000] {processor.py:840} INFO - DAG(s) 'netflix_etl_pipeline' retrieved from /opt/airflow/dags/netflix_dag.py
[2026-09-08T06:06:28.254+0000] {logging_mixin.py:188} INFO - [2026-09-08T06:06:28.253+0000] {dag.py:3089} INFO - Sync 1 DAGs
[2026-09-08T06:06:28.282+0000] {logging_mixin.py:188} INFO - [2026-09-08T06:06:28.282+0000] {dag.py:3947} INFO - Setting next_dagrun for netflix_etl_pipeline to 2026-09-07 00:00:00+00:00, run_after=2026-09-08 00:00:00+00:00
[2026-09-08T06:06:28.310+0000] {processor.py:183} INFO - Processing /opt/airflow/dags/netflix_dag.py took 0.145 seconds
[2026-09-08T06:06:58.657+0000] {processor.py:161} INFO - Started process (PID=5081) to work on /opt/airflow/dags/netflix_dag.py
[2026-09-08T06:06:58.659+0000] {processor.py:830} INFO - Processing file /opt/airflow/dags/netflix_dag.py for tasks to queue
[2026-09-08T06:06:58.663+0000] {logging_mixin.py:188} INFO - [2026-09-08T06:06:58.663+0000] {dagbag.py:545} INFO - Filling up the DagBag from /opt/airflow/dags/netflix_dag.py
[2026-09-08T06:06:58.694+0000] {processor.py:840} INFO - DAG(s) 'netflix_etl_pipeline' retrieved from /opt/airflow/dags/netflix_dag.py
[2026-09-08T06:06:58.743+0000] {logging_mixin.py:188} INFO - [2026-09-08T06:06:58.742+0000] {dag.py:3089} INFO - Sync 1 DAGs
[2026-09-08T06:06:58.772+0000] {logging_mixin.py:188} INFO - [2026-09-08T06:06:58.772+0000] {dag.py:3947} INFO - Setting next_dagrun for netflix_etl_pipeline to 2026-09-07 00:00:00+00:00, run_after=2026-09-08 00:00:00+00:00
[2026-09-08T06:06:58.800+0000] {processor.py:183} INFO - Processing /opt/airflow/dags/netflix_dag.py took 0.154 seconds
[2026-09-08T06:07:29.266+0000] {processor.py:161} INFO - Started process (PID=5092) to work on /opt/airflow/dags/netflix_dag.py
[2026-09-08T06:07:29.268+0000] {processor.py:830} INFO - Processing file /opt/airflow/dags/netflix_dag.py for tasks to queue
[2026-09-08T06:07:29.272+0000] {logging_mixin.py:188} INFO - [2026-09-08T06:07:29.271+0000] {dagbag.py:545} INFO - Filling up the DagBag from /opt/airflow/dags/netflix_dag.py
[2026-09-08T06:07:29.299+0000] {processor.py:840} INFO - DAG(s) 'netflix_etl_pipeline' retrieved from /opt/airflow/dags/netflix_dag.py
[2026-09-08T06:07:29.344+0000] {logging_mixin.py:188} INFO - [2026-09-08T06:07:29.343+0000] {dag.py:3089} INFO - Sync 1 DAGs
[2026-09-08T06:07:29.373+0000] {logging_mixin.py:188} INFO - [2026-09-08T06:07:29.373+0000] {dag.py:3947} INFO - Setting next_dagrun for netflix_etl_pipeline to 2026-09-07 00:00:00+00:00, run_after=2026-09-08 00:00:00+00:00
[2026-09-08T06:07:29.400+0000] {processor.py:183} INFO - Processing /opt/airflow/dags/netflix_dag.py took 0.141 seconds
[2026-09-08T06:07:59.747+0000] {processor.py:161} INFO - Started process (PID=5103) to work on /opt/airflow/dags/netflix_dag.py
[2026-09-08T06:07:59.749+0000] {processor.py:830} INFO - Processing file /opt/airflow/dags/netflix_dag.py for tasks to queue
[2026-09-08T06:07:59.752+0000] {logging_mixin.py:188} INFO - [2026-09-08T06:07:59.752+0000] {dagbag.py:545} INFO - Filling up the DagBag from /opt/airflow/dags/netflix_dag.py
[2026-09-08T06:07:59.783+0000] {processor.py:840} INFO - DAG(s) 'netflix_etl_pipeline' retrieved from /opt/airflow/dags/netflix_dag.py
[2026-09-08T06:07:59.827+0000] {logging_mixin.py:188} INFO - [2026-09-08T06:07:59.827+0000] {dag.py:3089} INFO - Sync 1 DAGs
[2026-09-08T06:07:59.855+0000] {logging_mixin.py:188} INFO - [2026-09-08T06:07:59.854+0000] {dag.py:3947} INFO - Setting next_dagrun for netflix_etl_pipeline to 2026-09-07 00:00:00+00:00, run_after=2026-09-08 00:00:00+00:00
[2026-09-08T06:07:59.883+0000] {processor.py:183} INFO - Processing /opt/airflow/dags/netflix_dag.py took 0.144 seconds
[2026-09-08T06:08:30.378+0000] {processor.py:161} INFO - Started process (PID=5114) to work on /opt/airflow/dags/netflix_dag.py
[2026-09-08T06:08:30.380+0000] {processor.py:830} INFO - Processing file /opt/airflow/dags/netflix_dag.py for tasks to queue
[2026-09-08T06:08:30.384+0000] {logging_mixin.py:188} INFO - [2026-09-08T06:08:30.384+0000] {dagbag.py:545} INFO - Filling up the DagBag from /opt/airflow/dags/netflix_dag.py
[2026-09-08T06:08:30.417+0000] {processor.py:840} INFO - DAG(s) 'netflix_etl_pipeline' retrieved from /opt/airflow/dags/netflix_dag.py
[2026-09-08T06:08:30.464+0000] {logging_mixin.py:188} INFO - [2026-09-08T06:08:30.464+0000] {dag.py:3089} INFO - Sync 1 DAGs
[2026-09-08T06:08:30.495+0000] {logging_mixin.py:188} INFO - [2026-09-08T06:08:30.495+0000] {dag.py:3947} INFO - Setting next_dagrun for netflix_etl_pipeline to 2026-09-07 00:00:00+00:00, run_after=2026-09-08 00:00:00+00:00
[2026-09-08T06:08:30.522+0000] {processor.py:183} INFO - Processing /opt/airflow/dags/netflix_dag.py took 0.152 seconds
[2026-09-08T06:09:00.859+0000] {processor.py:161} INFO - Started process (PID=5125) to work on /opt/airflow/dags/netflix_dag.py
[2026-09-08T06:09:00.862+0000] {processor.py:830} INFO - Processing file /opt/airflow/dags/netflix_dag.py for tasks to queue
[2026-09-08T06:09:00.866+0000] {logging_mixin.py:188} INFO - [2026-09-08T06:09:00.865+0000] {dagbag.py:545} INFO - Filling up the DagBag from /opt/airflow/dags/netflix_dag.py
[2026-09-08T06:09:00.894+0000] {processor.py:840} INFO - DAG(s) 'netflix_etl_pipeline' retrieved from /opt/airflow/dags/netflix_dag.py
[2026-09-08T06:09:00.947+0000] {logging_mixin.py:188} INFO - [2026-09-08T06:09:00.947+0000] {dag.py:3089} INFO - Sync 1 DAGs
[2026-09-08T06:09:00.977+0000] {logging_mixin.py:188} INFO - [2026-09-08T06:09:00.977+0000] {dag.py:3947} INFO - Setting next_dagrun for netflix_etl_pipeline to 2026-09-07 00:00:00+00:00, run_after=2026-09-08 00:00:00+00:00
[2026-09-08T06:09:01.005+0000] {processor.py:183} INFO - Processing /opt/airflow/dags/netflix_dag.py took 0.157 seconds
[2026-09-08T06:09:31.468+0000] {processor.py:161} INFO - Started process (PID=5136) to work on /opt/airflow/dags/netflix_dag.py
[2026-09-08T06:09:31.470+0000] {processor.py:830} INFO - Processing file /opt/airflow/dags/netflix_dag.py for tasks to queue
[2026-09-08T06:09:31.474+0000] {logging_mixin.py:188} INFO - [2026-09-08T06:09:31.473+0000] {dagbag.py:545} INFO - Filling up the DagBag from /opt/airflow/dags/netflix_dag.py
[2026-09-08T06:09:31.501+0000] {processor.py:840} INFO - DAG(s) 'netflix_etl_pipeline' retrieved from /opt/airflow/dags/netflix_dag.py
[2026-09-08T06:09:31.547+0000] {logging_mixin.py:188} INFO - [2026-09-08T06:09:31.546+0000] {dag.py:3089} INFO - Sync 1 DAGs
[2026-09-08T06:09:31.576+0000] {logging_mixin.py:188} INFO - [2026-09-08T06:09:31.576+0000] {dag.py:3947} INFO - Setting next_dagrun for netflix_etl_pipeline to 2026-09-07 00:00:00+00:00, run_after=2026-09-08 00:00:00+00:00
[2026-09-08T06:09:31.603+0000] {processor.py:183} INFO - Processing /opt/airflow/dags/netflix_dag.py took 0.145 seconds
[2026-09-08T06:10:02.024+0000] {processor.py:161} INFO - Started process (PID=5147) to work on /opt/airflow/dags/netflix_dag.py
[2026-09-08T06:10:02.028+0000] {processor.py:830} INFO - Processing file /opt/airflow/dags/netflix_dag.py for tasks to queue
[2026-09-08T06:10:02.034+0000] {logging_mixin.py:188} INFO - [2026-09-08T06:10:02.033+0000] {dagbag.py:545} INFO - Filling up the DagBag from /opt/airflow/dags/netflix_dag.py
[2026-09-08T06:10:02.081+0000] {processor.py:840} INFO - DAG(s) 'netflix_etl_pipeline' retrieved from /opt/airflow/dags/netflix_dag.py
[2026-09-08T06:10:02.128+0000] {logging_mixin.py:188} INFO - [2026-09-08T06:10:02.128+0000] {dag.py:3089} INFO - Sync 1 DAGs
[2026-09-08T06:10:02.162+0000] {logging_mixin.py:188} INFO - [2026-09-08T06:10:02.162+0000] {dag.py:3947} INFO - Setting next_dagrun for netflix_etl_pipeline to 2026-09-07 00:00:00+00:00, run_after=2026-09-08 00:00:00+00:00
[2026-09-08T06:10:02.192+0000] {processor.py:183} INFO - Processing /opt/airflow/dags/netflix_dag.py took 0.186 seconds
[2026-09-08T06:10:32.368+0000] {processor.py:161} INFO - Started process (PID=5158) to work on /opt/airflow/dags/netflix_dag.py
[2026-09-08T06:10:32.371+0000] {processor.py:830} INFO - Processing file /opt/airflow/dags/netflix_dag.py for tasks to queue
[2026-09-08T06:10:32.374+0000] {logging_mixin.py:188} INFO - [2026-09-08T06:10:32.374+0000] {dagbag.py:545} INFO - Filling up the DagBag from /opt/airflow/dags/netflix_dag.py
[2026-09-08T06:10:32.405+0000] {processor.py:840} INFO - DAG(s) 'netflix_etl_pipeline' retrieved from /opt/airflow/dags/netflix_dag.py
[2026-09-08T06:10:32.453+0000] {logging_mixin.py:188} INFO - [2026-09-08T06:10:32.453+0000] {dag.py:3089} INFO - Sync 1 DAGs
[2026-09-08T06:10:32.489+0000] {logging_mixin.py:188} INFO - [2026-09-08T06:10:32.488+0000] {dag.py:3947} INFO - Setting next_dagrun for netflix_etl_pipeline to 2026-09-07 00:00:00+00:00, run_after=2026-09-08 00:00:00+00:00
[2026-09-08T06:10:32.520+0000] {processor.py:183} INFO - Processing /opt/airflow/dags/netflix_dag.py took 0.160 seconds
[2026-09-08T06:11:02.897+0000] {processor.py:161} INFO - Started process (PID=5169) to work on /opt/airflow/dags/netflix_dag.py
[2026-09-08T06:11:02.899+0000] {processor.py:830} INFO - Processing file /opt/airflow/dags/netflix_dag.py for tasks to queue
[2026-09-08T06:11:02.902+0000] {logging_mixin.py:188} INFO - [2026-09-08T06:11:02.902+0000] {dagbag.py:545} INFO - Filling up the DagBag from /opt/airflow/dags/netflix_dag.py
[2026-09-08T06:11:02.928+0000] {processor.py:840} INFO - DAG(s) 'netflix_etl_pipeline' retrieved from /opt/airflow/dags/netflix_dag.py
[2026-09-08T06:11:02.985+0000] {logging_mixin.py:188} INFO - [2026-09-08T06:11:02.984+0000] {dag.py:3089} INFO - Sync 1 DAGs
[2026-09-08T06:11:03.021+0000] {logging_mixin.py:188} INFO - [2026-09-08T06:11:03.021+0000] {dag.py:3947} INFO - Setting next_dagrun for netflix_etl_pipeline to 2026-09-07 00:00:00+00:00, run_after=2026-09-08 00:00:00+00:00
[2026-09-08T06:11:03.053+0000] {processor.py:183} INFO - Processing /opt/airflow/dags/netflix_dag.py took 0.165 seconds
[2026-09-08T06:11:33.277+0000] {processor.py:161} INFO - Started process (PID=5180) to work on /opt/airflow/dags/netflix_dag.py
[2026-09-08T06:11:33.279+0000] {processor.py:830} INFO - Processing file /opt/airflow/dags/netflix_dag.py for tasks to queue
[2026-09-08T06:11:33.282+0000] {logging_mixin.py:188} INFO - [2026-09-08T06:11:33.282+0000] {dagbag.py:545} INFO - Filling up the DagBag from /opt/airflow/dags/netflix_dag.py
[2026-09-08T06:11:33.319+0000] {processor.py:840} INFO - DAG(s) 'netflix_etl_pipeline' retrieved from /opt/airflow/dags/netflix_dag.py
[2026-09-08T06:11:33.369+0000] {logging_mixin.py:188} INFO - [2026-09-08T06:11:33.368+0000] {dag.py:3089} INFO - Sync 1 DAGs
[2026-09-08T06:11:33.400+0000] {logging_mixin.py:188} INFO - [2026-09-08T06:11:33.399+0000] {dag.py:3947} INFO - Setting next_dagrun for netflix_etl_pipeline to 2026-09-07 00:00:00+00:00, run_after=2026-09-08 00:00:00+00:00
[2026-09-08T06:11:33.424+0000] {processor.py:183} INFO - Processing /opt/airflow/dags/netflix_dag.py took 0.158 seconds
[2026-09-08T06:12:03.612+0000] {processor.py:161} INFO - Started process (PID=5191) to work on /opt/airflow/dags/netflix_dag.py
[2026-09-08T06:12:03.615+0000] {processor.py:830} INFO - Processing file /opt/airflow/dags/netflix_dag.py for tasks to queue
[2026-09-08T06:12:03.618+0000] {logging_mixin.py:188} INFO - [2026-09-08T06:12:03.617+0000] {dagbag.py:545} INFO - Filling up the DagBag from /opt/airflow/dags/netflix_dag.py
[2026-09-08T06:12:03.645+0000] {processor.py:840} INFO - DAG(s) 'netflix_etl_pipeline' retrieved from /opt/airflow/dags/netflix_dag.py
[2026-09-08T06:12:03.690+0000] {logging_mixin.py:188} INFO - [2026-09-08T06:12:03.690+0000] {dag.py:3089} INFO - Sync 1 DAGs
[2026-09-08T06:12:03.718+0000] {logging_mixin.py:188} INFO - [2026-09-08T06:12:03.718+0000] {dag.py:3947} INFO - Setting next_dagrun for netflix_etl_pipeline to 2026-09-07 00:00:00+00:00, run_after=2026-09-08 00:00:00+00:00
[2026-09-08T06:12:03.745+0000] {processor.py:183} INFO - Processing /opt/airflow/dags/netflix_dag.py took 0.139 seconds
[2026-09-08T06:12:34.096+0000] {processor.py:161} INFO - Started process (PID=5202) to work on /opt/airflow/dags/netflix_dag.py
[2026-09-08T06:12:34.098+0000] {processor.py:830} INFO - Processing file /opt/airflow/dags/netflix_dag.py for tasks to queue
[2026-09-08T06:12:34.102+0000] {logging_mixin.py:188} INFO - [2026-09-08T06:12:34.101+0000] {dagbag.py:545} INFO - Filling up the DagBag from /opt/airflow/dags/netflix_dag.py
[2026-09-08T06:12:34.136+0000] {processor.py:840} INFO - DAG(s) 'netflix_etl_pipeline' retrieved from /opt/airflow/dags/netflix_dag.py
[2026-09-08T06:12:34.182+0000] {logging_mixin.py:188} INFO - [2026-09-08T06:12:34.182+0000] {dag.py:3089} INFO - Sync 1 DAGs
[2026-09-08T06:12:34.213+0000] {logging_mixin.py:188} INFO - [2026-09-08T06:12:34.213+0000] {dag.py:3947} INFO - Setting next_dagrun for netflix_etl_pipeline to 2026-09-07 00:00:00+00:00, run_after=2026-09-08 00:00:00+00:00
[2026-09-08T06:12:34.242+0000] {processor.py:183} INFO - Processing /opt/airflow/dags/netflix_dag.py took 0.155 seconds
[2026-09-08T06:13:04.515+0000] {processor.py:161} INFO - Started process (PID=5213) to work on /opt/airflow/dags/netflix_dag.py
[2026-09-08T06:13:04.517+0000] {processor.py:830} INFO - Processing file /opt/airflow/dags/netflix_dag.py for tasks to queue
[2026-09-08T06:13:04.521+0000] {logging_mixin.py:188} INFO - [2026-09-08T06:13:04.520+0000] {dagbag.py:545} INFO - Filling up the DagBag from /opt/airflow/dags/netflix_dag.py
[2026-09-08T06:13:04.548+0000] {processor.py:840} INFO - DAG(s) 'netflix_etl_pipeline' retrieved from /opt/airflow/dags/netflix_dag.py
[2026-09-08T06:13:04.596+0000] {logging_mixin.py:188} INFO - [2026-09-08T06:13:04.595+0000] {dag.py:3089} INFO - Sync 1 DAGs
[2026-09-08T06:13:04.626+0000] {logging_mixin.py:188} INFO - [2026-09-08T06:13:04.625+0000] {dag.py:3947} INFO - Setting next_dagrun for netflix_etl_pipeline to 2026-09-07 00:00:00+00:00, run_after=2026-09-08 00:00:00+00:00
[2026-09-08T06:13:04.653+0000] {processor.py:183} INFO - Processing /opt/airflow/dags/netflix_dag.py took 0.146 seconds
[2026-09-08T06:13:34.902+0000] {processor.py:161} INFO - Started process (PID=5224) to work on /opt/airflow/dags/netflix_dag.py
[2026-09-08T06:13:34.904+0000] {processor.py:830} INFO - Processing file /opt/airflow/dags/netflix_dag.py for tasks to queue
[2026-09-08T06:13:34.908+0000] {logging_mixin.py:188} INFO - [2026-09-08T06:13:34.907+0000] {dagbag.py:545} INFO - Filling up the DagBag from /opt/airflow/dags/netflix_dag.py
[2026-09-08T06:13:34.937+0000] {processor.py:840} INFO - DAG(s) 'netflix_etl_pipeline' retrieved from /opt/airflow/dags/netflix_dag.py
[2026-09-08T06:13:34.983+0000] {logging_mixin.py:188} INFO - [2026-09-08T06:13:34.982+0000] {dag.py:3089} INFO - Sync 1 DAGs
[2026-09-08T06:13:35.012+0000] {logging_mixin.py:188} INFO - [2026-09-08T06:13:35.011+0000] {dag.py:3947} INFO - Setting next_dagrun for netflix_etl_pipeline to 2026-09-07 00:00:00+00:00, run_after=2026-09-08 00:00:00+00:00
[2026-09-08T06:13:35.041+0000] {processor.py:183} INFO - Processing /opt/airflow/dags/netflix_dag.py took 0.149 seconds
[2026-09-08T06:14:05.330+0000] {processor.py:161} INFO - Started process (PID=5235) to work on /opt/airflow/dags/netflix_dag.py
[2026-09-08T06:14:05.333+0000] {processor.py:830} INFO - Processing file /opt/airflow/dags/netflix_dag.py for tasks to queue
[2026-09-08T06:14:05.337+0000] {logging_mixin.py:188} INFO - [2026-09-08T06:14:05.336+0000] {dagbag.py:545} INFO - Filling up the DagBag from /opt/airflow/dags/netflix_dag.py
[2026-09-08T06:14:05.372+0000] {processor.py:840} INFO - DAG(s) 'netflix_etl_pipeline' retrieved from /opt/airflow/dags/netflix_dag.py
[2026-09-08T06:14:05.418+0000] {logging_mixin.py:188} INFO - [2026-09-08T06:14:05.418+0000] {dag.py:3089} INFO - Sync 1 DAGs
[2026-09-08T06:14:05.449+0000] {logging_mixin.py:188} INFO - [2026-09-08T06:14:05.449+0000] {dag.py:3947} INFO - Setting next_dagrun for netflix_etl_pipeline to 2026-09-07 00:00:00+00:00, run_after=2026-09-08 00:00:00+00:00
[2026-09-08T06:14:05.476+0000] {processor.py:183} INFO - Processing /opt/airflow/dags/netflix_dag.py took 0.157 seconds
[2026-09-08T06:14:35.774+0000] {processor.py:161} INFO - Started process (PID=5246) to work on /opt/airflow/dags/netflix_dag.py
[2026-09-08T06:14:35.776+0000] {processor.py:830} INFO - Processing file /opt/airflow/dags/netflix_dag.py for tasks to queue
[2026-09-08T06:14:35.779+0000] {logging_mixin.py:188} INFO - [2026-09-08T06:14:35.779+0000] {dagbag.py:545} INFO - Filling up the DagBag from /opt/airflow/dags/netflix_dag.py
[2026-09-08T06:14:35.806+0000] {processor.py:840} INFO - DAG(s) 'netflix_etl_pipeline' retrieved from /opt/airflow/dags/netflix_dag.py
[2026-09-08T06:14:35.852+0000] {logging_mixin.py:188} INFO - [2026-09-08T06:14:35.851+0000] {dag.py:3089} INFO - Sync 1 DAGs
[2026-09-08T06:14:35.894+0000] {logging_mixin.py:188} INFO - [2026-09-08T06:14:35.894+0000] {dag.py:3947} INFO - Setting next_dagrun for netflix_etl_pipeline to 2026-09-07 00:00:00+00:00, run_after=2026-09-08 00:00:00+00:00
[2026-09-08T06:14:35.922+0000] {processor.py:183} INFO - Processing /opt/airflow/dags/netflix_dag.py took 0.156 seconds
[2026-09-08T06:15:06.099+0000] {processor.py:161} INFO - Started process (PID=5257) to work on /opt/airflow/dags/netflix_dag.py
[2026-09-08T06:15:06.101+0000] {processor.py:830} INFO - Processing file /opt/airflow/dags/netflix_dag.py for tasks to queue
[2026-09-08T06:15:06.105+0000] {logging_mixin.py:188} INFO - [2026-09-08T06:15:06.105+0000] {dagbag.py:545} INFO - Filling up the DagBag from /opt/airflow/dags/netflix_dag.py
[2026-09-08T06:15:06.138+0000] {processor.py:840} INFO - DAG(s) 'netflix_etl_pipeline' retrieved from /opt/airflow/dags/netflix_dag.py
[2026-09-08T06:15:06.185+0000] {logging_mixin.py:188} INFO - [2026-09-08T06:15:06.185+0000] {dag.py:3089} INFO - Sync 1 DAGs
[2026-09-08T06:15:06.215+0000] {logging_mixin.py:188} INFO - [2026-09-08T06:15:06.214+0000] {dag.py:3947} INFO - Setting next_dagrun for netflix_etl_pipeline to 2026-09-07 00:00:00+00:00, run_after=2026-09-08 00:00:00+00:00
[2026-09-08T06:15:06.242+0000] {processor.py:183} INFO - Processing /opt/airflow/dags/netflix_dag.py took 0.152 seconds
[2026-09-08T06:15:36.385+0000] {processor.py:161} INFO - Started process (PID=5268) to work on /opt/airflow/dags/netflix_dag.py
[2026-09-08T06:15:36.386+0000] {processor.py:830} INFO - Processing file /opt/airflow/dags/netflix_dag.py for tasks to queue
[2026-09-08T06:15:36.390+0000] {logging_mixin.py:188} INFO - [2026-09-08T06:15:36.389+0000] {dagbag.py:545} INFO - Filling up the DagBag from /opt/airflow/dags/netflix_dag.py
[2026-09-08T06:15:36.417+0000] {processor.py:840} INFO - DAG(s) 'netflix_etl_pipeline' retrieved from /opt/airflow/dags/netflix_dag.py
[2026-09-08T06:15:36.468+0000] {logging_mixin.py:188} INFO - [2026-09-08T06:15:36.468+0000] {dag.py:3089} INFO - Sync 1 DAGs
[2026-09-08T06:15:36.510+0000] {logging_mixin.py:188} INFO - [2026-09-08T06:15:36.510+0000] {dag.py:3947} INFO - Setting next_dagrun for netflix_etl_pipeline to 2026-09-07 00:00:00+00:00, run_after=2026-09-08 00:00:00+00:00
[2026-09-08T06:15:36.546+0000] {processor.py:183} INFO - Processing /opt/airflow/dags/netflix_dag.py took 0.169 seconds
[2026-09-08T06:16:06.818+0000] {processor.py:161} INFO - Started process (PID=5279) to work on /opt/airflow/dags/netflix_dag.py
[2026-09-08T06:16:06.820+0000] {processor.py:830} INFO - Processing file /opt/airflow/dags/netflix_dag.py for tasks to queue
[2026-09-08T06:16:06.825+0000] {logging_mixin.py:188} INFO - [2026-09-08T06:16:06.824+0000] {dagbag.py:545} INFO - Filling up the DagBag from /opt/airflow/dags/netflix_dag.py
[2026-09-08T06:16:06.855+0000] {processor.py:840} INFO - DAG(s) 'netflix_etl_pipeline' retrieved from /opt/airflow/dags/netflix_dag.py
[2026-09-08T06:16:06.907+0000] {logging_mixin.py:188} INFO - [2026-09-08T06:16:06.907+0000] {dag.py:3089} INFO - Sync 1 DAGs
[2026-09-08T06:16:06.936+0000] {logging_mixin.py:188} INFO - [2026-09-08T06:16:06.936+0000] {dag.py:3947} INFO - Setting next_dagrun for netflix_etl_pipeline to 2026-09-07 00:00:00+00:00, run_after=2026-09-08 00:00:00+00:00
[2026-09-08T06:16:06.964+0000] {processor.py:183} INFO - Processing /opt/airflow/dags/netflix_dag.py took 0.158 seconds
[2026-09-08T06:16:37.242+0000] {processor.py:161} INFO - Started process (PID=5290) to work on /opt/airflow/dags/netflix_dag.py
[2026-09-08T06:16:37.244+0000] {processor.py:830} INFO - Processing file /opt/airflow/dags/netflix_dag.py for tasks to queue
[2026-09-08T06:16:37.248+0000] {logging_mixin.py:188} INFO - [2026-09-08T06:16:37.248+0000] {dagbag.py:545} INFO - Filling up the DagBag from /opt/airflow/dags/netflix_dag.py
[2026-09-08T06:16:37.279+0000] {processor.py:840} INFO - DAG(s) 'netflix_etl_pipeline' retrieved from /opt/airflow/dags/netflix_dag.py
[2026-09-08T06:16:37.325+0000] {logging_mixin.py:188} INFO - [2026-09-08T06:16:37.324+0000] {dag.py:3089} INFO - Sync 1 DAGs
[2026-09-08T06:16:37.367+0000] {logging_mixin.py:188} INFO - [2026-09-08T06:16:37.367+0000] {dag.py:3947} INFO - Setting next_dagrun for netflix_etl_pipeline to 2026-09-07 00:00:00+00:00, run_after=2026-09-08 00:00:00+00:00
[2026-09-08T06:16:37.405+0000] {processor.py:183} INFO - Processing /opt/airflow/dags/netflix_dag.py took 0.173 seconds
[2026-09-08T06:17:07.548+0000] {processor.py:161} INFO - Started process (PID=5301) to work on /opt/airflow/dags/netflix_dag.py
[2026-09-08T06:17:07.550+0000] {processor.py:830} INFO - Processing file /opt/airflow/dags/netflix_dag.py for tasks to queue
[2026-09-08T06:17:07.554+0000] {logging_mixin.py:188} INFO - [2026-09-08T06:17:07.553+0000] {dagbag.py:545} INFO - Filling up the DagBag from /opt/airflow/dags/netflix_dag.py
[2026-09-08T06:17:07.583+0000] {processor.py:840} INFO - DAG(s) 'netflix_etl_pipeline' retrieved from /opt/airflow/dags/netflix_dag.py
[2026-09-08T06:17:07.643+0000] {logging_mixin.py:188} INFO - [2026-09-08T06:17:07.642+0000] {dag.py:3089} INFO - Sync 1 DAGs
[2026-09-08T06:17:07.677+0000] {logging_mixin.py:188} INFO - [2026-09-08T06:17:07.676+0000] {dag.py:3947} INFO - Setting next_dagrun for netflix_etl_pipeline to 2026-09-07 00:00:00+00:00, run_after=2026-09-08 00:00:00+00:00
[2026-09-08T06:17:07.705+0000] {processor.py:183} INFO - Processing /opt/airflow/dags/netflix_dag.py took 0.166 seconds
[2026-09-08T06:17:38.164+0000] {processor.py:161} INFO - Started process (PID=5312) to work on /opt/airflow/dags/netflix_dag.py
[2026-09-08T06:17:38.166+0000] {processor.py:830} INFO - Processing file /opt/airflow/dags/netflix_dag.py for tasks to queue
[2026-09-08T06:17:38.169+0000] {logging_mixin.py:188} INFO - [2026-09-08T06:17:38.168+0000] {dagbag.py:545} INFO - Filling up the DagBag from /opt/airflow/dags/netflix_dag.py
[2026-09-08T06:17:38.206+0000] {processor.py:840} INFO - DAG(s) 'netflix_etl_pipeline' retrieved from /opt/airflow/dags/netflix_dag.py
[2026-09-08T06:17:38.255+0000] {logging_mixin.py:188} INFO - [2026-09-08T06:17:38.255+0000] {dag.py:3089} INFO - Sync 1 DAGs
[2026-09-08T06:17:38.289+0000] {logging_mixin.py:188} INFO - [2026-09-08T06:17:38.289+0000] {dag.py:3947} INFO - Setting next_dagrun for netflix_etl_pipeline to 2026-09-07 00:00:00+00:00, run_after=2026-09-08 00:00:00+00:00
[2026-09-08T06:17:38.316+0000] {processor.py:183} INFO - Processing /opt/airflow/dags/netflix_dag.py took 0.161 seconds
[2026-09-08T06:18:08.501+0000] {processor.py:161} INFO - Started process (PID=5323) to work on /opt/airflow/dags/netflix_dag.py
[2026-09-08T06:18:08.503+0000] {processor.py:830} INFO - Processing file /opt/airflow/dags/netflix_dag.py for tasks to queue
[2026-09-08T06:18:08.506+0000] {logging_mixin.py:188} INFO - [2026-09-08T06:18:08.506+0000] {dagbag.py:545} INFO - Filling up the DagBag from /opt/airflow/dags/netflix_dag.py
[2026-09-08T06:18:08.536+0000] {processor.py:840} INFO - DAG(s) 'netflix_etl_pipeline' retrieved from /opt/airflow/dags/netflix_dag.py
[2026-09-08T06:18:08.585+0000] {logging_mixin.py:188} INFO - [2026-09-08T06:18:08.584+0000] {dag.py:3089} INFO - Sync 1 DAGs
[2026-09-08T06:18:08.615+0000] {logging_mixin.py:188} INFO - [2026-09-08T06:18:08.614+0000] {dag.py:3947} INFO - Setting next_dagrun for netflix_etl_pipeline to 2026-09-07 00:00:00+00:00, run_after=2026-09-08 00:00:00+00:00
[2026-09-08T06:18:08.644+0000] {processor.py:183} INFO - Processing /opt/airflow/dags/netflix_dag.py took 0.150 seconds
[2026-09-08T06:18:38.864+0000] {processor.py:161} INFO - Started process (PID=5334) to work on /opt/airflow/dags/netflix_dag.py
[2026-09-08T06:18:38.866+0000] {processor.py:830} INFO - Processing file /opt/airflow/dags/netflix_dag.py for tasks to queue
[2026-09-08T06:18:38.869+0000] {logging_mixin.py:188} INFO - [2026-09-08T06:18:38.869+0000] {dagbag.py:545} INFO - Filling up the DagBag from /opt/airflow/dags/netflix_dag.py
[2026-09-08T06:18:38.899+0000] {processor.py:840} INFO - DAG(s) 'netflix_etl_pipeline' retrieved from /opt/airflow/dags/netflix_dag.py
[2026-09-08T06:18:38.945+0000] {logging_mixin.py:188} INFO - [2026-09-08T06:18:38.945+0000] {dag.py:3089} INFO - Sync 1 DAGs
[2026-09-08T06:18:38.974+0000] {logging_mixin.py:188} INFO - [2026-09-08T06:18:38.974+0000] {dag.py:3947} INFO - Setting next_dagrun for netflix_etl_pipeline to 2026-09-07 00:00:00+00:00, run_after=2026-09-08 00:00:00+00:00
[2026-09-08T06:18:39.002+0000] {processor.py:183} INFO - Processing /opt/airflow/dags/netflix_dag.py took 0.146 seconds
[2026-09-08T06:19:09.539+0000] {processor.py:161} INFO - Started process (PID=5345) to work on /opt/airflow/dags/netflix_dag.py
[2026-09-08T06:19:09.542+0000] {processor.py:830} INFO - Processing file /opt/airflow/dags/netflix_dag.py for tasks to queue
[2026-09-08T06:19:09.545+0000] {logging_mixin.py:188} INFO - [2026-09-08T06:19:09.545+0000] {dagbag.py:545} INFO - Filling up the DagBag from /opt/airflow/dags/netflix_dag.py
[2026-09-08T06:19:09.578+0000] {processor.py:840} INFO - DAG(s) 'netflix_etl_pipeline' retrieved from /opt/airflow/dags/netflix_dag.py
[2026-09-08T06:19:09.632+0000] {logging_mixin.py:188} INFO - [2026-09-08T06:19:09.631+0000] {dag.py:3089} INFO - Sync 1 DAGs
[2026-09-08T06:19:09.662+0000] {logging_mixin.py:188} INFO - [2026-09-08T06:19:09.662+0000] {dag.py:3947} INFO - Setting next_dagrun for netflix_etl_pipeline to 2026-09-07 00:00:00+00:00, run_after=2026-09-08 00:00:00+00:00
[2026-09-08T06:19:09.691+0000] {processor.py:183} INFO - Processing /opt/airflow/dags/netflix_dag.py took 0.161 seconds
[2026-09-08T06:19:40.145+0000] {processor.py:161} INFO - Started process (PID=5357) to work on /opt/airflow/dags/netflix_dag.py
[2026-09-08T06:19:40.147+0000] {processor.py:830} INFO - Processing file /opt/airflow/dags/netflix_dag.py for tasks to queue
[2026-09-08T06:19:40.150+0000] {logging_mixin.py:188} INFO - [2026-09-08T06:19:40.149+0000] {dagbag.py:545} INFO - Filling up the DagBag from /opt/airflow/dags/netflix_dag.py
[2026-09-08T06:19:40.181+0000] {processor.py:840} INFO - DAG(s) 'netflix_etl_pipeline' retrieved from /opt/airflow/dags/netflix_dag.py
[2026-09-08T06:19:40.223+0000] {logging_mixin.py:188} INFO - [2026-09-08T06:19:40.223+0000] {dag.py:3089} INFO - Sync 1 DAGs
[2026-09-08T06:19:40.252+0000] {logging_mixin.py:188} INFO - [2026-09-08T06:19:40.252+0000] {dag.py:3947} INFO - Setting next_dagrun for netflix_etl_pipeline to 2026-09-07 00:00:00+00:00, run_after=2026-09-08 00:00:00+00:00
[2026-09-08T06:19:40.280+0000] {processor.py:183} INFO - Processing /opt/airflow/dags/netflix_dag.py took 0.143 seconds
[2026-09-08T06:20:10.727+0000] {processor.py:161} INFO - Started process (PID=5368) to work on /opt/airflow/dags/netflix_dag.py
[2026-09-08T06:20:10.729+0000] {processor.py:830} INFO - Processing file /opt/airflow/dags/netflix_dag.py for tasks to queue
[2026-09-08T06:20:10.733+0000] {logging_mixin.py:188} INFO - [2026-09-08T06:20:10.733+0000] {dagbag.py:545} INFO - Filling up the DagBag from /opt/airflow/dags/netflix_dag.py
[2026-09-08T06:20:10.764+0000] {processor.py:840} INFO - DAG(s) 'netflix_etl_pipeline' retrieved from /opt/airflow/dags/netflix_dag.py
[2026-09-08T06:20:10.807+0000] {logging_mixin.py:188} INFO - [2026-09-08T06:20:10.807+0000] {dag.py:3089} INFO - Sync 1 DAGs
[2026-09-08T06:20:10.837+0000] {logging_mixin.py:188} INFO - [2026-09-08T06:20:10.837+0000] {dag.py:3947} INFO - Setting next_dagrun for netflix_etl_pipeline to 2026-09-07 00:00:00+00:00, run_after=2026-09-08 00:00:00+00:00
[2026-09-08T06:20:10.865+0000] {processor.py:183} INFO - Processing /opt/airflow/dags/netflix_dag.py took 0.152 seconds
[2026-09-08T06:20:41.282+0000] {processor.py:161} INFO - Started process (PID=5379) to work on /opt/airflow/dags/netflix_dag.py
[2026-09-08T06:20:41.284+0000] {processor.py:830} INFO - Processing file /opt/airflow/dags/netflix_dag.py for tasks to queue
[2026-09-08T06:20:41.288+0000] {logging_mixin.py:188} INFO - [2026-09-08T06:20:41.287+0000] {dagbag.py:545} INFO - Filling up the DagBag from /opt/airflow/dags/netflix_dag.py
[2026-09-08T06:20:41.321+0000] {processor.py:840} INFO - DAG(s) 'netflix_etl_pipeline' retrieved from /opt/airflow/dags/netflix_dag.py
[2026-09-08T06:20:41.367+0000] {logging_mixin.py:188} INFO - [2026-09-08T06:20:41.367+0000] {dag.py:3089} INFO - Sync 1 DAGs
[2026-09-08T06:20:41.398+0000] {logging_mixin.py:188} INFO - [2026-09-08T06:20:41.397+0000] {dag.py:3947} INFO - Setting next_dagrun for netflix_etl_pipeline to 2026-09-07 00:00:00+00:00, run_after=2026-09-08 00:00:00+00:00
[2026-09-08T06:20:41.425+0000] {processor.py:183} INFO - Processing /opt/airflow/dags/netflix_dag.py took 0.151 seconds
[2026-09-08T06:21:11.839+0000] {processor.py:161} INFO - Started process (PID=5390) to work on /opt/airflow/dags/netflix_dag.py
[2026-09-08T06:21:11.841+0000] {processor.py:830} INFO - Processing file /opt/airflow/dags/netflix_dag.py for tasks to queue
[2026-09-08T06:21:11.846+0000] {logging_mixin.py:188} INFO - [2026-09-08T06:21:11.845+0000] {dagbag.py:545} INFO - Filling up the DagBag from /opt/airflow/dags/netflix_dag.py
[2026-09-08T06:21:11.874+0000] {processor.py:840} INFO - DAG(s) 'netflix_etl_pipeline' retrieved from /opt/airflow/dags/netflix_dag.py
[2026-09-08T06:21:11.921+0000] {logging_mixin.py:188} INFO - [2026-09-08T06:21:11.920+0000] {dag.py:3089} INFO - Sync 1 DAGs
[2026-09-08T06:21:11.949+0000] {logging_mixin.py:188} INFO - [2026-09-08T06:21:11.949+0000] {dag.py:3947} INFO - Setting next_dagrun for netflix_etl_pipeline to 2026-09-07 00:00:00+00:00, run_after=2026-09-08 00:00:00+00:00
[2026-09-08T06:21:11.977+0000] {processor.py:183} INFO - Processing /opt/airflow/dags/netflix_dag.py took 0.145 seconds
[2026-09-08T06:21:42.444+0000] {processor.py:161} INFO - Started process (PID=5401) to work on /opt/airflow/dags/netflix_dag.py
[2026-09-08T06:21:42.446+0000] {processor.py:830} INFO - Processing file /opt/airflow/dags/netflix_dag.py for tasks to queue
[2026-09-08T06:21:42.450+0000] {logging_mixin.py:188} INFO - [2026-09-08T06:21:42.450+0000] {dagbag.py:545} INFO - Filling up the DagBag from /opt/airflow/dags/netflix_dag.py
[2026-09-08T06:21:42.484+0000] {processor.py:840} INFO - DAG(s) 'netflix_etl_pipeline' retrieved from /opt/airflow/dags/netflix_dag.py
[2026-09-08T06:21:42.535+0000] {logging_mixin.py:188} INFO - [2026-09-08T06:21:42.534+0000] {dag.py:3089} INFO - Sync 1 DAGs
[2026-09-08T06:21:42.568+0000] {logging_mixin.py:188} INFO - [2026-09-08T06:21:42.568+0000] {dag.py:3947} INFO - Setting next_dagrun for netflix_etl_pipeline to 2026-09-07 00:00:00+00:00, run_after=2026-09-08 00:00:00+00:00
[2026-09-08T06:21:42.597+0000] {processor.py:183} INFO - Processing /opt/airflow/dags/netflix_dag.py took 0.165 seconds
[2026-09-08T06:22:12.964+0000] {processor.py:161} INFO - Started process (PID=5412) to work on /opt/airflow/dags/netflix_dag.py
[2026-09-08T06:22:12.966+0000] {processor.py:830} INFO - Processing file /opt/airflow/dags/netflix_dag.py for tasks to queue
[2026-09-08T06:22:12.972+0000] {logging_mixin.py:188} INFO - [2026-09-08T06:22:12.971+0000] {dagbag.py:545} INFO - Filling up the DagBag from /opt/airflow/dags/netflix_dag.py
[2026-09-08T06:22:13.007+0000] {processor.py:840} INFO - DAG(s) 'netflix_etl_pipeline' retrieved from /opt/airflow/dags/netflix_dag.py
[2026-09-08T06:22:13.054+0000] {logging_mixin.py:188} INFO - [2026-09-08T06:22:13.054+0000] {dag.py:3089} INFO - Sync 1 DAGs
[2026-09-08T06:22:13.084+0000] {logging_mixin.py:188} INFO - [2026-09-08T06:22:13.083+0000] {dag.py:3947} INFO - Setting next_dagrun for netflix_etl_pipeline to 2026-09-07 00:00:00+00:00, run_after=2026-09-08 00:00:00+00:00
[2026-09-08T06:22:13.111+0000] {processor.py:183} INFO - Processing /opt/airflow/dags/netflix_dag.py took 0.156 seconds
[2026-09-08T06:22:43.468+0000] {processor.py:161} INFO - Started process (PID=5423) to work on /opt/airflow/dags/netflix_dag.py
[2026-09-08T06:22:43.470+0000] {processor.py:830} INFO - Processing file /opt/airflow/dags/netflix_dag.py for tasks to queue
[2026-09-08T06:22:43.474+0000] {logging_mixin.py:188} INFO - [2026-09-08T06:22:43.473+0000] {dagbag.py:545} INFO - Filling up the DagBag from /opt/airflow/dags/netflix_dag.py
[2026-09-08T06:22:43.504+0000] {processor.py:840} INFO - DAG(s) 'netflix_etl_pipeline' retrieved from /opt/airflow/dags/netflix_dag.py
[2026-09-08T06:22:43.555+0000] {logging_mixin.py:188} INFO - [2026-09-08T06:22:43.555+0000] {dag.py:3089} INFO - Sync 1 DAGs
[2026-09-08T06:22:43.596+0000] {logging_mixin.py:188} INFO - [2026-09-08T06:22:43.595+0000] {dag.py:3947} INFO - Setting next_dagrun for netflix_etl_pipeline to 2026-09-07 00:00:00+00:00, run_after=2026-09-08 00:00:00+00:00
[2026-09-08T06:22:43.625+0000] {processor.py:183} INFO - Processing /opt/airflow/dags/netflix_dag.py took 0.167 seconds
[2026-09-08T06:23:13.948+0000] {processor.py:161} INFO - Started process (PID=5435) to work on /opt/airflow/dags/netflix_dag.py
[2026-09-08T06:23:13.951+0000] {processor.py:830} INFO - Processing file /opt/airflow/dags/netflix_dag.py for tasks to queue
[2026-09-08T06:23:13.955+0000] {logging_mixin.py:188} INFO - [2026-09-08T06:23:13.955+0000] {dagbag.py:545} INFO - Filling up the DagBag from /opt/airflow/dags/netflix_dag.py
[2026-09-08T06:23:13.987+0000] {processor.py:840} INFO - DAG(s) 'netflix_etl_pipeline' retrieved from /opt/airflow/dags/netflix_dag.py
[2026-09-08T06:23:14.041+0000] {logging_mixin.py:188} INFO - [2026-09-08T06:23:14.041+0000] {dag.py:3089} INFO - Sync 1 DAGs
[2026-09-08T06:23:14.077+0000] {logging_mixin.py:188} INFO - [2026-09-08T06:23:14.076+0000] {dag.py:3947} INFO - Setting next_dagrun for netflix_etl_pipeline to 2026-09-07 00:00:00+00:00, run_after=2026-09-08 00:00:00+00:00
[2026-09-08T06:23:14.111+0000] {processor.py:183} INFO - Processing /opt/airflow/dags/netflix_dag.py took 0.173 seconds
[2026-09-08T06:23:44.491+0000] {processor.py:161} INFO - Started process (PID=5446) to work on /opt/airflow/dags/netflix_dag.py
[2026-09-08T06:23:44.493+0000] {processor.py:830} INFO - Processing file /opt/airflow/dags/netflix_dag.py for tasks to queue
[2026-09-08T06:23:44.496+0000] {logging_mixin.py:188} INFO - [2026-09-08T06:23:44.496+0000] {dagbag.py:545} INFO - Filling up the DagBag from /opt/airflow/dags/netflix_dag.py
[2026-09-08T06:23:44.524+0000] {processor.py:840} INFO - DAG(s) 'netflix_etl_pipeline' retrieved from /opt/airflow/dags/netflix_dag.py
[2026-09-08T06:23:44.567+0000] {logging_mixin.py:188} INFO - [2026-09-08T06:23:44.567+0000] {dag.py:3089} INFO - Sync 1 DAGs
[2026-09-08T06:23:44.596+0000] {logging_mixin.py:188} INFO - [2026-09-08T06:23:44.596+0000] {dag.py:3947} INFO - Setting next_dagrun for netflix_etl_pipeline to 2026-09-07 00:00:00+00:00, run_after=2026-09-08 00:00:00+00:00
[2026-09-08T06:23:44.623+0000] {processor.py:183} INFO - Processing /opt/airflow/dags/netflix_dag.py took 0.139 seconds
[2026-09-08T06:24:15.185+0000] {processor.py:161} INFO - Started process (PID=5457) to work on /opt/airflow/dags/netflix_dag.py
[2026-09-08T06:24:15.188+0000] {processor.py:830} INFO - Processing file /opt/airflow/dags/netflix_dag.py for tasks to queue
[2026-09-08T06:24:15.191+0000] {logging_mixin.py:188} INFO - [2026-09-08T06:24:15.191+0000] {dagbag.py:545} INFO - Filling up the DagBag from /opt/airflow/dags/netflix_dag.py
[2026-09-08T06:24:15.220+0000] {processor.py:840} INFO - DAG(s) 'netflix_etl_pipeline' retrieved from /opt/airflow/dags/netflix_dag.py
[2026-09-08T06:24:15.268+0000] {logging_mixin.py:188} INFO - [2026-09-08T06:24:15.268+0000] {dag.py:3089} INFO - Sync 1 DAGs
[2026-09-08T06:24:15.297+0000] {logging_mixin.py:188} INFO - [2026-09-08T06:24:15.297+0000] {dag.py:3947} INFO - Setting next_dagrun for netflix_etl_pipeline to 2026-09-07 00:00:00+00:00, run_after=2026-09-08 00:00:00+00:00
[2026-09-08T06:24:15.325+0000] {processor.py:183} INFO - Processing /opt/airflow/dags/netflix_dag.py took 0.150 seconds
[2026-09-08T06:24:45.691+0000] {processor.py:161} INFO - Started process (PID=5468) to work on /opt/airflow/dags/netflix_dag.py
[2026-09-08T06:24:45.693+0000] {processor.py:830} INFO - Processing file /opt/airflow/dags/netflix_dag.py for tasks to queue
[2026-09-08T06:24:45.697+0000] {logging_mixin.py:188} INFO - [2026-09-08T06:24:45.696+0000] {dagbag.py:545} INFO - Filling up the DagBag from /opt/airflow/dags/netflix_dag.py
[2026-09-08T06:24:45.730+0000] {processor.py:840} INFO - DAG(s) 'netflix_etl_pipeline' retrieved from /opt/airflow/dags/netflix_dag.py
[2026-09-08T06:24:45.777+0000] {logging_mixin.py:188} INFO - [2026-09-08T06:24:45.776+0000] {dag.py:3089} INFO - Sync 1 DAGs
[2026-09-08T06:24:45.806+0000] {logging_mixin.py:188} INFO - [2026-09-08T06:24:45.806+0000] {dag.py:3947} INFO - Setting next_dagrun for netflix_etl_pipeline to 2026-09-07 00:00:00+00:00, run_after=2026-09-08 00:00:00+00:00
[2026-09-08T06:24:45.833+0000] {processor.py:183} INFO - Processing /opt/airflow/dags/netflix_dag.py took 0.152 seconds
[2026-09-08T06:25:16.200+0000] {processor.py:161} INFO - Started process (PID=5479) to work on /opt/airflow/dags/netflix_dag.py
[2026-09-08T06:25:16.202+0000] {processor.py:830} INFO - Processing file /opt/airflow/dags/netflix_dag.py for tasks to queue
[2026-09-08T06:25:16.206+0000] {logging_mixin.py:188} INFO - [2026-09-08T06:25:16.205+0000] {dagbag.py:545} INFO - Filling up the DagBag from /opt/airflow/dags/netflix_dag.py
[2026-09-08T06:25:16.242+0000] {processor.py:840} INFO - DAG(s) 'netflix_etl_pipeline' retrieved from /opt/airflow/dags/netflix_dag.py
[2026-09-08T06:25:16.289+0000] {logging_mixin.py:188} INFO - [2026-09-08T06:25:16.288+0000] {dag.py:3089} INFO - Sync 1 DAGs
[2026-09-08T06:25:16.319+0000] {logging_mixin.py:188} INFO - [2026-09-08T06:25:16.319+0000] {dag.py:3947} INFO - Setting next_dagrun for netflix_etl_pipeline to 2026-09-07 00:00:00+00:00, run_after=2026-09-08 00:00:00+00:00
[2026-09-08T06:25:16.348+0000] {processor.py:183} INFO - Processing /opt/airflow/dags/netflix_dag.py took 0.159 seconds
[2026-09-08T06:25:46.738+0000] {processor.py:161} INFO - Started process (PID=5490) to work on /opt/airflow/dags/netflix_dag.py
[2026-09-08T06:25:46.740+0000] {processor.py:830} INFO - Processing file /opt/airflow/dags/netflix_dag.py for tasks to queue
[2026-09-08T06:25:46.744+0000] {logging_mixin.py:188} INFO - [2026-09-08T06:25:46.744+0000] {dagbag.py:545} INFO - Filling up the DagBag from /opt/airflow/dags/netflix_dag.py
[2026-09-08T06:25:46.777+0000] {processor.py:840} INFO - DAG(s) 'netflix_etl_pipeline' retrieved from /opt/airflow/dags/netflix_dag.py
[2026-09-08T06:25:46.822+0000] {logging_mixin.py:188} INFO - [2026-09-08T06:25:46.822+0000] {dag.py:3089} INFO - Sync 1 DAGs
[2026-09-08T06:25:46.853+0000] {logging_mixin.py:188} INFO - [2026-09-08T06:25:46.853+0000] {dag.py:3947} INFO - Setting next_dagrun for netflix_etl_pipeline to 2026-09-07 00:00:00+00:00, run_after=2026-09-08 00:00:00+00:00
[2026-09-08T06:25:46.882+0000] {processor.py:183} INFO - Processing /opt/airflow/dags/netflix_dag.py took 0.154 seconds
[2026-09-08T06:26:17.276+0000] {processor.py:161} INFO - Started process (PID=5501) to work on /opt/airflow/dags/netflix_dag.py
[2026-09-08T06:26:17.279+0000] {processor.py:830} INFO - Processing file /opt/airflow/dags/netflix_dag.py for tasks to queue
[2026-09-08T06:26:17.282+0000] {logging_mixin.py:188} INFO - [2026-09-08T06:26:17.282+0000] {dagbag.py:545} INFO - Filling up the DagBag from /opt/airflow/dags/netflix_dag.py
[2026-09-08T06:26:17.312+0000] {processor.py:840} INFO - DAG(s) 'netflix_etl_pipeline' retrieved from /opt/airflow/dags/netflix_dag.py
[2026-09-08T06:26:17.358+0000] {logging_mixin.py:188} INFO - [2026-09-08T06:26:17.358+0000] {dag.py:3089} INFO - Sync 1 DAGs
[2026-09-08T06:26:17.388+0000] {logging_mixin.py:188} INFO - [2026-09-08T06:26:17.388+0000] {dag.py:3947} INFO - Setting next_dagrun for netflix_etl_pipeline to 2026-09-07 00:00:00+00:00, run_after=2026-09-08 00:00:00+00:00
[2026-09-08T06:26:17.417+0000] {processor.py:183} INFO - Processing /opt/airflow/dags/netflix_dag.py took 0.152 seconds
[2026-09-08T06:26:47.773+0000] {processor.py:161} INFO - Started process (PID=5512) to work on /opt/airflow/dags/netflix_dag.py
[2026-09-08T06:26:47.775+0000] {processor.py:830} INFO - Processing file /opt/airflow/dags/netflix_dag.py for tasks to queue
[2026-09-08T06:26:47.779+0000] {logging_mixin.py:188} INFO - [2026-09-08T06:26:47.779+0000] {dagbag.py:545} INFO - Filling up the DagBag from /opt/airflow/dags/netflix_dag.py
[2026-09-08T06:26:47.810+0000] {processor.py:840} INFO - DAG(s) 'netflix_etl_pipeline' retrieved from /opt/airflow/dags/netflix_dag.py
[2026-09-08T06:26:47.859+0000] {logging_mixin.py:188} INFO - [2026-09-08T06:26:47.859+0000] {dag.py:3089} INFO - Sync 1 DAGs
[2026-09-08T06:26:47.889+0000] {logging_mixin.py:188} INFO - [2026-09-08T06:26:47.888+0000] {dag.py:3947} INFO - Setting next_dagrun for netflix_etl_pipeline to 2026-09-07 00:00:00+00:00, run_after=2026-09-08 00:00:00+00:00
[2026-09-08T06:26:47.915+0000] {processor.py:183} INFO - Processing /opt/airflow/dags/netflix_dag.py took 0.153 seconds
[2026-09-08T06:27:18.378+0000] {processor.py:161} INFO - Started process (PID=5524) to work on /opt/airflow/dags/netflix_dag.py
[2026-09-08T06:27:18.380+0000] {processor.py:830} INFO - Processing file /opt/airflow/dags/netflix_dag.py for tasks to queue
[2026-09-08T06:27:18.384+0000] {logging_mixin.py:188} INFO - [2026-09-08T06:27:18.383+0000] {dagbag.py:545} INFO - Filling up the DagBag from /opt/airflow/dags/netflix_dag.py
[2026-09-08T06:27:18.418+0000] {processor.py:840} INFO - DAG(s) 'netflix_etl_pipeline' retrieved from /opt/airflow/dags/netflix_dag.py
[2026-09-08T06:27:18.463+0000] {logging_mixin.py:188} INFO - [2026-09-08T06:27:18.463+0000] {dag.py:3089} INFO - Sync 1 DAGs
[2026-09-08T06:27:18.492+0000] {logging_mixin.py:188} INFO - [2026-09-08T06:27:18.492+0000] {dag.py:3947} INFO - Setting next_dagrun for netflix_etl_pipeline to 2026-09-07 00:00:00+00:00, run_after=2026-09-08 00:00:00+00:00
[2026-09-08T06:27:18.520+0000] {processor.py:183} INFO - Processing /opt/airflow/dags/netflix_dag.py took 0.151 seconds
[2026-09-08T06:27:48.919+0000] {processor.py:161} INFO - Started process (PID=5535) to work on /opt/airflow/dags/netflix_dag.py
[2026-09-08T06:27:48.921+0000] {processor.py:830} INFO - Processing file /opt/airflow/dags/netflix_dag.py for tasks to queue
[2026-09-08T06:27:48.925+0000] {logging_mixin.py:188} INFO - [2026-09-08T06:27:48.925+0000] {dagbag.py:545} INFO - Filling up the DagBag from /opt/airflow/dags/netflix_dag.py
[2026-09-08T06:27:48.959+0000] {processor.py:840} INFO - DAG(s) 'netflix_etl_pipeline' retrieved from /opt/airflow/dags/netflix_dag.py
[2026-09-08T06:27:49.006+0000] {logging_mixin.py:188} INFO - [2026-09-08T06:27:49.006+0000] {dag.py:3089} INFO - Sync 1 DAGs
[2026-09-08T06:27:49.037+0000] {logging_mixin.py:188} INFO - [2026-09-08T06:27:49.036+0000] {dag.py:3947} INFO - Setting next_dagrun for netflix_etl_pipeline to 2026-09-07 00:00:00+00:00, run_after=2026-09-08 00:00:00+00:00
[2026-09-08T06:27:49.064+0000] {processor.py:183} INFO - Processing /opt/airflow/dags/netflix_dag.py took 0.156 seconds
[2026-09-08T06:28:19.428+0000] {processor.py:161} INFO - Started process (PID=5546) to work on /opt/airflow/dags/netflix_dag.py
[2026-09-08T06:28:19.430+0000] {processor.py:830} INFO - Processing file /opt/airflow/dags/netflix_dag.py for tasks to queue
[2026-09-08T06:28:19.434+0000] {logging_mixin.py:188} INFO - [2026-09-08T06:28:19.434+0000] {dagbag.py:545} INFO - Filling up the DagBag from /opt/airflow/dags/netflix_dag.py
[2026-09-08T06:28:19.466+0000] {processor.py:840} INFO - DAG(s) 'netflix_etl_pipeline' retrieved from /opt/airflow/dags/netflix_dag.py
[2026-09-08T06:28:19.511+0000] {logging_mixin.py:188} INFO - [2026-09-08T06:28:19.511+0000] {dag.py:3089} INFO - Sync 1 DAGs
[2026-09-08T06:28:19.541+0000] {logging_mixin.py:188} INFO - [2026-09-08T06:28:19.541+0000] {dag.py:3947} INFO - Setting next_dagrun for netflix_etl_pipeline to 2026-09-07 00:00:00+00:00, run_after=2026-09-08 00:00:00+00:00
[2026-09-08T06:28:19.568+0000] {processor.py:183} INFO - Processing /opt/airflow/dags/netflix_dag.py took 0.150 seconds
[2026-09-08T06:28:49.950+0000] {processor.py:161} INFO - Started process (PID=5557) to work on /opt/airflow/dags/netflix_dag.py
[2026-09-08T06:28:49.953+0000] {processor.py:830} INFO - Processing file /opt/airflow/dags/netflix_dag.py for tasks to queue
[2026-09-08T06:28:49.956+0000] {logging_mixin.py:188} INFO - [2026-09-08T06:28:49.956+0000] {dagbag.py:545} INFO - Filling up the DagBag from /opt/airflow/dags/netflix_dag.py
[2026-09-08T06:28:49.987+0000] {processor.py:840} INFO - DAG(s) 'netflix_etl_pipeline' retrieved from /opt/airflow/dags/netflix_dag.py
[2026-09-08T06:28:50.038+0000] {logging_mixin.py:188} INFO - [2026-09-08T06:28:50.037+0000] {dag.py:3089} INFO - Sync 1 DAGs
[2026-09-08T06:28:50.083+0000] {logging_mixin.py:188} INFO - [2026-09-08T06:28:50.082+0000] {dag.py:3947} INFO - Setting next_dagrun for netflix_etl_pipeline to 2026-09-07 00:00:00+00:00, run_after=2026-09-08 00:00:00+00:00
[2026-09-08T06:28:50.126+0000] {processor.py:183} INFO - Processing /opt/airflow/dags/netflix_dag.py took 0.186 seconds
[2026-09-08T06:29:20.610+0000] {processor.py:161} INFO - Started process (PID=5568) to work on /opt/airflow/dags/netflix_dag.py
[2026-09-08T06:29:20.612+0000] {processor.py:830} INFO - Processing file /opt/airflow/dags/netflix_dag.py for tasks to queue
[2026-09-08T06:29:20.615+0000] {logging_mixin.py:188} INFO - [2026-09-08T06:29:20.615+0000] {dagbag.py:545} INFO - Filling up the DagBag from /opt/airflow/dags/netflix_dag.py
[2026-09-08T06:29:20.649+0000] {processor.py:840} INFO - DAG(s) 'netflix_etl_pipeline' retrieved from /opt/airflow/dags/netflix_dag.py
[2026-09-08T06:29:20.695+0000] {logging_mixin.py:188} INFO - [2026-09-08T06:29:20.695+0000] {dag.py:3089} INFO - Sync 1 DAGs
[2026-09-08T06:29:20.726+0000] {logging_mixin.py:188} INFO - [2026-09-08T06:29:20.726+0000] {dag.py:3947} INFO - Setting next_dagrun for netflix_etl_pipeline to 2026-09-07 00:00:00+00:00, run_after=2026-09-08 00:00:00+00:00
[2026-09-08T06:29:20.763+0000] {processor.py:183} INFO - Processing /opt/airflow/dags/netflix_dag.py took 0.163 seconds
[2026-09-08T06:29:51.168+0000] {processor.py:161} INFO - Started process (PID=5579) to work on /opt/airflow/dags/netflix_dag.py
[2026-09-08T06:29:51.172+0000] {processor.py:830} INFO - Processing file /opt/airflow/dags/netflix_dag.py for tasks to queue
[2026-09-08T06:29:51.178+0000] {logging_mixin.py:188} INFO - [2026-09-08T06:29:51.177+0000] {dagbag.py:545} INFO - Filling up the DagBag from /opt/airflow/dags/netflix_dag.py
[2026-09-08T06:29:51.209+0000] {processor.py:840} INFO - DAG(s) 'netflix_etl_pipeline' retrieved from /opt/airflow/dags/netflix_dag.py
[2026-09-08T06:29:51.256+0000] {logging_mixin.py:188} INFO - [2026-09-08T06:29:51.256+0000] {dag.py:3089} INFO - Sync 1 DAGs
[2026-09-08T06:29:51.285+0000] {logging_mixin.py:188} INFO - [2026-09-08T06:29:51.285+0000] {dag.py:3947} INFO - Setting next_dagrun for netflix_etl_pipeline to 2026-09-07 00:00:00+00:00, run_after=2026-09-08 00:00:00+00:00
[2026-09-08T06:29:51.314+0000] {processor.py:183} INFO - Processing /opt/airflow/dags/netflix_dag.py took 0.160 seconds
[2026-09-08T06:30:21.763+0000] {processor.py:161} INFO - Started process (PID=5590) to work on /opt/airflow/dags/netflix_dag.py
[2026-09-08T06:30:21.765+0000] {processor.py:830} INFO - Processing file /opt/airflow/dags/netflix_dag.py for tasks to queue
[2026-09-08T06:30:21.769+0000] {logging_mixin.py:188} INFO - [2026-09-08T06:30:21.769+0000] {dagbag.py:545} INFO - Filling up the DagBag from /opt/airflow/dags/netflix_dag.py
[2026-09-08T06:30:21.803+0000] {processor.py:840} INFO - DAG(s) 'netflix_etl_pipeline' retrieved from /opt/airflow/dags/netflix_dag.py
[2026-09-08T06:30:21.863+0000] {logging_mixin.py:188} INFO - [2026-09-08T06:30:21.862+0000] {dag.py:3089} INFO - Sync 1 DAGs
[2026-09-08T06:30:21.918+0000] {logging_mixin.py:188} INFO - [2026-09-08T06:30:21.917+0000] {dag.py:3947} INFO - Setting next_dagrun for netflix_etl_pipeline to 2026-09-07 00:00:00+00:00, run_after=2026-09-08 00:00:00+00:00
[2026-09-08T06:30:21.960+0000] {processor.py:183} INFO - Processing /opt/airflow/dags/netflix_dag.py took 0.206 seconds
[2026-09-08T06:30:52.271+0000] {processor.py:161} INFO - Started process (PID=5601) to work on /opt/airflow/dags/netflix_dag.py
[2026-09-08T06:30:52.273+0000] {processor.py:830} INFO - Processing file /opt/airflow/dags/netflix_dag.py for tasks to queue
[2026-09-08T06:30:52.277+0000] {logging_mixin.py:188} INFO - [2026-09-08T06:30:52.276+0000] {dagbag.py:545} INFO - Filling up the DagBag from /opt/airflow/dags/netflix_dag.py
[2026-09-08T06:30:52.309+0000] {processor.py:840} INFO - DAG(s) 'netflix_etl_pipeline' retrieved from /opt/airflow/dags/netflix_dag.py
[2026-09-08T06:30:52.359+0000] {logging_mixin.py:188} INFO - [2026-09-08T06:30:52.358+0000] {dag.py:3089} INFO - Sync 1 DAGs
[2026-09-08T06:30:52.390+0000] {logging_mixin.py:188} INFO - [2026-09-08T06:30:52.390+0000] {dag.py:3947} INFO - Setting next_dagrun for netflix_etl_pipeline to 2026-09-07 00:00:00+00:00, run_after=2026-09-08 00:00:00+00:00
[2026-09-08T06:30:52.419+0000] {processor.py:183} INFO - Processing /opt/airflow/dags/netflix_dag.py took 0.158 seconds
[2026-09-08T06:31:22.886+0000] {processor.py:161} INFO - Started process (PID=5612) to work on /opt/airflow/dags/netflix_dag.py
[2026-09-08T06:31:22.888+0000] {processor.py:830} INFO - Processing file /opt/airflow/dags/netflix_dag.py for tasks to queue
[2026-09-08T06:31:22.892+0000] {logging_mixin.py:188} INFO - [2026-09-08T06:31:22.891+0000] {dagbag.py:545} INFO - Filling up the DagBag from /opt/airflow/dags/netflix_dag.py
[2026-09-08T06:31:22.921+0000] {processor.py:840} INFO - DAG(s) 'netflix_etl_pipeline' retrieved from /opt/airflow/dags/netflix_dag.py
[2026-09-08T06:31:22.969+0000] {logging_mixin.py:188} INFO - [2026-09-08T06:31:22.968+0000] {dag.py:3089} INFO - Sync 1 DAGs
[2026-09-08T06:31:23.001+0000] {logging_mixin.py:188} INFO - [2026-09-08T06:31:23.000+0000] {dag.py:3947} INFO - Setting next_dagrun for netflix_etl_pipeline to 2026-09-07 00:00:00+00:00, run_after=2026-09-08 00:00:00+00:00
[2026-09-08T06:31:23.028+0000] {processor.py:183} INFO - Processing /opt/airflow/dags/netflix_dag.py took 0.152 seconds
[2026-09-08T06:31:53.406+0000] {processor.py:161} INFO - Started process (PID=5623) to work on /opt/airflow/dags/netflix_dag.py
[2026-09-08T06:31:53.408+0000] {processor.py:830} INFO - Processing file /opt/airflow/dags/netflix_dag.py for tasks to queue
[2026-09-08T06:31:53.411+0000] {logging_mixin.py:188} INFO - [2026-09-08T06:31:53.411+0000] {dagbag.py:545} INFO - Filling up the DagBag from /opt/airflow/dags/netflix_dag.py
[2026-09-08T06:31:53.440+0000] {processor.py:840} INFO - DAG(s) 'netflix_etl_pipeline' retrieved from /opt/airflow/dags/netflix_dag.py
[2026-09-08T06:31:53.487+0000] {logging_mixin.py:188} INFO - [2026-09-08T06:31:53.487+0000] {dag.py:3089} INFO - Sync 1 DAGs
[2026-09-08T06:31:53.515+0000] {logging_mixin.py:188} INFO - [2026-09-08T06:31:53.515+0000] {dag.py:3947} INFO - Setting next_dagrun for netflix_etl_pipeline to 2026-09-07 00:00:00+00:00, run_after=2026-09-08 00:00:00+00:00
[2026-09-08T06:31:53.543+0000] {processor.py:183} INFO - Processing /opt/airflow/dags/netflix_dag.py took 0.145 seconds
[2026-09-08T06:32:23.983+0000] {processor.py:161} INFO - Started process (PID=5634) to work on /opt/airflow/dags/netflix_dag.py
[2026-09-08T06:32:23.986+0000] {processor.py:830} INFO - Processing file /opt/airflow/dags/netflix_dag.py for tasks to queue
[2026-09-08T06:32:23.989+0000] {logging_mixin.py:188} INFO - [2026-09-08T06:32:23.989+0000] {dagbag.py:545} INFO - Filling up the DagBag from /opt/airflow/dags/netflix_dag.py
[2026-09-08T06:32:24.021+0000] {processor.py:840} INFO - DAG(s) 'netflix_etl_pipeline' retrieved from /opt/airflow/dags/netflix_dag.py
[2026-09-08T06:32:24.068+0000] {logging_mixin.py:188} INFO - [2026-09-08T06:32:24.067+0000] {dag.py:3089} INFO - Sync 1 DAGs
[2026-09-08T06:32:24.100+0000] {logging_mixin.py:188} INFO - [2026-09-08T06:32:24.099+0000] {dag.py:3947} INFO - Setting next_dagrun for netflix_etl_pipeline to 2026-09-07 00:00:00+00:00, run_after=2026-09-08 00:00:00+00:00
[2026-09-08T06:32:24.128+0000] {processor.py:183} INFO - Processing /opt/airflow/dags/netflix_dag.py took 0.154 seconds
[2026-09-08T06:32:54.423+0000] {processor.py:161} INFO - Started process (PID=5645) to work on /opt/airflow/dags/netflix_dag.py
[2026-09-08T06:32:54.426+0000] {processor.py:830} INFO - Processing file /opt/airflow/dags/netflix_dag.py for tasks to queue
[2026-09-08T06:32:54.429+0000] {logging_mixin.py:188} INFO - [2026-09-08T06:32:54.429+0000] {dagbag.py:545} INFO - Filling up the DagBag from /opt/airflow/dags/netflix_dag.py
[2026-09-08T06:32:54.461+0000] {processor.py:840} INFO - DAG(s) 'netflix_etl_pipeline' retrieved from /opt/airflow/dags/netflix_dag.py
[2026-09-08T06:32:54.509+0000] {logging_mixin.py:188} INFO - [2026-09-08T06:32:54.509+0000] {dag.py:3089} INFO - Sync 1 DAGs
[2026-09-08T06:32:54.539+0000] {logging_mixin.py:188} INFO - [2026-09-08T06:32:54.539+0000] {dag.py:3947} INFO - Setting next_dagrun for netflix_etl_pipeline to 2026-09-07 00:00:00+00:00, run_after=2026-09-08 00:00:00+00:00
[2026-09-08T06:32:54.568+0000] {processor.py:183} INFO - Processing /opt/airflow/dags/netflix_dag.py took 0.155 seconds
[2026-09-08T06:33:25.037+0000] {processor.py:161} INFO - Started process (PID=5656) to work on /opt/airflow/dags/netflix_dag.py
[2026-09-08T06:33:25.039+0000] {processor.py:830} INFO - Processing file /opt/airflow/dags/netflix_dag.py for tasks to queue
[2026-09-08T06:33:25.042+0000] {logging_mixin.py:188} INFO - [2026-09-08T06:33:25.042+0000] {dagbag.py:545} INFO - Filling up the DagBag from /opt/airflow/dags/netflix_dag.py
[2026-09-08T06:33:25.071+0000] {processor.py:840} INFO - DAG(s) 'netflix_etl_pipeline' retrieved from /opt/airflow/dags/netflix_dag.py
[2026-09-08T06:33:25.119+0000] {logging_mixin.py:188} INFO - [2026-09-08T06:33:25.119+0000] {dag.py:3089} INFO - Sync 1 DAGs
[2026-09-08T06:33:25.151+0000] {logging_mixin.py:188} INFO - [2026-09-08T06:33:25.150+0000] {dag.py:3947} INFO - Setting next_dagrun for netflix_etl_pipeline to 2026-09-07 00:00:00+00:00, run_after=2026-09-08 00:00:00+00:00
[2026-09-08T06:33:25.179+0000] {processor.py:183} INFO - Processing /opt/airflow/dags/netflix_dag.py took 0.152 seconds
[2026-09-08T06:33:55.436+0000] {processor.py:161} INFO - Started process (PID=5667) to work on /opt/airflow/dags/netflix_dag.py
[2026-09-08T06:33:55.438+0000] {processor.py:830} INFO - Processing file /opt/airflow/dags/netflix_dag.py for tasks to queue
[2026-09-08T06:33:55.441+0000] {logging_mixin.py:188} INFO - [2026-09-08T06:33:55.441+0000] {dagbag.py:545} INFO - Filling up the DagBag from /opt/airflow/dags/netflix_dag.py
[2026-09-08T06:33:55.471+0000] {processor.py:840} INFO - DAG(s) 'netflix_etl_pipeline' retrieved from /opt/airflow/dags/netflix_dag.py
[2026-09-08T06:33:55.517+0000] {logging_mixin.py:188} INFO - [2026-09-08T06:33:55.517+0000] {dag.py:3089} INFO - Sync 1 DAGs
[2026-09-08T06:33:55.547+0000] {logging_mixin.py:188} INFO - [2026-09-08T06:33:55.546+0000] {dag.py:3947} INFO - Setting next_dagrun for netflix_etl_pipeline to 2026-09-07 00:00:00+00:00, run_after=2026-09-08 00:00:00+00:00
[2026-09-08T06:33:55.575+0000] {processor.py:183} INFO - Processing /opt/airflow/dags/netflix_dag.py took 0.146 seconds
[2026-09-08T06:34:25.928+0000] {processor.py:161} INFO - Started process (PID=5678) to work on /opt/airflow/dags/netflix_dag.py
[2026-09-08T06:34:25.931+0000] {processor.py:830} INFO - Processing file /opt/airflow/dags/netflix_dag.py for tasks to queue
[2026-09-08T06:34:25.934+0000] {logging_mixin.py:188} INFO - [2026-09-08T06:34:25.934+0000] {dagbag.py:545} INFO - Filling up the DagBag from /opt/airflow/dags/netflix_dag.py
[2026-09-08T06:34:25.967+0000] {processor.py:840} INFO - DAG(s) 'netflix_etl_pipeline' retrieved from /opt/airflow/dags/netflix_dag.py
[2026-09-08T06:34:26.014+0000] {logging_mixin.py:188} INFO - [2026-09-08T06:34:26.013+0000] {dag.py:3089} INFO - Sync 1 DAGs
[2026-09-08T06:34:26.043+0000] {logging_mixin.py:188} INFO - [2026-09-08T06:34:26.042+0000] {dag.py:3947} INFO - Setting next_dagrun for netflix_etl_pipeline to 2026-09-07 00:00:00+00:00, run_after=2026-09-08 00:00:00+00:00
[2026-09-08T06:34:26.071+0000] {processor.py:183} INFO - Processing /opt/airflow/dags/netflix_dag.py took 0.152 seconds
[2026-09-08T06:34:56.461+0000] {processor.py:161} INFO - Started process (PID=5689) to work on /opt/airflow/dags/netflix_dag.py
[2026-09-08T06:34:56.463+0000] {processor.py:830} INFO - Processing file /opt/airflow/dags/netflix_dag.py for tasks to queue
[2026-09-08T06:34:56.467+0000] {logging_mixin.py:188} INFO - [2026-09-08T06:34:56.466+0000] {dagbag.py:545} INFO - Filling up the DagBag from /opt/airflow/dags/netflix_dag.py
[2026-09-08T06:34:56.498+0000] {processor.py:840} INFO - DAG(s) 'netflix_etl_pipeline' retrieved from /opt/airflow/dags/netflix_dag.py
[2026-09-08T06:34:56.546+0000] {logging_mixin.py:188} INFO - [2026-09-08T06:34:56.546+0000] {dag.py:3089} INFO - Sync 1 DAGs
[2026-09-08T06:34:56.577+0000] {logging_mixin.py:188} INFO - [2026-09-08T06:34:56.577+0000] {dag.py:3947} INFO - Setting next_dagrun for netflix_etl_pipeline to 2026-09-07 00:00:00+00:00, run_after=2026-09-08 00:00:00+00:00
[2026-09-08T06:34:56.607+0000] {processor.py:183} INFO - Processing /opt/airflow/dags/netflix_dag.py took 0.154 seconds
[2026-09-08T06:35:27.041+0000] {processor.py:161} INFO - Started process (PID=5701) to work on /opt/airflow/dags/netflix_dag.py
[2026-09-08T06:35:27.043+0000] {processor.py:830} INFO - Processing file /opt/airflow/dags/netflix_dag.py for tasks to queue
[2026-09-08T06:35:27.047+0000] {logging_mixin.py:188} INFO - [2026-09-08T06:35:27.046+0000] {dagbag.py:545} INFO - Filling up the DagBag from /opt/airflow/dags/netflix_dag.py
[2026-09-08T06:35:27.076+0000] {processor.py:840} INFO - DAG(s) 'netflix_etl_pipeline' retrieved from /opt/airflow/dags/netflix_dag.py
[2026-09-08T06:35:27.120+0000] {logging_mixin.py:188} INFO - [2026-09-08T06:35:27.119+0000] {dag.py:3089} INFO - Sync 1 DAGs
[2026-09-08T06:35:27.148+0000] {logging_mixin.py:188} INFO - [2026-09-08T06:35:27.147+0000] {dag.py:3947} INFO - Setting next_dagrun for netflix_etl_pipeline to 2026-09-07 00:00:00+00:00, run_after=2026-09-08 00:00:00+00:00
[2026-09-08T06:35:27.174+0000] {processor.py:183} INFO - Processing /opt/airflow/dags/netflix_dag.py took 0.141 seconds
[2026-09-08T06:35:57.561+0000] {processor.py:161} INFO - Started process (PID=5712) to work on /opt/airflow/dags/netflix_dag.py
[2026-09-08T06:35:57.563+0000] {processor.py:830} INFO - Processing file /opt/airflow/dags/netflix_dag.py for tasks to queue
[2026-09-08T06:35:57.569+0000] {logging_mixin.py:188} INFO - [2026-09-08T06:35:57.568+0000] {dagbag.py:545} INFO - Filling up the DagBag from /opt/airflow/dags/netflix_dag.py
[2026-09-08T06:35:57.604+0000] {processor.py:840} INFO - DAG(s) 'netflix_etl_pipeline' retrieved from /opt/airflow/dags/netflix_dag.py
[2026-09-08T06:35:57.657+0000] {logging_mixin.py:188} INFO - [2026-09-08T06:35:57.656+0000] {dag.py:3089} INFO - Sync 1 DAGs
[2026-09-08T06:35:57.687+0000] {logging_mixin.py:188} INFO - [2026-09-08T06:35:57.687+0000] {dag.py:3947} INFO - Setting next_dagrun for netflix_etl_pipeline to 2026-09-07 00:00:00+00:00, run_after=2026-09-08 00:00:00+00:00
[2026-09-08T06:35:57.741+0000] {processor.py:183} INFO - Processing /opt/airflow/dags/netflix_dag.py took 0.193 seconds
[2026-09-08T06:36:28.030+0000] {processor.py:161} INFO - Started process (PID=5729) to work on /opt/airflow/dags/netflix_dag.py
[2026-09-08T06:36:28.032+0000] {processor.py:830} INFO - Processing file /opt/airflow/dags/netflix_dag.py for tasks to queue
[2026-09-08T06:36:28.035+0000] {logging_mixin.py:188} INFO - [2026-09-08T06:36:28.035+0000] {dagbag.py:545} INFO - Filling up the DagBag from /opt/airflow/dags/netflix_dag.py
[2026-09-08T06:36:28.064+0000] {processor.py:840} INFO - DAG(s) 'netflix_etl_pipeline' retrieved from /opt/airflow/dags/netflix_dag.py
[2026-09-08T06:36:28.112+0000] {logging_mixin.py:188} INFO - [2026-09-08T06:36:28.112+0000] {dag.py:3089} INFO - Sync 1 DAGs
[2026-09-08T06:36:28.141+0000] {logging_mixin.py:188} INFO - [2026-09-08T06:36:28.140+0000] {dag.py:3947} INFO - Setting next_dagrun for netflix_etl_pipeline to 2026-09-07 00:00:00+00:00, run_after=2026-09-08 00:00:00+00:00
[2026-09-08T06:36:28.167+0000] {processor.py:183} INFO - Processing /opt/airflow/dags/netflix_dag.py took 0.147 seconds
[2026-09-08T06:36:58.595+0000] {processor.py:161} INFO - Started process (PID=5740) to work on /opt/airflow/dags/netflix_dag.py
[2026-09-08T06:36:58.597+0000] {processor.py:830} INFO - Processing file /opt/airflow/dags/netflix_dag.py for tasks to queue
[2026-09-08T06:36:58.602+0000] {logging_mixin.py:188} INFO - [2026-09-08T06:36:58.602+0000] {dagbag.py:545} INFO - Filling up the DagBag from /opt/airflow/dags/netflix_dag.py
[2026-09-08T06:36:58.633+0000] {processor.py:840} INFO - DAG(s) 'netflix_etl_pipeline' retrieved from /opt/airflow/dags/netflix_dag.py
[2026-09-08T06:36:58.682+0000] {logging_mixin.py:188} INFO - [2026-09-08T06:36:58.682+0000] {dag.py:3089} INFO - Sync 1 DAGs
[2026-09-08T06:36:58.713+0000] {logging_mixin.py:188} INFO - [2026-09-08T06:36:58.713+0000] {dag.py:3947} INFO - Setting next_dagrun for netflix_etl_pipeline to 2026-09-07 00:00:00+00:00, run_after=2026-09-08 00:00:00+00:00
[2026-09-08T06:36:58.740+0000] {processor.py:183} INFO - Processing /opt/airflow/dags/netflix_dag.py took 0.155 seconds
[2026-09-08T06:37:29.059+0000] {processor.py:161} INFO - Started process (PID=5751) to work on /opt/airflow/dags/netflix_dag.py
[2026-09-08T06:37:29.062+0000] {processor.py:830} INFO - Processing file /opt/airflow/dags/netflix_dag.py for tasks to queue
[2026-09-08T06:37:29.067+0000] {logging_mixin.py:188} INFO - [2026-09-08T06:37:29.067+0000] {dagbag.py:545} INFO - Filling up the DagBag from /opt/airflow/dags/netflix_dag.py
[2026-09-08T06:37:29.095+0000] {processor.py:840} INFO - DAG(s) 'netflix_etl_pipeline' retrieved from /opt/airflow/dags/netflix_dag.py
[2026-09-08T06:37:29.145+0000] {logging_mixin.py:188} INFO - [2026-09-08T06:37:29.145+0000] {dag.py:3089} INFO - Sync 1 DAGs
[2026-09-08T06:37:29.175+0000] {logging_mixin.py:188} INFO - [2026-09-08T06:37:29.175+0000] {dag.py:3947} INFO - Setting next_dagrun for netflix_etl_pipeline to 2026-09-07 00:00:00+00:00, run_after=2026-09-08 00:00:00+00:00
[2026-09-08T06:37:29.203+0000] {processor.py:183} INFO - Processing /opt/airflow/dags/netflix_dag.py took 0.157 seconds
[2026-09-08T06:37:59.643+0000] {processor.py:161} INFO - Started process (PID=5762) to work on /opt/airflow/dags/netflix_dag.py
[2026-09-08T06:37:59.646+0000] {processor.py:830} INFO - Processing file /opt/airflow/dags/netflix_dag.py for tasks to queue
[2026-09-08T06:37:59.650+0000] {logging_mixin.py:188} INFO - [2026-09-08T06:37:59.649+0000] {dagbag.py:545} INFO - Filling up the DagBag from /opt/airflow/dags/netflix_dag.py
[2026-09-08T06:37:59.679+0000] {processor.py:840} INFO - DAG(s) 'netflix_etl_pipeline' retrieved from /opt/airflow/dags/netflix_dag.py
[2026-09-08T06:37:59.724+0000] {logging_mixin.py:188} INFO - [2026-09-08T06:37:59.724+0000] {dag.py:3089} INFO - Sync 1 DAGs
[2026-09-08T06:37:59.760+0000] {logging_mixin.py:188} INFO - [2026-09-08T06:37:59.759+0000] {dag.py:3947} INFO - Setting next_dagrun for netflix_etl_pipeline to 2026-09-07 00:00:00+00:00, run_after=2026-09-08 00:00:00+00:00
[2026-09-08T06:37:59.789+0000] {processor.py:183} INFO - Processing /opt/airflow/dags/netflix_dag.py took 0.155 seconds
[2026-09-08T06:38:30.085+0000] {processor.py:161} INFO - Started process (PID=5773) to work on /opt/airflow/dags/netflix_dag.py
[2026-09-08T06:38:30.087+0000] {processor.py:830} INFO - Processing file /opt/airflow/dags/netflix_dag.py for tasks to queue
[2026-09-08T06:38:30.090+0000] {logging_mixin.py:188} INFO - [2026-09-08T06:38:30.089+0000] {dagbag.py:545} INFO - Filling up the DagBag from /opt/airflow/dags/netflix_dag.py
[2026-09-08T06:38:30.116+0000] {processor.py:840} INFO - DAG(s) 'netflix_etl_pipeline' retrieved from /opt/airflow/dags/netflix_dag.py
[2026-09-08T06:38:30.164+0000] {logging_mixin.py:188} INFO - [2026-09-08T06:38:30.164+0000] {dag.py:3089} INFO - Sync 1 DAGs
[2026-09-08T06:38:30.194+0000] {logging_mixin.py:188} INFO - [2026-09-08T06:38:30.194+0000] {dag.py:3947} INFO - Setting next_dagrun for netflix_etl_pipeline to 2026-09-07 00:00:00+00:00, run_after=2026-09-08 00:00:00+00:00
[2026-09-08T06:38:30.222+0000] {processor.py:183} INFO - Processing /opt/airflow/dags/netflix_dag.py took 0.145 seconds
[2026-09-08T06:39:00.859+0000] {processor.py:161} INFO - Started process (PID=5785) to work on /opt/airflow/dags/netflix_dag.py
[2026-09-08T06:39:00.861+0000] {processor.py:830} INFO - Processing file /opt/airflow/dags/netflix_dag.py for tasks to queue
[2026-09-08T06:39:00.864+0000] {logging_mixin.py:188} INFO - [2026-09-08T06:39:00.864+0000] {dagbag.py:545} INFO - Filling up the DagBag from /opt/airflow/dags/netflix_dag.py
[2026-09-08T06:39:00.897+0000] {processor.py:840} INFO - DAG(s) 'netflix_etl_pipeline' retrieved from /opt/airflow/dags/netflix_dag.py
[2026-09-08T06:39:00.949+0000] {logging_mixin.py:188} INFO - [2026-09-08T06:39:00.949+0000] {dag.py:3089} INFO - Sync 1 DAGs
[2026-09-08T06:39:00.979+0000] {logging_mixin.py:188} INFO - [2026-09-08T06:39:00.978+0000] {dag.py:3947} INFO - Setting next_dagrun for netflix_etl_pipeline to 2026-09-07 00:00:00+00:00, run_after=2026-09-08 00:00:00+00:00
[2026-09-08T06:39:01.004+0000] {processor.py:183} INFO - Processing /opt/airflow/dags/netflix_dag.py took 0.155 seconds
[2026-09-08T06:39:31.563+0000] {processor.py:161} INFO - Started process (PID=5796) to work on /opt/airflow/dags/netflix_dag.py
[2026-09-08T06:39:31.565+0000] {processor.py:830} INFO - Processing file /opt/airflow/dags/netflix_dag.py for tasks to queue
[2026-09-08T06:39:31.568+0000] {logging_mixin.py:188} INFO - [2026-09-08T06:39:31.568+0000] {dagbag.py:545} INFO - Filling up the DagBag from /opt/airflow/dags/netflix_dag.py
[2026-09-08T06:39:31.599+0000] {processor.py:840} INFO - DAG(s) 'netflix_etl_pipeline' retrieved from /opt/airflow/dags/netflix_dag.py
[2026-09-08T06:39:31.644+0000] {logging_mixin.py:188} INFO - [2026-09-08T06:39:31.643+0000] {dag.py:3089} INFO - Sync 1 DAGs
[2026-09-08T06:39:31.685+0000] {logging_mixin.py:188} INFO - [2026-09-08T06:39:31.684+0000] {dag.py:3947} INFO - Setting next_dagrun for netflix_etl_pipeline to 2026-09-07 00:00:00+00:00, run_after=2026-09-08 00:00:00+00:00
[2026-09-08T06:39:31.727+0000] {processor.py:183} INFO - Processing /opt/airflow/dags/netflix_dag.py took 0.173 seconds
[2026-09-08T06:40:02.049+0000] {processor.py:161} INFO - Started process (PID=5807) to work on /opt/airflow/dags/netflix_dag.py
[2026-09-08T06:40:02.051+0000] {processor.py:830} INFO - Processing file /opt/airflow/dags/netflix_dag.py for tasks to queue
[2026-09-08T06:40:02.055+0000] {logging_mixin.py:188} INFO - [2026-09-08T06:40:02.054+0000] {dagbag.py:545} INFO - Filling up the DagBag from /opt/airflow/dags/netflix_dag.py
[2026-09-08T06:40:02.092+0000] {processor.py:840} INFO - DAG(s) 'netflix_etl_pipeline' retrieved from /opt/airflow/dags/netflix_dag.py
[2026-09-08T06:40:02.177+0000] {logging_mixin.py:188} INFO - [2026-09-08T06:40:02.176+0000] {dag.py:3089} INFO - Sync 1 DAGs
[2026-09-08T06:40:02.244+0000] {logging_mixin.py:188} INFO - [2026-09-08T06:40:02.244+0000] {dag.py:3947} INFO - Setting next_dagrun for netflix_etl_pipeline to 2026-09-07 00:00:00+00:00, run_after=2026-09-08 00:00:00+00:00
[2026-09-08T06:40:02.286+0000] {processor.py:183} INFO - Processing /opt/airflow/dags/netflix_dag.py took 0.247 seconds
[2026-09-08T06:40:32.703+0000] {processor.py:161} INFO - Started process (PID=5818) to work on /opt/airflow/dags/netflix_dag.py
[2026-09-08T06:40:32.705+0000] {processor.py:830} INFO - Processing file /opt/airflow/dags/netflix_dag.py for tasks to queue
[2026-09-08T06:40:32.709+0000] {logging_mixin.py:188} INFO - [2026-09-08T06:40:32.708+0000] {dagbag.py:545} INFO - Filling up the DagBag from /opt/airflow/dags/netflix_dag.py
[2026-09-08T06:40:32.740+0000] {processor.py:840} INFO - DAG(s) 'netflix_etl_pipeline' retrieved from /opt/airflow/dags/netflix_dag.py
[2026-09-08T06:40:32.785+0000] {logging_mixin.py:188} INFO - [2026-09-08T06:40:32.785+0000] {dag.py:3089} INFO - Sync 1 DAGs
[2026-09-08T06:40:32.814+0000] {logging_mixin.py:188} INFO - [2026-09-08T06:40:32.814+0000] {dag.py:3947} INFO - Setting next_dagrun for netflix_etl_pipeline to 2026-09-07 00:00:00+00:00, run_after=2026-09-08 00:00:00+00:00
[2026-09-08T06:40:32.844+0000] {processor.py:183} INFO - Processing /opt/airflow/dags/netflix_dag.py took 0.150 seconds
[2026-09-08T06:41:03.269+0000] {processor.py:161} INFO - Started process (PID=5829) to work on /opt/airflow/dags/netflix_dag.py
[2026-09-08T06:41:03.271+0000] {processor.py:830} INFO - Processing file /opt/airflow/dags/netflix_dag.py for tasks to queue
[2026-09-08T06:41:03.274+0000] {logging_mixin.py:188} INFO - [2026-09-08T06:41:03.273+0000] {dagbag.py:545} INFO - Filling up the DagBag from /opt/airflow/dags/netflix_dag.py
[2026-09-08T06:41:03.302+0000] {processor.py:840} INFO - DAG(s) 'netflix_etl_pipeline' retrieved from /opt/airflow/dags/netflix_dag.py
[2026-09-08T06:41:03.348+0000] {logging_mixin.py:188} INFO - [2026-09-08T06:41:03.348+0000] {dag.py:3089} INFO - Sync 1 DAGs
[2026-09-08T06:41:03.379+0000] {logging_mixin.py:188} INFO - [2026-09-08T06:41:03.378+0000] {dag.py:3947} INFO - Setting next_dagrun for netflix_etl_pipeline to 2026-09-07 00:00:00+00:00, run_after=2026-09-08 00:00:00+00:00
[2026-09-08T06:41:03.407+0000] {processor.py:183} INFO - Processing /opt/airflow/dags/netflix_dag.py took 0.146 seconds
[2026-09-08T06:41:33.783+0000] {processor.py:161} INFO - Started process (PID=5840) to work on /opt/airflow/dags/netflix_dag.py
[2026-09-08T06:41:33.786+0000] {processor.py:830} INFO - Processing file /opt/airflow/dags/netflix_dag.py for tasks to queue
[2026-09-08T06:41:33.789+0000] {logging_mixin.py:188} INFO - [2026-09-08T06:41:33.789+0000] {dagbag.py:545} INFO - Filling up the DagBag from /opt/airflow/dags/netflix_dag.py
[2026-09-08T06:41:33.823+0000] {processor.py:840} INFO - DAG(s) 'netflix_etl_pipeline' retrieved from /opt/airflow/dags/netflix_dag.py
[2026-09-08T06:41:33.870+0000] {logging_mixin.py:188} INFO - [2026-09-08T06:41:33.870+0000] {dag.py:3089} INFO - Sync 1 DAGs
[2026-09-08T06:41:33.901+0000] {logging_mixin.py:188} INFO - [2026-09-08T06:41:33.900+0000] {dag.py:3947} INFO - Setting next_dagrun for netflix_etl_pipeline to 2026-09-07 00:00:00+00:00, run_after=2026-09-08 00:00:00+00:00
[2026-09-08T06:41:33.928+0000] {processor.py:183} INFO - Processing /opt/airflow/dags/netflix_dag.py took 0.154 seconds
[2026-09-08T06:42:04.212+0000] {processor.py:161} INFO - Started process (PID=5851) to work on /opt/airflow/dags/netflix_dag.py
[2026-09-08T06:42:04.214+0000] {processor.py:830} INFO - Processing file /opt/airflow/dags/netflix_dag.py for tasks to queue
[2026-09-08T06:42:04.217+0000] {logging_mixin.py:188} INFO - [2026-09-08T06:42:04.217+0000] {dagbag.py:545} INFO - Filling up the DagBag from /opt/airflow/dags/netflix_dag.py
[2026-09-08T06:42:04.248+0000] {processor.py:840} INFO - DAG(s) 'netflix_etl_pipeline' retrieved from /opt/airflow/dags/netflix_dag.py
[2026-09-08T06:42:04.295+0000] {logging_mixin.py:188} INFO - [2026-09-08T06:42:04.295+0000] {dag.py:3089} INFO - Sync 1 DAGs
[2026-09-08T06:42:04.325+0000] {logging_mixin.py:188} INFO - [2026-09-08T06:42:04.325+0000] {dag.py:3947} INFO - Setting next_dagrun for netflix_etl_pipeline to 2026-09-07 00:00:00+00:00, run_after=2026-09-08 00:00:00+00:00
[2026-09-08T06:42:04.354+0000] {processor.py:183} INFO - Processing /opt/airflow/dags/netflix_dag.py took 0.151 seconds
[2026-09-08T06:42:34.896+0000] {processor.py:161} INFO - Started process (PID=5862) to work on /opt/airflow/dags/netflix_dag.py
[2026-09-08T06:42:34.898+0000] {processor.py:830} INFO - Processing file /opt/airflow/dags/netflix_dag.py for tasks to queue
[2026-09-08T06:42:34.901+0000] {logging_mixin.py:188} INFO - [2026-09-08T06:42:34.901+0000] {dagbag.py:545} INFO - Filling up the DagBag from /opt/airflow/dags/netflix_dag.py
[2026-09-08T06:42:34.929+0000] {processor.py:840} INFO - DAG(s) 'netflix_etl_pipeline' retrieved from /opt/airflow/dags/netflix_dag.py
[2026-09-08T06:42:34.974+0000] {logging_mixin.py:188} INFO - [2026-09-08T06:42:34.974+0000] {dag.py:3089} INFO - Sync 1 DAGs
[2026-09-08T06:42:35.004+0000] {logging_mixin.py:188} INFO - [2026-09-08T06:42:35.004+0000] {dag.py:3947} INFO - Setting next_dagrun for netflix_etl_pipeline to 2026-09-07 00:00:00+00:00, run_after=2026-09-08 00:00:00+00:00
[2026-09-08T06:42:35.032+0000] {processor.py:183} INFO - Processing /opt/airflow/dags/netflix_dag.py took 0.144 seconds
[2026-09-08T06:43:05.489+0000] {processor.py:161} INFO - Started process (PID=5873) to work on /opt/airflow/dags/netflix_dag.py
[2026-09-08T06:43:05.491+0000] {processor.py:830} INFO - Processing file /opt/airflow/dags/netflix_dag.py for tasks to queue
[2026-09-08T06:43:05.496+0000] {logging_mixin.py:188} INFO - [2026-09-08T06:43:05.496+0000] {dagbag.py:545} INFO - Filling up the DagBag from /opt/airflow/dags/netflix_dag.py
[2026-09-08T06:43:05.533+0000] {processor.py:840} INFO - DAG(s) 'netflix_etl_pipeline' retrieved from /opt/airflow/dags/netflix_dag.py
[2026-09-08T06:43:05.579+0000] {logging_mixin.py:188} INFO - [2026-09-08T06:43:05.578+0000] {dag.py:3089} INFO - Sync 1 DAGs
[2026-09-08T06:43:05.607+0000] {logging_mixin.py:188} INFO - [2026-09-08T06:43:05.607+0000] {dag.py:3947} INFO - Setting next_dagrun for netflix_etl_pipeline to 2026-09-07 00:00:00+00:00, run_after=2026-09-08 00:00:00+00:00
[2026-09-08T06:43:05.635+0000] {processor.py:183} INFO - Processing /opt/airflow/dags/netflix_dag.py took 0.175 seconds
[2026-09-08T06:43:36.009+0000] {processor.py:161} INFO - Started process (PID=5884) to work on /opt/airflow/dags/netflix_dag.py
[2026-09-08T06:43:36.012+0000] {processor.py:830} INFO - Processing file /opt/airflow/dags/netflix_dag.py for tasks to queue
[2026-09-08T06:43:36.015+0000] {logging_mixin.py:188} INFO - [2026-09-08T06:43:36.015+0000] {dagbag.py:545} INFO - Filling up the DagBag from /opt/airflow/dags/netflix_dag.py
[2026-09-08T06:43:36.048+0000] {processor.py:840} INFO - DAG(s) 'netflix_etl_pipeline' retrieved from /opt/airflow/dags/netflix_dag.py
[2026-09-08T06:43:36.096+0000] {logging_mixin.py:188} INFO - [2026-09-08T06:43:36.095+0000] {dag.py:3089} INFO - Sync 1 DAGs
[2026-09-08T06:43:36.125+0000] {logging_mixin.py:188} INFO - [2026-09-08T06:43:36.125+0000] {dag.py:3947} INFO - Setting next_dagrun for netflix_etl_pipeline to 2026-09-07 00:00:00+00:00, run_after=2026-09-08 00:00:00+00:00
[2026-09-08T06:43:36.153+0000] {processor.py:183} INFO - Processing /opt/airflow/dags/netflix_dag.py took 0.156 seconds
[2026-09-08T06:44:06.475+0000] {processor.py:161} INFO - Started process (PID=5895) to work on /opt/airflow/dags/netflix_dag.py
[2026-09-08T06:44:06.477+0000] {processor.py:830} INFO - Processing file /opt/airflow/dags/netflix_dag.py for tasks to queue
[2026-09-08T06:44:06.481+0000] {logging_mixin.py:188} INFO - [2026-09-08T06:44:06.480+0000] {dagbag.py:545} INFO - Filling up the DagBag from /opt/airflow/dags/netflix_dag.py
[2026-09-08T06:44:06.513+0000] {processor.py:840} INFO - DAG(s) 'netflix_etl_pipeline' retrieved from /opt/airflow/dags/netflix_dag.py
[2026-09-08T06:44:06.569+0000] {logging_mixin.py:188} INFO - [2026-09-08T06:44:06.568+0000] {dag.py:3089} INFO - Sync 1 DAGs
[2026-09-08T06:44:06.613+0000] {logging_mixin.py:188} INFO - [2026-09-08T06:44:06.613+0000] {dag.py:3947} INFO - Setting next_dagrun for netflix_etl_pipeline to 2026-09-07 00:00:00+00:00, run_after=2026-09-08 00:00:00+00:00
[2026-09-08T06:44:06.642+0000] {processor.py:183} INFO - Processing /opt/airflow/dags/netflix_dag.py took 0.179 seconds
[2026-09-08T06:44:37.139+0000] {processor.py:161} INFO - Started process (PID=5906) to work on /opt/airflow/dags/netflix_dag.py
[2026-09-08T06:44:37.141+0000] {processor.py:830} INFO - Processing file /opt/airflow/dags/netflix_dag.py for tasks to queue
[2026-09-08T06:44:37.147+0000] {logging_mixin.py:188} INFO - [2026-09-08T06:44:37.146+0000] {dagbag.py:545} INFO - Filling up the DagBag from /opt/airflow/dags/netflix_dag.py
[2026-09-08T06:44:37.208+0000] {processor.py:840} INFO - DAG(s) 'netflix_etl_pipeline' retrieved from /opt/airflow/dags/netflix_dag.py
[2026-09-08T06:44:37.301+0000] {logging_mixin.py:188} INFO - [2026-09-08T06:44:37.300+0000] {dag.py:3089} INFO - Sync 1 DAGs
[2026-09-08T06:44:37.362+0000] {logging_mixin.py:188} INFO - [2026-09-08T06:44:37.361+0000] {dag.py:3947} INFO - Setting next_dagrun for netflix_etl_pipeline to 2026-09-07 00:00:00+00:00, run_after=2026-09-08 00:00:00+00:00
[2026-09-08T06:44:37.405+0000] {processor.py:183} INFO - Processing /opt/airflow/dags/netflix_dag.py took 0.278 seconds
[2026-09-08T06:45:07.642+0000] {processor.py:161} INFO - Started process (PID=5917) to work on /opt/airflow/dags/netflix_dag.py
[2026-09-08T06:45:07.644+0000] {processor.py:830} INFO - Processing file /opt/airflow/dags/netflix_dag.py for tasks to queue
[2026-09-08T06:45:07.647+0000] {logging_mixin.py:188} INFO - [2026-09-08T06:45:07.647+0000] {dagbag.py:545} INFO - Filling up the DagBag from /opt/airflow/dags/netflix_dag.py
[2026-09-08T06:45:07.671+0000] {processor.py:840} INFO - DAG(s) 'netflix_etl_pipeline' retrieved from /opt/airflow/dags/netflix_dag.py
[2026-09-08T06:45:07.710+0000] {logging_mixin.py:188} INFO - [2026-09-08T06:45:07.709+0000] {dag.py:3089} INFO - Sync 1 DAGs
[2026-09-08T06:45:07.732+0000] {logging_mixin.py:188} INFO - [2026-09-08T06:45:07.732+0000] {dag.py:3947} INFO - Setting next_dagrun for netflix_etl_pipeline to 2026-09-07 00:00:00+00:00, run_after=2026-09-08 00:00:00+00:00
[2026-09-08T06:45:07.756+0000] {processor.py:183} INFO - Processing /opt/airflow/dags/netflix_dag.py took 0.122 seconds
[2026-09-08T06:45:37.863+0000] {processor.py:161} INFO - Started process (PID=5928) to work on /opt/airflow/dags/netflix_dag.py
[2026-09-08T06:45:37.865+0000] {processor.py:830} INFO - Processing file /opt/airflow/dags/netflix_dag.py for tasks to queue
[2026-09-08T06:45:37.869+0000] {logging_mixin.py:188} INFO - [2026-09-08T06:45:37.869+0000] {dagbag.py:545} INFO - Filling up the DagBag from /opt/airflow/dags/netflix_dag.py
[2026-09-08T06:45:37.897+0000] {processor.py:840} INFO - DAG(s) 'netflix_etl_pipeline' retrieved from /opt/airflow/dags/netflix_dag.py
[2026-09-08T06:45:37.938+0000] {logging_mixin.py:188} INFO - [2026-09-08T06:45:37.937+0000] {dag.py:3089} INFO - Sync 1 DAGs
[2026-09-08T06:45:37.962+0000] {logging_mixin.py:188} INFO - [2026-09-08T06:45:37.962+0000] {dag.py:3947} INFO - Setting next_dagrun for netflix_etl_pipeline to 2026-09-07 00:00:00+00:00, run_after=2026-09-08 00:00:00+00:00
[2026-09-08T06:45:37.986+0000] {processor.py:183} INFO - Processing /opt/airflow/dags/netflix_dag.py took 0.130 seconds
[2026-09-08T06:46:08.214+0000] {processor.py:161} INFO - Started process (PID=5939) to work on /opt/airflow/dags/netflix_dag.py
[2026-09-08T06:46:08.216+0000] {processor.py:830} INFO - Processing file /opt/airflow/dags/netflix_dag.py for tasks to queue
[2026-09-08T06:46:08.219+0000] {logging_mixin.py:188} INFO - [2026-09-08T06:46:08.218+0000] {dagbag.py:545} INFO - Filling up the DagBag from /opt/airflow/dags/netflix_dag.py
[2026-09-08T06:46:08.247+0000] {processor.py:840} INFO - DAG(s) 'netflix_etl_pipeline' retrieved from /opt/airflow/dags/netflix_dag.py
[2026-09-08T06:46:08.281+0000] {logging_mixin.py:188} INFO - [2026-09-08T06:46:08.281+0000] {dag.py:3089} INFO - Sync 1 DAGs
[2026-09-08T06:46:08.302+0000] {logging_mixin.py:188} INFO - [2026-09-08T06:46:08.302+0000] {dag.py:3947} INFO - Setting next_dagrun for netflix_etl_pipeline to 2026-09-07 00:00:00+00:00, run_after=2026-09-08 00:00:00+00:00
[2026-09-08T06:46:08.329+0000] {processor.py:183} INFO - Processing /opt/airflow/dags/netflix_dag.py took 0.122 seconds
[2026-09-08T06:46:38.435+0000] {processor.py:161} INFO - Started process (PID=5951) to work on /opt/airflow/dags/netflix_dag.py
[2026-09-08T06:46:38.437+0000] {processor.py:830} INFO - Processing file /opt/airflow/dags/netflix_dag.py for tasks to queue
[2026-09-08T06:46:38.440+0000] {logging_mixin.py:188} INFO - [2026-09-08T06:46:38.439+0000] {dagbag.py:545} INFO - Filling up the DagBag from /opt/airflow/dags/netflix_dag.py
[2026-09-08T06:46:38.465+0000] {processor.py:840} INFO - DAG(s) 'netflix_etl_pipeline' retrieved from /opt/airflow/dags/netflix_dag.py
[2026-09-08T06:46:38.498+0000] {logging_mixin.py:188} INFO - [2026-09-08T06:46:38.498+0000] {dag.py:3089} INFO - Sync 1 DAGs
[2026-09-08T06:46:38.520+0000] {logging_mixin.py:188} INFO - [2026-09-08T06:46:38.519+0000] {dag.py:3947} INFO - Setting next_dagrun for netflix_etl_pipeline to 2026-09-07 00:00:00+00:00, run_after=2026-09-08 00:00:00+00:00
[2026-09-08T06:46:38.542+0000] {processor.py:183} INFO - Processing /opt/airflow/dags/netflix_dag.py took 0.112 seconds
[2026-09-08T06:47:08.745+0000] {processor.py:161} INFO - Started process (PID=5962) to work on /opt/airflow/dags/netflix_dag.py
[2026-09-08T06:47:08.747+0000] {processor.py:830} INFO - Processing file /opt/airflow/dags/netflix_dag.py for tasks to queue
[2026-09-08T06:47:08.749+0000] {logging_mixin.py:188} INFO - [2026-09-08T06:47:08.749+0000] {dagbag.py:545} INFO - Filling up the DagBag from /opt/airflow/dags/netflix_dag.py
[2026-09-08T06:47:08.772+0000] {processor.py:840} INFO - DAG(s) 'netflix_etl_pipeline' retrieved from /opt/airflow/dags/netflix_dag.py
[2026-09-08T06:47:08.806+0000] {logging_mixin.py:188} INFO - [2026-09-08T06:47:08.805+0000] {dag.py:3089} INFO - Sync 1 DAGs
[2026-09-08T06:47:08.830+0000] {logging_mixin.py:188} INFO - [2026-09-08T06:47:08.830+0000] {dag.py:3947} INFO - Setting next_dagrun for netflix_etl_pipeline to 2026-09-07 00:00:00+00:00, run_after=2026-09-08 00:00:00+00:00
[2026-09-08T06:47:08.852+0000] {processor.py:183} INFO - Processing /opt/airflow/dags/netflix_dag.py took 0.113 seconds
[2026-09-08T06:47:38.967+0000] {processor.py:161} INFO - Started process (PID=5973) to work on /opt/airflow/dags/netflix_dag.py
[2026-09-08T06:47:38.969+0000] {processor.py:830} INFO - Processing file /opt/airflow/dags/netflix_dag.py for tasks to queue
[2026-09-08T06:47:38.973+0000] {logging_mixin.py:188} INFO - [2026-09-08T06:47:38.973+0000] {dagbag.py:545} INFO - Filling up the DagBag from /opt/airflow/dags/netflix_dag.py
[2026-09-08T06:47:39.001+0000] {processor.py:840} INFO - DAG(s) 'netflix_etl_pipeline' retrieved from /opt/airflow/dags/netflix_dag.py
[2026-09-08T06:47:39.041+0000] {logging_mixin.py:188} INFO - [2026-09-08T06:47:39.041+0000] {dag.py:3089} INFO - Sync 1 DAGs
[2026-09-08T06:47:39.064+0000] {logging_mixin.py:188} INFO - [2026-09-08T06:47:39.063+0000] {dag.py:3947} INFO - Setting next_dagrun for netflix_etl_pipeline to 2026-09-07 00:00:00+00:00, run_after=2026-09-08 00:00:00+00:00
[2026-09-08T06:47:39.087+0000] {processor.py:183} INFO - Processing /opt/airflow/dags/netflix_dag.py took 0.127 seconds
[2026-09-08T06:48:09.263+0000] {processor.py:161} INFO - Started process (PID=5984) to work on /opt/airflow/dags/netflix_dag.py
[2026-09-08T06:48:09.265+0000] {processor.py:830} INFO - Processing file /opt/airflow/dags/netflix_dag.py for tasks to queue
[2026-09-08T06:48:09.268+0000] {logging_mixin.py:188} INFO - [2026-09-08T06:48:09.268+0000] {dagbag.py:545} INFO - Filling up the DagBag from /opt/airflow/dags/netflix_dag.py
[2026-09-08T06:48:09.291+0000] {processor.py:840} INFO - DAG(s) 'netflix_etl_pipeline' retrieved from /opt/airflow/dags/netflix_dag.py
[2026-09-08T06:48:09.324+0000] {logging_mixin.py:188} INFO - [2026-09-08T06:48:09.324+0000] {dag.py:3089} INFO - Sync 1 DAGs
[2026-09-08T06:48:09.346+0000] {logging_mixin.py:188} INFO - [2026-09-08T06:48:09.346+0000] {dag.py:3947} INFO - Setting next_dagrun for netflix_etl_pipeline to 2026-09-07 00:00:00+00:00, run_after=2026-09-08 00:00:00+00:00
[2026-09-08T06:48:09.366+0000] {processor.py:183} INFO - Processing /opt/airflow/dags/netflix_dag.py took 0.108 seconds
[2026-09-08T06:48:39.482+0000] {processor.py:161} INFO - Started process (PID=5995) to work on /opt/airflow/dags/netflix_dag.py
[2026-09-08T06:48:39.484+0000] {processor.py:830} INFO - Processing file /opt/airflow/dags/netflix_dag.py for tasks to queue
[2026-09-08T06:48:39.488+0000] {logging_mixin.py:188} INFO - [2026-09-08T06:48:39.487+0000] {dagbag.py:545} INFO - Filling up the DagBag from /opt/airflow/dags/netflix_dag.py
[2026-09-08T06:48:39.514+0000] {processor.py:840} INFO - DAG(s) 'netflix_etl_pipeline' retrieved from /opt/airflow/dags/netflix_dag.py
[2026-09-08T06:48:39.554+0000] {logging_mixin.py:188} INFO - [2026-09-08T06:48:39.554+0000] {dag.py:3089} INFO - Sync 1 DAGs
[2026-09-08T06:48:39.576+0000] {logging_mixin.py:188} INFO - [2026-09-08T06:48:39.575+0000] {dag.py:3947} INFO - Setting next_dagrun for netflix_etl_pipeline to 2026-09-07 00:00:00+00:00, run_after=2026-09-08 00:00:00+00:00
[2026-09-08T06:48:39.598+0000] {processor.py:183} INFO - Processing /opt/airflow/dags/netflix_dag.py took 0.122 seconds
[2026-09-08T06:49:09.803+0000] {processor.py:161} INFO - Started process (PID=6006) to work on /opt/airflow/dags/netflix_dag.py
[2026-09-08T06:49:09.806+0000] {processor.py:830} INFO - Processing file /opt/airflow/dags/netflix_dag.py for tasks to queue
[2026-09-08T06:49:09.813+0000] {logging_mixin.py:188} INFO - [2026-09-08T06:49:09.812+0000] {dagbag.py:545} INFO - Filling up the DagBag from /opt/airflow/dags/netflix_dag.py
[2026-09-08T06:49:09.867+0000] {processor.py:840} INFO - DAG(s) 'netflix_etl_pipeline' retrieved from /opt/airflow/dags/netflix_dag.py
[2026-09-08T06:49:09.949+0000] {logging_mixin.py:188} INFO - [2026-09-08T06:49:09.948+0000] {dag.py:3089} INFO - Sync 1 DAGs
[2026-09-08T06:49:09.997+0000] {logging_mixin.py:188} INFO - [2026-09-08T06:49:09.997+0000] {dag.py:3947} INFO - Setting next_dagrun for netflix_etl_pipeline to 2026-09-07 00:00:00+00:00, run_after=2026-09-08 00:00:00+00:00
[2026-09-08T06:49:10.039+0000] {processor.py:183} INFO - Processing /opt/airflow/dags/netflix_dag.py took 0.252 seconds
[2026-09-08T06:49:40.260+0000] {processor.py:161} INFO - Started process (PID=6017) to work on /opt/airflow/dags/netflix_dag.py
[2026-09-08T06:49:40.262+0000] {processor.py:830} INFO - Processing file /opt/airflow/dags/netflix_dag.py for tasks to queue
[2026-09-08T06:49:40.264+0000] {logging_mixin.py:188} INFO - [2026-09-08T06:49:40.264+0000] {dagbag.py:545} INFO - Filling up the DagBag from /opt/airflow/dags/netflix_dag.py
[2026-09-08T06:49:40.288+0000] {processor.py:840} INFO - DAG(s) 'netflix_etl_pipeline' retrieved from /opt/airflow/dags/netflix_dag.py
[2026-09-08T06:49:40.322+0000] {logging_mixin.py:188} INFO - [2026-09-08T06:49:40.322+0000] {dag.py:3089} INFO - Sync 1 DAGs
[2026-09-08T06:49:40.346+0000] {logging_mixin.py:188} INFO - [2026-09-08T06:49:40.346+0000] {dag.py:3947} INFO - Setting next_dagrun for netflix_etl_pipeline to 2026-09-07 00:00:00+00:00, run_after=2026-09-08 00:00:00+00:00
[2026-09-08T06:49:40.368+0000] {processor.py:183} INFO - Processing /opt/airflow/dags/netflix_dag.py took 0.114 seconds
[2026-09-08T06:50:10.465+0000] {processor.py:161} INFO - Started process (PID=6028) to work on /opt/airflow/dags/netflix_dag.py
[2026-09-08T06:50:10.466+0000] {processor.py:830} INFO - Processing file /opt/airflow/dags/netflix_dag.py for tasks to queue
[2026-09-08T06:50:10.469+0000] {logging_mixin.py:188} INFO - [2026-09-08T06:50:10.469+0000] {dagbag.py:545} INFO - Filling up the DagBag from /opt/airflow/dags/netflix_dag.py
[2026-09-08T06:50:10.490+0000] {processor.py:840} INFO - DAG(s) 'netflix_etl_pipeline' retrieved from /opt/airflow/dags/netflix_dag.py
[2026-09-08T06:50:10.528+0000] {logging_mixin.py:188} INFO - [2026-09-08T06:50:10.527+0000] {dag.py:3089} INFO - Sync 1 DAGs
[2026-09-08T06:50:10.552+0000] {logging_mixin.py:188} INFO - [2026-09-08T06:50:10.552+0000] {dag.py:3947} INFO - Setting next_dagrun for netflix_etl_pipeline to 2026-09-07 00:00:00+00:00, run_after=2026-09-08 00:00:00+00:00
[2026-09-08T06:50:10.575+0000] {processor.py:183} INFO - Processing /opt/airflow/dags/netflix_dag.py took 0.119 seconds
[2026-09-08T06:50:40.779+0000] {processor.py:161} INFO - Started process (PID=6039) to work on /opt/airflow/dags/netflix_dag.py
[2026-09-08T06:50:40.781+0000] {processor.py:830} INFO - Processing file /opt/airflow/dags/netflix_dag.py for tasks to queue
[2026-09-08T06:50:40.783+0000] {logging_mixin.py:188} INFO - [2026-09-08T06:50:40.783+0000] {dagbag.py:545} INFO - Filling up the DagBag from /opt/airflow/dags/netflix_dag.py
[2026-09-08T06:50:40.808+0000] {processor.py:840} INFO - DAG(s) 'netflix_etl_pipeline' retrieved from /opt/airflow/dags/netflix_dag.py
[2026-09-08T06:50:40.842+0000] {logging_mixin.py:188} INFO - [2026-09-08T06:50:40.841+0000] {dag.py:3089} INFO - Sync 1 DAGs
[2026-09-08T06:50:40.864+0000] {logging_mixin.py:188} INFO - [2026-09-08T06:50:40.864+0000] {dag.py:3947} INFO - Setting next_dagrun for netflix_etl_pipeline to 2026-09-07 00:00:00+00:00, run_after=2026-09-08 00:00:00+00:00
[2026-09-08T06:50:40.888+0000] {processor.py:183} INFO - Processing /opt/airflow/dags/netflix_dag.py took 0.114 seconds
[2026-09-08T06:51:10.975+0000] {processor.py:161} INFO - Started process (PID=6050) to work on /opt/airflow/dags/netflix_dag.py
[2026-09-08T06:51:10.977+0000] {processor.py:830} INFO - Processing file /opt/airflow/dags/netflix_dag.py for tasks to queue
[2026-09-08T06:51:10.980+0000] {logging_mixin.py:188} INFO - [2026-09-08T06:51:10.979+0000] {dagbag.py:545} INFO - Filling up the DagBag from /opt/airflow/dags/netflix_dag.py
[2026-09-08T06:51:11.003+0000] {processor.py:840} INFO - DAG(s) 'netflix_etl_pipeline' retrieved from /opt/airflow/dags/netflix_dag.py
[2026-09-08T06:51:11.040+0000] {logging_mixin.py:188} INFO - [2026-09-08T06:51:11.040+0000] {dag.py:3089} INFO - Sync 1 DAGs
[2026-09-08T06:51:11.063+0000] {logging_mixin.py:188} INFO - [2026-09-08T06:51:11.063+0000] {dag.py:3947} INFO - Setting next_dagrun for netflix_etl_pipeline to 2026-09-07 00:00:00+00:00, run_after=2026-09-08 00:00:00+00:00
[2026-09-08T06:51:11.085+0000] {processor.py:183} INFO - Processing /opt/airflow/dags/netflix_dag.py took 0.117 seconds
[2026-09-08T06:51:41.282+0000] {processor.py:161} INFO - Started process (PID=6061) to work on /opt/airflow/dags/netflix_dag.py
[2026-09-08T06:51:41.284+0000] {processor.py:830} INFO - Processing file /opt/airflow/dags/netflix_dag.py for tasks to queue
[2026-09-08T06:51:41.286+0000] {logging_mixin.py:188} INFO - [2026-09-08T06:51:41.286+0000] {dagbag.py:545} INFO - Filling up the DagBag from /opt/airflow/dags/netflix_dag.py
[2026-09-08T06:51:41.312+0000] {processor.py:840} INFO - DAG(s) 'netflix_etl_pipeline' retrieved from /opt/airflow/dags/netflix_dag.py
[2026-09-08T06:51:41.347+0000] {logging_mixin.py:188} INFO - [2026-09-08T06:51:41.347+0000] {dag.py:3089} INFO - Sync 1 DAGs
[2026-09-08T06:51:41.369+0000] {logging_mixin.py:188} INFO - [2026-09-08T06:51:41.368+0000] {dag.py:3947} INFO - Setting next_dagrun for netflix_etl_pipeline to 2026-09-07 00:00:00+00:00, run_after=2026-09-08 00:00:00+00:00
[2026-09-08T06:51:41.389+0000] {processor.py:183} INFO - Processing /opt/airflow/dags/netflix_dag.py took 0.115 seconds
[2026-09-08T06:52:11.486+0000] {processor.py:161} INFO - Started process (PID=6073) to work on /opt/airflow/dags/netflix_dag.py
[2026-09-08T06:52:11.488+0000] {processor.py:830} INFO - Processing file /opt/airflow/dags/netflix_dag.py for tasks to queue
[2026-09-08T06:52:11.491+0000] {logging_mixin.py:188} INFO - [2026-09-08T06:52:11.490+0000] {dagbag.py:545} INFO - Filling up the DagBag from /opt/airflow/dags/netflix_dag.py
[2026-09-08T06:52:11.515+0000] {processor.py:840} INFO - DAG(s) 'netflix_etl_pipeline' retrieved from /opt/airflow/dags/netflix_dag.py
[2026-09-08T06:52:11.548+0000] {logging_mixin.py:188} INFO - [2026-09-08T06:52:11.548+0000] {dag.py:3089} INFO - Sync 1 DAGs
[2026-09-08T06:52:11.570+0000] {logging_mixin.py:188} INFO - [2026-09-08T06:52:11.569+0000] {dag.py:3947} INFO - Setting next_dagrun for netflix_etl_pipeline to 2026-09-07 00:00:00+00:00, run_after=2026-09-08 00:00:00+00:00
[2026-09-08T06:52:11.590+0000] {processor.py:183} INFO - Processing /opt/airflow/dags/netflix_dag.py took 0.110 seconds
[2026-09-08T06:52:41.786+0000] {processor.py:161} INFO - Started process (PID=6084) to work on /opt/airflow/dags/netflix_dag.py
[2026-09-08T06:52:41.788+0000] {processor.py:830} INFO - Processing file /opt/airflow/dags/netflix_dag.py for tasks to queue
[2026-09-08T06:52:41.791+0000] {logging_mixin.py:188} INFO - [2026-09-08T06:52:41.790+0000] {dagbag.py:545} INFO - Filling up the DagBag from /opt/airflow/dags/netflix_dag.py
[2026-09-08T06:52:41.818+0000] {processor.py:840} INFO - DAG(s) 'netflix_etl_pipeline' retrieved from /opt/airflow/dags/netflix_dag.py
[2026-09-08T06:52:41.852+0000] {logging_mixin.py:188} INFO - [2026-09-08T06:52:41.852+0000] {dag.py:3089} INFO - Sync 1 DAGs
[2026-09-08T06:52:41.876+0000] {logging_mixin.py:188} INFO - [2026-09-08T06:52:41.876+0000] {dag.py:3947} INFO - Setting next_dagrun for netflix_etl_pipeline to 2026-09-07 00:00:00+00:00, run_after=2026-09-08 00:00:00+00:00
[2026-09-08T06:52:41.900+0000] {processor.py:183} INFO - Processing /opt/airflow/dags/netflix_dag.py took 0.120 seconds
[2026-09-08T06:53:11.990+0000] {processor.py:161} INFO - Started process (PID=6095) to work on /opt/airflow/dags/netflix_dag.py
[2026-09-08T06:53:11.992+0000] {processor.py:830} INFO - Processing file /opt/airflow/dags/netflix_dag.py for tasks to queue
[2026-09-08T06:53:11.995+0000] {logging_mixin.py:188} INFO - [2026-09-08T06:53:11.994+0000] {dagbag.py:545} INFO - Filling up the DagBag from /opt/airflow/dags/netflix_dag.py
[2026-09-08T06:53:12.016+0000] {processor.py:840} INFO - DAG(s) 'netflix_etl_pipeline' retrieved from /opt/airflow/dags/netflix_dag.py
[2026-09-08T06:53:12.052+0000] {logging_mixin.py:188} INFO - [2026-09-08T06:53:12.052+0000] {dag.py:3089} INFO - Sync 1 DAGs
[2026-09-08T06:53:12.077+0000] {logging_mixin.py:188} INFO - [2026-09-08T06:53:12.077+0000] {dag.py:3947} INFO - Setting next_dagrun for netflix_etl_pipeline to 2026-09-07 00:00:00+00:00, run_after=2026-09-08 00:00:00+00:00
[2026-09-08T06:53:12.099+0000] {processor.py:183} INFO - Processing /opt/airflow/dags/netflix_dag.py took 0.118 seconds
[2026-09-08T06:53:42.293+0000] {processor.py:161} INFO - Started process (PID=6106) to work on /opt/airflow/dags/netflix_dag.py
[2026-09-08T06:53:42.295+0000] {processor.py:830} INFO - Processing file /opt/airflow/dags/netflix_dag.py for tasks to queue
[2026-09-08T06:53:42.298+0000] {logging_mixin.py:188} INFO - [2026-09-08T06:53:42.297+0000] {dagbag.py:545} INFO - Filling up the DagBag from /opt/airflow/dags/netflix_dag.py
[2026-09-08T06:53:42.323+0000] {processor.py:840} INFO - DAG(s) 'netflix_etl_pipeline' retrieved from /opt/airflow/dags/netflix_dag.py
[2026-09-08T06:53:42.358+0000] {logging_mixin.py:188} INFO - [2026-09-08T06:53:42.358+0000] {dag.py:3089} INFO - Sync 1 DAGs
[2026-09-08T06:53:42.380+0000] {logging_mixin.py:188} INFO - [2026-09-08T06:53:42.380+0000] {dag.py:3947} INFO - Setting next_dagrun for netflix_etl_pipeline to 2026-09-07 00:00:00+00:00, run_after=2026-09-08 00:00:00+00:00
[2026-09-08T06:53:42.401+0000] {processor.py:183} INFO - Processing /opt/airflow/dags/netflix_dag.py took 0.114 seconds
[2026-09-08T06:54:12.511+0000] {processor.py:161} INFO - Started process (PID=6117) to work on /opt/airflow/dags/netflix_dag.py
[2026-09-08T06:54:12.514+0000] {processor.py:830} INFO - Processing file /opt/airflow/dags/netflix_dag.py for tasks to queue
[2026-09-08T06:54:12.520+0000] {logging_mixin.py:188} INFO - [2026-09-08T06:54:12.519+0000] {dagbag.py:545} INFO - Filling up the DagBag from /opt/airflow/dags/netflix_dag.py
[2026-09-08T06:54:12.553+0000] {processor.py:840} INFO - DAG(s) 'netflix_etl_pipeline' retrieved from /opt/airflow/dags/netflix_dag.py
[2026-09-08T06:54:12.604+0000] {logging_mixin.py:188} INFO - [2026-09-08T06:54:12.604+0000] {dag.py:3089} INFO - Sync 1 DAGs
[2026-09-08T06:54:12.629+0000] {logging_mixin.py:188} INFO - [2026-09-08T06:54:12.629+0000] {dag.py:3947} INFO - Setting next_dagrun for netflix_etl_pipeline to 2026-09-07 00:00:00+00:00, run_after=2026-09-08 00:00:00+00:00
[2026-09-08T06:54:12.655+0000] {processor.py:183} INFO - Processing /opt/airflow/dags/netflix_dag.py took 0.165 seconds
[2026-09-08T06:54:42.938+0000] {processor.py:161} INFO - Started process (PID=6128) to work on /opt/airflow/dags/netflix_dag.py
[2026-09-08T06:54:42.941+0000] {processor.py:830} INFO - Processing file /opt/airflow/dags/netflix_dag.py for tasks to queue
[2026-09-08T06:54:42.947+0000] {logging_mixin.py:188} INFO - [2026-09-08T06:54:42.946+0000] {dagbag.py:545} INFO - Filling up the DagBag from /opt/airflow/dags/netflix_dag.py
[2026-09-08T06:54:42.999+0000] {processor.py:840} INFO - DAG(s) 'netflix_etl_pipeline' retrieved from /opt/airflow/dags/netflix_dag.py
[2026-09-08T06:54:43.074+0000] {logging_mixin.py:188} INFO - [2026-09-08T06:54:43.073+0000] {dag.py:3089} INFO - Sync 1 DAGs
[2026-09-08T06:54:43.127+0000] {logging_mixin.py:188} INFO - [2026-09-08T06:54:43.126+0000] {dag.py:3947} INFO - Setting next_dagrun for netflix_etl_pipeline to 2026-09-07 00:00:00+00:00, run_after=2026-09-08 00:00:00+00:00
[2026-09-08T06:54:43.167+0000] {processor.py:183} INFO - Processing /opt/airflow/dags/netflix_dag.py took 0.242 seconds
[2026-09-08T06:55:13.424+0000] {processor.py:161} INFO - Started process (PID=6139) to work on /opt/airflow/dags/netflix_dag.py
[2026-09-08T06:55:13.426+0000] {processor.py:830} INFO - Processing file /opt/airflow/dags/netflix_dag.py for tasks to queue
[2026-09-08T06:55:13.429+0000] {logging_mixin.py:188} INFO - [2026-09-08T06:55:13.428+0000] {dagbag.py:545} INFO - Filling up the DagBag from /opt/airflow/dags/netflix_dag.py
[2026-09-08T06:55:13.457+0000] {processor.py:840} INFO - DAG(s) 'netflix_etl_pipeline' retrieved from /opt/airflow/dags/netflix_dag.py
[2026-09-08T06:55:13.508+0000] {logging_mixin.py:188} INFO - [2026-09-08T06:55:13.508+0000] {dag.py:3089} INFO - Sync 1 DAGs
[2026-09-08T06:55:13.538+0000] {logging_mixin.py:188} INFO - [2026-09-08T06:55:13.538+0000] {dag.py:3947} INFO - Setting next_dagrun for netflix_etl_pipeline to 2026-09-07 00:00:00+00:00, run_after=2026-09-08 00:00:00+00:00
[2026-09-08T06:55:13.561+0000] {processor.py:183} INFO - Processing /opt/airflow/dags/netflix_dag.py took 0.145 seconds
[2026-09-08T06:55:43.632+0000] {processor.py:161} INFO - Started process (PID=6150) to work on /opt/airflow/dags/netflix_dag.py
[2026-09-08T06:55:43.634+0000] {processor.py:830} INFO - Processing file /opt/airflow/dags/netflix_dag.py for tasks to queue
[2026-09-08T06:55:43.638+0000] {logging_mixin.py:188} INFO - [2026-09-08T06:55:43.637+0000] {dagbag.py:545} INFO - Filling up the DagBag from /opt/airflow/dags/netflix_dag.py
[2026-09-08T06:55:43.661+0000] {processor.py:840} INFO - DAG(s) 'netflix_etl_pipeline' retrieved from /opt/airflow/dags/netflix_dag.py
[2026-09-08T06:55:43.701+0000] {logging_mixin.py:188} INFO - [2026-09-08T06:55:43.701+0000] {dag.py:3089} INFO - Sync 1 DAGs
[2026-09-08T06:55:43.725+0000] {logging_mixin.py:188} INFO - [2026-09-08T06:55:43.725+0000] {dag.py:3947} INFO - Setting next_dagrun for netflix_etl_pipeline to 2026-09-07 00:00:00+00:00, run_after=2026-09-08 00:00:00+00:00
[2026-09-08T06:55:43.750+0000] {processor.py:183} INFO - Processing /opt/airflow/dags/netflix_dag.py took 0.128 seconds
[2026-09-08T06:56:14.019+0000] {processor.py:161} INFO - Started process (PID=6161) to work on /opt/airflow/dags/netflix_dag.py
[2026-09-08T06:56:14.022+0000] {processor.py:830} INFO - Processing file /opt/airflow/dags/netflix_dag.py for tasks to queue
[2026-09-08T06:56:14.029+0000] {logging_mixin.py:188} INFO - [2026-09-08T06:56:14.028+0000] {dagbag.py:545} INFO - Filling up the DagBag from /opt/airflow/dags/netflix_dag.py
[2026-09-08T06:56:14.096+0000] {processor.py:840} INFO - DAG(s) 'netflix_etl_pipeline' retrieved from /opt/airflow/dags/netflix_dag.py
[2026-09-08T06:56:14.185+0000] {logging_mixin.py:188} INFO - [2026-09-08T06:56:14.184+0000] {dag.py:3089} INFO - Sync 1 DAGs
[2026-09-08T06:56:14.231+0000] {logging_mixin.py:188} INFO - [2026-09-08T06:56:14.231+0000] {dag.py:3947} INFO - Setting next_dagrun for netflix_etl_pipeline to 2026-09-07 00:00:00+00:00, run_after=2026-09-08 00:00:00+00:00
[2026-09-08T06:56:14.271+0000] {processor.py:183} INFO - Processing /opt/airflow/dags/netflix_dag.py took 0.271 seconds
[2026-09-08T06:56:44.498+0000] {processor.py:161} INFO - Started process (PID=6172) to work on /opt/airflow/dags/netflix_dag.py
[2026-09-08T06:56:44.500+0000] {processor.py:830} INFO - Processing file /opt/airflow/dags/netflix_dag.py for tasks to queue
[2026-09-08T06:56:44.503+0000] {logging_mixin.py:188} INFO - [2026-09-08T06:56:44.503+0000] {dagbag.py:545} INFO - Filling up the DagBag from /opt/airflow/dags/netflix_dag.py
[2026-09-08T06:56:44.530+0000] {processor.py:840} INFO - DAG(s) 'netflix_etl_pipeline' retrieved from /opt/airflow/dags/netflix_dag.py
[2026-09-08T06:56:44.568+0000] {logging_mixin.py:188} INFO - [2026-09-08T06:56:44.568+0000] {dag.py:3089} INFO - Sync 1 DAGs
[2026-09-08T06:56:44.593+0000] {logging_mixin.py:188} INFO - [2026-09-08T06:56:44.593+0000] {dag.py:3947} INFO - Setting next_dagrun for netflix_etl_pipeline to 2026-09-07 00:00:00+00:00, run_after=2026-09-08 00:00:00+00:00
[2026-09-08T06:56:44.615+0000] {processor.py:183} INFO - Processing /opt/airflow/dags/netflix_dag.py took 0.124 seconds
[2026-09-08T06:57:14.681+0000] {processor.py:161} INFO - Started process (PID=6183) to work on /opt/airflow/dags/netflix_dag.py
[2026-09-08T06:57:14.683+0000] {processor.py:830} INFO - Processing file /opt/airflow/dags/netflix_dag.py for tasks to queue
[2026-09-08T06:57:14.685+0000] {logging_mixin.py:188} INFO - [2026-09-08T06:57:14.685+0000] {dagbag.py:545} INFO - Filling up the DagBag from /opt/airflow/dags/netflix_dag.py
[2026-09-08T06:57:14.711+0000] {processor.py:840} INFO - DAG(s) 'netflix_etl_pipeline' retrieved from /opt/airflow/dags/netflix_dag.py
[2026-09-08T06:57:14.746+0000] {logging_mixin.py:188} INFO - [2026-09-08T06:57:14.746+0000] {dag.py:3089} INFO - Sync 1 DAGs
[2026-09-08T06:57:14.768+0000] {logging_mixin.py:188} INFO - [2026-09-08T06:57:14.768+0000] {dag.py:3947} INFO - Setting next_dagrun for netflix_etl_pipeline to 2026-09-07 00:00:00+00:00, run_after=2026-09-08 00:00:00+00:00
[2026-09-08T06:57:14.790+0000] {processor.py:183} INFO - Processing /opt/airflow/dags/netflix_dag.py took 0.115 seconds
[2026-09-08T06:57:45.005+0000] {processor.py:161} INFO - Started process (PID=6194) to work on /opt/airflow/dags/netflix_dag.py
[2026-09-08T06:57:45.006+0000] {processor.py:830} INFO - Processing file /opt/airflow/dags/netflix_dag.py for tasks to queue
[2026-09-08T06:57:45.009+0000] {logging_mixin.py:188} INFO - [2026-09-08T06:57:45.009+0000] {dagbag.py:545} INFO - Filling up the DagBag from /opt/airflow/dags/netflix_dag.py
[2026-09-08T06:57:45.043+0000] {processor.py:840} INFO - DAG(s) 'netflix_etl_pipeline' retrieved from /opt/airflow/dags/netflix_dag.py
[2026-09-08T06:57:45.078+0000] {logging_mixin.py:188} INFO - [2026-09-08T06:57:45.078+0000] {dag.py:3089} INFO - Sync 1 DAGs
[2026-09-08T06:57:45.100+0000] {logging_mixin.py:188} INFO - [2026-09-08T06:57:45.100+0000] {dag.py:3947} INFO - Setting next_dagrun for netflix_etl_pipeline to 2026-09-07 00:00:00+00:00, run_after=2026-09-08 00:00:00+00:00
[2026-09-08T06:57:45.123+0000] {processor.py:183} INFO - Processing /opt/airflow/dags/netflix_dag.py took 0.124 seconds
[2026-09-08T06:58:15.209+0000] {processor.py:161} INFO - Started process (PID=6205) to work on /opt/airflow/dags/netflix_dag.py
[2026-09-08T06:58:15.210+0000] {processor.py:830} INFO - Processing file /opt/airflow/dags/netflix_dag.py for tasks to queue
[2026-09-08T06:58:15.213+0000] {logging_mixin.py:188} INFO - [2026-09-08T06:58:15.212+0000] {dagbag.py:545} INFO - Filling up the DagBag from /opt/airflow/dags/netflix_dag.py
[2026-09-08T06:58:15.254+0000] {processor.py:840} INFO - DAG(s) 'netflix_etl_pipeline' retrieved from /opt/airflow/dags/netflix_dag.py
[2026-09-08T06:58:15.303+0000] {logging_mixin.py:188} INFO - [2026-09-08T06:58:15.303+0000] {dag.py:3089} INFO - Sync 1 DAGs
[2026-09-08T06:58:15.324+0000] {logging_mixin.py:188} INFO - [2026-09-08T06:58:15.324+0000] {dag.py:3947} INFO - Setting next_dagrun for netflix_etl_pipeline to 2026-09-07 00:00:00+00:00, run_after=2026-09-08 00:00:00+00:00
[2026-09-08T06:58:15.344+0000] {processor.py:183} INFO - Processing /opt/airflow/dags/netflix_dag.py took 0.142 seconds
[2026-09-08T06:58:45.509+0000] {processor.py:161} INFO - Started process (PID=6216) to work on /opt/airflow/dags/netflix_dag.py
[2026-09-08T06:58:45.510+0000] {processor.py:830} INFO - Processing file /opt/airflow/dags/netflix_dag.py for tasks to queue
[2026-09-08T06:58:45.513+0000] {logging_mixin.py:188} INFO - [2026-09-08T06:58:45.513+0000] {dagbag.py:545} INFO - Filling up the DagBag from /opt/airflow/dags/netflix_dag.py
[2026-09-08T06:58:45.537+0000] {processor.py:840} INFO - DAG(s) 'netflix_etl_pipeline' retrieved from /opt/airflow/dags/netflix_dag.py
[2026-09-08T06:58:45.571+0000] {logging_mixin.py:188} INFO - [2026-09-08T06:58:45.571+0000] {dag.py:3089} INFO - Sync 1 DAGs
[2026-09-08T06:58:45.593+0000] {logging_mixin.py:188} INFO - [2026-09-08T06:58:45.593+0000] {dag.py:3947} INFO - Setting next_dagrun for netflix_etl_pipeline to 2026-09-07 00:00:00+00:00, run_after=2026-09-08 00:00:00+00:00
[2026-09-08T06:58:45.616+0000] {processor.py:183} INFO - Processing /opt/airflow/dags/netflix_dag.py took 0.113 seconds
[2026-09-08T06:59:15.767+0000] {processor.py:161} INFO - Started process (PID=6227) to work on /opt/airflow/dags/netflix_dag.py
[2026-09-08T06:59:15.769+0000] {processor.py:830} INFO - Processing file /opt/airflow/dags/netflix_dag.py for tasks to queue
[2026-09-08T06:59:15.773+0000] {logging_mixin.py:188} INFO - [2026-09-08T06:59:15.772+0000] {dagbag.py:545} INFO - Filling up the DagBag from /opt/airflow/dags/netflix_dag.py
[2026-09-08T06:59:15.801+0000] {processor.py:840} INFO - DAG(s) 'netflix_etl_pipeline' retrieved from /opt/airflow/dags/netflix_dag.py
[2026-09-08T06:59:15.840+0000] {logging_mixin.py:188} INFO - [2026-09-08T06:59:15.840+0000] {dag.py:3089} INFO - Sync 1 DAGs
[2026-09-08T06:59:15.863+0000] {logging_mixin.py:188} INFO - [2026-09-08T06:59:15.863+0000] {dag.py:3947} INFO - Setting next_dagrun for netflix_etl_pipeline to 2026-09-07 00:00:00+00:00, run_after=2026-09-08 00:00:00+00:00
[2026-09-08T06:59:15.882+0000] {processor.py:183} INFO - Processing /opt/airflow/dags/netflix_dag.py took 0.123 seconds
[2026-09-08T06:59:46.009+0000] {processor.py:161} INFO - Started process (PID=6238) to work on /opt/airflow/dags/netflix_dag.py
[2026-09-08T06:59:46.011+0000] {processor.py:830} INFO - Processing file /opt/airflow/dags/netflix_dag.py for tasks to queue
[2026-09-08T06:59:46.014+0000] {logging_mixin.py:188} INFO - [2026-09-08T06:59:46.014+0000] {dagbag.py:545} INFO - Filling up the DagBag from /opt/airflow/dags/netflix_dag.py
[2026-09-08T06:59:46.041+0000] {processor.py:840} INFO - DAG(s) 'netflix_etl_pipeline' retrieved from /opt/airflow/dags/netflix_dag.py
[2026-09-08T06:59:46.076+0000] {logging_mixin.py:188} INFO - [2026-09-08T06:59:46.076+0000] {dag.py:3089} INFO - Sync 1 DAGs
[2026-09-08T06:59:46.099+0000] {logging_mixin.py:188} INFO - [2026-09-08T06:59:46.098+0000] {dag.py:3947} INFO - Setting next_dagrun for netflix_etl_pipeline to 2026-09-07 00:00:00+00:00, run_after=2026-09-08 00:00:00+00:00
[2026-09-08T06:59:46.121+0000] {processor.py:183} INFO - Processing /opt/airflow/dags/netflix_dag.py took 0.120 seconds
[2026-09-08T07:00:16.262+0000] {processor.py:161} INFO - Started process (PID=6249) to work on /opt/airflow/dags/netflix_dag.py
[2026-09-08T07:00:16.263+0000] {processor.py:830} INFO - Processing file /opt/airflow/dags/netflix_dag.py for tasks to queue
[2026-09-08T07:00:16.266+0000] {logging_mixin.py:188} INFO - [2026-09-08T07:00:16.266+0000] {dagbag.py:545} INFO - Filling up the DagBag from /opt/airflow/dags/netflix_dag.py
[2026-09-08T07:00:16.294+0000] {processor.py:840} INFO - DAG(s) 'netflix_etl_pipeline' retrieved from /opt/airflow/dags/netflix_dag.py
[2026-09-08T07:00:16.327+0000] {logging_mixin.py:188} INFO - [2026-09-08T07:00:16.327+0000] {dag.py:3089} INFO - Sync 1 DAGs
[2026-09-08T07:00:16.349+0000] {logging_mixin.py:188} INFO - [2026-09-08T07:00:16.349+0000] {dag.py:3947} INFO - Setting next_dagrun for netflix_etl_pipeline to 2026-09-07 00:00:00+00:00, run_after=2026-09-08 00:00:00+00:00
[2026-09-08T07:00:16.372+0000] {processor.py:183} INFO - Processing /opt/airflow/dags/netflix_dag.py took 0.118 seconds
[2026-09-08T07:00:46.505+0000] {processor.py:161} INFO - Started process (PID=6260) to work on /opt/airflow/dags/netflix_dag.py
[2026-09-08T07:00:46.507+0000] {processor.py:830} INFO - Processing file /opt/airflow/dags/netflix_dag.py for tasks to queue
[2026-09-08T07:00:46.510+0000] {logging_mixin.py:188} INFO - [2026-09-08T07:00:46.510+0000] {dagbag.py:545} INFO - Filling up the DagBag from /opt/airflow/dags/netflix_dag.py
[2026-09-08T07:00:46.532+0000] {processor.py:840} INFO - DAG(s) 'netflix_etl_pipeline' retrieved from /opt/airflow/dags/netflix_dag.py
[2026-09-08T07:00:46.569+0000] {logging_mixin.py:188} INFO - [2026-09-08T07:00:46.569+0000] {dag.py:3089} INFO - Sync 1 DAGs
[2026-09-08T07:00:46.591+0000] {logging_mixin.py:188} INFO - [2026-09-08T07:00:46.591+0000] {dag.py:3947} INFO - Setting next_dagrun for netflix_etl_pipeline to 2026-09-07 00:00:00+00:00, run_after=2026-09-08 00:00:00+00:00
[2026-09-08T07:00:46.612+0000] {processor.py:183} INFO - Processing /opt/airflow/dags/netflix_dag.py took 0.112 seconds
[2026-09-08T07:01:16.762+0000] {processor.py:161} INFO - Started process (PID=6271) to work on /opt/airflow/dags/netflix_dag.py
[2026-09-08T07:01:16.764+0000] {processor.py:830} INFO - Processing file /opt/airflow/dags/netflix_dag.py for tasks to queue
[2026-09-08T07:01:16.767+0000] {logging_mixin.py:188} INFO - [2026-09-08T07:01:16.767+0000] {dagbag.py:545} INFO - Filling up the DagBag from /opt/airflow/dags/netflix_dag.py
[2026-09-08T07:01:16.792+0000] {processor.py:840} INFO - DAG(s) 'netflix_etl_pipeline' retrieved from /opt/airflow/dags/netflix_dag.py
[2026-09-08T07:01:16.828+0000] {logging_mixin.py:188} INFO - [2026-09-08T07:01:16.828+0000] {dag.py:3089} INFO - Sync 1 DAGs
[2026-09-08T07:01:16.849+0000] {logging_mixin.py:188} INFO - [2026-09-08T07:01:16.849+0000] {dag.py:3947} INFO - Setting next_dagrun for netflix_etl_pipeline to 2026-09-07 00:00:00+00:00, run_after=2026-09-08 00:00:00+00:00
[2026-09-08T07:01:16.870+0000] {processor.py:183} INFO - Processing /opt/airflow/dags/netflix_dag.py took 0.114 seconds
[2026-09-08T07:01:47.015+0000] {processor.py:161} INFO - Started process (PID=6282) to work on /opt/airflow/dags/netflix_dag.py
[2026-09-08T07:01:47.017+0000] {processor.py:830} INFO - Processing file /opt/airflow/dags/netflix_dag.py for tasks to queue
[2026-09-08T07:01:47.020+0000] {logging_mixin.py:188} INFO - [2026-09-08T07:01:47.020+0000] {dagbag.py:545} INFO - Filling up the DagBag from /opt/airflow/dags/netflix_dag.py
[2026-09-08T07:01:47.046+0000] {processor.py:840} INFO - DAG(s) 'netflix_etl_pipeline' retrieved from /opt/airflow/dags/netflix_dag.py
[2026-09-08T07:01:47.098+0000] {logging_mixin.py:188} INFO - [2026-09-08T07:01:47.097+0000] {dag.py:3089} INFO - Sync 1 DAGs
[2026-09-08T07:01:47.147+0000] {logging_mixin.py:188} INFO - [2026-09-08T07:01:47.147+0000] {dag.py:3947} INFO - Setting next_dagrun for netflix_etl_pipeline to 2026-09-07 00:00:00+00:00, run_after=2026-09-08 00:00:00+00:00
[2026-09-08T07:01:47.182+0000] {processor.py:183} INFO - Processing /opt/airflow/dags/netflix_dag.py took 0.175 seconds
[2026-09-08T07:02:17.265+0000] {processor.py:161} INFO - Started process (PID=6293) to work on /opt/airflow/dags/netflix_dag.py
[2026-09-08T07:02:17.266+0000] {processor.py:830} INFO - Processing file /opt/airflow/dags/netflix_dag.py for tasks to queue
[2026-09-08T07:02:17.269+0000] {logging_mixin.py:188} INFO - [2026-09-08T07:02:17.269+0000] {dagbag.py:545} INFO - Filling up the DagBag from /opt/airflow/dags/netflix_dag.py
[2026-09-08T07:02:17.292+0000] {processor.py:840} INFO - DAG(s) 'netflix_etl_pipeline' retrieved from /opt/airflow/dags/netflix_dag.py
[2026-09-08T07:02:17.328+0000] {logging_mixin.py:188} INFO - [2026-09-08T07:02:17.327+0000] {dag.py:3089} INFO - Sync 1 DAGs
[2026-09-08T07:02:17.350+0000] {logging_mixin.py:188} INFO - [2026-09-08T07:02:17.350+0000] {dag.py:3947} INFO - Setting next_dagrun for netflix_etl_pipeline to 2026-09-07 00:00:00+00:00, run_after=2026-09-08 00:00:00+00:00
[2026-09-08T07:02:17.374+0000] {processor.py:183} INFO - Processing /opt/airflow/dags/netflix_dag.py took 0.118 seconds
[2026-09-08T07:02:47.584+0000] {processor.py:161} INFO - Started process (PID=6304) to work on /opt/airflow/dags/netflix_dag.py
[2026-09-08T07:02:47.585+0000] {processor.py:830} INFO - Processing file /opt/airflow/dags/netflix_dag.py for tasks to queue
[2026-09-08T07:02:47.588+0000] {logging_mixin.py:188} INFO - [2026-09-08T07:02:47.588+0000] {dagbag.py:545} INFO - Filling up the DagBag from /opt/airflow/dags/netflix_dag.py
[2026-09-08T07:02:47.615+0000] {processor.py:840} INFO - DAG(s) 'netflix_etl_pipeline' retrieved from /opt/airflow/dags/netflix_dag.py
[2026-09-08T07:02:47.652+0000] {logging_mixin.py:188} INFO - [2026-09-08T07:02:47.652+0000] {dag.py:3089} INFO - Sync 1 DAGs
[2026-09-08T07:02:47.673+0000] {logging_mixin.py:188} INFO - [2026-09-08T07:02:47.673+0000] {dag.py:3947} INFO - Setting next_dagrun for netflix_etl_pipeline to 2026-09-07 00:00:00+00:00, run_after=2026-09-08 00:00:00+00:00
[2026-09-08T07:02:47.696+0000] {processor.py:183} INFO - Processing /opt/airflow/dags/netflix_dag.py took 0.120 seconds
[2026-09-08T07:03:17.786+0000] {processor.py:161} INFO - Started process (PID=6315) to work on /opt/airflow/dags/netflix_dag.py
[2026-09-08T07:03:17.787+0000] {processor.py:830} INFO - Processing file /opt/airflow/dags/netflix_dag.py for tasks to queue
[2026-09-08T07:03:17.790+0000] {logging_mixin.py:188} INFO - [2026-09-08T07:03:17.790+0000] {dagbag.py:545} INFO - Filling up the DagBag from /opt/airflow/dags/netflix_dag.py
[2026-09-08T07:03:17.813+0000] {processor.py:840} INFO - DAG(s) 'netflix_etl_pipeline' retrieved from /opt/airflow/dags/netflix_dag.py
[2026-09-08T07:03:17.847+0000] {logging_mixin.py:188} INFO - [2026-09-08T07:03:17.847+0000] {dag.py:3089} INFO - Sync 1 DAGs
[2026-09-08T07:03:17.871+0000] {logging_mixin.py:188} INFO - [2026-09-08T07:03:17.870+0000] {dag.py:3947} INFO - Setting next_dagrun for netflix_etl_pipeline to 2026-09-07 00:00:00+00:00, run_after=2026-09-08 00:00:00+00:00
[2026-09-08T07:03:17.892+0000] {processor.py:183} INFO - Processing /opt/airflow/dags/netflix_dag.py took 0.112 seconds
[2026-09-08T07:03:48.088+0000] {processor.py:161} INFO - Started process (PID=6326) to work on /opt/airflow/dags/netflix_dag.py
[2026-09-08T07:03:48.090+0000] {processor.py:830} INFO - Processing file /opt/airflow/dags/netflix_dag.py for tasks to queue
[2026-09-08T07:03:48.093+0000] {logging_mixin.py:188} INFO - [2026-09-08T07:03:48.092+0000] {dagbag.py:545} INFO - Filling up the DagBag from /opt/airflow/dags/netflix_dag.py
[2026-09-08T07:03:48.118+0000] {processor.py:840} INFO - DAG(s) 'netflix_etl_pipeline' retrieved from /opt/airflow/dags/netflix_dag.py
[2026-09-08T07:03:48.152+0000] {logging_mixin.py:188} INFO - [2026-09-08T07:03:48.151+0000] {dag.py:3089} INFO - Sync 1 DAGs
[2026-09-08T07:03:48.173+0000] {logging_mixin.py:188} INFO - [2026-09-08T07:03:48.173+0000] {dag.py:3947} INFO - Setting next_dagrun for netflix_etl_pipeline to 2026-09-07 00:00:00+00:00, run_after=2026-09-08 00:00:00+00:00
[2026-09-08T07:03:48.195+0000] {processor.py:183} INFO - Processing /opt/airflow/dags/netflix_dag.py took 0.114 seconds
[2026-09-08T07:04:18.314+0000] {processor.py:161} INFO - Started process (PID=6337) to work on /opt/airflow/dags/netflix_dag.py
[2026-09-08T07:04:18.316+0000] {processor.py:830} INFO - Processing file /opt/airflow/dags/netflix_dag.py for tasks to queue
[2026-09-08T07:04:18.318+0000] {logging_mixin.py:188} INFO - [2026-09-08T07:04:18.318+0000] {dagbag.py:545} INFO - Filling up the DagBag from /opt/airflow/dags/netflix_dag.py
[2026-09-08T07:04:18.343+0000] {processor.py:840} INFO - DAG(s) 'netflix_etl_pipeline' retrieved from /opt/airflow/dags/netflix_dag.py
[2026-09-08T07:04:18.377+0000] {logging_mixin.py:188} INFO - [2026-09-08T07:04:18.377+0000] {dag.py:3089} INFO - Sync 1 DAGs
[2026-09-08T07:04:18.398+0000] {logging_mixin.py:188} INFO - [2026-09-08T07:04:18.398+0000] {dag.py:3947} INFO - Setting next_dagrun for netflix_etl_pipeline to 2026-09-07 00:00:00+00:00, run_after=2026-09-08 00:00:00+00:00
[2026-09-08T07:04:18.420+0000] {processor.py:183} INFO - Processing /opt/airflow/dags/netflix_dag.py took 0.112 seconds
[2026-09-08T07:04:48.592+0000] {processor.py:161} INFO - Started process (PID=6348) to work on /opt/airflow/dags/netflix_dag.py
[2026-09-08T07:04:48.594+0000] {processor.py:830} INFO - Processing file /opt/airflow/dags/netflix_dag.py for tasks to queue
[2026-09-08T07:04:48.596+0000] {logging_mixin.py:188} INFO - [2026-09-08T07:04:48.596+0000] {dagbag.py:545} INFO - Filling up the DagBag from /opt/airflow/dags/netflix_dag.py
[2026-09-08T07:04:48.620+0000] {processor.py:840} INFO - DAG(s) 'netflix_etl_pipeline' retrieved from /opt/airflow/dags/netflix_dag.py
[2026-09-08T07:04:48.654+0000] {logging_mixin.py:188} INFO - [2026-09-08T07:04:48.654+0000] {dag.py:3089} INFO - Sync 1 DAGs
[2026-09-08T07:04:48.677+0000] {logging_mixin.py:188} INFO - [2026-09-08T07:04:48.677+0000] {dag.py:3947} INFO - Setting next_dagrun for netflix_etl_pipeline to 2026-09-07 00:00:00+00:00, run_after=2026-09-08 00:00:00+00:00
[2026-09-08T07:04:48.698+0000] {processor.py:183} INFO - Processing /opt/airflow/dags/netflix_dag.py took 0.112 seconds
[2026-09-08T07:05:18.804+0000] {processor.py:161} INFO - Started process (PID=6359) to work on /opt/airflow/dags/netflix_dag.py
[2026-09-08T07:05:18.806+0000] {processor.py:830} INFO - Processing file /opt/airflow/dags/netflix_dag.py for tasks to queue
[2026-09-08T07:05:18.808+0000] {logging_mixin.py:188} INFO - [2026-09-08T07:05:18.808+0000] {dagbag.py:545} INFO - Filling up the DagBag from /opt/airflow/dags/netflix_dag.py
[2026-09-08T07:05:18.835+0000] {processor.py:840} INFO - DAG(s) 'netflix_etl_pipeline' retrieved from /opt/airflow/dags/netflix_dag.py
[2026-09-08T07:05:18.872+0000] {logging_mixin.py:188} INFO - [2026-09-08T07:05:18.871+0000] {dag.py:3089} INFO - Sync 1 DAGs
[2026-09-08T07:05:18.894+0000] {logging_mixin.py:188} INFO - [2026-09-08T07:05:18.894+0000] {dag.py:3947} INFO - Setting next_dagrun for netflix_etl_pipeline to 2026-09-07 00:00:00+00:00, run_after=2026-09-08 00:00:00+00:00
[2026-09-08T07:05:18.916+0000] {processor.py:183} INFO - Processing /opt/airflow/dags/netflix_dag.py took 0.119 seconds
[2026-09-08T07:05:49.085+0000] {processor.py:161} INFO - Started process (PID=6370) to work on /opt/airflow/dags/netflix_dag.py
[2026-09-08T07:05:49.087+0000] {processor.py:830} INFO - Processing file /opt/airflow/dags/netflix_dag.py for tasks to queue
[2026-09-08T07:05:49.089+0000] {logging_mixin.py:188} INFO - [2026-09-08T07:05:49.089+0000] {dagbag.py:545} INFO - Filling up the DagBag from /opt/airflow/dags/netflix_dag.py
[2026-09-08T07:05:49.113+0000] {processor.py:840} INFO - DAG(s) 'netflix_etl_pipeline' retrieved from /opt/airflow/dags/netflix_dag.py
[2026-09-08T07:05:49.150+0000] {logging_mixin.py:188} INFO - [2026-09-08T07:05:49.150+0000] {dag.py:3089} INFO - Sync 1 DAGs
[2026-09-08T07:05:49.173+0000] {logging_mixin.py:188} INFO - [2026-09-08T07:05:49.172+0000] {dag.py:3947} INFO - Setting next_dagrun for netflix_etl_pipeline to 2026-09-07 00:00:00+00:00, run_after=2026-09-08 00:00:00+00:00
[2026-09-08T07:05:49.195+0000] {processor.py:183} INFO - Processing /opt/airflow/dags/netflix_dag.py took 0.118 seconds
[2026-09-08T07:06:19.352+0000] {processor.py:161} INFO - Started process (PID=6381) to work on /opt/airflow/dags/netflix_dag.py
[2026-09-08T07:06:19.355+0000] {processor.py:830} INFO - Processing file /opt/airflow/dags/netflix_dag.py for tasks to queue
[2026-09-08T07:06:19.361+0000] {logging_mixin.py:188} INFO - [2026-09-08T07:06:19.360+0000] {dagbag.py:545} INFO - Filling up the DagBag from /opt/airflow/dags/netflix_dag.py
[2026-09-08T07:06:19.423+0000] {processor.py:840} INFO - DAG(s) 'netflix_etl_pipeline' retrieved from /opt/airflow/dags/netflix_dag.py
[2026-09-08T07:06:19.501+0000] {logging_mixin.py:188} INFO - [2026-09-08T07:06:19.501+0000] {dag.py:3089} INFO - Sync 1 DAGs
[2026-09-08T07:06:19.552+0000] {logging_mixin.py:188} INFO - [2026-09-08T07:06:19.551+0000] {dag.py:3947} INFO - Setting next_dagrun for netflix_etl_pipeline to 2026-09-07 00:00:00+00:00, run_after=2026-09-08 00:00:00+00:00
[2026-09-08T07:06:19.595+0000] {processor.py:183} INFO - Processing /opt/airflow/dags/netflix_dag.py took 0.262 seconds
[2026-09-08T07:06:49.826+0000] {processor.py:161} INFO - Started process (PID=6392) to work on /opt/airflow/dags/netflix_dag.py
[2026-09-08T07:06:49.829+0000] {processor.py:830} INFO - Processing file /opt/airflow/dags/netflix_dag.py for tasks to queue
[2026-09-08T07:06:49.832+0000] {logging_mixin.py:188} INFO - [2026-09-08T07:06:49.832+0000] {dagbag.py:545} INFO - Filling up the DagBag from /opt/airflow/dags/netflix_dag.py
[2026-09-08T07:06:49.859+0000] {processor.py:840} INFO - DAG(s) 'netflix_etl_pipeline' retrieved from /opt/airflow/dags/netflix_dag.py
[2026-09-08T07:06:49.922+0000] {logging_mixin.py:188} INFO - [2026-09-08T07:06:49.922+0000] {dag.py:3089} INFO - Sync 1 DAGs
[2026-09-08T07:06:49.947+0000] {logging_mixin.py:188} INFO - [2026-09-08T07:06:49.946+0000] {dag.py:3947} INFO - Setting next_dagrun for netflix_etl_pipeline to 2026-09-07 00:00:00+00:00, run_after=2026-09-08 00:00:00+00:00
[2026-09-08T07:06:49.977+0000] {processor.py:183} INFO - Processing /opt/airflow/dags/netflix_dag.py took 0.159 seconds
[2026-09-08T07:07:20.125+0000] {processor.py:161} INFO - Started process (PID=6403) to work on /opt/airflow/dags/netflix_dag.py
[2026-09-08T07:07:20.128+0000] {processor.py:830} INFO - Processing file /opt/airflow/dags/netflix_dag.py for tasks to queue
[2026-09-08T07:07:20.136+0000] {logging_mixin.py:188} INFO - [2026-09-08T07:07:20.135+0000] {dagbag.py:545} INFO - Filling up the DagBag from /opt/airflow/dags/netflix_dag.py
[2026-09-08T07:07:20.196+0000] {processor.py:840} INFO - DAG(s) 'netflix_etl_pipeline' retrieved from /opt/airflow/dags/netflix_dag.py
[2026-09-08T07:07:20.275+0000] {logging_mixin.py:188} INFO - [2026-09-08T07:07:20.274+0000] {dag.py:3089} INFO - Sync 1 DAGs
[2026-09-08T07:07:20.325+0000] {logging_mixin.py:188} INFO - [2026-09-08T07:07:20.325+0000] {dag.py:3947} INFO - Setting next_dagrun for netflix_etl_pipeline to 2026-09-07 00:00:00+00:00, run_after=2026-09-08 00:00:00+00:00
[2026-09-08T07:07:20.370+0000] {processor.py:183} INFO - Processing /opt/airflow/dags/netflix_dag.py took 0.272 seconds
[2026-09-08T07:07:50.432+0000] {processor.py:161} INFO - Started process (PID=6414) to work on /opt/airflow/dags/netflix_dag.py
[2026-09-08T07:07:50.434+0000] {processor.py:830} INFO - Processing file /opt/airflow/dags/netflix_dag.py for tasks to queue
[2026-09-08T07:07:50.436+0000] {logging_mixin.py:188} INFO - [2026-09-08T07:07:50.436+0000] {dagbag.py:545} INFO - Filling up the DagBag from /opt/airflow/dags/netflix_dag.py
[2026-09-08T07:07:50.458+0000] {processor.py:840} INFO - DAG(s) 'netflix_etl_pipeline' retrieved from /opt/airflow/dags/netflix_dag.py
[2026-09-08T07:07:50.497+0000] {logging_mixin.py:188} INFO - [2026-09-08T07:07:50.496+0000] {dag.py:3089} INFO - Sync 1 DAGs
[2026-09-08T07:07:50.524+0000] {logging_mixin.py:188} INFO - [2026-09-08T07:07:50.524+0000] {dag.py:3947} INFO - Setting next_dagrun for netflix_etl_pipeline to 2026-09-07 00:00:00+00:00, run_after=2026-09-08 00:00:00+00:00
[2026-09-08T07:07:50.548+0000] {processor.py:183} INFO - Processing /opt/airflow/dags/netflix_dag.py took 0.123 seconds
[2026-09-08T07:08:20.659+0000] {processor.py:161} INFO - Started process (PID=6425) to work on /opt/airflow/dags/netflix_dag.py
[2026-09-08T07:08:20.661+0000] {processor.py:830} INFO - Processing file /opt/airflow/dags/netflix_dag.py for tasks to queue
[2026-09-08T07:08:20.664+0000] {logging_mixin.py:188} INFO - [2026-09-08T07:08:20.664+0000] {dagbag.py:545} INFO - Filling up the DagBag from /opt/airflow/dags/netflix_dag.py
[2026-09-08T07:08:20.689+0000] {processor.py:840} INFO - DAG(s) 'netflix_etl_pipeline' retrieved from /opt/airflow/dags/netflix_dag.py
[2026-09-08T07:08:20.734+0000] {logging_mixin.py:188} INFO - [2026-09-08T07:08:20.733+0000] {dag.py:3089} INFO - Sync 1 DAGs
[2026-09-08T07:08:20.764+0000] {logging_mixin.py:188} INFO - [2026-09-08T07:08:20.763+0000] {dag.py:3947} INFO - Setting next_dagrun for netflix_etl_pipeline to 2026-09-07 00:00:00+00:00, run_after=2026-09-08 00:00:00+00:00
[2026-09-08T07:08:20.788+0000] {processor.py:183} INFO - Processing /opt/airflow/dags/netflix_dag.py took 0.138 seconds
[2026-09-08T07:08:51.065+0000] {processor.py:161} INFO - Started process (PID=6436) to work on /opt/airflow/dags/netflix_dag.py
[2026-09-08T07:08:51.068+0000] {processor.py:830} INFO - Processing file /opt/airflow/dags/netflix_dag.py for tasks to queue
[2026-09-08T07:08:51.073+0000] {logging_mixin.py:188} INFO - [2026-09-08T07:08:51.072+0000] {dagbag.py:545} INFO - Filling up the DagBag from /opt/airflow/dags/netflix_dag.py
[2026-09-08T07:08:51.122+0000] {processor.py:840} INFO - DAG(s) 'netflix_etl_pipeline' retrieved from /opt/airflow/dags/netflix_dag.py
[2026-09-08T07:08:51.194+0000] {logging_mixin.py:188} INFO - [2026-09-08T07:08:51.193+0000] {dag.py:3089} INFO - Sync 1 DAGs
[2026-09-08T07:08:51.244+0000] {logging_mixin.py:188} INFO - [2026-09-08T07:08:51.243+0000] {dag.py:3947} INFO - Setting next_dagrun for netflix_etl_pipeline to 2026-09-07 00:00:00+00:00, run_after=2026-09-08 00:00:00+00:00
[2026-09-08T07:08:51.297+0000] {processor.py:183} INFO - Processing /opt/airflow/dags/netflix_dag.py took 0.244 seconds
[2026-09-08T07:09:21.589+0000] {processor.py:161} INFO - Started process (PID=6447) to work on /opt/airflow/dags/netflix_dag.py
[2026-09-08T07:09:21.591+0000] {processor.py:830} INFO - Processing file /opt/airflow/dags/netflix_dag.py for tasks to queue
[2026-09-08T07:09:21.595+0000] {logging_mixin.py:188} INFO - [2026-09-08T07:09:21.595+0000] {dagbag.py:545} INFO - Filling up the DagBag from /opt/airflow/dags/netflix_dag.py
[2026-09-08T07:09:21.622+0000] {processor.py:840} INFO - DAG(s) 'netflix_etl_pipeline' retrieved from /opt/airflow/dags/netflix_dag.py
[2026-09-08T07:09:21.659+0000] {logging_mixin.py:188} INFO - [2026-09-08T07:09:21.659+0000] {dag.py:3089} INFO - Sync 1 DAGs
[2026-09-08T07:09:21.684+0000] {logging_mixin.py:188} INFO - [2026-09-08T07:09:21.683+0000] {dag.py:3947} INFO - Setting next_dagrun for netflix_etl_pipeline to 2026-09-07 00:00:00+00:00, run_after=2026-09-08 00:00:00+00:00
[2026-09-08T07:09:21.705+0000] {processor.py:183} INFO - Processing /opt/airflow/dags/netflix_dag.py took 0.125 seconds
[2026-09-08T07:09:51.821+0000] {processor.py:161} INFO - Started process (PID=6458) to work on /opt/airflow/dags/netflix_dag.py
[2026-09-08T07:09:51.823+0000] {processor.py:830} INFO - Processing file /opt/airflow/dags/netflix_dag.py for tasks to queue
[2026-09-08T07:09:51.827+0000] {logging_mixin.py:188} INFO - [2026-09-08T07:09:51.826+0000] {dagbag.py:545} INFO - Filling up the DagBag from /opt/airflow/dags/netflix_dag.py
[2026-09-08T07:09:51.851+0000] {processor.py:840} INFO - DAG(s) 'netflix_etl_pipeline' retrieved from /opt/airflow/dags/netflix_dag.py
[2026-09-08T07:09:51.889+0000] {logging_mixin.py:188} INFO - [2026-09-08T07:09:51.888+0000] {dag.py:3089} INFO - Sync 1 DAGs
[2026-09-08T07:09:51.913+0000] {logging_mixin.py:188} INFO - [2026-09-08T07:09:51.913+0000] {dag.py:3947} INFO - Setting next_dagrun for netflix_etl_pipeline to 2026-09-07 00:00:00+00:00, run_after=2026-09-08 00:00:00+00:00
[2026-09-08T07:09:51.935+0000] {processor.py:183} INFO - Processing /opt/airflow/dags/netflix_dag.py took 0.124 seconds
[2026-09-08T07:10:22.198+0000] {processor.py:161} INFO - Started process (PID=6469) to work on /opt/airflow/dags/netflix_dag.py
[2026-09-08T07:10:22.202+0000] {processor.py:830} INFO - Processing file /opt/airflow/dags/netflix_dag.py for tasks to queue
[2026-09-08T07:10:22.207+0000] {logging_mixin.py:188} INFO - [2026-09-08T07:10:22.206+0000] {dagbag.py:545} INFO - Filling up the DagBag from /opt/airflow/dags/netflix_dag.py
[2026-09-08T07:10:22.254+0000] {processor.py:840} INFO - DAG(s) 'netflix_etl_pipeline' retrieved from /opt/airflow/dags/netflix_dag.py
[2026-09-08T07:10:22.324+0000] {logging_mixin.py:188} INFO - [2026-09-08T07:10:22.324+0000] {dag.py:3089} INFO - Sync 1 DAGs
[2026-09-08T07:10:22.376+0000] {logging_mixin.py:188} INFO - [2026-09-08T07:10:22.376+0000] {dag.py:3947} INFO - Setting next_dagrun for netflix_etl_pipeline to 2026-09-07 00:00:00+00:00, run_after=2026-09-08 00:00:00+00:00
[2026-09-08T07:10:22.402+0000] {processor.py:183} INFO - Processing /opt/airflow/dags/netflix_dag.py took 0.219 seconds
[2026-09-08T07:10:52.656+0000] {processor.py:161} INFO - Started process (PID=6480) to work on /opt/airflow/dags/netflix_dag.py
[2026-09-08T07:10:52.658+0000] {processor.py:830} INFO - Processing file /opt/airflow/dags/netflix_dag.py for tasks to queue
[2026-09-08T07:10:52.661+0000] {logging_mixin.py:188} INFO - [2026-09-08T07:10:52.661+0000] {dagbag.py:545} INFO - Filling up the DagBag from /opt/airflow/dags/netflix_dag.py
[2026-09-08T07:10:52.686+0000] {processor.py:840} INFO - DAG(s) 'netflix_etl_pipeline' retrieved from /opt/airflow/dags/netflix_dag.py
[2026-09-08T07:10:52.729+0000] {logging_mixin.py:188} INFO - [2026-09-08T07:10:52.729+0000] {dag.py:3089} INFO - Sync 1 DAGs
[2026-09-08T07:10:52.756+0000] {logging_mixin.py:188} INFO - [2026-09-08T07:10:52.756+0000] {dag.py:3947} INFO - Setting next_dagrun for netflix_etl_pipeline to 2026-09-07 00:00:00+00:00, run_after=2026-09-08 00:00:00+00:00
[2026-09-08T07:10:52.779+0000] {processor.py:183} INFO - Processing /opt/airflow/dags/netflix_dag.py took 0.131 seconds
[2026-09-08T07:11:22.927+0000] {processor.py:161} INFO - Started process (PID=6491) to work on /opt/airflow/dags/netflix_dag.py
[2026-09-08T07:11:22.930+0000] {processor.py:830} INFO - Processing file /opt/airflow/dags/netflix_dag.py for tasks to queue
[2026-09-08T07:11:22.937+0000] {logging_mixin.py:188} INFO - [2026-09-08T07:11:22.936+0000] {dagbag.py:545} INFO - Filling up the DagBag from /opt/airflow/dags/netflix_dag.py
[2026-09-08T07:11:23.005+0000] {processor.py:840} INFO - DAG(s) 'netflix_etl_pipeline' retrieved from /opt/airflow/dags/netflix_dag.py
[2026-09-08T07:11:23.075+0000] {logging_mixin.py:188} INFO - [2026-09-08T07:11:23.075+0000] {dag.py:3089} INFO - Sync 1 DAGs
[2026-09-08T07:11:23.122+0000] {logging_mixin.py:188} INFO - [2026-09-08T07:11:23.121+0000] {dag.py:3947} INFO - Setting next_dagrun for netflix_etl_pipeline to 2026-09-07 00:00:00+00:00, run_after=2026-09-08 00:00:00+00:00
[2026-09-08T07:11:23.162+0000] {processor.py:183} INFO - Processing /opt/airflow/dags/netflix_dag.py took 0.254 seconds
[2026-09-08T07:11:53.277+0000] {processor.py:161} INFO - Started process (PID=6502) to work on /opt/airflow/dags/netflix_dag.py
[2026-09-08T07:11:53.278+0000] {processor.py:830} INFO - Processing file /opt/airflow/dags/netflix_dag.py for tasks to queue
[2026-09-08T07:11:53.282+0000] {logging_mixin.py:188} INFO - [2026-09-08T07:11:53.282+0000] {dagbag.py:545} INFO - Filling up the DagBag from /opt/airflow/dags/netflix_dag.py
[2026-09-08T07:11:53.305+0000] {processor.py:840} INFO - DAG(s) 'netflix_etl_pipeline' retrieved from /opt/airflow/dags/netflix_dag.py
[2026-09-08T07:11:53.349+0000] {logging_mixin.py:188} INFO - [2026-09-08T07:11:53.348+0000] {dag.py:3089} INFO - Sync 1 DAGs
[2026-09-08T07:11:53.402+0000] {logging_mixin.py:188} INFO - [2026-09-08T07:11:53.401+0000] {dag.py:3947} INFO - Setting next_dagrun for netflix_etl_pipeline to 2026-09-07 00:00:00+00:00, run_after=2026-09-08 00:00:00+00:00
[2026-09-08T07:11:53.446+0000] {processor.py:183} INFO - Processing /opt/airflow/dags/netflix_dag.py took 0.177 seconds
[2026-09-08T07:12:23.711+0000] {processor.py:161} INFO - Started process (PID=6513) to work on /opt/airflow/dags/netflix_dag.py
[2026-09-08T07:12:23.714+0000] {processor.py:830} INFO - Processing file /opt/airflow/dags/netflix_dag.py for tasks to queue
[2026-09-08T07:12:23.720+0000] {logging_mixin.py:188} INFO - [2026-09-08T07:12:23.719+0000] {dagbag.py:545} INFO - Filling up the DagBag from /opt/airflow/dags/netflix_dag.py
[2026-09-08T07:12:23.773+0000] {processor.py:840} INFO - DAG(s) 'netflix_etl_pipeline' retrieved from /opt/airflow/dags/netflix_dag.py
[2026-09-08T07:12:23.845+0000] {logging_mixin.py:188} INFO - [2026-09-08T07:12:23.845+0000] {dag.py:3089} INFO - Sync 1 DAGs
[2026-09-08T07:12:23.891+0000] {logging_mixin.py:188} INFO - [2026-09-08T07:12:23.890+0000] {dag.py:3947} INFO - Setting next_dagrun for netflix_etl_pipeline to 2026-09-07 00:00:00+00:00, run_after=2026-09-08 00:00:00+00:00
[2026-09-08T07:12:23.932+0000] {processor.py:183} INFO - Processing /opt/airflow/dags/netflix_dag.py took 0.235 seconds
[2026-09-08T07:12:54.245+0000] {processor.py:161} INFO - Started process (PID=6524) to work on /opt/airflow/dags/netflix_dag.py
[2026-09-08T07:12:54.249+0000] {processor.py:830} INFO - Processing file /opt/airflow/dags/netflix_dag.py for tasks to queue
[2026-09-08T07:12:54.256+0000] {logging_mixin.py:188} INFO - [2026-09-08T07:12:54.255+0000] {dagbag.py:545} INFO - Filling up the DagBag from /opt/airflow/dags/netflix_dag.py
[2026-09-08T07:12:54.311+0000] {processor.py:840} INFO - DAG(s) 'netflix_etl_pipeline' retrieved from /opt/airflow/dags/netflix_dag.py
[2026-09-08T07:12:54.398+0000] {logging_mixin.py:188} INFO - [2026-09-08T07:12:54.397+0000] {dag.py:3089} INFO - Sync 1 DAGs
[2026-09-08T07:12:54.453+0000] {logging_mixin.py:188} INFO - [2026-09-08T07:12:54.453+0000] {dag.py:3947} INFO - Setting next_dagrun for netflix_etl_pipeline to 2026-09-07 00:00:00+00:00, run_after=2026-09-08 00:00:00+00:00
[2026-09-08T07:12:54.499+0000] {processor.py:183} INFO - Processing /opt/airflow/dags/netflix_dag.py took 0.270 seconds
[2026-09-08T07:13:24.828+0000] {processor.py:161} INFO - Started process (PID=6535) to work on /opt/airflow/dags/netflix_dag.py
[2026-09-08T07:13:24.832+0000] {processor.py:830} INFO - Processing file /opt/airflow/dags/netflix_dag.py for tasks to queue
[2026-09-08T07:13:24.838+0000] {logging_mixin.py:188} INFO - [2026-09-08T07:13:24.838+0000] {dagbag.py:545} INFO - Filling up the DagBag from /opt/airflow/dags/netflix_dag.py
[2026-09-08T07:13:24.887+0000] {processor.py:840} INFO - DAG(s) 'netflix_etl_pipeline' retrieved from /opt/airflow/dags/netflix_dag.py
[2026-09-08T07:13:24.966+0000] {logging_mixin.py:188} INFO - [2026-09-08T07:13:24.965+0000] {dag.py:3089} INFO - Sync 1 DAGs
[2026-09-08T07:13:25.014+0000] {logging_mixin.py:188} INFO - [2026-09-08T07:13:25.014+0000] {dag.py:3947} INFO - Setting next_dagrun for netflix_etl_pipeline to 2026-09-07 00:00:00+00:00, run_after=2026-09-08 00:00:00+00:00
[2026-09-08T07:13:25.059+0000] {processor.py:183} INFO - Processing /opt/airflow/dags/netflix_dag.py took 0.249 seconds
[2026-09-08T07:13:55.324+0000] {processor.py:161} INFO - Started process (PID=6546) to work on /opt/airflow/dags/netflix_dag.py
[2026-09-08T07:13:55.326+0000] {processor.py:830} INFO - Processing file /opt/airflow/dags/netflix_dag.py for tasks to queue
[2026-09-08T07:13:55.329+0000] {logging_mixin.py:188} INFO - [2026-09-08T07:13:55.329+0000] {dagbag.py:545} INFO - Filling up the DagBag from /opt/airflow/dags/netflix_dag.py
[2026-09-08T07:13:55.354+0000] {processor.py:840} INFO - DAG(s) 'netflix_etl_pipeline' retrieved from /opt/airflow/dags/netflix_dag.py
[2026-09-08T07:13:55.391+0000] {logging_mixin.py:188} INFO - [2026-09-08T07:13:55.391+0000] {dag.py:3089} INFO - Sync 1 DAGs
[2026-09-08T07:13:55.416+0000] {logging_mixin.py:188} INFO - [2026-09-08T07:13:55.416+0000] {dag.py:3947} INFO - Setting next_dagrun for netflix_etl_pipeline to 2026-09-07 00:00:00+00:00, run_after=2026-09-08 00:00:00+00:00
[2026-09-08T07:13:55.441+0000] {processor.py:183} INFO - Processing /opt/airflow/dags/netflix_dag.py took 0.123 seconds
[2026-09-08T07:14:25.582+0000] {processor.py:161} INFO - Started process (PID=6557) to work on /opt/airflow/dags/netflix_dag.py
[2026-09-08T07:14:25.585+0000] {processor.py:830} INFO - Processing file /opt/airflow/dags/netflix_dag.py for tasks to queue
[2026-09-08T07:14:25.588+0000] {logging_mixin.py:188} INFO - [2026-09-08T07:14:25.587+0000] {dagbag.py:545} INFO - Filling up the DagBag from /opt/airflow/dags/netflix_dag.py
[2026-09-08T07:14:25.619+0000] {processor.py:840} INFO - DAG(s) 'netflix_etl_pipeline' retrieved from /opt/airflow/dags/netflix_dag.py
[2026-09-08T07:14:25.663+0000] {logging_mixin.py:188} INFO - [2026-09-08T07:14:25.662+0000] {dag.py:3089} INFO - Sync 1 DAGs
[2026-09-08T07:14:25.690+0000] {logging_mixin.py:188} INFO - [2026-09-08T07:14:25.690+0000] {dag.py:3947} INFO - Setting next_dagrun for netflix_etl_pipeline to 2026-09-07 00:00:00+00:00, run_after=2026-09-08 00:00:00+00:00
[2026-09-08T07:14:25.718+0000] {processor.py:183} INFO - Processing /opt/airflow/dags/netflix_dag.py took 0.146 seconds
[2026-09-08T07:14:55.987+0000] {processor.py:161} INFO - Started process (PID=6568) to work on /opt/airflow/dags/netflix_dag.py
[2026-09-08T07:14:55.990+0000] {processor.py:830} INFO - Processing file /opt/airflow/dags/netflix_dag.py for tasks to queue
[2026-09-08T07:14:55.995+0000] {logging_mixin.py:188} INFO - [2026-09-08T07:14:55.994+0000] {dagbag.py:545} INFO - Filling up the DagBag from /opt/airflow/dags/netflix_dag.py
[2026-09-08T07:14:56.044+0000] {processor.py:840} INFO - DAG(s) 'netflix_etl_pipeline' retrieved from /opt/airflow/dags/netflix_dag.py
[2026-09-08T07:14:56.138+0000] {logging_mixin.py:188} INFO - [2026-09-08T07:14:56.138+0000] {dag.py:3089} INFO - Sync 1 DAGs
[2026-09-08T07:14:56.192+0000] {logging_mixin.py:188} INFO - [2026-09-08T07:14:56.192+0000] {dag.py:3947} INFO - Setting next_dagrun for netflix_etl_pipeline to 2026-09-07 00:00:00+00:00, run_after=2026-09-08 00:00:00+00:00
[2026-09-08T07:14:56.239+0000] {processor.py:183} INFO - Processing /opt/airflow/dags/netflix_dag.py took 0.265 seconds
[2026-09-08T07:15:26.490+0000] {processor.py:161} INFO - Started process (PID=6579) to work on /opt/airflow/dags/netflix_dag.py
[2026-09-08T07:15:26.491+0000] {processor.py:830} INFO - Processing file /opt/airflow/dags/netflix_dag.py for tasks to queue
[2026-09-08T07:15:26.496+0000] {logging_mixin.py:188} INFO - [2026-09-08T07:15:26.495+0000] {dagbag.py:545} INFO - Filling up the DagBag from /opt/airflow/dags/netflix_dag.py
[2026-09-08T07:15:26.520+0000] {processor.py:840} INFO - DAG(s) 'netflix_etl_pipeline' retrieved from /opt/airflow/dags/netflix_dag.py
[2026-09-08T07:15:26.563+0000] {logging_mixin.py:188} INFO - [2026-09-08T07:15:26.562+0000] {dag.py:3089} INFO - Sync 1 DAGs
[2026-09-08T07:15:26.589+0000] {logging_mixin.py:188} INFO - [2026-09-08T07:15:26.589+0000] {dag.py:3947} INFO - Setting next_dagrun for netflix_etl_pipeline to 2026-09-07 00:00:00+00:00, run_after=2026-09-08 00:00:00+00:00
[2026-09-08T07:15:26.616+0000] {processor.py:183} INFO - Processing /opt/airflow/dags/netflix_dag.py took 0.133 seconds
[2026-09-08T07:15:56.711+0000] {processor.py:161} INFO - Started process (PID=6590) to work on /opt/airflow/dags/netflix_dag.py
[2026-09-08T07:15:56.713+0000] {processor.py:830} INFO - Processing file /opt/airflow/dags/netflix_dag.py for tasks to queue
[2026-09-08T07:15:56.716+0000] {logging_mixin.py:188} INFO - [2026-09-08T07:15:56.715+0000] {dagbag.py:545} INFO - Filling up the DagBag from /opt/airflow/dags/netflix_dag.py
[2026-09-08T07:15:56.744+0000] {processor.py:840} INFO - DAG(s) 'netflix_etl_pipeline' retrieved from /opt/airflow/dags/netflix_dag.py
[2026-09-08T07:15:56.784+0000] {logging_mixin.py:188} INFO - [2026-09-08T07:15:56.784+0000] {dag.py:3089} INFO - Sync 1 DAGs
[2026-09-08T07:15:56.809+0000] {logging_mixin.py:188} INFO - [2026-09-08T07:15:56.809+0000] {dag.py:3947} INFO - Setting next_dagrun for netflix_etl_pipeline to 2026-09-07 00:00:00+00:00, run_after=2026-09-08 00:00:00+00:00
[2026-09-08T07:15:56.834+0000] {processor.py:183} INFO - Processing /opt/airflow/dags/netflix_dag.py took 0.129 seconds
[2026-09-08T07:16:27.061+0000] {processor.py:161} INFO - Started process (PID=6601) to work on /opt/airflow/dags/netflix_dag.py
[2026-09-08T07:16:27.063+0000] {processor.py:830} INFO - Processing file /opt/airflow/dags/netflix_dag.py for tasks to queue
[2026-09-08T07:16:27.066+0000] {logging_mixin.py:188} INFO - [2026-09-08T07:16:27.066+0000] {dagbag.py:545} INFO - Filling up the DagBag from /opt/airflow/dags/netflix_dag.py
[2026-09-08T07:16:27.092+0000] {processor.py:840} INFO - DAG(s) 'netflix_etl_pipeline' retrieved from /opt/airflow/dags/netflix_dag.py
[2026-09-08T07:16:27.130+0000] {logging_mixin.py:188} INFO - [2026-09-08T07:16:27.130+0000] {dag.py:3089} INFO - Sync 1 DAGs
[2026-09-08T07:16:27.155+0000] {logging_mixin.py:188} INFO - [2026-09-08T07:16:27.154+0000] {dag.py:3947} INFO - Setting next_dagrun for netflix_etl_pipeline to 2026-09-07 00:00:00+00:00, run_after=2026-09-08 00:00:00+00:00
[2026-09-08T07:16:27.179+0000] {processor.py:183} INFO - Processing /opt/airflow/dags/netflix_dag.py took 0.125 seconds
[2026-09-08T07:16:57.296+0000] {processor.py:161} INFO - Started process (PID=6612) to work on /opt/airflow/dags/netflix_dag.py
[2026-09-08T07:16:57.298+0000] {processor.py:830} INFO - Processing file /opt/airflow/dags/netflix_dag.py for tasks to queue
[2026-09-08T07:16:57.301+0000] {logging_mixin.py:188} INFO - [2026-09-08T07:16:57.301+0000] {dagbag.py:545} INFO - Filling up the DagBag from /opt/airflow/dags/netflix_dag.py
[2026-09-08T07:16:57.331+0000] {processor.py:840} INFO - DAG(s) 'netflix_etl_pipeline' retrieved from /opt/airflow/dags/netflix_dag.py
[2026-09-08T07:16:57.369+0000] {logging_mixin.py:188} INFO - [2026-09-08T07:16:57.369+0000] {dag.py:3089} INFO - Sync 1 DAGs
[2026-09-08T07:16:57.419+0000] {logging_mixin.py:188} INFO - [2026-09-08T07:16:57.419+0000] {dag.py:3947} INFO - Setting next_dagrun for netflix_etl_pipeline to 2026-09-07 00:00:00+00:00, run_after=2026-09-08 00:00:00+00:00
[2026-09-08T07:16:57.451+0000] {processor.py:183} INFO - Processing /opt/airflow/dags/netflix_dag.py took 0.161 seconds
[2026-09-08T07:17:27.616+0000] {processor.py:161} INFO - Started process (PID=6623) to work on /opt/airflow/dags/netflix_dag.py
[2026-09-08T07:17:27.618+0000] {processor.py:830} INFO - Processing file /opt/airflow/dags/netflix_dag.py for tasks to queue
[2026-09-08T07:17:27.621+0000] {logging_mixin.py:188} INFO - [2026-09-08T07:17:27.621+0000] {dagbag.py:545} INFO - Filling up the DagBag from /opt/airflow/dags/netflix_dag.py
[2026-09-08T07:17:27.648+0000] {processor.py:840} INFO - DAG(s) 'netflix_etl_pipeline' retrieved from /opt/airflow/dags/netflix_dag.py
[2026-09-08T07:17:27.685+0000] {logging_mixin.py:188} INFO - [2026-09-08T07:17:27.684+0000] {dag.py:3089} INFO - Sync 1 DAGs
[2026-09-08T07:17:27.708+0000] {logging_mixin.py:188} INFO - [2026-09-08T07:17:27.707+0000] {dag.py:3947} INFO - Setting next_dagrun for netflix_etl_pipeline to 2026-09-07 00:00:00+00:00, run_after=2026-09-08 00:00:00+00:00
[2026-09-08T07:17:27.731+0000] {processor.py:183} INFO - Processing /opt/airflow/dags/netflix_dag.py took 0.123 seconds
[2026-09-08T07:17:57.884+0000] {processor.py:161} INFO - Started process (PID=6635) to work on /opt/airflow/dags/netflix_dag.py
[2026-09-08T07:17:57.886+0000] {processor.py:830} INFO - Processing file /opt/airflow/dags/netflix_dag.py for tasks to queue
[2026-09-08T07:17:57.889+0000] {logging_mixin.py:188} INFO - [2026-09-08T07:17:57.888+0000] {dagbag.py:545} INFO - Filling up the DagBag from /opt/airflow/dags/netflix_dag.py
[2026-09-08T07:17:57.918+0000] {processor.py:840} INFO - DAG(s) 'netflix_etl_pipeline' retrieved from /opt/airflow/dags/netflix_dag.py
[2026-09-08T07:17:57.956+0000] {logging_mixin.py:188} INFO - [2026-09-08T07:17:57.956+0000] {dag.py:3089} INFO - Sync 1 DAGs
[2026-09-08T07:17:57.982+0000] {logging_mixin.py:188} INFO - [2026-09-08T07:17:57.982+0000] {dag.py:3947} INFO - Setting next_dagrun for netflix_etl_pipeline to 2026-09-07 00:00:00+00:00, run_after=2026-09-08 00:00:00+00:00
[2026-09-08T07:17:58.007+0000] {processor.py:183} INFO - Processing /opt/airflow/dags/netflix_dag.py took 0.130 seconds
[2026-09-08T07:18:28.165+0000] {processor.py:161} INFO - Started process (PID=6646) to work on /opt/airflow/dags/netflix_dag.py
[2026-09-08T07:18:28.167+0000] {processor.py:830} INFO - Processing file /opt/airflow/dags/netflix_dag.py for tasks to queue
[2026-09-08T07:18:28.169+0000] {logging_mixin.py:188} INFO - [2026-09-08T07:18:28.169+0000] {dagbag.py:545} INFO - Filling up the DagBag from /opt/airflow/dags/netflix_dag.py
[2026-09-08T07:18:28.198+0000] {processor.py:840} INFO - DAG(s) 'netflix_etl_pipeline' retrieved from /opt/airflow/dags/netflix_dag.py
[2026-09-08T07:18:28.238+0000] {logging_mixin.py:188} INFO - [2026-09-08T07:18:28.238+0000] {dag.py:3089} INFO - Sync 1 DAGs
[2026-09-08T07:18:28.262+0000] {logging_mixin.py:188} INFO - [2026-09-08T07:18:28.262+0000] {dag.py:3947} INFO - Setting next_dagrun for netflix_etl_pipeline to 2026-09-07 00:00:00+00:00, run_after=2026-09-08 00:00:00+00:00
[2026-09-08T07:18:28.286+0000] {processor.py:183} INFO - Processing /opt/airflow/dags/netflix_dag.py took 0.129 seconds
[2026-09-08T07:18:58.451+0000] {processor.py:161} INFO - Started process (PID=6657) to work on /opt/airflow/dags/netflix_dag.py
[2026-09-08T07:18:58.453+0000] {processor.py:830} INFO - Processing file /opt/airflow/dags/netflix_dag.py for tasks to queue
[2026-09-08T07:18:58.457+0000] {logging_mixin.py:188} INFO - [2026-09-08T07:18:58.456+0000] {dagbag.py:545} INFO - Filling up the DagBag from /opt/airflow/dags/netflix_dag.py
[2026-09-08T07:18:58.482+0000] {processor.py:840} INFO - DAG(s) 'netflix_etl_pipeline' retrieved from /opt/airflow/dags/netflix_dag.py
[2026-09-08T07:18:58.520+0000] {logging_mixin.py:188} INFO - [2026-09-08T07:18:58.520+0000] {dag.py:3089} INFO - Sync 1 DAGs
[2026-09-08T07:18:58.545+0000] {logging_mixin.py:188} INFO - [2026-09-08T07:18:58.544+0000] {dag.py:3947} INFO - Setting next_dagrun for netflix_etl_pipeline to 2026-09-07 00:00:00+00:00, run_after=2026-09-08 00:00:00+00:00
[2026-09-08T07:18:58.567+0000] {processor.py:183} INFO - Processing /opt/airflow/dags/netflix_dag.py took 0.123 seconds
[2026-09-08T07:19:28.767+0000] {processor.py:161} INFO - Started process (PID=6668) to work on /opt/airflow/dags/netflix_dag.py
[2026-09-08T07:19:28.769+0000] {processor.py:830} INFO - Processing file /opt/airflow/dags/netflix_dag.py for tasks to queue
[2026-09-08T07:19:28.772+0000] {logging_mixin.py:188} INFO - [2026-09-08T07:19:28.771+0000] {dagbag.py:545} INFO - Filling up the DagBag from /opt/airflow/dags/netflix_dag.py
[2026-09-08T07:19:28.795+0000] {processor.py:840} INFO - DAG(s) 'netflix_etl_pipeline' retrieved from /opt/airflow/dags/netflix_dag.py
[2026-09-08T07:19:28.834+0000] {logging_mixin.py:188} INFO - [2026-09-08T07:19:28.833+0000] {dag.py:3089} INFO - Sync 1 DAGs
[2026-09-08T07:19:28.858+0000] {logging_mixin.py:188} INFO - [2026-09-08T07:19:28.858+0000] {dag.py:3947} INFO - Setting next_dagrun for netflix_etl_pipeline to 2026-09-07 00:00:00+00:00, run_after=2026-09-08 00:00:00+00:00
[2026-09-08T07:19:28.883+0000] {processor.py:183} INFO - Processing /opt/airflow/dags/netflix_dag.py took 0.122 seconds
[2026-09-08T07:19:58.990+0000] {processor.py:161} INFO - Started process (PID=6679) to work on /opt/airflow/dags/netflix_dag.py
[2026-09-08T07:19:58.992+0000] {processor.py:830} INFO - Processing file /opt/airflow/dags/netflix_dag.py for tasks to queue
[2026-09-08T07:19:58.994+0000] {logging_mixin.py:188} INFO - [2026-09-08T07:19:58.994+0000] {dagbag.py:545} INFO - Filling up the DagBag from /opt/airflow/dags/netflix_dag.py
[2026-09-08T07:19:59.022+0000] {processor.py:840} INFO - DAG(s) 'netflix_etl_pipeline' retrieved from /opt/airflow/dags/netflix_dag.py
[2026-09-08T07:19:59.057+0000] {logging_mixin.py:188} INFO - [2026-09-08T07:19:59.056+0000] {dag.py:3089} INFO - Sync 1 DAGs
[2026-09-08T07:19:59.080+0000] {logging_mixin.py:188} INFO - [2026-09-08T07:19:59.080+0000] {dag.py:3947} INFO - Setting next_dagrun for netflix_etl_pipeline to 2026-09-07 00:00:00+00:00, run_after=2026-09-08 00:00:00+00:00
[2026-09-08T07:19:59.104+0000] {processor.py:183} INFO - Processing /opt/airflow/dags/netflix_dag.py took 0.120 seconds
[2026-09-08T07:20:29.309+0000] {processor.py:161} INFO - Started process (PID=6690) to work on /opt/airflow/dags/netflix_dag.py
[2026-09-08T07:20:29.311+0000] {processor.py:830} INFO - Processing file /opt/airflow/dags/netflix_dag.py for tasks to queue
[2026-09-08T07:20:29.314+0000] {logging_mixin.py:188} INFO - [2026-09-08T07:20:29.314+0000] {dagbag.py:545} INFO - Filling up the DagBag from /opt/airflow/dags/netflix_dag.py
[2026-09-08T07:20:29.340+0000] {processor.py:840} INFO - DAG(s) 'netflix_etl_pipeline' retrieved from /opt/airflow/dags/netflix_dag.py
[2026-09-08T07:20:29.377+0000] {logging_mixin.py:188} INFO - [2026-09-08T07:20:29.377+0000] {dag.py:3089} INFO - Sync 1 DAGs
[2026-09-08T07:20:29.400+0000] {logging_mixin.py:188} INFO - [2026-09-08T07:20:29.400+0000] {dag.py:3947} INFO - Setting next_dagrun for netflix_etl_pipeline to 2026-09-07 00:00:00+00:00, run_after=2026-09-08 00:00:00+00:00
[2026-09-08T07:20:29.424+0000] {processor.py:183} INFO - Processing /opt/airflow/dags/netflix_dag.py took 0.122 seconds
[2026-09-08T07:20:59.580+0000] {processor.py:161} INFO - Started process (PID=6701) to work on /opt/airflow/dags/netflix_dag.py
[2026-09-08T07:20:59.583+0000] {processor.py:830} INFO - Processing file /opt/airflow/dags/netflix_dag.py for tasks to queue
[2026-09-08T07:20:59.589+0000] {logging_mixin.py:188} INFO - [2026-09-08T07:20:59.588+0000] {dagbag.py:545} INFO - Filling up the DagBag from /opt/airflow/dags/netflix_dag.py
[2026-09-08T07:20:59.645+0000] {processor.py:840} INFO - DAG(s) 'netflix_etl_pipeline' retrieved from /opt/airflow/dags/netflix_dag.py
[2026-09-08T07:20:59.730+0000] {logging_mixin.py:188} INFO - [2026-09-08T07:20:59.730+0000] {dag.py:3089} INFO - Sync 1 DAGs
[2026-09-08T07:20:59.784+0000] {logging_mixin.py:188} INFO - [2026-09-08T07:20:59.784+0000] {dag.py:3947} INFO - Setting next_dagrun for netflix_etl_pipeline to 2026-09-07 00:00:00+00:00, run_after=2026-09-08 00:00:00+00:00
[2026-09-08T07:20:59.829+0000] {processor.py:183} INFO - Processing /opt/airflow/dags/netflix_dag.py took 0.265 seconds
[2026-09-08T07:21:30.105+0000] {processor.py:161} INFO - Started process (PID=6712) to work on /opt/airflow/dags/netflix_dag.py
[2026-09-08T07:21:30.109+0000] {processor.py:830} INFO - Processing file /opt/airflow/dags/netflix_dag.py for tasks to queue
[2026-09-08T07:21:30.115+0000] {logging_mixin.py:188} INFO - [2026-09-08T07:21:30.114+0000] {dagbag.py:545} INFO - Filling up the DagBag from /opt/airflow/dags/netflix_dag.py
[2026-09-08T07:21:30.166+0000] {processor.py:840} INFO - DAG(s) 'netflix_etl_pipeline' retrieved from /opt/airflow/dags/netflix_dag.py
[2026-09-08T07:21:30.251+0000] {logging_mixin.py:188} INFO - [2026-09-08T07:21:30.251+0000] {dag.py:3089} INFO - Sync 1 DAGs
[2026-09-08T07:21:30.304+0000] {logging_mixin.py:188} INFO - [2026-09-08T07:21:30.304+0000] {dag.py:3947} INFO - Setting next_dagrun for netflix_etl_pipeline to 2026-09-07 00:00:00+00:00, run_after=2026-09-08 00:00:00+00:00
[2026-09-08T07:21:30.349+0000] {processor.py:183} INFO - Processing /opt/airflow/dags/netflix_dag.py took 0.259 seconds
[2026-09-08T07:22:00.588+0000] {processor.py:161} INFO - Started process (PID=6723) to work on /opt/airflow/dags/netflix_dag.py
[2026-09-08T07:22:00.590+0000] {processor.py:830} INFO - Processing file /opt/airflow/dags/netflix_dag.py for tasks to queue
[2026-09-08T07:22:00.593+0000] {logging_mixin.py:188} INFO - [2026-09-08T07:22:00.592+0000] {dagbag.py:545} INFO - Filling up the DagBag from /opt/airflow/dags/netflix_dag.py
[2026-09-08T07:22:00.619+0000] {processor.py:840} INFO - DAG(s) 'netflix_etl_pipeline' retrieved from /opt/airflow/dags/netflix_dag.py
[2026-09-08T07:22:00.661+0000] {logging_mixin.py:188} INFO - [2026-09-08T07:22:00.661+0000] {dag.py:3089} INFO - Sync 1 DAGs
[2026-09-08T07:22:00.690+0000] {logging_mixin.py:188} INFO - [2026-09-08T07:22:00.689+0000] {dag.py:3947} INFO - Setting next_dagrun for netflix_etl_pipeline to 2026-09-07 00:00:00+00:00, run_after=2026-09-08 00:00:00+00:00
[2026-09-08T07:22:00.718+0000] {processor.py:183} INFO - Processing /opt/airflow/dags/netflix_dag.py took 0.138 seconds
[2026-09-08T07:22:30.816+0000] {processor.py:161} INFO - Started process (PID=6734) to work on /opt/airflow/dags/netflix_dag.py
[2026-09-08T07:22:30.819+0000] {processor.py:830} INFO - Processing file /opt/airflow/dags/netflix_dag.py for tasks to queue
[2026-09-08T07:22:30.823+0000] {logging_mixin.py:188} INFO - [2026-09-08T07:22:30.822+0000] {dagbag.py:545} INFO - Filling up the DagBag from /opt/airflow/dags/netflix_dag.py
[2026-09-08T07:22:30.863+0000] {processor.py:840} INFO - DAG(s) 'netflix_etl_pipeline' retrieved from /opt/airflow/dags/netflix_dag.py
[2026-09-08T07:22:30.928+0000] {logging_mixin.py:188} INFO - [2026-09-08T07:22:30.928+0000] {dag.py:3089} INFO - Sync 1 DAGs
[2026-09-08T07:22:30.978+0000] {logging_mixin.py:188} INFO - [2026-09-08T07:22:30.978+0000] {dag.py:3947} INFO - Setting next_dagrun for netflix_etl_pipeline to 2026-09-07 00:00:00+00:00, run_after=2026-09-08 00:00:00+00:00
[2026-09-08T07:22:31.013+0000] {processor.py:183} INFO - Processing /opt/airflow/dags/netflix_dag.py took 0.206 seconds
[2026-09-08T07:23:01.180+0000] {processor.py:161} INFO - Started process (PID=6745) to work on /opt/airflow/dags/netflix_dag.py
[2026-09-08T07:23:01.182+0000] {processor.py:830} INFO - Processing file /opt/airflow/dags/netflix_dag.py for tasks to queue
[2026-09-08T07:23:01.185+0000] {logging_mixin.py:188} INFO - [2026-09-08T07:23:01.185+0000] {dagbag.py:545} INFO - Filling up the DagBag from /opt/airflow/dags/netflix_dag.py
[2026-09-08T07:23:01.211+0000] {processor.py:840} INFO - DAG(s) 'netflix_etl_pipeline' retrieved from /opt/airflow/dags/netflix_dag.py
[2026-09-08T07:23:01.249+0000] {logging_mixin.py:188} INFO - [2026-09-08T07:23:01.249+0000] {dag.py:3089} INFO - Sync 1 DAGs
[2026-09-08T07:23:01.273+0000] {logging_mixin.py:188} INFO - [2026-09-08T07:23:01.273+0000] {dag.py:3947} INFO - Setting next_dagrun for netflix_etl_pipeline to 2026-09-07 00:00:00+00:00, run_after=2026-09-08 00:00:00+00:00
[2026-09-08T07:23:01.295+0000] {processor.py:183} INFO - Processing /opt/airflow/dags/netflix_dag.py took 0.122 seconds
[2026-09-08T07:23:31.494+0000] {processor.py:161} INFO - Started process (PID=6756) to work on /opt/airflow/dags/netflix_dag.py
[2026-09-08T07:23:31.497+0000] {processor.py:830} INFO - Processing file /opt/airflow/dags/netflix_dag.py for tasks to queue
[2026-09-08T07:23:31.503+0000] {logging_mixin.py:188} INFO - [2026-09-08T07:23:31.502+0000] {dagbag.py:545} INFO - Filling up the DagBag from /opt/airflow/dags/netflix_dag.py
[2026-09-08T07:23:31.553+0000] {processor.py:840} INFO - DAG(s) 'netflix_etl_pipeline' retrieved from /opt/airflow/dags/netflix_dag.py
[2026-09-08T07:23:31.627+0000] {logging_mixin.py:188} INFO - [2026-09-08T07:23:31.626+0000] {dag.py:3089} INFO - Sync 1 DAGs
[2026-09-08T07:23:31.673+0000] {logging_mixin.py:188} INFO - [2026-09-08T07:23:31.672+0000] {dag.py:3947} INFO - Setting next_dagrun for netflix_etl_pipeline to 2026-09-07 00:00:00+00:00, run_after=2026-09-08 00:00:00+00:00
[2026-09-08T07:23:31.717+0000] {processor.py:183} INFO - Processing /opt/airflow/dags/netflix_dag.py took 0.242 seconds
[2026-09-08T07:24:01.981+0000] {processor.py:161} INFO - Started process (PID=6767) to work on /opt/airflow/dags/netflix_dag.py
[2026-09-08T07:24:01.984+0000] {processor.py:830} INFO - Processing file /opt/airflow/dags/netflix_dag.py for tasks to queue
[2026-09-08T07:24:01.988+0000] {logging_mixin.py:188} INFO - [2026-09-08T07:24:01.988+0000] {dagbag.py:545} INFO - Filling up the DagBag from /opt/airflow/dags/netflix_dag.py
[2026-09-08T07:24:02.037+0000] {processor.py:840} INFO - DAG(s) 'netflix_etl_pipeline' retrieved from /opt/airflow/dags/netflix_dag.py
[2026-09-08T07:24:02.160+0000] {logging_mixin.py:188} INFO - [2026-09-08T07:24:02.159+0000] {dag.py:3089} INFO - Sync 1 DAGs
[2026-09-08T07:24:02.208+0000] {logging_mixin.py:188} INFO - [2026-09-08T07:24:02.208+0000] {dag.py:3947} INFO - Setting next_dagrun for netflix_etl_pipeline to 2026-09-07 00:00:00+00:00, run_after=2026-09-08 00:00:00+00:00
[2026-09-08T07:24:02.252+0000] {processor.py:183} INFO - Processing /opt/airflow/dags/netflix_dag.py took 0.283 seconds
[2026-09-08T07:24:32.481+0000] {processor.py:161} INFO - Started process (PID=6778) to work on /opt/airflow/dags/netflix_dag.py
[2026-09-08T07:24:32.483+0000] {processor.py:830} INFO - Processing file /opt/airflow/dags/netflix_dag.py for tasks to queue
[2026-09-08T07:24:32.486+0000] {logging_mixin.py:188} INFO - [2026-09-08T07:24:32.486+0000] {dagbag.py:545} INFO - Filling up the DagBag from /opt/airflow/dags/netflix_dag.py
[2026-09-08T07:24:32.512+0000] {processor.py:840} INFO - DAG(s) 'netflix_etl_pipeline' retrieved from /opt/airflow/dags/netflix_dag.py
[2026-09-08T07:24:32.550+0000] {logging_mixin.py:188} INFO - [2026-09-08T07:24:32.549+0000] {dag.py:3089} INFO - Sync 1 DAGs
[2026-09-08T07:24:32.573+0000] {logging_mixin.py:188} INFO - [2026-09-08T07:24:32.573+0000] {dag.py:3947} INFO - Setting next_dagrun for netflix_etl_pipeline to 2026-09-07 00:00:00+00:00, run_after=2026-09-08 00:00:00+00:00
[2026-09-08T07:24:32.598+0000] {processor.py:183} INFO - Processing /opt/airflow/dags/netflix_dag.py took 0.123 seconds
[2026-09-08T07:25:02.731+0000] {processor.py:161} INFO - Started process (PID=6789) to work on /opt/airflow/dags/netflix_dag.py
[2026-09-08T07:25:02.735+0000] {processor.py:830} INFO - Processing file /opt/airflow/dags/netflix_dag.py for tasks to queue
[2026-09-08T07:25:02.742+0000] {logging_mixin.py:188} INFO - [2026-09-08T07:25:02.741+0000] {dagbag.py:545} INFO - Filling up the DagBag from /opt/airflow/dags/netflix_dag.py
[2026-09-08T07:25:02.796+0000] {processor.py:840} INFO - DAG(s) 'netflix_etl_pipeline' retrieved from /opt/airflow/dags/netflix_dag.py
[2026-09-08T07:25:02.893+0000] {logging_mixin.py:188} INFO - [2026-09-08T07:25:02.893+0000] {dag.py:3089} INFO - Sync 1 DAGs
[2026-09-08T07:25:02.946+0000] {logging_mixin.py:188} INFO - [2026-09-08T07:25:02.946+0000] {dag.py:3947} INFO - Setting next_dagrun for netflix_etl_pipeline to 2026-09-07 00:00:00+00:00, run_after=2026-09-08 00:00:00+00:00
[2026-09-08T07:25:02.988+0000] {processor.py:183} INFO - Processing /opt/airflow/dags/netflix_dag.py took 0.272 seconds
[2026-09-08T07:25:33.230+0000] {processor.py:161} INFO - Started process (PID=6800) to work on /opt/airflow/dags/netflix_dag.py
[2026-09-08T07:25:33.231+0000] {processor.py:830} INFO - Processing file /opt/airflow/dags/netflix_dag.py for tasks to queue
[2026-09-08T07:25:33.235+0000] {logging_mixin.py:188} INFO - [2026-09-08T07:25:33.235+0000] {dagbag.py:545} INFO - Filling up the DagBag from /opt/airflow/dags/netflix_dag.py
[2026-09-08T07:25:33.260+0000] {processor.py:840} INFO - DAG(s) 'netflix_etl_pipeline' retrieved from /opt/airflow/dags/netflix_dag.py
[2026-09-08T07:25:33.298+0000] {logging_mixin.py:188} INFO - [2026-09-08T07:25:33.298+0000] {dag.py:3089} INFO - Sync 1 DAGs
[2026-09-08T07:25:33.324+0000] {logging_mixin.py:188} INFO - [2026-09-08T07:25:33.324+0000] {dag.py:3947} INFO - Setting next_dagrun for netflix_etl_pipeline to 2026-09-07 00:00:00+00:00, run_after=2026-09-08 00:00:00+00:00
[2026-09-08T07:25:33.348+0000] {processor.py:183} INFO - Processing /opt/airflow/dags/netflix_dag.py took 0.125 seconds
[2026-09-08T07:26:03.497+0000] {processor.py:161} INFO - Started process (PID=6811) to work on /opt/airflow/dags/netflix_dag.py
[2026-09-08T07:26:03.500+0000] {processor.py:830} INFO - Processing file /opt/airflow/dags/netflix_dag.py for tasks to queue
[2026-09-08T07:26:03.506+0000] {logging_mixin.py:188} INFO - [2026-09-08T07:26:03.505+0000] {dagbag.py:545} INFO - Filling up the DagBag from /opt/airflow/dags/netflix_dag.py
[2026-09-08T07:26:03.561+0000] {processor.py:840} INFO - DAG(s) 'netflix_etl_pipeline' retrieved from /opt/airflow/dags/netflix_dag.py
[2026-09-08T07:26:03.640+0000] {logging_mixin.py:188} INFO - [2026-09-08T07:26:03.639+0000] {dag.py:3089} INFO - Sync 1 DAGs
[2026-09-08T07:26:03.689+0000] {logging_mixin.py:188} INFO - [2026-09-08T07:26:03.688+0000] {dag.py:3947} INFO - Setting next_dagrun for netflix_etl_pipeline to 2026-09-07 00:00:00+00:00, run_after=2026-09-08 00:00:00+00:00
[2026-09-08T07:26:03.732+0000] {processor.py:183} INFO - Processing /opt/airflow/dags/netflix_dag.py took 0.249 seconds
[2026-09-08T07:26:33.987+0000] {processor.py:161} INFO - Started process (PID=6822) to work on /opt/airflow/dags/netflix_dag.py
[2026-09-08T07:26:33.996+0000] {processor.py:830} INFO - Processing file /opt/airflow/dags/netflix_dag.py for tasks to queue
[2026-09-08T07:26:34.005+0000] {logging_mixin.py:188} INFO - [2026-09-08T07:26:34.004+0000] {dagbag.py:545} INFO - Filling up the DagBag from /opt/airflow/dags/netflix_dag.py
[2026-09-08T07:26:34.094+0000] {processor.py:840} INFO - DAG(s) 'netflix_etl_pipeline' retrieved from /opt/airflow/dags/netflix_dag.py
[2026-09-08T07:26:34.264+0000] {logging_mixin.py:188} INFO - [2026-09-08T07:26:34.263+0000] {dag.py:3089} INFO - Sync 1 DAGs
[2026-09-08T07:26:34.286+0000] {logging_mixin.py:188} INFO - [2026-09-08T07:26:34.286+0000] {dag.py:3947} INFO - Setting next_dagrun for netflix_etl_pipeline to 2026-09-07 00:00:00+00:00, run_after=2026-09-08 00:00:00+00:00
[2026-09-08T07:26:34.308+0000] {processor.py:183} INFO - Processing /opt/airflow/dags/netflix_dag.py took 0.336 seconds
[2026-09-08T07:27:04.581+0000] {processor.py:161} INFO - Started process (PID=6833) to work on /opt/airflow/dags/netflix_dag.py
[2026-09-08T07:27:04.584+0000] {processor.py:830} INFO - Processing file /opt/airflow/dags/netflix_dag.py for tasks to queue
[2026-09-08T07:27:04.589+0000] {logging_mixin.py:188} INFO - [2026-09-08T07:27:04.589+0000] {dagbag.py:545} INFO - Filling up the DagBag from /opt/airflow/dags/netflix_dag.py
[2026-09-08T07:27:04.639+0000] {processor.py:840} INFO - DAG(s) 'netflix_etl_pipeline' retrieved from /opt/airflow/dags/netflix_dag.py
[2026-09-08T07:27:04.708+0000] {logging_mixin.py:188} INFO - [2026-09-08T07:27:04.708+0000] {dag.py:3089} INFO - Sync 1 DAGs
[2026-09-08T07:27:04.753+0000] {logging_mixin.py:188} INFO - [2026-09-08T07:27:04.753+0000] {dag.py:3947} INFO - Setting next_dagrun for netflix_etl_pipeline to 2026-09-07 00:00:00+00:00, run_after=2026-09-08 00:00:00+00:00
[2026-09-08T07:27:04.795+0000] {processor.py:183} INFO - Processing /opt/airflow/dags/netflix_dag.py took 0.226 seconds
[2026-09-08T07:27:35.064+0000] {processor.py:161} INFO - Started process (PID=6844) to work on /opt/airflow/dags/netflix_dag.py
[2026-09-08T07:27:35.067+0000] {processor.py:830} INFO - Processing file /opt/airflow/dags/netflix_dag.py for tasks to queue
[2026-09-08T07:27:35.072+0000] {logging_mixin.py:188} INFO - [2026-09-08T07:27:35.071+0000] {dagbag.py:545} INFO - Filling up the DagBag from /opt/airflow/dags/netflix_dag.py
[2026-09-08T07:27:35.123+0000] {processor.py:840} INFO - DAG(s) 'netflix_etl_pipeline' retrieved from /opt/airflow/dags/netflix_dag.py
[2026-09-08T07:27:35.201+0000] {logging_mixin.py:188} INFO - [2026-09-08T07:27:35.200+0000] {dag.py:3089} INFO - Sync 1 DAGs
[2026-09-08T07:27:35.249+0000] {logging_mixin.py:188} INFO - [2026-09-08T07:27:35.249+0000] {dag.py:3947} INFO - Setting next_dagrun for netflix_etl_pipeline to 2026-09-07 00:00:00+00:00, run_after=2026-09-08 00:00:00+00:00
[2026-09-08T07:27:35.295+0000] {processor.py:183} INFO - Processing /opt/airflow/dags/netflix_dag.py took 0.243 seconds
[2026-09-08T07:28:05.562+0000] {processor.py:161} INFO - Started process (PID=6855) to work on /opt/airflow/dags/netflix_dag.py
[2026-09-08T07:28:05.564+0000] {processor.py:830} INFO - Processing file /opt/airflow/dags/netflix_dag.py for tasks to queue
[2026-09-08T07:28:05.567+0000] {logging_mixin.py:188} INFO - [2026-09-08T07:28:05.566+0000] {dagbag.py:545} INFO - Filling up the DagBag from /opt/airflow/dags/netflix_dag.py
[2026-09-08T07:28:05.595+0000] {processor.py:840} INFO - DAG(s) 'netflix_etl_pipeline' retrieved from /opt/airflow/dags/netflix_dag.py
[2026-09-08T07:28:05.635+0000] {logging_mixin.py:188} INFO - [2026-09-08T07:28:05.635+0000] {dag.py:3089} INFO - Sync 1 DAGs
[2026-09-08T07:28:05.659+0000] {logging_mixin.py:188} INFO - [2026-09-08T07:28:05.658+0000] {dag.py:3947} INFO - Setting next_dagrun for netflix_etl_pipeline to 2026-09-07 00:00:00+00:00, run_after=2026-09-08 00:00:00+00:00
[2026-09-08T07:28:05.684+0000] {processor.py:183} INFO - Processing /opt/airflow/dags/netflix_dag.py took 0.130 seconds
[2026-09-08T07:28:35.772+0000] {processor.py:161} INFO - Started process (PID=6866) to work on /opt/airflow/dags/netflix_dag.py
[2026-09-08T07:28:35.773+0000] {processor.py:830} INFO - Processing file /opt/airflow/dags/netflix_dag.py for tasks to queue
[2026-09-08T07:28:35.776+0000] {logging_mixin.py:188} INFO - [2026-09-08T07:28:35.776+0000] {dagbag.py:545} INFO - Filling up the DagBag from /opt/airflow/dags/netflix_dag.py
[2026-09-08T07:28:35.803+0000] {processor.py:840} INFO - DAG(s) 'netflix_etl_pipeline' retrieved from /opt/airflow/dags/netflix_dag.py
[2026-09-08T07:28:35.846+0000] {logging_mixin.py:188} INFO - [2026-09-08T07:28:35.846+0000] {dag.py:3089} INFO - Sync 1 DAGs
[2026-09-08T07:28:35.878+0000] {logging_mixin.py:188} INFO - [2026-09-08T07:28:35.878+0000] {dag.py:3947} INFO - Setting next_dagrun for netflix_etl_pipeline to 2026-09-07 00:00:00+00:00, run_after=2026-09-08 00:00:00+00:00
[2026-09-08T07:28:35.905+0000] {processor.py:183} INFO - Processing /opt/airflow/dags/netflix_dag.py took 0.140 seconds
[2026-09-08T07:29:06.169+0000] {processor.py:161} INFO - Started process (PID=6877) to work on /opt/airflow/dags/netflix_dag.py
[2026-09-08T07:29:06.172+0000] {processor.py:830} INFO - Processing file /opt/airflow/dags/netflix_dag.py for tasks to queue
[2026-09-08T07:29:06.177+0000] {logging_mixin.py:188} INFO - [2026-09-08T07:29:06.177+0000] {dagbag.py:545} INFO - Filling up the DagBag from /opt/airflow/dags/netflix_dag.py
[2026-09-08T07:29:06.232+0000] {processor.py:840} INFO - DAG(s) 'netflix_etl_pipeline' retrieved from /opt/airflow/dags/netflix_dag.py
[2026-09-08T07:29:06.312+0000] {logging_mixin.py:188} INFO - [2026-09-08T07:29:06.312+0000] {dag.py:3089} INFO - Sync 1 DAGs
[2026-09-08T07:29:06.361+0000] {logging_mixin.py:188} INFO - [2026-09-08T07:29:06.361+0000] {dag.py:3947} INFO - Setting next_dagrun for netflix_etl_pipeline to 2026-09-07 00:00:00+00:00, run_after=2026-09-08 00:00:00+00:00
[2026-09-08T07:29:06.405+0000] {processor.py:183} INFO - Processing /opt/airflow/dags/netflix_dag.py took 0.252 seconds
[2026-09-08T07:29:36.646+0000] {processor.py:161} INFO - Started process (PID=6888) to work on /opt/airflow/dags/netflix_dag.py
[2026-09-08T07:29:36.648+0000] {processor.py:830} INFO - Processing file /opt/airflow/dags/netflix_dag.py for tasks to queue
[2026-09-08T07:29:36.651+0000] {logging_mixin.py:188} INFO - [2026-09-08T07:29:36.651+0000] {dagbag.py:545} INFO - Filling up the DagBag from /opt/airflow/dags/netflix_dag.py
[2026-09-08T07:29:36.676+0000] {processor.py:840} INFO - DAG(s) 'netflix_etl_pipeline' retrieved from /opt/airflow/dags/netflix_dag.py
[2026-09-08T07:29:36.722+0000] {logging_mixin.py:188} INFO - [2026-09-08T07:29:36.722+0000] {dag.py:3089} INFO - Sync 1 DAGs
[2026-09-08T07:29:36.748+0000] {logging_mixin.py:188} INFO - [2026-09-08T07:29:36.747+0000] {dag.py:3947} INFO - Setting next_dagrun for netflix_etl_pipeline to 2026-09-07 00:00:00+00:00, run_after=2026-09-08 00:00:00+00:00
[2026-09-08T07:29:36.771+0000] {processor.py:183} INFO - Processing /opt/airflow/dags/netflix_dag.py took 0.134 seconds
[2026-09-08T07:30:06.849+0000] {processor.py:161} INFO - Started process (PID=6899) to work on /opt/airflow/dags/netflix_dag.py
[2026-09-08T07:30:06.850+0000] {processor.py:830} INFO - Processing file /opt/airflow/dags/netflix_dag.py for tasks to queue
[2026-09-08T07:30:06.853+0000] {logging_mixin.py:188} INFO - [2026-09-08T07:30:06.853+0000] {dagbag.py:545} INFO - Filling up the DagBag from /opt/airflow/dags/netflix_dag.py
[2026-09-08T07:30:06.877+0000] {processor.py:840} INFO - DAG(s) 'netflix_etl_pipeline' retrieved from /opt/airflow/dags/netflix_dag.py
[2026-09-08T07:30:06.913+0000] {logging_mixin.py:188} INFO - [2026-09-08T07:30:06.912+0000] {dag.py:3089} INFO - Sync 1 DAGs
[2026-09-08T07:30:06.935+0000] {logging_mixin.py:188} INFO - [2026-09-08T07:30:06.935+0000] {dag.py:3947} INFO - Setting next_dagrun for netflix_etl_pipeline to 2026-09-07 00:00:00+00:00, run_after=2026-09-08 00:00:00+00:00
[2026-09-08T07:30:06.959+0000] {processor.py:183} INFO - Processing /opt/airflow/dags/netflix_dag.py took 0.117 seconds
[2026-09-08T07:30:37.251+0000] {processor.py:161} INFO - Started process (PID=6910) to work on /opt/airflow/dags/netflix_dag.py
[2026-09-08T07:30:37.253+0000] {processor.py:830} INFO - Processing file /opt/airflow/dags/netflix_dag.py for tasks to queue
[2026-09-08T07:30:37.259+0000] {logging_mixin.py:188} INFO - [2026-09-08T07:30:37.258+0000] {dagbag.py:545} INFO - Filling up the DagBag from /opt/airflow/dags/netflix_dag.py
[2026-09-08T07:30:37.309+0000] {processor.py:840} INFO - DAG(s) 'netflix_etl_pipeline' retrieved from /opt/airflow/dags/netflix_dag.py
[2026-09-08T07:30:37.388+0000] {logging_mixin.py:188} INFO - [2026-09-08T07:30:37.387+0000] {dag.py:3089} INFO - Sync 1 DAGs
[2026-09-08T07:30:37.437+0000] {logging_mixin.py:188} INFO - [2026-09-08T07:30:37.436+0000] {dag.py:3947} INFO - Setting next_dagrun for netflix_etl_pipeline to 2026-09-07 00:00:00+00:00, run_after=2026-09-08 00:00:00+00:00
[2026-09-08T07:30:37.484+0000] {processor.py:183} INFO - Processing /opt/airflow/dags/netflix_dag.py took 0.245 seconds
[2026-09-08T07:31:07.710+0000] {processor.py:161} INFO - Started process (PID=6921) to work on /opt/airflow/dags/netflix_dag.py
[2026-09-08T07:31:07.711+0000] {processor.py:830} INFO - Processing file /opt/airflow/dags/netflix_dag.py for tasks to queue
[2026-09-08T07:31:07.714+0000] {logging_mixin.py:188} INFO - [2026-09-08T07:31:07.714+0000] {dagbag.py:545} INFO - Filling up the DagBag from /opt/airflow/dags/netflix_dag.py
[2026-09-08T07:31:07.742+0000] {processor.py:840} INFO - DAG(s) 'netflix_etl_pipeline' retrieved from /opt/airflow/dags/netflix_dag.py
[2026-09-08T07:31:07.781+0000] {logging_mixin.py:188} INFO - [2026-09-08T07:31:07.780+0000] {dag.py:3089} INFO - Sync 1 DAGs
[2026-09-08T07:31:07.805+0000] {logging_mixin.py:188} INFO - [2026-09-08T07:31:07.804+0000] {dag.py:3947} INFO - Setting next_dagrun for netflix_etl_pipeline to 2026-09-07 00:00:00+00:00, run_after=2026-09-08 00:00:00+00:00
[2026-09-08T07:31:07.829+0000] {processor.py:183} INFO - Processing /opt/airflow/dags/netflix_dag.py took 0.126 seconds
[2026-09-08T07:31:37.916+0000] {processor.py:161} INFO - Started process (PID=6932) to work on /opt/airflow/dags/netflix_dag.py
[2026-09-08T07:31:37.919+0000] {processor.py:830} INFO - Processing file /opt/airflow/dags/netflix_dag.py for tasks to queue
[2026-09-08T07:31:37.922+0000] {logging_mixin.py:188} INFO - [2026-09-08T07:31:37.921+0000] {dagbag.py:545} INFO - Filling up the DagBag from /opt/airflow/dags/netflix_dag.py
[2026-09-08T07:31:37.948+0000] {processor.py:840} INFO - DAG(s) 'netflix_etl_pipeline' retrieved from /opt/airflow/dags/netflix_dag.py
[2026-09-08T07:31:37.988+0000] {logging_mixin.py:188} INFO - [2026-09-08T07:31:37.987+0000] {dag.py:3089} INFO - Sync 1 DAGs
[2026-09-08T07:31:38.011+0000] {logging_mixin.py:188} INFO - [2026-09-08T07:31:38.011+0000] {dag.py:3947} INFO - Setting next_dagrun for netflix_etl_pipeline to 2026-09-07 00:00:00+00:00, run_after=2026-09-08 00:00:00+00:00
[2026-09-08T07:31:38.035+0000] {processor.py:183} INFO - Processing /opt/airflow/dags/netflix_dag.py took 0.126 seconds
[2026-09-08T07:32:08.323+0000] {processor.py:161} INFO - Started process (PID=6949) to work on /opt/airflow/dags/netflix_dag.py
[2026-09-08T07:32:08.326+0000] {processor.py:830} INFO - Processing file /opt/airflow/dags/netflix_dag.py for tasks to queue
[2026-09-08T07:32:08.333+0000] {logging_mixin.py:188} INFO - [2026-09-08T07:32:08.332+0000] {dagbag.py:545} INFO - Filling up the DagBag from /opt/airflow/dags/netflix_dag.py
[2026-09-08T07:32:08.384+0000] {processor.py:840} INFO - DAG(s) 'netflix_etl_pipeline' retrieved from /opt/airflow/dags/netflix_dag.py
[2026-09-08T07:32:08.463+0000] {logging_mixin.py:188} INFO - [2026-09-08T07:32:08.462+0000] {dag.py:3089} INFO - Sync 1 DAGs
[2026-09-08T07:32:08.515+0000] {logging_mixin.py:188} INFO - [2026-09-08T07:32:08.515+0000] {dag.py:3947} INFO - Setting next_dagrun for netflix_etl_pipeline to 2026-09-07 00:00:00+00:00, run_after=2026-09-08 00:00:00+00:00
[2026-09-08T07:32:08.559+0000] {processor.py:183} INFO - Processing /opt/airflow/dags/netflix_dag.py took 0.251 seconds
[2026-09-08T07:32:38.801+0000] {processor.py:161} INFO - Started process (PID=6960) to work on /opt/airflow/dags/netflix_dag.py
[2026-09-08T07:32:38.803+0000] {processor.py:830} INFO - Processing file /opt/airflow/dags/netflix_dag.py for tasks to queue
[2026-09-08T07:32:38.806+0000] {logging_mixin.py:188} INFO - [2026-09-08T07:32:38.805+0000] {dagbag.py:545} INFO - Filling up the DagBag from /opt/airflow/dags/netflix_dag.py
[2026-09-08T07:32:38.832+0000] {processor.py:840} INFO - DAG(s) 'netflix_etl_pipeline' retrieved from /opt/airflow/dags/netflix_dag.py
[2026-09-08T07:32:38.870+0000] {logging_mixin.py:188} INFO - [2026-09-08T07:32:38.870+0000] {dag.py:3089} INFO - Sync 1 DAGs
[2026-09-08T07:32:38.893+0000] {logging_mixin.py:188} INFO - [2026-09-08T07:32:38.893+0000] {dag.py:3947} INFO - Setting next_dagrun for netflix_etl_pipeline to 2026-09-07 00:00:00+00:00, run_after=2026-09-08 00:00:00+00:00
[2026-09-08T07:32:38.916+0000] {processor.py:183} INFO - Processing /opt/airflow/dags/netflix_dag.py took 0.122 seconds
[2026-09-08T07:33:09.012+0000] {processor.py:161} INFO - Started process (PID=6971) to work on /opt/airflow/dags/netflix_dag.py
[2026-09-08T07:33:09.014+0000] {processor.py:830} INFO - Processing file /opt/airflow/dags/netflix_dag.py for tasks to queue
[2026-09-08T07:33:09.017+0000] {logging_mixin.py:188} INFO - [2026-09-08T07:33:09.016+0000] {dagbag.py:545} INFO - Filling up the DagBag from /opt/airflow/dags/netflix_dag.py
[2026-09-08T07:33:09.045+0000] {processor.py:840} INFO - DAG(s) 'netflix_etl_pipeline' retrieved from /opt/airflow/dags/netflix_dag.py
[2026-09-08T07:33:09.083+0000] {logging_mixin.py:188} INFO - [2026-09-08T07:33:09.082+0000] {dag.py:3089} INFO - Sync 1 DAGs
[2026-09-08T07:33:09.108+0000] {logging_mixin.py:188} INFO - [2026-09-08T07:33:09.108+0000] {dag.py:3947} INFO - Setting next_dagrun for netflix_etl_pipeline to 2026-09-07 00:00:00+00:00, run_after=2026-09-08 00:00:00+00:00
[2026-09-08T07:33:09.131+0000] {processor.py:183} INFO - Processing /opt/airflow/dags/netflix_dag.py took 0.129 seconds
[2026-09-08T07:33:39.342+0000] {processor.py:161} INFO - Started process (PID=6982) to work on /opt/airflow/dags/netflix_dag.py
[2026-09-08T07:33:39.344+0000] {processor.py:830} INFO - Processing file /opt/airflow/dags/netflix_dag.py for tasks to queue
[2026-09-08T07:33:39.347+0000] {logging_mixin.py:188} INFO - [2026-09-08T07:33:39.346+0000] {dagbag.py:545} INFO - Filling up the DagBag from /opt/airflow/dags/netflix_dag.py
[2026-09-08T07:33:39.374+0000] {processor.py:840} INFO - DAG(s) 'netflix_etl_pipeline' retrieved from /opt/airflow/dags/netflix_dag.py
[2026-09-08T07:33:39.409+0000] {logging_mixin.py:188} INFO - [2026-09-08T07:33:39.408+0000] {dag.py:3089} INFO - Sync 1 DAGs
[2026-09-08T07:33:39.430+0000] {logging_mixin.py:188} INFO - [2026-09-08T07:33:39.430+0000] {dag.py:3947} INFO - Setting next_dagrun for netflix_etl_pipeline to 2026-09-07 00:00:00+00:00, run_after=2026-09-08 00:00:00+00:00
[2026-09-08T07:33:39.453+0000] {processor.py:183} INFO - Processing /opt/airflow/dags/netflix_dag.py took 0.116 seconds
[2026-09-08T07:34:09.615+0000] {processor.py:161} INFO - Started process (PID=6993) to work on /opt/airflow/dags/netflix_dag.py
[2026-09-08T07:34:09.618+0000] {processor.py:830} INFO - Processing file /opt/airflow/dags/netflix_dag.py for tasks to queue
[2026-09-08T07:34:09.624+0000] {logging_mixin.py:188} INFO - [2026-09-08T07:34:09.623+0000] {dagbag.py:545} INFO - Filling up the DagBag from /opt/airflow/dags/netflix_dag.py
[2026-09-08T07:34:09.676+0000] {processor.py:840} INFO - DAG(s) 'netflix_etl_pipeline' retrieved from /opt/airflow/dags/netflix_dag.py
[2026-09-08T07:34:09.750+0000] {logging_mixin.py:188} INFO - [2026-09-08T07:34:09.749+0000] {dag.py:3089} INFO - Sync 1 DAGs
[2026-09-08T07:34:09.803+0000] {logging_mixin.py:188} INFO - [2026-09-08T07:34:09.803+0000] {dag.py:3947} INFO - Setting next_dagrun for netflix_etl_pipeline to 2026-09-07 00:00:00+00:00, run_after=2026-09-08 00:00:00+00:00
[2026-09-08T07:34:09.846+0000] {processor.py:183} INFO - Processing /opt/airflow/dags/netflix_dag.py took 0.248 seconds
[2026-09-08T07:34:39.993+0000] {processor.py:161} INFO - Started process (PID=7004) to work on /opt/airflow/dags/netflix_dag.py
[2026-09-08T07:34:39.996+0000] {processor.py:830} INFO - Processing file /opt/airflow/dags/netflix_dag.py for tasks to queue
[2026-09-08T07:34:40.002+0000] {logging_mixin.py:188} INFO - [2026-09-08T07:34:40.001+0000] {dagbag.py:545} INFO - Filling up the DagBag from /opt/airflow/dags/netflix_dag.py
[2026-09-08T07:34:40.041+0000] {processor.py:840} INFO - DAG(s) 'netflix_etl_pipeline' retrieved from /opt/airflow/dags/netflix_dag.py
[2026-09-08T07:34:40.079+0000] {logging_mixin.py:188} INFO - [2026-09-08T07:34:40.079+0000] {dag.py:3089} INFO - Sync 1 DAGs
[2026-09-08T07:34:40.104+0000] {logging_mixin.py:188} INFO - [2026-09-08T07:34:40.103+0000] {dag.py:3947} INFO - Setting next_dagrun for netflix_etl_pipeline to 2026-09-07 00:00:00+00:00, run_after=2026-09-08 00:00:00+00:00
[2026-09-08T07:34:40.140+0000] {processor.py:183} INFO - Processing /opt/airflow/dags/netflix_dag.py took 0.159 seconds
[2026-09-08T07:35:10.291+0000] {processor.py:161} INFO - Started process (PID=7015) to work on /opt/airflow/dags/netflix_dag.py
[2026-09-08T07:35:10.293+0000] {processor.py:830} INFO - Processing file /opt/airflow/dags/netflix_dag.py for tasks to queue
[2026-09-08T07:35:10.296+0000] {logging_mixin.py:188} INFO - [2026-09-08T07:35:10.296+0000] {dagbag.py:545} INFO - Filling up the DagBag from /opt/airflow/dags/netflix_dag.py
[2026-09-08T07:35:10.324+0000] {processor.py:840} INFO - DAG(s) 'netflix_etl_pipeline' retrieved from /opt/airflow/dags/netflix_dag.py
[2026-09-08T07:35:10.375+0000] {logging_mixin.py:188} INFO - [2026-09-08T07:35:10.375+0000] {dag.py:3089} INFO - Sync 1 DAGs
[2026-09-08T07:35:10.406+0000] {logging_mixin.py:188} INFO - [2026-09-08T07:35:10.405+0000] {dag.py:3947} INFO - Setting next_dagrun for netflix_etl_pipeline to 2026-09-07 00:00:00+00:00, run_after=2026-09-08 00:00:00+00:00
[2026-09-08T07:35:10.433+0000] {processor.py:183} INFO - Processing /opt/airflow/dags/netflix_dag.py took 0.150 seconds
[2026-09-08T07:35:40.602+0000] {processor.py:161} INFO - Started process (PID=7026) to work on /opt/airflow/dags/netflix_dag.py
[2026-09-08T07:35:40.609+0000] {processor.py:830} INFO - Processing file /opt/airflow/dags/netflix_dag.py for tasks to queue
[2026-09-08T07:35:40.620+0000] {logging_mixin.py:188} INFO - [2026-09-08T07:35:40.619+0000] {dagbag.py:545} INFO - Filling up the DagBag from /opt/airflow/dags/netflix_dag.py
[2026-09-08T07:35:40.679+0000] {processor.py:840} INFO - DAG(s) 'netflix_etl_pipeline' retrieved from /opt/airflow/dags/netflix_dag.py
[2026-09-08T07:35:40.771+0000] {logging_mixin.py:188} INFO - [2026-09-08T07:35:40.770+0000] {dag.py:3089} INFO - Sync 1 DAGs
[2026-09-08T07:35:40.826+0000] {logging_mixin.py:188} INFO - [2026-09-08T07:35:40.825+0000] {dag.py:3947} INFO - Setting next_dagrun for netflix_etl_pipeline to 2026-09-07 00:00:00+00:00, run_after=2026-09-08 00:00:00+00:00
[2026-09-08T07:35:40.869+0000] {processor.py:183} INFO - Processing /opt/airflow/dags/netflix_dag.py took 0.285 seconds
[2026-09-08T07:36:11.142+0000] {processor.py:161} INFO - Started process (PID=7038) to work on /opt/airflow/dags/netflix_dag.py
[2026-09-08T07:36:11.144+0000] {processor.py:830} INFO - Processing file /opt/airflow/dags/netflix_dag.py for tasks to queue
[2026-09-08T07:36:11.147+0000] {logging_mixin.py:188} INFO - [2026-09-08T07:36:11.146+0000] {dagbag.py:545} INFO - Filling up the DagBag from /opt/airflow/dags/netflix_dag.py
[2026-09-08T07:36:11.170+0000] {processor.py:840} INFO - DAG(s) 'netflix_etl_pipeline' retrieved from /opt/airflow/dags/netflix_dag.py
[2026-09-08T07:36:11.206+0000] {logging_mixin.py:188} INFO - [2026-09-08T07:36:11.205+0000] {dag.py:3089} INFO - Sync 1 DAGs
[2026-09-08T07:36:11.229+0000] {logging_mixin.py:188} INFO - [2026-09-08T07:36:11.229+0000] {dag.py:3947} INFO - Setting next_dagrun for netflix_etl_pipeline to 2026-09-07 00:00:00+00:00, run_after=2026-09-08 00:00:00+00:00
[2026-09-08T07:36:11.251+0000] {processor.py:183} INFO - Processing /opt/airflow/dags/netflix_dag.py took 0.116 seconds
[2026-09-08T07:36:41.352+0000] {processor.py:161} INFO - Started process (PID=7049) to work on /opt/airflow/dags/netflix_dag.py
[2026-09-08T07:36:41.354+0000] {processor.py:830} INFO - Processing file /opt/airflow/dags/netflix_dag.py for tasks to queue
[2026-09-08T07:36:41.358+0000] {logging_mixin.py:188} INFO - [2026-09-08T07:36:41.357+0000] {dagbag.py:545} INFO - Filling up the DagBag from /opt/airflow/dags/netflix_dag.py
[2026-09-08T07:36:41.387+0000] {processor.py:840} INFO - DAG(s) 'netflix_etl_pipeline' retrieved from /opt/airflow/dags/netflix_dag.py
[2026-09-08T07:36:41.427+0000] {logging_mixin.py:188} INFO - [2026-09-08T07:36:41.427+0000] {dag.py:3089} INFO - Sync 1 DAGs
[2026-09-08T07:36:41.450+0000] {logging_mixin.py:188} INFO - [2026-09-08T07:36:41.450+0000] {dag.py:3947} INFO - Setting next_dagrun for netflix_etl_pipeline to 2026-09-07 00:00:00+00:00, run_after=2026-09-08 00:00:00+00:00
[2026-09-08T07:36:41.476+0000] {processor.py:183} INFO - Processing /opt/airflow/dags/netflix_dag.py took 0.132 seconds
[2026-09-08T07:37:11.695+0000] {processor.py:161} INFO - Started process (PID=7060) to work on /opt/airflow/dags/netflix_dag.py
[2026-09-08T07:37:11.696+0000] {processor.py:830} INFO - Processing file /opt/airflow/dags/netflix_dag.py for tasks to queue
[2026-09-08T07:37:11.699+0000] {logging_mixin.py:188} INFO - [2026-09-08T07:37:11.699+0000] {dagbag.py:545} INFO - Filling up the DagBag from /opt/airflow/dags/netflix_dag.py
[2026-09-08T07:37:11.725+0000] {processor.py:840} INFO - DAG(s) 'netflix_etl_pipeline' retrieved from /opt/airflow/dags/netflix_dag.py
[2026-09-08T07:37:11.761+0000] {logging_mixin.py:188} INFO - [2026-09-08T07:37:11.761+0000] {dag.py:3089} INFO - Sync 1 DAGs
[2026-09-08T07:37:11.785+0000] {logging_mixin.py:188} INFO - [2026-09-08T07:37:11.784+0000] {dag.py:3947} INFO - Setting next_dagrun for netflix_etl_pipeline to 2026-09-07 00:00:00+00:00, run_after=2026-09-08 00:00:00+00:00
[2026-09-08T07:37:11.809+0000] {processor.py:183} INFO - Processing /opt/airflow/dags/netflix_dag.py took 0.120 seconds
[2026-09-08T07:37:41.934+0000] {processor.py:161} INFO - Started process (PID=7071) to work on /opt/airflow/dags/netflix_dag.py
[2026-09-08T07:37:41.936+0000] {processor.py:830} INFO - Processing file /opt/airflow/dags/netflix_dag.py for tasks to queue
[2026-09-08T07:37:41.939+0000] {logging_mixin.py:188} INFO - [2026-09-08T07:37:41.939+0000] {dagbag.py:545} INFO - Filling up the DagBag from /opt/airflow/dags/netflix_dag.py
[2026-09-08T07:37:41.967+0000] {processor.py:840} INFO - DAG(s) 'netflix_etl_pipeline' retrieved from /opt/airflow/dags/netflix_dag.py
[2026-09-08T07:37:42.009+0000] {logging_mixin.py:188} INFO - [2026-09-08T07:37:42.008+0000] {dag.py:3089} INFO - Sync 1 DAGs
[2026-09-08T07:37:42.035+0000] {logging_mixin.py:188} INFO - [2026-09-08T07:37:42.035+0000] {dag.py:3947} INFO - Setting next_dagrun for netflix_etl_pipeline to 2026-09-07 00:00:00+00:00, run_after=2026-09-08 00:00:00+00:00
[2026-09-08T07:37:42.058+0000] {processor.py:183} INFO - Processing /opt/airflow/dags/netflix_dag.py took 0.132 seconds
[2026-09-08T07:38:12.281+0000] {processor.py:161} INFO - Started process (PID=7082) to work on /opt/airflow/dags/netflix_dag.py
[2026-09-08T07:38:12.283+0000] {processor.py:830} INFO - Processing file /opt/airflow/dags/netflix_dag.py for tasks to queue
[2026-09-08T07:38:12.286+0000] {logging_mixin.py:188} INFO - [2026-09-08T07:38:12.286+0000] {dagbag.py:545} INFO - Filling up the DagBag from /opt/airflow/dags/netflix_dag.py
[2026-09-08T07:38:12.319+0000] {processor.py:840} INFO - DAG(s) 'netflix_etl_pipeline' retrieved from /opt/airflow/dags/netflix_dag.py
[2026-09-08T07:38:12.358+0000] {logging_mixin.py:188} INFO - [2026-09-08T07:38:12.358+0000] {dag.py:3089} INFO - Sync 1 DAGs
[2026-09-08T07:38:12.389+0000] {logging_mixin.py:188} INFO - [2026-09-08T07:38:12.388+0000] {dag.py:3947} INFO - Setting next_dagrun for netflix_etl_pipeline to 2026-09-07 00:00:00+00:00, run_after=2026-09-08 00:00:00+00:00
[2026-09-08T07:38:12.412+0000] {processor.py:183} INFO - Processing /opt/airflow/dags/netflix_dag.py took 0.141 seconds
[2026-09-08T07:38:42.489+0000] {processor.py:161} INFO - Started process (PID=7093) to work on /opt/airflow/dags/netflix_dag.py
[2026-09-08T07:38:42.491+0000] {processor.py:830} INFO - Processing file /opt/airflow/dags/netflix_dag.py for tasks to queue
[2026-09-08T07:38:42.494+0000] {logging_mixin.py:188} INFO - [2026-09-08T07:38:42.493+0000] {dagbag.py:545} INFO - Filling up the DagBag from /opt/airflow/dags/netflix_dag.py
[2026-09-08T07:38:42.520+0000] {processor.py:840} INFO - DAG(s) 'netflix_etl_pipeline' retrieved from /opt/airflow/dags/netflix_dag.py
[2026-09-08T07:38:42.559+0000] {logging_mixin.py:188} INFO - [2026-09-08T07:38:42.558+0000] {dag.py:3089} INFO - Sync 1 DAGs
[2026-09-08T07:38:42.581+0000] {logging_mixin.py:188} INFO - [2026-09-08T07:38:42.581+0000] {dag.py:3947} INFO - Setting next_dagrun for netflix_etl_pipeline to 2026-09-07 00:00:00+00:00, run_after=2026-09-08 00:00:00+00:00
[2026-09-08T07:38:42.605+0000] {processor.py:183} INFO - Processing /opt/airflow/dags/netflix_dag.py took 0.124 seconds
[2026-09-08T07:39:12.828+0000] {processor.py:161} INFO - Started process (PID=7104) to work on /opt/airflow/dags/netflix_dag.py
[2026-09-08T07:39:12.830+0000] {processor.py:830} INFO - Processing file /opt/airflow/dags/netflix_dag.py for tasks to queue
[2026-09-08T07:39:12.832+0000] {logging_mixin.py:188} INFO - [2026-09-08T07:39:12.832+0000] {dagbag.py:545} INFO - Filling up the DagBag from /opt/airflow/dags/netflix_dag.py
[2026-09-08T07:39:12.858+0000] {processor.py:840} INFO - DAG(s) 'netflix_etl_pipeline' retrieved from /opt/airflow/dags/netflix_dag.py
[2026-09-08T07:39:12.892+0000] {logging_mixin.py:188} INFO - [2026-09-08T07:39:12.892+0000] {dag.py:3089} INFO - Sync 1 DAGs
[2026-09-08T07:39:12.915+0000] {logging_mixin.py:188} INFO - [2026-09-08T07:39:12.914+0000] {dag.py:3947} INFO - Setting next_dagrun for netflix_etl_pipeline to 2026-09-07 00:00:00+00:00, run_after=2026-09-08 00:00:00+00:00
[2026-09-08T07:39:12.936+0000] {processor.py:183} INFO - Processing /opt/airflow/dags/netflix_dag.py took 0.114 seconds
[2026-09-08T07:39:43.054+0000] {processor.py:161} INFO - Started process (PID=7115) to work on /opt/airflow/dags/netflix_dag.py
[2026-09-08T07:39:43.056+0000] {processor.py:830} INFO - Processing file /opt/airflow/dags/netflix_dag.py for tasks to queue
[2026-09-08T07:39:43.059+0000] {logging_mixin.py:188} INFO - [2026-09-08T07:39:43.059+0000] {dagbag.py:545} INFO - Filling up the DagBag from /opt/airflow/dags/netflix_dag.py
[2026-09-08T07:39:43.085+0000] {processor.py:840} INFO - DAG(s) 'netflix_etl_pipeline' retrieved from /opt/airflow/dags/netflix_dag.py
[2026-09-08T07:39:43.124+0000] {logging_mixin.py:188} INFO - [2026-09-08T07:39:43.123+0000] {dag.py:3089} INFO - Sync 1 DAGs
[2026-09-08T07:39:43.146+0000] {logging_mixin.py:188} INFO - [2026-09-08T07:39:43.146+0000] {dag.py:3947} INFO - Setting next_dagrun for netflix_etl_pipeline to 2026-09-07 00:00:00+00:00, run_after=2026-09-08 00:00:00+00:00
[2026-09-08T07:39:43.169+0000] {processor.py:183} INFO - Processing /opt/airflow/dags/netflix_dag.py took 0.123 seconds
[2026-09-08T07:40:13.381+0000] {processor.py:161} INFO - Started process (PID=7126) to work on /opt/airflow/dags/netflix_dag.py
[2026-09-08T07:40:13.383+0000] {processor.py:830} INFO - Processing file /opt/airflow/dags/netflix_dag.py for tasks to queue
[2026-09-08T07:40:13.388+0000] {logging_mixin.py:188} INFO - [2026-09-08T07:40:13.387+0000] {dagbag.py:545} INFO - Filling up the DagBag from /opt/airflow/dags/netflix_dag.py
[2026-09-08T07:40:13.436+0000] {processor.py:840} INFO - DAG(s) 'netflix_etl_pipeline' retrieved from /opt/airflow/dags/netflix_dag.py
[2026-09-08T07:40:13.514+0000] {logging_mixin.py:188} INFO - [2026-09-08T07:40:13.514+0000] {dag.py:3089} INFO - Sync 1 DAGs
[2026-09-08T07:40:13.566+0000] {logging_mixin.py:188} INFO - [2026-09-08T07:40:13.566+0000] {dag.py:3947} INFO - Setting next_dagrun for netflix_etl_pipeline to 2026-09-07 00:00:00+00:00, run_after=2026-09-08 00:00:00+00:00
[2026-09-08T07:40:13.610+0000] {processor.py:183} INFO - Processing /opt/airflow/dags/netflix_dag.py took 0.243 seconds
[2026-09-08T07:40:43.889+0000] {processor.py:161} INFO - Started process (PID=7137) to work on /opt/airflow/dags/netflix_dag.py
[2026-09-08T07:40:43.892+0000] {processor.py:830} INFO - Processing file /opt/airflow/dags/netflix_dag.py for tasks to queue
[2026-09-08T07:40:43.898+0000] {logging_mixin.py:188} INFO - [2026-09-08T07:40:43.897+0000] {dagbag.py:545} INFO - Filling up the DagBag from /opt/airflow/dags/netflix_dag.py
[2026-09-08T07:40:43.951+0000] {processor.py:840} INFO - DAG(s) 'netflix_etl_pipeline' retrieved from /opt/airflow/dags/netflix_dag.py
[2026-09-08T07:40:44.042+0000] {logging_mixin.py:188} INFO - [2026-09-08T07:40:44.042+0000] {dag.py:3089} INFO - Sync 1 DAGs
[2026-09-08T07:40:44.109+0000] {logging_mixin.py:188} INFO - [2026-09-08T07:40:44.109+0000] {dag.py:3947} INFO - Setting next_dagrun for netflix_etl_pipeline to 2026-09-07 00:00:00+00:00, run_after=2026-09-08 00:00:00+00:00
[2026-09-08T07:40:44.154+0000] {processor.py:183} INFO - Processing /opt/airflow/dags/netflix_dag.py took 0.282 seconds
[2026-09-08T07:41:14.412+0000] {processor.py:161} INFO - Started process (PID=7149) to work on /opt/airflow/dags/netflix_dag.py
[2026-09-08T07:41:14.414+0000] {processor.py:830} INFO - Processing file /opt/airflow/dags/netflix_dag.py for tasks to queue
[2026-09-08T07:41:14.416+0000] {logging_mixin.py:188} INFO - [2026-09-08T07:41:14.416+0000] {dagbag.py:545} INFO - Filling up the DagBag from /opt/airflow/dags/netflix_dag.py
[2026-09-08T07:41:14.443+0000] {processor.py:840} INFO - DAG(s) 'netflix_etl_pipeline' retrieved from /opt/airflow/dags/netflix_dag.py
[2026-09-08T07:41:14.482+0000] {logging_mixin.py:188} INFO - [2026-09-08T07:41:14.481+0000] {dag.py:3089} INFO - Sync 1 DAGs
[2026-09-08T07:41:14.505+0000] {logging_mixin.py:188} INFO - [2026-09-08T07:41:14.504+0000] {dag.py:3947} INFO - Setting next_dagrun for netflix_etl_pipeline to 2026-09-07 00:00:00+00:00, run_after=2026-09-08 00:00:00+00:00
[2026-09-08T07:41:14.529+0000] {processor.py:183} INFO - Processing /opt/airflow/dags/netflix_dag.py took 0.125 seconds
[2026-09-08T07:41:44.605+0000] {processor.py:161} INFO - Started process (PID=7160) to work on /opt/airflow/dags/netflix_dag.py
[2026-09-08T07:41:44.607+0000] {processor.py:830} INFO - Processing file /opt/airflow/dags/netflix_dag.py for tasks to queue
[2026-09-08T07:41:44.610+0000] {logging_mixin.py:188} INFO - [2026-09-08T07:41:44.610+0000] {dagbag.py:545} INFO - Filling up the DagBag from /opt/airflow/dags/netflix_dag.py
[2026-09-08T07:41:44.638+0000] {processor.py:840} INFO - DAG(s) 'netflix_etl_pipeline' retrieved from /opt/airflow/dags/netflix_dag.py
[2026-09-08T07:41:44.675+0000] {logging_mixin.py:188} INFO - [2026-09-08T07:41:44.675+0000] {dag.py:3089} INFO - Sync 1 DAGs
[2026-09-08T07:41:44.700+0000] {logging_mixin.py:188} INFO - [2026-09-08T07:41:44.700+0000] {dag.py:3947} INFO - Setting next_dagrun for netflix_etl_pipeline to 2026-09-07 00:00:00+00:00, run_after=2026-09-08 00:00:00+00:00
[2026-09-08T07:41:44.722+0000] {processor.py:183} INFO - Processing /opt/airflow/dags/netflix_dag.py took 0.125 seconds
[2026-09-08T07:42:14.993+0000] {processor.py:161} INFO - Started process (PID=7171) to work on /opt/airflow/dags/netflix_dag.py
[2026-09-08T07:42:14.996+0000] {processor.py:830} INFO - Processing file /opt/airflow/dags/netflix_dag.py for tasks to queue
[2026-09-08T07:42:15.000+0000] {logging_mixin.py:188} INFO - [2026-09-08T07:42:15.000+0000] {dagbag.py:545} INFO - Filling up the DagBag from /opt/airflow/dags/netflix_dag.py
[2026-09-08T07:42:15.050+0000] {processor.py:840} INFO - DAG(s) 'netflix_etl_pipeline' retrieved from /opt/airflow/dags/netflix_dag.py
[2026-09-08T07:42:15.117+0000] {logging_mixin.py:188} INFO - [2026-09-08T07:42:15.117+0000] {dag.py:3089} INFO - Sync 1 DAGs
[2026-09-08T07:42:15.174+0000] {logging_mixin.py:188} INFO - [2026-09-08T07:42:15.174+0000] {dag.py:3947} INFO - Setting next_dagrun for netflix_etl_pipeline to 2026-09-07 00:00:00+00:00, run_after=2026-09-08 00:00:00+00:00
[2026-09-08T07:42:15.220+0000] {processor.py:183} INFO - Processing /opt/airflow/dags/netflix_dag.py took 0.239 seconds
[2026-09-08T07:42:45.497+0000] {processor.py:161} INFO - Started process (PID=7182) to work on /opt/airflow/dags/netflix_dag.py
[2026-09-08T07:42:45.501+0000] {processor.py:830} INFO - Processing file /opt/airflow/dags/netflix_dag.py for tasks to queue
[2026-09-08T07:42:45.506+0000] {logging_mixin.py:188} INFO - [2026-09-08T07:42:45.505+0000] {dagbag.py:545} INFO - Filling up the DagBag from /opt/airflow/dags/netflix_dag.py
[2026-09-08T07:42:45.558+0000] {processor.py:840} INFO - DAG(s) 'netflix_etl_pipeline' retrieved from /opt/airflow/dags/netflix_dag.py
[2026-09-08T07:42:45.635+0000] {logging_mixin.py:188} INFO - [2026-09-08T07:42:45.634+0000] {dag.py:3089} INFO - Sync 1 DAGs
[2026-09-08T07:42:45.683+0000] {logging_mixin.py:188} INFO - [2026-09-08T07:42:45.682+0000] {dag.py:3947} INFO - Setting next_dagrun for netflix_etl_pipeline to 2026-09-07 00:00:00+00:00, run_after=2026-09-08 00:00:00+00:00
[2026-09-08T07:42:45.726+0000] {processor.py:183} INFO - Processing /opt/airflow/dags/netflix_dag.py took 0.244 seconds
[2026-09-08T07:43:15.973+0000] {processor.py:161} INFO - Started process (PID=7193) to work on /opt/airflow/dags/netflix_dag.py
[2026-09-08T07:43:15.975+0000] {processor.py:830} INFO - Processing file /opt/airflow/dags/netflix_dag.py for tasks to queue
[2026-09-08T07:43:15.977+0000] {logging_mixin.py:188} INFO - [2026-09-08T07:43:15.977+0000] {dagbag.py:545} INFO - Filling up the DagBag from /opt/airflow/dags/netflix_dag.py
[2026-09-08T07:43:16.005+0000] {processor.py:840} INFO - DAG(s) 'netflix_etl_pipeline' retrieved from /opt/airflow/dags/netflix_dag.py
[2026-09-08T07:43:16.044+0000] {logging_mixin.py:188} INFO - [2026-09-08T07:43:16.044+0000] {dag.py:3089} INFO - Sync 1 DAGs
[2026-09-08T07:43:16.067+0000] {logging_mixin.py:188} INFO - [2026-09-08T07:43:16.067+0000] {dag.py:3947} INFO - Setting next_dagrun for netflix_etl_pipeline to 2026-09-07 00:00:00+00:00, run_after=2026-09-08 00:00:00+00:00
[2026-09-08T07:43:16.091+0000] {processor.py:183} INFO - Processing /opt/airflow/dags/netflix_dag.py took 0.125 seconds
[2026-09-08T07:43:46.192+0000] {processor.py:161} INFO - Started process (PID=7204) to work on /opt/airflow/dags/netflix_dag.py
[2026-09-08T07:43:46.194+0000] {processor.py:830} INFO - Processing file /opt/airflow/dags/netflix_dag.py for tasks to queue
[2026-09-08T07:43:46.198+0000] {logging_mixin.py:188} INFO - [2026-09-08T07:43:46.197+0000] {dagbag.py:545} INFO - Filling up the DagBag from /opt/airflow/dags/netflix_dag.py
[2026-09-08T07:43:46.225+0000] {processor.py:840} INFO - DAG(s) 'netflix_etl_pipeline' retrieved from /opt/airflow/dags/netflix_dag.py
[2026-09-08T07:43:46.264+0000] {logging_mixin.py:188} INFO - [2026-09-08T07:43:46.264+0000] {dag.py:3089} INFO - Sync 1 DAGs
[2026-09-08T07:43:46.289+0000] {logging_mixin.py:188} INFO - [2026-09-08T07:43:46.289+0000] {dag.py:3947} INFO - Setting next_dagrun for netflix_etl_pipeline to 2026-09-07 00:00:00+00:00, run_after=2026-09-08 00:00:00+00:00
[2026-09-08T07:43:46.313+0000] {processor.py:183} INFO - Processing /opt/airflow/dags/netflix_dag.py took 0.129 seconds
[2026-09-08T07:44:16.530+0000] {processor.py:161} INFO - Started process (PID=7215) to work on /opt/airflow/dags/netflix_dag.py
[2026-09-08T07:44:16.532+0000] {processor.py:830} INFO - Processing file /opt/airflow/dags/netflix_dag.py for tasks to queue
[2026-09-08T07:44:16.535+0000] {logging_mixin.py:188} INFO - [2026-09-08T07:44:16.535+0000] {dagbag.py:545} INFO - Filling up the DagBag from /opt/airflow/dags/netflix_dag.py
[2026-09-08T07:44:16.564+0000] {processor.py:840} INFO - DAG(s) 'netflix_etl_pipeline' retrieved from /opt/airflow/dags/netflix_dag.py
[2026-09-08T07:44:16.601+0000] {logging_mixin.py:188} INFO - [2026-09-08T07:44:16.601+0000] {dag.py:3089} INFO - Sync 1 DAGs
[2026-09-08T07:44:16.624+0000] {logging_mixin.py:188} INFO - [2026-09-08T07:44:16.624+0000] {dag.py:3947} INFO - Setting next_dagrun for netflix_etl_pipeline to 2026-09-07 00:00:00+00:00, run_after=2026-09-08 00:00:00+00:00
[2026-09-08T07:44:16.650+0000] {processor.py:183} INFO - Processing /opt/airflow/dags/netflix_dag.py took 0.127 seconds
[2026-09-08T07:44:46.783+0000] {processor.py:161} INFO - Started process (PID=7226) to work on /opt/airflow/dags/netflix_dag.py
[2026-09-08T07:44:46.785+0000] {processor.py:830} INFO - Processing file /opt/airflow/dags/netflix_dag.py for tasks to queue
[2026-09-08T07:44:46.788+0000] {logging_mixin.py:188} INFO - [2026-09-08T07:44:46.788+0000] {dagbag.py:545} INFO - Filling up the DagBag from /opt/airflow/dags/netflix_dag.py
[2026-09-08T07:44:46.818+0000] {processor.py:840} INFO - DAG(s) 'netflix_etl_pipeline' retrieved from /opt/airflow/dags/netflix_dag.py
[2026-09-08T07:44:46.857+0000] {logging_mixin.py:188} INFO - [2026-09-08T07:44:46.857+0000] {dag.py:3089} INFO - Sync 1 DAGs
[2026-09-08T07:44:46.880+0000] {logging_mixin.py:188} INFO - [2026-09-08T07:44:46.880+0000] {dag.py:3947} INFO - Setting next_dagrun for netflix_etl_pipeline to 2026-09-07 00:00:00+00:00, run_after=2026-09-08 00:00:00+00:00
[2026-09-08T07:44:46.903+0000] {processor.py:183} INFO - Processing /opt/airflow/dags/netflix_dag.py took 0.129 seconds
[2026-09-08T07:45:17.124+0000] {processor.py:161} INFO - Started process (PID=7237) to work on /opt/airflow/dags/netflix_dag.py
[2026-09-08T07:45:17.127+0000] {processor.py:830} INFO - Processing file /opt/airflow/dags/netflix_dag.py for tasks to queue
[2026-09-08T07:45:17.133+0000] {logging_mixin.py:188} INFO - [2026-09-08T07:45:17.132+0000] {dagbag.py:545} INFO - Filling up the DagBag from /opt/airflow/dags/netflix_dag.py
[2026-09-08T07:45:17.182+0000] {processor.py:840} INFO - DAG(s) 'netflix_etl_pipeline' retrieved from /opt/airflow/dags/netflix_dag.py
[2026-09-08T07:45:17.260+0000] {logging_mixin.py:188} INFO - [2026-09-08T07:45:17.259+0000] {dag.py:3089} INFO - Sync 1 DAGs
[2026-09-08T07:45:17.314+0000] {logging_mixin.py:188} INFO - [2026-09-08T07:45:17.314+0000] {dag.py:3947} INFO - Setting next_dagrun for netflix_etl_pipeline to 2026-09-07 00:00:00+00:00, run_after=2026-09-08 00:00:00+00:00
[2026-09-08T07:45:17.358+0000] {processor.py:183} INFO - Processing /opt/airflow/dags/netflix_dag.py took 0.249 seconds
[2026-09-08T07:45:47.637+0000] {processor.py:161} INFO - Started process (PID=7248) to work on /opt/airflow/dags/netflix_dag.py
[2026-09-08T07:45:47.640+0000] {processor.py:830} INFO - Processing file /opt/airflow/dags/netflix_dag.py for tasks to queue
[2026-09-08T07:45:47.646+0000] {logging_mixin.py:188} INFO - [2026-09-08T07:45:47.645+0000] {dagbag.py:545} INFO - Filling up the DagBag from /opt/airflow/dags/netflix_dag.py
[2026-09-08T07:45:47.699+0000] {processor.py:840} INFO - DAG(s) 'netflix_etl_pipeline' retrieved from /opt/airflow/dags/netflix_dag.py
[2026-09-08T07:45:47.778+0000] {logging_mixin.py:188} INFO - [2026-09-08T07:45:47.777+0000] {dag.py:3089} INFO - Sync 1 DAGs
[2026-09-08T07:45:47.829+0000] {logging_mixin.py:188} INFO - [2026-09-08T07:45:47.829+0000] {dag.py:3947} INFO - Setting next_dagrun for netflix_etl_pipeline to 2026-09-07 00:00:00+00:00, run_after=2026-09-08 00:00:00+00:00
[2026-09-08T07:45:47.873+0000] {processor.py:183} INFO - Processing /opt/airflow/dags/netflix_dag.py took 0.251 seconds
[2026-09-08T07:46:18.151+0000] {processor.py:161} INFO - Started process (PID=7259) to work on /opt/airflow/dags/netflix_dag.py
[2026-09-08T07:46:18.154+0000] {processor.py:830} INFO - Processing file /opt/airflow/dags/netflix_dag.py for tasks to queue
[2026-09-08T07:46:18.158+0000] {logging_mixin.py:188} INFO - [2026-09-08T07:46:18.158+0000] {dagbag.py:545} INFO - Filling up the DagBag from /opt/airflow/dags/netflix_dag.py
[2026-09-08T07:46:18.191+0000] {processor.py:840} INFO - DAG(s) 'netflix_etl_pipeline' retrieved from /opt/airflow/dags/netflix_dag.py
[2026-09-08T07:46:18.236+0000] {logging_mixin.py:188} INFO - [2026-09-08T07:46:18.236+0000] {dag.py:3089} INFO - Sync 1 DAGs
[2026-09-08T07:46:18.262+0000] {logging_mixin.py:188} INFO - [2026-09-08T07:46:18.262+0000] {dag.py:3947} INFO - Setting next_dagrun for netflix_etl_pipeline to 2026-09-07 00:00:00+00:00, run_after=2026-09-08 00:00:00+00:00
[2026-09-08T07:46:18.290+0000] {processor.py:183} INFO - Processing /opt/airflow/dags/netflix_dag.py took 0.152 seconds
[2026-09-08T07:46:48.438+0000] {processor.py:161} INFO - Started process (PID=7270) to work on /opt/airflow/dags/netflix_dag.py
[2026-09-08T07:46:48.441+0000] {processor.py:830} INFO - Processing file /opt/airflow/dags/netflix_dag.py for tasks to queue
[2026-09-08T07:46:48.449+0000] {logging_mixin.py:188} INFO - [2026-09-08T07:46:48.448+0000] {dagbag.py:545} INFO - Filling up the DagBag from /opt/airflow/dags/netflix_dag.py
[2026-09-08T07:46:48.507+0000] {processor.py:840} INFO - DAG(s) 'netflix_etl_pipeline' retrieved from /opt/airflow/dags/netflix_dag.py
[2026-09-08T07:46:48.588+0000] {logging_mixin.py:188} INFO - [2026-09-08T07:46:48.587+0000] {dag.py:3089} INFO - Sync 1 DAGs
[2026-09-08T07:46:48.646+0000] {logging_mixin.py:188} INFO - [2026-09-08T07:46:48.646+0000] {dag.py:3947} INFO - Setting next_dagrun for netflix_etl_pipeline to 2026-09-07 00:00:00+00:00, run_after=2026-09-08 00:00:00+00:00
[2026-09-08T07:46:48.694+0000] {processor.py:183} INFO - Processing /opt/airflow/dags/netflix_dag.py took 0.272 seconds
[2026-09-08T07:47:18.832+0000] {processor.py:161} INFO - Started process (PID=7281) to work on /opt/airflow/dags/netflix_dag.py
[2026-09-08T07:47:18.836+0000] {processor.py:830} INFO - Processing file /opt/airflow/dags/netflix_dag.py for tasks to queue
[2026-09-08T07:47:18.845+0000] {logging_mixin.py:188} INFO - [2026-09-08T07:47:18.844+0000] {dagbag.py:545} INFO - Filling up the DagBag from /opt/airflow/dags/netflix_dag.py
[2026-09-08T07:47:18.896+0000] {processor.py:840} INFO - DAG(s) 'netflix_etl_pipeline' retrieved from /opt/airflow/dags/netflix_dag.py
[2026-09-08T07:47:18.976+0000] {logging_mixin.py:188} INFO - [2026-09-08T07:47:18.976+0000] {dag.py:3089} INFO - Sync 1 DAGs
[2026-09-08T07:47:19.034+0000] {logging_mixin.py:188} INFO - [2026-09-08T07:47:19.034+0000] {dag.py:3947} INFO - Setting next_dagrun for netflix_etl_pipeline to 2026-09-07 00:00:00+00:00, run_after=2026-09-08 00:00:00+00:00
[2026-09-08T07:47:19.082+0000] {processor.py:183} INFO - Processing /opt/airflow/dags/netflix_dag.py took 0.272 seconds
[2026-09-08T07:47:49.164+0000] {processor.py:161} INFO - Started process (PID=7292) to work on /opt/airflow/dags/netflix_dag.py
[2026-09-08T07:47:49.166+0000] {processor.py:830} INFO - Processing file /opt/airflow/dags/netflix_dag.py for tasks to queue
[2026-09-08T07:47:49.169+0000] {logging_mixin.py:188} INFO - [2026-09-08T07:47:49.169+0000] {dagbag.py:545} INFO - Filling up the DagBag from /opt/airflow/dags/netflix_dag.py
[2026-09-08T07:47:49.198+0000] {processor.py:840} INFO - DAG(s) 'netflix_etl_pipeline' retrieved from /opt/airflow/dags/netflix_dag.py
[2026-09-08T07:47:49.243+0000] {logging_mixin.py:188} INFO - [2026-09-08T07:47:49.243+0000] {dag.py:3089} INFO - Sync 1 DAGs
[2026-09-08T07:47:49.271+0000] {logging_mixin.py:188} INFO - [2026-09-08T07:47:49.270+0000] {dag.py:3947} INFO - Setting next_dagrun for netflix_etl_pipeline to 2026-09-07 00:00:00+00:00, run_after=2026-09-08 00:00:00+00:00
[2026-09-08T07:47:49.299+0000] {processor.py:183} INFO - Processing /opt/airflow/dags/netflix_dag.py took 0.144 seconds
[2026-09-08T07:48:19.564+0000] {processor.py:161} INFO - Started process (PID=7303) to work on /opt/airflow/dags/netflix_dag.py
[2026-09-08T07:48:19.566+0000] {processor.py:830} INFO - Processing file /opt/airflow/dags/netflix_dag.py for tasks to queue
[2026-09-08T07:48:19.570+0000] {logging_mixin.py:188} INFO - [2026-09-08T07:48:19.569+0000] {dagbag.py:545} INFO - Filling up the DagBag from /opt/airflow/dags/netflix_dag.py
[2026-09-08T07:48:19.594+0000] {processor.py:840} INFO - DAG(s) 'netflix_etl_pipeline' retrieved from /opt/airflow/dags/netflix_dag.py
[2026-09-08T07:48:19.627+0000] {logging_mixin.py:188} INFO - [2026-09-08T07:48:19.627+0000] {dag.py:3089} INFO - Sync 1 DAGs
[2026-09-08T07:48:19.649+0000] {logging_mixin.py:188} INFO - [2026-09-08T07:48:19.648+0000] {dag.py:3947} INFO - Setting next_dagrun for netflix_etl_pipeline to 2026-09-07 00:00:00+00:00, run_after=2026-09-08 00:00:00+00:00
[2026-09-08T07:48:19.671+0000] {processor.py:183} INFO - Processing /opt/airflow/dags/netflix_dag.py took 0.113 seconds
[2026-09-08T07:48:49.850+0000] {processor.py:161} INFO - Started process (PID=7314) to work on /opt/airflow/dags/netflix_dag.py
[2026-09-08T07:48:49.854+0000] {processor.py:830} INFO - Processing file /opt/airflow/dags/netflix_dag.py for tasks to queue
[2026-09-08T07:48:49.862+0000] {logging_mixin.py:188} INFO - [2026-09-08T07:48:49.861+0000] {dagbag.py:545} INFO - Filling up the DagBag from /opt/airflow/dags/netflix_dag.py
[2026-09-08T07:48:49.917+0000] {processor.py:840} INFO - DAG(s) 'netflix_etl_pipeline' retrieved from /opt/airflow/dags/netflix_dag.py
[2026-09-08T07:48:49.988+0000] {logging_mixin.py:188} INFO - [2026-09-08T07:48:49.988+0000] {dag.py:3089} INFO - Sync 1 DAGs
[2026-09-08T07:48:50.043+0000] {logging_mixin.py:188} INFO - [2026-09-08T07:48:50.042+0000] {dag.py:3947} INFO - Setting next_dagrun for netflix_etl_pipeline to 2026-09-07 00:00:00+00:00, run_after=2026-09-08 00:00:00+00:00
[2026-09-08T07:48:50.094+0000] {processor.py:183} INFO - Processing /opt/airflow/dags/netflix_dag.py took 0.268 seconds
[2026-09-08T07:49:20.220+0000] {processor.py:161} INFO - Started process (PID=7325) to work on /opt/airflow/dags/netflix_dag.py
[2026-09-08T07:49:20.224+0000] {processor.py:830} INFO - Processing file /opt/airflow/dags/netflix_dag.py for tasks to queue
[2026-09-08T07:49:20.230+0000] {logging_mixin.py:188} INFO - [2026-09-08T07:49:20.229+0000] {dagbag.py:545} INFO - Filling up the DagBag from /opt/airflow/dags/netflix_dag.py
[2026-09-08T07:49:20.284+0000] {processor.py:840} INFO - DAG(s) 'netflix_etl_pipeline' retrieved from /opt/airflow/dags/netflix_dag.py
[2026-09-08T07:49:20.362+0000] {logging_mixin.py:188} INFO - [2026-09-08T07:49:20.362+0000] {dag.py:3089} INFO - Sync 1 DAGs
[2026-09-08T07:49:20.413+0000] {logging_mixin.py:188} INFO - [2026-09-08T07:49:20.413+0000] {dag.py:3947} INFO - Setting next_dagrun for netflix_etl_pipeline to 2026-09-07 00:00:00+00:00, run_after=2026-09-08 00:00:00+00:00
[2026-09-08T07:49:20.455+0000] {processor.py:183} INFO - Processing /opt/airflow/dags/netflix_dag.py took 0.251 seconds
[2026-09-08T07:49:50.535+0000] {processor.py:161} INFO - Started process (PID=7336) to work on /opt/airflow/dags/netflix_dag.py
[2026-09-08T07:49:50.537+0000] {processor.py:830} INFO - Processing file /opt/airflow/dags/netflix_dag.py for tasks to queue
[2026-09-08T07:49:50.540+0000] {logging_mixin.py:188} INFO - [2026-09-08T07:49:50.540+0000] {dagbag.py:545} INFO - Filling up the DagBag from /opt/airflow/dags/netflix_dag.py
[2026-09-08T07:49:50.566+0000] {processor.py:840} INFO - DAG(s) 'netflix_etl_pipeline' retrieved from /opt/airflow/dags/netflix_dag.py
[2026-09-08T07:49:50.605+0000] {logging_mixin.py:188} INFO - [2026-09-08T07:49:50.605+0000] {dag.py:3089} INFO - Sync 1 DAGs
[2026-09-08T07:49:50.629+0000] {logging_mixin.py:188} INFO - [2026-09-08T07:49:50.629+0000] {dag.py:3947} INFO - Setting next_dagrun for netflix_etl_pipeline to 2026-09-07 00:00:00+00:00, run_after=2026-09-08 00:00:00+00:00
[2026-09-08T07:49:50.654+0000] {processor.py:183} INFO - Processing /opt/airflow/dags/netflix_dag.py took 0.126 seconds
[2026-09-08T07:50:20.908+0000] {processor.py:161} INFO - Started process (PID=7347) to work on /opt/airflow/dags/netflix_dag.py
[2026-09-08T07:50:20.910+0000] {processor.py:830} INFO - Processing file /opt/airflow/dags/netflix_dag.py for tasks to queue
[2026-09-08T07:50:20.913+0000] {logging_mixin.py:188} INFO - [2026-09-08T07:50:20.913+0000] {dagbag.py:545} INFO - Filling up the DagBag from /opt/airflow/dags/netflix_dag.py
[2026-09-08T07:50:20.941+0000] {processor.py:840} INFO - DAG(s) 'netflix_etl_pipeline' retrieved from /opt/airflow/dags/netflix_dag.py
[2026-09-08T07:50:20.980+0000] {logging_mixin.py:188} INFO - [2026-09-08T07:50:20.980+0000] {dag.py:3089} INFO - Sync 1 DAGs
[2026-09-08T07:50:21.004+0000] {logging_mixin.py:188} INFO - [2026-09-08T07:50:21.003+0000] {dag.py:3947} INFO - Setting next_dagrun for netflix_etl_pipeline to 2026-09-07 00:00:00+00:00, run_after=2026-09-08 00:00:00+00:00
[2026-09-08T07:50:21.028+0000] {processor.py:183} INFO - Processing /opt/airflow/dags/netflix_dag.py took 0.127 seconds
[2026-09-08T07:50:51.147+0000] {processor.py:161} INFO - Started process (PID=7358) to work on /opt/airflow/dags/netflix_dag.py
[2026-09-08T07:50:51.149+0000] {processor.py:830} INFO - Processing file /opt/airflow/dags/netflix_dag.py for tasks to queue
[2026-09-08T07:50:51.152+0000] {logging_mixin.py:188} INFO - [2026-09-08T07:50:51.151+0000] {dagbag.py:545} INFO - Filling up the DagBag from /opt/airflow/dags/netflix_dag.py
[2026-09-08T07:50:51.184+0000] {processor.py:840} INFO - DAG(s) 'netflix_etl_pipeline' retrieved from /opt/airflow/dags/netflix_dag.py
[2026-09-08T07:50:51.228+0000] {logging_mixin.py:188} INFO - [2026-09-08T07:50:51.227+0000] {dag.py:3089} INFO - Sync 1 DAGs
[2026-09-08T07:50:51.252+0000] {logging_mixin.py:188} INFO - [2026-09-08T07:50:51.252+0000] {dag.py:3947} INFO - Setting next_dagrun for netflix_etl_pipeline to 2026-09-07 00:00:00+00:00, run_after=2026-09-08 00:00:00+00:00
[2026-09-08T07:50:51.278+0000] {processor.py:183} INFO - Processing /opt/airflow/dags/netflix_dag.py took 0.139 seconds
[2026-09-08T07:51:21.512+0000] {processor.py:161} INFO - Started process (PID=7369) to work on /opt/airflow/dags/netflix_dag.py
[2026-09-08T07:51:21.514+0000] {processor.py:830} INFO - Processing file /opt/airflow/dags/netflix_dag.py for tasks to queue
[2026-09-08T07:51:21.519+0000] {logging_mixin.py:188} INFO - [2026-09-08T07:51:21.518+0000] {dagbag.py:545} INFO - Filling up the DagBag from /opt/airflow/dags/netflix_dag.py
[2026-09-08T07:51:21.551+0000] {processor.py:840} INFO - DAG(s) 'netflix_etl_pipeline' retrieved from /opt/airflow/dags/netflix_dag.py
[2026-09-08T07:51:21.591+0000] {logging_mixin.py:188} INFO - [2026-09-08T07:51:21.591+0000] {dag.py:3089} INFO - Sync 1 DAGs
[2026-09-08T07:51:21.618+0000] {logging_mixin.py:188} INFO - [2026-09-08T07:51:21.617+0000] {dag.py:3947} INFO - Setting next_dagrun for netflix_etl_pipeline to 2026-09-07 00:00:00+00:00, run_after=2026-09-08 00:00:00+00:00
[2026-09-08T07:51:21.642+0000] {processor.py:183} INFO - Processing /opt/airflow/dags/netflix_dag.py took 0.138 seconds
[2026-09-08T07:51:51.806+0000] {processor.py:161} INFO - Started process (PID=7380) to work on /opt/airflow/dags/netflix_dag.py
[2026-09-08T07:51:51.809+0000] {processor.py:830} INFO - Processing file /opt/airflow/dags/netflix_dag.py for tasks to queue
[2026-09-08T07:51:51.816+0000] {logging_mixin.py:188} INFO - [2026-09-08T07:51:51.814+0000] {dagbag.py:545} INFO - Filling up the DagBag from /opt/airflow/dags/netflix_dag.py
[2026-09-08T07:51:51.876+0000] {processor.py:840} INFO - DAG(s) 'netflix_etl_pipeline' retrieved from /opt/airflow/dags/netflix_dag.py
[2026-09-08T07:51:51.956+0000] {logging_mixin.py:188} INFO - [2026-09-08T07:51:51.956+0000] {dag.py:3089} INFO - Sync 1 DAGs
[2026-09-08T07:51:52.011+0000] {logging_mixin.py:188} INFO - [2026-09-08T07:51:52.011+0000] {dag.py:3947} INFO - Setting next_dagrun for netflix_etl_pipeline to 2026-09-07 00:00:00+00:00, run_after=2026-09-08 00:00:00+00:00
[2026-09-08T07:51:52.060+0000] {processor.py:183} INFO - Processing /opt/airflow/dags/netflix_dag.py took 0.270 seconds
[2026-09-08T07:52:22.314+0000] {processor.py:161} INFO - Started process (PID=7391) to work on /opt/airflow/dags/netflix_dag.py
[2026-09-08T07:52:22.316+0000] {processor.py:830} INFO - Processing file /opt/airflow/dags/netflix_dag.py for tasks to queue
[2026-09-08T07:52:22.319+0000] {logging_mixin.py:188} INFO - [2026-09-08T07:52:22.318+0000] {dagbag.py:545} INFO - Filling up the DagBag from /opt/airflow/dags/netflix_dag.py
[2026-09-08T07:52:22.345+0000] {processor.py:840} INFO - DAG(s) 'netflix_etl_pipeline' retrieved from /opt/airflow/dags/netflix_dag.py
[2026-09-08T07:52:22.387+0000] {logging_mixin.py:188} INFO - [2026-09-08T07:52:22.386+0000] {dag.py:3089} INFO - Sync 1 DAGs
[2026-09-08T07:52:22.414+0000] {logging_mixin.py:188} INFO - [2026-09-08T07:52:22.413+0000] {dag.py:3947} INFO - Setting next_dagrun for netflix_etl_pipeline to 2026-09-07 00:00:00+00:00, run_after=2026-09-08 00:00:00+00:00
[2026-09-08T07:52:22.437+0000] {processor.py:183} INFO - Processing /opt/airflow/dags/netflix_dag.py took 0.130 seconds
[2026-09-08T07:52:52.584+0000] {processor.py:161} INFO - Started process (PID=7402) to work on /opt/airflow/dags/netflix_dag.py
[2026-09-08T07:52:52.587+0000] {processor.py:830} INFO - Processing file /opt/airflow/dags/netflix_dag.py for tasks to queue
[2026-09-08T07:52:52.594+0000] {logging_mixin.py:188} INFO - [2026-09-08T07:52:52.593+0000] {dagbag.py:545} INFO - Filling up the DagBag from /opt/airflow/dags/netflix_dag.py
[2026-09-08T07:52:52.653+0000] {processor.py:840} INFO - DAG(s) 'netflix_etl_pipeline' retrieved from /opt/airflow/dags/netflix_dag.py
[2026-09-08T07:52:52.733+0000] {logging_mixin.py:188} INFO - [2026-09-08T07:52:52.732+0000] {dag.py:3089} INFO - Sync 1 DAGs
[2026-09-08T07:52:52.788+0000] {logging_mixin.py:188} INFO - [2026-09-08T07:52:52.787+0000] {dag.py:3947} INFO - Setting next_dagrun for netflix_etl_pipeline to 2026-09-07 00:00:00+00:00, run_after=2026-09-08 00:00:00+00:00
[2026-09-08T07:52:52.835+0000] {processor.py:183} INFO - Processing /opt/airflow/dags/netflix_dag.py took 0.268 seconds
[2026-09-08T07:53:22.937+0000] {processor.py:161} INFO - Started process (PID=7413) to work on /opt/airflow/dags/netflix_dag.py
[2026-09-08T07:53:22.939+0000] {processor.py:830} INFO - Processing file /opt/airflow/dags/netflix_dag.py for tasks to queue
[2026-09-08T07:53:22.943+0000] {logging_mixin.py:188} INFO - [2026-09-08T07:53:22.942+0000] {dagbag.py:545} INFO - Filling up the DagBag from /opt/airflow/dags/netflix_dag.py
[2026-09-08T07:53:22.976+0000] {processor.py:840} INFO - DAG(s) 'netflix_etl_pipeline' retrieved from /opt/airflow/dags/netflix_dag.py
[2026-09-08T07:53:23.016+0000] {logging_mixin.py:188} INFO - [2026-09-08T07:53:23.016+0000] {dag.py:3089} INFO - Sync 1 DAGs
[2026-09-08T07:53:23.043+0000] {logging_mixin.py:188} INFO - [2026-09-08T07:53:23.043+0000] {dag.py:3947} INFO - Setting next_dagrun for netflix_etl_pipeline to 2026-09-07 00:00:00+00:00, run_after=2026-09-08 00:00:00+00:00
[2026-09-08T07:53:23.067+0000] {processor.py:183} INFO - Processing /opt/airflow/dags/netflix_dag.py took 0.139 seconds
[2026-09-08T07:53:53.365+0000] {processor.py:161} INFO - Started process (PID=7424) to work on /opt/airflow/dags/netflix_dag.py
[2026-09-08T07:53:53.368+0000] {processor.py:830} INFO - Processing file /opt/airflow/dags/netflix_dag.py for tasks to queue
[2026-09-08T07:53:53.377+0000] {logging_mixin.py:188} INFO - [2026-09-08T07:53:53.375+0000] {dagbag.py:545} INFO - Filling up the DagBag from /opt/airflow/dags/netflix_dag.py
[2026-09-08T07:53:53.440+0000] {processor.py:840} INFO - DAG(s) 'netflix_etl_pipeline' retrieved from /opt/airflow/dags/netflix_dag.py
[2026-09-08T07:53:53.535+0000] {logging_mixin.py:188} INFO - [2026-09-08T07:53:53.535+0000] {dag.py:3089} INFO - Sync 1 DAGs
[2026-09-08T07:53:53.591+0000] {logging_mixin.py:188} INFO - [2026-09-08T07:53:53.591+0000] {dag.py:3947} INFO - Setting next_dagrun for netflix_etl_pipeline to 2026-09-07 00:00:00+00:00, run_after=2026-09-08 00:00:00+00:00
[2026-09-08T07:53:53.637+0000] {processor.py:183} INFO - Processing /opt/airflow/dags/netflix_dag.py took 0.290 seconds
[2026-09-08T07:54:23.962+0000] {processor.py:161} INFO - Started process (PID=7435) to work on /opt/airflow/dags/netflix_dag.py
[2026-09-08T07:54:23.966+0000] {processor.py:830} INFO - Processing file /opt/airflow/dags/netflix_dag.py for tasks to queue
[2026-09-08T07:54:23.971+0000] {logging_mixin.py:188} INFO - [2026-09-08T07:54:23.970+0000] {dagbag.py:545} INFO - Filling up the DagBag from /opt/airflow/dags/netflix_dag.py
[2026-09-08T07:54:24.025+0000] {processor.py:840} INFO - DAG(s) 'netflix_etl_pipeline' retrieved from /opt/airflow/dags/netflix_dag.py
[2026-09-08T07:54:24.107+0000] {logging_mixin.py:188} INFO - [2026-09-08T07:54:24.107+0000] {dag.py:3089} INFO - Sync 1 DAGs
[2026-09-08T07:54:24.161+0000] {logging_mixin.py:188} INFO - [2026-09-08T07:54:24.161+0000] {dag.py:3947} INFO - Setting next_dagrun for netflix_etl_pipeline to 2026-09-07 00:00:00+00:00, run_after=2026-09-08 00:00:00+00:00
[2026-09-08T07:54:24.209+0000] {processor.py:183} INFO - Processing /opt/airflow/dags/netflix_dag.py took 0.260 seconds
[2026-09-08T07:54:54.483+0000] {processor.py:161} INFO - Started process (PID=7447) to work on /opt/airflow/dags/netflix_dag.py
[2026-09-08T07:54:54.485+0000] {processor.py:830} INFO - Processing file /opt/airflow/dags/netflix_dag.py for tasks to queue
[2026-09-08T07:54:54.487+0000] {logging_mixin.py:188} INFO - [2026-09-08T07:54:54.487+0000] {dagbag.py:545} INFO - Filling up the DagBag from /opt/airflow/dags/netflix_dag.py
[2026-09-08T07:54:54.512+0000] {processor.py:840} INFO - DAG(s) 'netflix_etl_pipeline' retrieved from /opt/airflow/dags/netflix_dag.py
[2026-09-08T07:54:54.545+0000] {logging_mixin.py:188} INFO - [2026-09-08T07:54:54.544+0000] {dag.py:3089} INFO - Sync 1 DAGs
[2026-09-08T07:54:54.565+0000] {logging_mixin.py:188} INFO - [2026-09-08T07:54:54.565+0000] {dag.py:3947} INFO - Setting next_dagrun for netflix_etl_pipeline to 2026-09-07 00:00:00+00:00, run_after=2026-09-08 00:00:00+00:00
[2026-09-08T07:54:54.587+0000] {processor.py:183} INFO - Processing /opt/airflow/dags/netflix_dag.py took 0.110 seconds
[2026-09-08T07:55:24.764+0000] {processor.py:161} INFO - Started process (PID=7458) to work on /opt/airflow/dags/netflix_dag.py
[2026-09-08T07:55:24.768+0000] {processor.py:830} INFO - Processing file /opt/airflow/dags/netflix_dag.py for tasks to queue
[2026-09-08T07:55:24.773+0000] {logging_mixin.py:188} INFO - [2026-09-08T07:55:24.772+0000] {dagbag.py:545} INFO - Filling up the DagBag from /opt/airflow/dags/netflix_dag.py
[2026-09-08T07:55:24.829+0000] {processor.py:840} INFO - DAG(s) 'netflix_etl_pipeline' retrieved from /opt/airflow/dags/netflix_dag.py
[2026-09-08T07:55:24.906+0000] {logging_mixin.py:188} INFO - [2026-09-08T07:55:24.905+0000] {dag.py:3089} INFO - Sync 1 DAGs
[2026-09-08T07:55:24.958+0000] {logging_mixin.py:188} INFO - [2026-09-08T07:55:24.958+0000] {dag.py:3947} INFO - Setting next_dagrun for netflix_etl_pipeline to 2026-09-07 00:00:00+00:00, run_after=2026-09-08 00:00:00+00:00
[2026-09-08T07:55:25.005+0000] {processor.py:183} INFO - Processing /opt/airflow/dags/netflix_dag.py took 0.260 seconds
[2026-09-08T07:55:55.252+0000] {processor.py:161} INFO - Started process (PID=7469) to work on /opt/airflow/dags/netflix_dag.py
[2026-09-08T07:55:55.254+0000] {processor.py:830} INFO - Processing file /opt/airflow/dags/netflix_dag.py for tasks to queue
[2026-09-08T07:55:55.257+0000] {logging_mixin.py:188} INFO - [2026-09-08T07:55:55.256+0000] {dagbag.py:545} INFO - Filling up the DagBag from /opt/airflow/dags/netflix_dag.py
[2026-09-08T07:55:55.285+0000] {processor.py:840} INFO - DAG(s) 'netflix_etl_pipeline' retrieved from /opt/airflow/dags/netflix_dag.py
[2026-09-08T07:55:55.364+0000] {logging_mixin.py:188} INFO - [2026-09-08T07:55:55.363+0000] {dag.py:3089} INFO - Sync 1 DAGs
[2026-09-08T07:55:55.424+0000] {logging_mixin.py:188} INFO - [2026-09-08T07:55:55.424+0000] {dag.py:3947} INFO - Setting next_dagrun for netflix_etl_pipeline to 2026-09-07 00:00:00+00:00, run_after=2026-09-08 00:00:00+00:00
[2026-09-08T07:55:55.474+0000] {processor.py:183} INFO - Processing /opt/airflow/dags/netflix_dag.py took 0.230 seconds
[2026-09-08T07:56:25.747+0000] {processor.py:161} INFO - Started process (PID=7480) to work on /opt/airflow/dags/netflix_dag.py
[2026-09-08T07:56:25.748+0000] {processor.py:830} INFO - Processing file /opt/airflow/dags/netflix_dag.py for tasks to queue
[2026-09-08T07:56:25.751+0000] {logging_mixin.py:188} INFO - [2026-09-08T07:56:25.751+0000] {dagbag.py:545} INFO - Filling up the DagBag from /opt/airflow/dags/netflix_dag.py
[2026-09-08T07:56:25.778+0000] {processor.py:840} INFO - DAG(s) 'netflix_etl_pipeline' retrieved from /opt/airflow/dags/netflix_dag.py
[2026-09-08T07:56:25.825+0000] {logging_mixin.py:188} INFO - [2026-09-08T07:56:25.825+0000] {dag.py:3089} INFO - Sync 1 DAGs
[2026-09-08T07:56:25.850+0000] {logging_mixin.py:188} INFO - [2026-09-08T07:56:25.850+0000] {dag.py:3947} INFO - Setting next_dagrun for netflix_etl_pipeline to 2026-09-07 00:00:00+00:00, run_after=2026-09-08 00:00:00+00:00
[2026-09-08T07:56:25.877+0000] {processor.py:183} INFO - Processing /opt/airflow/dags/netflix_dag.py took 0.137 seconds
[2026-09-08T07:56:55.978+0000] {processor.py:161} INFO - Started process (PID=7491) to work on /opt/airflow/dags/netflix_dag.py
[2026-09-08T07:56:55.980+0000] {processor.py:830} INFO - Processing file /opt/airflow/dags/netflix_dag.py for tasks to queue
[2026-09-08T07:56:55.982+0000] {logging_mixin.py:188} INFO - [2026-09-08T07:56:55.982+0000] {dagbag.py:545} INFO - Filling up the DagBag from /opt/airflow/dags/netflix_dag.py
[2026-09-08T07:56:56.011+0000] {processor.py:840} INFO - DAG(s) 'netflix_etl_pipeline' retrieved from /opt/airflow/dags/netflix_dag.py
[2026-09-08T07:56:56.050+0000] {logging_mixin.py:188} INFO - [2026-09-08T07:56:56.050+0000] {dag.py:3089} INFO - Sync 1 DAGs
[2026-09-08T07:56:56.076+0000] {logging_mixin.py:188} INFO - [2026-09-08T07:56:56.076+0000] {dag.py:3947} INFO - Setting next_dagrun for netflix_etl_pipeline to 2026-09-07 00:00:00+00:00, run_after=2026-09-08 00:00:00+00:00
[2026-09-08T07:56:56.104+0000] {processor.py:183} INFO - Processing /opt/airflow/dags/netflix_dag.py took 0.132 seconds
[2026-09-08T07:57:26.405+0000] {processor.py:161} INFO - Started process (PID=7502) to work on /opt/airflow/dags/netflix_dag.py
[2026-09-08T07:57:26.408+0000] {processor.py:830} INFO - Processing file /opt/airflow/dags/netflix_dag.py for tasks to queue
[2026-09-08T07:57:26.413+0000] {logging_mixin.py:188} INFO - [2026-09-08T07:57:26.413+0000] {dagbag.py:545} INFO - Filling up the DagBag from /opt/airflow/dags/netflix_dag.py
[2026-09-08T07:57:26.470+0000] {processor.py:840} INFO - DAG(s) 'netflix_etl_pipeline' retrieved from /opt/airflow/dags/netflix_dag.py
[2026-09-08T07:57:26.547+0000] {logging_mixin.py:188} INFO - [2026-09-08T07:57:26.547+0000] {dag.py:3089} INFO - Sync 1 DAGs
[2026-09-08T07:57:26.599+0000] {logging_mixin.py:188} INFO - [2026-09-08T07:57:26.599+0000] {dag.py:3947} INFO - Setting next_dagrun for netflix_etl_pipeline to 2026-09-07 00:00:00+00:00, run_after=2026-09-08 00:00:00+00:00
[2026-09-08T07:57:26.646+0000] {processor.py:183} INFO - Processing /opt/airflow/dags/netflix_dag.py took 0.258 seconds
[2026-09-08T07:57:56.941+0000] {processor.py:161} INFO - Started process (PID=7513) to work on /opt/airflow/dags/netflix_dag.py
[2026-09-08T07:57:56.945+0000] {processor.py:830} INFO - Processing file /opt/airflow/dags/netflix_dag.py for tasks to queue
[2026-09-08T07:57:56.951+0000] {logging_mixin.py:188} INFO - [2026-09-08T07:57:56.950+0000] {dagbag.py:545} INFO - Filling up the DagBag from /opt/airflow/dags/netflix_dag.py
[2026-09-08T07:57:57.008+0000] {processor.py:840} INFO - DAG(s) 'netflix_etl_pipeline' retrieved from /opt/airflow/dags/netflix_dag.py
[2026-09-08T07:57:57.092+0000] {logging_mixin.py:188} INFO - [2026-09-08T07:57:57.091+0000] {dag.py:3089} INFO - Sync 1 DAGs
[2026-09-08T07:57:57.165+0000] {logging_mixin.py:188} INFO - [2026-09-08T07:57:57.163+0000] {dag.py:3947} INFO - Setting next_dagrun for netflix_etl_pipeline to 2026-09-07 00:00:00+00:00, run_after=2026-09-08 00:00:00+00:00
[2026-09-08T07:57:57.243+0000] {processor.py:183} INFO - Processing /opt/airflow/dags/netflix_dag.py took 0.318 seconds
[2026-09-08T07:58:27.576+0000] {processor.py:161} INFO - Started process (PID=7524) to work on /opt/airflow/dags/netflix_dag.py
[2026-09-08T07:58:27.580+0000] {processor.py:830} INFO - Processing file /opt/airflow/dags/netflix_dag.py for tasks to queue
[2026-09-08T07:58:27.586+0000] {logging_mixin.py:188} INFO - [2026-09-08T07:58:27.585+0000] {dagbag.py:545} INFO - Filling up the DagBag from /opt/airflow/dags/netflix_dag.py
[2026-09-08T07:58:27.646+0000] {processor.py:840} INFO - DAG(s) 'netflix_etl_pipeline' retrieved from /opt/airflow/dags/netflix_dag.py
[2026-09-08T07:58:27.733+0000] {logging_mixin.py:188} INFO - [2026-09-08T07:58:27.733+0000] {dag.py:3089} INFO - Sync 1 DAGs
[2026-09-08T07:58:27.790+0000] {logging_mixin.py:188} INFO - [2026-09-08T07:58:27.789+0000] {dag.py:3947} INFO - Setting next_dagrun for netflix_etl_pipeline to 2026-09-07 00:00:00+00:00, run_after=2026-09-08 00:00:00+00:00
[2026-09-08T07:58:27.835+0000] {processor.py:183} INFO - Processing /opt/airflow/dags/netflix_dag.py took 0.275 seconds
[2026-09-08T07:58:58.095+0000] {processor.py:161} INFO - Started process (PID=7535) to work on /opt/airflow/dags/netflix_dag.py
[2026-09-08T07:58:58.097+0000] {processor.py:830} INFO - Processing file /opt/airflow/dags/netflix_dag.py for tasks to queue
[2026-09-08T07:58:58.099+0000] {logging_mixin.py:188} INFO - [2026-09-08T07:58:58.099+0000] {dagbag.py:545} INFO - Filling up the DagBag from /opt/airflow/dags/netflix_dag.py
[2026-09-08T07:58:58.125+0000] {processor.py:840} INFO - DAG(s) 'netflix_etl_pipeline' retrieved from /opt/airflow/dags/netflix_dag.py
[2026-09-08T07:58:58.162+0000] {logging_mixin.py:188} INFO - [2026-09-08T07:58:58.162+0000] {dag.py:3089} INFO - Sync 1 DAGs
[2026-09-08T07:58:58.185+0000] {logging_mixin.py:188} INFO - [2026-09-08T07:58:58.185+0000] {dag.py:3947} INFO - Setting next_dagrun for netflix_etl_pipeline to 2026-09-07 00:00:00+00:00, run_after=2026-09-08 00:00:00+00:00
[2026-09-08T07:58:58.210+0000] {processor.py:183} INFO - Processing /opt/airflow/dags/netflix_dag.py took 0.122 seconds
[2026-09-08T07:59:28.433+0000] {processor.py:161} INFO - Started process (PID=7546) to work on /opt/airflow/dags/netflix_dag.py
[2026-09-08T07:59:28.435+0000] {processor.py:830} INFO - Processing file /opt/airflow/dags/netflix_dag.py for tasks to queue
[2026-09-08T07:59:28.439+0000] {logging_mixin.py:188} INFO - [2026-09-08T07:59:28.438+0000] {dagbag.py:545} INFO - Filling up the DagBag from /opt/airflow/dags/netflix_dag.py
[2026-09-08T07:59:28.468+0000] {processor.py:840} INFO - DAG(s) 'netflix_etl_pipeline' retrieved from /opt/airflow/dags/netflix_dag.py
[2026-09-08T07:59:28.511+0000] {logging_mixin.py:188} INFO - [2026-09-08T07:59:28.511+0000] {dag.py:3089} INFO - Sync 1 DAGs
[2026-09-08T07:59:28.541+0000] {logging_mixin.py:188} INFO - [2026-09-08T07:59:28.541+0000] {dag.py:3947} INFO - Setting next_dagrun for netflix_etl_pipeline to 2026-09-07 00:00:00+00:00, run_after=2026-09-08 00:00:00+00:00
[2026-09-08T07:59:28.567+0000] {processor.py:183} INFO - Processing /opt/airflow/dags/netflix_dag.py took 0.142 seconds
[2026-09-08T07:59:58.686+0000] {processor.py:161} INFO - Started process (PID=7557) to work on /opt/airflow/dags/netflix_dag.py
[2026-09-08T07:59:58.688+0000] {processor.py:830} INFO - Processing file /opt/airflow/dags/netflix_dag.py for tasks to queue
[2026-09-08T07:59:58.691+0000] {logging_mixin.py:188} INFO - [2026-09-08T07:59:58.691+0000] {dagbag.py:545} INFO - Filling up the DagBag from /opt/airflow/dags/netflix_dag.py
[2026-09-08T07:59:58.721+0000] {processor.py:840} INFO - DAG(s) 'netflix_etl_pipeline' retrieved from /opt/airflow/dags/netflix_dag.py
[2026-09-08T07:59:58.764+0000] {logging_mixin.py:188} INFO - [2026-09-08T07:59:58.764+0000] {dag.py:3089} INFO - Sync 1 DAGs
[2026-09-08T07:59:58.791+0000] {logging_mixin.py:188} INFO - [2026-09-08T07:59:58.791+0000] {dag.py:3947} INFO - Setting next_dagrun for netflix_etl_pipeline to 2026-09-07 00:00:00+00:00, run_after=2026-09-08 00:00:00+00:00
[2026-09-08T07:59:58.815+0000] {processor.py:183} INFO - Processing /opt/airflow/dags/netflix_dag.py took 0.139 seconds
[2026-09-08T08:00:29.049+0000] {processor.py:161} INFO - Started process (PID=7568) to work on /opt/airflow/dags/netflix_dag.py
[2026-09-08T08:00:29.051+0000] {processor.py:830} INFO - Processing file /opt/airflow/dags/netflix_dag.py for tasks to queue
[2026-09-08T08:00:29.054+0000] {logging_mixin.py:188} INFO - [2026-09-08T08:00:29.054+0000] {dagbag.py:545} INFO - Filling up the DagBag from /opt/airflow/dags/netflix_dag.py
[2026-09-08T08:00:29.082+0000] {processor.py:840} INFO - DAG(s) 'netflix_etl_pipeline' retrieved from /opt/airflow/dags/netflix_dag.py
[2026-09-08T08:00:29.120+0000] {logging_mixin.py:188} INFO - [2026-09-08T08:00:29.120+0000] {dag.py:3089} INFO - Sync 1 DAGs
[2026-09-08T08:00:29.143+0000] {logging_mixin.py:188} INFO - [2026-09-08T08:00:29.142+0000] {dag.py:3947} INFO - Setting next_dagrun for netflix_etl_pipeline to 2026-09-07 00:00:00+00:00, run_after=2026-09-08 00:00:00+00:00
[2026-09-08T08:00:29.170+0000] {processor.py:183} INFO - Processing /opt/airflow/dags/netflix_dag.py took 0.128 seconds
[2026-09-08T08:00:59.302+0000] {processor.py:161} INFO - Started process (PID=7579) to work on /opt/airflow/dags/netflix_dag.py
[2026-09-08T08:00:59.304+0000] {processor.py:830} INFO - Processing file /opt/airflow/dags/netflix_dag.py for tasks to queue
[2026-09-08T08:00:59.307+0000] {logging_mixin.py:188} INFO - [2026-09-08T08:00:59.307+0000] {dagbag.py:545} INFO - Filling up the DagBag from /opt/airflow/dags/netflix_dag.py
[2026-09-08T08:00:59.335+0000] {processor.py:840} INFO - DAG(s) 'netflix_etl_pipeline' retrieved from /opt/airflow/dags/netflix_dag.py
[2026-09-08T08:00:59.373+0000] {logging_mixin.py:188} INFO - [2026-09-08T08:00:59.373+0000] {dag.py:3089} INFO - Sync 1 DAGs
[2026-09-08T08:00:59.400+0000] {logging_mixin.py:188} INFO - [2026-09-08T08:00:59.400+0000] {dag.py:3947} INFO - Setting next_dagrun for netflix_etl_pipeline to 2026-09-07 00:00:00+00:00, run_after=2026-09-08 00:00:00+00:00
[2026-09-08T08:00:59.425+0000] {processor.py:183} INFO - Processing /opt/airflow/dags/netflix_dag.py took 0.131 seconds
[2026-09-08T08:01:29.678+0000] {processor.py:161} INFO - Started process (PID=7590) to work on /opt/airflow/dags/netflix_dag.py
[2026-09-08T08:01:29.680+0000] {processor.py:830} INFO - Processing file /opt/airflow/dags/netflix_dag.py for tasks to queue
[2026-09-08T08:01:29.684+0000] {logging_mixin.py:188} INFO - [2026-09-08T08:01:29.684+0000] {dagbag.py:545} INFO - Filling up the DagBag from /opt/airflow/dags/netflix_dag.py
[2026-09-08T08:01:29.713+0000] {processor.py:840} INFO - DAG(s) 'netflix_etl_pipeline' retrieved from /opt/airflow/dags/netflix_dag.py
[2026-09-08T08:01:29.752+0000] {logging_mixin.py:188} INFO - [2026-09-08T08:01:29.752+0000] {dag.py:3089} INFO - Sync 1 DAGs
[2026-09-08T08:01:29.780+0000] {logging_mixin.py:188} INFO - [2026-09-08T08:01:29.780+0000] {dag.py:3947} INFO - Setting next_dagrun for netflix_etl_pipeline to 2026-09-07 00:00:00+00:00, run_after=2026-09-08 00:00:00+00:00
[2026-09-08T08:01:29.805+0000] {processor.py:183} INFO - Processing /opt/airflow/dags/netflix_dag.py took 0.135 seconds
[2026-09-08T08:01:59.981+0000] {processor.py:161} INFO - Started process (PID=7601) to work on /opt/airflow/dags/netflix_dag.py
[2026-09-08T08:01:59.985+0000] {processor.py:830} INFO - Processing file /opt/airflow/dags/netflix_dag.py for tasks to queue
[2026-09-08T08:01:59.990+0000] {logging_mixin.py:188} INFO - [2026-09-08T08:01:59.989+0000] {dagbag.py:545} INFO - Filling up the DagBag from /opt/airflow/dags/netflix_dag.py
[2026-09-08T08:02:00.053+0000] {processor.py:840} INFO - DAG(s) 'netflix_etl_pipeline' retrieved from /opt/airflow/dags/netflix_dag.py
[2026-09-08T08:02:00.132+0000] {logging_mixin.py:188} INFO - [2026-09-08T08:02:00.132+0000] {dag.py:3089} INFO - Sync 1 DAGs
[2026-09-08T08:02:00.189+0000] {logging_mixin.py:188} INFO - [2026-09-08T08:02:00.188+0000] {dag.py:3947} INFO - Setting next_dagrun for netflix_etl_pipeline to 2026-09-07 00:00:00+00:00, run_after=2026-09-08 00:00:00+00:00
[2026-09-08T08:02:00.243+0000] {processor.py:183} INFO - Processing /opt/airflow/dags/netflix_dag.py took 0.279 seconds
[2026-09-08T08:02:30.519+0000] {processor.py:161} INFO - Started process (PID=7612) to work on /opt/airflow/dags/netflix_dag.py
[2026-09-08T08:02:30.523+0000] {processor.py:830} INFO - Processing file /opt/airflow/dags/netflix_dag.py for tasks to queue
[2026-09-08T08:02:30.526+0000] {logging_mixin.py:188} INFO - [2026-09-08T08:02:30.525+0000] {dagbag.py:545} INFO - Filling up the DagBag from /opt/airflow/dags/netflix_dag.py
[2026-09-08T08:02:30.556+0000] {processor.py:840} INFO - DAG(s) 'netflix_etl_pipeline' retrieved from /opt/airflow/dags/netflix_dag.py
[2026-09-08T08:02:30.597+0000] {logging_mixin.py:188} INFO - [2026-09-08T08:02:30.597+0000] {dag.py:3089} INFO - Sync 1 DAGs
[2026-09-08T08:02:30.623+0000] {logging_mixin.py:188} INFO - [2026-09-08T08:02:30.623+0000] {dag.py:3947} INFO - Setting next_dagrun for netflix_etl_pipeline to 2026-09-07 00:00:00+00:00, run_after=2026-09-08 00:00:00+00:00
[2026-09-08T08:02:30.648+0000] {processor.py:183} INFO - Processing /opt/airflow/dags/netflix_dag.py took 0.136 seconds
[2026-09-08T08:03:00.758+0000] {processor.py:161} INFO - Started process (PID=7623) to work on /opt/airflow/dags/netflix_dag.py
[2026-09-08T08:03:00.760+0000] {processor.py:830} INFO - Processing file /opt/airflow/dags/netflix_dag.py for tasks to queue
[2026-09-08T08:03:00.763+0000] {logging_mixin.py:188} INFO - [2026-09-08T08:03:00.762+0000] {dagbag.py:545} INFO - Filling up the DagBag from /opt/airflow/dags/netflix_dag.py
[2026-09-08T08:03:00.792+0000] {processor.py:840} INFO - DAG(s) 'netflix_etl_pipeline' retrieved from /opt/airflow/dags/netflix_dag.py
[2026-09-08T08:03:00.855+0000] {logging_mixin.py:188} INFO - [2026-09-08T08:03:00.855+0000] {dag.py:3089} INFO - Sync 1 DAGs
[2026-09-08T08:03:00.890+0000] {logging_mixin.py:188} INFO - [2026-09-08T08:03:00.890+0000] {dag.py:3947} INFO - Setting next_dagrun for netflix_etl_pipeline to 2026-09-07 00:00:00+00:00, run_after=2026-09-08 00:00:00+00:00
[2026-09-08T08:03:00.916+0000] {processor.py:183} INFO - Processing /opt/airflow/dags/netflix_dag.py took 0.170 seconds
[2026-09-08T08:03:31.132+0000] {processor.py:161} INFO - Started process (PID=7634) to work on /opt/airflow/dags/netflix_dag.py
[2026-09-08T08:03:31.135+0000] {processor.py:830} INFO - Processing file /opt/airflow/dags/netflix_dag.py for tasks to queue
[2026-09-08T08:03:31.138+0000] {logging_mixin.py:188} INFO - [2026-09-08T08:03:31.138+0000] {dagbag.py:545} INFO - Filling up the DagBag from /opt/airflow/dags/netflix_dag.py
[2026-09-08T08:03:31.174+0000] {processor.py:840} INFO - DAG(s) 'netflix_etl_pipeline' retrieved from /opt/airflow/dags/netflix_dag.py
[2026-09-08T08:03:31.243+0000] {logging_mixin.py:188} INFO - [2026-09-08T08:03:31.243+0000] {dag.py:3089} INFO - Sync 1 DAGs
[2026-09-08T08:03:31.297+0000] {logging_mixin.py:188} INFO - [2026-09-08T08:03:31.296+0000] {dag.py:3947} INFO - Setting next_dagrun for netflix_etl_pipeline to 2026-09-07 00:00:00+00:00, run_after=2026-09-08 00:00:00+00:00
[2026-09-08T08:03:31.346+0000] {processor.py:183} INFO - Processing /opt/airflow/dags/netflix_dag.py took 0.222 seconds
[2026-09-08T08:04:01.452+0000] {processor.py:161} INFO - Started process (PID=7645) to work on /opt/airflow/dags/netflix_dag.py
[2026-09-08T08:04:01.455+0000] {processor.py:830} INFO - Processing file /opt/airflow/dags/netflix_dag.py for tasks to queue
[2026-09-08T08:04:01.459+0000] {logging_mixin.py:188} INFO - [2026-09-08T08:04:01.459+0000] {dagbag.py:545} INFO - Filling up the DagBag from /opt/airflow/dags/netflix_dag.py
[2026-09-08T08:04:01.509+0000] {processor.py:840} INFO - DAG(s) 'netflix_etl_pipeline' retrieved from /opt/airflow/dags/netflix_dag.py
[2026-09-08T08:04:01.589+0000] {logging_mixin.py:188} INFO - [2026-09-08T08:04:01.589+0000] {dag.py:3089} INFO - Sync 1 DAGs
[2026-09-08T08:04:01.646+0000] {logging_mixin.py:188} INFO - [2026-09-08T08:04:01.645+0000] {dag.py:3947} INFO - Setting next_dagrun for netflix_etl_pipeline to 2026-09-07 00:00:00+00:00, run_after=2026-09-08 00:00:00+00:00
[2026-09-08T08:04:01.693+0000] {processor.py:183} INFO - Processing /opt/airflow/dags/netflix_dag.py took 0.255 seconds
[2026-09-08T08:04:31.961+0000] {processor.py:161} INFO - Started process (PID=7656) to work on /opt/airflow/dags/netflix_dag.py
[2026-09-08T08:04:31.965+0000] {processor.py:830} INFO - Processing file /opt/airflow/dags/netflix_dag.py for tasks to queue
[2026-09-08T08:04:31.970+0000] {logging_mixin.py:188} INFO - [2026-09-08T08:04:31.969+0000] {dagbag.py:545} INFO - Filling up the DagBag from /opt/airflow/dags/netflix_dag.py
[2026-09-08T08:04:32.028+0000] {processor.py:840} INFO - DAG(s) 'netflix_etl_pipeline' retrieved from /opt/airflow/dags/netflix_dag.py
[2026-09-08T08:04:32.104+0000] {logging_mixin.py:188} INFO - [2026-09-08T08:04:32.104+0000] {dag.py:3089} INFO - Sync 1 DAGs
[2026-09-08T08:04:32.162+0000] {logging_mixin.py:188} INFO - [2026-09-08T08:04:32.161+0000] {dag.py:3947} INFO - Setting next_dagrun for netflix_etl_pipeline to 2026-09-07 00:00:00+00:00, run_after=2026-09-08 00:00:00+00:00
[2026-09-08T08:04:32.212+0000] {processor.py:183} INFO - Processing /opt/airflow/dags/netflix_dag.py took 0.268 seconds
[2026-09-08T08:05:02.529+0000] {processor.py:161} INFO - Started process (PID=7667) to work on /opt/airflow/dags/netflix_dag.py
[2026-09-08T08:05:02.532+0000] {processor.py:830} INFO - Processing file /opt/airflow/dags/netflix_dag.py for tasks to queue
[2026-09-08T08:05:02.539+0000] {logging_mixin.py:188} INFO - [2026-09-08T08:05:02.538+0000] {dagbag.py:545} INFO - Filling up the DagBag from /opt/airflow/dags/netflix_dag.py
[2026-09-08T08:05:02.598+0000] {processor.py:840} INFO - DAG(s) 'netflix_etl_pipeline' retrieved from /opt/airflow/dags/netflix_dag.py
[2026-09-08T08:05:02.685+0000] {logging_mixin.py:188} INFO - [2026-09-08T08:05:02.684+0000] {dag.py:3089} INFO - Sync 1 DAGs
[2026-09-08T08:05:02.741+0000] {logging_mixin.py:188} INFO - [2026-09-08T08:05:02.740+0000] {dag.py:3947} INFO - Setting next_dagrun for netflix_etl_pipeline to 2026-09-07 00:00:00+00:00, run_after=2026-09-08 00:00:00+00:00
[2026-09-08T08:05:02.789+0000] {processor.py:183} INFO - Processing /opt/airflow/dags/netflix_dag.py took 0.281 seconds
[2026-09-08T08:05:33.064+0000] {processor.py:161} INFO - Started process (PID=7678) to work on /opt/airflow/dags/netflix_dag.py
[2026-09-08T08:05:33.066+0000] {processor.py:830} INFO - Processing file /opt/airflow/dags/netflix_dag.py for tasks to queue
[2026-09-08T08:05:33.069+0000] {logging_mixin.py:188} INFO - [2026-09-08T08:05:33.069+0000] {dagbag.py:545} INFO - Filling up the DagBag from /opt/airflow/dags/netflix_dag.py
[2026-09-08T08:05:33.101+0000] {processor.py:840} INFO - DAG(s) 'netflix_etl_pipeline' retrieved from /opt/airflow/dags/netflix_dag.py
[2026-09-08T08:05:33.146+0000] {logging_mixin.py:188} INFO - [2026-09-08T08:05:33.145+0000] {dag.py:3089} INFO - Sync 1 DAGs
[2026-09-08T08:05:33.172+0000] {logging_mixin.py:188} INFO - [2026-09-08T08:05:33.172+0000] {dag.py:3947} INFO - Setting next_dagrun for netflix_etl_pipeline to 2026-09-07 00:00:00+00:00, run_after=2026-09-08 00:00:00+00:00
[2026-09-08T08:05:33.196+0000] {processor.py:183} INFO - Processing /opt/airflow/dags/netflix_dag.py took 0.139 seconds
[2026-09-08T08:06:03.354+0000] {processor.py:161} INFO - Started process (PID=7689) to work on /opt/airflow/dags/netflix_dag.py
[2026-09-08T08:06:03.357+0000] {processor.py:830} INFO - Processing file /opt/airflow/dags/netflix_dag.py for tasks to queue
[2026-09-08T08:06:03.370+0000] {logging_mixin.py:188} INFO - [2026-09-08T08:06:03.368+0000] {dagbag.py:545} INFO - Filling up the DagBag from /opt/airflow/dags/netflix_dag.py
[2026-09-08T08:06:03.430+0000] {processor.py:840} INFO - DAG(s) 'netflix_etl_pipeline' retrieved from /opt/airflow/dags/netflix_dag.py
[2026-09-08T08:06:03.512+0000] {logging_mixin.py:188} INFO - [2026-09-08T08:06:03.511+0000] {dag.py:3089} INFO - Sync 1 DAGs
[2026-09-08T08:06:03.563+0000] {logging_mixin.py:188} INFO - [2026-09-08T08:06:03.563+0000] {dag.py:3947} INFO - Setting next_dagrun for netflix_etl_pipeline to 2026-09-07 00:00:00+00:00, run_after=2026-09-08 00:00:00+00:00
[2026-09-08T08:06:03.611+0000] {processor.py:183} INFO - Processing /opt/airflow/dags/netflix_dag.py took 0.275 seconds
[2026-09-08T08:06:33.693+0000] {processor.py:161} INFO - Started process (PID=7700) to work on /opt/airflow/dags/netflix_dag.py
[2026-09-08T08:06:33.695+0000] {processor.py:830} INFO - Processing file /opt/airflow/dags/netflix_dag.py for tasks to queue
[2026-09-08T08:06:33.700+0000] {logging_mixin.py:188} INFO - [2026-09-08T08:06:33.699+0000] {dagbag.py:545} INFO - Filling up the DagBag from /opt/airflow/dags/netflix_dag.py
[2026-09-08T08:06:33.729+0000] {processor.py:840} INFO - DAG(s) 'netflix_etl_pipeline' retrieved from /opt/airflow/dags/netflix_dag.py
[2026-09-08T08:06:33.773+0000] {logging_mixin.py:188} INFO - [2026-09-08T08:06:33.772+0000] {dag.py:3089} INFO - Sync 1 DAGs
[2026-09-08T08:06:33.799+0000] {logging_mixin.py:188} INFO - [2026-09-08T08:06:33.799+0000] {dag.py:3947} INFO - Setting next_dagrun for netflix_etl_pipeline to 2026-09-07 00:00:00+00:00, run_after=2026-09-08 00:00:00+00:00
[2026-09-08T08:06:33.825+0000] {processor.py:183} INFO - Processing /opt/airflow/dags/netflix_dag.py took 0.139 seconds
[2026-09-08T08:07:04.150+0000] {processor.py:161} INFO - Started process (PID=7712) to work on /opt/airflow/dags/netflix_dag.py
[2026-09-08T08:07:04.153+0000] {processor.py:830} INFO - Processing file /opt/airflow/dags/netflix_dag.py for tasks to queue
[2026-09-08T08:07:04.161+0000] {logging_mixin.py:188} INFO - [2026-09-08T08:07:04.160+0000] {dagbag.py:545} INFO - Filling up the DagBag from /opt/airflow/dags/netflix_dag.py
[2026-09-08T08:07:04.227+0000] {processor.py:840} INFO - DAG(s) 'netflix_etl_pipeline' retrieved from /opt/airflow/dags/netflix_dag.py
[2026-09-08T08:07:04.305+0000] {logging_mixin.py:188} INFO - [2026-09-08T08:07:04.305+0000] {dag.py:3089} INFO - Sync 1 DAGs
[2026-09-08T08:07:04.358+0000] {logging_mixin.py:188} INFO - [2026-09-08T08:07:04.358+0000] {dag.py:3947} INFO - Setting next_dagrun for netflix_etl_pipeline to 2026-09-07 00:00:00+00:00, run_after=2026-09-08 00:00:00+00:00
[2026-09-08T08:07:04.410+0000] {processor.py:183} INFO - Processing /opt/airflow/dags/netflix_dag.py took 0.281 seconds
[2026-09-08T08:07:34.733+0000] {processor.py:161} INFO - Started process (PID=7723) to work on /opt/airflow/dags/netflix_dag.py
[2026-09-08T08:07:34.736+0000] {processor.py:830} INFO - Processing file /opt/airflow/dags/netflix_dag.py for tasks to queue
[2026-09-08T08:07:34.741+0000] {logging_mixin.py:188} INFO - [2026-09-08T08:07:34.740+0000] {dagbag.py:545} INFO - Filling up the DagBag from /opt/airflow/dags/netflix_dag.py
[2026-09-08T08:07:34.792+0000] {processor.py:840} INFO - DAG(s) 'netflix_etl_pipeline' retrieved from /opt/airflow/dags/netflix_dag.py
[2026-09-08T08:07:34.866+0000] {logging_mixin.py:188} INFO - [2026-09-08T08:07:34.866+0000] {dag.py:3089} INFO - Sync 1 DAGs
[2026-09-08T08:07:34.917+0000] {logging_mixin.py:188} INFO - [2026-09-08T08:07:34.917+0000] {dag.py:3947} INFO - Setting next_dagrun for netflix_etl_pipeline to 2026-09-07 00:00:00+00:00, run_after=2026-09-08 00:00:00+00:00
[2026-09-08T08:07:34.961+0000] {processor.py:183} INFO - Processing /opt/airflow/dags/netflix_dag.py took 0.244 seconds
[2026-09-08T08:08:05.271+0000] {processor.py:161} INFO - Started process (PID=7734) to work on /opt/airflow/dags/netflix_dag.py
[2026-09-08T08:08:05.275+0000] {processor.py:830} INFO - Processing file /opt/airflow/dags/netflix_dag.py for tasks to queue
[2026-09-08T08:08:05.281+0000] {logging_mixin.py:188} INFO - [2026-09-08T08:08:05.280+0000] {dagbag.py:545} INFO - Filling up the DagBag from /opt/airflow/dags/netflix_dag.py
[2026-09-08T08:08:05.341+0000] {processor.py:840} INFO - DAG(s) 'netflix_etl_pipeline' retrieved from /opt/airflow/dags/netflix_dag.py
[2026-09-08T08:08:05.420+0000] {logging_mixin.py:188} INFO - [2026-09-08T08:08:05.419+0000] {dag.py:3089} INFO - Sync 1 DAGs
[2026-09-08T08:08:05.477+0000] {logging_mixin.py:188} INFO - [2026-09-08T08:08:05.476+0000] {dag.py:3947} INFO - Setting next_dagrun for netflix_etl_pipeline to 2026-09-07 00:00:00+00:00, run_after=2026-09-08 00:00:00+00:00
[2026-09-08T08:08:05.520+0000] {processor.py:183} INFO - Processing /opt/airflow/dags/netflix_dag.py took 0.267 seconds
[2026-09-08T08:08:35.835+0000] {processor.py:161} INFO - Started process (PID=7746) to work on /opt/airflow/dags/netflix_dag.py
[2026-09-08T08:08:35.839+0000] {processor.py:830} INFO - Processing file /opt/airflow/dags/netflix_dag.py for tasks to queue
[2026-09-08T08:08:35.845+0000] {logging_mixin.py:188} INFO - [2026-09-08T08:08:35.844+0000] {dagbag.py:545} INFO - Filling up the DagBag from /opt/airflow/dags/netflix_dag.py
[2026-09-08T08:08:35.906+0000] {processor.py:840} INFO - DAG(s) 'netflix_etl_pipeline' retrieved from /opt/airflow/dags/netflix_dag.py
[2026-09-08T08:08:36.004+0000] {logging_mixin.py:188} INFO - [2026-09-08T08:08:36.002+0000] {dag.py:3089} INFO - Sync 1 DAGs
[2026-09-08T08:08:36.071+0000] {logging_mixin.py:188} INFO - [2026-09-08T08:08:36.071+0000] {dag.py:3947} INFO - Setting next_dagrun for netflix_etl_pipeline to 2026-09-07 00:00:00+00:00, run_after=2026-09-08 00:00:00+00:00
[2026-09-08T08:08:36.122+0000] {processor.py:183} INFO - Processing /opt/airflow/dags/netflix_dag.py took 0.303 seconds
[2026-09-08T08:09:06.429+0000] {processor.py:161} INFO - Started process (PID=7757) to work on /opt/airflow/dags/netflix_dag.py
[2026-09-08T08:09:06.433+0000] {processor.py:830} INFO - Processing file /opt/airflow/dags/netflix_dag.py for tasks to queue
[2026-09-08T08:09:06.440+0000] {logging_mixin.py:188} INFO - [2026-09-08T08:09:06.439+0000] {dagbag.py:545} INFO - Filling up the DagBag from /opt/airflow/dags/netflix_dag.py
[2026-09-08T08:09:06.501+0000] {processor.py:840} INFO - DAG(s) 'netflix_etl_pipeline' retrieved from /opt/airflow/dags/netflix_dag.py
[2026-09-08T08:09:06.584+0000] {logging_mixin.py:188} INFO - [2026-09-08T08:09:06.583+0000] {dag.py:3089} INFO - Sync 1 DAGs
[2026-09-08T08:09:06.638+0000] {logging_mixin.py:188} INFO - [2026-09-08T08:09:06.638+0000] {dag.py:3947} INFO - Setting next_dagrun for netflix_etl_pipeline to 2026-09-07 00:00:00+00:00, run_after=2026-09-08 00:00:00+00:00
[2026-09-08T08:09:06.688+0000] {processor.py:183} INFO - Processing /opt/airflow/dags/netflix_dag.py took 0.276 seconds
[2026-09-08T08:09:37.047+0000] {processor.py:161} INFO - Started process (PID=7768) to work on /opt/airflow/dags/netflix_dag.py
[2026-09-08T08:09:37.048+0000] {processor.py:830} INFO - Processing file /opt/airflow/dags/netflix_dag.py for tasks to queue
[2026-09-08T08:09:37.051+0000] {logging_mixin.py:188} INFO - [2026-09-08T08:09:37.051+0000] {dagbag.py:545} INFO - Filling up the DagBag from /opt/airflow/dags/netflix_dag.py
[2026-09-08T08:09:37.079+0000] {processor.py:840} INFO - DAG(s) 'netflix_etl_pipeline' retrieved from /opt/airflow/dags/netflix_dag.py
[2026-09-08T08:09:37.120+0000] {logging_mixin.py:188} INFO - [2026-09-08T08:09:37.120+0000] {dag.py:3089} INFO - Sync 1 DAGs
[2026-09-08T08:09:37.144+0000] {logging_mixin.py:188} INFO - [2026-09-08T08:09:37.144+0000] {dag.py:3947} INFO - Setting next_dagrun for netflix_etl_pipeline to 2026-09-07 00:00:00+00:00, run_after=2026-09-08 00:00:00+00:00
[2026-09-08T08:09:37.169+0000] {processor.py:183} INFO - Processing /opt/airflow/dags/netflix_dag.py took 0.130 seconds
[2026-09-08T08:10:07.316+0000] {processor.py:161} INFO - Started process (PID=7779) to work on /opt/airflow/dags/netflix_dag.py
[2026-09-08T08:10:07.319+0000] {processor.py:830} INFO - Processing file /opt/airflow/dags/netflix_dag.py for tasks to queue
[2026-09-08T08:10:07.324+0000] {logging_mixin.py:188} INFO - [2026-09-08T08:10:07.323+0000] {dagbag.py:545} INFO - Filling up the DagBag from /opt/airflow/dags/netflix_dag.py
[2026-09-08T08:10:07.381+0000] {processor.py:840} INFO - DAG(s) 'netflix_etl_pipeline' retrieved from /opt/airflow/dags/netflix_dag.py
[2026-09-08T08:10:07.451+0000] {logging_mixin.py:188} INFO - [2026-09-08T08:10:07.450+0000] {dag.py:3089} INFO - Sync 1 DAGs
[2026-09-08T08:10:07.496+0000] {logging_mixin.py:188} INFO - [2026-09-08T08:10:07.496+0000] {dag.py:3947} INFO - Setting next_dagrun for netflix_etl_pipeline to 2026-09-07 00:00:00+00:00, run_after=2026-09-08 00:00:00+00:00
[2026-09-08T08:10:07.537+0000] {processor.py:183} INFO - Processing /opt/airflow/dags/netflix_dag.py took 0.235 seconds
[2026-09-08T08:10:37.687+0000] {processor.py:161} INFO - Started process (PID=7790) to work on /opt/airflow/dags/netflix_dag.py
[2026-09-08T08:10:37.690+0000] {processor.py:830} INFO - Processing file /opt/airflow/dags/netflix_dag.py for tasks to queue
[2026-09-08T08:10:37.697+0000] {logging_mixin.py:188} INFO - [2026-09-08T08:10:37.696+0000] {dagbag.py:545} INFO - Filling up the DagBag from /opt/airflow/dags/netflix_dag.py
[2026-09-08T08:10:37.752+0000] {processor.py:840} INFO - DAG(s) 'netflix_etl_pipeline' retrieved from /opt/airflow/dags/netflix_dag.py
[2026-09-08T08:10:37.827+0000] {logging_mixin.py:188} INFO - [2026-09-08T08:10:37.826+0000] {dag.py:3089} INFO - Sync 1 DAGs
[2026-09-08T08:10:37.878+0000] {logging_mixin.py:188} INFO - [2026-09-08T08:10:37.877+0000] {dag.py:3947} INFO - Setting next_dagrun for netflix_etl_pipeline to 2026-09-07 00:00:00+00:00, run_after=2026-09-08 00:00:00+00:00
[2026-09-08T08:10:37.922+0000] {processor.py:183} INFO - Processing /opt/airflow/dags/netflix_dag.py took 0.250 seconds
[2026-09-08T08:11:08.064+0000] {processor.py:161} INFO - Started process (PID=7801) to work on /opt/airflow/dags/netflix_dag.py
[2026-09-08T08:11:08.067+0000] {processor.py:830} INFO - Processing file /opt/airflow/dags/netflix_dag.py for tasks to queue
[2026-09-08T08:11:08.076+0000] {logging_mixin.py:188} INFO - [2026-09-08T08:11:08.075+0000] {dagbag.py:545} INFO - Filling up the DagBag from /opt/airflow/dags/netflix_dag.py
[2026-09-08T08:11:08.133+0000] {processor.py:840} INFO - DAG(s) 'netflix_etl_pipeline' retrieved from /opt/airflow/dags/netflix_dag.py
[2026-09-08T08:11:08.215+0000] {logging_mixin.py:188} INFO - [2026-09-08T08:11:08.215+0000] {dag.py:3089} INFO - Sync 1 DAGs
[2026-09-08T08:11:08.269+0000] {logging_mixin.py:188} INFO - [2026-09-08T08:11:08.268+0000] {dag.py:3947} INFO - Setting next_dagrun for netflix_etl_pipeline to 2026-09-07 00:00:00+00:00, run_after=2026-09-08 00:00:00+00:00
[2026-09-08T08:11:08.328+0000] {processor.py:183} INFO - Processing /opt/airflow/dags/netflix_dag.py took 0.281 seconds
[2026-09-08T08:11:38.445+0000] {processor.py:161} INFO - Started process (PID=7812) to work on /opt/airflow/dags/netflix_dag.py
[2026-09-08T08:11:38.447+0000] {processor.py:830} INFO - Processing file /opt/airflow/dags/netflix_dag.py for tasks to queue
[2026-09-08T08:11:38.451+0000] {logging_mixin.py:188} INFO - [2026-09-08T08:11:38.451+0000] {dagbag.py:545} INFO - Filling up the DagBag from /opt/airflow/dags/netflix_dag.py
[2026-09-08T08:11:38.477+0000] {processor.py:840} INFO - DAG(s) 'netflix_etl_pipeline' retrieved from /opt/airflow/dags/netflix_dag.py
[2026-09-08T08:11:38.519+0000] {logging_mixin.py:188} INFO - [2026-09-08T08:11:38.519+0000] {dag.py:3089} INFO - Sync 1 DAGs
[2026-09-08T08:11:38.543+0000] {logging_mixin.py:188} INFO - [2026-09-08T08:11:38.542+0000] {dag.py:3947} INFO - Setting next_dagrun for netflix_etl_pipeline to 2026-09-07 00:00:00+00:00, run_after=2026-09-08 00:00:00+00:00
[2026-09-08T08:11:38.565+0000] {processor.py:183} INFO - Processing /opt/airflow/dags/netflix_dag.py took 0.128 seconds
[2026-09-08T08:12:08.828+0000] {processor.py:161} INFO - Started process (PID=7823) to work on /opt/airflow/dags/netflix_dag.py
[2026-09-08T08:12:08.830+0000] {processor.py:830} INFO - Processing file /opt/airflow/dags/netflix_dag.py for tasks to queue
[2026-09-08T08:12:08.835+0000] {logging_mixin.py:188} INFO - [2026-09-08T08:12:08.835+0000] {dagbag.py:545} INFO - Filling up the DagBag from /opt/airflow/dags/netflix_dag.py
[2026-09-08T08:12:08.862+0000] {processor.py:840} INFO - DAG(s) 'netflix_etl_pipeline' retrieved from /opt/airflow/dags/netflix_dag.py
[2026-09-08T08:12:08.900+0000] {logging_mixin.py:188} INFO - [2026-09-08T08:12:08.900+0000] {dag.py:3089} INFO - Sync 1 DAGs
[2026-09-08T08:12:08.924+0000] {logging_mixin.py:188} INFO - [2026-09-08T08:12:08.923+0000] {dag.py:3947} INFO - Setting next_dagrun for netflix_etl_pipeline to 2026-09-07 00:00:00+00:00, run_after=2026-09-08 00:00:00+00:00
[2026-09-08T08:12:08.946+0000] {processor.py:183} INFO - Processing /opt/airflow/dags/netflix_dag.py took 0.125 seconds
[2026-09-08T08:12:39.057+0000] {processor.py:161} INFO - Started process (PID=7835) to work on /opt/airflow/dags/netflix_dag.py
[2026-09-08T08:12:39.058+0000] {processor.py:830} INFO - Processing file /opt/airflow/dags/netflix_dag.py for tasks to queue
[2026-09-08T08:12:39.062+0000] {logging_mixin.py:188} INFO - [2026-09-08T08:12:39.061+0000] {dagbag.py:545} INFO - Filling up the DagBag from /opt/airflow/dags/netflix_dag.py
[2026-09-08T08:12:39.087+0000] {processor.py:840} INFO - DAG(s) 'netflix_etl_pipeline' retrieved from /opt/airflow/dags/netflix_dag.py
[2026-09-08T08:12:39.124+0000] {logging_mixin.py:188} INFO - [2026-09-08T08:12:39.124+0000] {dag.py:3089} INFO - Sync 1 DAGs
[2026-09-08T08:12:39.148+0000] {logging_mixin.py:188} INFO - [2026-09-08T08:12:39.147+0000] {dag.py:3947} INFO - Setting next_dagrun for netflix_etl_pipeline to 2026-09-07 00:00:00+00:00, run_after=2026-09-08 00:00:00+00:00
[2026-09-08T08:12:39.172+0000] {processor.py:183} INFO - Processing /opt/airflow/dags/netflix_dag.py took 0.122 seconds
[2026-09-08T08:13:09.388+0000] {processor.py:161} INFO - Started process (PID=7846) to work on /opt/airflow/dags/netflix_dag.py
[2026-09-08T08:13:09.390+0000] {processor.py:830} INFO - Processing file /opt/airflow/dags/netflix_dag.py for tasks to queue
[2026-09-08T08:13:09.397+0000] {logging_mixin.py:188} INFO - [2026-09-08T08:13:09.396+0000] {dagbag.py:545} INFO - Filling up the DagBag from /opt/airflow/dags/netflix_dag.py
[2026-09-08T08:13:09.430+0000] {processor.py:840} INFO - DAG(s) 'netflix_etl_pipeline' retrieved from /opt/airflow/dags/netflix_dag.py
[2026-09-08T08:13:09.474+0000] {logging_mixin.py:188} INFO - [2026-09-08T08:13:09.473+0000] {dag.py:3089} INFO - Sync 1 DAGs
[2026-09-08T08:13:09.504+0000] {logging_mixin.py:188} INFO - [2026-09-08T08:13:09.504+0000] {dag.py:3947} INFO - Setting next_dagrun for netflix_etl_pipeline to 2026-09-07 00:00:00+00:00, run_after=2026-09-08 00:00:00+00:00
[2026-09-08T08:13:09.534+0000] {processor.py:183} INFO - Processing /opt/airflow/dags/netflix_dag.py took 0.153 seconds
[2026-09-08T08:13:39.662+0000] {processor.py:161} INFO - Started process (PID=7857) to work on /opt/airflow/dags/netflix_dag.py
[2026-09-08T08:13:39.665+0000] {processor.py:830} INFO - Processing file /opt/airflow/dags/netflix_dag.py for tasks to queue
[2026-09-08T08:13:39.671+0000] {logging_mixin.py:188} INFO - [2026-09-08T08:13:39.670+0000] {dagbag.py:545} INFO - Filling up the DagBag from /opt/airflow/dags/netflix_dag.py
[2026-09-08T08:13:39.728+0000] {processor.py:840} INFO - DAG(s) 'netflix_etl_pipeline' retrieved from /opt/airflow/dags/netflix_dag.py
[2026-09-08T08:13:39.821+0000] {logging_mixin.py:188} INFO - [2026-09-08T08:13:39.821+0000] {dag.py:3089} INFO - Sync 1 DAGs
[2026-09-08T08:13:39.888+0000] {logging_mixin.py:188} INFO - [2026-09-08T08:13:39.888+0000] {dag.py:3947} INFO - Setting next_dagrun for netflix_etl_pipeline to 2026-09-07 00:00:00+00:00, run_after=2026-09-08 00:00:00+00:00
[2026-09-08T08:13:39.934+0000] {processor.py:183} INFO - Processing /opt/airflow/dags/netflix_dag.py took 0.287 seconds
[2026-09-08T08:14:10.044+0000] {processor.py:161} INFO - Started process (PID=7868) to work on /opt/airflow/dags/netflix_dag.py
[2026-09-08T08:14:10.047+0000] {processor.py:830} INFO - Processing file /opt/airflow/dags/netflix_dag.py for tasks to queue
[2026-09-08T08:14:10.053+0000] {logging_mixin.py:188} INFO - [2026-09-08T08:14:10.052+0000] {dagbag.py:545} INFO - Filling up the DagBag from /opt/airflow/dags/netflix_dag.py
[2026-09-08T08:14:10.105+0000] {processor.py:840} INFO - DAG(s) 'netflix_etl_pipeline' retrieved from /opt/airflow/dags/netflix_dag.py
[2026-09-08T08:14:10.186+0000] {logging_mixin.py:188} INFO - [2026-09-08T08:14:10.185+0000] {dag.py:3089} INFO - Sync 1 DAGs
[2026-09-08T08:14:10.236+0000] {logging_mixin.py:188} INFO - [2026-09-08T08:14:10.235+0000] {dag.py:3947} INFO - Setting next_dagrun for netflix_etl_pipeline to 2026-09-07 00:00:00+00:00, run_after=2026-09-08 00:00:00+00:00
[2026-09-08T08:14:10.282+0000] {processor.py:183} INFO - Processing /opt/airflow/dags/netflix_dag.py took 0.251 seconds
[2026-09-08T08:14:40.493+0000] {processor.py:161} INFO - Started process (PID=7879) to work on /opt/airflow/dags/netflix_dag.py
[2026-09-08T08:14:40.496+0000] {processor.py:830} INFO - Processing file /opt/airflow/dags/netflix_dag.py for tasks to queue
[2026-09-08T08:14:40.503+0000] {logging_mixin.py:188} INFO - [2026-09-08T08:14:40.501+0000] {dagbag.py:545} INFO - Filling up the DagBag from /opt/airflow/dags/netflix_dag.py
[2026-09-08T08:14:40.561+0000] {processor.py:840} INFO - DAG(s) 'netflix_etl_pipeline' retrieved from /opt/airflow/dags/netflix_dag.py
[2026-09-08T08:14:40.641+0000] {logging_mixin.py:188} INFO - [2026-09-08T08:14:40.640+0000] {dag.py:3089} INFO - Sync 1 DAGs
[2026-09-08T08:14:40.694+0000] {logging_mixin.py:188} INFO - [2026-09-08T08:14:40.694+0000] {dag.py:3947} INFO - Setting next_dagrun for netflix_etl_pipeline to 2026-09-07 00:00:00+00:00, run_after=2026-09-08 00:00:00+00:00
[2026-09-08T08:14:40.740+0000] {processor.py:183} INFO - Processing /opt/airflow/dags/netflix_dag.py took 0.268 seconds
[2026-09-08T08:15:11.049+0000] {processor.py:161} INFO - Started process (PID=7890) to work on /opt/airflow/dags/netflix_dag.py
[2026-09-08T08:15:11.053+0000] {processor.py:830} INFO - Processing file /opt/airflow/dags/netflix_dag.py for tasks to queue
[2026-09-08T08:15:11.058+0000] {logging_mixin.py:188} INFO - [2026-09-08T08:15:11.057+0000] {dagbag.py:545} INFO - Filling up the DagBag from /opt/airflow/dags/netflix_dag.py
[2026-09-08T08:15:11.116+0000] {processor.py:840} INFO - DAG(s) 'netflix_etl_pipeline' retrieved from /opt/airflow/dags/netflix_dag.py
[2026-09-08T08:15:11.202+0000] {logging_mixin.py:188} INFO - [2026-09-08T08:15:11.201+0000] {dag.py:3089} INFO - Sync 1 DAGs
[2026-09-08T08:15:11.254+0000] {logging_mixin.py:188} INFO - [2026-09-08T08:15:11.253+0000] {dag.py:3947} INFO - Setting next_dagrun for netflix_etl_pipeline to 2026-09-07 00:00:00+00:00, run_after=2026-09-08 00:00:00+00:00
[2026-09-08T08:15:11.299+0000] {processor.py:183} INFO - Processing /opt/airflow/dags/netflix_dag.py took 0.269 seconds
[2026-09-08T08:15:41.607+0000] {processor.py:161} INFO - Started process (PID=7901) to work on /opt/airflow/dags/netflix_dag.py
[2026-09-08T08:15:41.612+0000] {processor.py:830} INFO - Processing file /opt/airflow/dags/netflix_dag.py for tasks to queue
[2026-09-08T08:15:41.617+0000] {logging_mixin.py:188} INFO - [2026-09-08T08:15:41.617+0000] {dagbag.py:545} INFO - Filling up the DagBag from /opt/airflow/dags/netflix_dag.py
[2026-09-08T08:15:41.679+0000] {processor.py:840} INFO - DAG(s) 'netflix_etl_pipeline' retrieved from /opt/airflow/dags/netflix_dag.py
[2026-09-08T08:15:41.759+0000] {logging_mixin.py:188} INFO - [2026-09-08T08:15:41.759+0000] {dag.py:3089} INFO - Sync 1 DAGs
[2026-09-08T08:15:41.810+0000] {logging_mixin.py:188} INFO - [2026-09-08T08:15:41.809+0000] {dag.py:3947} INFO - Setting next_dagrun for netflix_etl_pipeline to 2026-09-07 00:00:00+00:00, run_after=2026-09-08 00:00:00+00:00
[2026-09-08T08:15:41.859+0000] {processor.py:183} INFO - Processing /opt/airflow/dags/netflix_dag.py took 0.268 seconds
[2026-09-08T08:16:12.127+0000] {processor.py:161} INFO - Started process (PID=7912) to work on /opt/airflow/dags/netflix_dag.py
[2026-09-08T08:16:12.130+0000] {processor.py:830} INFO - Processing file /opt/airflow/dags/netflix_dag.py for tasks to queue
[2026-09-08T08:16:12.134+0000] {logging_mixin.py:188} INFO - [2026-09-08T08:16:12.133+0000] {dagbag.py:545} INFO - Filling up the DagBag from /opt/airflow/dags/netflix_dag.py
[2026-09-08T08:16:12.159+0000] {processor.py:840} INFO - DAG(s) 'netflix_etl_pipeline' retrieved from /opt/airflow/dags/netflix_dag.py
[2026-09-08T08:16:12.206+0000] {logging_mixin.py:188} INFO - [2026-09-08T08:16:12.205+0000] {dag.py:3089} INFO - Sync 1 DAGs
[2026-09-08T08:16:12.234+0000] {logging_mixin.py:188} INFO - [2026-09-08T08:16:12.234+0000] {dag.py:3947} INFO - Setting next_dagrun for netflix_etl_pipeline to 2026-09-07 00:00:00+00:00, run_after=2026-09-08 00:00:00+00:00
[2026-09-08T08:16:12.261+0000] {processor.py:183} INFO - Processing /opt/airflow/dags/netflix_dag.py took 0.144 seconds
[2026-09-08T08:16:42.378+0000] {processor.py:161} INFO - Started process (PID=7923) to work on /opt/airflow/dags/netflix_dag.py
[2026-09-08T08:16:42.381+0000] {processor.py:830} INFO - Processing file /opt/airflow/dags/netflix_dag.py for tasks to queue
[2026-09-08T08:16:42.383+0000] {logging_mixin.py:188} INFO - [2026-09-08T08:16:42.383+0000] {dagbag.py:545} INFO - Filling up the DagBag from /opt/airflow/dags/netflix_dag.py
[2026-09-08T08:16:42.414+0000] {processor.py:840} INFO - DAG(s) 'netflix_etl_pipeline' retrieved from /opt/airflow/dags/netflix_dag.py
[2026-09-08T08:16:42.456+0000] {logging_mixin.py:188} INFO - [2026-09-08T08:16:42.455+0000] {dag.py:3089} INFO - Sync 1 DAGs
[2026-09-08T08:16:42.481+0000] {logging_mixin.py:188} INFO - [2026-09-08T08:16:42.481+0000] {dag.py:3947} INFO - Setting next_dagrun for netflix_etl_pipeline to 2026-09-07 00:00:00+00:00, run_after=2026-09-08 00:00:00+00:00
[2026-09-08T08:16:42.513+0000] {processor.py:183} INFO - Processing /opt/airflow/dags/netflix_dag.py took 0.143 seconds
[2026-09-08T08:17:12.757+0000] {processor.py:161} INFO - Started process (PID=7934) to work on /opt/airflow/dags/netflix_dag.py
[2026-09-08T08:17:12.759+0000] {processor.py:830} INFO - Processing file /opt/airflow/dags/netflix_dag.py for tasks to queue
[2026-09-08T08:17:12.762+0000] {logging_mixin.py:188} INFO - [2026-09-08T08:17:12.761+0000] {dagbag.py:545} INFO - Filling up the DagBag from /opt/airflow/dags/netflix_dag.py
[2026-09-08T08:17:12.795+0000] {processor.py:840} INFO - DAG(s) 'netflix_etl_pipeline' retrieved from /opt/airflow/dags/netflix_dag.py
[2026-09-08T08:17:12.837+0000] {logging_mixin.py:188} INFO - [2026-09-08T08:17:12.836+0000] {dag.py:3089} INFO - Sync 1 DAGs
[2026-09-08T08:17:12.862+0000] {logging_mixin.py:188} INFO - [2026-09-08T08:17:12.861+0000] {dag.py:3947} INFO - Setting next_dagrun for netflix_etl_pipeline to 2026-09-07 00:00:00+00:00, run_after=2026-09-08 00:00:00+00:00
[2026-09-08T08:17:12.889+0000] {processor.py:183} INFO - Processing /opt/airflow/dags/netflix_dag.py took 0.140 seconds
[2026-09-08T08:17:43.004+0000] {processor.py:161} INFO - Started process (PID=7945) to work on /opt/airflow/dags/netflix_dag.py
[2026-09-08T08:17:43.006+0000] {processor.py:830} INFO - Processing file /opt/airflow/dags/netflix_dag.py for tasks to queue
[2026-09-08T08:17:43.009+0000] {logging_mixin.py:188} INFO - [2026-09-08T08:17:43.008+0000] {dagbag.py:545} INFO - Filling up the DagBag from /opt/airflow/dags/netflix_dag.py
[2026-09-08T08:17:43.035+0000] {processor.py:840} INFO - DAG(s) 'netflix_etl_pipeline' retrieved from /opt/airflow/dags/netflix_dag.py
[2026-09-08T08:17:43.071+0000] {logging_mixin.py:188} INFO - [2026-09-08T08:17:43.071+0000] {dag.py:3089} INFO - Sync 1 DAGs
[2026-09-08T08:17:43.094+0000] {logging_mixin.py:188} INFO - [2026-09-08T08:17:43.094+0000] {dag.py:3947} INFO - Setting next_dagrun for netflix_etl_pipeline to 2026-09-07 00:00:00+00:00, run_after=2026-09-08 00:00:00+00:00
[2026-09-08T08:17:43.117+0000] {processor.py:183} INFO - Processing /opt/airflow/dags/netflix_dag.py took 0.120 seconds
[2026-09-08T08:18:13.410+0000] {processor.py:161} INFO - Started process (PID=7956) to work on /opt/airflow/dags/netflix_dag.py
[2026-09-08T08:18:13.414+0000] {processor.py:830} INFO - Processing file /opt/airflow/dags/netflix_dag.py for tasks to queue
[2026-09-08T08:18:13.419+0000] {logging_mixin.py:188} INFO - [2026-09-08T08:18:13.418+0000] {dagbag.py:545} INFO - Filling up the DagBag from /opt/airflow/dags/netflix_dag.py
[2026-09-08T08:18:13.478+0000] {processor.py:840} INFO - DAG(s) 'netflix_etl_pipeline' retrieved from /opt/airflow/dags/netflix_dag.py
[2026-09-08T08:18:13.572+0000] {logging_mixin.py:188} INFO - [2026-09-08T08:18:13.571+0000] {dag.py:3089} INFO - Sync 1 DAGs
[2026-09-08T08:18:13.635+0000] {logging_mixin.py:188} INFO - [2026-09-08T08:18:13.635+0000] {dag.py:3947} INFO - Setting next_dagrun for netflix_etl_pipeline to 2026-09-07 00:00:00+00:00, run_after=2026-09-08 00:00:00+00:00
[2026-09-08T08:18:13.685+0000] {processor.py:183} INFO - Processing /opt/airflow/dags/netflix_dag.py took 0.291 seconds
[2026-09-08T08:18:44.004+0000] {processor.py:161} INFO - Started process (PID=7967) to work on /opt/airflow/dags/netflix_dag.py
[2026-09-08T08:18:44.008+0000] {processor.py:830} INFO - Processing file /opt/airflow/dags/netflix_dag.py for tasks to queue
[2026-09-08T08:18:44.014+0000] {logging_mixin.py:188} INFO - [2026-09-08T08:18:44.013+0000] {dagbag.py:545} INFO - Filling up the DagBag from /opt/airflow/dags/netflix_dag.py
[2026-09-08T08:18:44.069+0000] {processor.py:840} INFO - DAG(s) 'netflix_etl_pipeline' retrieved from /opt/airflow/dags/netflix_dag.py
[2026-09-08T08:18:44.149+0000] {logging_mixin.py:188} INFO - [2026-09-08T08:18:44.149+0000] {dag.py:3089} INFO - Sync 1 DAGs
[2026-09-08T08:18:44.201+0000] {logging_mixin.py:188} INFO - [2026-09-08T08:18:44.201+0000] {dag.py:3947} INFO - Setting next_dagrun for netflix_etl_pipeline to 2026-09-07 00:00:00+00:00, run_after=2026-09-08 00:00:00+00:00
[2026-09-08T08:18:44.252+0000] {processor.py:183} INFO - Processing /opt/airflow/dags/netflix_dag.py took 0.265 seconds
[2026-09-08T08:19:14.524+0000] {processor.py:161} INFO - Started process (PID=7978) to work on /opt/airflow/dags/netflix_dag.py
[2026-09-08T08:19:14.525+0000] {processor.py:830} INFO - Processing file /opt/airflow/dags/netflix_dag.py for tasks to queue
[2026-09-08T08:19:14.528+0000] {logging_mixin.py:188} INFO - [2026-09-08T08:19:14.528+0000] {dagbag.py:545} INFO - Filling up the DagBag from /opt/airflow/dags/netflix_dag.py
[2026-09-08T08:19:14.554+0000] {processor.py:840} INFO - DAG(s) 'netflix_etl_pipeline' retrieved from /opt/airflow/dags/netflix_dag.py
[2026-09-08T08:19:14.601+0000] {logging_mixin.py:188} INFO - [2026-09-08T08:19:14.601+0000] {dag.py:3089} INFO - Sync 1 DAGs
[2026-09-08T08:19:14.634+0000] {logging_mixin.py:188} INFO - [2026-09-08T08:19:14.634+0000] {dag.py:3947} INFO - Setting next_dagrun for netflix_etl_pipeline to 2026-09-07 00:00:00+00:00, run_after=2026-09-08 00:00:00+00:00
[2026-09-08T08:19:14.661+0000] {processor.py:183} INFO - Processing /opt/airflow/dags/netflix_dag.py took 0.145 seconds
[2026-09-08T08:19:44.805+0000] {processor.py:161} INFO - Started process (PID=7989) to work on /opt/airflow/dags/netflix_dag.py
[2026-09-08T08:19:44.807+0000] {processor.py:830} INFO - Processing file /opt/airflow/dags/netflix_dag.py for tasks to queue
[2026-09-08T08:19:44.810+0000] {logging_mixin.py:188} INFO - [2026-09-08T08:19:44.809+0000] {dagbag.py:545} INFO - Filling up the DagBag from /opt/airflow/dags/netflix_dag.py
[2026-09-08T08:19:44.843+0000] {processor.py:840} INFO - DAG(s) 'netflix_etl_pipeline' retrieved from /opt/airflow/dags/netflix_dag.py
[2026-09-08T08:19:44.890+0000] {logging_mixin.py:188} INFO - [2026-09-08T08:19:44.890+0000] {dag.py:3089} INFO - Sync 1 DAGs
[2026-09-08T08:19:44.918+0000] {logging_mixin.py:188} INFO - [2026-09-08T08:19:44.917+0000] {dag.py:3947} INFO - Setting next_dagrun for netflix_etl_pipeline to 2026-09-07 00:00:00+00:00, run_after=2026-09-08 00:00:00+00:00
[2026-09-08T08:19:44.947+0000] {processor.py:183} INFO - Processing /opt/airflow/dags/netflix_dag.py took 0.151 seconds
[2026-09-08T08:20:15.207+0000] {processor.py:161} INFO - Started process (PID=8000) to work on /opt/airflow/dags/netflix_dag.py
[2026-09-08T08:20:15.210+0000] {processor.py:830} INFO - Processing file /opt/airflow/dags/netflix_dag.py for tasks to queue
[2026-09-08T08:20:15.215+0000] {logging_mixin.py:188} INFO - [2026-09-08T08:20:15.215+0000] {dagbag.py:545} INFO - Filling up the DagBag from /opt/airflow/dags/netflix_dag.py
[2026-09-08T08:20:15.271+0000] {processor.py:840} INFO - DAG(s) 'netflix_etl_pipeline' retrieved from /opt/airflow/dags/netflix_dag.py
[2026-09-08T08:20:15.350+0000] {logging_mixin.py:188} INFO - [2026-09-08T08:20:15.350+0000] {dag.py:3089} INFO - Sync 1 DAGs
[2026-09-08T08:20:15.405+0000] {logging_mixin.py:188} INFO - [2026-09-08T08:20:15.404+0000] {dag.py:3947} INFO - Setting next_dagrun for netflix_etl_pipeline to 2026-09-07 00:00:00+00:00, run_after=2026-09-08 00:00:00+00:00
[2026-09-08T08:20:15.449+0000] {processor.py:183} INFO - Processing /opt/airflow/dags/netflix_dag.py took 0.258 seconds
[2026-09-08T08:20:45.764+0000] {processor.py:161} INFO - Started process (PID=8011) to work on /opt/airflow/dags/netflix_dag.py
[2026-09-08T08:20:45.768+0000] {processor.py:830} INFO - Processing file /opt/airflow/dags/netflix_dag.py for tasks to queue
[2026-09-08T08:20:45.773+0000] {logging_mixin.py:188} INFO - [2026-09-08T08:20:45.773+0000] {dagbag.py:545} INFO - Filling up the DagBag from /opt/airflow/dags/netflix_dag.py
[2026-09-08T08:20:45.831+0000] {processor.py:840} INFO - DAG(s) 'netflix_etl_pipeline' retrieved from /opt/airflow/dags/netflix_dag.py
[2026-09-08T08:20:45.910+0000] {logging_mixin.py:188} INFO - [2026-09-08T08:20:45.909+0000] {dag.py:3089} INFO - Sync 1 DAGs
[2026-09-08T08:20:45.960+0000] {logging_mixin.py:188} INFO - [2026-09-08T08:20:45.959+0000] {dag.py:3947} INFO - Setting next_dagrun for netflix_etl_pipeline to 2026-09-07 00:00:00+00:00, run_after=2026-09-08 00:00:00+00:00
[2026-09-08T08:20:46.005+0000] {processor.py:183} INFO - Processing /opt/airflow/dags/netflix_dag.py took 0.259 seconds
[2026-09-08T08:21:16.319+0000] {processor.py:161} INFO - Started process (PID=8022) to work on /opt/airflow/dags/netflix_dag.py
[2026-09-08T08:21:16.322+0000] {processor.py:830} INFO - Processing file /opt/airflow/dags/netflix_dag.py for tasks to queue
[2026-09-08T08:21:16.328+0000] {logging_mixin.py:188} INFO - [2026-09-08T08:21:16.327+0000] {dagbag.py:545} INFO - Filling up the DagBag from /opt/airflow/dags/netflix_dag.py
[2026-09-08T08:21:16.391+0000] {processor.py:840} INFO - DAG(s) 'netflix_etl_pipeline' retrieved from /opt/airflow/dags/netflix_dag.py
[2026-09-08T08:21:16.476+0000] {logging_mixin.py:188} INFO - [2026-09-08T08:21:16.476+0000] {dag.py:3089} INFO - Sync 1 DAGs
[2026-09-08T08:21:16.527+0000] {logging_mixin.py:188} INFO - [2026-09-08T08:21:16.527+0000] {dag.py:3947} INFO - Setting next_dagrun for netflix_etl_pipeline to 2026-09-07 00:00:00+00:00, run_after=2026-09-08 00:00:00+00:00
[2026-09-08T08:21:16.576+0000] {processor.py:183} INFO - Processing /opt/airflow/dags/netflix_dag.py took 0.274 seconds
[2026-09-08T08:21:46.894+0000] {processor.py:161} INFO - Started process (PID=8033) to work on /opt/airflow/dags/netflix_dag.py
[2026-09-08T08:21:46.897+0000] {processor.py:830} INFO - Processing file /opt/airflow/dags/netflix_dag.py for tasks to queue
[2026-09-08T08:21:46.902+0000] {logging_mixin.py:188} INFO - [2026-09-08T08:21:46.902+0000] {dagbag.py:545} INFO - Filling up the DagBag from /opt/airflow/dags/netflix_dag.py
[2026-09-08T08:21:46.953+0000] {processor.py:840} INFO - DAG(s) 'netflix_etl_pipeline' retrieved from /opt/airflow/dags/netflix_dag.py
[2026-09-08T08:21:47.026+0000] {logging_mixin.py:188} INFO - [2026-09-08T08:21:47.025+0000] {dag.py:3089} INFO - Sync 1 DAGs
[2026-09-08T08:21:47.072+0000] {logging_mixin.py:188} INFO - [2026-09-08T08:21:47.072+0000] {dag.py:3947} INFO - Setting next_dagrun for netflix_etl_pipeline to 2026-09-07 00:00:00+00:00, run_after=2026-09-08 00:00:00+00:00
[2026-09-08T08:21:47.115+0000] {processor.py:183} INFO - Processing /opt/airflow/dags/netflix_dag.py took 0.233 seconds
[2026-09-08T08:22:17.376+0000] {processor.py:161} INFO - Started process (PID=8044) to work on /opt/airflow/dags/netflix_dag.py
[2026-09-08T08:22:17.378+0000] {processor.py:830} INFO - Processing file /opt/airflow/dags/netflix_dag.py for tasks to queue
[2026-09-08T08:22:17.381+0000] {logging_mixin.py:188} INFO - [2026-09-08T08:22:17.380+0000] {dagbag.py:545} INFO - Filling up the DagBag from /opt/airflow/dags/netflix_dag.py
[2026-09-08T08:22:17.412+0000] {processor.py:840} INFO - DAG(s) 'netflix_etl_pipeline' retrieved from /opt/airflow/dags/netflix_dag.py
[2026-09-08T08:22:17.454+0000] {logging_mixin.py:188} INFO - [2026-09-08T08:22:17.454+0000] {dag.py:3089} INFO - Sync 1 DAGs
[2026-09-08T08:22:17.482+0000] {logging_mixin.py:188} INFO - [2026-09-08T08:22:17.482+0000] {dag.py:3947} INFO - Setting next_dagrun for netflix_etl_pipeline to 2026-09-07 00:00:00+00:00, run_after=2026-09-08 00:00:00+00:00
[2026-09-08T08:22:17.509+0000] {processor.py:183} INFO - Processing /opt/airflow/dags/netflix_dag.py took 0.143 seconds
[2026-09-08T08:22:47.644+0000] {processor.py:161} INFO - Started process (PID=8055) to work on /opt/airflow/dags/netflix_dag.py
[2026-09-08T08:22:47.647+0000] {processor.py:830} INFO - Processing file /opt/airflow/dags/netflix_dag.py for tasks to queue
[2026-09-08T08:22:47.656+0000] {logging_mixin.py:188} INFO - [2026-09-08T08:22:47.653+0000] {dagbag.py:545} INFO - Filling up the DagBag from /opt/airflow/dags/netflix_dag.py
[2026-09-08T08:22:47.724+0000] {processor.py:840} INFO - DAG(s) 'netflix_etl_pipeline' retrieved from /opt/airflow/dags/netflix_dag.py
[2026-09-08T08:22:47.818+0000] {logging_mixin.py:188} INFO - [2026-09-08T08:22:47.817+0000] {dag.py:3089} INFO - Sync 1 DAGs
[2026-09-08T08:22:47.871+0000] {logging_mixin.py:188} INFO - [2026-09-08T08:22:47.870+0000] {dag.py:3947} INFO - Setting next_dagrun for netflix_etl_pipeline to 2026-09-07 00:00:00+00:00, run_after=2026-09-08 00:00:00+00:00
[2026-09-08T08:22:47.925+0000] {processor.py:183} INFO - Processing /opt/airflow/dags/netflix_dag.py took 0.303 seconds
[2026-09-08T08:23:18.231+0000] {processor.py:161} INFO - Started process (PID=8066) to work on /opt/airflow/dags/netflix_dag.py
[2026-09-08T08:23:18.233+0000] {processor.py:830} INFO - Processing file /opt/airflow/dags/netflix_dag.py for tasks to queue
[2026-09-08T08:23:18.240+0000] {logging_mixin.py:188} INFO - [2026-09-08T08:23:18.239+0000] {dagbag.py:545} INFO - Filling up the DagBag from /opt/airflow/dags/netflix_dag.py
[2026-09-08T08:23:18.291+0000] {processor.py:840} INFO - DAG(s) 'netflix_etl_pipeline' retrieved from /opt/airflow/dags/netflix_dag.py
[2026-09-08T08:23:18.377+0000] {logging_mixin.py:188} INFO - [2026-09-08T08:23:18.376+0000] {dag.py:3089} INFO - Sync 1 DAGs
[2026-09-08T08:23:18.449+0000] {logging_mixin.py:188} INFO - [2026-09-08T08:23:18.448+0000] {dag.py:3947} INFO - Setting next_dagrun for netflix_etl_pipeline to 2026-09-07 00:00:00+00:00, run_after=2026-09-08 00:00:00+00:00
[2026-09-08T08:23:18.499+0000] {processor.py:183} INFO - Processing /opt/airflow/dags/netflix_dag.py took 0.282 seconds
[2026-09-08T08:23:48.819+0000] {processor.py:161} INFO - Started process (PID=8083) to work on /opt/airflow/dags/netflix_dag.py
[2026-09-08T08:23:48.823+0000] {processor.py:830} INFO - Processing file /opt/airflow/dags/netflix_dag.py for tasks to queue
[2026-09-08T08:23:48.828+0000] {logging_mixin.py:188} INFO - [2026-09-08T08:23:48.827+0000] {dagbag.py:545} INFO - Filling up the DagBag from /opt/airflow/dags/netflix_dag.py
[2026-09-08T08:23:48.880+0000] {processor.py:840} INFO - DAG(s) 'netflix_etl_pipeline' retrieved from /opt/airflow/dags/netflix_dag.py
[2026-09-08T08:23:48.956+0000] {logging_mixin.py:188} INFO - [2026-09-08T08:23:48.956+0000] {dag.py:3089} INFO - Sync 1 DAGs
[2026-09-08T08:23:49.007+0000] {logging_mixin.py:188} INFO - [2026-09-08T08:23:49.006+0000] {dag.py:3947} INFO - Setting next_dagrun for netflix_etl_pipeline to 2026-09-07 00:00:00+00:00, run_after=2026-09-08 00:00:00+00:00
[2026-09-08T08:23:49.051+0000] {processor.py:183} INFO - Processing /opt/airflow/dags/netflix_dag.py took 0.247 seconds
[2026-09-08T08:24:19.321+0000] {processor.py:161} INFO - Started process (PID=8095) to work on /opt/airflow/dags/netflix_dag.py
[2026-09-08T08:24:19.323+0000] {processor.py:830} INFO - Processing file /opt/airflow/dags/netflix_dag.py for tasks to queue
[2026-09-08T08:24:19.326+0000] {logging_mixin.py:188} INFO - [2026-09-08T08:24:19.325+0000] {dagbag.py:545} INFO - Filling up the DagBag from /opt/airflow/dags/netflix_dag.py
[2026-09-08T08:24:19.356+0000] {processor.py:840} INFO - DAG(s) 'netflix_etl_pipeline' retrieved from /opt/airflow/dags/netflix_dag.py
[2026-09-08T08:24:19.398+0000] {logging_mixin.py:188} INFO - [2026-09-08T08:24:19.398+0000] {dag.py:3089} INFO - Sync 1 DAGs
[2026-09-08T08:24:19.424+0000] {logging_mixin.py:188} INFO - [2026-09-08T08:24:19.424+0000] {dag.py:3947} INFO - Setting next_dagrun for netflix_etl_pipeline to 2026-09-07 00:00:00+00:00, run_after=2026-09-08 00:00:00+00:00
[2026-09-08T08:24:19.453+0000] {processor.py:183} INFO - Processing /opt/airflow/dags/netflix_dag.py took 0.139 seconds
[2026-09-08T08:24:49.760+0000] {processor.py:161} INFO - Started process (PID=8106) to work on /opt/airflow/dags/netflix_dag.py
[2026-09-08T08:24:49.763+0000] {processor.py:830} INFO - Processing file /opt/airflow/dags/netflix_dag.py for tasks to queue
[2026-09-08T08:24:49.769+0000] {logging_mixin.py:188} INFO - [2026-09-08T08:24:49.769+0000] {dagbag.py:545} INFO - Filling up the DagBag from /opt/airflow/dags/netflix_dag.py
[2026-09-08T08:24:49.820+0000] {processor.py:840} INFO - DAG(s) 'netflix_etl_pipeline' retrieved from /opt/airflow/dags/netflix_dag.py
[2026-09-08T08:24:49.890+0000] {logging_mixin.py:188} INFO - [2026-09-08T08:24:49.889+0000] {dag.py:3089} INFO - Sync 1 DAGs
[2026-09-08T08:24:49.937+0000] {logging_mixin.py:188} INFO - [2026-09-08T08:24:49.936+0000] {dag.py:3947} INFO - Setting next_dagrun for netflix_etl_pipeline to 2026-09-07 00:00:00+00:00, run_after=2026-09-08 00:00:00+00:00
[2026-09-08T08:24:49.979+0000] {processor.py:183} INFO - Processing /opt/airflow/dags/netflix_dag.py took 0.233 seconds
[2026-09-08T08:25:20.333+0000] {processor.py:161} INFO - Started process (PID=8117) to work on /opt/airflow/dags/netflix_dag.py
[2026-09-08T08:25:20.337+0000] {processor.py:830} INFO - Processing file /opt/airflow/dags/netflix_dag.py for tasks to queue
[2026-09-08T08:25:20.343+0000] {logging_mixin.py:188} INFO - [2026-09-08T08:25:20.342+0000] {dagbag.py:545} INFO - Filling up the DagBag from /opt/airflow/dags/netflix_dag.py
[2026-09-08T08:25:20.392+0000] {processor.py:840} INFO - DAG(s) 'netflix_etl_pipeline' retrieved from /opt/airflow/dags/netflix_dag.py
[2026-09-08T08:25:20.462+0000] {logging_mixin.py:188} INFO - [2026-09-08T08:25:20.461+0000] {dag.py:3089} INFO - Sync 1 DAGs
[2026-09-08T08:25:20.508+0000] {logging_mixin.py:188} INFO - [2026-09-08T08:25:20.507+0000] {dag.py:3947} INFO - Setting next_dagrun for netflix_etl_pipeline to 2026-09-07 00:00:00+00:00, run_after=2026-09-08 00:00:00+00:00
[2026-09-08T08:25:20.547+0000] {processor.py:183} INFO - Processing /opt/airflow/dags/netflix_dag.py took 0.229 seconds
[2026-09-08T08:25:50.930+0000] {processor.py:161} INFO - Started process (PID=8128) to work on /opt/airflow/dags/netflix_dag.py
[2026-09-08T08:25:50.934+0000] {processor.py:830} INFO - Processing file /opt/airflow/dags/netflix_dag.py for tasks to queue
[2026-09-08T08:25:50.940+0000] {logging_mixin.py:188} INFO - [2026-09-08T08:25:50.939+0000] {dagbag.py:545} INFO - Filling up the DagBag from /opt/airflow/dags/netflix_dag.py
[2026-09-08T08:25:50.993+0000] {processor.py:840} INFO - DAG(s) 'netflix_etl_pipeline' retrieved from /opt/airflow/dags/netflix_dag.py
[2026-09-08T08:25:51.061+0000] {logging_mixin.py:188} INFO - [2026-09-08T08:25:51.061+0000] {dag.py:3089} INFO - Sync 1 DAGs
[2026-09-08T08:25:51.106+0000] {logging_mixin.py:188} INFO - [2026-09-08T08:25:51.106+0000] {dag.py:3947} INFO - Setting next_dagrun for netflix_etl_pipeline to 2026-09-07 00:00:00+00:00, run_after=2026-09-08 00:00:00+00:00
[2026-09-08T08:25:51.148+0000] {processor.py:183} INFO - Processing /opt/airflow/dags/netflix_dag.py took 0.234 seconds
[2026-09-08T08:26:21.502+0000] {processor.py:161} INFO - Started process (PID=8139) to work on /opt/airflow/dags/netflix_dag.py
[2026-09-08T08:26:21.507+0000] {processor.py:830} INFO - Processing file /opt/airflow/dags/netflix_dag.py for tasks to queue
[2026-09-08T08:26:21.512+0000] {logging_mixin.py:188} INFO - [2026-09-08T08:26:21.512+0000] {dagbag.py:545} INFO - Filling up the DagBag from /opt/airflow/dags/netflix_dag.py
[2026-09-08T08:26:21.565+0000] {processor.py:840} INFO - DAG(s) 'netflix_etl_pipeline' retrieved from /opt/airflow/dags/netflix_dag.py
[2026-09-08T08:26:21.634+0000] {logging_mixin.py:188} INFO - [2026-09-08T08:26:21.634+0000] {dag.py:3089} INFO - Sync 1 DAGs
[2026-09-08T08:26:21.679+0000] {logging_mixin.py:188} INFO - [2026-09-08T08:26:21.679+0000] {dag.py:3947} INFO - Setting next_dagrun for netflix_etl_pipeline to 2026-09-07 00:00:00+00:00, run_after=2026-09-08 00:00:00+00:00
[2026-09-08T08:26:21.721+0000] {processor.py:183} INFO - Processing /opt/airflow/dags/netflix_dag.py took 0.234 seconds
[2026-09-08T08:26:52.122+0000] {processor.py:161} INFO - Started process (PID=8150) to work on /opt/airflow/dags/netflix_dag.py
[2026-09-08T08:26:52.125+0000] {processor.py:830} INFO - Processing file /opt/airflow/dags/netflix_dag.py for tasks to queue
[2026-09-08T08:26:52.130+0000] {logging_mixin.py:188} INFO - [2026-09-08T08:26:52.129+0000] {dagbag.py:545} INFO - Filling up the DagBag from /opt/airflow/dags/netflix_dag.py
[2026-09-08T08:26:52.178+0000] {processor.py:840} INFO - DAG(s) 'netflix_etl_pipeline' retrieved from /opt/airflow/dags/netflix_dag.py
[2026-09-08T08:26:52.257+0000] {logging_mixin.py:188} INFO - [2026-09-08T08:26:52.256+0000] {dag.py:3089} INFO - Sync 1 DAGs
[2026-09-08T08:26:52.315+0000] {logging_mixin.py:188} INFO - [2026-09-08T08:26:52.315+0000] {dag.py:3947} INFO - Setting next_dagrun for netflix_etl_pipeline to 2026-09-07 00:00:00+00:00, run_after=2026-09-08 00:00:00+00:00
[2026-09-08T08:26:52.358+0000] {processor.py:183} INFO - Processing /opt/airflow/dags/netflix_dag.py took 0.253 seconds
[2026-09-08T08:27:22.654+0000] {processor.py:161} INFO - Started process (PID=8162) to work on /opt/airflow/dags/netflix_dag.py
[2026-09-08T08:27:22.657+0000] {processor.py:830} INFO - Processing file /opt/airflow/dags/netflix_dag.py for tasks to queue
[2026-09-08T08:27:22.665+0000] {logging_mixin.py:188} INFO - [2026-09-08T08:27:22.664+0000] {dagbag.py:545} INFO - Filling up the DagBag from /opt/airflow/dags/netflix_dag.py
[2026-09-08T08:27:22.733+0000] {processor.py:840} INFO - DAG(s) 'netflix_etl_pipeline' retrieved from /opt/airflow/dags/netflix_dag.py
[2026-09-08T08:27:22.820+0000] {logging_mixin.py:188} INFO - [2026-09-08T08:27:22.820+0000] {dag.py:3089} INFO - Sync 1 DAGs
[2026-09-08T08:27:22.875+0000] {logging_mixin.py:188} INFO - [2026-09-08T08:27:22.874+0000] {dag.py:3947} INFO - Setting next_dagrun for netflix_etl_pipeline to 2026-09-07 00:00:00+00:00, run_after=2026-09-08 00:00:00+00:00
[2026-09-08T08:27:22.941+0000] {processor.py:183} INFO - Processing /opt/airflow/dags/netflix_dag.py took 0.300 seconds
[2026-09-08T08:27:53.367+0000] {processor.py:161} INFO - Started process (PID=8174) to work on /opt/airflow/dags/netflix_dag.py
[2026-09-08T08:27:53.372+0000] {processor.py:830} INFO - Processing file /opt/airflow/dags/netflix_dag.py for tasks to queue
[2026-09-08T08:27:53.382+0000] {logging_mixin.py:188} INFO - [2026-09-08T08:27:53.382+0000] {dagbag.py:545} INFO - Filling up the DagBag from /opt/airflow/dags/netflix_dag.py
[2026-09-08T08:27:53.434+0000] {processor.py:840} INFO - DAG(s) 'netflix_etl_pipeline' retrieved from /opt/airflow/dags/netflix_dag.py
[2026-09-08T08:27:53.522+0000] {logging_mixin.py:188} INFO - [2026-09-08T08:27:53.521+0000] {dag.py:3089} INFO - Sync 1 DAGs
[2026-09-08T08:27:53.590+0000] {logging_mixin.py:188} INFO - [2026-09-08T08:27:53.590+0000] {dag.py:3947} INFO - Setting next_dagrun for netflix_etl_pipeline to 2026-09-07 00:00:00+00:00, run_after=2026-09-08 00:00:00+00:00
[2026-09-08T08:27:53.648+0000] {processor.py:183} INFO - Processing /opt/airflow/dags/netflix_dag.py took 0.302 seconds
[2026-09-08T08:28:23.855+0000] {processor.py:161} INFO - Started process (PID=8185) to work on /opt/airflow/dags/netflix_dag.py
[2026-09-08T08:28:23.859+0000] {processor.py:830} INFO - Processing file /opt/airflow/dags/netflix_dag.py for tasks to queue
[2026-09-08T08:28:23.863+0000] {logging_mixin.py:188} INFO - [2026-09-08T08:28:23.863+0000] {dagbag.py:545} INFO - Filling up the DagBag from /opt/airflow/dags/netflix_dag.py
[2026-09-08T08:28:23.912+0000] {processor.py:840} INFO - DAG(s) 'netflix_etl_pipeline' retrieved from /opt/airflow/dags/netflix_dag.py
[2026-09-08T08:28:23.980+0000] {logging_mixin.py:188} INFO - [2026-09-08T08:28:23.979+0000] {dag.py:3089} INFO - Sync 1 DAGs
[2026-09-08T08:28:24.027+0000] {logging_mixin.py:188} INFO - [2026-09-08T08:28:24.027+0000] {dag.py:3947} INFO - Setting next_dagrun for netflix_etl_pipeline to 2026-09-07 00:00:00+00:00, run_after=2026-09-08 00:00:00+00:00
[2026-09-08T08:28:24.065+0000] {processor.py:183} INFO - Processing /opt/airflow/dags/netflix_dag.py took 0.223 seconds
[2026-09-08T08:28:54.373+0000] {processor.py:161} INFO - Started process (PID=8197) to work on /opt/airflow/dags/netflix_dag.py
[2026-09-08T08:28:54.376+0000] {processor.py:830} INFO - Processing file /opt/airflow/dags/netflix_dag.py for tasks to queue
[2026-09-08T08:28:54.381+0000] {logging_mixin.py:188} INFO - [2026-09-08T08:28:54.380+0000] {dagbag.py:545} INFO - Filling up the DagBag from /opt/airflow/dags/netflix_dag.py
[2026-09-08T08:28:54.429+0000] {processor.py:840} INFO - DAG(s) 'netflix_etl_pipeline' retrieved from /opt/airflow/dags/netflix_dag.py
[2026-09-08T08:28:54.499+0000] {logging_mixin.py:188} INFO - [2026-09-08T08:28:54.498+0000] {dag.py:3089} INFO - Sync 1 DAGs
[2026-09-08T08:28:54.545+0000] {logging_mixin.py:188} INFO - [2026-09-08T08:28:54.545+0000] {dag.py:3947} INFO - Setting next_dagrun for netflix_etl_pipeline to 2026-09-07 00:00:00+00:00, run_after=2026-09-08 00:00:00+00:00
[2026-09-08T08:28:54.585+0000] {processor.py:183} INFO - Processing /opt/airflow/dags/netflix_dag.py took 0.225 seconds
[2026-09-08T08:29:25.188+0000] {processor.py:161} INFO - Started process (PID=8208) to work on /opt/airflow/dags/netflix_dag.py
[2026-09-08T08:29:25.192+0000] {processor.py:830} INFO - Processing file /opt/airflow/dags/netflix_dag.py for tasks to queue
[2026-09-08T08:29:25.201+0000] {logging_mixin.py:188} INFO - [2026-09-08T08:29:25.199+0000] {dagbag.py:545} INFO - Filling up the DagBag from /opt/airflow/dags/netflix_dag.py
[2026-09-08T08:29:25.272+0000] {processor.py:840} INFO - DAG(s) 'netflix_etl_pipeline' retrieved from /opt/airflow/dags/netflix_dag.py
[2026-09-08T08:29:25.366+0000] {logging_mixin.py:188} INFO - [2026-09-08T08:29:25.365+0000] {dag.py:3089} INFO - Sync 1 DAGs
[2026-09-08T08:29:25.419+0000] {logging_mixin.py:188} INFO - [2026-09-08T08:29:25.418+0000] {dag.py:3947} INFO - Setting next_dagrun for netflix_etl_pipeline to 2026-09-07 00:00:00+00:00, run_after=2026-09-08 00:00:00+00:00
[2026-09-08T08:29:25.471+0000] {processor.py:183} INFO - Processing /opt/airflow/dags/netflix_dag.py took 0.305 seconds
[2026-09-08T08:29:55.714+0000] {processor.py:161} INFO - Started process (PID=8219) to work on /opt/airflow/dags/netflix_dag.py
[2026-09-08T08:29:55.718+0000] {processor.py:830} INFO - Processing file /opt/airflow/dags/netflix_dag.py for tasks to queue
[2026-09-08T08:29:55.724+0000] {logging_mixin.py:188} INFO - [2026-09-08T08:29:55.723+0000] {dagbag.py:545} INFO - Filling up the DagBag from /opt/airflow/dags/netflix_dag.py
[2026-09-08T08:29:55.780+0000] {processor.py:840} INFO - DAG(s) 'netflix_etl_pipeline' retrieved from /opt/airflow/dags/netflix_dag.py
[2026-09-08T08:29:55.862+0000] {logging_mixin.py:188} INFO - [2026-09-08T08:29:55.861+0000] {dag.py:3089} INFO - Sync 1 DAGs
[2026-09-08T08:29:55.921+0000] {logging_mixin.py:188} INFO - [2026-09-08T08:29:55.921+0000] {dag.py:3947} INFO - Setting next_dagrun for netflix_etl_pipeline to 2026-09-07 00:00:00+00:00, run_after=2026-09-08 00:00:00+00:00
[2026-09-08T08:29:55.969+0000] {processor.py:183} INFO - Processing /opt/airflow/dags/netflix_dag.py took 0.273 seconds
[2026-09-08T08:30:26.466+0000] {processor.py:161} INFO - Started process (PID=8230) to work on /opt/airflow/dags/netflix_dag.py
[2026-09-08T08:30:26.469+0000] {processor.py:830} INFO - Processing file /opt/airflow/dags/netflix_dag.py for tasks to queue
[2026-09-08T08:30:26.473+0000] {logging_mixin.py:188} INFO - [2026-09-08T08:30:26.473+0000] {dagbag.py:545} INFO - Filling up the DagBag from /opt/airflow/dags/netflix_dag.py
[2026-09-08T08:30:26.528+0000] {processor.py:840} INFO - DAG(s) 'netflix_etl_pipeline' retrieved from /opt/airflow/dags/netflix_dag.py
[2026-09-08T08:30:26.600+0000] {logging_mixin.py:188} INFO - [2026-09-08T08:30:26.600+0000] {dag.py:3089} INFO - Sync 1 DAGs
[2026-09-08T08:30:26.648+0000] {logging_mixin.py:188} INFO - [2026-09-08T08:30:26.647+0000] {dag.py:3947} INFO - Setting next_dagrun for netflix_etl_pipeline to 2026-09-07 00:00:00+00:00, run_after=2026-09-08 00:00:00+00:00
[2026-09-08T08:30:26.688+0000] {processor.py:183} INFO - Processing /opt/airflow/dags/netflix_dag.py took 0.236 seconds
[2026-09-08T08:30:57.024+0000] {processor.py:161} INFO - Started process (PID=8241) to work on /opt/airflow/dags/netflix_dag.py
[2026-09-08T08:30:57.027+0000] {processor.py:830} INFO - Processing file /opt/airflow/dags/netflix_dag.py for tasks to queue
[2026-09-08T08:30:57.033+0000] {logging_mixin.py:188} INFO - [2026-09-08T08:30:57.032+0000] {dagbag.py:545} INFO - Filling up the DagBag from /opt/airflow/dags/netflix_dag.py
[2026-09-08T08:30:57.080+0000] {processor.py:840} INFO - DAG(s) 'netflix_etl_pipeline' retrieved from /opt/airflow/dags/netflix_dag.py
[2026-09-08T08:30:57.158+0000] {logging_mixin.py:188} INFO - [2026-09-08T08:30:57.158+0000] {dag.py:3089} INFO - Sync 1 DAGs
[2026-09-08T08:30:57.208+0000] {logging_mixin.py:188} INFO - [2026-09-08T08:30:57.207+0000] {dag.py:3947} INFO - Setting next_dagrun for netflix_etl_pipeline to 2026-09-07 00:00:00+00:00, run_after=2026-09-08 00:00:00+00:00
[2026-09-08T08:30:57.253+0000] {processor.py:183} INFO - Processing /opt/airflow/dags/netflix_dag.py took 0.241 seconds
[2026-09-08T08:31:27.484+0000] {processor.py:161} INFO - Started process (PID=8253) to work on /opt/airflow/dags/netflix_dag.py
[2026-09-08T08:31:27.488+0000] {processor.py:830} INFO - Processing file /opt/airflow/dags/netflix_dag.py for tasks to queue
[2026-09-08T08:31:27.495+0000] {logging_mixin.py:188} INFO - [2026-09-08T08:31:27.494+0000] {dagbag.py:545} INFO - Filling up the DagBag from /opt/airflow/dags/netflix_dag.py
[2026-09-08T08:31:27.552+0000] {processor.py:840} INFO - DAG(s) 'netflix_etl_pipeline' retrieved from /opt/airflow/dags/netflix_dag.py
[2026-09-08T08:31:27.634+0000] {logging_mixin.py:188} INFO - [2026-09-08T08:31:27.633+0000] {dag.py:3089} INFO - Sync 1 DAGs
[2026-09-08T08:31:27.687+0000] {logging_mixin.py:188} INFO - [2026-09-08T08:31:27.686+0000] {dag.py:3947} INFO - Setting next_dagrun for netflix_etl_pipeline to 2026-09-07 00:00:00+00:00, run_after=2026-09-08 00:00:00+00:00
[2026-09-08T08:31:27.734+0000] {processor.py:183} INFO - Processing /opt/airflow/dags/netflix_dag.py took 0.266 seconds
[2026-09-08T08:31:58.139+0000] {processor.py:161} INFO - Started process (PID=8265) to work on /opt/airflow/dags/netflix_dag.py
[2026-09-08T08:31:58.142+0000] {processor.py:830} INFO - Processing file /opt/airflow/dags/netflix_dag.py for tasks to queue
[2026-09-08T08:31:58.147+0000] {logging_mixin.py:188} INFO - [2026-09-08T08:31:58.146+0000] {dagbag.py:545} INFO - Filling up the DagBag from /opt/airflow/dags/netflix_dag.py
[2026-09-08T08:31:58.200+0000] {processor.py:840} INFO - DAG(s) 'netflix_etl_pipeline' retrieved from /opt/airflow/dags/netflix_dag.py
[2026-09-08T08:31:58.279+0000] {logging_mixin.py:188} INFO - [2026-09-08T08:31:58.278+0000] {dag.py:3089} INFO - Sync 1 DAGs
[2026-09-08T08:31:58.328+0000] {logging_mixin.py:188} INFO - [2026-09-08T08:31:58.328+0000] {dag.py:3947} INFO - Setting next_dagrun for netflix_etl_pipeline to 2026-09-07 00:00:00+00:00, run_after=2026-09-08 00:00:00+00:00
[2026-09-08T08:31:58.372+0000] {processor.py:183} INFO - Processing /opt/airflow/dags/netflix_dag.py took 0.249 seconds
[2026-09-08T08:32:28.747+0000] {processor.py:161} INFO - Started process (PID=8276) to work on /opt/airflow/dags/netflix_dag.py
[2026-09-08T08:32:28.753+0000] {processor.py:830} INFO - Processing file /opt/airflow/dags/netflix_dag.py for tasks to queue
[2026-09-08T08:32:28.761+0000] {logging_mixin.py:188} INFO - [2026-09-08T08:32:28.760+0000] {dagbag.py:545} INFO - Filling up the DagBag from /opt/airflow/dags/netflix_dag.py
[2026-09-08T08:32:28.822+0000] {processor.py:840} INFO - DAG(s) 'netflix_etl_pipeline' retrieved from /opt/airflow/dags/netflix_dag.py
[2026-09-08T08:32:28.910+0000] {logging_mixin.py:188} INFO - [2026-09-08T08:32:28.910+0000] {dag.py:3089} INFO - Sync 1 DAGs
[2026-09-08T08:32:28.963+0000] {logging_mixin.py:188} INFO - [2026-09-08T08:32:28.963+0000] {dag.py:3947} INFO - Setting next_dagrun for netflix_etl_pipeline to 2026-09-07 00:00:00+00:00, run_after=2026-09-08 00:00:00+00:00
[2026-09-08T08:32:29.010+0000] {processor.py:183} INFO - Processing /opt/airflow/dags/netflix_dag.py took 0.290 seconds
[2026-09-08T08:32:59.288+0000] {processor.py:161} INFO - Started process (PID=8287) to work on /opt/airflow/dags/netflix_dag.py
[2026-09-08T08:32:59.291+0000] {processor.py:830} INFO - Processing file /opt/airflow/dags/netflix_dag.py for tasks to queue
[2026-09-08T08:32:59.296+0000] {logging_mixin.py:188} INFO - [2026-09-08T08:32:59.296+0000] {dagbag.py:545} INFO - Filling up the DagBag from /opt/airflow/dags/netflix_dag.py
[2026-09-08T08:32:59.352+0000] {processor.py:840} INFO - DAG(s) 'netflix_etl_pipeline' retrieved from /opt/airflow/dags/netflix_dag.py
[2026-09-08T08:32:59.435+0000] {logging_mixin.py:188} INFO - [2026-09-08T08:32:59.435+0000] {dag.py:3089} INFO - Sync 1 DAGs
[2026-09-08T08:32:59.487+0000] {logging_mixin.py:188} INFO - [2026-09-08T08:32:59.486+0000] {dag.py:3947} INFO - Setting next_dagrun for netflix_etl_pipeline to 2026-09-07 00:00:00+00:00, run_after=2026-09-08 00:00:00+00:00
[2026-09-08T08:32:59.531+0000] {processor.py:183} INFO - Processing /opt/airflow/dags/netflix_dag.py took 0.259 seconds
[2026-09-08T08:33:29.954+0000] {processor.py:161} INFO - Started process (PID=8299) to work on /opt/airflow/dags/netflix_dag.py
[2026-09-08T08:33:29.957+0000] {processor.py:830} INFO - Processing file /opt/airflow/dags/netflix_dag.py for tasks to queue
[2026-09-08T08:33:29.963+0000] {logging_mixin.py:188} INFO - [2026-09-08T08:33:29.962+0000] {dagbag.py:545} INFO - Filling up the DagBag from /opt/airflow/dags/netflix_dag.py
[2026-09-08T08:33:30.016+0000] {processor.py:840} INFO - DAG(s) 'netflix_etl_pipeline' retrieved from /opt/airflow/dags/netflix_dag.py
[2026-09-08T08:33:30.092+0000] {logging_mixin.py:188} INFO - [2026-09-08T08:33:30.092+0000] {dag.py:3089} INFO - Sync 1 DAGs
[2026-09-08T08:33:30.140+0000] {logging_mixin.py:188} INFO - [2026-09-08T08:33:30.140+0000] {dag.py:3947} INFO - Setting next_dagrun for netflix_etl_pipeline to 2026-09-07 00:00:00+00:00, run_after=2026-09-08 00:00:00+00:00
[2026-09-08T08:33:30.183+0000] {processor.py:183} INFO - Processing /opt/airflow/dags/netflix_dag.py took 0.243 seconds
[2026-09-08T08:34:00.463+0000] {processor.py:161} INFO - Started process (PID=8310) to work on /opt/airflow/dags/netflix_dag.py
[2026-09-08T08:34:00.466+0000] {processor.py:830} INFO - Processing file /opt/airflow/dags/netflix_dag.py for tasks to queue
[2026-09-08T08:34:00.471+0000] {logging_mixin.py:188} INFO - [2026-09-08T08:34:00.470+0000] {dagbag.py:545} INFO - Filling up the DagBag from /opt/airflow/dags/netflix_dag.py
[2026-09-08T08:34:00.519+0000] {processor.py:840} INFO - DAG(s) 'netflix_etl_pipeline' retrieved from /opt/airflow/dags/netflix_dag.py
[2026-09-08T08:34:00.590+0000] {logging_mixin.py:188} INFO - [2026-09-08T08:34:00.590+0000] {dag.py:3089} INFO - Sync 1 DAGs
[2026-09-08T08:34:00.636+0000] {logging_mixin.py:188} INFO - [2026-09-08T08:34:00.636+0000] {dag.py:3947} INFO - Setting next_dagrun for netflix_etl_pipeline to 2026-09-07 00:00:00+00:00, run_after=2026-09-08 00:00:00+00:00
[2026-09-08T08:34:00.680+0000] {processor.py:183} INFO - Processing /opt/airflow/dags/netflix_dag.py took 0.231 seconds
[2026-09-08T08:34:31.185+0000] {processor.py:161} INFO - Started process (PID=8321) to work on /opt/airflow/dags/netflix_dag.py
[2026-09-08T08:34:31.188+0000] {processor.py:830} INFO - Processing file /opt/airflow/dags/netflix_dag.py for tasks to queue
[2026-09-08T08:34:31.193+0000] {logging_mixin.py:188} INFO - [2026-09-08T08:34:31.192+0000] {dagbag.py:545} INFO - Filling up the DagBag from /opt/airflow/dags/netflix_dag.py
[2026-09-08T08:34:31.244+0000] {processor.py:840} INFO - DAG(s) 'netflix_etl_pipeline' retrieved from /opt/airflow/dags/netflix_dag.py
[2026-09-08T08:34:31.328+0000] {logging_mixin.py:188} INFO - [2026-09-08T08:34:31.327+0000] {dag.py:3089} INFO - Sync 1 DAGs
[2026-09-08T08:34:31.393+0000] {logging_mixin.py:188} INFO - [2026-09-08T08:34:31.392+0000] {dag.py:3947} INFO - Setting next_dagrun for netflix_etl_pipeline to 2026-09-07 00:00:00+00:00, run_after=2026-09-08 00:00:00+00:00
[2026-09-08T08:34:31.444+0000] {processor.py:183} INFO - Processing /opt/airflow/dags/netflix_dag.py took 0.271 seconds
[2026-09-08T08:35:01.740+0000] {processor.py:161} INFO - Started process (PID=8332) to work on /opt/airflow/dags/netflix_dag.py
[2026-09-08T08:35:01.743+0000] {processor.py:830} INFO - Processing file /opt/airflow/dags/netflix_dag.py for tasks to queue
[2026-09-08T08:35:01.749+0000] {logging_mixin.py:188} INFO - [2026-09-08T08:35:01.748+0000] {dagbag.py:545} INFO - Filling up the DagBag from /opt/airflow/dags/netflix_dag.py
[2026-09-08T08:35:01.806+0000] {processor.py:840} INFO - DAG(s) 'netflix_etl_pipeline' retrieved from /opt/airflow/dags/netflix_dag.py
[2026-09-08T08:35:01.899+0000] {logging_mixin.py:188} INFO - [2026-09-08T08:35:01.898+0000] {dag.py:3089} INFO - Sync 1 DAGs
[2026-09-08T08:35:01.955+0000] {logging_mixin.py:188} INFO - [2026-09-08T08:35:01.955+0000] {dag.py:3947} INFO - Setting next_dagrun for netflix_etl_pipeline to 2026-09-07 00:00:00+00:00, run_after=2026-09-08 00:00:00+00:00
[2026-09-08T08:35:02.001+0000] {processor.py:183} INFO - Processing /opt/airflow/dags/netflix_dag.py took 0.278 seconds
[2026-09-08T08:35:32.429+0000] {processor.py:161} INFO - Started process (PID=8343) to work on /opt/airflow/dags/netflix_dag.py
[2026-09-08T08:35:32.431+0000] {processor.py:830} INFO - Processing file /opt/airflow/dags/netflix_dag.py for tasks to queue
[2026-09-08T08:35:32.437+0000] {logging_mixin.py:188} INFO - [2026-09-08T08:35:32.436+0000] {dagbag.py:545} INFO - Filling up the DagBag from /opt/airflow/dags/netflix_dag.py
[2026-09-08T08:35:32.484+0000] {processor.py:840} INFO - DAG(s) 'netflix_etl_pipeline' retrieved from /opt/airflow/dags/netflix_dag.py
[2026-09-08T08:35:32.553+0000] {logging_mixin.py:188} INFO - [2026-09-08T08:35:32.553+0000] {dag.py:3089} INFO - Sync 1 DAGs
[2026-09-08T08:35:32.598+0000] {logging_mixin.py:188} INFO - [2026-09-08T08:35:32.598+0000] {dag.py:3947} INFO - Setting next_dagrun for netflix_etl_pipeline to 2026-09-07 00:00:00+00:00, run_after=2026-09-08 00:00:00+00:00
[2026-09-08T08:35:32.642+0000] {processor.py:183} INFO - Processing /opt/airflow/dags/netflix_dag.py took 0.227 seconds
[2026-09-08T08:36:02.943+0000] {processor.py:161} INFO - Started process (PID=8354) to work on /opt/airflow/dags/netflix_dag.py
[2026-09-08T08:36:02.947+0000] {processor.py:830} INFO - Processing file /opt/airflow/dags/netflix_dag.py for tasks to queue
[2026-09-08T08:36:02.955+0000] {logging_mixin.py:188} INFO - [2026-09-08T08:36:02.954+0000] {dagbag.py:545} INFO - Filling up the DagBag from /opt/airflow/dags/netflix_dag.py
[2026-09-08T08:36:03.008+0000] {processor.py:840} INFO - DAG(s) 'netflix_etl_pipeline' retrieved from /opt/airflow/dags/netflix_dag.py
[2026-09-08T08:36:03.090+0000] {logging_mixin.py:188} INFO - [2026-09-08T08:36:03.089+0000] {dag.py:3089} INFO - Sync 1 DAGs
[2026-09-08T08:36:03.143+0000] {logging_mixin.py:188} INFO - [2026-09-08T08:36:03.143+0000] {dag.py:3947} INFO - Setting next_dagrun for netflix_etl_pipeline to 2026-09-07 00:00:00+00:00, run_after=2026-09-08 00:00:00+00:00
[2026-09-08T08:36:03.199+0000] {processor.py:183} INFO - Processing /opt/airflow/dags/netflix_dag.py took 0.276 seconds
[2026-09-08T08:36:33.719+0000] {processor.py:161} INFO - Started process (PID=8365) to work on /opt/airflow/dags/netflix_dag.py
[2026-09-08T08:36:33.726+0000] {processor.py:830} INFO - Processing file /opt/airflow/dags/netflix_dag.py for tasks to queue
[2026-09-08T08:36:33.740+0000] {logging_mixin.py:188} INFO - [2026-09-08T08:36:33.739+0000] {dagbag.py:545} INFO - Filling up the DagBag from /opt/airflow/dags/netflix_dag.py
[2026-09-08T08:36:33.879+0000] {processor.py:840} INFO - DAG(s) 'netflix_etl_pipeline' retrieved from /opt/airflow/dags/netflix_dag.py
[2026-09-08T08:36:33.989+0000] {logging_mixin.py:188} INFO - [2026-09-08T08:36:33.988+0000] {dag.py:3089} INFO - Sync 1 DAGs
[2026-09-08T08:36:34.040+0000] {logging_mixin.py:188} INFO - [2026-09-08T08:36:34.040+0000] {dag.py:3947} INFO - Setting next_dagrun for netflix_etl_pipeline to 2026-09-07 00:00:00+00:00, run_after=2026-09-08 00:00:00+00:00
[2026-09-08T08:36:34.087+0000] {processor.py:183} INFO - Processing /opt/airflow/dags/netflix_dag.py took 0.412 seconds
[2026-09-08T08:37:04.569+0000] {processor.py:161} INFO - Started process (PID=8377) to work on /opt/airflow/dags/netflix_dag.py
[2026-09-08T08:37:04.577+0000] {processor.py:830} INFO - Processing file /opt/airflow/dags/netflix_dag.py for tasks to queue
[2026-09-08T08:37:04.590+0000] {logging_mixin.py:188} INFO - [2026-09-08T08:37:04.588+0000] {dagbag.py:545} INFO - Filling up the DagBag from /opt/airflow/dags/netflix_dag.py
[2026-09-08T08:37:04.717+0000] {processor.py:840} INFO - DAG(s) 'netflix_etl_pipeline' retrieved from /opt/airflow/dags/netflix_dag.py
[2026-09-08T08:37:04.854+0000] {logging_mixin.py:188} INFO - [2026-09-08T08:37:04.854+0000] {dag.py:3089} INFO - Sync 1 DAGs
[2026-09-08T08:37:04.913+0000] {logging_mixin.py:188} INFO - [2026-09-08T08:37:04.913+0000] {dag.py:3947} INFO - Setting next_dagrun for netflix_etl_pipeline to 2026-09-07 00:00:00+00:00, run_after=2026-09-08 00:00:00+00:00
[2026-09-08T08:37:04.963+0000] {processor.py:183} INFO - Processing /opt/airflow/dags/netflix_dag.py took 0.437 seconds
[2026-09-08T08:37:35.227+0000] {processor.py:161} INFO - Started process (PID=8388) to work on /opt/airflow/dags/netflix_dag.py
[2026-09-08T08:37:35.230+0000] {processor.py:830} INFO - Processing file /opt/airflow/dags/netflix_dag.py for tasks to queue
[2026-09-08T08:37:35.236+0000] {logging_mixin.py:188} INFO - [2026-09-08T08:37:35.235+0000] {dagbag.py:545} INFO - Filling up the DagBag from /opt/airflow/dags/netflix_dag.py
[2026-09-08T08:37:35.299+0000] {processor.py:840} INFO - DAG(s) 'netflix_etl_pipeline' retrieved from /opt/airflow/dags/netflix_dag.py
[2026-09-08T08:37:35.381+0000] {logging_mixin.py:188} INFO - [2026-09-08T08:37:35.380+0000] {dag.py:3089} INFO - Sync 1 DAGs
[2026-09-08T08:37:35.434+0000] {logging_mixin.py:188} INFO - [2026-09-08T08:37:35.434+0000] {dag.py:3947} INFO - Setting next_dagrun for netflix_etl_pipeline to 2026-09-07 00:00:00+00:00, run_after=2026-09-08 00:00:00+00:00
[2026-09-08T08:37:35.482+0000] {processor.py:183} INFO - Processing /opt/airflow/dags/netflix_dag.py took 0.278 seconds
[2026-09-08T08:38:05.947+0000] {processor.py:161} INFO - Started process (PID=8399) to work on /opt/airflow/dags/netflix_dag.py
[2026-09-08T08:38:05.950+0000] {processor.py:830} INFO - Processing file /opt/airflow/dags/netflix_dag.py for tasks to queue
[2026-09-08T08:38:05.956+0000] {logging_mixin.py:188} INFO - [2026-09-08T08:38:05.955+0000] {dagbag.py:545} INFO - Filling up the DagBag from /opt/airflow/dags/netflix_dag.py
[2026-09-08T08:38:06.007+0000] {processor.py:840} INFO - DAG(s) 'netflix_etl_pipeline' retrieved from /opt/airflow/dags/netflix_dag.py
[2026-09-08T08:38:06.093+0000] {logging_mixin.py:188} INFO - [2026-09-08T08:38:06.092+0000] {dag.py:3089} INFO - Sync 1 DAGs
[2026-09-08T08:38:06.144+0000] {logging_mixin.py:188} INFO - [2026-09-08T08:38:06.143+0000] {dag.py:3947} INFO - Setting next_dagrun for netflix_etl_pipeline to 2026-09-07 00:00:00+00:00, run_after=2026-09-08 00:00:00+00:00
[2026-09-08T08:38:06.188+0000] {processor.py:183} INFO - Processing /opt/airflow/dags/netflix_dag.py took 0.261 seconds
[2026-09-08T08:38:36.298+0000] {processor.py:161} INFO - Started process (PID=8410) to work on /opt/airflow/dags/netflix_dag.py
[2026-09-08T08:38:36.302+0000] {processor.py:830} INFO - Processing file /opt/airflow/dags/netflix_dag.py for tasks to queue
[2026-09-08T08:38:36.308+0000] {logging_mixin.py:188} INFO - [2026-09-08T08:38:36.307+0000] {dagbag.py:545} INFO - Filling up the DagBag from /opt/airflow/dags/netflix_dag.py
[2026-09-08T08:38:36.360+0000] {processor.py:840} INFO - DAG(s) 'netflix_etl_pipeline' retrieved from /opt/airflow/dags/netflix_dag.py
[2026-09-08T08:38:36.442+0000] {logging_mixin.py:188} INFO - [2026-09-08T08:38:36.442+0000] {dag.py:3089} INFO - Sync 1 DAGs
[2026-09-08T08:38:36.493+0000] {logging_mixin.py:188} INFO - [2026-09-08T08:38:36.492+0000] {dag.py:3947} INFO - Setting next_dagrun for netflix_etl_pipeline to 2026-09-07 00:00:00+00:00, run_after=2026-09-08 00:00:00+00:00
[2026-09-08T08:38:36.536+0000] {processor.py:183} INFO - Processing /opt/airflow/dags/netflix_dag.py took 0.253 seconds
[2026-09-08T08:39:06.952+0000] {processor.py:161} INFO - Started process (PID=8421) to work on /opt/airflow/dags/netflix_dag.py
[2026-09-08T08:39:06.955+0000] {processor.py:830} INFO - Processing file /opt/airflow/dags/netflix_dag.py for tasks to queue
[2026-09-08T08:39:06.959+0000] {logging_mixin.py:188} INFO - [2026-09-08T08:39:06.959+0000] {dagbag.py:545} INFO - Filling up the DagBag from /opt/airflow/dags/netflix_dag.py
[2026-09-08T08:39:07.008+0000] {processor.py:840} INFO - DAG(s) 'netflix_etl_pipeline' retrieved from /opt/airflow/dags/netflix_dag.py
[2026-09-08T08:39:07.072+0000] {logging_mixin.py:188} INFO - [2026-09-08T08:39:07.072+0000] {dag.py:3089} INFO - Sync 1 DAGs
[2026-09-08T08:39:07.114+0000] {logging_mixin.py:188} INFO - [2026-09-08T08:39:07.113+0000] {dag.py:3947} INFO - Setting next_dagrun for netflix_etl_pipeline to 2026-09-07 00:00:00+00:00, run_after=2026-09-08 00:00:00+00:00
[2026-09-08T08:39:07.150+0000] {processor.py:183} INFO - Processing /opt/airflow/dags/netflix_dag.py took 0.209 seconds
[2026-09-08T08:39:37.643+0000] {processor.py:161} INFO - Started process (PID=8432) to work on /opt/airflow/dags/netflix_dag.py
[2026-09-08T08:39:37.646+0000] {processor.py:830} INFO - Processing file /opt/airflow/dags/netflix_dag.py for tasks to queue
[2026-09-08T08:39:37.653+0000] {logging_mixin.py:188} INFO - [2026-09-08T08:39:37.652+0000] {dagbag.py:545} INFO - Filling up the DagBag from /opt/airflow/dags/netflix_dag.py
[2026-09-08T08:39:37.704+0000] {processor.py:840} INFO - DAG(s) 'netflix_etl_pipeline' retrieved from /opt/airflow/dags/netflix_dag.py
[2026-09-08T08:39:37.773+0000] {logging_mixin.py:188} INFO - [2026-09-08T08:39:37.772+0000] {dag.py:3089} INFO - Sync 1 DAGs
[2026-09-08T08:39:37.816+0000] {logging_mixin.py:188} INFO - [2026-09-08T08:39:37.816+0000] {dag.py:3947} INFO - Setting next_dagrun for netflix_etl_pipeline to 2026-09-07 00:00:00+00:00, run_after=2026-09-08 00:00:00+00:00
[2026-09-08T08:39:37.855+0000] {processor.py:183} INFO - Processing /opt/airflow/dags/netflix_dag.py took 0.226 seconds
[2026-09-08T08:40:08.132+0000] {processor.py:161} INFO - Started process (PID=8443) to work on /opt/airflow/dags/netflix_dag.py
[2026-09-08T08:40:08.135+0000] {processor.py:830} INFO - Processing file /opt/airflow/dags/netflix_dag.py for tasks to queue
[2026-09-08T08:40:08.142+0000] {logging_mixin.py:188} INFO - [2026-09-08T08:40:08.141+0000] {dagbag.py:545} INFO - Filling up the DagBag from /opt/airflow/dags/netflix_dag.py
[2026-09-08T08:40:08.190+0000] {processor.py:840} INFO - DAG(s) 'netflix_etl_pipeline' retrieved from /opt/airflow/dags/netflix_dag.py
[2026-09-08T08:40:08.261+0000] {logging_mixin.py:188} INFO - [2026-09-08T08:40:08.261+0000] {dag.py:3089} INFO - Sync 1 DAGs
[2026-09-08T08:40:08.308+0000] {logging_mixin.py:188} INFO - [2026-09-08T08:40:08.307+0000] {dag.py:3947} INFO - Setting next_dagrun for netflix_etl_pipeline to 2026-09-07 00:00:00+00:00, run_after=2026-09-08 00:00:00+00:00
[2026-09-08T08:40:08.349+0000] {processor.py:183} INFO - Processing /opt/airflow/dags/netflix_dag.py took 0.231 seconds
[2026-09-08T08:40:38.785+0000] {processor.py:161} INFO - Started process (PID=8454) to work on /opt/airflow/dags/netflix_dag.py
[2026-09-08T08:40:38.788+0000] {processor.py:830} INFO - Processing file /opt/airflow/dags/netflix_dag.py for tasks to queue
[2026-09-08T08:40:38.794+0000] {logging_mixin.py:188} INFO - [2026-09-08T08:40:38.793+0000] {dagbag.py:545} INFO - Filling up the DagBag from /opt/airflow/dags/netflix_dag.py
[2026-09-08T08:40:38.838+0000] {processor.py:840} INFO - DAG(s) 'netflix_etl_pipeline' retrieved from /opt/airflow/dags/netflix_dag.py
[2026-09-08T08:40:38.906+0000] {logging_mixin.py:188} INFO - [2026-09-08T08:40:38.906+0000] {dag.py:3089} INFO - Sync 1 DAGs
[2026-09-08T08:40:38.952+0000] {logging_mixin.py:188} INFO - [2026-09-08T08:40:38.952+0000] {dag.py:3947} INFO - Setting next_dagrun for netflix_etl_pipeline to 2026-09-07 00:00:00+00:00, run_after=2026-09-08 00:00:00+00:00
[2026-09-08T08:40:38.993+0000] {processor.py:183} INFO - Processing /opt/airflow/dags/netflix_dag.py took 0.222 seconds
[2026-09-08T08:41:09.315+0000] {processor.py:161} INFO - Started process (PID=8465) to work on /opt/airflow/dags/netflix_dag.py
[2026-09-08T08:41:09.318+0000] {processor.py:830} INFO - Processing file /opt/airflow/dags/netflix_dag.py for tasks to queue
[2026-09-08T08:41:09.324+0000] {logging_mixin.py:188} INFO - [2026-09-08T08:41:09.324+0000] {dagbag.py:545} INFO - Filling up the DagBag from /opt/airflow/dags/netflix_dag.py
[2026-09-08T08:41:09.376+0000] {processor.py:840} INFO - DAG(s) 'netflix_etl_pipeline' retrieved from /opt/airflow/dags/netflix_dag.py
[2026-09-08T08:41:09.451+0000] {logging_mixin.py:188} INFO - [2026-09-08T08:41:09.451+0000] {dag.py:3089} INFO - Sync 1 DAGs
[2026-09-08T08:41:09.496+0000] {logging_mixin.py:188} INFO - [2026-09-08T08:41:09.496+0000] {dag.py:3947} INFO - Setting next_dagrun for netflix_etl_pipeline to 2026-09-07 00:00:00+00:00, run_after=2026-09-08 00:00:00+00:00
[2026-09-08T08:41:09.536+0000] {processor.py:183} INFO - Processing /opt/airflow/dags/netflix_dag.py took 0.237 seconds
[2026-09-08T08:41:39.928+0000] {processor.py:161} INFO - Started process (PID=8476) to work on /opt/airflow/dags/netflix_dag.py
[2026-09-08T08:41:39.931+0000] {processor.py:830} INFO - Processing file /opt/airflow/dags/netflix_dag.py for tasks to queue
[2026-09-08T08:41:39.936+0000] {logging_mixin.py:188} INFO - [2026-09-08T08:41:39.936+0000] {dagbag.py:545} INFO - Filling up the DagBag from /opt/airflow/dags/netflix_dag.py
[2026-09-08T08:41:39.986+0000] {processor.py:840} INFO - DAG(s) 'netflix_etl_pipeline' retrieved from /opt/airflow/dags/netflix_dag.py
[2026-09-08T08:41:40.055+0000] {logging_mixin.py:188} INFO - [2026-09-08T08:41:40.054+0000] {dag.py:3089} INFO - Sync 1 DAGs
[2026-09-08T08:41:40.102+0000] {logging_mixin.py:188} INFO - [2026-09-08T08:41:40.102+0000] {dag.py:3947} INFO - Setting next_dagrun for netflix_etl_pipeline to 2026-09-07 00:00:00+00:00, run_after=2026-09-08 00:00:00+00:00
[2026-09-08T08:41:40.142+0000] {processor.py:183} INFO - Processing /opt/airflow/dags/netflix_dag.py took 0.231 seconds
[2026-09-08T08:42:10.488+0000] {processor.py:161} INFO - Started process (PID=8487) to work on /opt/airflow/dags/netflix_dag.py
[2026-09-08T08:42:10.492+0000] {processor.py:830} INFO - Processing file /opt/airflow/dags/netflix_dag.py for tasks to queue
[2026-09-08T08:42:10.498+0000] {logging_mixin.py:188} INFO - [2026-09-08T08:42:10.497+0000] {dagbag.py:545} INFO - Filling up the DagBag from /opt/airflow/dags/netflix_dag.py
[2026-09-08T08:42:10.547+0000] {processor.py:840} INFO - DAG(s) 'netflix_etl_pipeline' retrieved from /opt/airflow/dags/netflix_dag.py
[2026-09-08T08:42:10.618+0000] {logging_mixin.py:188} INFO - [2026-09-08T08:42:10.617+0000] {dag.py:3089} INFO - Sync 1 DAGs
[2026-09-08T08:42:10.663+0000] {logging_mixin.py:188} INFO - [2026-09-08T08:42:10.663+0000] {dag.py:3947} INFO - Setting next_dagrun for netflix_etl_pipeline to 2026-09-07 00:00:00+00:00, run_after=2026-09-08 00:00:00+00:00
[2026-09-08T08:42:10.704+0000] {processor.py:183} INFO - Processing /opt/airflow/dags/netflix_dag.py took 0.233 seconds
[2026-09-08T08:42:41.082+0000] {processor.py:161} INFO - Started process (PID=8498) to work on /opt/airflow/dags/netflix_dag.py
[2026-09-08T08:42:41.085+0000] {processor.py:830} INFO - Processing file /opt/airflow/dags/netflix_dag.py for tasks to queue
[2026-09-08T08:42:41.090+0000] {logging_mixin.py:188} INFO - [2026-09-08T08:42:41.090+0000] {dagbag.py:545} INFO - Filling up the DagBag from /opt/airflow/dags/netflix_dag.py
[2026-09-08T08:42:41.140+0000] {processor.py:840} INFO - DAG(s) 'netflix_etl_pipeline' retrieved from /opt/airflow/dags/netflix_dag.py
[2026-09-08T08:42:41.210+0000] {logging_mixin.py:188} INFO - [2026-09-08T08:42:41.209+0000] {dag.py:3089} INFO - Sync 1 DAGs
[2026-09-08T08:42:41.255+0000] {logging_mixin.py:188} INFO - [2026-09-08T08:42:41.254+0000] {dag.py:3947} INFO - Setting next_dagrun for netflix_etl_pipeline to 2026-09-07 00:00:00+00:00, run_after=2026-09-08 00:00:00+00:00
[2026-09-08T08:42:41.296+0000] {processor.py:183} INFO - Processing /opt/airflow/dags/netflix_dag.py took 0.228 seconds
[2026-09-08T08:43:11.717+0000] {processor.py:161} INFO - Started process (PID=8509) to work on /opt/airflow/dags/netflix_dag.py
[2026-09-08T08:43:11.720+0000] {processor.py:830} INFO - Processing file /opt/airflow/dags/netflix_dag.py for tasks to queue
[2026-09-08T08:43:11.726+0000] {logging_mixin.py:188} INFO - [2026-09-08T08:43:11.725+0000] {dagbag.py:545} INFO - Filling up the DagBag from /opt/airflow/dags/netflix_dag.py
[2026-09-08T08:43:11.778+0000] {processor.py:840} INFO - DAG(s) 'netflix_etl_pipeline' retrieved from /opt/airflow/dags/netflix_dag.py
[2026-09-08T08:43:11.849+0000] {logging_mixin.py:188} INFO - [2026-09-08T08:43:11.848+0000] {dag.py:3089} INFO - Sync 1 DAGs
[2026-09-08T08:43:11.895+0000] {logging_mixin.py:188} INFO - [2026-09-08T08:43:11.895+0000] {dag.py:3947} INFO - Setting next_dagrun for netflix_etl_pipeline to 2026-09-07 00:00:00+00:00, run_after=2026-09-08 00:00:00+00:00
[2026-09-08T08:43:11.935+0000] {processor.py:183} INFO - Processing /opt/airflow/dags/netflix_dag.py took 0.233 seconds
[2026-09-08T08:43:42.199+0000] {processor.py:161} INFO - Started process (PID=8520) to work on /opt/airflow/dags/netflix_dag.py
[2026-09-08T08:43:42.203+0000] {processor.py:830} INFO - Processing file /opt/airflow/dags/netflix_dag.py for tasks to queue
[2026-09-08T08:43:42.208+0000] {logging_mixin.py:188} INFO - [2026-09-08T08:43:42.207+0000] {dagbag.py:545} INFO - Filling up the DagBag from /opt/airflow/dags/netflix_dag.py
[2026-09-08T08:43:42.258+0000] {processor.py:840} INFO - DAG(s) 'netflix_etl_pipeline' retrieved from /opt/airflow/dags/netflix_dag.py
[2026-09-08T08:43:42.328+0000] {logging_mixin.py:188} INFO - [2026-09-08T08:43:42.328+0000] {dag.py:3089} INFO - Sync 1 DAGs
[2026-09-08T08:43:42.374+0000] {logging_mixin.py:188} INFO - [2026-09-08T08:43:42.374+0000] {dag.py:3947} INFO - Setting next_dagrun for netflix_etl_pipeline to 2026-09-07 00:00:00+00:00, run_after=2026-09-08 00:00:00+00:00
[2026-09-08T08:43:42.426+0000] {processor.py:183} INFO - Processing /opt/airflow/dags/netflix_dag.py took 0.245 seconds
[2026-09-08T08:44:12.953+0000] {processor.py:161} INFO - Started process (PID=8531) to work on /opt/airflow/dags/netflix_dag.py
[2026-09-08T08:44:12.956+0000] {processor.py:830} INFO - Processing file /opt/airflow/dags/netflix_dag.py for tasks to queue
[2026-09-08T08:44:12.962+0000] {logging_mixin.py:188} INFO - [2026-09-08T08:44:12.961+0000] {dagbag.py:545} INFO - Filling up the DagBag from /opt/airflow/dags/netflix_dag.py
[2026-09-08T08:44:13.011+0000] {processor.py:840} INFO - DAG(s) 'netflix_etl_pipeline' retrieved from /opt/airflow/dags/netflix_dag.py
[2026-09-08T08:44:13.081+0000] {logging_mixin.py:188} INFO - [2026-09-08T08:44:13.080+0000] {dag.py:3089} INFO - Sync 1 DAGs
[2026-09-08T08:44:13.130+0000] {logging_mixin.py:188} INFO - [2026-09-08T08:44:13.130+0000] {dag.py:3947} INFO - Setting next_dagrun for netflix_etl_pipeline to 2026-09-07 00:00:00+00:00, run_after=2026-09-08 00:00:00+00:00
[2026-09-08T08:44:13.169+0000] {processor.py:183} INFO - Processing /opt/airflow/dags/netflix_dag.py took 0.229 seconds
[2026-09-08T08:44:43.473+0000] {processor.py:161} INFO - Started process (PID=8542) to work on /opt/airflow/dags/netflix_dag.py
[2026-09-08T08:44:43.476+0000] {processor.py:830} INFO - Processing file /opt/airflow/dags/netflix_dag.py for tasks to queue
[2026-09-08T08:44:43.481+0000] {logging_mixin.py:188} INFO - [2026-09-08T08:44:43.481+0000] {dagbag.py:545} INFO - Filling up the DagBag from /opt/airflow/dags/netflix_dag.py
[2026-09-08T08:44:43.532+0000] {processor.py:840} INFO - DAG(s) 'netflix_etl_pipeline' retrieved from /opt/airflow/dags/netflix_dag.py
[2026-09-08T08:44:43.603+0000] {logging_mixin.py:188} INFO - [2026-09-08T08:44:43.603+0000] {dag.py:3089} INFO - Sync 1 DAGs
[2026-09-08T08:44:43.651+0000] {logging_mixin.py:188} INFO - [2026-09-08T08:44:43.650+0000] {dag.py:3947} INFO - Setting next_dagrun for netflix_etl_pipeline to 2026-09-07 00:00:00+00:00, run_after=2026-09-08 00:00:00+00:00
[2026-09-08T08:44:43.690+0000] {processor.py:183} INFO - Processing /opt/airflow/dags/netflix_dag.py took 0.233 seconds
[2026-09-08T08:45:14.173+0000] {processor.py:161} INFO - Started process (PID=8554) to work on /opt/airflow/dags/netflix_dag.py
[2026-09-08T08:45:14.176+0000] {processor.py:830} INFO - Processing file /opt/airflow/dags/netflix_dag.py for tasks to queue
[2026-09-08T08:45:14.180+0000] {logging_mixin.py:188} INFO - [2026-09-08T08:45:14.180+0000] {dagbag.py:545} INFO - Filling up the DagBag from /opt/airflow/dags/netflix_dag.py
[2026-09-08T08:45:14.227+0000] {processor.py:840} INFO - DAG(s) 'netflix_etl_pipeline' retrieved from /opt/airflow/dags/netflix_dag.py
[2026-09-08T08:45:14.294+0000] {logging_mixin.py:188} INFO - [2026-09-08T08:45:14.294+0000] {dag.py:3089} INFO - Sync 1 DAGs
[2026-09-08T08:45:14.339+0000] {logging_mixin.py:188} INFO - [2026-09-08T08:45:14.338+0000] {dag.py:3947} INFO - Setting next_dagrun for netflix_etl_pipeline to 2026-09-07 00:00:00+00:00, run_after=2026-09-08 00:00:00+00:00
[2026-09-08T08:45:14.379+0000] {processor.py:183} INFO - Processing /opt/airflow/dags/netflix_dag.py took 0.218 seconds
[2026-09-08T08:45:44.709+0000] {processor.py:161} INFO - Started process (PID=8565) to work on /opt/airflow/dags/netflix_dag.py
[2026-09-08T08:45:44.712+0000] {processor.py:830} INFO - Processing file /opt/airflow/dags/netflix_dag.py for tasks to queue
[2026-09-08T08:45:44.716+0000] {logging_mixin.py:188} INFO - [2026-09-08T08:45:44.716+0000] {dagbag.py:545} INFO - Filling up the DagBag from /opt/airflow/dags/netflix_dag.py
[2026-09-08T08:45:44.763+0000] {processor.py:840} INFO - DAG(s) 'netflix_etl_pipeline' retrieved from /opt/airflow/dags/netflix_dag.py
[2026-09-08T08:45:44.833+0000] {logging_mixin.py:188} INFO - [2026-09-08T08:45:44.832+0000] {dag.py:3089} INFO - Sync 1 DAGs
[2026-09-08T08:45:44.890+0000] {logging_mixin.py:188} INFO - [2026-09-08T08:45:44.890+0000] {dag.py:3947} INFO - Setting next_dagrun for netflix_etl_pipeline to 2026-09-07 00:00:00+00:00, run_after=2026-09-08 00:00:00+00:00
[2026-09-08T08:45:44.932+0000] {processor.py:183} INFO - Processing /opt/airflow/dags/netflix_dag.py took 0.234 seconds
[2026-09-08T08:46:15.355+0000] {processor.py:161} INFO - Started process (PID=8576) to work on /opt/airflow/dags/netflix_dag.py
[2026-09-08T08:46:15.358+0000] {processor.py:830} INFO - Processing file /opt/airflow/dags/netflix_dag.py for tasks to queue
[2026-09-08T08:46:15.364+0000] {logging_mixin.py:188} INFO - [2026-09-08T08:46:15.363+0000] {dagbag.py:545} INFO - Filling up the DagBag from /opt/airflow/dags/netflix_dag.py
[2026-09-08T08:46:15.411+0000] {processor.py:840} INFO - DAG(s) 'netflix_etl_pipeline' retrieved from /opt/airflow/dags/netflix_dag.py
[2026-09-08T08:46:15.480+0000] {logging_mixin.py:188} INFO - [2026-09-08T08:46:15.480+0000] {dag.py:3089} INFO - Sync 1 DAGs
[2026-09-08T08:46:15.529+0000] {logging_mixin.py:188} INFO - [2026-09-08T08:46:15.528+0000] {dag.py:3947} INFO - Setting next_dagrun for netflix_etl_pipeline to 2026-09-07 00:00:00+00:00, run_after=2026-09-08 00:00:00+00:00
[2026-09-08T08:46:15.571+0000] {processor.py:183} INFO - Processing /opt/airflow/dags/netflix_dag.py took 0.228 seconds
[2026-09-08T08:46:45.971+0000] {processor.py:161} INFO - Started process (PID=8587) to work on /opt/airflow/dags/netflix_dag.py
[2026-09-08T08:46:45.974+0000] {processor.py:830} INFO - Processing file /opt/airflow/dags/netflix_dag.py for tasks to queue
[2026-09-08T08:46:45.981+0000] {logging_mixin.py:188} INFO - [2026-09-08T08:46:45.979+0000] {dagbag.py:545} INFO - Filling up the DagBag from /opt/airflow/dags/netflix_dag.py
[2026-09-08T08:46:46.028+0000] {processor.py:840} INFO - DAG(s) 'netflix_etl_pipeline' retrieved from /opt/airflow/dags/netflix_dag.py
[2026-09-08T08:46:46.096+0000] {logging_mixin.py:188} INFO - [2026-09-08T08:46:46.095+0000] {dag.py:3089} INFO - Sync 1 DAGs
[2026-09-08T08:46:46.142+0000] {logging_mixin.py:188} INFO - [2026-09-08T08:46:46.141+0000] {dag.py:3947} INFO - Setting next_dagrun for netflix_etl_pipeline to 2026-09-07 00:00:00+00:00, run_after=2026-09-08 00:00:00+00:00
[2026-09-08T08:46:46.181+0000] {processor.py:183} INFO - Processing /opt/airflow/dags/netflix_dag.py took 0.223 seconds
[2026-09-08T08:47:16.551+0000] {processor.py:161} INFO - Started process (PID=8598) to work on /opt/airflow/dags/netflix_dag.py
[2026-09-08T08:47:16.554+0000] {processor.py:830} INFO - Processing file /opt/airflow/dags/netflix_dag.py for tasks to queue
[2026-09-08T08:47:16.558+0000] {logging_mixin.py:188} INFO - [2026-09-08T08:47:16.558+0000] {dagbag.py:545} INFO - Filling up the DagBag from /opt/airflow/dags/netflix_dag.py
[2026-09-08T08:47:16.607+0000] {processor.py:840} INFO - DAG(s) 'netflix_etl_pipeline' retrieved from /opt/airflow/dags/netflix_dag.py
[2026-09-08T08:47:16.672+0000] {logging_mixin.py:188} INFO - [2026-09-08T08:47:16.672+0000] {dag.py:3089} INFO - Sync 1 DAGs
[2026-09-08T08:47:16.714+0000] {logging_mixin.py:188} INFO - [2026-09-08T08:47:16.714+0000] {dag.py:3947} INFO - Setting next_dagrun for netflix_etl_pipeline to 2026-09-07 00:00:00+00:00, run_after=2026-09-08 00:00:00+00:00
[2026-09-08T08:47:16.751+0000] {processor.py:183} INFO - Processing /opt/airflow/dags/netflix_dag.py took 0.212 seconds
[2026-09-08T08:47:47.129+0000] {processor.py:161} INFO - Started process (PID=8609) to work on /opt/airflow/dags/netflix_dag.py
[2026-09-08T08:47:47.132+0000] {processor.py:830} INFO - Processing file /opt/airflow/dags/netflix_dag.py for tasks to queue
[2026-09-08T08:47:47.137+0000] {logging_mixin.py:188} INFO - [2026-09-08T08:47:47.136+0000] {dagbag.py:545} INFO - Filling up the DagBag from /opt/airflow/dags/netflix_dag.py
[2026-09-08T08:47:47.186+0000] {processor.py:840} INFO - DAG(s) 'netflix_etl_pipeline' retrieved from /opt/airflow/dags/netflix_dag.py
[2026-09-08T08:47:47.255+0000] {logging_mixin.py:188} INFO - [2026-09-08T08:47:47.255+0000] {dag.py:3089} INFO - Sync 1 DAGs
[2026-09-08T08:47:47.305+0000] {logging_mixin.py:188} INFO - [2026-09-08T08:47:47.304+0000] {dag.py:3947} INFO - Setting next_dagrun for netflix_etl_pipeline to 2026-09-07 00:00:00+00:00, run_after=2026-09-08 00:00:00+00:00
[2026-09-08T08:47:47.343+0000] {processor.py:183} INFO - Processing /opt/airflow/dags/netflix_dag.py took 0.228 seconds
[2026-09-08T08:48:17.636+0000] {processor.py:161} INFO - Started process (PID=8620) to work on /opt/airflow/dags/netflix_dag.py
[2026-09-08T08:48:17.638+0000] {processor.py:830} INFO - Processing file /opt/airflow/dags/netflix_dag.py for tasks to queue
[2026-09-08T08:48:17.643+0000] {logging_mixin.py:188} INFO - [2026-09-08T08:48:17.642+0000] {dagbag.py:545} INFO - Filling up the DagBag from /opt/airflow/dags/netflix_dag.py
[2026-09-08T08:48:17.695+0000] {processor.py:840} INFO - DAG(s) 'netflix_etl_pipeline' retrieved from /opt/airflow/dags/netflix_dag.py
[2026-09-08T08:48:17.770+0000] {logging_mixin.py:188} INFO - [2026-09-08T08:48:17.770+0000] {dag.py:3089} INFO - Sync 1 DAGs
[2026-09-08T08:48:17.815+0000] {logging_mixin.py:188} INFO - [2026-09-08T08:48:17.815+0000] {dag.py:3947} INFO - Setting next_dagrun for netflix_etl_pipeline to 2026-09-07 00:00:00+00:00, run_after=2026-09-08 00:00:00+00:00
[2026-09-08T08:48:17.856+0000] {processor.py:183} INFO - Processing /opt/airflow/dags/netflix_dag.py took 0.232 seconds
[2026-09-08T08:48:48.269+0000] {processor.py:161} INFO - Started process (PID=8631) to work on /opt/airflow/dags/netflix_dag.py
[2026-09-08T08:48:48.273+0000] {processor.py:830} INFO - Processing file /opt/airflow/dags/netflix_dag.py for tasks to queue
[2026-09-08T08:48:48.278+0000] {logging_mixin.py:188} INFO - [2026-09-08T08:48:48.278+0000] {dagbag.py:545} INFO - Filling up the DagBag from /opt/airflow/dags/netflix_dag.py
[2026-09-08T08:48:48.331+0000] {processor.py:840} INFO - DAG(s) 'netflix_etl_pipeline' retrieved from /opt/airflow/dags/netflix_dag.py
[2026-09-08T08:48:48.405+0000] {logging_mixin.py:188} INFO - [2026-09-08T08:48:48.404+0000] {dag.py:3089} INFO - Sync 1 DAGs
[2026-09-08T08:48:48.451+0000] {logging_mixin.py:188} INFO - [2026-09-08T08:48:48.451+0000] {dag.py:3947} INFO - Setting next_dagrun for netflix_etl_pipeline to 2026-09-07 00:00:00+00:00, run_after=2026-09-08 00:00:00+00:00
[2026-09-08T08:48:48.491+0000] {processor.py:183} INFO - Processing /opt/airflow/dags/netflix_dag.py took 0.238 seconds
[2026-09-08T08:49:18.803+0000] {processor.py:161} INFO - Started process (PID=8642) to work on /opt/airflow/dags/netflix_dag.py
[2026-09-08T08:49:18.806+0000] {processor.py:830} INFO - Processing file /opt/airflow/dags/netflix_dag.py for tasks to queue
[2026-09-08T08:49:18.811+0000] {logging_mixin.py:188} INFO - [2026-09-08T08:49:18.810+0000] {dagbag.py:545} INFO - Filling up the DagBag from /opt/airflow/dags/netflix_dag.py
[2026-09-08T08:49:18.863+0000] {processor.py:840} INFO - DAG(s) 'netflix_etl_pipeline' retrieved from /opt/airflow/dags/netflix_dag.py
[2026-09-08T08:49:18.939+0000] {logging_mixin.py:188} INFO - [2026-09-08T08:49:18.938+0000] {dag.py:3089} INFO - Sync 1 DAGs
[2026-09-08T08:49:18.986+0000] {logging_mixin.py:188} INFO - [2026-09-08T08:49:18.986+0000] {dag.py:3947} INFO - Setting next_dagrun for netflix_etl_pipeline to 2026-09-07 00:00:00+00:00, run_after=2026-09-08 00:00:00+00:00
[2026-09-08T08:49:19.028+0000] {processor.py:183} INFO - Processing /opt/airflow/dags/netflix_dag.py took 0.239 seconds
[2026-09-08T08:49:49.740+0000] {processor.py:161} INFO - Started process (PID=8653) to work on /opt/airflow/dags/netflix_dag.py
[2026-09-08T08:49:49.745+0000] {processor.py:830} INFO - Processing file /opt/airflow/dags/netflix_dag.py for tasks to queue
[2026-09-08T08:49:49.755+0000] {logging_mixin.py:188} INFO - [2026-09-08T08:49:49.753+0000] {dagbag.py:545} INFO - Filling up the DagBag from /opt/airflow/dags/netflix_dag.py
[2026-09-08T08:49:49.828+0000] {processor.py:840} INFO - DAG(s) 'netflix_etl_pipeline' retrieved from /opt/airflow/dags/netflix_dag.py
[2026-09-08T08:49:49.921+0000] {logging_mixin.py:188} INFO - [2026-09-08T08:49:49.921+0000] {dag.py:3089} INFO - Sync 1 DAGs
[2026-09-08T08:49:49.974+0000] {logging_mixin.py:188} INFO - [2026-09-08T08:49:49.974+0000] {dag.py:3947} INFO - Setting next_dagrun for netflix_etl_pipeline to 2026-09-07 00:00:00+00:00, run_after=2026-09-08 00:00:00+00:00
[2026-09-08T08:49:50.017+0000] {processor.py:183} INFO - Processing /opt/airflow/dags/netflix_dag.py took 0.323 seconds
[2026-09-08T08:50:20.174+0000] {processor.py:161} INFO - Started process (PID=8664) to work on /opt/airflow/dags/netflix_dag.py
[2026-09-08T08:50:20.177+0000] {processor.py:830} INFO - Processing file /opt/airflow/dags/netflix_dag.py for tasks to queue
[2026-09-08T08:50:20.183+0000] {logging_mixin.py:188} INFO - [2026-09-08T08:50:20.182+0000] {dagbag.py:545} INFO - Filling up the DagBag from /opt/airflow/dags/netflix_dag.py
[2026-09-08T08:50:20.229+0000] {processor.py:840} INFO - DAG(s) 'netflix_etl_pipeline' retrieved from /opt/airflow/dags/netflix_dag.py
[2026-09-08T08:50:20.296+0000] {logging_mixin.py:188} INFO - [2026-09-08T08:50:20.296+0000] {dag.py:3089} INFO - Sync 1 DAGs
[2026-09-08T08:50:20.338+0000] {logging_mixin.py:188} INFO - [2026-09-08T08:50:20.337+0000] {dag.py:3947} INFO - Setting next_dagrun for netflix_etl_pipeline to 2026-09-07 00:00:00+00:00, run_after=2026-09-08 00:00:00+00:00
[2026-09-08T08:50:20.375+0000] {processor.py:183} INFO - Processing /opt/airflow/dags/netflix_dag.py took 0.213 seconds
[2026-09-08T08:50:50.695+0000] {processor.py:161} INFO - Started process (PID=8675) to work on /opt/airflow/dags/netflix_dag.py
[2026-09-08T08:50:50.698+0000] {processor.py:830} INFO - Processing file /opt/airflow/dags/netflix_dag.py for tasks to queue
[2026-09-08T08:50:50.704+0000] {logging_mixin.py:188} INFO - [2026-09-08T08:50:50.703+0000] {dagbag.py:545} INFO - Filling up the DagBag from /opt/airflow/dags/netflix_dag.py
[2026-09-08T08:50:50.753+0000] {processor.py:840} INFO - DAG(s) 'netflix_etl_pipeline' retrieved from /opt/airflow/dags/netflix_dag.py
[2026-09-08T08:50:50.823+0000] {logging_mixin.py:188} INFO - [2026-09-08T08:50:50.823+0000] {dag.py:3089} INFO - Sync 1 DAGs
[2026-09-08T08:50:50.870+0000] {logging_mixin.py:188} INFO - [2026-09-08T08:50:50.870+0000] {dag.py:3947} INFO - Setting next_dagrun for netflix_etl_pipeline to 2026-09-07 00:00:00+00:00, run_after=2026-09-08 00:00:00+00:00
[2026-09-08T08:50:50.908+0000] {processor.py:183} INFO - Processing /opt/airflow/dags/netflix_dag.py took 0.230 seconds
[2026-09-08T08:51:21.281+0000] {processor.py:161} INFO - Started process (PID=8686) to work on /opt/airflow/dags/netflix_dag.py
[2026-09-08T08:51:21.284+0000] {processor.py:830} INFO - Processing file /opt/airflow/dags/netflix_dag.py for tasks to queue
[2026-09-08T08:51:21.290+0000] {logging_mixin.py:188} INFO - [2026-09-08T08:51:21.289+0000] {dagbag.py:545} INFO - Filling up the DagBag from /opt/airflow/dags/netflix_dag.py
[2026-09-08T08:51:21.333+0000] {processor.py:840} INFO - DAG(s) 'netflix_etl_pipeline' retrieved from /opt/airflow/dags/netflix_dag.py
[2026-09-08T08:51:21.398+0000] {logging_mixin.py:188} INFO - [2026-09-08T08:51:21.397+0000] {dag.py:3089} INFO - Sync 1 DAGs
[2026-09-08T08:51:21.440+0000] {logging_mixin.py:188} INFO - [2026-09-08T08:51:21.439+0000] {dag.py:3947} INFO - Setting next_dagrun for netflix_etl_pipeline to 2026-09-07 00:00:00+00:00, run_after=2026-09-08 00:00:00+00:00
[2026-09-08T08:51:21.476+0000] {processor.py:183} INFO - Processing /opt/airflow/dags/netflix_dag.py took 0.208 seconds
[2026-09-08T08:51:51.920+0000] {processor.py:161} INFO - Started process (PID=8698) to work on /opt/airflow/dags/netflix_dag.py
[2026-09-08T08:51:51.923+0000] {processor.py:830} INFO - Processing file /opt/airflow/dags/netflix_dag.py for tasks to queue
[2026-09-08T08:51:51.928+0000] {logging_mixin.py:188} INFO - [2026-09-08T08:51:51.928+0000] {dagbag.py:545} INFO - Filling up the DagBag from /opt/airflow/dags/netflix_dag.py
[2026-09-08T08:51:51.978+0000] {processor.py:840} INFO - DAG(s) 'netflix_etl_pipeline' retrieved from /opt/airflow/dags/netflix_dag.py
[2026-09-08T08:51:52.047+0000] {logging_mixin.py:188} INFO - [2026-09-08T08:51:52.047+0000] {dag.py:3089} INFO - Sync 1 DAGs
[2026-09-08T08:51:52.092+0000] {logging_mixin.py:188} INFO - [2026-09-08T08:51:52.092+0000] {dag.py:3947} INFO - Setting next_dagrun for netflix_etl_pipeline to 2026-09-07 00:00:00+00:00, run_after=2026-09-08 00:00:00+00:00
[2026-09-08T08:51:52.134+0000] {processor.py:183} INFO - Processing /opt/airflow/dags/netflix_dag.py took 0.228 seconds
[2026-09-08T08:52:22.418+0000] {processor.py:161} INFO - Started process (PID=8710) to work on /opt/airflow/dags/netflix_dag.py
[2026-09-08T08:52:22.421+0000] {processor.py:830} INFO - Processing file /opt/airflow/dags/netflix_dag.py for tasks to queue
[2026-09-08T08:52:22.428+0000] {logging_mixin.py:188} INFO - [2026-09-08T08:52:22.427+0000] {dagbag.py:545} INFO - Filling up the DagBag from /opt/airflow/dags/netflix_dag.py
[2026-09-08T08:52:22.479+0000] {processor.py:840} INFO - DAG(s) 'netflix_etl_pipeline' retrieved from /opt/airflow/dags/netflix_dag.py
[2026-09-08T08:52:22.550+0000] {logging_mixin.py:188} INFO - [2026-09-08T08:52:22.550+0000] {dag.py:3089} INFO - Sync 1 DAGs
[2026-09-08T08:52:22.597+0000] {logging_mixin.py:188} INFO - [2026-09-08T08:52:22.597+0000] {dag.py:3947} INFO - Setting next_dagrun for netflix_etl_pipeline to 2026-09-07 00:00:00+00:00, run_after=2026-09-08 00:00:00+00:00
[2026-09-08T08:52:22.635+0000] {processor.py:183} INFO - Processing /opt/airflow/dags/netflix_dag.py took 0.232 seconds
[2026-09-08T08:52:53.126+0000] {processor.py:161} INFO - Started process (PID=8721) to work on /opt/airflow/dags/netflix_dag.py
[2026-09-08T08:52:53.129+0000] {processor.py:830} INFO - Processing file /opt/airflow/dags/netflix_dag.py for tasks to queue
[2026-09-08T08:52:53.133+0000] {logging_mixin.py:188} INFO - [2026-09-08T08:52:53.133+0000] {dagbag.py:545} INFO - Filling up the DagBag from /opt/airflow/dags/netflix_dag.py
[2026-09-08T08:52:53.181+0000] {processor.py:840} INFO - DAG(s) 'netflix_etl_pipeline' retrieved from /opt/airflow/dags/netflix_dag.py
[2026-09-08T08:52:53.248+0000] {logging_mixin.py:188} INFO - [2026-09-08T08:52:53.248+0000] {dag.py:3089} INFO - Sync 1 DAGs
[2026-09-08T08:52:53.294+0000] {logging_mixin.py:188} INFO - [2026-09-08T08:52:53.293+0000] {dag.py:3947} INFO - Setting next_dagrun for netflix_etl_pipeline to 2026-09-07 00:00:00+00:00, run_after=2026-09-08 00:00:00+00:00
[2026-09-08T08:52:53.333+0000] {processor.py:183} INFO - Processing /opt/airflow/dags/netflix_dag.py took 0.219 seconds
[2026-09-08T08:53:23.635+0000] {processor.py:161} INFO - Started process (PID=8732) to work on /opt/airflow/dags/netflix_dag.py
[2026-09-08T08:53:23.638+0000] {processor.py:830} INFO - Processing file /opt/airflow/dags/netflix_dag.py for tasks to queue
[2026-09-08T08:53:23.642+0000] {logging_mixin.py:188} INFO - [2026-09-08T08:53:23.642+0000] {dagbag.py:545} INFO - Filling up the DagBag from /opt/airflow/dags/netflix_dag.py
[2026-09-08T08:53:23.689+0000] {processor.py:840} INFO - DAG(s) 'netflix_etl_pipeline' retrieved from /opt/airflow/dags/netflix_dag.py
[2026-09-08T08:53:23.759+0000] {logging_mixin.py:188} INFO - [2026-09-08T08:53:23.759+0000] {dag.py:3089} INFO - Sync 1 DAGs
[2026-09-08T08:53:23.805+0000] {logging_mixin.py:188} INFO - [2026-09-08T08:53:23.805+0000] {dag.py:3947} INFO - Setting next_dagrun for netflix_etl_pipeline to 2026-09-07 00:00:00+00:00, run_after=2026-09-08 00:00:00+00:00
[2026-09-08T08:53:23.844+0000] {processor.py:183} INFO - Processing /opt/airflow/dags/netflix_dag.py took 0.221 seconds
[2026-09-08T08:53:54.332+0000] {processor.py:161} INFO - Started process (PID=8743) to work on /opt/airflow/dags/netflix_dag.py
[2026-09-08T08:53:54.335+0000] {processor.py:830} INFO - Processing file /opt/airflow/dags/netflix_dag.py for tasks to queue
[2026-09-08T08:53:54.340+0000] {logging_mixin.py:188} INFO - [2026-09-08T08:53:54.340+0000] {dagbag.py:545} INFO - Filling up the DagBag from /opt/airflow/dags/netflix_dag.py
[2026-09-08T08:53:54.391+0000] {processor.py:840} INFO - DAG(s) 'netflix_etl_pipeline' retrieved from /opt/airflow/dags/netflix_dag.py
[2026-09-08T08:53:54.459+0000] {logging_mixin.py:188} INFO - [2026-09-08T08:53:54.458+0000] {dag.py:3089} INFO - Sync 1 DAGs
[2026-09-08T08:53:54.503+0000] {logging_mixin.py:188} INFO - [2026-09-08T08:53:54.503+0000] {dag.py:3947} INFO - Setting next_dagrun for netflix_etl_pipeline to 2026-09-07 00:00:00+00:00, run_after=2026-09-08 00:00:00+00:00
[2026-09-08T08:53:54.543+0000] {processor.py:183} INFO - Processing /opt/airflow/dags/netflix_dag.py took 0.224 seconds
[2026-09-08T08:54:24.959+0000] {processor.py:161} INFO - Started process (PID=8754) to work on /opt/airflow/dags/netflix_dag.py
[2026-09-08T08:54:24.962+0000] {processor.py:830} INFO - Processing file /opt/airflow/dags/netflix_dag.py for tasks to queue
[2026-09-08T08:54:24.967+0000] {logging_mixin.py:188} INFO - [2026-09-08T08:54:24.966+0000] {dagbag.py:545} INFO - Filling up the DagBag from /opt/airflow/dags/netflix_dag.py
[2026-09-08T08:54:25.016+0000] {processor.py:840} INFO - DAG(s) 'netflix_etl_pipeline' retrieved from /opt/airflow/dags/netflix_dag.py
[2026-09-08T08:54:25.087+0000] {logging_mixin.py:188} INFO - [2026-09-08T08:54:25.086+0000] {dag.py:3089} INFO - Sync 1 DAGs
[2026-09-08T08:54:25.135+0000] {logging_mixin.py:188} INFO - [2026-09-08T08:54:25.135+0000] {dag.py:3947} INFO - Setting next_dagrun for netflix_etl_pipeline to 2026-09-07 00:00:00+00:00, run_after=2026-09-08 00:00:00+00:00
[2026-09-08T08:54:25.175+0000] {processor.py:183} INFO - Processing /opt/airflow/dags/netflix_dag.py took 0.233 seconds
[2026-09-08T08:54:55.464+0000] {processor.py:161} INFO - Started process (PID=8765) to work on /opt/airflow/dags/netflix_dag.py
[2026-09-08T08:54:55.467+0000] {processor.py:830} INFO - Processing file /opt/airflow/dags/netflix_dag.py for tasks to queue
[2026-09-08T08:54:55.473+0000] {logging_mixin.py:188} INFO - [2026-09-08T08:54:55.472+0000] {dagbag.py:545} INFO - Filling up the DagBag from /opt/airflow/dags/netflix_dag.py
[2026-09-08T08:54:55.519+0000] {processor.py:840} INFO - DAG(s) 'netflix_etl_pipeline' retrieved from /opt/airflow/dags/netflix_dag.py
[2026-09-08T08:54:55.592+0000] {logging_mixin.py:188} INFO - [2026-09-08T08:54:55.592+0000] {dag.py:3089} INFO - Sync 1 DAGs
[2026-09-08T08:54:55.639+0000] {logging_mixin.py:188} INFO - [2026-09-08T08:54:55.639+0000] {dag.py:3947} INFO - Setting next_dagrun for netflix_etl_pipeline to 2026-09-07 00:00:00+00:00, run_after=2026-09-08 00:00:00+00:00
[2026-09-08T08:54:55.686+0000] {processor.py:183} INFO - Processing /opt/airflow/dags/netflix_dag.py took 0.236 seconds
[2026-09-08T08:55:26.131+0000] {processor.py:161} INFO - Started process (PID=8776) to work on /opt/airflow/dags/netflix_dag.py
[2026-09-08T08:55:26.134+0000] {processor.py:830} INFO - Processing file /opt/airflow/dags/netflix_dag.py for tasks to queue
[2026-09-08T08:55:26.139+0000] {logging_mixin.py:188} INFO - [2026-09-08T08:55:26.138+0000] {dagbag.py:545} INFO - Filling up the DagBag from /opt/airflow/dags/netflix_dag.py
[2026-09-08T08:55:26.188+0000] {processor.py:840} INFO - DAG(s) 'netflix_etl_pipeline' retrieved from /opt/airflow/dags/netflix_dag.py
[2026-09-08T08:55:26.256+0000] {logging_mixin.py:188} INFO - [2026-09-08T08:55:26.256+0000] {dag.py:3089} INFO - Sync 1 DAGs
[2026-09-08T08:55:26.302+0000] {logging_mixin.py:188} INFO - [2026-09-08T08:55:26.302+0000] {dag.py:3947} INFO - Setting next_dagrun for netflix_etl_pipeline to 2026-09-07 00:00:00+00:00, run_after=2026-09-08 00:00:00+00:00
[2026-09-08T08:55:26.343+0000] {processor.py:183} INFO - Processing /opt/airflow/dags/netflix_dag.py took 0.227 seconds
[2026-09-08T08:55:56.678+0000] {processor.py:161} INFO - Started process (PID=8787) to work on /opt/airflow/dags/netflix_dag.py
[2026-09-08T08:55:56.681+0000] {processor.py:830} INFO - Processing file /opt/airflow/dags/netflix_dag.py for tasks to queue
[2026-09-08T08:55:56.686+0000] {logging_mixin.py:188} INFO - [2026-09-08T08:55:56.686+0000] {dagbag.py:545} INFO - Filling up the DagBag from /opt/airflow/dags/netflix_dag.py
[2026-09-08T08:55:56.738+0000] {processor.py:840} INFO - DAG(s) 'netflix_etl_pipeline' retrieved from /opt/airflow/dags/netflix_dag.py
[2026-09-08T08:55:56.809+0000] {logging_mixin.py:188} INFO - [2026-09-08T08:55:56.808+0000] {dag.py:3089} INFO - Sync 1 DAGs
[2026-09-08T08:55:56.854+0000] {logging_mixin.py:188} INFO - [2026-09-08T08:55:56.853+0000] {dag.py:3947} INFO - Setting next_dagrun for netflix_etl_pipeline to 2026-09-07 00:00:00+00:00, run_after=2026-09-08 00:00:00+00:00
[2026-09-08T08:55:56.891+0000] {processor.py:183} INFO - Processing /opt/airflow/dags/netflix_dag.py took 0.228 seconds
[2026-09-08T08:56:27.281+0000] {processor.py:161} INFO - Started process (PID=8798) to work on /opt/airflow/dags/netflix_dag.py
[2026-09-08T08:56:27.284+0000] {processor.py:830} INFO - Processing file /opt/airflow/dags/netflix_dag.py for tasks to queue
[2026-09-08T08:56:27.290+0000] {logging_mixin.py:188} INFO - [2026-09-08T08:56:27.289+0000] {dagbag.py:545} INFO - Filling up the DagBag from /opt/airflow/dags/netflix_dag.py
[2026-09-08T08:56:27.344+0000] {processor.py:840} INFO - DAG(s) 'netflix_etl_pipeline' retrieved from /opt/airflow/dags/netflix_dag.py
[2026-09-08T08:56:27.425+0000] {logging_mixin.py:188} INFO - [2026-09-08T08:56:27.425+0000] {dag.py:3089} INFO - Sync 1 DAGs
[2026-09-08T08:56:27.487+0000] {logging_mixin.py:188} INFO - [2026-09-08T08:56:27.487+0000] {dag.py:3947} INFO - Setting next_dagrun for netflix_etl_pipeline to 2026-09-07 00:00:00+00:00, run_after=2026-09-08 00:00:00+00:00
[2026-09-08T08:56:27.529+0000] {processor.py:183} INFO - Processing /opt/airflow/dags/netflix_dag.py took 0.264 seconds
[2026-09-08T08:56:57.833+0000] {processor.py:161} INFO - Started process (PID=8809) to work on /opt/airflow/dags/netflix_dag.py
[2026-09-08T08:56:57.837+0000] {processor.py:830} INFO - Processing file /opt/airflow/dags/netflix_dag.py for tasks to queue
[2026-09-08T08:56:57.842+0000] {logging_mixin.py:188} INFO - [2026-09-08T08:56:57.841+0000] {dagbag.py:545} INFO - Filling up the DagBag from /opt/airflow/dags/netflix_dag.py
[2026-09-08T08:56:57.893+0000] {processor.py:840} INFO - DAG(s) 'netflix_etl_pipeline' retrieved from /opt/airflow/dags/netflix_dag.py
[2026-09-08T08:56:57.963+0000] {logging_mixin.py:188} INFO - [2026-09-08T08:56:57.963+0000] {dag.py:3089} INFO - Sync 1 DAGs
[2026-09-08T08:56:58.012+0000] {logging_mixin.py:188} INFO - [2026-09-08T08:56:58.011+0000] {dag.py:3947} INFO - Setting next_dagrun for netflix_etl_pipeline to 2026-09-07 00:00:00+00:00, run_after=2026-09-08 00:00:00+00:00
[2026-09-08T08:56:58.051+0000] {processor.py:183} INFO - Processing /opt/airflow/dags/netflix_dag.py took 0.232 seconds
[2026-09-08T08:57:28.539+0000] {processor.py:161} INFO - Started process (PID=8820) to work on /opt/airflow/dags/netflix_dag.py
[2026-09-08T08:57:28.542+0000] {processor.py:830} INFO - Processing file /opt/airflow/dags/netflix_dag.py for tasks to queue
[2026-09-08T08:57:28.547+0000] {logging_mixin.py:188} INFO - [2026-09-08T08:57:28.547+0000] {dagbag.py:545} INFO - Filling up the DagBag from /opt/airflow/dags/netflix_dag.py
[2026-09-08T08:57:28.604+0000] {processor.py:840} INFO - DAG(s) 'netflix_etl_pipeline' retrieved from /opt/airflow/dags/netflix_dag.py
[2026-09-08T08:57:28.677+0000] {logging_mixin.py:188} INFO - [2026-09-08T08:57:28.677+0000] {dag.py:3089} INFO - Sync 1 DAGs
[2026-09-08T08:57:28.728+0000] {logging_mixin.py:188} INFO - [2026-09-08T08:57:28.728+0000] {dag.py:3947} INFO - Setting next_dagrun for netflix_etl_pipeline to 2026-09-07 00:00:00+00:00, run_after=2026-09-08 00:00:00+00:00
[2026-09-08T08:57:28.977+0000] {processor.py:183} INFO - Processing /opt/airflow/dags/netflix_dag.py took 0.451 seconds
[2026-09-08T08:57:59.520+0000] {processor.py:161} INFO - Started process (PID=8837) to work on /opt/airflow/dags/netflix_dag.py
[2026-09-08T08:57:59.523+0000] {processor.py:830} INFO - Processing file /opt/airflow/dags/netflix_dag.py for tasks to queue
[2026-09-08T08:57:59.527+0000] {logging_mixin.py:188} INFO - [2026-09-08T08:57:59.527+0000] {dagbag.py:545} INFO - Filling up the DagBag from /opt/airflow/dags/netflix_dag.py
[2026-09-08T08:57:59.573+0000] {processor.py:840} INFO - DAG(s) 'netflix_etl_pipeline' retrieved from /opt/airflow/dags/netflix_dag.py
[2026-09-08T08:57:59.639+0000] {logging_mixin.py:188} INFO - [2026-09-08T08:57:59.638+0000] {dag.py:3089} INFO - Sync 1 DAGs
[2026-09-08T08:57:59.681+0000] {logging_mixin.py:188} INFO - [2026-09-08T08:57:59.681+0000] {dag.py:3947} INFO - Setting next_dagrun for netflix_etl_pipeline to 2026-09-07 00:00:00+00:00, run_after=2026-09-08 00:00:00+00:00
[2026-09-08T08:57:59.721+0000] {processor.py:183} INFO - Processing /opt/airflow/dags/netflix_dag.py took 0.214 seconds
[2026-09-08T08:58:29.999+0000] {processor.py:161} INFO - Started process (PID=8848) to work on /opt/airflow/dags/netflix_dag.py
[2026-09-08T08:58:30.003+0000] {processor.py:830} INFO - Processing file /opt/airflow/dags/netflix_dag.py for tasks to queue
[2026-09-08T08:58:30.008+0000] {logging_mixin.py:188} INFO - [2026-09-08T08:58:30.007+0000] {dagbag.py:545} INFO - Filling up the DagBag from /opt/airflow/dags/netflix_dag.py
[2026-09-08T08:58:30.059+0000] {processor.py:840} INFO - DAG(s) 'netflix_etl_pipeline' retrieved from /opt/airflow/dags/netflix_dag.py
[2026-09-08T08:58:30.132+0000] {logging_mixin.py:188} INFO - [2026-09-08T08:58:30.131+0000] {dag.py:3089} INFO - Sync 1 DAGs
[2026-09-08T08:58:30.183+0000] {logging_mixin.py:188} INFO - [2026-09-08T08:58:30.182+0000] {dag.py:3947} INFO - Setting next_dagrun for netflix_etl_pipeline to 2026-09-07 00:00:00+00:00, run_after=2026-09-08 00:00:00+00:00
[2026-09-08T08:58:30.220+0000] {processor.py:183} INFO - Processing /opt/airflow/dags/netflix_dag.py took 0.235 seconds
[2026-09-08T08:59:00.692+0000] {processor.py:161} INFO - Started process (PID=8859) to work on /opt/airflow/dags/netflix_dag.py
[2026-09-08T08:59:00.695+0000] {processor.py:830} INFO - Processing file /opt/airflow/dags/netflix_dag.py for tasks to queue
[2026-09-08T08:59:00.700+0000] {logging_mixin.py:188} INFO - [2026-09-08T08:59:00.699+0000] {dagbag.py:545} INFO - Filling up the DagBag from /opt/airflow/dags/netflix_dag.py
[2026-09-08T08:59:00.745+0000] {processor.py:840} INFO - DAG(s) 'netflix_etl_pipeline' retrieved from /opt/airflow/dags/netflix_dag.py
[2026-09-08T08:59:00.819+0000] {logging_mixin.py:188} INFO - [2026-09-08T08:59:00.818+0000] {dag.py:3089} INFO - Sync 1 DAGs
[2026-09-08T08:59:00.866+0000] {logging_mixin.py:188} INFO - [2026-09-08T08:59:00.865+0000] {dag.py:3947} INFO - Setting next_dagrun for netflix_etl_pipeline to 2026-09-07 00:00:00+00:00, run_after=2026-09-08 00:00:00+00:00
[2026-09-08T08:59:00.911+0000] {processor.py:183} INFO - Processing /opt/airflow/dags/netflix_dag.py took 0.234 seconds
[2026-09-08T08:59:31.342+0000] {processor.py:161} INFO - Started process (PID=8870) to work on /opt/airflow/dags/netflix_dag.py
[2026-09-08T08:59:31.345+0000] {processor.py:830} INFO - Processing file /opt/airflow/dags/netflix_dag.py for tasks to queue
[2026-09-08T08:59:31.350+0000] {logging_mixin.py:188} INFO - [2026-09-08T08:59:31.349+0000] {dagbag.py:545} INFO - Filling up the DagBag from /opt/airflow/dags/netflix_dag.py
[2026-09-08T08:59:31.400+0000] {processor.py:840} INFO - DAG(s) 'netflix_etl_pipeline' retrieved from /opt/airflow/dags/netflix_dag.py
[2026-09-08T08:59:31.468+0000] {logging_mixin.py:188} INFO - [2026-09-08T08:59:31.467+0000] {dag.py:3089} INFO - Sync 1 DAGs
[2026-09-08T08:59:31.513+0000] {logging_mixin.py:188} INFO - [2026-09-08T08:59:31.513+0000] {dag.py:3947} INFO - Setting next_dagrun for netflix_etl_pipeline to 2026-09-07 00:00:00+00:00, run_after=2026-09-08 00:00:00+00:00
[2026-09-08T08:59:31.551+0000] {processor.py:183} INFO - Processing /opt/airflow/dags/netflix_dag.py took 0.227 seconds
[2026-09-08T09:00:01.876+0000] {processor.py:161} INFO - Started process (PID=8881) to work on /opt/airflow/dags/netflix_dag.py
[2026-09-08T09:00:01.880+0000] {processor.py:830} INFO - Processing file /opt/airflow/dags/netflix_dag.py for tasks to queue
[2026-09-08T09:00:01.885+0000] {logging_mixin.py:188} INFO - [2026-09-08T09:00:01.884+0000] {dagbag.py:545} INFO - Filling up the DagBag from /opt/airflow/dags/netflix_dag.py
[2026-09-08T09:00:01.931+0000] {processor.py:840} INFO - DAG(s) 'netflix_etl_pipeline' retrieved from /opt/airflow/dags/netflix_dag.py
[2026-09-08T09:00:02.001+0000] {logging_mixin.py:188} INFO - [2026-09-08T09:00:02.001+0000] {dag.py:3089} INFO - Sync 1 DAGs
[2026-09-08T09:00:02.047+0000] {logging_mixin.py:188} INFO - [2026-09-08T09:00:02.047+0000] {dag.py:3947} INFO - Setting next_dagrun for netflix_etl_pipeline to 2026-09-07 00:00:00+00:00, run_after=2026-09-08 00:00:00+00:00
[2026-09-08T09:00:02.085+0000] {processor.py:183} INFO - Processing /opt/airflow/dags/netflix_dag.py took 0.223 seconds
[2026-09-08T09:00:32.551+0000] {processor.py:161} INFO - Started process (PID=8892) to work on /opt/airflow/dags/netflix_dag.py
[2026-09-08T09:00:32.554+0000] {processor.py:830} INFO - Processing file /opt/airflow/dags/netflix_dag.py for tasks to queue
[2026-09-08T09:00:32.560+0000] {logging_mixin.py:188} INFO - [2026-09-08T09:00:32.559+0000] {dagbag.py:545} INFO - Filling up the DagBag from /opt/airflow/dags/netflix_dag.py
[2026-09-08T09:00:32.612+0000] {processor.py:840} INFO - DAG(s) 'netflix_etl_pipeline' retrieved from /opt/airflow/dags/netflix_dag.py
[2026-09-08T09:00:32.681+0000] {logging_mixin.py:188} INFO - [2026-09-08T09:00:32.680+0000] {dag.py:3089} INFO - Sync 1 DAGs
[2026-09-08T09:00:32.725+0000] {logging_mixin.py:188} INFO - [2026-09-08T09:00:32.724+0000] {dag.py:3947} INFO - Setting next_dagrun for netflix_etl_pipeline to 2026-09-07 00:00:00+00:00, run_after=2026-09-08 00:00:00+00:00
[2026-09-08T09:00:32.764+0000] {processor.py:183} INFO - Processing /opt/airflow/dags/netflix_dag.py took 0.226 seconds
[2026-09-08T09:01:03.054+0000] {processor.py:161} INFO - Started process (PID=8903) to work on /opt/airflow/dags/netflix_dag.py
[2026-09-08T09:01:03.057+0000] {processor.py:830} INFO - Processing file /opt/airflow/dags/netflix_dag.py for tasks to queue
[2026-09-08T09:01:03.062+0000] {logging_mixin.py:188} INFO - [2026-09-08T09:01:03.062+0000] {dagbag.py:545} INFO - Filling up the DagBag from /opt/airflow/dags/netflix_dag.py
[2026-09-08T09:01:03.111+0000] {processor.py:840} INFO - DAG(s) 'netflix_etl_pipeline' retrieved from /opt/airflow/dags/netflix_dag.py
[2026-09-08T09:01:03.184+0000] {logging_mixin.py:188} INFO - [2026-09-08T09:01:03.184+0000] {dag.py:3089} INFO - Sync 1 DAGs
[2026-09-08T09:01:03.233+0000] {logging_mixin.py:188} INFO - [2026-09-08T09:01:03.233+0000] {dag.py:3947} INFO - Setting next_dagrun for netflix_etl_pipeline to 2026-09-07 00:00:00+00:00, run_after=2026-09-08 00:00:00+00:00
[2026-09-08T09:01:03.274+0000] {processor.py:183} INFO - Processing /opt/airflow/dags/netflix_dag.py took 0.236 seconds
[2026-09-08T09:01:33.610+0000] {processor.py:161} INFO - Started process (PID=8914) to work on /opt/airflow/dags/netflix_dag.py
[2026-09-08T09:01:33.613+0000] {processor.py:830} INFO - Processing file /opt/airflow/dags/netflix_dag.py for tasks to queue
[2026-09-08T09:01:33.618+0000] {logging_mixin.py:188} INFO - [2026-09-08T09:01:33.617+0000] {dagbag.py:545} INFO - Filling up the DagBag from /opt/airflow/dags/netflix_dag.py
[2026-09-08T09:01:33.665+0000] {processor.py:840} INFO - DAG(s) 'netflix_etl_pipeline' retrieved from /opt/airflow/dags/netflix_dag.py
[2026-09-08T09:01:33.746+0000] {logging_mixin.py:188} INFO - [2026-09-08T09:01:33.744+0000] {dag.py:3089} INFO - Sync 1 DAGs
[2026-09-08T09:01:33.824+0000] {logging_mixin.py:188} INFO - [2026-09-08T09:01:33.823+0000] {dag.py:3947} INFO - Setting next_dagrun for netflix_etl_pipeline to 2026-09-07 00:00:00+00:00, run_after=2026-09-08 00:00:00+00:00
[2026-09-08T09:01:33.875+0000] {processor.py:183} INFO - Processing /opt/airflow/dags/netflix_dag.py took 0.278 seconds
[2026-09-08T09:02:04.283+0000] {processor.py:161} INFO - Started process (PID=8925) to work on /opt/airflow/dags/netflix_dag.py
[2026-09-08T09:02:04.286+0000] {processor.py:830} INFO - Processing file /opt/airflow/dags/netflix_dag.py for tasks to queue
[2026-09-08T09:02:04.292+0000] {logging_mixin.py:188} INFO - [2026-09-08T09:02:04.291+0000] {dagbag.py:545} INFO - Filling up the DagBag from /opt/airflow/dags/netflix_dag.py
[2026-09-08T09:02:04.338+0000] {processor.py:840} INFO - DAG(s) 'netflix_etl_pipeline' retrieved from /opt/airflow/dags/netflix_dag.py
[2026-09-08T09:02:04.404+0000] {logging_mixin.py:188} INFO - [2026-09-08T09:02:04.404+0000] {dag.py:3089} INFO - Sync 1 DAGs
[2026-09-08T09:02:04.446+0000] {logging_mixin.py:188} INFO - [2026-09-08T09:02:04.446+0000] {dag.py:3947} INFO - Setting next_dagrun for netflix_etl_pipeline to 2026-09-07 00:00:00+00:00, run_after=2026-09-08 00:00:00+00:00
[2026-09-08T09:02:04.483+0000] {processor.py:183} INFO - Processing /opt/airflow/dags/netflix_dag.py took 0.218 seconds
[2026-09-08T09:02:34.771+0000] {processor.py:161} INFO - Started process (PID=8936) to work on /opt/airflow/dags/netflix_dag.py
[2026-09-08T09:02:34.774+0000] {processor.py:830} INFO - Processing file /opt/airflow/dags/netflix_dag.py for tasks to queue
[2026-09-08T09:02:34.781+0000] {logging_mixin.py:188} INFO - [2026-09-08T09:02:34.780+0000] {dagbag.py:545} INFO - Filling up the DagBag from /opt/airflow/dags/netflix_dag.py
[2026-09-08T09:02:34.826+0000] {processor.py:840} INFO - DAG(s) 'netflix_etl_pipeline' retrieved from /opt/airflow/dags/netflix_dag.py
[2026-09-08T09:02:34.899+0000] {logging_mixin.py:188} INFO - [2026-09-08T09:02:34.898+0000] {dag.py:3089} INFO - Sync 1 DAGs
[2026-09-08T09:02:34.946+0000] {logging_mixin.py:188} INFO - [2026-09-08T09:02:34.945+0000] {dag.py:3947} INFO - Setting next_dagrun for netflix_etl_pipeline to 2026-09-07 00:00:00+00:00, run_after=2026-09-08 00:00:00+00:00
[2026-09-08T09:02:34.987+0000] {processor.py:183} INFO - Processing /opt/airflow/dags/netflix_dag.py took 0.231 seconds
[2026-09-08T09:03:05.435+0000] {processor.py:161} INFO - Started process (PID=8948) to work on /opt/airflow/dags/netflix_dag.py
[2026-09-08T09:03:05.438+0000] {processor.py:830} INFO - Processing file /opt/airflow/dags/netflix_dag.py for tasks to queue
[2026-09-08T09:03:05.442+0000] {logging_mixin.py:188} INFO - [2026-09-08T09:03:05.442+0000] {dagbag.py:545} INFO - Filling up the DagBag from /opt/airflow/dags/netflix_dag.py
[2026-09-08T09:03:05.492+0000] {processor.py:840} INFO - DAG(s) 'netflix_etl_pipeline' retrieved from /opt/airflow/dags/netflix_dag.py
[2026-09-08T09:03:05.557+0000] {logging_mixin.py:188} INFO - [2026-09-08T09:03:05.556+0000] {dag.py:3089} INFO - Sync 1 DAGs
[2026-09-08T09:03:05.599+0000] {logging_mixin.py:188} INFO - [2026-09-08T09:03:05.599+0000] {dag.py:3947} INFO - Setting next_dagrun for netflix_etl_pipeline to 2026-09-07 00:00:00+00:00, run_after=2026-09-08 00:00:00+00:00
[2026-09-08T09:03:05.637+0000] {processor.py:183} INFO - Processing /opt/airflow/dags/netflix_dag.py took 0.213 seconds
[2026-09-08T09:03:35.939+0000] {processor.py:161} INFO - Started process (PID=8959) to work on /opt/airflow/dags/netflix_dag.py
[2026-09-08T09:03:35.942+0000] {processor.py:830} INFO - Processing file /opt/airflow/dags/netflix_dag.py for tasks to queue
[2026-09-08T09:03:35.947+0000] {logging_mixin.py:188} INFO - [2026-09-08T09:03:35.946+0000] {dagbag.py:545} INFO - Filling up the DagBag from /opt/airflow/dags/netflix_dag.py
[2026-09-08T09:03:35.998+0000] {processor.py:840} INFO - DAG(s) 'netflix_etl_pipeline' retrieved from /opt/airflow/dags/netflix_dag.py
[2026-09-08T09:03:36.070+0000] {logging_mixin.py:188} INFO - [2026-09-08T09:03:36.070+0000] {dag.py:3089} INFO - Sync 1 DAGs
[2026-09-08T09:03:36.118+0000] {logging_mixin.py:188} INFO - [2026-09-08T09:03:36.117+0000] {dag.py:3947} INFO - Setting next_dagrun for netflix_etl_pipeline to 2026-09-07 00:00:00+00:00, run_after=2026-09-08 00:00:00+00:00
[2026-09-08T09:03:36.157+0000] {processor.py:183} INFO - Processing /opt/airflow/dags/netflix_dag.py took 0.234 seconds
[2026-09-08T09:04:06.581+0000] {processor.py:161} INFO - Started process (PID=8970) to work on /opt/airflow/dags/netflix_dag.py
[2026-09-08T09:04:06.586+0000] {processor.py:830} INFO - Processing file /opt/airflow/dags/netflix_dag.py for tasks to queue
[2026-09-08T09:04:06.606+0000] {logging_mixin.py:188} INFO - [2026-09-08T09:04:06.602+0000] {dagbag.py:545} INFO - Filling up the DagBag from /opt/airflow/dags/netflix_dag.py
[2026-09-08T09:04:06.801+0000] {processor.py:840} INFO - DAG(s) 'netflix_etl_pipeline' retrieved from /opt/airflow/dags/netflix_dag.py
[2026-09-08T09:04:06.882+0000] {logging_mixin.py:188} INFO - [2026-09-08T09:04:06.881+0000] {dag.py:3089} INFO - Sync 1 DAGs
[2026-09-08T09:04:06.930+0000] {logging_mixin.py:188} INFO - [2026-09-08T09:04:06.929+0000] {dag.py:3947} INFO - Setting next_dagrun for netflix_etl_pipeline to 2026-09-07 00:00:00+00:00, run_after=2026-09-08 00:00:00+00:00
[2026-09-08T09:04:06.974+0000] {processor.py:183} INFO - Processing /opt/airflow/dags/netflix_dag.py took 0.408 seconds
[2026-09-08T09:04:37.632+0000] {processor.py:161} INFO - Started process (PID=8981) to work on /opt/airflow/dags/netflix_dag.py
[2026-09-08T09:04:37.635+0000] {processor.py:830} INFO - Processing file /opt/airflow/dags/netflix_dag.py for tasks to queue
[2026-09-08T09:04:37.639+0000] {logging_mixin.py:188} INFO - [2026-09-08T09:04:37.639+0000] {dagbag.py:545} INFO - Filling up the DagBag from /opt/airflow/dags/netflix_dag.py
[2026-09-08T09:04:37.710+0000] {processor.py:840} INFO - DAG(s) 'netflix_etl_pipeline' retrieved from /opt/airflow/dags/netflix_dag.py
[2026-09-08T09:04:37.780+0000] {logging_mixin.py:188} INFO - [2026-09-08T09:04:37.779+0000] {dag.py:3089} INFO - Sync 1 DAGs
[2026-09-08T09:04:37.827+0000] {logging_mixin.py:188} INFO - [2026-09-08T09:04:37.826+0000] {dag.py:3947} INFO - Setting next_dagrun for netflix_etl_pipeline to 2026-09-07 00:00:00+00:00, run_after=2026-09-08 00:00:00+00:00
[2026-09-08T09:04:37.865+0000] {processor.py:183} INFO - Processing /opt/airflow/dags/netflix_dag.py took 0.245 seconds
[2026-09-08T09:05:08.096+0000] {processor.py:161} INFO - Started process (PID=8992) to work on /opt/airflow/dags/netflix_dag.py
[2026-09-08T09:05:08.099+0000] {processor.py:830} INFO - Processing file /opt/airflow/dags/netflix_dag.py for tasks to queue
[2026-09-08T09:05:08.104+0000] {logging_mixin.py:188} INFO - [2026-09-08T09:05:08.103+0000] {dagbag.py:545} INFO - Filling up the DagBag from /opt/airflow/dags/netflix_dag.py
[2026-09-08T09:05:08.154+0000] {processor.py:840} INFO - DAG(s) 'netflix_etl_pipeline' retrieved from /opt/airflow/dags/netflix_dag.py
[2026-09-08T09:05:08.238+0000] {logging_mixin.py:188} INFO - [2026-09-08T09:05:08.238+0000] {dag.py:3089} INFO - Sync 1 DAGs
[2026-09-08T09:05:08.287+0000] {logging_mixin.py:188} INFO - [2026-09-08T09:05:08.287+0000] {dag.py:3947} INFO - Setting next_dagrun for netflix_etl_pipeline to 2026-09-07 00:00:00+00:00, run_after=2026-09-08 00:00:00+00:00
[2026-09-08T09:05:08.328+0000] {processor.py:183} INFO - Processing /opt/airflow/dags/netflix_dag.py took 0.247 seconds
[2026-09-08T09:05:38.763+0000] {processor.py:161} INFO - Started process (PID=9003) to work on /opt/airflow/dags/netflix_dag.py
[2026-09-08T09:05:38.766+0000] {processor.py:830} INFO - Processing file /opt/airflow/dags/netflix_dag.py for tasks to queue
[2026-09-08T09:05:38.771+0000] {logging_mixin.py:188} INFO - [2026-09-08T09:05:38.771+0000] {dagbag.py:545} INFO - Filling up the DagBag from /opt/airflow/dags/netflix_dag.py
[2026-09-08T09:05:38.820+0000] {processor.py:840} INFO - DAG(s) 'netflix_etl_pipeline' retrieved from /opt/airflow/dags/netflix_dag.py
[2026-09-08T09:05:38.903+0000] {logging_mixin.py:188} INFO - [2026-09-08T09:05:38.902+0000] {dag.py:3089} INFO - Sync 1 DAGs
[2026-09-08T09:05:38.953+0000] {logging_mixin.py:188} INFO - [2026-09-08T09:05:38.953+0000] {dag.py:3947} INFO - Setting next_dagrun for netflix_etl_pipeline to 2026-09-07 00:00:00+00:00, run_after=2026-09-08 00:00:00+00:00
[2026-09-08T09:05:38.993+0000] {processor.py:183} INFO - Processing /opt/airflow/dags/netflix_dag.py took 0.249 seconds
[2026-09-08T09:06:09.251+0000] {processor.py:161} INFO - Started process (PID=9014) to work on /opt/airflow/dags/netflix_dag.py
[2026-09-08T09:06:09.254+0000] {processor.py:830} INFO - Processing file /opt/airflow/dags/netflix_dag.py for tasks to queue
[2026-09-08T09:06:09.258+0000] {logging_mixin.py:188} INFO - [2026-09-08T09:06:09.257+0000] {dagbag.py:545} INFO - Filling up the DagBag from /opt/airflow/dags/netflix_dag.py
[2026-09-08T09:06:09.304+0000] {processor.py:840} INFO - DAG(s) 'netflix_etl_pipeline' retrieved from /opt/airflow/dags/netflix_dag.py
[2026-09-08T09:06:09.378+0000] {logging_mixin.py:188} INFO - [2026-09-08T09:06:09.377+0000] {dag.py:3089} INFO - Sync 1 DAGs
[2026-09-08T09:06:09.469+0000] {logging_mixin.py:188} INFO - [2026-09-08T09:06:09.469+0000] {dag.py:3947} INFO - Setting next_dagrun for netflix_etl_pipeline to 2026-09-07 00:00:00+00:00, run_after=2026-09-08 00:00:00+00:00
[2026-09-08T09:06:09.507+0000] {processor.py:183} INFO - Processing /opt/airflow/dags/netflix_dag.py took 0.269 seconds
[2026-09-08T09:06:39.884+0000] {processor.py:161} INFO - Started process (PID=9026) to work on /opt/airflow/dags/netflix_dag.py
[2026-09-08T09:06:39.889+0000] {processor.py:830} INFO - Processing file /opt/airflow/dags/netflix_dag.py for tasks to queue
[2026-09-08T09:06:39.897+0000] {logging_mixin.py:188} INFO - [2026-09-08T09:06:39.895+0000] {dagbag.py:545} INFO - Filling up the DagBag from /opt/airflow/dags/netflix_dag.py
[2026-09-08T09:06:39.947+0000] {processor.py:840} INFO - DAG(s) 'netflix_etl_pipeline' retrieved from /opt/airflow/dags/netflix_dag.py
[2026-09-08T09:06:40.036+0000] {logging_mixin.py:188} INFO - [2026-09-08T09:06:40.035+0000] {dag.py:3089} INFO - Sync 1 DAGs
[2026-09-08T09:06:40.082+0000] {logging_mixin.py:188} INFO - [2026-09-08T09:06:40.081+0000] {dag.py:3947} INFO - Setting next_dagrun for netflix_etl_pipeline to 2026-09-07 00:00:00+00:00, run_after=2026-09-08 00:00:00+00:00
[2026-09-08T09:06:40.125+0000] {processor.py:183} INFO - Processing /opt/airflow/dags/netflix_dag.py took 0.271 seconds
[2026-09-08T09:07:10.409+0000] {processor.py:161} INFO - Started process (PID=9037) to work on /opt/airflow/dags/netflix_dag.py
[2026-09-08T09:07:10.413+0000] {processor.py:830} INFO - Processing file /opt/airflow/dags/netflix_dag.py for tasks to queue
[2026-09-08T09:07:10.418+0000] {logging_mixin.py:188} INFO - [2026-09-08T09:07:10.417+0000] {dagbag.py:545} INFO - Filling up the DagBag from /opt/airflow/dags/netflix_dag.py
[2026-09-08T09:07:10.471+0000] {processor.py:840} INFO - DAG(s) 'netflix_etl_pipeline' retrieved from /opt/airflow/dags/netflix_dag.py
[2026-09-08T09:07:10.545+0000] {logging_mixin.py:188} INFO - [2026-09-08T09:07:10.545+0000] {dag.py:3089} INFO - Sync 1 DAGs
[2026-09-08T09:07:10.593+0000] {logging_mixin.py:188} INFO - [2026-09-08T09:07:10.592+0000] {dag.py:3947} INFO - Setting next_dagrun for netflix_etl_pipeline to 2026-09-07 00:00:00+00:00, run_after=2026-09-08 00:00:00+00:00
[2026-09-08T09:07:10.630+0000] {processor.py:183} INFO - Processing /opt/airflow/dags/netflix_dag.py took 0.235 seconds
[2026-09-08T09:07:41.010+0000] {processor.py:161} INFO - Started process (PID=9048) to work on /opt/airflow/dags/netflix_dag.py
[2026-09-08T09:07:41.013+0000] {processor.py:830} INFO - Processing file /opt/airflow/dags/netflix_dag.py for tasks to queue
[2026-09-08T09:07:41.018+0000] {logging_mixin.py:188} INFO - [2026-09-08T09:07:41.017+0000] {dagbag.py:545} INFO - Filling up the DagBag from /opt/airflow/dags/netflix_dag.py
[2026-09-08T09:07:41.069+0000] {processor.py:840} INFO - DAG(s) 'netflix_etl_pipeline' retrieved from /opt/airflow/dags/netflix_dag.py
[2026-09-08T09:07:41.135+0000] {logging_mixin.py:188} INFO - [2026-09-08T09:07:41.135+0000] {dag.py:3089} INFO - Sync 1 DAGs
[2026-09-08T09:07:41.180+0000] {logging_mixin.py:188} INFO - [2026-09-08T09:07:41.180+0000] {dag.py:3947} INFO - Setting next_dagrun for netflix_etl_pipeline to 2026-09-07 00:00:00+00:00, run_after=2026-09-08 00:00:00+00:00
[2026-09-08T09:07:41.218+0000] {processor.py:183} INFO - Processing /opt/airflow/dags/netflix_dag.py took 0.227 seconds
[2026-09-08T09:08:11.543+0000] {processor.py:161} INFO - Started process (PID=9059) to work on /opt/airflow/dags/netflix_dag.py
[2026-09-08T09:08:11.546+0000] {processor.py:830} INFO - Processing file /opt/airflow/dags/netflix_dag.py for tasks to queue
[2026-09-08T09:08:11.551+0000] {logging_mixin.py:188} INFO - [2026-09-08T09:08:11.550+0000] {dagbag.py:545} INFO - Filling up the DagBag from /opt/airflow/dags/netflix_dag.py
[2026-09-08T09:08:11.595+0000] {processor.py:840} INFO - DAG(s) 'netflix_etl_pipeline' retrieved from /opt/airflow/dags/netflix_dag.py
[2026-09-08T09:08:11.663+0000] {logging_mixin.py:188} INFO - [2026-09-08T09:08:11.663+0000] {dag.py:3089} INFO - Sync 1 DAGs
[2026-09-08T09:08:11.709+0000] {logging_mixin.py:188} INFO - [2026-09-08T09:08:11.708+0000] {dag.py:3947} INFO - Setting next_dagrun for netflix_etl_pipeline to 2026-09-07 00:00:00+00:00, run_after=2026-09-08 00:00:00+00:00
[2026-09-08T09:08:11.745+0000] {processor.py:183} INFO - Processing /opt/airflow/dags/netflix_dag.py took 0.214 seconds
[2026-09-08T09:08:42.138+0000] {processor.py:161} INFO - Started process (PID=9071) to work on /opt/airflow/dags/netflix_dag.py
[2026-09-08T09:08:42.141+0000] {processor.py:830} INFO - Processing file /opt/airflow/dags/netflix_dag.py for tasks to queue
[2026-09-08T09:08:42.146+0000] {logging_mixin.py:188} INFO - [2026-09-08T09:08:42.145+0000] {dagbag.py:545} INFO - Filling up the DagBag from /opt/airflow/dags/netflix_dag.py
[2026-09-08T09:08:42.195+0000] {processor.py:840} INFO - DAG(s) 'netflix_etl_pipeline' retrieved from /opt/airflow/dags/netflix_dag.py
[2026-09-08T09:08:42.266+0000] {logging_mixin.py:188} INFO - [2026-09-08T09:08:42.266+0000] {dag.py:3089} INFO - Sync 1 DAGs
[2026-09-08T09:08:42.311+0000] {logging_mixin.py:188} INFO - [2026-09-08T09:08:42.310+0000] {dag.py:3947} INFO - Setting next_dagrun for netflix_etl_pipeline to 2026-09-07 00:00:00+00:00, run_after=2026-09-08 00:00:00+00:00
[2026-09-08T09:08:42.349+0000] {processor.py:183} INFO - Processing /opt/airflow/dags/netflix_dag.py took 0.223 seconds
[2026-09-08T09:09:12.766+0000] {processor.py:161} INFO - Started process (PID=9082) to work on /opt/airflow/dags/netflix_dag.py
[2026-09-08T09:09:12.769+0000] {processor.py:830} INFO - Processing file /opt/airflow/dags/netflix_dag.py for tasks to queue
[2026-09-08T09:09:12.774+0000] {logging_mixin.py:188} INFO - [2026-09-08T09:09:12.773+0000] {dagbag.py:545} INFO - Filling up the DagBag from /opt/airflow/dags/netflix_dag.py
[2026-09-08T09:09:12.828+0000] {processor.py:840} INFO - DAG(s) 'netflix_etl_pipeline' retrieved from /opt/airflow/dags/netflix_dag.py
[2026-09-08T09:09:12.898+0000] {logging_mixin.py:188} INFO - [2026-09-08T09:09:12.898+0000] {dag.py:3089} INFO - Sync 1 DAGs
[2026-09-08T09:09:12.943+0000] {logging_mixin.py:188} INFO - [2026-09-08T09:09:12.943+0000] {dag.py:3947} INFO - Setting next_dagrun for netflix_etl_pipeline to 2026-09-07 00:00:00+00:00, run_after=2026-09-08 00:00:00+00:00
[2026-09-08T09:09:12.985+0000] {processor.py:183} INFO - Processing /opt/airflow/dags/netflix_dag.py took 0.234 seconds
[2026-09-08T09:09:43.488+0000] {processor.py:161} INFO - Started process (PID=9094) to work on /opt/airflow/dags/netflix_dag.py
[2026-09-08T09:09:43.491+0000] {processor.py:830} INFO - Processing file /opt/airflow/dags/netflix_dag.py for tasks to queue
[2026-09-08T09:09:43.497+0000] {logging_mixin.py:188} INFO - [2026-09-08T09:09:43.496+0000] {dagbag.py:545} INFO - Filling up the DagBag from /opt/airflow/dags/netflix_dag.py
[2026-09-08T09:09:43.546+0000] {processor.py:840} INFO - DAG(s) 'netflix_etl_pipeline' retrieved from /opt/airflow/dags/netflix_dag.py
[2026-09-08T09:09:43.615+0000] {logging_mixin.py:188} INFO - [2026-09-08T09:09:43.615+0000] {dag.py:3089} INFO - Sync 1 DAGs
[2026-09-08T09:09:43.660+0000] {logging_mixin.py:188} INFO - [2026-09-08T09:09:43.659+0000] {dag.py:3947} INFO - Setting next_dagrun for netflix_etl_pipeline to 2026-09-07 00:00:00+00:00, run_after=2026-09-08 00:00:00+00:00
[2026-09-08T09:09:43.702+0000] {processor.py:183} INFO - Processing /opt/airflow/dags/netflix_dag.py took 0.226 seconds
[2026-09-08T09:10:14.023+0000] {processor.py:161} INFO - Started process (PID=9105) to work on /opt/airflow/dags/netflix_dag.py
[2026-09-08T09:10:14.026+0000] {processor.py:830} INFO - Processing file /opt/airflow/dags/netflix_dag.py for tasks to queue
[2026-09-08T09:10:14.031+0000] {logging_mixin.py:188} INFO - [2026-09-08T09:10:14.030+0000] {dagbag.py:545} INFO - Filling up the DagBag from /opt/airflow/dags/netflix_dag.py
[2026-09-08T09:10:14.080+0000] {processor.py:840} INFO - DAG(s) 'netflix_etl_pipeline' retrieved from /opt/airflow/dags/netflix_dag.py
[2026-09-08T09:10:14.152+0000] {logging_mixin.py:188} INFO - [2026-09-08T09:10:14.151+0000] {dag.py:3089} INFO - Sync 1 DAGs
[2026-09-08T09:10:14.198+0000] {logging_mixin.py:188} INFO - [2026-09-08T09:10:14.198+0000] {dag.py:3947} INFO - Setting next_dagrun for netflix_etl_pipeline to 2026-09-07 00:00:00+00:00, run_after=2026-09-08 00:00:00+00:00
[2026-09-08T09:10:14.237+0000] {processor.py:183} INFO - Processing /opt/airflow/dags/netflix_dag.py took 0.230 seconds
[2026-09-08T09:10:44.698+0000] {processor.py:161} INFO - Started process (PID=9116) to work on /opt/airflow/dags/netflix_dag.py
[2026-09-08T09:10:44.702+0000] {processor.py:830} INFO - Processing file /opt/airflow/dags/netflix_dag.py for tasks to queue
[2026-09-08T09:10:44.707+0000] {logging_mixin.py:188} INFO - [2026-09-08T09:10:44.706+0000] {dagbag.py:545} INFO - Filling up the DagBag from /opt/airflow/dags/netflix_dag.py
[2026-09-08T09:10:44.758+0000] {processor.py:840} INFO - DAG(s) 'netflix_etl_pipeline' retrieved from /opt/airflow/dags/netflix_dag.py
[2026-09-08T09:10:44.827+0000] {logging_mixin.py:188} INFO - [2026-09-08T09:10:44.826+0000] {dag.py:3089} INFO - Sync 1 DAGs
[2026-09-08T09:10:44.872+0000] {logging_mixin.py:188} INFO - [2026-09-08T09:10:44.872+0000] {dag.py:3947} INFO - Setting next_dagrun for netflix_etl_pipeline to 2026-09-07 00:00:00+00:00, run_after=2026-09-08 00:00:00+00:00
[2026-09-08T09:10:44.912+0000] {processor.py:183} INFO - Processing /opt/airflow/dags/netflix_dag.py took 0.228 seconds
[2026-09-08T09:11:15.184+0000] {processor.py:161} INFO - Started process (PID=9127) to work on /opt/airflow/dags/netflix_dag.py
[2026-09-08T09:11:15.187+0000] {processor.py:830} INFO - Processing file /opt/airflow/dags/netflix_dag.py for tasks to queue
[2026-09-08T09:11:15.192+0000] {logging_mixin.py:188} INFO - [2026-09-08T09:11:15.191+0000] {dagbag.py:545} INFO - Filling up the DagBag from /opt/airflow/dags/netflix_dag.py
[2026-09-08T09:11:15.238+0000] {processor.py:840} INFO - DAG(s) 'netflix_etl_pipeline' retrieved from /opt/airflow/dags/netflix_dag.py
[2026-09-08T09:11:15.305+0000] {logging_mixin.py:188} INFO - [2026-09-08T09:11:15.304+0000] {dag.py:3089} INFO - Sync 1 DAGs
[2026-09-08T09:11:15.347+0000] {logging_mixin.py:188} INFO - [2026-09-08T09:11:15.347+0000] {dag.py:3947} INFO - Setting next_dagrun for netflix_etl_pipeline to 2026-09-07 00:00:00+00:00, run_after=2026-09-08 00:00:00+00:00
[2026-09-08T09:11:15.383+0000] {processor.py:183} INFO - Processing /opt/airflow/dags/netflix_dag.py took 0.211 seconds
[2026-09-08T09:11:45.925+0000] {processor.py:161} INFO - Started process (PID=9138) to work on /opt/airflow/dags/netflix_dag.py
[2026-09-08T09:11:45.928+0000] {processor.py:830} INFO - Processing file /opt/airflow/dags/netflix_dag.py for tasks to queue
[2026-09-08T09:11:45.934+0000] {logging_mixin.py:188} INFO - [2026-09-08T09:11:45.933+0000] {dagbag.py:545} INFO - Filling up the DagBag from /opt/airflow/dags/netflix_dag.py
[2026-09-08T09:11:45.984+0000] {processor.py:840} INFO - DAG(s) 'netflix_etl_pipeline' retrieved from /opt/airflow/dags/netflix_dag.py
[2026-09-08T09:11:46.052+0000] {logging_mixin.py:188} INFO - [2026-09-08T09:11:46.052+0000] {dag.py:3089} INFO - Sync 1 DAGs
[2026-09-08T09:11:46.096+0000] {logging_mixin.py:188} INFO - [2026-09-08T09:11:46.096+0000] {dag.py:3947} INFO - Setting next_dagrun for netflix_etl_pipeline to 2026-09-07 00:00:00+00:00, run_after=2026-09-08 00:00:00+00:00
[2026-09-08T09:11:46.136+0000] {processor.py:183} INFO - Processing /opt/airflow/dags/netflix_dag.py took 0.223 seconds
[2026-09-08T09:12:16.391+0000] {processor.py:161} INFO - Started process (PID=9149) to work on /opt/airflow/dags/netflix_dag.py
[2026-09-08T09:12:16.394+0000] {processor.py:830} INFO - Processing file /opt/airflow/dags/netflix_dag.py for tasks to queue
[2026-09-08T09:12:16.399+0000] {logging_mixin.py:188} INFO - [2026-09-08T09:12:16.398+0000] {dagbag.py:545} INFO - Filling up the DagBag from /opt/airflow/dags/netflix_dag.py
[2026-09-08T09:12:16.443+0000] {processor.py:840} INFO - DAG(s) 'netflix_etl_pipeline' retrieved from /opt/airflow/dags/netflix_dag.py
[2026-09-08T09:12:16.516+0000] {logging_mixin.py:188} INFO - [2026-09-08T09:12:16.516+0000] {dag.py:3089} INFO - Sync 1 DAGs
[2026-09-08T09:12:16.563+0000] {logging_mixin.py:188} INFO - [2026-09-08T09:12:16.562+0000] {dag.py:3947} INFO - Setting next_dagrun for netflix_etl_pipeline to 2026-09-07 00:00:00+00:00, run_after=2026-09-08 00:00:00+00:00
[2026-09-08T09:12:16.601+0000] {processor.py:183} INFO - Processing /opt/airflow/dags/netflix_dag.py took 0.227 seconds
[2026-09-08T09:12:47.050+0000] {processor.py:161} INFO - Started process (PID=9160) to work on /opt/airflow/dags/netflix_dag.py
[2026-09-08T09:12:47.053+0000] {processor.py:830} INFO - Processing file /opt/airflow/dags/netflix_dag.py for tasks to queue
[2026-09-08T09:12:47.058+0000] {logging_mixin.py:188} INFO - [2026-09-08T09:12:47.057+0000] {dagbag.py:545} INFO - Filling up the DagBag from /opt/airflow/dags/netflix_dag.py
[2026-09-08T09:12:47.109+0000] {processor.py:840} INFO - DAG(s) 'netflix_etl_pipeline' retrieved from /opt/airflow/dags/netflix_dag.py
[2026-09-08T09:12:47.178+0000] {logging_mixin.py:188} INFO - [2026-09-08T09:12:47.177+0000] {dag.py:3089} INFO - Sync 1 DAGs
[2026-09-08T09:12:47.222+0000] {logging_mixin.py:188} INFO - [2026-09-08T09:12:47.222+0000] {dag.py:3947} INFO - Setting next_dagrun for netflix_etl_pipeline to 2026-09-07 00:00:00+00:00, run_after=2026-09-08 00:00:00+00:00
[2026-09-08T09:12:47.263+0000] {processor.py:183} INFO - Processing /opt/airflow/dags/netflix_dag.py took 0.227 seconds
[2026-09-08T09:13:17.513+0000] {processor.py:161} INFO - Started process (PID=9172) to work on /opt/airflow/dags/netflix_dag.py
[2026-09-08T09:13:17.516+0000] {processor.py:830} INFO - Processing file /opt/airflow/dags/netflix_dag.py for tasks to queue
[2026-09-08T09:13:17.521+0000] {logging_mixin.py:188} INFO - [2026-09-08T09:13:17.520+0000] {dagbag.py:545} INFO - Filling up the DagBag from /opt/airflow/dags/netflix_dag.py
[2026-09-08T09:13:17.566+0000] {processor.py:840} INFO - DAG(s) 'netflix_etl_pipeline' retrieved from /opt/airflow/dags/netflix_dag.py
[2026-09-08T09:13:17.638+0000] {logging_mixin.py:188} INFO - [2026-09-08T09:13:17.637+0000] {dag.py:3089} INFO - Sync 1 DAGs
[2026-09-08T09:13:17.681+0000] {logging_mixin.py:188} INFO - [2026-09-08T09:13:17.681+0000] {dag.py:3947} INFO - Setting next_dagrun for netflix_etl_pipeline to 2026-09-07 00:00:00+00:00, run_after=2026-09-08 00:00:00+00:00
[2026-09-08T09:13:17.720+0000] {processor.py:183} INFO - Processing /opt/airflow/dags/netflix_dag.py took 0.220 seconds
[2026-09-08T09:13:48.316+0000] {processor.py:161} INFO - Started process (PID=9183) to work on /opt/airflow/dags/netflix_dag.py
[2026-09-08T09:13:48.319+0000] {processor.py:830} INFO - Processing file /opt/airflow/dags/netflix_dag.py for tasks to queue
[2026-09-08T09:13:48.324+0000] {logging_mixin.py:188} INFO - [2026-09-08T09:13:48.323+0000] {dagbag.py:545} INFO - Filling up the DagBag from /opt/airflow/dags/netflix_dag.py
[2026-09-08T09:13:48.375+0000] {processor.py:840} INFO - DAG(s) 'netflix_etl_pipeline' retrieved from /opt/airflow/dags/netflix_dag.py
[2026-09-08T09:13:48.444+0000] {logging_mixin.py:188} INFO - [2026-09-08T09:13:48.444+0000] {dag.py:3089} INFO - Sync 1 DAGs
[2026-09-08T09:13:48.489+0000] {logging_mixin.py:188} INFO - [2026-09-08T09:13:48.489+0000] {dag.py:3947} INFO - Setting next_dagrun for netflix_etl_pipeline to 2026-09-07 00:00:00+00:00, run_after=2026-09-08 00:00:00+00:00
[2026-09-08T09:13:48.527+0000] {processor.py:183} INFO - Processing /opt/airflow/dags/netflix_dag.py took 0.226 seconds
[2026-09-08T09:14:18.826+0000] {processor.py:161} INFO - Started process (PID=9194) to work on /opt/airflow/dags/netflix_dag.py
[2026-09-08T09:14:18.830+0000] {processor.py:830} INFO - Processing file /opt/airflow/dags/netflix_dag.py for tasks to queue
[2026-09-08T09:14:18.835+0000] {logging_mixin.py:188} INFO - [2026-09-08T09:14:18.834+0000] {dagbag.py:545} INFO - Filling up the DagBag from /opt/airflow/dags/netflix_dag.py
[2026-09-08T09:14:18.885+0000] {processor.py:840} INFO - DAG(s) 'netflix_etl_pipeline' retrieved from /opt/airflow/dags/netflix_dag.py
[2026-09-08T09:14:18.957+0000] {logging_mixin.py:188} INFO - [2026-09-08T09:14:18.957+0000] {dag.py:3089} INFO - Sync 1 DAGs
[2026-09-08T09:14:19.004+0000] {logging_mixin.py:188} INFO - [2026-09-08T09:14:19.003+0000] {dag.py:3947} INFO - Setting next_dagrun for netflix_etl_pipeline to 2026-09-07 00:00:00+00:00, run_after=2026-09-08 00:00:00+00:00
[2026-09-08T09:14:19.044+0000] {processor.py:183} INFO - Processing /opt/airflow/dags/netflix_dag.py took 0.232 seconds
[2026-09-08T09:14:49.598+0000] {processor.py:161} INFO - Started process (PID=9205) to work on /opt/airflow/dags/netflix_dag.py
[2026-09-08T09:14:49.602+0000] {processor.py:830} INFO - Processing file /opt/airflow/dags/netflix_dag.py for tasks to queue
[2026-09-08T09:14:49.608+0000] {logging_mixin.py:188} INFO - [2026-09-08T09:14:49.607+0000] {dagbag.py:545} INFO - Filling up the DagBag from /opt/airflow/dags/netflix_dag.py
[2026-09-08T09:14:49.658+0000] {processor.py:840} INFO - DAG(s) 'netflix_etl_pipeline' retrieved from /opt/airflow/dags/netflix_dag.py
[2026-09-08T09:14:49.726+0000] {logging_mixin.py:188} INFO - [2026-09-08T09:14:49.726+0000] {dag.py:3089} INFO - Sync 1 DAGs
[2026-09-08T09:14:49.771+0000] {logging_mixin.py:188} INFO - [2026-09-08T09:14:49.771+0000] {dag.py:3947} INFO - Setting next_dagrun for netflix_etl_pipeline to 2026-09-07 00:00:00+00:00, run_after=2026-09-08 00:00:00+00:00
[2026-09-08T09:14:49.809+0000] {processor.py:183} INFO - Processing /opt/airflow/dags/netflix_dag.py took 0.224 seconds
[2026-09-08T09:15:20.067+0000] {processor.py:161} INFO - Started process (PID=9216) to work on /opt/airflow/dags/netflix_dag.py
[2026-09-08T09:15:20.071+0000] {processor.py:830} INFO - Processing file /opt/airflow/dags/netflix_dag.py for tasks to queue
[2026-09-08T09:15:20.077+0000] {logging_mixin.py:188} INFO - [2026-09-08T09:15:20.077+0000] {dagbag.py:545} INFO - Filling up the DagBag from /opt/airflow/dags/netflix_dag.py
[2026-09-08T09:15:20.135+0000] {processor.py:840} INFO - DAG(s) 'netflix_etl_pipeline' retrieved from /opt/airflow/dags/netflix_dag.py
[2026-09-08T09:15:20.220+0000] {logging_mixin.py:188} INFO - [2026-09-08T09:15:20.220+0000] {dag.py:3089} INFO - Sync 1 DAGs
[2026-09-08T09:15:20.274+0000] {logging_mixin.py:188} INFO - [2026-09-08T09:15:20.273+0000] {dag.py:3947} INFO - Setting next_dagrun for netflix_etl_pipeline to 2026-09-07 00:00:00+00:00, run_after=2026-09-08 00:00:00+00:00
[2026-09-08T09:15:20.317+0000] {processor.py:183} INFO - Processing /opt/airflow/dags/netflix_dag.py took 0.266 seconds
[2026-09-08T09:15:50.774+0000] {processor.py:161} INFO - Started process (PID=9227) to work on /opt/airflow/dags/netflix_dag.py
[2026-09-08T09:15:50.777+0000] {processor.py:830} INFO - Processing file /opt/airflow/dags/netflix_dag.py for tasks to queue
[2026-09-08T09:15:50.782+0000] {logging_mixin.py:188} INFO - [2026-09-08T09:15:50.782+0000] {dagbag.py:545} INFO - Filling up the DagBag from /opt/airflow/dags/netflix_dag.py
[2026-09-08T09:15:50.833+0000] {processor.py:840} INFO - DAG(s) 'netflix_etl_pipeline' retrieved from /opt/airflow/dags/netflix_dag.py
[2026-09-08T09:15:50.904+0000] {logging_mixin.py:188} INFO - [2026-09-08T09:15:50.904+0000] {dag.py:3089} INFO - Sync 1 DAGs
[2026-09-08T09:15:50.953+0000] {logging_mixin.py:188} INFO - [2026-09-08T09:15:50.952+0000] {dag.py:3947} INFO - Setting next_dagrun for netflix_etl_pipeline to 2026-09-07 00:00:00+00:00, run_after=2026-09-08 00:00:00+00:00
[2026-09-08T09:15:50.994+0000] {processor.py:183} INFO - Processing /opt/airflow/dags/netflix_dag.py took 0.235 seconds
[2026-09-08T09:16:21.277+0000] {processor.py:161} INFO - Started process (PID=9238) to work on /opt/airflow/dags/netflix_dag.py
[2026-09-08T09:16:21.280+0000] {processor.py:830} INFO - Processing file /opt/airflow/dags/netflix_dag.py for tasks to queue
[2026-09-08T09:16:21.287+0000] {logging_mixin.py:188} INFO - [2026-09-08T09:16:21.286+0000] {dagbag.py:545} INFO - Filling up the DagBag from /opt/airflow/dags/netflix_dag.py
[2026-09-08T09:16:21.334+0000] {processor.py:840} INFO - DAG(s) 'netflix_etl_pipeline' retrieved from /opt/airflow/dags/netflix_dag.py
[2026-09-08T09:16:21.407+0000] {logging_mixin.py:188} INFO - [2026-09-08T09:16:21.406+0000] {dag.py:3089} INFO - Sync 1 DAGs
[2026-09-08T09:16:21.455+0000] {logging_mixin.py:188} INFO - [2026-09-08T09:16:21.455+0000] {dag.py:3947} INFO - Setting next_dagrun for netflix_etl_pipeline to 2026-09-07 00:00:00+00:00, run_after=2026-09-08 00:00:00+00:00
[2026-09-08T09:16:21.496+0000] {processor.py:183} INFO - Processing /opt/airflow/dags/netflix_dag.py took 0.233 seconds
[2026-09-08T09:16:51.897+0000] {processor.py:161} INFO - Started process (PID=9249) to work on /opt/airflow/dags/netflix_dag.py
[2026-09-08T09:16:51.900+0000] {processor.py:830} INFO - Processing file /opt/airflow/dags/netflix_dag.py for tasks to queue
[2026-09-08T09:16:51.906+0000] {logging_mixin.py:188} INFO - [2026-09-08T09:16:51.905+0000] {dagbag.py:545} INFO - Filling up the DagBag from /opt/airflow/dags/netflix_dag.py
[2026-09-08T09:16:51.953+0000] {processor.py:840} INFO - DAG(s) 'netflix_etl_pipeline' retrieved from /opt/airflow/dags/netflix_dag.py
[2026-09-08T09:16:52.017+0000] {logging_mixin.py:188} INFO - [2026-09-08T09:16:52.017+0000] {dag.py:3089} INFO - Sync 1 DAGs
[2026-09-08T09:16:52.062+0000] {logging_mixin.py:188} INFO - [2026-09-08T09:16:52.061+0000] {dag.py:3947} INFO - Setting next_dagrun for netflix_etl_pipeline to 2026-09-07 00:00:00+00:00, run_after=2026-09-08 00:00:00+00:00
[2026-09-08T09:16:52.099+0000] {processor.py:183} INFO - Processing /opt/airflow/dags/netflix_dag.py took 0.215 seconds
[2026-09-08T09:17:22.472+0000] {processor.py:161} INFO - Started process (PID=9260) to work on /opt/airflow/dags/netflix_dag.py
[2026-09-08T09:17:22.475+0000] {processor.py:830} INFO - Processing file /opt/airflow/dags/netflix_dag.py for tasks to queue
[2026-09-08T09:17:22.481+0000] {logging_mixin.py:188} INFO - [2026-09-08T09:17:22.480+0000] {dagbag.py:545} INFO - Filling up the DagBag from /opt/airflow/dags/netflix_dag.py
[2026-09-08T09:17:22.530+0000] {processor.py:840} INFO - DAG(s) 'netflix_etl_pipeline' retrieved from /opt/airflow/dags/netflix_dag.py
[2026-09-08T09:17:22.595+0000] {logging_mixin.py:188} INFO - [2026-09-08T09:17:22.594+0000] {dag.py:3089} INFO - Sync 1 DAGs
[2026-09-08T09:17:22.636+0000] {logging_mixin.py:188} INFO - [2026-09-08T09:17:22.636+0000] {dag.py:3947} INFO - Setting next_dagrun for netflix_etl_pipeline to 2026-09-07 00:00:00+00:00, run_after=2026-09-08 00:00:00+00:00
[2026-09-08T09:17:22.672+0000] {processor.py:183} INFO - Processing /opt/airflow/dags/netflix_dag.py took 0.218 seconds
[2026-09-08T09:17:52.960+0000] {processor.py:161} INFO - Started process (PID=9271) to work on /opt/airflow/dags/netflix_dag.py
[2026-09-08T09:17:52.963+0000] {processor.py:830} INFO - Processing file /opt/airflow/dags/netflix_dag.py for tasks to queue
[2026-09-08T09:17:52.970+0000] {logging_mixin.py:188} INFO - [2026-09-08T09:17:52.969+0000] {dagbag.py:545} INFO - Filling up the DagBag from /opt/airflow/dags/netflix_dag.py
[2026-09-08T09:17:53.020+0000] {processor.py:840} INFO - DAG(s) 'netflix_etl_pipeline' retrieved from /opt/airflow/dags/netflix_dag.py
[2026-09-08T09:17:53.093+0000] {logging_mixin.py:188} INFO - [2026-09-08T09:17:53.093+0000] {dag.py:3089} INFO - Sync 1 DAGs
[2026-09-08T09:17:53.142+0000] {logging_mixin.py:188} INFO - [2026-09-08T09:17:53.142+0000] {dag.py:3947} INFO - Setting next_dagrun for netflix_etl_pipeline to 2026-09-07 00:00:00+00:00, run_after=2026-09-08 00:00:00+00:00
[2026-09-08T09:17:53.183+0000] {processor.py:183} INFO - Processing /opt/airflow/dags/netflix_dag.py took 0.238 seconds
[2026-09-08T09:18:23.648+0000] {processor.py:161} INFO - Started process (PID=9282) to work on /opt/airflow/dags/netflix_dag.py
[2026-09-08T09:18:23.651+0000] {processor.py:830} INFO - Processing file /opt/airflow/dags/netflix_dag.py for tasks to queue
[2026-09-08T09:18:23.657+0000] {logging_mixin.py:188} INFO - [2026-09-08T09:18:23.657+0000] {dagbag.py:545} INFO - Filling up the DagBag from /opt/airflow/dags/netflix_dag.py
[2026-09-08T09:18:23.705+0000] {processor.py:840} INFO - DAG(s) 'netflix_etl_pipeline' retrieved from /opt/airflow/dags/netflix_dag.py
[2026-09-08T09:18:23.775+0000] {logging_mixin.py:188} INFO - [2026-09-08T09:18:23.774+0000] {dag.py:3089} INFO - Sync 1 DAGs
[2026-09-08T09:18:23.828+0000] {logging_mixin.py:188} INFO - [2026-09-08T09:18:23.828+0000] {dag.py:3947} INFO - Setting next_dagrun for netflix_etl_pipeline to 2026-09-07 00:00:00+00:00, run_after=2026-09-08 00:00:00+00:00
[2026-09-08T09:18:23.872+0000] {processor.py:183} INFO - Processing /opt/airflow/dags/netflix_dag.py took 0.238 seconds
[2026-09-08T09:18:54.178+0000] {processor.py:161} INFO - Started process (PID=9293) to work on /opt/airflow/dags/netflix_dag.py
[2026-09-08T09:18:54.181+0000] {processor.py:830} INFO - Processing file /opt/airflow/dags/netflix_dag.py for tasks to queue
[2026-09-08T09:18:54.187+0000] {logging_mixin.py:188} INFO - [2026-09-08T09:18:54.187+0000] {dagbag.py:545} INFO - Filling up the DagBag from /opt/airflow/dags/netflix_dag.py
[2026-09-08T09:18:54.236+0000] {processor.py:840} INFO - DAG(s) 'netflix_etl_pipeline' retrieved from /opt/airflow/dags/netflix_dag.py
[2026-09-08T09:18:54.306+0000] {logging_mixin.py:188} INFO - [2026-09-08T09:18:54.306+0000] {dag.py:3089} INFO - Sync 1 DAGs
[2026-09-08T09:18:54.352+0000] {logging_mixin.py:188} INFO - [2026-09-08T09:18:54.351+0000] {dag.py:3947} INFO - Setting next_dagrun for netflix_etl_pipeline to 2026-09-07 00:00:00+00:00, run_after=2026-09-08 00:00:00+00:00
[2026-09-08T09:18:54.392+0000] {processor.py:183} INFO - Processing /opt/airflow/dags/netflix_dag.py took 0.229 seconds
[2026-09-08T09:19:24.901+0000] {processor.py:161} INFO - Started process (PID=9304) to work on /opt/airflow/dags/netflix_dag.py
[2026-09-08T09:19:24.904+0000] {processor.py:830} INFO - Processing file /opt/airflow/dags/netflix_dag.py for tasks to queue
[2026-09-08T09:19:24.910+0000] {logging_mixin.py:188} INFO - [2026-09-08T09:19:24.910+0000] {dagbag.py:545} INFO - Filling up the DagBag from /opt/airflow/dags/netflix_dag.py
[2026-09-08T09:19:24.960+0000] {processor.py:840} INFO - DAG(s) 'netflix_etl_pipeline' retrieved from /opt/airflow/dags/netflix_dag.py
[2026-09-08T09:19:25.032+0000] {logging_mixin.py:188} INFO - [2026-09-08T09:19:25.031+0000] {dag.py:3089} INFO - Sync 1 DAGs
[2026-09-08T09:19:25.078+0000] {logging_mixin.py:188} INFO - [2026-09-08T09:19:25.077+0000] {dag.py:3947} INFO - Setting next_dagrun for netflix_etl_pipeline to 2026-09-07 00:00:00+00:00, run_after=2026-09-08 00:00:00+00:00
[2026-09-08T09:19:25.116+0000] {processor.py:183} INFO - Processing /opt/airflow/dags/netflix_dag.py took 0.228 seconds
[2026-09-08T09:19:55.443+0000] {processor.py:161} INFO - Started process (PID=9315) to work on /opt/airflow/dags/netflix_dag.py
[2026-09-08T09:19:55.447+0000] {processor.py:830} INFO - Processing file /opt/airflow/dags/netflix_dag.py for tasks to queue
[2026-09-08T09:19:55.452+0000] {logging_mixin.py:188} INFO - [2026-09-08T09:19:55.451+0000] {dagbag.py:545} INFO - Filling up the DagBag from /opt/airflow/dags/netflix_dag.py
[2026-09-08T09:19:55.496+0000] {processor.py:840} INFO - DAG(s) 'netflix_etl_pipeline' retrieved from /opt/airflow/dags/netflix_dag.py
[2026-09-08T09:19:55.567+0000] {logging_mixin.py:188} INFO - [2026-09-08T09:19:55.567+0000] {dag.py:3089} INFO - Sync 1 DAGs
[2026-09-08T09:19:55.612+0000] {logging_mixin.py:188} INFO - [2026-09-08T09:19:55.612+0000] {dag.py:3947} INFO - Setting next_dagrun for netflix_etl_pipeline to 2026-09-07 00:00:00+00:00, run_after=2026-09-08 00:00:00+00:00
[2026-09-08T09:19:55.652+0000] {processor.py:183} INFO - Processing /opt/airflow/dags/netflix_dag.py took 0.223 seconds
[2026-09-08T09:20:26.236+0000] {processor.py:161} INFO - Started process (PID=9326) to work on /opt/airflow/dags/netflix_dag.py
[2026-09-08T09:20:26.238+0000] {processor.py:830} INFO - Processing file /opt/airflow/dags/netflix_dag.py for tasks to queue
[2026-09-08T09:20:26.243+0000] {logging_mixin.py:188} INFO - [2026-09-08T09:20:26.243+0000] {dagbag.py:545} INFO - Filling up the DagBag from /opt/airflow/dags/netflix_dag.py
[2026-09-08T09:20:26.291+0000] {processor.py:840} INFO - DAG(s) 'netflix_etl_pipeline' retrieved from /opt/airflow/dags/netflix_dag.py
[2026-09-08T09:20:26.356+0000] {logging_mixin.py:188} INFO - [2026-09-08T09:20:26.356+0000] {dag.py:3089} INFO - Sync 1 DAGs
[2026-09-08T09:20:26.399+0000] {logging_mixin.py:188} INFO - [2026-09-08T09:20:26.398+0000] {dag.py:3947} INFO - Setting next_dagrun for netflix_etl_pipeline to 2026-09-07 00:00:00+00:00, run_after=2026-09-08 00:00:00+00:00
[2026-09-08T09:20:26.436+0000] {processor.py:183} INFO - Processing /opt/airflow/dags/netflix_dag.py took 0.212 seconds
[2026-09-08T09:20:56.714+0000] {processor.py:161} INFO - Started process (PID=9338) to work on /opt/airflow/dags/netflix_dag.py
[2026-09-08T09:20:56.717+0000] {processor.py:830} INFO - Processing file /opt/airflow/dags/netflix_dag.py for tasks to queue
[2026-09-08T09:20:56.723+0000] {logging_mixin.py:188} INFO - [2026-09-08T09:20:56.722+0000] {dagbag.py:545} INFO - Filling up the DagBag from /opt/airflow/dags/netflix_dag.py
[2026-09-08T09:20:56.772+0000] {processor.py:840} INFO - DAG(s) 'netflix_etl_pipeline' retrieved from /opt/airflow/dags/netflix_dag.py
[2026-09-08T09:20:56.849+0000] {logging_mixin.py:188} INFO - [2026-09-08T09:20:56.848+0000] {dag.py:3089} INFO - Sync 1 DAGs
[2026-09-08T09:20:56.904+0000] {logging_mixin.py:188} INFO - [2026-09-08T09:20:56.904+0000] {dag.py:3947} INFO - Setting next_dagrun for netflix_etl_pipeline to 2026-09-07 00:00:00+00:00, run_after=2026-09-08 00:00:00+00:00
[2026-09-08T09:20:56.954+0000] {processor.py:183} INFO - Processing /opt/airflow/dags/netflix_dag.py took 0.254 seconds
[2026-09-08T09:21:27.444+0000] {processor.py:161} INFO - Started process (PID=9349) to work on /opt/airflow/dags/netflix_dag.py
[2026-09-08T09:21:27.447+0000] {processor.py:830} INFO - Processing file /opt/airflow/dags/netflix_dag.py for tasks to queue
[2026-09-08T09:21:27.452+0000] {logging_mixin.py:188} INFO - [2026-09-08T09:21:27.451+0000] {dagbag.py:545} INFO - Filling up the DagBag from /opt/airflow/dags/netflix_dag.py
[2026-09-08T09:21:27.498+0000] {processor.py:840} INFO - DAG(s) 'netflix_etl_pipeline' retrieved from /opt/airflow/dags/netflix_dag.py
[2026-09-08T09:21:27.563+0000] {logging_mixin.py:188} INFO - [2026-09-08T09:21:27.562+0000] {dag.py:3089} INFO - Sync 1 DAGs
[2026-09-08T09:21:27.605+0000] {logging_mixin.py:188} INFO - [2026-09-08T09:21:27.604+0000] {dag.py:3947} INFO - Setting next_dagrun for netflix_etl_pipeline to 2026-09-07 00:00:00+00:00, run_after=2026-09-08 00:00:00+00:00
[2026-09-08T09:21:27.641+0000] {processor.py:183} INFO - Processing /opt/airflow/dags/netflix_dag.py took 0.211 seconds
[2026-09-08T09:21:57.969+0000] {processor.py:161} INFO - Started process (PID=9360) to work on /opt/airflow/dags/netflix_dag.py
[2026-09-08T09:21:57.972+0000] {processor.py:830} INFO - Processing file /opt/airflow/dags/netflix_dag.py for tasks to queue
[2026-09-08T09:21:57.977+0000] {logging_mixin.py:188} INFO - [2026-09-08T09:21:57.976+0000] {dagbag.py:545} INFO - Filling up the DagBag from /opt/airflow/dags/netflix_dag.py
[2026-09-08T09:21:58.028+0000] {processor.py:840} INFO - DAG(s) 'netflix_etl_pipeline' retrieved from /opt/airflow/dags/netflix_dag.py
[2026-09-08T09:21:58.098+0000] {logging_mixin.py:188} INFO - [2026-09-08T09:21:58.098+0000] {dag.py:3089} INFO - Sync 1 DAGs
[2026-09-08T09:21:58.156+0000] {logging_mixin.py:188} INFO - [2026-09-08T09:21:58.155+0000] {dag.py:3947} INFO - Setting next_dagrun for netflix_etl_pipeline to 2026-09-07 00:00:00+00:00, run_after=2026-09-08 00:00:00+00:00
[2026-09-08T09:21:58.195+0000] {processor.py:183} INFO - Processing /opt/airflow/dags/netflix_dag.py took 0.241 seconds
[2026-09-08T09:22:28.560+0000] {processor.py:161} INFO - Started process (PID=9371) to work on /opt/airflow/dags/netflix_dag.py
[2026-09-08T09:22:28.564+0000] {processor.py:830} INFO - Processing file /opt/airflow/dags/netflix_dag.py for tasks to queue
[2026-09-08T09:22:28.569+0000] {logging_mixin.py:188} INFO - [2026-09-08T09:22:28.568+0000] {dagbag.py:545} INFO - Filling up the DagBag from /opt/airflow/dags/netflix_dag.py
[2026-09-08T09:22:28.619+0000] {processor.py:840} INFO - DAG(s) 'netflix_etl_pipeline' retrieved from /opt/airflow/dags/netflix_dag.py
[2026-09-08T09:22:28.688+0000] {logging_mixin.py:188} INFO - [2026-09-08T09:22:28.688+0000] {dag.py:3089} INFO - Sync 1 DAGs
[2026-09-08T09:22:28.734+0000] {logging_mixin.py:188} INFO - [2026-09-08T09:22:28.733+0000] {dag.py:3947} INFO - Setting next_dagrun for netflix_etl_pipeline to 2026-09-07 00:00:00+00:00, run_after=2026-09-08 00:00:00+00:00
[2026-09-08T09:22:28.771+0000] {processor.py:183} INFO - Processing /opt/airflow/dags/netflix_dag.py took 0.227 seconds
[2026-09-08T09:22:59.149+0000] {processor.py:161} INFO - Started process (PID=9382) to work on /opt/airflow/dags/netflix_dag.py
[2026-09-08T09:22:59.152+0000] {processor.py:830} INFO - Processing file /opt/airflow/dags/netflix_dag.py for tasks to queue
[2026-09-08T09:22:59.157+0000] {logging_mixin.py:188} INFO - [2026-09-08T09:22:59.157+0000] {dagbag.py:545} INFO - Filling up the DagBag from /opt/airflow/dags/netflix_dag.py
[2026-09-08T09:22:59.209+0000] {processor.py:840} INFO - DAG(s) 'netflix_etl_pipeline' retrieved from /opt/airflow/dags/netflix_dag.py
[2026-09-08T09:22:59.281+0000] {logging_mixin.py:188} INFO - [2026-09-08T09:22:59.281+0000] {dag.py:3089} INFO - Sync 1 DAGs
[2026-09-08T09:22:59.327+0000] {logging_mixin.py:188} INFO - [2026-09-08T09:22:59.326+0000] {dag.py:3947} INFO - Setting next_dagrun for netflix_etl_pipeline to 2026-09-07 00:00:00+00:00, run_after=2026-09-08 00:00:00+00:00
[2026-09-08T09:22:59.365+0000] {processor.py:183} INFO - Processing /opt/airflow/dags/netflix_dag.py took 0.231 seconds
[2026-09-08T09:23:29.762+0000] {processor.py:161} INFO - Started process (PID=9393) to work on /opt/airflow/dags/netflix_dag.py
[2026-09-08T09:23:29.766+0000] {processor.py:830} INFO - Processing file /opt/airflow/dags/netflix_dag.py for tasks to queue
[2026-09-08T09:23:29.771+0000] {logging_mixin.py:188} INFO - [2026-09-08T09:23:29.770+0000] {dagbag.py:545} INFO - Filling up the DagBag from /opt/airflow/dags/netflix_dag.py
[2026-09-08T09:23:29.821+0000] {processor.py:840} INFO - DAG(s) 'netflix_etl_pipeline' retrieved from /opt/airflow/dags/netflix_dag.py
[2026-09-08T09:23:29.890+0000] {logging_mixin.py:188} INFO - [2026-09-08T09:23:29.890+0000] {dag.py:3089} INFO - Sync 1 DAGs
[2026-09-08T09:23:29.935+0000] {logging_mixin.py:188} INFO - [2026-09-08T09:23:29.934+0000] {dag.py:3947} INFO - Setting next_dagrun for netflix_etl_pipeline to 2026-09-07 00:00:00+00:00, run_after=2026-09-08 00:00:00+00:00
[2026-09-08T09:23:29.974+0000] {processor.py:183} INFO - Processing /opt/airflow/dags/netflix_dag.py took 0.228 seconds
[2026-09-08T09:24:00.351+0000] {processor.py:161} INFO - Started process (PID=9404) to work on /opt/airflow/dags/netflix_dag.py
[2026-09-08T09:24:00.354+0000] {processor.py:830} INFO - Processing file /opt/airflow/dags/netflix_dag.py for tasks to queue
[2026-09-08T09:24:00.359+0000] {logging_mixin.py:188} INFO - [2026-09-08T09:24:00.358+0000] {dagbag.py:545} INFO - Filling up the DagBag from /opt/airflow/dags/netflix_dag.py
[2026-09-08T09:24:00.406+0000] {processor.py:840} INFO - DAG(s) 'netflix_etl_pipeline' retrieved from /opt/airflow/dags/netflix_dag.py
[2026-09-08T09:24:00.471+0000] {logging_mixin.py:188} INFO - [2026-09-08T09:24:00.470+0000] {dag.py:3089} INFO - Sync 1 DAGs
[2026-09-08T09:24:00.513+0000] {logging_mixin.py:188} INFO - [2026-09-08T09:24:00.512+0000] {dag.py:3947} INFO - Setting next_dagrun for netflix_etl_pipeline to 2026-09-07 00:00:00+00:00, run_after=2026-09-08 00:00:00+00:00
[2026-09-08T09:24:00.549+0000] {processor.py:183} INFO - Processing /opt/airflow/dags/netflix_dag.py took 0.210 seconds
[2026-09-08T09:24:30.974+0000] {processor.py:161} INFO - Started process (PID=9415) to work on /opt/airflow/dags/netflix_dag.py
[2026-09-08T09:24:30.977+0000] {processor.py:830} INFO - Processing file /opt/airflow/dags/netflix_dag.py for tasks to queue
[2026-09-08T09:24:30.983+0000] {logging_mixin.py:188} INFO - [2026-09-08T09:24:30.982+0000] {dagbag.py:545} INFO - Filling up the DagBag from /opt/airflow/dags/netflix_dag.py
[2026-09-08T09:24:31.043+0000] {processor.py:840} INFO - DAG(s) 'netflix_etl_pipeline' retrieved from /opt/airflow/dags/netflix_dag.py
[2026-09-08T09:24:31.229+0000] {logging_mixin.py:188} INFO - [2026-09-08T09:24:31.228+0000] {dag.py:3089} INFO - Sync 1 DAGs
[2026-09-08T09:24:31.291+0000] {logging_mixin.py:188} INFO - [2026-09-08T09:24:31.291+0000] {dag.py:3947} INFO - Setting next_dagrun for netflix_etl_pipeline to 2026-09-07 00:00:00+00:00, run_after=2026-09-08 00:00:00+00:00
[2026-09-08T09:24:31.345+0000] {processor.py:183} INFO - Processing /opt/airflow/dags/netflix_dag.py took 0.387 seconds
[2026-09-08T09:25:01.913+0000] {processor.py:161} INFO - Started process (PID=9426) to work on /opt/airflow/dags/netflix_dag.py
[2026-09-08T09:25:01.917+0000] {processor.py:830} INFO - Processing file /opt/airflow/dags/netflix_dag.py for tasks to queue
[2026-09-08T09:25:01.922+0000] {logging_mixin.py:188} INFO - [2026-09-08T09:25:01.922+0000] {dagbag.py:545} INFO - Filling up the DagBag from /opt/airflow/dags/netflix_dag.py
[2026-09-08T09:25:01.983+0000] {processor.py:840} INFO - DAG(s) 'netflix_etl_pipeline' retrieved from /opt/airflow/dags/netflix_dag.py
[2026-09-08T09:25:02.062+0000] {logging_mixin.py:188} INFO - [2026-09-08T09:25:02.061+0000] {dag.py:3089} INFO - Sync 1 DAGs
[2026-09-08T09:25:02.124+0000] {logging_mixin.py:188} INFO - [2026-09-08T09:25:02.123+0000] {dag.py:3947} INFO - Setting next_dagrun for netflix_etl_pipeline to 2026-09-07 00:00:00+00:00, run_after=2026-09-08 00:00:00+00:00
[2026-09-08T09:25:02.181+0000] {processor.py:183} INFO - Processing /opt/airflow/dags/netflix_dag.py took 0.285 seconds
[2026-09-08T09:25:32.441+0000] {processor.py:161} INFO - Started process (PID=9437) to work on /opt/airflow/dags/netflix_dag.py
[2026-09-08T09:25:32.443+0000] {processor.py:830} INFO - Processing file /opt/airflow/dags/netflix_dag.py for tasks to queue
[2026-09-08T09:25:32.447+0000] {logging_mixin.py:188} INFO - [2026-09-08T09:25:32.446+0000] {dagbag.py:545} INFO - Filling up the DagBag from /opt/airflow/dags/netflix_dag.py
[2026-09-08T09:25:32.477+0000] {processor.py:840} INFO - DAG(s) 'netflix_etl_pipeline' retrieved from /opt/airflow/dags/netflix_dag.py
[2026-09-08T09:25:32.520+0000] {logging_mixin.py:188} INFO - [2026-09-08T09:25:32.519+0000] {dag.py:3089} INFO - Sync 1 DAGs
[2026-09-08T09:25:32.545+0000] {logging_mixin.py:188} INFO - [2026-09-08T09:25:32.545+0000] {dag.py:3947} INFO - Setting next_dagrun for netflix_etl_pipeline to 2026-09-07 00:00:00+00:00, run_after=2026-09-08 00:00:00+00:00
[2026-09-08T09:25:32.574+0000] {processor.py:183} INFO - Processing /opt/airflow/dags/netflix_dag.py took 0.141 seconds
[2026-09-08T09:26:02.664+0000] {processor.py:161} INFO - Started process (PID=9448) to work on /opt/airflow/dags/netflix_dag.py
[2026-09-08T09:26:02.666+0000] {processor.py:830} INFO - Processing file /opt/airflow/dags/netflix_dag.py for tasks to queue
[2026-09-08T09:26:02.669+0000] {logging_mixin.py:188} INFO - [2026-09-08T09:26:02.669+0000] {dagbag.py:545} INFO - Filling up the DagBag from /opt/airflow/dags/netflix_dag.py
[2026-09-08T09:26:02.700+0000] {processor.py:840} INFO - DAG(s) 'netflix_etl_pipeline' retrieved from /opt/airflow/dags/netflix_dag.py
[2026-09-08T09:26:02.745+0000] {logging_mixin.py:188} INFO - [2026-09-08T09:26:02.745+0000] {dag.py:3089} INFO - Sync 1 DAGs
[2026-09-08T09:26:02.772+0000] {logging_mixin.py:188} INFO - [2026-09-08T09:26:02.771+0000] {dag.py:3947} INFO - Setting next_dagrun for netflix_etl_pipeline to 2026-09-07 00:00:00+00:00, run_after=2026-09-08 00:00:00+00:00
[2026-09-08T09:26:02.799+0000] {processor.py:183} INFO - Processing /opt/airflow/dags/netflix_dag.py took 0.144 seconds
[2026-09-08T09:26:33.041+0000] {processor.py:161} INFO - Started process (PID=9459) to work on /opt/airflow/dags/netflix_dag.py
[2026-09-08T09:26:33.044+0000] {processor.py:830} INFO - Processing file /opt/airflow/dags/netflix_dag.py for tasks to queue
[2026-09-08T09:26:33.048+0000] {logging_mixin.py:188} INFO - [2026-09-08T09:26:33.048+0000] {dagbag.py:545} INFO - Filling up the DagBag from /opt/airflow/dags/netflix_dag.py
[2026-09-08T09:26:33.082+0000] {processor.py:840} INFO - DAG(s) 'netflix_etl_pipeline' retrieved from /opt/airflow/dags/netflix_dag.py
[2026-09-08T09:26:33.131+0000] {logging_mixin.py:188} INFO - [2026-09-08T09:26:33.130+0000] {dag.py:3089} INFO - Sync 1 DAGs
[2026-09-08T09:26:33.168+0000] {logging_mixin.py:188} INFO - [2026-09-08T09:26:33.167+0000] {dag.py:3947} INFO - Setting next_dagrun for netflix_etl_pipeline to 2026-09-07 00:00:00+00:00, run_after=2026-09-08 00:00:00+00:00
[2026-09-08T09:26:33.204+0000] {processor.py:183} INFO - Processing /opt/airflow/dags/netflix_dag.py took 0.172 seconds
