[2026-09-09T04:44:56.601+0000] {processor.py:161} INFO - Started process (PID=202) to work on /opt/airflow/dags/netflix_dag.py
[2026-09-09T04:44:56.605+0000] {processor.py:830} INFO - Processing file /opt/airflow/dags/netflix_dag.py for tasks to queue
[2026-09-09T04:44:56.617+0000] {logging_mixin.py:188} INFO - [2026-09-09T04:44:56.616+0000] {dagbag.py:545} INFO - Filling up the DagBag from /opt/airflow/dags/netflix_dag.py
[2026-09-09T04:44:56.785+0000] {processor.py:840} INFO - DAG(s) 'netflix_etl_pipeline' retrieved from /opt/airflow/dags/netflix_dag.py
[2026-09-09T04:44:57.140+0000] {logging_mixin.py:188} INFO - [2026-09-09T04:44:57.139+0000] {dag.py:3089} INFO - Sync 1 DAGs
[2026-09-09T04:44:57.243+0000] {logging_mixin.py:188} INFO - [2026-09-09T04:44:57.242+0000] {dag.py:3947} INFO - Setting next_dagrun for netflix_etl_pipeline to 2026-09-08 00:00:00+00:00, run_after=2026-09-09 00:00:00+00:00
[2026-09-09T04:44:57.325+0000] {processor.py:183} INFO - Processing /opt/airflow/dags/netflix_dag.py took 0.876 seconds
[2026-09-09T04:45:27.583+0000] {processor.py:161} INFO - Started process (PID=213) to work on /opt/airflow/dags/netflix_dag.py
[2026-09-09T04:45:27.585+0000] {processor.py:830} INFO - Processing file /opt/airflow/dags/netflix_dag.py for tasks to queue
[2026-09-09T04:45:27.589+0000] {logging_mixin.py:188} INFO - [2026-09-09T04:45:27.588+0000] {dagbag.py:545} INFO - Filling up the DagBag from /opt/airflow/dags/netflix_dag.py
[2026-09-09T04:45:27.643+0000] {processor.py:840} INFO - DAG(s) 'netflix_etl_pipeline' retrieved from /opt/airflow/dags/netflix_dag.py
[2026-09-09T04:45:27.710+0000] {logging_mixin.py:188} INFO - [2026-09-09T04:45:27.709+0000] {dag.py:3089} INFO - Sync 1 DAGs
[2026-09-09T04:45:27.753+0000] {logging_mixin.py:188} INFO - [2026-09-09T04:45:27.753+0000] {dag.py:3947} INFO - Setting next_dagrun for netflix_etl_pipeline to 2026-09-08 00:00:00+00:00, run_after=2026-09-09 00:00:00+00:00
[2026-09-09T04:45:27.790+0000] {processor.py:183} INFO - Processing /opt/airflow/dags/netflix_dag.py took 0.219 seconds
[2026-09-09T04:45:57.985+0000] {processor.py:161} INFO - Started process (PID=224) to work on /opt/airflow/dags/netflix_dag.py
[2026-09-09T04:45:57.988+0000] {processor.py:830} INFO - Processing file /opt/airflow/dags/netflix_dag.py for tasks to queue
[2026-09-09T04:45:57.992+0000] {logging_mixin.py:188} INFO - [2026-09-09T04:45:57.992+0000] {dagbag.py:545} INFO - Filling up the DagBag from /opt/airflow/dags/netflix_dag.py
[2026-09-09T04:45:58.017+0000] {processor.py:840} INFO - DAG(s) 'netflix_etl_pipeline' retrieved from /opt/airflow/dags/netflix_dag.py
[2026-09-09T04:45:58.065+0000] {logging_mixin.py:188} INFO - [2026-09-09T04:45:58.065+0000] {dag.py:3089} INFO - Sync 1 DAGs
[2026-09-09T04:45:58.100+0000] {logging_mixin.py:188} INFO - [2026-09-09T04:45:58.099+0000] {dag.py:3947} INFO - Setting next_dagrun for netflix_etl_pipeline to 2026-09-08 00:00:00+00:00, run_after=2026-09-09 00:00:00+00:00
[2026-09-09T04:45:58.139+0000] {processor.py:183} INFO - Processing /opt/airflow/dags/netflix_dag.py took 0.161 seconds
[2026-09-09T04:46:28.427+0000] {processor.py:161} INFO - Started process (PID=235) to work on /opt/airflow/dags/netflix_dag.py
[2026-09-09T04:46:28.429+0000] {processor.py:830} INFO - Processing file /opt/airflow/dags/netflix_dag.py for tasks to queue
[2026-09-09T04:46:28.432+0000] {logging_mixin.py:188} INFO - [2026-09-09T04:46:28.431+0000] {dagbag.py:545} INFO - Filling up the DagBag from /opt/airflow/dags/netflix_dag.py
[2026-09-09T04:46:28.461+0000] {processor.py:840} INFO - DAG(s) 'netflix_etl_pipeline' retrieved from /opt/airflow/dags/netflix_dag.py
[2026-09-09T04:46:28.511+0000] {logging_mixin.py:188} INFO - [2026-09-09T04:46:28.510+0000] {dag.py:3089} INFO - Sync 1 DAGs
[2026-09-09T04:46:28.539+0000] {logging_mixin.py:188} INFO - [2026-09-09T04:46:28.539+0000] {dag.py:3947} INFO - Setting next_dagrun for netflix_etl_pipeline to 2026-09-08 00:00:00+00:00, run_after=2026-09-09 00:00:00+00:00
[2026-09-09T04:46:28.565+0000] {processor.py:183} INFO - Processing /opt/airflow/dags/netflix_dag.py took 0.146 seconds
[2026-09-09T04:46:58.640+0000] {processor.py:161} INFO - Started process (PID=246) to work on /opt/airflow/dags/netflix_dag.py
[2026-09-09T04:46:58.642+0000] {processor.py:830} INFO - Processing file /opt/airflow/dags/netflix_dag.py for tasks to queue
[2026-09-09T04:46:58.645+0000] {logging_mixin.py:188} INFO - [2026-09-09T04:46:58.644+0000] {dagbag.py:545} INFO - Filling up the DagBag from /opt/airflow/dags/netflix_dag.py
[2026-09-09T04:46:58.674+0000] {processor.py:840} INFO - DAG(s) 'netflix_etl_pipeline' retrieved from /opt/airflow/dags/netflix_dag.py
[2026-09-09T04:46:58.717+0000] {logging_mixin.py:188} INFO - [2026-09-09T04:46:58.717+0000] {dag.py:3089} INFO - Sync 1 DAGs
[2026-09-09T04:46:58.773+0000] {logging_mixin.py:188} INFO - [2026-09-09T04:46:58.773+0000] {dag.py:3947} INFO - Setting next_dagrun for netflix_etl_pipeline to 2026-09-08 00:00:00+00:00, run_after=2026-09-09 00:00:00+00:00
[2026-09-09T04:46:58.802+0000] {processor.py:183} INFO - Processing /opt/airflow/dags/netflix_dag.py took 0.170 seconds
[2026-09-09T04:47:28.972+0000] {processor.py:161} INFO - Started process (PID=257) to work on /opt/airflow/dags/netflix_dag.py
[2026-09-09T04:47:28.974+0000] {processor.py:830} INFO - Processing file /opt/airflow/dags/netflix_dag.py for tasks to queue
[2026-09-09T04:47:28.978+0000] {logging_mixin.py:188} INFO - [2026-09-09T04:47:28.977+0000] {dagbag.py:545} INFO - Filling up the DagBag from /opt/airflow/dags/netflix_dag.py
[2026-09-09T04:47:29.015+0000] {processor.py:840} INFO - DAG(s) 'netflix_etl_pipeline' retrieved from /opt/airflow/dags/netflix_dag.py
[2026-09-09T04:47:29.067+0000] {logging_mixin.py:188} INFO - [2026-09-09T04:47:29.066+0000] {dag.py:3089} INFO - Sync 1 DAGs
[2026-09-09T04:47:29.103+0000] {logging_mixin.py:188} INFO - [2026-09-09T04:47:29.103+0000] {dag.py:3947} INFO - Setting next_dagrun for netflix_etl_pipeline to 2026-09-08 00:00:00+00:00, run_after=2026-09-09 00:00:00+00:00
[2026-09-09T04:47:29.136+0000] {processor.py:183} INFO - Processing /opt/airflow/dags/netflix_dag.py took 0.173 seconds
[2026-09-09T04:47:59.220+0000] {processor.py:161} INFO - Started process (PID=268) to work on /opt/airflow/dags/netflix_dag.py
[2026-09-09T04:47:59.221+0000] {processor.py:830} INFO - Processing file /opt/airflow/dags/netflix_dag.py for tasks to queue
[2026-09-09T04:47:59.225+0000] {logging_mixin.py:188} INFO - [2026-09-09T04:47:59.224+0000] {dagbag.py:545} INFO - Filling up the DagBag from /opt/airflow/dags/netflix_dag.py
[2026-09-09T04:47:59.255+0000] {processor.py:840} INFO - DAG(s) 'netflix_etl_pipeline' retrieved from /opt/airflow/dags/netflix_dag.py
[2026-09-09T04:47:59.305+0000] {logging_mixin.py:188} INFO - [2026-09-09T04:47:59.305+0000] {dag.py:3089} INFO - Sync 1 DAGs
[2026-09-09T04:47:59.341+0000] {logging_mixin.py:188} INFO - [2026-09-09T04:47:59.341+0000] {dag.py:3947} INFO - Setting next_dagrun for netflix_etl_pipeline to 2026-09-08 00:00:00+00:00, run_after=2026-09-09 00:00:00+00:00
[2026-09-09T04:47:59.366+0000] {processor.py:183} INFO - Processing /opt/airflow/dags/netflix_dag.py took 0.154 seconds
[2026-09-09T04:48:29.536+0000] {processor.py:161} INFO - Started process (PID=279) to work on /opt/airflow/dags/netflix_dag.py
[2026-09-09T04:48:29.538+0000] {processor.py:830} INFO - Processing file /opt/airflow/dags/netflix_dag.py for tasks to queue
[2026-09-09T04:48:29.543+0000] {logging_mixin.py:188} INFO - [2026-09-09T04:48:29.542+0000] {dagbag.py:545} INFO - Filling up the DagBag from /opt/airflow/dags/netflix_dag.py
[2026-09-09T04:48:29.579+0000] {processor.py:840} INFO - DAG(s) 'netflix_etl_pipeline' retrieved from /opt/airflow/dags/netflix_dag.py
[2026-09-09T04:48:29.653+0000] {logging_mixin.py:188} INFO - [2026-09-09T04:48:29.653+0000] {dag.py:3089} INFO - Sync 1 DAGs
[2026-09-09T04:48:29.700+0000] {logging_mixin.py:188} INFO - [2026-09-09T04:48:29.700+0000] {dag.py:3947} INFO - Setting next_dagrun for netflix_etl_pipeline to 2026-09-08 00:00:00+00:00, run_after=2026-09-09 00:00:00+00:00
[2026-09-09T04:48:29.737+0000] {processor.py:183} INFO - Processing /opt/airflow/dags/netflix_dag.py took 0.215 seconds
[2026-09-09T04:48:59.804+0000] {processor.py:161} INFO - Started process (PID=290) to work on /opt/airflow/dags/netflix_dag.py
[2026-09-09T04:48:59.806+0000] {processor.py:830} INFO - Processing file /opt/airflow/dags/netflix_dag.py for tasks to queue
[2026-09-09T04:48:59.808+0000] {logging_mixin.py:188} INFO - [2026-09-09T04:48:59.808+0000] {dagbag.py:545} INFO - Filling up the DagBag from /opt/airflow/dags/netflix_dag.py
[2026-09-09T04:48:59.832+0000] {processor.py:840} INFO - DAG(s) 'netflix_etl_pipeline' retrieved from /opt/airflow/dags/netflix_dag.py
[2026-09-09T04:48:59.877+0000] {logging_mixin.py:188} INFO - [2026-09-09T04:48:59.877+0000] {dag.py:3089} INFO - Sync 1 DAGs
[2026-09-09T04:48:59.903+0000] {logging_mixin.py:188} INFO - [2026-09-09T04:48:59.903+0000] {dag.py:3947} INFO - Setting next_dagrun for netflix_etl_pipeline to 2026-09-08 00:00:00+00:00, run_after=2026-09-09 00:00:00+00:00
[2026-09-09T04:48:59.931+0000] {processor.py:183} INFO - Processing /opt/airflow/dags/netflix_dag.py took 0.133 seconds
[2026-09-09T04:49:30.194+0000] {processor.py:161} INFO - Started process (PID=301) to work on /opt/airflow/dags/netflix_dag.py
[2026-09-09T04:49:30.196+0000] {processor.py:830} INFO - Processing file /opt/airflow/dags/netflix_dag.py for tasks to queue
[2026-09-09T04:49:30.201+0000] {logging_mixin.py:188} INFO - [2026-09-09T04:49:30.201+0000] {dagbag.py:545} INFO - Filling up the DagBag from /opt/airflow/dags/netflix_dag.py
[2026-09-09T04:49:30.232+0000] {processor.py:840} INFO - DAG(s) 'netflix_etl_pipeline' retrieved from /opt/airflow/dags/netflix_dag.py
[2026-09-09T04:49:30.294+0000] {logging_mixin.py:188} INFO - [2026-09-09T04:49:30.294+0000] {dag.py:3089} INFO - Sync 1 DAGs
[2026-09-09T04:49:30.324+0000] {logging_mixin.py:188} INFO - [2026-09-09T04:49:30.324+0000] {dag.py:3947} INFO - Setting next_dagrun for netflix_etl_pipeline to 2026-09-08 00:00:00+00:00, run_after=2026-09-09 00:00:00+00:00
[2026-09-09T04:49:30.353+0000] {processor.py:183} INFO - Processing /opt/airflow/dags/netflix_dag.py took 0.172 seconds
[2026-09-09T04:50:00.461+0000] {processor.py:161} INFO - Started process (PID=312) to work on /opt/airflow/dags/netflix_dag.py
[2026-09-09T04:50:00.463+0000] {processor.py:830} INFO - Processing file /opt/airflow/dags/netflix_dag.py for tasks to queue
[2026-09-09T04:50:00.467+0000] {logging_mixin.py:188} INFO - [2026-09-09T04:50:00.466+0000] {dagbag.py:545} INFO - Filling up the DagBag from /opt/airflow/dags/netflix_dag.py
[2026-09-09T04:50:00.504+0000] {processor.py:840} INFO - DAG(s) 'netflix_etl_pipeline' retrieved from /opt/airflow/dags/netflix_dag.py
[2026-09-09T04:50:00.551+0000] {logging_mixin.py:188} INFO - [2026-09-09T04:50:00.550+0000] {dag.py:3089} INFO - Sync 1 DAGs
[2026-09-09T04:50:00.581+0000] {logging_mixin.py:188} INFO - [2026-09-09T04:50:00.581+0000] {dag.py:3947} INFO - Setting next_dagrun for netflix_etl_pipeline to 2026-09-08 00:00:00+00:00, run_after=2026-09-09 00:00:00+00:00
[2026-09-09T04:50:00.610+0000] {processor.py:183} INFO - Processing /opt/airflow/dags/netflix_dag.py took 0.159 seconds
[2026-09-09T04:50:30.826+0000] {processor.py:161} INFO - Started process (PID=323) to work on /opt/airflow/dags/netflix_dag.py
[2026-09-09T04:50:30.827+0000] {processor.py:830} INFO - Processing file /opt/airflow/dags/netflix_dag.py for tasks to queue
[2026-09-09T04:50:30.831+0000] {logging_mixin.py:188} INFO - [2026-09-09T04:50:30.830+0000] {dagbag.py:545} INFO - Filling up the DagBag from /opt/airflow/dags/netflix_dag.py
[2026-09-09T04:50:30.855+0000] {processor.py:840} INFO - DAG(s) 'netflix_etl_pipeline' retrieved from /opt/airflow/dags/netflix_dag.py
[2026-09-09T04:50:30.895+0000] {logging_mixin.py:188} INFO - [2026-09-09T04:50:30.894+0000] {dag.py:3089} INFO - Sync 1 DAGs
[2026-09-09T04:50:30.920+0000] {logging_mixin.py:188} INFO - [2026-09-09T04:50:30.920+0000] {dag.py:3947} INFO - Setting next_dagrun for netflix_etl_pipeline to 2026-09-08 00:00:00+00:00, run_after=2026-09-09 00:00:00+00:00
[2026-09-09T04:50:30.946+0000] {processor.py:183} INFO - Processing /opt/airflow/dags/netflix_dag.py took 0.127 seconds
[2026-09-09T04:51:01.036+0000] {processor.py:161} INFO - Started process (PID=334) to work on /opt/airflow/dags/netflix_dag.py
[2026-09-09T04:51:01.038+0000] {processor.py:830} INFO - Processing file /opt/airflow/dags/netflix_dag.py for tasks to queue
[2026-09-09T04:51:01.042+0000] {logging_mixin.py:188} INFO - [2026-09-09T04:51:01.041+0000] {dagbag.py:545} INFO - Filling up the DagBag from /opt/airflow/dags/netflix_dag.py
[2026-09-09T04:51:01.076+0000] {processor.py:840} INFO - DAG(s) 'netflix_etl_pipeline' retrieved from /opt/airflow/dags/netflix_dag.py
[2026-09-09T04:51:01.140+0000] {logging_mixin.py:188} INFO - [2026-09-09T04:51:01.139+0000] {dag.py:3089} INFO - Sync 1 DAGs
[2026-09-09T04:51:01.188+0000] {logging_mixin.py:188} INFO - [2026-09-09T04:51:01.187+0000] {dag.py:3947} INFO - Setting next_dagrun for netflix_etl_pipeline to 2026-09-08 00:00:00+00:00, run_after=2026-09-09 00:00:00+00:00
[2026-09-09T04:51:01.227+0000] {processor.py:183} INFO - Processing /opt/airflow/dags/netflix_dag.py took 0.200 seconds
[2026-09-09T04:51:31.327+0000] {processor.py:161} INFO - Started process (PID=345) to work on /opt/airflow/dags/netflix_dag.py
[2026-09-09T04:51:31.329+0000] {processor.py:830} INFO - Processing file /opt/airflow/dags/netflix_dag.py for tasks to queue
[2026-09-09T04:51:31.334+0000] {logging_mixin.py:188} INFO - [2026-09-09T04:51:31.333+0000] {dagbag.py:545} INFO - Filling up the DagBag from /opt/airflow/dags/netflix_dag.py
[2026-09-09T04:51:31.368+0000] {processor.py:840} INFO - DAG(s) 'netflix_etl_pipeline' retrieved from /opt/airflow/dags/netflix_dag.py
[2026-09-09T04:51:31.433+0000] {logging_mixin.py:188} INFO - [2026-09-09T04:51:31.432+0000] {dag.py:3089} INFO - Sync 1 DAGs
[2026-09-09T04:51:31.486+0000] {logging_mixin.py:188} INFO - [2026-09-09T04:51:31.486+0000] {dag.py:3947} INFO - Setting next_dagrun for netflix_etl_pipeline to 2026-09-08 00:00:00+00:00, run_after=2026-09-09 00:00:00+00:00
[2026-09-09T04:51:31.510+0000] {processor.py:183} INFO - Processing /opt/airflow/dags/netflix_dag.py took 0.191 seconds
[2026-09-09T04:52:01.644+0000] {processor.py:161} INFO - Started process (PID=356) to work on /opt/airflow/dags/netflix_dag.py
[2026-09-09T04:52:01.648+0000] {processor.py:830} INFO - Processing file /opt/airflow/dags/netflix_dag.py for tasks to queue
[2026-09-09T04:52:01.651+0000] {logging_mixin.py:188} INFO - [2026-09-09T04:52:01.651+0000] {dagbag.py:545} INFO - Filling up the DagBag from /opt/airflow/dags/netflix_dag.py
[2026-09-09T04:52:01.685+0000] {processor.py:840} INFO - DAG(s) 'netflix_etl_pipeline' retrieved from /opt/airflow/dags/netflix_dag.py
[2026-09-09T04:52:01.752+0000] {logging_mixin.py:188} INFO - [2026-09-09T04:52:01.751+0000] {dag.py:3089} INFO - Sync 1 DAGs
[2026-09-09T04:52:01.799+0000] {logging_mixin.py:188} INFO - [2026-09-09T04:52:01.798+0000] {dag.py:3947} INFO - Setting next_dagrun for netflix_etl_pipeline to 2026-09-08 00:00:00+00:00, run_after=2026-09-09 00:00:00+00:00
[2026-09-09T04:52:01.839+0000] {processor.py:183} INFO - Processing /opt/airflow/dags/netflix_dag.py took 0.203 seconds
[2026-09-09T04:52:31.941+0000] {processor.py:161} INFO - Started process (PID=367) to work on /opt/airflow/dags/netflix_dag.py
[2026-09-09T04:52:31.949+0000] {processor.py:830} INFO - Processing file /opt/airflow/dags/netflix_dag.py for tasks to queue
[2026-09-09T04:52:31.956+0000] {logging_mixin.py:188} INFO - [2026-09-09T04:52:31.955+0000] {dagbag.py:545} INFO - Filling up the DagBag from /opt/airflow/dags/netflix_dag.py
[2026-09-09T04:52:32.027+0000] {processor.py:840} INFO - DAG(s) 'netflix_etl_pipeline' retrieved from /opt/airflow/dags/netflix_dag.py
[2026-09-09T04:52:32.121+0000] {logging_mixin.py:188} INFO - [2026-09-09T04:52:32.121+0000] {dag.py:3089} INFO - Sync 1 DAGs
[2026-09-09T04:52:32.161+0000] {logging_mixin.py:188} INFO - [2026-09-09T04:52:32.161+0000] {dag.py:3947} INFO - Setting next_dagrun for netflix_etl_pipeline to 2026-09-08 00:00:00+00:00, run_after=2026-09-09 00:00:00+00:00
[2026-09-09T04:52:32.202+0000] {processor.py:183} INFO - Processing /opt/airflow/dags/netflix_dag.py took 0.289 seconds
[2026-09-09T04:53:02.472+0000] {processor.py:161} INFO - Started process (PID=378) to work on /opt/airflow/dags/netflix_dag.py
[2026-09-09T04:53:02.478+0000] {processor.py:830} INFO - Processing file /opt/airflow/dags/netflix_dag.py for tasks to queue
[2026-09-09T04:53:02.490+0000] {logging_mixin.py:188} INFO - [2026-09-09T04:53:02.488+0000] {dagbag.py:545} INFO - Filling up the DagBag from /opt/airflow/dags/netflix_dag.py
[2026-09-09T04:53:02.551+0000] {processor.py:840} INFO - DAG(s) 'netflix_etl_pipeline' retrieved from /opt/airflow/dags/netflix_dag.py
[2026-09-09T04:53:02.608+0000] {logging_mixin.py:188} INFO - [2026-09-09T04:53:02.607+0000] {dag.py:3089} INFO - Sync 1 DAGs
[2026-09-09T04:53:02.640+0000] {logging_mixin.py:188} INFO - [2026-09-09T04:53:02.640+0000] {dag.py:3947} INFO - Setting next_dagrun for netflix_etl_pipeline to 2026-09-08 00:00:00+00:00, run_after=2026-09-09 00:00:00+00:00
[2026-09-09T04:53:02.673+0000] {processor.py:183} INFO - Processing /opt/airflow/dags/netflix_dag.py took 0.238 seconds
[2026-09-09T04:53:32.892+0000] {processor.py:161} INFO - Started process (PID=389) to work on /opt/airflow/dags/netflix_dag.py
[2026-09-09T04:53:32.895+0000] {processor.py:830} INFO - Processing file /opt/airflow/dags/netflix_dag.py for tasks to queue
[2026-09-09T04:53:32.899+0000] {logging_mixin.py:188} INFO - [2026-09-09T04:53:32.898+0000] {dagbag.py:545} INFO - Filling up the DagBag from /opt/airflow/dags/netflix_dag.py
[2026-09-09T04:53:32.932+0000] {processor.py:840} INFO - DAG(s) 'netflix_etl_pipeline' retrieved from /opt/airflow/dags/netflix_dag.py
[2026-09-09T04:53:32.989+0000] {logging_mixin.py:188} INFO - [2026-09-09T04:53:32.988+0000] {dag.py:3089} INFO - Sync 1 DAGs
[2026-09-09T04:53:33.021+0000] {logging_mixin.py:188} INFO - [2026-09-09T04:53:33.021+0000] {dag.py:3947} INFO - Setting next_dagrun for netflix_etl_pipeline to 2026-09-08 00:00:00+00:00, run_after=2026-09-09 00:00:00+00:00
[2026-09-09T04:53:33.055+0000] {processor.py:183} INFO - Processing /opt/airflow/dags/netflix_dag.py took 0.178 seconds
[2026-09-09T04:54:03.284+0000] {processor.py:161} INFO - Started process (PID=400) to work on /opt/airflow/dags/netflix_dag.py
[2026-09-09T04:54:03.286+0000] {processor.py:830} INFO - Processing file /opt/airflow/dags/netflix_dag.py for tasks to queue
[2026-09-09T04:54:03.291+0000] {logging_mixin.py:188} INFO - [2026-09-09T04:54:03.291+0000] {dagbag.py:545} INFO - Filling up the DagBag from /opt/airflow/dags/netflix_dag.py
[2026-09-09T04:54:03.317+0000] {processor.py:840} INFO - DAG(s) 'netflix_etl_pipeline' retrieved from /opt/airflow/dags/netflix_dag.py
[2026-09-09T04:54:03.393+0000] {logging_mixin.py:188} INFO - [2026-09-09T04:54:03.393+0000] {dag.py:3089} INFO - Sync 1 DAGs
[2026-09-09T04:54:03.451+0000] {logging_mixin.py:188} INFO - [2026-09-09T04:54:03.450+0000] {dag.py:3947} INFO - Setting next_dagrun for netflix_etl_pipeline to 2026-09-08 00:00:00+00:00, run_after=2026-09-09 00:00:00+00:00
[2026-09-09T04:54:03.501+0000] {processor.py:183} INFO - Processing /opt/airflow/dags/netflix_dag.py took 0.230 seconds
[2026-09-09T04:54:33.733+0000] {processor.py:161} INFO - Started process (PID=411) to work on /opt/airflow/dags/netflix_dag.py
[2026-09-09T04:54:33.735+0000] {processor.py:830} INFO - Processing file /opt/airflow/dags/netflix_dag.py for tasks to queue
[2026-09-09T04:54:33.739+0000] {logging_mixin.py:188} INFO - [2026-09-09T04:54:33.738+0000] {dagbag.py:545} INFO - Filling up the DagBag from /opt/airflow/dags/netflix_dag.py
[2026-09-09T04:54:33.770+0000] {processor.py:840} INFO - DAG(s) 'netflix_etl_pipeline' retrieved from /opt/airflow/dags/netflix_dag.py
[2026-09-09T04:54:33.823+0000] {logging_mixin.py:188} INFO - [2026-09-09T04:54:33.822+0000] {dag.py:3089} INFO - Sync 1 DAGs
[2026-09-09T04:54:33.855+0000] {logging_mixin.py:188} INFO - [2026-09-09T04:54:33.855+0000] {dag.py:3947} INFO - Setting next_dagrun for netflix_etl_pipeline to 2026-09-08 00:00:00+00:00, run_after=2026-09-09 00:00:00+00:00
[2026-09-09T04:54:33.884+0000] {processor.py:183} INFO - Processing /opt/airflow/dags/netflix_dag.py took 0.161 seconds
[2026-09-09T04:55:03.994+0000] {processor.py:161} INFO - Started process (PID=422) to work on /opt/airflow/dags/netflix_dag.py
[2026-09-09T04:55:03.996+0000] {processor.py:830} INFO - Processing file /opt/airflow/dags/netflix_dag.py for tasks to queue
[2026-09-09T04:55:04.002+0000] {logging_mixin.py:188} INFO - [2026-09-09T04:55:04.001+0000] {dagbag.py:545} INFO - Filling up the DagBag from /opt/airflow/dags/netflix_dag.py
[2026-09-09T04:55:04.033+0000] {processor.py:840} INFO - DAG(s) 'netflix_etl_pipeline' retrieved from /opt/airflow/dags/netflix_dag.py
[2026-09-09T04:55:04.100+0000] {logging_mixin.py:188} INFO - [2026-09-09T04:55:04.100+0000] {dag.py:3089} INFO - Sync 1 DAGs
[2026-09-09T04:55:04.161+0000] {logging_mixin.py:188} INFO - [2026-09-09T04:55:04.161+0000] {dag.py:3947} INFO - Setting next_dagrun for netflix_etl_pipeline to 2026-09-08 00:00:00+00:00, run_after=2026-09-09 00:00:00+00:00
[2026-09-09T04:55:04.207+0000] {processor.py:183} INFO - Processing /opt/airflow/dags/netflix_dag.py took 0.228 seconds
[2026-09-09T04:55:34.317+0000] {processor.py:161} INFO - Started process (PID=433) to work on /opt/airflow/dags/netflix_dag.py
[2026-09-09T04:55:34.319+0000] {processor.py:830} INFO - Processing file /opt/airflow/dags/netflix_dag.py for tasks to queue
[2026-09-09T04:55:34.326+0000] {logging_mixin.py:188} INFO - [2026-09-09T04:55:34.325+0000] {dagbag.py:545} INFO - Filling up the DagBag from /opt/airflow/dags/netflix_dag.py
[2026-09-09T04:55:34.356+0000] {processor.py:840} INFO - DAG(s) 'netflix_etl_pipeline' retrieved from /opt/airflow/dags/netflix_dag.py
[2026-09-09T04:55:34.402+0000] {logging_mixin.py:188} INFO - [2026-09-09T04:55:34.402+0000] {dag.py:3089} INFO - Sync 1 DAGs
[2026-09-09T04:55:34.430+0000] {logging_mixin.py:188} INFO - [2026-09-09T04:55:34.430+0000] {dag.py:3947} INFO - Setting next_dagrun for netflix_etl_pipeline to 2026-09-08 00:00:00+00:00, run_after=2026-09-09 00:00:00+00:00
[2026-09-09T04:55:34.452+0000] {processor.py:183} INFO - Processing /opt/airflow/dags/netflix_dag.py took 0.141 seconds
[2026-09-09T04:56:04.749+0000] {processor.py:161} INFO - Started process (PID=444) to work on /opt/airflow/dags/netflix_dag.py
[2026-09-09T04:56:04.752+0000] {processor.py:830} INFO - Processing file /opt/airflow/dags/netflix_dag.py for tasks to queue
[2026-09-09T04:56:04.760+0000] {logging_mixin.py:188} INFO - [2026-09-09T04:56:04.759+0000] {dagbag.py:545} INFO - Filling up the DagBag from /opt/airflow/dags/netflix_dag.py
[2026-09-09T04:56:04.802+0000] {processor.py:840} INFO - DAG(s) 'netflix_etl_pipeline' retrieved from /opt/airflow/dags/netflix_dag.py
[2026-09-09T04:56:04.868+0000] {logging_mixin.py:188} INFO - [2026-09-09T04:56:04.867+0000] {dag.py:3089} INFO - Sync 1 DAGs
[2026-09-09T04:56:04.913+0000] {logging_mixin.py:188} INFO - [2026-09-09T04:56:04.912+0000] {dag.py:3947} INFO - Setting next_dagrun for netflix_etl_pipeline to 2026-09-08 00:00:00+00:00, run_after=2026-09-09 00:00:00+00:00
[2026-09-09T04:56:04.961+0000] {processor.py:183} INFO - Processing /opt/airflow/dags/netflix_dag.py took 0.228 seconds
[2026-09-09T04:56:35.348+0000] {processor.py:161} INFO - Started process (PID=455) to work on /opt/airflow/dags/netflix_dag.py
[2026-09-09T04:56:35.351+0000] {processor.py:830} INFO - Processing file /opt/airflow/dags/netflix_dag.py for tasks to queue
[2026-09-09T04:56:35.360+0000] {logging_mixin.py:188} INFO - [2026-09-09T04:56:35.359+0000] {dagbag.py:545} INFO - Filling up the DagBag from /opt/airflow/dags/netflix_dag.py
[2026-09-09T04:56:35.423+0000] {processor.py:840} INFO - DAG(s) 'netflix_etl_pipeline' retrieved from /opt/airflow/dags/netflix_dag.py
[2026-09-09T04:56:35.604+0000] {logging_mixin.py:188} INFO - [2026-09-09T04:56:35.603+0000] {dag.py:3089} INFO - Sync 1 DAGs
[2026-09-09T04:56:35.677+0000] {logging_mixin.py:188} INFO - [2026-09-09T04:56:35.676+0000] {dag.py:3947} INFO - Setting next_dagrun for netflix_etl_pipeline to 2026-09-08 00:00:00+00:00, run_after=2026-09-09 00:00:00+00:00
[2026-09-09T04:56:35.725+0000] {processor.py:183} INFO - Processing /opt/airflow/dags/netflix_dag.py took 0.403 seconds
[2026-09-09T04:57:05.989+0000] {processor.py:161} INFO - Started process (PID=466) to work on /opt/airflow/dags/netflix_dag.py
[2026-09-09T04:57:05.991+0000] {processor.py:830} INFO - Processing file /opt/airflow/dags/netflix_dag.py for tasks to queue
[2026-09-09T04:57:05.995+0000] {logging_mixin.py:188} INFO - [2026-09-09T04:57:05.995+0000] {dagbag.py:545} INFO - Filling up the DagBag from /opt/airflow/dags/netflix_dag.py
[2026-09-09T04:57:06.030+0000] {processor.py:840} INFO - DAG(s) 'netflix_etl_pipeline' retrieved from /opt/airflow/dags/netflix_dag.py
[2026-09-09T04:57:06.082+0000] {logging_mixin.py:188} INFO - [2026-09-09T04:57:06.081+0000] {dag.py:3089} INFO - Sync 1 DAGs
[2026-09-09T04:57:06.121+0000] {logging_mixin.py:188} INFO - [2026-09-09T04:57:06.121+0000] {dag.py:3947} INFO - Setting next_dagrun for netflix_etl_pipeline to 2026-09-08 00:00:00+00:00, run_after=2026-09-09 00:00:00+00:00
[2026-09-09T04:57:06.152+0000] {processor.py:183} INFO - Processing /opt/airflow/dags/netflix_dag.py took 0.173 seconds
[2026-09-09T04:57:36.314+0000] {processor.py:161} INFO - Started process (PID=477) to work on /opt/airflow/dags/netflix_dag.py
[2026-09-09T04:57:36.316+0000] {processor.py:830} INFO - Processing file /opt/airflow/dags/netflix_dag.py for tasks to queue
[2026-09-09T04:57:36.320+0000] {logging_mixin.py:188} INFO - [2026-09-09T04:57:36.320+0000] {dagbag.py:545} INFO - Filling up the DagBag from /opt/airflow/dags/netflix_dag.py
[2026-09-09T04:57:36.353+0000] {processor.py:840} INFO - DAG(s) 'netflix_etl_pipeline' retrieved from /opt/airflow/dags/netflix_dag.py
[2026-09-09T04:57:36.409+0000] {logging_mixin.py:188} INFO - [2026-09-09T04:57:36.409+0000] {dag.py:3089} INFO - Sync 1 DAGs
[2026-09-09T04:57:36.463+0000] {logging_mixin.py:188} INFO - [2026-09-09T04:57:36.463+0000] {dag.py:3947} INFO - Setting next_dagrun for netflix_etl_pipeline to 2026-09-08 00:00:00+00:00, run_after=2026-09-09 00:00:00+00:00
[2026-09-09T04:57:36.508+0000] {processor.py:183} INFO - Processing /opt/airflow/dags/netflix_dag.py took 0.202 seconds
[2026-09-09T04:58:07.500+0000] {processor.py:161} INFO - Started process (PID=488) to work on /opt/airflow/dags/netflix_dag.py
[2026-09-09T04:58:07.502+0000] {processor.py:830} INFO - Processing file /opt/airflow/dags/netflix_dag.py for tasks to queue
[2026-09-09T04:58:07.505+0000] {logging_mixin.py:188} INFO - [2026-09-09T04:58:07.505+0000] {dagbag.py:545} INFO - Filling up the DagBag from /opt/airflow/dags/netflix_dag.py
[2026-09-09T04:58:07.529+0000] {processor.py:840} INFO - DAG(s) 'netflix_etl_pipeline' retrieved from /opt/airflow/dags/netflix_dag.py
[2026-09-09T04:58:07.574+0000] {logging_mixin.py:188} INFO - [2026-09-09T04:58:07.574+0000] {dag.py:3089} INFO - Sync 1 DAGs
[2026-09-09T04:58:07.611+0000] {logging_mixin.py:188} INFO - [2026-09-09T04:58:07.611+0000] {dag.py:3947} INFO - Setting next_dagrun for netflix_etl_pipeline to 2026-09-08 00:00:00+00:00, run_after=2026-09-09 00:00:00+00:00
[2026-09-09T04:58:07.636+0000] {processor.py:183} INFO - Processing /opt/airflow/dags/netflix_dag.py took 0.142 seconds
[2026-09-09T04:58:37.695+0000] {processor.py:161} INFO - Started process (PID=499) to work on /opt/airflow/dags/netflix_dag.py
[2026-09-09T04:58:37.697+0000] {processor.py:830} INFO - Processing file /opt/airflow/dags/netflix_dag.py for tasks to queue
[2026-09-09T04:58:37.699+0000] {logging_mixin.py:188} INFO - [2026-09-09T04:58:37.699+0000] {dagbag.py:545} INFO - Filling up the DagBag from /opt/airflow/dags/netflix_dag.py
[2026-09-09T04:58:37.723+0000] {processor.py:840} INFO - DAG(s) 'netflix_etl_pipeline' retrieved from /opt/airflow/dags/netflix_dag.py
[2026-09-09T04:58:37.775+0000] {logging_mixin.py:188} INFO - [2026-09-09T04:58:37.775+0000] {dag.py:3089} INFO - Sync 1 DAGs
[2026-09-09T04:58:37.801+0000] {logging_mixin.py:188} INFO - [2026-09-09T04:58:37.801+0000] {dag.py:3947} INFO - Setting next_dagrun for netflix_etl_pipeline to 2026-09-08 00:00:00+00:00, run_after=2026-09-09 00:00:00+00:00
[2026-09-09T04:58:37.824+0000] {processor.py:183} INFO - Processing /opt/airflow/dags/netflix_dag.py took 0.137 seconds
[2026-09-09T04:59:08.075+0000] {processor.py:161} INFO - Started process (PID=510) to work on /opt/airflow/dags/netflix_dag.py
[2026-09-09T04:59:08.076+0000] {processor.py:830} INFO - Processing file /opt/airflow/dags/netflix_dag.py for tasks to queue
[2026-09-09T04:59:08.079+0000] {logging_mixin.py:188} INFO - [2026-09-09T04:59:08.079+0000] {dagbag.py:545} INFO - Filling up the DagBag from /opt/airflow/dags/netflix_dag.py
[2026-09-09T04:59:08.111+0000] {processor.py:840} INFO - DAG(s) 'netflix_etl_pipeline' retrieved from /opt/airflow/dags/netflix_dag.py
[2026-09-09T04:59:08.154+0000] {logging_mixin.py:188} INFO - [2026-09-09T04:59:08.154+0000] {dag.py:3089} INFO - Sync 1 DAGs
[2026-09-09T04:59:08.181+0000] {logging_mixin.py:188} INFO - [2026-09-09T04:59:08.181+0000] {dag.py:3947} INFO - Setting next_dagrun for netflix_etl_pipeline to 2026-09-08 00:00:00+00:00, run_after=2026-09-09 00:00:00+00:00
[2026-09-09T04:59:08.620+0000] {processor.py:183} INFO - Processing /opt/airflow/dags/netflix_dag.py took 0.551 seconds
[2026-09-09T04:59:38.825+0000] {processor.py:161} INFO - Started process (PID=521) to work on /opt/airflow/dags/netflix_dag.py
[2026-09-09T04:59:38.827+0000] {processor.py:830} INFO - Processing file /opt/airflow/dags/netflix_dag.py for tasks to queue
[2026-09-09T04:59:38.829+0000] {logging_mixin.py:188} INFO - [2026-09-09T04:59:38.829+0000] {dagbag.py:545} INFO - Filling up the DagBag from /opt/airflow/dags/netflix_dag.py
[2026-09-09T04:59:38.852+0000] {processor.py:840} INFO - DAG(s) 'netflix_etl_pipeline' retrieved from /opt/airflow/dags/netflix_dag.py
[2026-09-09T04:59:38.889+0000] {logging_mixin.py:188} INFO - [2026-09-09T04:59:38.888+0000] {dag.py:3089} INFO - Sync 1 DAGs
[2026-09-09T04:59:38.909+0000] {logging_mixin.py:188} INFO - [2026-09-09T04:59:38.908+0000] {dag.py:3947} INFO - Setting next_dagrun for netflix_etl_pipeline to 2026-09-08 00:00:00+00:00, run_after=2026-09-09 00:00:00+00:00
[2026-09-09T04:59:38.931+0000] {processor.py:183} INFO - Processing /opt/airflow/dags/netflix_dag.py took 0.112 seconds
[2026-09-09T05:00:09.061+0000] {processor.py:161} INFO - Started process (PID=532) to work on /opt/airflow/dags/netflix_dag.py
[2026-09-09T05:00:09.063+0000] {processor.py:830} INFO - Processing file /opt/airflow/dags/netflix_dag.py for tasks to queue
[2026-09-09T05:00:09.066+0000] {logging_mixin.py:188} INFO - [2026-09-09T05:00:09.065+0000] {dagbag.py:545} INFO - Filling up the DagBag from /opt/airflow/dags/netflix_dag.py
[2026-09-09T05:00:09.088+0000] {processor.py:840} INFO - DAG(s) 'netflix_etl_pipeline' retrieved from /opt/airflow/dags/netflix_dag.py
[2026-09-09T05:00:09.126+0000] {logging_mixin.py:188} INFO - [2026-09-09T05:00:09.125+0000] {dag.py:3089} INFO - Sync 1 DAGs
[2026-09-09T05:00:09.148+0000] {logging_mixin.py:188} INFO - [2026-09-09T05:00:09.148+0000] {dag.py:3947} INFO - Setting next_dagrun for netflix_etl_pipeline to 2026-09-08 00:00:00+00:00, run_after=2026-09-09 00:00:00+00:00
[2026-09-09T05:00:09.171+0000] {processor.py:183} INFO - Processing /opt/airflow/dags/netflix_dag.py took 0.115 seconds
[2026-09-09T05:00:39.422+0000] {processor.py:161} INFO - Started process (PID=544) to work on /opt/airflow/dags/netflix_dag.py
[2026-09-09T05:00:39.424+0000] {processor.py:830} INFO - Processing file /opt/airflow/dags/netflix_dag.py for tasks to queue
[2026-09-09T05:00:39.430+0000] {logging_mixin.py:188} INFO - [2026-09-09T05:00:39.429+0000] {dagbag.py:545} INFO - Filling up the DagBag from /opt/airflow/dags/netflix_dag.py
[2026-09-09T05:00:39.463+0000] {processor.py:840} INFO - DAG(s) 'netflix_etl_pipeline' retrieved from /opt/airflow/dags/netflix_dag.py
[2026-09-09T05:00:39.509+0000] {logging_mixin.py:188} INFO - [2026-09-09T05:00:39.509+0000] {dag.py:3089} INFO - Sync 1 DAGs
[2026-09-09T05:00:39.533+0000] {logging_mixin.py:188} INFO - [2026-09-09T05:00:39.533+0000] {dag.py:3947} INFO - Setting next_dagrun for netflix_etl_pipeline to 2026-09-08 00:00:00+00:00, run_after=2026-09-09 00:00:00+00:00
[2026-09-09T05:00:39.556+0000] {processor.py:183} INFO - Processing /opt/airflow/dags/netflix_dag.py took 0.143 seconds
[2026-09-09T05:01:09.607+0000] {processor.py:161} INFO - Started process (PID=555) to work on /opt/airflow/dags/netflix_dag.py
[2026-09-09T05:01:09.609+0000] {processor.py:830} INFO - Processing file /opt/airflow/dags/netflix_dag.py for tasks to queue
[2026-09-09T05:01:09.611+0000] {logging_mixin.py:188} INFO - [2026-09-09T05:01:09.611+0000] {dagbag.py:545} INFO - Filling up the DagBag from /opt/airflow/dags/netflix_dag.py
[2026-09-09T05:01:09.636+0000] {processor.py:840} INFO - DAG(s) 'netflix_etl_pipeline' retrieved from /opt/airflow/dags/netflix_dag.py
[2026-09-09T05:01:09.675+0000] {logging_mixin.py:188} INFO - [2026-09-09T05:01:09.674+0000] {dag.py:3089} INFO - Sync 1 DAGs
[2026-09-09T05:01:09.696+0000] {logging_mixin.py:188} INFO - [2026-09-09T05:01:09.696+0000] {dag.py:3947} INFO - Setting next_dagrun for netflix_etl_pipeline to 2026-09-08 00:00:00+00:00, run_after=2026-09-09 00:00:00+00:00
[2026-09-09T05:01:09.719+0000] {processor.py:183} INFO - Processing /opt/airflow/dags/netflix_dag.py took 0.119 seconds
[2026-09-09T05:01:39.933+0000] {processor.py:161} INFO - Started process (PID=566) to work on /opt/airflow/dags/netflix_dag.py
[2026-09-09T05:01:39.935+0000] {processor.py:830} INFO - Processing file /opt/airflow/dags/netflix_dag.py for tasks to queue
[2026-09-09T05:01:39.938+0000] {logging_mixin.py:188} INFO - [2026-09-09T05:01:39.937+0000] {dagbag.py:545} INFO - Filling up the DagBag from /opt/airflow/dags/netflix_dag.py
[2026-09-09T05:01:39.963+0000] {processor.py:840} INFO - DAG(s) 'netflix_etl_pipeline' retrieved from /opt/airflow/dags/netflix_dag.py
[2026-09-09T05:01:40.000+0000] {logging_mixin.py:188} INFO - [2026-09-09T05:01:40.000+0000] {dag.py:3089} INFO - Sync 1 DAGs
[2026-09-09T05:01:40.024+0000] {logging_mixin.py:188} INFO - [2026-09-09T05:01:40.024+0000] {dag.py:3947} INFO - Setting next_dagrun for netflix_etl_pipeline to 2026-09-08 00:00:00+00:00, run_after=2026-09-09 00:00:00+00:00
[2026-09-09T05:01:40.048+0000] {processor.py:183} INFO - Processing /opt/airflow/dags/netflix_dag.py took 0.123 seconds
[2026-09-09T05:02:10.148+0000] {processor.py:161} INFO - Started process (PID=577) to work on /opt/airflow/dags/netflix_dag.py
[2026-09-09T05:02:10.150+0000] {processor.py:830} INFO - Processing file /opt/airflow/dags/netflix_dag.py for tasks to queue
[2026-09-09T05:02:10.154+0000] {logging_mixin.py:188} INFO - [2026-09-09T05:02:10.154+0000] {dagbag.py:545} INFO - Filling up the DagBag from /opt/airflow/dags/netflix_dag.py
[2026-09-09T05:02:10.185+0000] {processor.py:840} INFO - DAG(s) 'netflix_etl_pipeline' retrieved from /opt/airflow/dags/netflix_dag.py
[2026-09-09T05:02:10.242+0000] {logging_mixin.py:188} INFO - [2026-09-09T05:02:10.241+0000] {dag.py:3089} INFO - Sync 1 DAGs
[2026-09-09T05:02:10.274+0000] {logging_mixin.py:188} INFO - [2026-09-09T05:02:10.274+0000] {dag.py:3947} INFO - Setting next_dagrun for netflix_etl_pipeline to 2026-09-08 00:00:00+00:00, run_after=2026-09-09 00:00:00+00:00
[2026-09-09T05:02:10.305+0000] {processor.py:183} INFO - Processing /opt/airflow/dags/netflix_dag.py took 0.168 seconds
[2026-09-09T05:02:40.454+0000] {processor.py:161} INFO - Started process (PID=588) to work on /opt/airflow/dags/netflix_dag.py
[2026-09-09T05:02:40.456+0000] {processor.py:830} INFO - Processing file /opt/airflow/dags/netflix_dag.py for tasks to queue
[2026-09-09T05:02:40.459+0000] {logging_mixin.py:188} INFO - [2026-09-09T05:02:40.459+0000] {dagbag.py:545} INFO - Filling up the DagBag from /opt/airflow/dags/netflix_dag.py
[2026-09-09T05:02:40.491+0000] {processor.py:840} INFO - DAG(s) 'netflix_etl_pipeline' retrieved from /opt/airflow/dags/netflix_dag.py
[2026-09-09T05:02:40.547+0000] {logging_mixin.py:188} INFO - [2026-09-09T05:02:40.547+0000] {dag.py:3089} INFO - Sync 1 DAGs
[2026-09-09T05:02:40.591+0000] {logging_mixin.py:188} INFO - [2026-09-09T05:02:40.591+0000] {dag.py:3947} INFO - Setting next_dagrun for netflix_etl_pipeline to 2026-09-08 00:00:00+00:00, run_after=2026-09-09 00:00:00+00:00
[2026-09-09T05:02:40.640+0000] {processor.py:183} INFO - Processing /opt/airflow/dags/netflix_dag.py took 0.194 seconds
[2026-09-09T05:03:10.764+0000] {processor.py:161} INFO - Started process (PID=599) to work on /opt/airflow/dags/netflix_dag.py
[2026-09-09T05:03:10.767+0000] {processor.py:830} INFO - Processing file /opt/airflow/dags/netflix_dag.py for tasks to queue
[2026-09-09T05:03:10.772+0000] {logging_mixin.py:188} INFO - [2026-09-09T05:03:10.771+0000] {dagbag.py:545} INFO - Filling up the DagBag from /opt/airflow/dags/netflix_dag.py
[2026-09-09T05:03:10.808+0000] {processor.py:840} INFO - DAG(s) 'netflix_etl_pipeline' retrieved from /opt/airflow/dags/netflix_dag.py
[2026-09-09T05:03:10.897+0000] {logging_mixin.py:188} INFO - [2026-09-09T05:03:10.897+0000] {dag.py:3089} INFO - Sync 1 DAGs
[2026-09-09T05:03:10.955+0000] {logging_mixin.py:188} INFO - [2026-09-09T05:03:10.954+0000] {dag.py:3947} INFO - Setting next_dagrun for netflix_etl_pipeline to 2026-09-08 00:00:00+00:00, run_after=2026-09-09 00:00:00+00:00
[2026-09-09T05:03:10.996+0000] {processor.py:183} INFO - Processing /opt/airflow/dags/netflix_dag.py took 0.243 seconds
[2026-09-09T05:03:41.116+0000] {processor.py:161} INFO - Started process (PID=610) to work on /opt/airflow/dags/netflix_dag.py
[2026-09-09T05:03:41.118+0000] {processor.py:830} INFO - Processing file /opt/airflow/dags/netflix_dag.py for tasks to queue
[2026-09-09T05:03:41.121+0000] {logging_mixin.py:188} INFO - [2026-09-09T05:03:41.120+0000] {dagbag.py:545} INFO - Filling up the DagBag from /opt/airflow/dags/netflix_dag.py
[2026-09-09T05:03:41.146+0000] {processor.py:840} INFO - DAG(s) 'netflix_etl_pipeline' retrieved from /opt/airflow/dags/netflix_dag.py
[2026-09-09T05:03:41.256+0000] {logging_mixin.py:188} INFO - [2026-09-09T05:03:41.256+0000] {dag.py:3089} INFO - Sync 1 DAGs
[2026-09-09T05:03:41.332+0000] {logging_mixin.py:188} INFO - [2026-09-09T05:03:41.332+0000] {dag.py:3947} INFO - Setting next_dagrun for netflix_etl_pipeline to 2026-09-08 00:00:00+00:00, run_after=2026-09-09 00:00:00+00:00
[2026-09-09T05:03:41.417+0000] {processor.py:183} INFO - Processing /opt/airflow/dags/netflix_dag.py took 0.309 seconds
[2026-09-09T05:04:11.702+0000] {processor.py:161} INFO - Started process (PID=621) to work on /opt/airflow/dags/netflix_dag.py
[2026-09-09T05:04:11.708+0000] {processor.py:830} INFO - Processing file /opt/airflow/dags/netflix_dag.py for tasks to queue
[2026-09-09T05:04:11.716+0000] {logging_mixin.py:188} INFO - [2026-09-09T05:04:11.715+0000] {dagbag.py:545} INFO - Filling up the DagBag from /opt/airflow/dags/netflix_dag.py
[2026-09-09T05:04:11.771+0000] {processor.py:840} INFO - DAG(s) 'netflix_etl_pipeline' retrieved from /opt/airflow/dags/netflix_dag.py
[2026-09-09T05:04:11.835+0000] {logging_mixin.py:188} INFO - [2026-09-09T05:04:11.835+0000] {dag.py:3089} INFO - Sync 1 DAGs
[2026-09-09T05:04:11.881+0000] {logging_mixin.py:188} INFO - [2026-09-09T05:04:11.881+0000] {dag.py:3947} INFO - Setting next_dagrun for netflix_etl_pipeline to 2026-09-08 00:00:00+00:00, run_after=2026-09-09 00:00:00+00:00
[2026-09-09T05:04:11.913+0000] {processor.py:183} INFO - Processing /opt/airflow/dags/netflix_dag.py took 0.233 seconds
[2026-09-09T05:04:42.146+0000] {processor.py:161} INFO - Started process (PID=632) to work on /opt/airflow/dags/netflix_dag.py
[2026-09-09T05:04:42.149+0000] {processor.py:830} INFO - Processing file /opt/airflow/dags/netflix_dag.py for tasks to queue
[2026-09-09T05:04:42.152+0000] {logging_mixin.py:188} INFO - [2026-09-09T05:04:42.152+0000] {dagbag.py:545} INFO - Filling up the DagBag from /opt/airflow/dags/netflix_dag.py
[2026-09-09T05:04:42.183+0000] {processor.py:840} INFO - DAG(s) 'netflix_etl_pipeline' retrieved from /opt/airflow/dags/netflix_dag.py
[2026-09-09T05:04:42.238+0000] {logging_mixin.py:188} INFO - [2026-09-09T05:04:42.237+0000] {dag.py:3089} INFO - Sync 1 DAGs
[2026-09-09T05:04:42.270+0000] {logging_mixin.py:188} INFO - [2026-09-09T05:04:42.270+0000] {dag.py:3947} INFO - Setting next_dagrun for netflix_etl_pipeline to 2026-09-08 00:00:00+00:00, run_after=2026-09-09 00:00:00+00:00
[2026-09-09T05:04:42.302+0000] {processor.py:183} INFO - Processing /opt/airflow/dags/netflix_dag.py took 0.166 seconds
[2026-09-09T05:05:12.379+0000] {processor.py:161} INFO - Started process (PID=643) to work on /opt/airflow/dags/netflix_dag.py
[2026-09-09T05:05:12.381+0000] {processor.py:830} INFO - Processing file /opt/airflow/dags/netflix_dag.py for tasks to queue
[2026-09-09T05:05:12.384+0000] {logging_mixin.py:188} INFO - [2026-09-09T05:05:12.384+0000] {dagbag.py:545} INFO - Filling up the DagBag from /opt/airflow/dags/netflix_dag.py
[2026-09-09T05:05:12.436+0000] {processor.py:840} INFO - DAG(s) 'netflix_etl_pipeline' retrieved from /opt/airflow/dags/netflix_dag.py
[2026-09-09T05:05:12.563+0000] {logging_mixin.py:188} INFO - [2026-09-09T05:05:12.563+0000] {dag.py:3089} INFO - Sync 1 DAGs
[2026-09-09T05:05:12.586+0000] {logging_mixin.py:188} INFO - [2026-09-09T05:05:12.586+0000] {dag.py:3947} INFO - Setting next_dagrun for netflix_etl_pipeline to 2026-09-08 00:00:00+00:00, run_after=2026-09-09 00:00:00+00:00
[2026-09-09T05:05:12.611+0000] {processor.py:183} INFO - Processing /opt/airflow/dags/netflix_dag.py took 0.240 seconds
[2026-09-09T05:05:42.725+0000] {processor.py:161} INFO - Started process (PID=654) to work on /opt/airflow/dags/netflix_dag.py
[2026-09-09T05:05:42.728+0000] {processor.py:830} INFO - Processing file /opt/airflow/dags/netflix_dag.py for tasks to queue
[2026-09-09T05:05:42.732+0000] {logging_mixin.py:188} INFO - [2026-09-09T05:05:42.731+0000] {dagbag.py:545} INFO - Filling up the DagBag from /opt/airflow/dags/netflix_dag.py
[2026-09-09T05:05:42.782+0000] {processor.py:840} INFO - DAG(s) 'netflix_etl_pipeline' retrieved from /opt/airflow/dags/netflix_dag.py
[2026-09-09T05:05:42.931+0000] {logging_mixin.py:188} INFO - [2026-09-09T05:05:42.931+0000] {dag.py:3089} INFO - Sync 1 DAGs
[2026-09-09T05:05:43.066+0000] {logging_mixin.py:188} INFO - [2026-09-09T05:05:43.065+0000] {dag.py:3947} INFO - Setting next_dagrun for netflix_etl_pipeline to 2026-09-08 00:00:00+00:00, run_after=2026-09-09 00:00:00+00:00
[2026-09-09T05:05:43.103+0000] {processor.py:183} INFO - Processing /opt/airflow/dags/netflix_dag.py took 0.392 seconds
[2026-09-09T05:06:13.347+0000] {processor.py:161} INFO - Started process (PID=665) to work on /opt/airflow/dags/netflix_dag.py
[2026-09-09T05:06:13.349+0000] {processor.py:830} INFO - Processing file /opt/airflow/dags/netflix_dag.py for tasks to queue
[2026-09-09T05:06:13.353+0000] {logging_mixin.py:188} INFO - [2026-09-09T05:06:13.353+0000] {dagbag.py:545} INFO - Filling up the DagBag from /opt/airflow/dags/netflix_dag.py
[2026-09-09T05:06:13.379+0000] {processor.py:840} INFO - DAG(s) 'netflix_etl_pipeline' retrieved from /opt/airflow/dags/netflix_dag.py
[2026-09-09T05:06:13.417+0000] {logging_mixin.py:188} INFO - [2026-09-09T05:06:13.417+0000] {dag.py:3089} INFO - Sync 1 DAGs
[2026-09-09T05:06:13.443+0000] {logging_mixin.py:188} INFO - [2026-09-09T05:06:13.443+0000] {dag.py:3947} INFO - Setting next_dagrun for netflix_etl_pipeline to 2026-09-08 00:00:00+00:00, run_after=2026-09-09 00:00:00+00:00
[2026-09-09T05:06:13.465+0000] {processor.py:183} INFO - Processing /opt/airflow/dags/netflix_dag.py took 0.125 seconds
[2026-09-09T05:06:44.174+0000] {processor.py:161} INFO - Started process (PID=676) to work on /opt/airflow/dags/netflix_dag.py
[2026-09-09T05:06:44.176+0000] {processor.py:830} INFO - Processing file /opt/airflow/dags/netflix_dag.py for tasks to queue
[2026-09-09T05:06:44.179+0000] {logging_mixin.py:188} INFO - [2026-09-09T05:06:44.179+0000] {dagbag.py:545} INFO - Filling up the DagBag from /opt/airflow/dags/netflix_dag.py
[2026-09-09T05:06:44.205+0000] {processor.py:840} INFO - DAG(s) 'netflix_etl_pipeline' retrieved from /opt/airflow/dags/netflix_dag.py
[2026-09-09T05:06:44.305+0000] {logging_mixin.py:188} INFO - [2026-09-09T05:06:44.305+0000] {dag.py:3089} INFO - Sync 1 DAGs
[2026-09-09T05:06:44.328+0000] {logging_mixin.py:188} INFO - [2026-09-09T05:06:44.328+0000] {dag.py:3947} INFO - Setting next_dagrun for netflix_etl_pipeline to 2026-09-08 00:00:00+00:00, run_after=2026-09-09 00:00:00+00:00
[2026-09-09T05:06:44.352+0000] {processor.py:183} INFO - Processing /opt/airflow/dags/netflix_dag.py took 0.185 seconds
[2026-09-09T05:07:14.425+0000] {processor.py:161} INFO - Started process (PID=687) to work on /opt/airflow/dags/netflix_dag.py
[2026-09-09T05:07:14.427+0000] {processor.py:830} INFO - Processing file /opt/airflow/dags/netflix_dag.py for tasks to queue
[2026-09-09T05:07:14.431+0000] {logging_mixin.py:188} INFO - [2026-09-09T05:07:14.431+0000] {dagbag.py:545} INFO - Filling up the DagBag from /opt/airflow/dags/netflix_dag.py
[2026-09-09T05:07:14.456+0000] {processor.py:840} INFO - DAG(s) 'netflix_etl_pipeline' retrieved from /opt/airflow/dags/netflix_dag.py
[2026-09-09T05:07:14.497+0000] {logging_mixin.py:188} INFO - [2026-09-09T05:07:14.497+0000] {dag.py:3089} INFO - Sync 1 DAGs
[2026-09-09T05:07:14.526+0000] {logging_mixin.py:188} INFO - [2026-09-09T05:07:14.525+0000] {dag.py:3947} INFO - Setting next_dagrun for netflix_etl_pipeline to 2026-09-08 00:00:00+00:00, run_after=2026-09-09 00:00:00+00:00
[2026-09-09T05:07:14.548+0000] {processor.py:183} INFO - Processing /opt/airflow/dags/netflix_dag.py took 0.144 seconds
[2026-09-09T05:07:44.738+0000] {processor.py:161} INFO - Started process (PID=698) to work on /opt/airflow/dags/netflix_dag.py
[2026-09-09T05:07:44.740+0000] {processor.py:830} INFO - Processing file /opt/airflow/dags/netflix_dag.py for tasks to queue
[2026-09-09T05:07:44.743+0000] {logging_mixin.py:188} INFO - [2026-09-09T05:07:44.742+0000] {dagbag.py:545} INFO - Filling up the DagBag from /opt/airflow/dags/netflix_dag.py
[2026-09-09T05:07:44.770+0000] {processor.py:840} INFO - DAG(s) 'netflix_etl_pipeline' retrieved from /opt/airflow/dags/netflix_dag.py
[2026-09-09T05:07:44.815+0000] {logging_mixin.py:188} INFO - [2026-09-09T05:07:44.814+0000] {dag.py:3089} INFO - Sync 1 DAGs
[2026-09-09T05:07:44.839+0000] {logging_mixin.py:188} INFO - [2026-09-09T05:07:44.839+0000] {dag.py:3947} INFO - Setting next_dagrun for netflix_etl_pipeline to 2026-09-08 00:00:00+00:00, run_after=2026-09-09 00:00:00+00:00
[2026-09-09T05:07:44.866+0000] {processor.py:183} INFO - Processing /opt/airflow/dags/netflix_dag.py took 0.135 seconds
[2026-09-09T05:08:14.941+0000] {processor.py:161} INFO - Started process (PID=709) to work on /opt/airflow/dags/netflix_dag.py
[2026-09-09T05:08:14.943+0000] {processor.py:830} INFO - Processing file /opt/airflow/dags/netflix_dag.py for tasks to queue
[2026-09-09T05:08:14.945+0000] {logging_mixin.py:188} INFO - [2026-09-09T05:08:14.944+0000] {dagbag.py:545} INFO - Filling up the DagBag from /opt/airflow/dags/netflix_dag.py
[2026-09-09T05:08:14.963+0000] {processor.py:840} INFO - DAG(s) 'netflix_etl_pipeline' retrieved from /opt/airflow/dags/netflix_dag.py
[2026-09-09T05:08:14.996+0000] {logging_mixin.py:188} INFO - [2026-09-09T05:08:14.996+0000] {dag.py:3089} INFO - Sync 1 DAGs
[2026-09-09T05:08:15.018+0000] {logging_mixin.py:188} INFO - [2026-09-09T05:08:15.018+0000] {dag.py:3947} INFO - Setting next_dagrun for netflix_etl_pipeline to 2026-09-08 00:00:00+00:00, run_after=2026-09-09 00:00:00+00:00
[2026-09-09T05:08:15.043+0000] {processor.py:183} INFO - Processing /opt/airflow/dags/netflix_dag.py took 0.108 seconds
[2026-09-09T05:08:45.261+0000] {processor.py:161} INFO - Started process (PID=720) to work on /opt/airflow/dags/netflix_dag.py
[2026-09-09T05:08:45.262+0000] {processor.py:830} INFO - Processing file /opt/airflow/dags/netflix_dag.py for tasks to queue
[2026-09-09T05:08:45.265+0000] {logging_mixin.py:188} INFO - [2026-09-09T05:08:45.265+0000] {dagbag.py:545} INFO - Filling up the DagBag from /opt/airflow/dags/netflix_dag.py
[2026-09-09T05:08:45.294+0000] {processor.py:840} INFO - DAG(s) 'netflix_etl_pipeline' retrieved from /opt/airflow/dags/netflix_dag.py
[2026-09-09T05:08:45.338+0000] {logging_mixin.py:188} INFO - [2026-09-09T05:08:45.338+0000] {dag.py:3089} INFO - Sync 1 DAGs
[2026-09-09T05:08:45.367+0000] {logging_mixin.py:188} INFO - [2026-09-09T05:08:45.367+0000] {dag.py:3947} INFO - Setting next_dagrun for netflix_etl_pipeline to 2026-09-08 00:00:00+00:00, run_after=2026-09-09 00:00:00+00:00
[2026-09-09T05:08:45.396+0000] {processor.py:183} INFO - Processing /opt/airflow/dags/netflix_dag.py took 0.141 seconds
[2026-09-09T05:09:15.467+0000] {processor.py:161} INFO - Started process (PID=731) to work on /opt/airflow/dags/netflix_dag.py
[2026-09-09T05:09:15.469+0000] {processor.py:830} INFO - Processing file /opt/airflow/dags/netflix_dag.py for tasks to queue
[2026-09-09T05:09:15.473+0000] {logging_mixin.py:188} INFO - [2026-09-09T05:09:15.472+0000] {dagbag.py:545} INFO - Filling up the DagBag from /opt/airflow/dags/netflix_dag.py
[2026-09-09T05:09:15.497+0000] {processor.py:840} INFO - DAG(s) 'netflix_etl_pipeline' retrieved from /opt/airflow/dags/netflix_dag.py
[2026-09-09T05:09:15.544+0000] {logging_mixin.py:188} INFO - [2026-09-09T05:09:15.544+0000] {dag.py:3089} INFO - Sync 1 DAGs
[2026-09-09T05:09:15.573+0000] {logging_mixin.py:188} INFO - [2026-09-09T05:09:15.573+0000] {dag.py:3947} INFO - Setting next_dagrun for netflix_etl_pipeline to 2026-09-08 00:00:00+00:00, run_after=2026-09-09 00:00:00+00:00
[2026-09-09T05:09:15.596+0000] {processor.py:183} INFO - Processing /opt/airflow/dags/netflix_dag.py took 0.135 seconds
[2026-09-09T05:09:45.778+0000] {processor.py:161} INFO - Started process (PID=742) to work on /opt/airflow/dags/netflix_dag.py
[2026-09-09T05:09:45.780+0000] {processor.py:830} INFO - Processing file /opt/airflow/dags/netflix_dag.py for tasks to queue
[2026-09-09T05:09:45.784+0000] {logging_mixin.py:188} INFO - [2026-09-09T05:09:45.783+0000] {dagbag.py:545} INFO - Filling up the DagBag from /opt/airflow/dags/netflix_dag.py
[2026-09-09T05:09:45.809+0000] {processor.py:840} INFO - DAG(s) 'netflix_etl_pipeline' retrieved from /opt/airflow/dags/netflix_dag.py
[2026-09-09T05:09:45.852+0000] {logging_mixin.py:188} INFO - [2026-09-09T05:09:45.852+0000] {dag.py:3089} INFO - Sync 1 DAGs
[2026-09-09T05:09:45.887+0000] {logging_mixin.py:188} INFO - [2026-09-09T05:09:45.887+0000] {dag.py:3947} INFO - Setting next_dagrun for netflix_etl_pipeline to 2026-09-08 00:00:00+00:00, run_after=2026-09-09 00:00:00+00:00
[2026-09-09T05:09:45.914+0000] {processor.py:183} INFO - Processing /opt/airflow/dags/netflix_dag.py took 0.143 seconds
[2026-09-09T05:10:16.027+0000] {processor.py:161} INFO - Started process (PID=753) to work on /opt/airflow/dags/netflix_dag.py
[2026-09-09T05:10:16.029+0000] {processor.py:830} INFO - Processing file /opt/airflow/dags/netflix_dag.py for tasks to queue
[2026-09-09T05:10:16.033+0000] {logging_mixin.py:188} INFO - [2026-09-09T05:10:16.032+0000] {dagbag.py:545} INFO - Filling up the DagBag from /opt/airflow/dags/netflix_dag.py
[2026-09-09T05:10:16.058+0000] {processor.py:840} INFO - DAG(s) 'netflix_etl_pipeline' retrieved from /opt/airflow/dags/netflix_dag.py
[2026-09-09T05:10:16.093+0000] {logging_mixin.py:188} INFO - [2026-09-09T05:10:16.093+0000] {dag.py:3089} INFO - Sync 1 DAGs
[2026-09-09T05:10:16.115+0000] {logging_mixin.py:188} INFO - [2026-09-09T05:10:16.115+0000] {dag.py:3947} INFO - Setting next_dagrun for netflix_etl_pipeline to 2026-09-08 00:00:00+00:00, run_after=2026-09-09 00:00:00+00:00
[2026-09-09T05:10:16.137+0000] {processor.py:183} INFO - Processing /opt/airflow/dags/netflix_dag.py took 0.117 seconds
[2026-09-09T05:10:46.313+0000] {processor.py:161} INFO - Started process (PID=764) to work on /opt/airflow/dags/netflix_dag.py
[2026-09-09T05:10:46.314+0000] {processor.py:830} INFO - Processing file /opt/airflow/dags/netflix_dag.py for tasks to queue
[2026-09-09T05:10:46.317+0000] {logging_mixin.py:188} INFO - [2026-09-09T05:10:46.317+0000] {dagbag.py:545} INFO - Filling up the DagBag from /opt/airflow/dags/netflix_dag.py
[2026-09-09T05:10:46.342+0000] {processor.py:840} INFO - DAG(s) 'netflix_etl_pipeline' retrieved from /opt/airflow/dags/netflix_dag.py
[2026-09-09T05:10:46.374+0000] {logging_mixin.py:188} INFO - [2026-09-09T05:10:46.374+0000] {dag.py:3089} INFO - Sync 1 DAGs
[2026-09-09T05:10:46.395+0000] {logging_mixin.py:188} INFO - [2026-09-09T05:10:46.395+0000] {dag.py:3947} INFO - Setting next_dagrun for netflix_etl_pipeline to 2026-09-08 00:00:00+00:00, run_after=2026-09-09 00:00:00+00:00
[2026-09-09T05:10:46.417+0000] {processor.py:183} INFO - Processing /opt/airflow/dags/netflix_dag.py took 0.110 seconds
[2026-09-09T05:11:16.517+0000] {processor.py:161} INFO - Started process (PID=775) to work on /opt/airflow/dags/netflix_dag.py
[2026-09-09T05:11:16.519+0000] {processor.py:830} INFO - Processing file /opt/airflow/dags/netflix_dag.py for tasks to queue
[2026-09-09T05:11:16.522+0000] {logging_mixin.py:188} INFO - [2026-09-09T05:11:16.521+0000] {dagbag.py:545} INFO - Filling up the DagBag from /opt/airflow/dags/netflix_dag.py
[2026-09-09T05:11:16.545+0000] {processor.py:840} INFO - DAG(s) 'netflix_etl_pipeline' retrieved from /opt/airflow/dags/netflix_dag.py
[2026-09-09T05:11:16.583+0000] {logging_mixin.py:188} INFO - [2026-09-09T05:11:16.582+0000] {dag.py:3089} INFO - Sync 1 DAGs
[2026-09-09T05:11:16.608+0000] {logging_mixin.py:188} INFO - [2026-09-09T05:11:16.608+0000] {dag.py:3947} INFO - Setting next_dagrun for netflix_etl_pipeline to 2026-09-08 00:00:00+00:00, run_after=2026-09-09 00:00:00+00:00
[2026-09-09T05:11:16.631+0000] {processor.py:183} INFO - Processing /opt/airflow/dags/netflix_dag.py took 0.121 seconds
[2026-09-09T05:11:46.795+0000] {processor.py:161} INFO - Started process (PID=786) to work on /opt/airflow/dags/netflix_dag.py
[2026-09-09T05:11:46.797+0000] {processor.py:830} INFO - Processing file /opt/airflow/dags/netflix_dag.py for tasks to queue
[2026-09-09T05:11:46.801+0000] {logging_mixin.py:188} INFO - [2026-09-09T05:11:46.800+0000] {dagbag.py:545} INFO - Filling up the DagBag from /opt/airflow/dags/netflix_dag.py
[2026-09-09T05:11:46.826+0000] {processor.py:840} INFO - DAG(s) 'netflix_etl_pipeline' retrieved from /opt/airflow/dags/netflix_dag.py
[2026-09-09T05:11:46.861+0000] {logging_mixin.py:188} INFO - [2026-09-09T05:11:46.861+0000] {dag.py:3089} INFO - Sync 1 DAGs
[2026-09-09T05:11:46.885+0000] {logging_mixin.py:188} INFO - [2026-09-09T05:11:46.885+0000] {dag.py:3947} INFO - Setting next_dagrun for netflix_etl_pipeline to 2026-09-08 00:00:00+00:00, run_after=2026-09-09 00:00:00+00:00
[2026-09-09T05:11:46.907+0000] {processor.py:183} INFO - Processing /opt/airflow/dags/netflix_dag.py took 0.121 seconds
[2026-09-09T05:12:17.009+0000] {processor.py:161} INFO - Started process (PID=797) to work on /opt/airflow/dags/netflix_dag.py
[2026-09-09T05:12:17.011+0000] {processor.py:830} INFO - Processing file /opt/airflow/dags/netflix_dag.py for tasks to queue
[2026-09-09T05:12:17.015+0000] {logging_mixin.py:188} INFO - [2026-09-09T05:12:17.014+0000] {dagbag.py:545} INFO - Filling up the DagBag from /opt/airflow/dags/netflix_dag.py
[2026-09-09T05:12:17.040+0000] {processor.py:840} INFO - DAG(s) 'netflix_etl_pipeline' retrieved from /opt/airflow/dags/netflix_dag.py
[2026-09-09T05:12:17.076+0000] {logging_mixin.py:188} INFO - [2026-09-09T05:12:17.076+0000] {dag.py:3089} INFO - Sync 1 DAGs
[2026-09-09T05:12:17.098+0000] {logging_mixin.py:188} INFO - [2026-09-09T05:12:17.098+0000] {dag.py:3947} INFO - Setting next_dagrun for netflix_etl_pipeline to 2026-09-08 00:00:00+00:00, run_after=2026-09-09 00:00:00+00:00
[2026-09-09T05:12:17.119+0000] {processor.py:183} INFO - Processing /opt/airflow/dags/netflix_dag.py took 0.116 seconds
[2026-09-09T05:12:47.291+0000] {processor.py:161} INFO - Started process (PID=808) to work on /opt/airflow/dags/netflix_dag.py
[2026-09-09T05:12:47.293+0000] {processor.py:830} INFO - Processing file /opt/airflow/dags/netflix_dag.py for tasks to queue
[2026-09-09T05:12:47.296+0000] {logging_mixin.py:188} INFO - [2026-09-09T05:12:47.295+0000] {dagbag.py:545} INFO - Filling up the DagBag from /opt/airflow/dags/netflix_dag.py
[2026-09-09T05:12:47.321+0000] {processor.py:840} INFO - DAG(s) 'netflix_etl_pipeline' retrieved from /opt/airflow/dags/netflix_dag.py
[2026-09-09T05:12:47.359+0000] {logging_mixin.py:188} INFO - [2026-09-09T05:12:47.358+0000] {dag.py:3089} INFO - Sync 1 DAGs
[2026-09-09T05:12:47.379+0000] {logging_mixin.py:188} INFO - [2026-09-09T05:12:47.379+0000] {dag.py:3947} INFO - Setting next_dagrun for netflix_etl_pipeline to 2026-09-08 00:00:00+00:00, run_after=2026-09-09 00:00:00+00:00
[2026-09-09T05:12:47.401+0000] {processor.py:183} INFO - Processing /opt/airflow/dags/netflix_dag.py took 0.116 seconds
[2026-09-09T05:13:17.534+0000] {processor.py:161} INFO - Started process (PID=819) to work on /opt/airflow/dags/netflix_dag.py
[2026-09-09T05:13:17.536+0000] {processor.py:830} INFO - Processing file /opt/airflow/dags/netflix_dag.py for tasks to queue
[2026-09-09T05:13:17.538+0000] {logging_mixin.py:188} INFO - [2026-09-09T05:13:17.538+0000] {dagbag.py:545} INFO - Filling up the DagBag from /opt/airflow/dags/netflix_dag.py
[2026-09-09T05:13:17.567+0000] {processor.py:840} INFO - DAG(s) 'netflix_etl_pipeline' retrieved from /opt/airflow/dags/netflix_dag.py
[2026-09-09T05:13:17.604+0000] {logging_mixin.py:188} INFO - [2026-09-09T05:13:17.603+0000] {dag.py:3089} INFO - Sync 1 DAGs
[2026-09-09T05:13:17.627+0000] {logging_mixin.py:188} INFO - [2026-09-09T05:13:17.627+0000] {dag.py:3947} INFO - Setting next_dagrun for netflix_etl_pipeline to 2026-09-08 00:00:00+00:00, run_after=2026-09-09 00:00:00+00:00
[2026-09-09T05:13:17.652+0000] {processor.py:183} INFO - Processing /opt/airflow/dags/netflix_dag.py took 0.124 seconds
[2026-09-09T05:13:47.803+0000] {processor.py:161} INFO - Started process (PID=830) to work on /opt/airflow/dags/netflix_dag.py
[2026-09-09T05:13:47.805+0000] {processor.py:830} INFO - Processing file /opt/airflow/dags/netflix_dag.py for tasks to queue
[2026-09-09T05:13:47.809+0000] {logging_mixin.py:188} INFO - [2026-09-09T05:13:47.808+0000] {dagbag.py:545} INFO - Filling up the DagBag from /opt/airflow/dags/netflix_dag.py
[2026-09-09T05:13:47.835+0000] {processor.py:840} INFO - DAG(s) 'netflix_etl_pipeline' retrieved from /opt/airflow/dags/netflix_dag.py
[2026-09-09T05:13:47.871+0000] {logging_mixin.py:188} INFO - [2026-09-09T05:13:47.871+0000] {dag.py:3089} INFO - Sync 1 DAGs
[2026-09-09T05:13:47.892+0000] {logging_mixin.py:188} INFO - [2026-09-09T05:13:47.892+0000] {dag.py:3947} INFO - Setting next_dagrun for netflix_etl_pipeline to 2026-09-08 00:00:00+00:00, run_after=2026-09-09 00:00:00+00:00
[2026-09-09T05:13:47.914+0000] {processor.py:183} INFO - Processing /opt/airflow/dags/netflix_dag.py took 0.118 seconds
[2026-09-09T05:14:18.042+0000] {processor.py:161} INFO - Started process (PID=841) to work on /opt/airflow/dags/netflix_dag.py
[2026-09-09T05:14:18.043+0000] {processor.py:830} INFO - Processing file /opt/airflow/dags/netflix_dag.py for tasks to queue
[2026-09-09T05:14:18.046+0000] {logging_mixin.py:188} INFO - [2026-09-09T05:14:18.046+0000] {dagbag.py:545} INFO - Filling up the DagBag from /opt/airflow/dags/netflix_dag.py
[2026-09-09T05:14:18.068+0000] {processor.py:840} INFO - DAG(s) 'netflix_etl_pipeline' retrieved from /opt/airflow/dags/netflix_dag.py
[2026-09-09T05:14:18.108+0000] {logging_mixin.py:188} INFO - [2026-09-09T05:14:18.107+0000] {dag.py:3089} INFO - Sync 1 DAGs
[2026-09-09T05:14:18.131+0000] {logging_mixin.py:188} INFO - [2026-09-09T05:14:18.131+0000] {dag.py:3947} INFO - Setting next_dagrun for netflix_etl_pipeline to 2026-09-08 00:00:00+00:00, run_after=2026-09-09 00:00:00+00:00
[2026-09-09T05:14:18.154+0000] {processor.py:183} INFO - Processing /opt/airflow/dags/netflix_dag.py took 0.118 seconds
[2026-09-09T05:14:48.324+0000] {processor.py:161} INFO - Started process (PID=852) to work on /opt/airflow/dags/netflix_dag.py
[2026-09-09T05:14:48.326+0000] {processor.py:830} INFO - Processing file /opt/airflow/dags/netflix_dag.py for tasks to queue
[2026-09-09T05:14:48.329+0000] {logging_mixin.py:188} INFO - [2026-09-09T05:14:48.328+0000] {dagbag.py:545} INFO - Filling up the DagBag from /opt/airflow/dags/netflix_dag.py
[2026-09-09T05:14:48.377+0000] {processor.py:840} INFO - DAG(s) 'netflix_etl_pipeline' retrieved from /opt/airflow/dags/netflix_dag.py
[2026-09-09T05:14:48.619+0000] {logging_mixin.py:188} INFO - [2026-09-09T05:14:48.618+0000] {dag.py:3089} INFO - Sync 1 DAGs
[2026-09-09T05:14:48.874+0000] {logging_mixin.py:188} INFO - [2026-09-09T05:14:48.873+0000] {dag.py:3947} INFO - Setting next_dagrun for netflix_etl_pipeline to 2026-09-08 00:00:00+00:00, run_after=2026-09-09 00:00:00+00:00
[2026-09-09T05:14:49.177+0000] {processor.py:183} INFO - Processing /opt/airflow/dags/netflix_dag.py took 0.860 seconds
[2026-09-09T05:15:19.503+0000] {processor.py:161} INFO - Started process (PID=863) to work on /opt/airflow/dags/netflix_dag.py
[2026-09-09T05:15:19.505+0000] {processor.py:830} INFO - Processing file /opt/airflow/dags/netflix_dag.py for tasks to queue
[2026-09-09T05:15:19.509+0000] {logging_mixin.py:188} INFO - [2026-09-09T05:15:19.509+0000] {dagbag.py:545} INFO - Filling up the DagBag from /opt/airflow/dags/netflix_dag.py
[2026-09-09T05:15:19.541+0000] {processor.py:840} INFO - DAG(s) 'netflix_etl_pipeline' retrieved from /opt/airflow/dags/netflix_dag.py
[2026-09-09T05:15:19.858+0000] {logging_mixin.py:188} INFO - [2026-09-09T05:15:19.858+0000] {dag.py:3089} INFO - Sync 1 DAGs
[2026-09-09T05:15:19.893+0000] {logging_mixin.py:188} INFO - [2026-09-09T05:15:19.893+0000] {dag.py:3947} INFO - Setting next_dagrun for netflix_etl_pipeline to 2026-09-08 00:00:00+00:00, run_after=2026-09-09 00:00:00+00:00
[2026-09-09T05:15:19.932+0000] {processor.py:183} INFO - Processing /opt/airflow/dags/netflix_dag.py took 0.456 seconds
[2026-09-09T05:15:50.045+0000] {processor.py:161} INFO - Started process (PID=874) to work on /opt/airflow/dags/netflix_dag.py
[2026-09-09T05:15:50.049+0000] {processor.py:830} INFO - Processing file /opt/airflow/dags/netflix_dag.py for tasks to queue
[2026-09-09T05:15:50.058+0000] {logging_mixin.py:188} INFO - [2026-09-09T05:15:50.056+0000] {dagbag.py:545} INFO - Filling up the DagBag from /opt/airflow/dags/netflix_dag.py
[2026-09-09T05:15:50.101+0000] {processor.py:840} INFO - DAG(s) 'netflix_etl_pipeline' retrieved from /opt/airflow/dags/netflix_dag.py
[2026-09-09T05:15:50.165+0000] {logging_mixin.py:188} INFO - [2026-09-09T05:15:50.164+0000] {dag.py:3089} INFO - Sync 1 DAGs
[2026-09-09T05:15:50.205+0000] {logging_mixin.py:188} INFO - [2026-09-09T05:15:50.205+0000] {dag.py:3947} INFO - Setting next_dagrun for netflix_etl_pipeline to 2026-09-08 00:00:00+00:00, run_after=2026-09-09 00:00:00+00:00
[2026-09-09T05:15:50.238+0000] {processor.py:183} INFO - Processing /opt/airflow/dags/netflix_dag.py took 0.218 seconds
[2026-09-09T05:16:20.476+0000] {processor.py:161} INFO - Started process (PID=885) to work on /opt/airflow/dags/netflix_dag.py
[2026-09-09T05:16:20.478+0000] {processor.py:830} INFO - Processing file /opt/airflow/dags/netflix_dag.py for tasks to queue
[2026-09-09T05:16:20.480+0000] {logging_mixin.py:188} INFO - [2026-09-09T05:16:20.480+0000] {dagbag.py:545} INFO - Filling up the DagBag from /opt/airflow/dags/netflix_dag.py
[2026-09-09T05:16:20.504+0000] {processor.py:840} INFO - DAG(s) 'netflix_etl_pipeline' retrieved from /opt/airflow/dags/netflix_dag.py
[2026-09-09T05:16:20.587+0000] {logging_mixin.py:188} INFO - [2026-09-09T05:16:20.586+0000] {dag.py:3089} INFO - Sync 1 DAGs
[2026-09-09T05:16:20.626+0000] {logging_mixin.py:188} INFO - [2026-09-09T05:16:20.625+0000] {dag.py:3947} INFO - Setting next_dagrun for netflix_etl_pipeline to 2026-09-08 00:00:00+00:00, run_after=2026-09-09 00:00:00+00:00
[2026-09-09T05:16:20.681+0000] {processor.py:183} INFO - Processing /opt/airflow/dags/netflix_dag.py took 0.211 seconds
[2026-09-09T05:16:50.889+0000] {processor.py:161} INFO - Started process (PID=896) to work on /opt/airflow/dags/netflix_dag.py
[2026-09-09T05:16:50.892+0000] {processor.py:830} INFO - Processing file /opt/airflow/dags/netflix_dag.py for tasks to queue
[2026-09-09T05:16:50.895+0000] {logging_mixin.py:188} INFO - [2026-09-09T05:16:50.895+0000] {dagbag.py:545} INFO - Filling up the DagBag from /opt/airflow/dags/netflix_dag.py
[2026-09-09T05:16:50.921+0000] {processor.py:840} INFO - DAG(s) 'netflix_etl_pipeline' retrieved from /opt/airflow/dags/netflix_dag.py
[2026-09-09T05:16:50.963+0000] {logging_mixin.py:188} INFO - [2026-09-09T05:16:50.963+0000] {dag.py:3089} INFO - Sync 1 DAGs
[2026-09-09T05:16:50.999+0000] {logging_mixin.py:188} INFO - [2026-09-09T05:16:50.999+0000] {dag.py:3947} INFO - Setting next_dagrun for netflix_etl_pipeline to 2026-09-08 00:00:00+00:00, run_after=2026-09-09 00:00:00+00:00
[2026-09-09T05:16:51.040+0000] {processor.py:183} INFO - Processing /opt/airflow/dags/netflix_dag.py took 0.157 seconds
[2026-09-09T05:17:21.140+0000] {processor.py:161} INFO - Started process (PID=907) to work on /opt/airflow/dags/netflix_dag.py
[2026-09-09T05:17:21.143+0000] {processor.py:830} INFO - Processing file /opt/airflow/dags/netflix_dag.py for tasks to queue
[2026-09-09T05:17:21.146+0000] {logging_mixin.py:188} INFO - [2026-09-09T05:17:21.145+0000] {dagbag.py:545} INFO - Filling up the DagBag from /opt/airflow/dags/netflix_dag.py
[2026-09-09T05:17:21.178+0000] {processor.py:840} INFO - DAG(s) 'netflix_etl_pipeline' retrieved from /opt/airflow/dags/netflix_dag.py
[2026-09-09T05:17:21.227+0000] {logging_mixin.py:188} INFO - [2026-09-09T05:17:21.227+0000] {dag.py:3089} INFO - Sync 1 DAGs
[2026-09-09T05:17:21.261+0000] {logging_mixin.py:188} INFO - [2026-09-09T05:17:21.261+0000] {dag.py:3947} INFO - Setting next_dagrun for netflix_etl_pipeline to 2026-09-08 00:00:00+00:00, run_after=2026-09-09 00:00:00+00:00
[2026-09-09T05:17:21.295+0000] {processor.py:183} INFO - Processing /opt/airflow/dags/netflix_dag.py took 0.164 seconds
[2026-09-09T05:17:51.581+0000] {processor.py:161} INFO - Started process (PID=918) to work on /opt/airflow/dags/netflix_dag.py
[2026-09-09T05:17:51.583+0000] {processor.py:830} INFO - Processing file /opt/airflow/dags/netflix_dag.py for tasks to queue
[2026-09-09T05:17:51.588+0000] {logging_mixin.py:188} INFO - [2026-09-09T05:17:51.587+0000] {dagbag.py:545} INFO - Filling up the DagBag from /opt/airflow/dags/netflix_dag.py
[2026-09-09T05:17:51.617+0000] {processor.py:840} INFO - DAG(s) 'netflix_etl_pipeline' retrieved from /opt/airflow/dags/netflix_dag.py
[2026-09-09T05:17:51.667+0000] {logging_mixin.py:188} INFO - [2026-09-09T05:17:51.667+0000] {dag.py:3089} INFO - Sync 1 DAGs
[2026-09-09T05:17:51.729+0000] {logging_mixin.py:188} INFO - [2026-09-09T05:17:51.728+0000] {dag.py:3947} INFO - Setting next_dagrun for netflix_etl_pipeline to 2026-09-08 00:00:00+00:00, run_after=2026-09-09 00:00:00+00:00
[2026-09-09T05:17:51.770+0000] {processor.py:183} INFO - Processing /opt/airflow/dags/netflix_dag.py took 0.198 seconds
[2026-09-09T05:18:22.151+0000] {processor.py:161} INFO - Started process (PID=930) to work on /opt/airflow/dags/netflix_dag.py
[2026-09-09T05:18:22.199+0000] {processor.py:830} INFO - Processing file /opt/airflow/dags/netflix_dag.py for tasks to queue
[2026-09-09T05:18:22.238+0000] {logging_mixin.py:188} INFO - [2026-09-09T05:18:22.237+0000] {dagbag.py:545} INFO - Filling up the DagBag from /opt/airflow/dags/netflix_dag.py
[2026-09-09T05:18:22.307+0000] {processor.py:840} INFO - DAG(s) 'netflix_etl_pipeline' retrieved from /opt/airflow/dags/netflix_dag.py
[2026-09-09T05:18:22.376+0000] {logging_mixin.py:188} INFO - [2026-09-09T05:18:22.375+0000] {dag.py:3089} INFO - Sync 1 DAGs
[2026-09-09T05:18:22.411+0000] {logging_mixin.py:188} INFO - [2026-09-09T05:18:22.411+0000] {dag.py:3947} INFO - Setting next_dagrun for netflix_etl_pipeline to 2026-09-08 00:00:00+00:00, run_after=2026-09-09 00:00:00+00:00
[2026-09-09T05:18:22.443+0000] {processor.py:183} INFO - Processing /opt/airflow/dags/netflix_dag.py took 0.308 seconds
[2026-09-09T05:18:52.665+0000] {processor.py:161} INFO - Started process (PID=941) to work on /opt/airflow/dags/netflix_dag.py
[2026-09-09T05:18:52.667+0000] {processor.py:830} INFO - Processing file /opt/airflow/dags/netflix_dag.py for tasks to queue
[2026-09-09T05:18:52.669+0000] {logging_mixin.py:188} INFO - [2026-09-09T05:18:52.669+0000] {dagbag.py:545} INFO - Filling up the DagBag from /opt/airflow/dags/netflix_dag.py
[2026-09-09T05:18:52.698+0000] {processor.py:840} INFO - DAG(s) 'netflix_etl_pipeline' retrieved from /opt/airflow/dags/netflix_dag.py
[2026-09-09T05:18:52.736+0000] {logging_mixin.py:188} INFO - [2026-09-09T05:18:52.736+0000] {dag.py:3089} INFO - Sync 1 DAGs
[2026-09-09T05:18:52.759+0000] {logging_mixin.py:188} INFO - [2026-09-09T05:18:52.758+0000] {dag.py:3947} INFO - Setting next_dagrun for netflix_etl_pipeline to 2026-09-08 00:00:00+00:00, run_after=2026-09-09 00:00:00+00:00
[2026-09-09T05:18:52.783+0000] {processor.py:183} INFO - Processing /opt/airflow/dags/netflix_dag.py took 0.125 seconds
[2026-09-09T05:19:22.860+0000] {processor.py:161} INFO - Started process (PID=953) to work on /opt/airflow/dags/netflix_dag.py
[2026-09-09T05:19:22.862+0000] {processor.py:830} INFO - Processing file /opt/airflow/dags/netflix_dag.py for tasks to queue
[2026-09-09T05:19:22.865+0000] {logging_mixin.py:188} INFO - [2026-09-09T05:19:22.865+0000] {dagbag.py:545} INFO - Filling up the DagBag from /opt/airflow/dags/netflix_dag.py
[2026-09-09T05:19:22.902+0000] {processor.py:840} INFO - DAG(s) 'netflix_etl_pipeline' retrieved from /opt/airflow/dags/netflix_dag.py
[2026-09-09T05:19:22.963+0000] {logging_mixin.py:188} INFO - [2026-09-09T05:19:22.963+0000] {dag.py:3089} INFO - Sync 1 DAGs
[2026-09-09T05:19:22.988+0000] {logging_mixin.py:188} INFO - [2026-09-09T05:19:22.988+0000] {dag.py:3947} INFO - Setting next_dagrun for netflix_etl_pipeline to 2026-09-08 00:00:00+00:00, run_after=2026-09-09 00:00:00+00:00
[2026-09-09T05:19:23.013+0000] {processor.py:183} INFO - Processing /opt/airflow/dags/netflix_dag.py took 0.162 seconds
[2026-09-09T05:19:53.185+0000] {processor.py:161} INFO - Started process (PID=964) to work on /opt/airflow/dags/netflix_dag.py
[2026-09-09T05:19:53.186+0000] {processor.py:830} INFO - Processing file /opt/airflow/dags/netflix_dag.py for tasks to queue
[2026-09-09T05:19:53.189+0000] {logging_mixin.py:188} INFO - [2026-09-09T05:19:53.188+0000] {dagbag.py:545} INFO - Filling up the DagBag from /opt/airflow/dags/netflix_dag.py
[2026-09-09T05:19:53.214+0000] {processor.py:840} INFO - DAG(s) 'netflix_etl_pipeline' retrieved from /opt/airflow/dags/netflix_dag.py
[2026-09-09T05:19:53.250+0000] {logging_mixin.py:188} INFO - [2026-09-09T05:19:53.250+0000] {dag.py:3089} INFO - Sync 1 DAGs
[2026-09-09T05:19:53.275+0000] {logging_mixin.py:188} INFO - [2026-09-09T05:19:53.275+0000] {dag.py:3947} INFO - Setting next_dagrun for netflix_etl_pipeline to 2026-09-08 00:00:00+00:00, run_after=2026-09-09 00:00:00+00:00
[2026-09-09T05:19:53.298+0000] {processor.py:183} INFO - Processing /opt/airflow/dags/netflix_dag.py took 0.120 seconds
[2026-09-09T05:20:23.474+0000] {processor.py:161} INFO - Started process (PID=975) to work on /opt/airflow/dags/netflix_dag.py
[2026-09-09T05:20:23.476+0000] {processor.py:830} INFO - Processing file /opt/airflow/dags/netflix_dag.py for tasks to queue
[2026-09-09T05:20:23.479+0000] {logging_mixin.py:188} INFO - [2026-09-09T05:20:23.478+0000] {dagbag.py:545} INFO - Filling up the DagBag from /opt/airflow/dags/netflix_dag.py
[2026-09-09T05:20:23.526+0000] {processor.py:840} INFO - DAG(s) 'netflix_etl_pipeline' retrieved from /opt/airflow/dags/netflix_dag.py
[2026-09-09T05:20:23.621+0000] {logging_mixin.py:188} INFO - [2026-09-09T05:20:23.621+0000] {dag.py:3089} INFO - Sync 1 DAGs
[2026-09-09T05:20:23.643+0000] {logging_mixin.py:188} INFO - [2026-09-09T05:20:23.643+0000] {dag.py:3947} INFO - Setting next_dagrun for netflix_etl_pipeline to 2026-09-08 00:00:00+00:00, run_after=2026-09-09 00:00:00+00:00
[2026-09-09T05:20:23.666+0000] {processor.py:183} INFO - Processing /opt/airflow/dags/netflix_dag.py took 0.198 seconds
[2026-09-09T05:20:53.738+0000] {processor.py:161} INFO - Started process (PID=986) to work on /opt/airflow/dags/netflix_dag.py
[2026-09-09T05:20:53.740+0000] {processor.py:830} INFO - Processing file /opt/airflow/dags/netflix_dag.py for tasks to queue
[2026-09-09T05:20:53.742+0000] {logging_mixin.py:188} INFO - [2026-09-09T05:20:53.742+0000] {dagbag.py:545} INFO - Filling up the DagBag from /opt/airflow/dags/netflix_dag.py
[2026-09-09T05:20:53.768+0000] {processor.py:840} INFO - DAG(s) 'netflix_etl_pipeline' retrieved from /opt/airflow/dags/netflix_dag.py
[2026-09-09T05:20:53.806+0000] {logging_mixin.py:188} INFO - [2026-09-09T05:20:53.806+0000] {dag.py:3089} INFO - Sync 1 DAGs
[2026-09-09T05:20:53.828+0000] {logging_mixin.py:188} INFO - [2026-09-09T05:20:53.828+0000] {dag.py:3947} INFO - Setting next_dagrun for netflix_etl_pipeline to 2026-09-08 00:00:00+00:00, run_after=2026-09-09 00:00:00+00:00
[2026-09-09T05:20:53.851+0000] {processor.py:183} INFO - Processing /opt/airflow/dags/netflix_dag.py took 0.120 seconds
[2026-09-09T05:21:24.060+0000] {processor.py:161} INFO - Started process (PID=997) to work on /opt/airflow/dags/netflix_dag.py
[2026-09-09T05:21:24.062+0000] {processor.py:830} INFO - Processing file /opt/airflow/dags/netflix_dag.py for tasks to queue
[2026-09-09T05:21:24.065+0000] {logging_mixin.py:188} INFO - [2026-09-09T05:21:24.065+0000] {dagbag.py:545} INFO - Filling up the DagBag from /opt/airflow/dags/netflix_dag.py
[2026-09-09T05:21:24.089+0000] {processor.py:840} INFO - DAG(s) 'netflix_etl_pipeline' retrieved from /opt/airflow/dags/netflix_dag.py
[2026-09-09T05:21:24.125+0000] {logging_mixin.py:188} INFO - [2026-09-09T05:21:24.124+0000] {dag.py:3089} INFO - Sync 1 DAGs
[2026-09-09T05:21:24.146+0000] {logging_mixin.py:188} INFO - [2026-09-09T05:21:24.146+0000] {dag.py:3947} INFO - Setting next_dagrun for netflix_etl_pipeline to 2026-09-08 00:00:00+00:00, run_after=2026-09-09 00:00:00+00:00
[2026-09-09T05:21:24.168+0000] {processor.py:183} INFO - Processing /opt/airflow/dags/netflix_dag.py took 0.115 seconds
[2026-09-09T05:21:54.262+0000] {processor.py:161} INFO - Started process (PID=1008) to work on /opt/airflow/dags/netflix_dag.py
[2026-09-09T05:21:54.264+0000] {processor.py:830} INFO - Processing file /opt/airflow/dags/netflix_dag.py for tasks to queue
[2026-09-09T05:21:54.268+0000] {logging_mixin.py:188} INFO - [2026-09-09T05:21:54.267+0000] {dagbag.py:545} INFO - Filling up the DagBag from /opt/airflow/dags/netflix_dag.py
[2026-09-09T05:21:54.291+0000] {processor.py:840} INFO - DAG(s) 'netflix_etl_pipeline' retrieved from /opt/airflow/dags/netflix_dag.py
[2026-09-09T05:21:54.327+0000] {logging_mixin.py:188} INFO - [2026-09-09T05:21:54.327+0000] {dag.py:3089} INFO - Sync 1 DAGs
[2026-09-09T05:21:54.350+0000] {logging_mixin.py:188} INFO - [2026-09-09T05:21:54.350+0000] {dag.py:3947} INFO - Setting next_dagrun for netflix_etl_pipeline to 2026-09-08 00:00:00+00:00, run_after=2026-09-09 00:00:00+00:00
[2026-09-09T05:21:54.371+0000] {processor.py:183} INFO - Processing /opt/airflow/dags/netflix_dag.py took 0.117 seconds
[2026-09-09T05:22:24.561+0000] {processor.py:161} INFO - Started process (PID=1019) to work on /opt/airflow/dags/netflix_dag.py
[2026-09-09T05:22:24.563+0000] {processor.py:830} INFO - Processing file /opt/airflow/dags/netflix_dag.py for tasks to queue
[2026-09-09T05:22:24.565+0000] {logging_mixin.py:188} INFO - [2026-09-09T05:22:24.565+0000] {dagbag.py:545} INFO - Filling up the DagBag from /opt/airflow/dags/netflix_dag.py
[2026-09-09T05:22:24.591+0000] {processor.py:840} INFO - DAG(s) 'netflix_etl_pipeline' retrieved from /opt/airflow/dags/netflix_dag.py
[2026-09-09T05:22:24.625+0000] {logging_mixin.py:188} INFO - [2026-09-09T05:22:24.625+0000] {dag.py:3089} INFO - Sync 1 DAGs
[2026-09-09T05:22:24.647+0000] {logging_mixin.py:188} INFO - [2026-09-09T05:22:24.646+0000] {dag.py:3947} INFO - Setting next_dagrun for netflix_etl_pipeline to 2026-09-08 00:00:00+00:00, run_after=2026-09-09 00:00:00+00:00
[2026-09-09T05:22:24.669+0000] {processor.py:183} INFO - Processing /opt/airflow/dags/netflix_dag.py took 0.115 seconds
[2026-09-09T05:22:54.758+0000] {processor.py:161} INFO - Started process (PID=1030) to work on /opt/airflow/dags/netflix_dag.py
[2026-09-09T05:22:54.760+0000] {processor.py:830} INFO - Processing file /opt/airflow/dags/netflix_dag.py for tasks to queue
[2026-09-09T05:22:54.763+0000] {logging_mixin.py:188} INFO - [2026-09-09T05:22:54.762+0000] {dagbag.py:545} INFO - Filling up the DagBag from /opt/airflow/dags/netflix_dag.py
[2026-09-09T05:22:54.787+0000] {processor.py:840} INFO - DAG(s) 'netflix_etl_pipeline' retrieved from /opt/airflow/dags/netflix_dag.py
[2026-09-09T05:22:54.830+0000] {logging_mixin.py:188} INFO - [2026-09-09T05:22:54.830+0000] {dag.py:3089} INFO - Sync 1 DAGs
[2026-09-09T05:22:54.853+0000] {logging_mixin.py:188} INFO - [2026-09-09T05:22:54.853+0000] {dag.py:3947} INFO - Setting next_dagrun for netflix_etl_pipeline to 2026-09-08 00:00:00+00:00, run_after=2026-09-09 00:00:00+00:00
[2026-09-09T05:22:54.874+0000] {processor.py:183} INFO - Processing /opt/airflow/dags/netflix_dag.py took 0.123 seconds
[2026-09-09T05:23:25.084+0000] {processor.py:161} INFO - Started process (PID=1041) to work on /opt/airflow/dags/netflix_dag.py
[2026-09-09T05:23:25.088+0000] {processor.py:830} INFO - Processing file /opt/airflow/dags/netflix_dag.py for tasks to queue
[2026-09-09T05:23:25.095+0000] {logging_mixin.py:188} INFO - [2026-09-09T05:23:25.093+0000] {dagbag.py:545} INFO - Filling up the DagBag from /opt/airflow/dags/netflix_dag.py
[2026-09-09T05:23:25.145+0000] {processor.py:840} INFO - DAG(s) 'netflix_etl_pipeline' retrieved from /opt/airflow/dags/netflix_dag.py
[2026-09-09T05:23:25.221+0000] {logging_mixin.py:188} INFO - [2026-09-09T05:23:25.220+0000] {dag.py:3089} INFO - Sync 1 DAGs
[2026-09-09T05:23:25.263+0000] {logging_mixin.py:188} INFO - [2026-09-09T05:23:25.262+0000] {dag.py:3947} INFO - Setting next_dagrun for netflix_etl_pipeline to 2026-09-08 00:00:00+00:00, run_after=2026-09-09 00:00:00+00:00
[2026-09-09T05:23:25.314+0000] {processor.py:183} INFO - Processing /opt/airflow/dags/netflix_dag.py took 0.245 seconds
[2026-09-09T05:23:55.549+0000] {processor.py:161} INFO - Started process (PID=1052) to work on /opt/airflow/dags/netflix_dag.py
[2026-09-09T05:23:55.551+0000] {processor.py:830} INFO - Processing file /opt/airflow/dags/netflix_dag.py for tasks to queue
[2026-09-09T05:23:55.555+0000] {logging_mixin.py:188} INFO - [2026-09-09T05:23:55.554+0000] {dagbag.py:545} INFO - Filling up the DagBag from /opt/airflow/dags/netflix_dag.py
[2026-09-09T05:23:55.580+0000] {processor.py:840} INFO - DAG(s) 'netflix_etl_pipeline' retrieved from /opt/airflow/dags/netflix_dag.py
[2026-09-09T05:23:55.626+0000] {logging_mixin.py:188} INFO - [2026-09-09T05:23:55.625+0000] {dag.py:3089} INFO - Sync 1 DAGs
[2026-09-09T05:23:55.656+0000] {logging_mixin.py:188} INFO - [2026-09-09T05:23:55.656+0000] {dag.py:3947} INFO - Setting next_dagrun for netflix_etl_pipeline to 2026-09-08 00:00:00+00:00, run_after=2026-09-09 00:00:00+00:00
[2026-09-09T05:23:55.686+0000] {processor.py:183} INFO - Processing /opt/airflow/dags/netflix_dag.py took 0.145 seconds
[2026-09-09T05:24:25.739+0000] {processor.py:161} INFO - Started process (PID=1063) to work on /opt/airflow/dags/netflix_dag.py
[2026-09-09T05:24:25.741+0000] {processor.py:830} INFO - Processing file /opt/airflow/dags/netflix_dag.py for tasks to queue
[2026-09-09T05:24:25.744+0000] {logging_mixin.py:188} INFO - [2026-09-09T05:24:25.744+0000] {dagbag.py:545} INFO - Filling up the DagBag from /opt/airflow/dags/netflix_dag.py
[2026-09-09T05:24:25.773+0000] {processor.py:840} INFO - DAG(s) 'netflix_etl_pipeline' retrieved from /opt/airflow/dags/netflix_dag.py
[2026-09-09T05:24:25.811+0000] {logging_mixin.py:188} INFO - [2026-09-09T05:24:25.811+0000] {dag.py:3089} INFO - Sync 1 DAGs
[2026-09-09T05:24:25.855+0000] {logging_mixin.py:188} INFO - [2026-09-09T05:24:25.855+0000] {dag.py:3947} INFO - Setting next_dagrun for netflix_etl_pipeline to 2026-09-08 00:00:00+00:00, run_after=2026-09-09 00:00:00+00:00
[2026-09-09T05:24:25.893+0000] {processor.py:183} INFO - Processing /opt/airflow/dags/netflix_dag.py took 0.159 seconds
[2026-09-09T05:24:56.125+0000] {processor.py:161} INFO - Started process (PID=1074) to work on /opt/airflow/dags/netflix_dag.py
[2026-09-09T05:24:56.139+0000] {processor.py:830} INFO - Processing file /opt/airflow/dags/netflix_dag.py for tasks to queue
[2026-09-09T05:24:56.167+0000] {logging_mixin.py:188} INFO - [2026-09-09T05:24:56.163+0000] {dagbag.py:545} INFO - Filling up the DagBag from /opt/airflow/dags/netflix_dag.py
[2026-09-09T05:24:56.279+0000] {processor.py:840} INFO - DAG(s) 'netflix_etl_pipeline' retrieved from /opt/airflow/dags/netflix_dag.py
[2026-09-09T05:24:56.339+0000] {logging_mixin.py:188} INFO - [2026-09-09T05:24:56.338+0000] {dag.py:3089} INFO - Sync 1 DAGs
[2026-09-09T05:24:56.380+0000] {logging_mixin.py:188} INFO - [2026-09-09T05:24:56.380+0000] {dag.py:3947} INFO - Setting next_dagrun for netflix_etl_pipeline to 2026-09-08 00:00:00+00:00, run_after=2026-09-09 00:00:00+00:00
[2026-09-09T05:24:56.419+0000] {processor.py:183} INFO - Processing /opt/airflow/dags/netflix_dag.py took 0.330 seconds
[2026-09-09T05:25:26.676+0000] {processor.py:161} INFO - Started process (PID=1085) to work on /opt/airflow/dags/netflix_dag.py
[2026-09-09T05:25:26.678+0000] {processor.py:830} INFO - Processing file /opt/airflow/dags/netflix_dag.py for tasks to queue
[2026-09-09T05:25:26.681+0000] {logging_mixin.py:188} INFO - [2026-09-09T05:25:26.680+0000] {dagbag.py:545} INFO - Filling up the DagBag from /opt/airflow/dags/netflix_dag.py
[2026-09-09T05:25:26.705+0000] {processor.py:840} INFO - DAG(s) 'netflix_etl_pipeline' retrieved from /opt/airflow/dags/netflix_dag.py
[2026-09-09T05:25:26.742+0000] {logging_mixin.py:188} INFO - [2026-09-09T05:25:26.742+0000] {dag.py:3089} INFO - Sync 1 DAGs
[2026-09-09T05:25:26.766+0000] {logging_mixin.py:188} INFO - [2026-09-09T05:25:26.766+0000] {dag.py:3947} INFO - Setting next_dagrun for netflix_etl_pipeline to 2026-09-08 00:00:00+00:00, run_after=2026-09-09 00:00:00+00:00
[2026-09-09T05:25:26.791+0000] {processor.py:183} INFO - Processing /opt/airflow/dags/netflix_dag.py took 0.120 seconds
[2026-09-09T05:25:56.891+0000] {processor.py:161} INFO - Started process (PID=1096) to work on /opt/airflow/dags/netflix_dag.py
[2026-09-09T05:25:56.893+0000] {processor.py:830} INFO - Processing file /opt/airflow/dags/netflix_dag.py for tasks to queue
[2026-09-09T05:25:56.896+0000] {logging_mixin.py:188} INFO - [2026-09-09T05:25:56.895+0000] {dagbag.py:545} INFO - Filling up the DagBag from /opt/airflow/dags/netflix_dag.py
[2026-09-09T05:25:56.924+0000] {processor.py:840} INFO - DAG(s) 'netflix_etl_pipeline' retrieved from /opt/airflow/dags/netflix_dag.py
[2026-09-09T05:25:56.971+0000] {logging_mixin.py:188} INFO - [2026-09-09T05:25:56.971+0000] {dag.py:3089} INFO - Sync 1 DAGs
[2026-09-09T05:25:56.996+0000] {logging_mixin.py:188} INFO - [2026-09-09T05:25:56.996+0000] {dag.py:3947} INFO - Setting next_dagrun for netflix_etl_pipeline to 2026-09-08 00:00:00+00:00, run_after=2026-09-09 00:00:00+00:00
[2026-09-09T05:25:57.023+0000] {processor.py:183} INFO - Processing /opt/airflow/dags/netflix_dag.py took 0.143 seconds
[2026-09-09T05:26:27.180+0000] {processor.py:161} INFO - Started process (PID=1113) to work on /opt/airflow/dags/netflix_dag.py
[2026-09-09T05:26:27.182+0000] {processor.py:830} INFO - Processing file /opt/airflow/dags/netflix_dag.py for tasks to queue
[2026-09-09T05:26:27.185+0000] {logging_mixin.py:188} INFO - [2026-09-09T05:26:27.185+0000] {dagbag.py:545} INFO - Filling up the DagBag from /opt/airflow/dags/netflix_dag.py
[2026-09-09T05:26:27.224+0000] {processor.py:840} INFO - DAG(s) 'netflix_etl_pipeline' retrieved from /opt/airflow/dags/netflix_dag.py
[2026-09-09T05:26:27.271+0000] {logging_mixin.py:188} INFO - [2026-09-09T05:26:27.271+0000] {dag.py:3089} INFO - Sync 1 DAGs
[2026-09-09T05:26:27.298+0000] {logging_mixin.py:188} INFO - [2026-09-09T05:26:27.297+0000] {dag.py:3947} INFO - Setting next_dagrun for netflix_etl_pipeline to 2026-09-08 00:00:00+00:00, run_after=2026-09-09 00:00:00+00:00
[2026-09-09T05:26:27.321+0000] {processor.py:183} INFO - Processing /opt/airflow/dags/netflix_dag.py took 0.150 seconds
[2026-09-09T05:26:57.412+0000] {processor.py:161} INFO - Started process (PID=1124) to work on /opt/airflow/dags/netflix_dag.py
[2026-09-09T05:26:57.414+0000] {processor.py:830} INFO - Processing file /opt/airflow/dags/netflix_dag.py for tasks to queue
[2026-09-09T05:26:57.418+0000] {logging_mixin.py:188} INFO - [2026-09-09T05:26:57.418+0000] {dagbag.py:545} INFO - Filling up the DagBag from /opt/airflow/dags/netflix_dag.py
[2026-09-09T05:26:57.445+0000] {processor.py:840} INFO - DAG(s) 'netflix_etl_pipeline' retrieved from /opt/airflow/dags/netflix_dag.py
[2026-09-09T05:26:57.487+0000] {logging_mixin.py:188} INFO - [2026-09-09T05:26:57.487+0000] {dag.py:3089} INFO - Sync 1 DAGs
[2026-09-09T05:26:57.513+0000] {logging_mixin.py:188} INFO - [2026-09-09T05:26:57.513+0000] {dag.py:3947} INFO - Setting next_dagrun for netflix_etl_pipeline to 2026-09-08 00:00:00+00:00, run_after=2026-09-09 00:00:00+00:00
[2026-09-09T05:26:57.540+0000] {processor.py:183} INFO - Processing /opt/airflow/dags/netflix_dag.py took 0.133 seconds
[2026-09-09T05:27:27.720+0000] {processor.py:161} INFO - Started process (PID=1135) to work on /opt/airflow/dags/netflix_dag.py
[2026-09-09T05:27:27.722+0000] {processor.py:830} INFO - Processing file /opt/airflow/dags/netflix_dag.py for tasks to queue
[2026-09-09T05:27:27.725+0000] {logging_mixin.py:188} INFO - [2026-09-09T05:27:27.725+0000] {dagbag.py:545} INFO - Filling up the DagBag from /opt/airflow/dags/netflix_dag.py
[2026-09-09T05:27:27.778+0000] {processor.py:840} INFO - DAG(s) 'netflix_etl_pipeline' retrieved from /opt/airflow/dags/netflix_dag.py
[2026-09-09T05:27:27.876+0000] {logging_mixin.py:188} INFO - [2026-09-09T05:27:27.876+0000] {dag.py:3089} INFO - Sync 1 DAGs
[2026-09-09T05:27:27.921+0000] {logging_mixin.py:188} INFO - [2026-09-09T05:27:27.920+0000] {dag.py:3947} INFO - Setting next_dagrun for netflix_etl_pipeline to 2026-09-08 00:00:00+00:00, run_after=2026-09-09 00:00:00+00:00
[2026-09-09T05:27:27.951+0000] {processor.py:183} INFO - Processing /opt/airflow/dags/netflix_dag.py took 0.237 seconds
[2026-09-09T05:27:58.061+0000] {processor.py:161} INFO - Started process (PID=1146) to work on /opt/airflow/dags/netflix_dag.py
[2026-09-09T05:27:58.063+0000] {processor.py:830} INFO - Processing file /opt/airflow/dags/netflix_dag.py for tasks to queue
[2026-09-09T05:27:58.066+0000] {logging_mixin.py:188} INFO - [2026-09-09T05:27:58.066+0000] {dagbag.py:545} INFO - Filling up the DagBag from /opt/airflow/dags/netflix_dag.py
[2026-09-09T05:27:58.099+0000] {processor.py:840} INFO - DAG(s) 'netflix_etl_pipeline' retrieved from /opt/airflow/dags/netflix_dag.py
[2026-09-09T05:27:58.145+0000] {logging_mixin.py:188} INFO - [2026-09-09T05:27:58.144+0000] {dag.py:3089} INFO - Sync 1 DAGs
[2026-09-09T05:27:58.176+0000] {logging_mixin.py:188} INFO - [2026-09-09T05:27:58.175+0000] {dag.py:3947} INFO - Setting next_dagrun for netflix_etl_pipeline to 2026-09-08 00:00:00+00:00, run_after=2026-09-09 00:00:00+00:00
[2026-09-09T05:27:58.204+0000] {processor.py:183} INFO - Processing /opt/airflow/dags/netflix_dag.py took 0.152 seconds
[2026-09-09T05:28:28.770+0000] {processor.py:161} INFO - Started process (PID=1157) to work on /opt/airflow/dags/netflix_dag.py
[2026-09-09T05:28:28.772+0000] {processor.py:830} INFO - Processing file /opt/airflow/dags/netflix_dag.py for tasks to queue
[2026-09-09T05:28:28.775+0000] {logging_mixin.py:188} INFO - [2026-09-09T05:28:28.775+0000] {dagbag.py:545} INFO - Filling up the DagBag from /opt/airflow/dags/netflix_dag.py
[2026-09-09T05:28:28.807+0000] {processor.py:840} INFO - DAG(s) 'netflix_etl_pipeline' retrieved from /opt/airflow/dags/netflix_dag.py
[2026-09-09T05:28:28.852+0000] {logging_mixin.py:188} INFO - [2026-09-09T05:28:28.852+0000] {dag.py:3089} INFO - Sync 1 DAGs
[2026-09-09T05:28:28.882+0000] {logging_mixin.py:188} INFO - [2026-09-09T05:28:28.881+0000] {dag.py:3947} INFO - Setting next_dagrun for netflix_etl_pipeline to 2026-09-08 00:00:00+00:00, run_after=2026-09-09 00:00:00+00:00
[2026-09-09T05:28:28.909+0000] {processor.py:183} INFO - Processing /opt/airflow/dags/netflix_dag.py took 0.147 seconds
[2026-09-09T05:28:59.209+0000] {processor.py:161} INFO - Started process (PID=1168) to work on /opt/airflow/dags/netflix_dag.py
[2026-09-09T05:28:59.211+0000] {processor.py:830} INFO - Processing file /opt/airflow/dags/netflix_dag.py for tasks to queue
[2026-09-09T05:28:59.215+0000] {logging_mixin.py:188} INFO - [2026-09-09T05:28:59.214+0000] {dagbag.py:545} INFO - Filling up the DagBag from /opt/airflow/dags/netflix_dag.py
[2026-09-09T05:28:59.243+0000] {processor.py:840} INFO - DAG(s) 'netflix_etl_pipeline' retrieved from /opt/airflow/dags/netflix_dag.py
[2026-09-09T05:28:59.293+0000] {logging_mixin.py:188} INFO - [2026-09-09T05:28:59.293+0000] {dag.py:3089} INFO - Sync 1 DAGs
[2026-09-09T05:28:59.324+0000] {logging_mixin.py:188} INFO - [2026-09-09T05:28:59.323+0000] {dag.py:3947} INFO - Setting next_dagrun for netflix_etl_pipeline to 2026-09-08 00:00:00+00:00, run_after=2026-09-09 00:00:00+00:00
[2026-09-09T05:28:59.352+0000] {processor.py:183} INFO - Processing /opt/airflow/dags/netflix_dag.py took 0.157 seconds
[2026-09-09T05:29:29.873+0000] {processor.py:161} INFO - Started process (PID=1179) to work on /opt/airflow/dags/netflix_dag.py
[2026-09-09T05:29:29.878+0000] {processor.py:830} INFO - Processing file /opt/airflow/dags/netflix_dag.py for tasks to queue
[2026-09-09T05:29:29.897+0000] {logging_mixin.py:188} INFO - [2026-09-09T05:29:29.896+0000] {dagbag.py:545} INFO - Filling up the DagBag from /opt/airflow/dags/netflix_dag.py
[2026-09-09T05:29:29.945+0000] {processor.py:840} INFO - DAG(s) 'netflix_etl_pipeline' retrieved from /opt/airflow/dags/netflix_dag.py
[2026-09-09T05:29:30.061+0000] {logging_mixin.py:188} INFO - [2026-09-09T05:29:30.061+0000] {dag.py:3089} INFO - Sync 1 DAGs
[2026-09-09T05:29:30.139+0000] {logging_mixin.py:188} INFO - [2026-09-09T05:29:30.139+0000] {dag.py:3947} INFO - Setting next_dagrun for netflix_etl_pipeline to 2026-09-08 00:00:00+00:00, run_after=2026-09-09 00:00:00+00:00
[2026-09-09T05:29:30.173+0000] {processor.py:183} INFO - Processing /opt/airflow/dags/netflix_dag.py took 0.327 seconds
[2026-09-09T05:30:00.329+0000] {processor.py:161} INFO - Started process (PID=1190) to work on /opt/airflow/dags/netflix_dag.py
[2026-09-09T05:30:00.331+0000] {processor.py:830} INFO - Processing file /opt/airflow/dags/netflix_dag.py for tasks to queue
[2026-09-09T05:30:00.335+0000] {logging_mixin.py:188} INFO - [2026-09-09T05:30:00.334+0000] {dagbag.py:545} INFO - Filling up the DagBag from /opt/airflow/dags/netflix_dag.py
[2026-09-09T05:30:00.368+0000] {processor.py:840} INFO - DAG(s) 'netflix_etl_pipeline' retrieved from /opt/airflow/dags/netflix_dag.py
[2026-09-09T05:30:00.415+0000] {logging_mixin.py:188} INFO - [2026-09-09T05:30:00.415+0000] {dag.py:3089} INFO - Sync 1 DAGs
[2026-09-09T05:30:00.447+0000] {logging_mixin.py:188} INFO - [2026-09-09T05:30:00.446+0000] {dag.py:3947} INFO - Setting next_dagrun for netflix_etl_pipeline to 2026-09-08 00:00:00+00:00, run_after=2026-09-09 00:00:00+00:00
[2026-09-09T05:30:00.475+0000] {processor.py:183} INFO - Processing /opt/airflow/dags/netflix_dag.py took 0.156 seconds
[2026-09-09T05:30:30.786+0000] {processor.py:161} INFO - Started process (PID=1201) to work on /opt/airflow/dags/netflix_dag.py
[2026-09-09T05:30:30.788+0000] {processor.py:830} INFO - Processing file /opt/airflow/dags/netflix_dag.py for tasks to queue
[2026-09-09T05:30:30.792+0000] {logging_mixin.py:188} INFO - [2026-09-09T05:30:30.791+0000] {dagbag.py:545} INFO - Filling up the DagBag from /opt/airflow/dags/netflix_dag.py
[2026-09-09T05:30:30.823+0000] {processor.py:840} INFO - DAG(s) 'netflix_etl_pipeline' retrieved from /opt/airflow/dags/netflix_dag.py
[2026-09-09T05:30:30.870+0000] {logging_mixin.py:188} INFO - [2026-09-09T05:30:30.869+0000] {dag.py:3089} INFO - Sync 1 DAGs
[2026-09-09T05:30:30.899+0000] {logging_mixin.py:188} INFO - [2026-09-09T05:30:30.899+0000] {dag.py:3947} INFO - Setting next_dagrun for netflix_etl_pipeline to 2026-09-08 00:00:00+00:00, run_after=2026-09-09 00:00:00+00:00
[2026-09-09T05:30:30.927+0000] {processor.py:183} INFO - Processing /opt/airflow/dags/netflix_dag.py took 0.150 seconds
[2026-09-09T05:31:01.427+0000] {processor.py:161} INFO - Started process (PID=1212) to work on /opt/airflow/dags/netflix_dag.py
[2026-09-09T05:31:01.429+0000] {processor.py:830} INFO - Processing file /opt/airflow/dags/netflix_dag.py for tasks to queue
[2026-09-09T05:31:01.432+0000] {logging_mixin.py:188} INFO - [2026-09-09T05:31:01.432+0000] {dagbag.py:545} INFO - Filling up the DagBag from /opt/airflow/dags/netflix_dag.py
[2026-09-09T05:31:01.461+0000] {processor.py:840} INFO - DAG(s) 'netflix_etl_pipeline' retrieved from /opt/airflow/dags/netflix_dag.py
[2026-09-09T05:31:01.506+0000] {logging_mixin.py:188} INFO - [2026-09-09T05:31:01.506+0000] {dag.py:3089} INFO - Sync 1 DAGs
[2026-09-09T05:31:01.539+0000] {logging_mixin.py:188} INFO - [2026-09-09T05:31:01.539+0000] {dag.py:3947} INFO - Setting next_dagrun for netflix_etl_pipeline to 2026-09-08 00:00:00+00:00, run_after=2026-09-09 00:00:00+00:00
[2026-09-09T05:31:01.569+0000] {processor.py:183} INFO - Processing /opt/airflow/dags/netflix_dag.py took 0.151 seconds
[2026-09-09T05:31:31.890+0000] {processor.py:161} INFO - Started process (PID=1223) to work on /opt/airflow/dags/netflix_dag.py
[2026-09-09T05:31:31.892+0000] {processor.py:830} INFO - Processing file /opt/airflow/dags/netflix_dag.py for tasks to queue
[2026-09-09T05:31:31.896+0000] {logging_mixin.py:188} INFO - [2026-09-09T05:31:31.895+0000] {dagbag.py:545} INFO - Filling up the DagBag from /opt/airflow/dags/netflix_dag.py
[2026-09-09T05:31:31.925+0000] {processor.py:840} INFO - DAG(s) 'netflix_etl_pipeline' retrieved from /opt/airflow/dags/netflix_dag.py
[2026-09-09T05:31:31.991+0000] {logging_mixin.py:188} INFO - [2026-09-09T05:31:31.990+0000] {dag.py:3089} INFO - Sync 1 DAGs
[2026-09-09T05:31:32.061+0000] {logging_mixin.py:188} INFO - [2026-09-09T05:31:32.061+0000] {dag.py:3947} INFO - Setting next_dagrun for netflix_etl_pipeline to 2026-09-08 00:00:00+00:00, run_after=2026-09-09 00:00:00+00:00
[2026-09-09T05:31:32.103+0000] {processor.py:183} INFO - Processing /opt/airflow/dags/netflix_dag.py took 0.224 seconds
[2026-09-09T05:32:02.531+0000] {processor.py:161} INFO - Started process (PID=1234) to work on /opt/airflow/dags/netflix_dag.py
[2026-09-09T05:32:02.533+0000] {processor.py:830} INFO - Processing file /opt/airflow/dags/netflix_dag.py for tasks to queue
[2026-09-09T05:32:02.536+0000] {logging_mixin.py:188} INFO - [2026-09-09T05:32:02.536+0000] {dagbag.py:545} INFO - Filling up the DagBag from /opt/airflow/dags/netflix_dag.py
[2026-09-09T05:32:02.565+0000] {processor.py:840} INFO - DAG(s) 'netflix_etl_pipeline' retrieved from /opt/airflow/dags/netflix_dag.py
[2026-09-09T05:32:02.607+0000] {logging_mixin.py:188} INFO - [2026-09-09T05:32:02.606+0000] {dag.py:3089} INFO - Sync 1 DAGs
[2026-09-09T05:32:02.634+0000] {logging_mixin.py:188} INFO - [2026-09-09T05:32:02.634+0000] {dag.py:3947} INFO - Setting next_dagrun for netflix_etl_pipeline to 2026-09-08 00:00:00+00:00, run_after=2026-09-09 00:00:00+00:00
[2026-09-09T05:32:02.662+0000] {processor.py:183} INFO - Processing /opt/airflow/dags/netflix_dag.py took 0.138 seconds
[2026-09-09T05:32:33.008+0000] {processor.py:161} INFO - Started process (PID=1245) to work on /opt/airflow/dags/netflix_dag.py
[2026-09-09T05:32:33.010+0000] {processor.py:830} INFO - Processing file /opt/airflow/dags/netflix_dag.py for tasks to queue
[2026-09-09T05:32:33.014+0000] {logging_mixin.py:188} INFO - [2026-09-09T05:32:33.013+0000] {dagbag.py:545} INFO - Filling up the DagBag from /opt/airflow/dags/netflix_dag.py
[2026-09-09T05:32:33.049+0000] {processor.py:840} INFO - DAG(s) 'netflix_etl_pipeline' retrieved from /opt/airflow/dags/netflix_dag.py
[2026-09-09T05:32:33.101+0000] {logging_mixin.py:188} INFO - [2026-09-09T05:32:33.100+0000] {dag.py:3089} INFO - Sync 1 DAGs
[2026-09-09T05:32:33.132+0000] {logging_mixin.py:188} INFO - [2026-09-09T05:32:33.132+0000] {dag.py:3947} INFO - Setting next_dagrun for netflix_etl_pipeline to 2026-09-08 00:00:00+00:00, run_after=2026-09-09 00:00:00+00:00
[2026-09-09T05:32:33.161+0000] {processor.py:183} INFO - Processing /opt/airflow/dags/netflix_dag.py took 0.162 seconds
[2026-09-09T05:33:03.505+0000] {processor.py:161} INFO - Started process (PID=1257) to work on /opt/airflow/dags/netflix_dag.py
[2026-09-09T05:33:03.507+0000] {processor.py:830} INFO - Processing file /opt/airflow/dags/netflix_dag.py for tasks to queue
[2026-09-09T05:33:03.510+0000] {logging_mixin.py:188} INFO - [2026-09-09T05:33:03.510+0000] {dagbag.py:545} INFO - Filling up the DagBag from /opt/airflow/dags/netflix_dag.py
[2026-09-09T05:33:03.540+0000] {processor.py:840} INFO - DAG(s) 'netflix_etl_pipeline' retrieved from /opt/airflow/dags/netflix_dag.py
[2026-09-09T05:33:03.585+0000] {logging_mixin.py:188} INFO - [2026-09-09T05:33:03.585+0000] {dag.py:3089} INFO - Sync 1 DAGs
[2026-09-09T05:33:03.615+0000] {logging_mixin.py:188} INFO - [2026-09-09T05:33:03.615+0000] {dag.py:3947} INFO - Setting next_dagrun for netflix_etl_pipeline to 2026-09-08 00:00:00+00:00, run_after=2026-09-09 00:00:00+00:00
[2026-09-09T05:33:03.643+0000] {processor.py:183} INFO - Processing /opt/airflow/dags/netflix_dag.py took 0.147 seconds
[2026-09-09T05:33:33.994+0000] {processor.py:161} INFO - Started process (PID=1269) to work on /opt/airflow/dags/netflix_dag.py
[2026-09-09T05:33:33.996+0000] {processor.py:830} INFO - Processing file /opt/airflow/dags/netflix_dag.py for tasks to queue
[2026-09-09T05:33:34.000+0000] {logging_mixin.py:188} INFO - [2026-09-09T05:33:33.999+0000] {dagbag.py:545} INFO - Filling up the DagBag from /opt/airflow/dags/netflix_dag.py
[2026-09-09T05:33:34.031+0000] {processor.py:840} INFO - DAG(s) 'netflix_etl_pipeline' retrieved from /opt/airflow/dags/netflix_dag.py
[2026-09-09T05:33:34.078+0000] {logging_mixin.py:188} INFO - [2026-09-09T05:33:34.078+0000] {dag.py:3089} INFO - Sync 1 DAGs
[2026-09-09T05:33:34.107+0000] {logging_mixin.py:188} INFO - [2026-09-09T05:33:34.107+0000] {dag.py:3947} INFO - Setting next_dagrun for netflix_etl_pipeline to 2026-09-08 00:00:00+00:00, run_after=2026-09-09 00:00:00+00:00
[2026-09-09T05:33:34.135+0000] {processor.py:183} INFO - Processing /opt/airflow/dags/netflix_dag.py took 0.150 seconds
[2026-09-09T05:34:04.534+0000] {processor.py:161} INFO - Started process (PID=1280) to work on /opt/airflow/dags/netflix_dag.py
[2026-09-09T05:34:04.536+0000] {processor.py:830} INFO - Processing file /opt/airflow/dags/netflix_dag.py for tasks to queue
[2026-09-09T05:34:04.539+0000] {logging_mixin.py:188} INFO - [2026-09-09T05:34:04.538+0000] {dagbag.py:545} INFO - Filling up the DagBag from /opt/airflow/dags/netflix_dag.py
[2026-09-09T05:34:04.570+0000] {processor.py:840} INFO - DAG(s) 'netflix_etl_pipeline' retrieved from /opt/airflow/dags/netflix_dag.py
[2026-09-09T05:34:04.615+0000] {logging_mixin.py:188} INFO - [2026-09-09T05:34:04.615+0000] {dag.py:3089} INFO - Sync 1 DAGs
[2026-09-09T05:34:04.644+0000] {logging_mixin.py:188} INFO - [2026-09-09T05:34:04.644+0000] {dag.py:3947} INFO - Setting next_dagrun for netflix_etl_pipeline to 2026-09-08 00:00:00+00:00, run_after=2026-09-09 00:00:00+00:00
[2026-09-09T05:34:04.672+0000] {processor.py:183} INFO - Processing /opt/airflow/dags/netflix_dag.py took 0.145 seconds
[2026-09-09T05:34:35.033+0000] {processor.py:161} INFO - Started process (PID=1291) to work on /opt/airflow/dags/netflix_dag.py
[2026-09-09T05:34:35.035+0000] {processor.py:830} INFO - Processing file /opt/airflow/dags/netflix_dag.py for tasks to queue
[2026-09-09T05:34:35.038+0000] {logging_mixin.py:188} INFO - [2026-09-09T05:34:35.038+0000] {dagbag.py:545} INFO - Filling up the DagBag from /opt/airflow/dags/netflix_dag.py
[2026-09-09T05:34:35.069+0000] {processor.py:840} INFO - DAG(s) 'netflix_etl_pipeline' retrieved from /opt/airflow/dags/netflix_dag.py
[2026-09-09T05:34:35.117+0000] {logging_mixin.py:188} INFO - [2026-09-09T05:34:35.117+0000] {dag.py:3089} INFO - Sync 1 DAGs
[2026-09-09T05:34:35.152+0000] {logging_mixin.py:188} INFO - [2026-09-09T05:34:35.152+0000] {dag.py:3947} INFO - Setting next_dagrun for netflix_etl_pipeline to 2026-09-08 00:00:00+00:00, run_after=2026-09-09 00:00:00+00:00
[2026-09-09T05:34:35.177+0000] {processor.py:183} INFO - Processing /opt/airflow/dags/netflix_dag.py took 0.152 seconds
[2026-09-09T05:35:05.790+0000] {processor.py:161} INFO - Started process (PID=1302) to work on /opt/airflow/dags/netflix_dag.py
[2026-09-09T05:35:05.793+0000] {processor.py:830} INFO - Processing file /opt/airflow/dags/netflix_dag.py for tasks to queue
[2026-09-09T05:35:05.796+0000] {logging_mixin.py:188} INFO - [2026-09-09T05:35:05.795+0000] {dagbag.py:545} INFO - Filling up the DagBag from /opt/airflow/dags/netflix_dag.py
[2026-09-09T05:35:05.827+0000] {processor.py:840} INFO - DAG(s) 'netflix_etl_pipeline' retrieved from /opt/airflow/dags/netflix_dag.py
[2026-09-09T05:35:05.871+0000] {logging_mixin.py:188} INFO - [2026-09-09T05:35:05.871+0000] {dag.py:3089} INFO - Sync 1 DAGs
[2026-09-09T05:35:05.899+0000] {logging_mixin.py:188} INFO - [2026-09-09T05:35:05.899+0000] {dag.py:3947} INFO - Setting next_dagrun for netflix_etl_pipeline to 2026-09-08 00:00:00+00:00, run_after=2026-09-09 00:00:00+00:00
[2026-09-09T05:35:05.927+0000] {processor.py:183} INFO - Processing /opt/airflow/dags/netflix_dag.py took 0.145 seconds
[2026-09-09T05:35:36.268+0000] {processor.py:161} INFO - Started process (PID=1313) to work on /opt/airflow/dags/netflix_dag.py
[2026-09-09T05:35:36.270+0000] {processor.py:830} INFO - Processing file /opt/airflow/dags/netflix_dag.py for tasks to queue
[2026-09-09T05:35:36.275+0000] {logging_mixin.py:188} INFO - [2026-09-09T05:35:36.274+0000] {dagbag.py:545} INFO - Filling up the DagBag from /opt/airflow/dags/netflix_dag.py
[2026-09-09T05:35:36.301+0000] {processor.py:840} INFO - DAG(s) 'netflix_etl_pipeline' retrieved from /opt/airflow/dags/netflix_dag.py
[2026-09-09T05:35:36.348+0000] {logging_mixin.py:188} INFO - [2026-09-09T05:35:36.347+0000] {dag.py:3089} INFO - Sync 1 DAGs
[2026-09-09T05:35:36.378+0000] {logging_mixin.py:188} INFO - [2026-09-09T05:35:36.378+0000] {dag.py:3947} INFO - Setting next_dagrun for netflix_etl_pipeline to 2026-09-08 00:00:00+00:00, run_after=2026-09-09 00:00:00+00:00
[2026-09-09T05:35:36.405+0000] {processor.py:183} INFO - Processing /opt/airflow/dags/netflix_dag.py took 0.147 seconds
[2026-09-09T05:36:06.720+0000] {processor.py:161} INFO - Started process (PID=1324) to work on /opt/airflow/dags/netflix_dag.py
[2026-09-09T05:36:06.722+0000] {processor.py:830} INFO - Processing file /opt/airflow/dags/netflix_dag.py for tasks to queue
[2026-09-09T05:36:06.726+0000] {logging_mixin.py:188} INFO - [2026-09-09T05:36:06.725+0000] {dagbag.py:545} INFO - Filling up the DagBag from /opt/airflow/dags/netflix_dag.py
[2026-09-09T05:36:06.757+0000] {processor.py:840} INFO - DAG(s) 'netflix_etl_pipeline' retrieved from /opt/airflow/dags/netflix_dag.py
[2026-09-09T05:36:06.804+0000] {logging_mixin.py:188} INFO - [2026-09-09T05:36:06.804+0000] {dag.py:3089} INFO - Sync 1 DAGs
[2026-09-09T05:36:06.839+0000] {logging_mixin.py:188} INFO - [2026-09-09T05:36:06.839+0000] {dag.py:3947} INFO - Setting next_dagrun for netflix_etl_pipeline to 2026-09-08 00:00:00+00:00, run_after=2026-09-09 00:00:00+00:00
[2026-09-09T05:36:06.870+0000] {processor.py:183} INFO - Processing /opt/airflow/dags/netflix_dag.py took 0.160 seconds
[2026-09-09T05:36:37.192+0000] {processor.py:161} INFO - Started process (PID=1335) to work on /opt/airflow/dags/netflix_dag.py
[2026-09-09T05:36:37.194+0000] {processor.py:830} INFO - Processing file /opt/airflow/dags/netflix_dag.py for tasks to queue
[2026-09-09T05:36:37.198+0000] {logging_mixin.py:188} INFO - [2026-09-09T05:36:37.198+0000] {dagbag.py:545} INFO - Filling up the DagBag from /opt/airflow/dags/netflix_dag.py
[2026-09-09T05:36:37.229+0000] {processor.py:840} INFO - DAG(s) 'netflix_etl_pipeline' retrieved from /opt/airflow/dags/netflix_dag.py
[2026-09-09T05:36:37.276+0000] {logging_mixin.py:188} INFO - [2026-09-09T05:36:37.275+0000] {dag.py:3089} INFO - Sync 1 DAGs
[2026-09-09T05:36:37.306+0000] {logging_mixin.py:188} INFO - [2026-09-09T05:36:37.306+0000] {dag.py:3947} INFO - Setting next_dagrun for netflix_etl_pipeline to 2026-09-08 00:00:00+00:00, run_after=2026-09-09 00:00:00+00:00
[2026-09-09T05:36:37.334+0000] {processor.py:183} INFO - Processing /opt/airflow/dags/netflix_dag.py took 0.152 seconds
[2026-09-09T05:37:07.544+0000] {processor.py:161} INFO - Started process (PID=1346) to work on /opt/airflow/dags/netflix_dag.py
[2026-09-09T05:37:07.546+0000] {processor.py:830} INFO - Processing file /opt/airflow/dags/netflix_dag.py for tasks to queue
[2026-09-09T05:37:07.550+0000] {logging_mixin.py:188} INFO - [2026-09-09T05:37:07.550+0000] {dagbag.py:545} INFO - Filling up the DagBag from /opt/airflow/dags/netflix_dag.py
[2026-09-09T05:37:07.581+0000] {processor.py:840} INFO - DAG(s) 'netflix_etl_pipeline' retrieved from /opt/airflow/dags/netflix_dag.py
[2026-09-09T05:37:07.624+0000] {logging_mixin.py:188} INFO - [2026-09-09T05:37:07.623+0000] {dag.py:3089} INFO - Sync 1 DAGs
[2026-09-09T05:37:07.652+0000] {logging_mixin.py:188} INFO - [2026-09-09T05:37:07.652+0000] {dag.py:3947} INFO - Setting next_dagrun for netflix_etl_pipeline to 2026-09-08 00:00:00+00:00, run_after=2026-09-09 00:00:00+00:00
[2026-09-09T05:37:07.680+0000] {processor.py:183} INFO - Processing /opt/airflow/dags/netflix_dag.py took 0.143 seconds
[2026-09-09T05:37:38.083+0000] {processor.py:161} INFO - Started process (PID=1357) to work on /opt/airflow/dags/netflix_dag.py
[2026-09-09T05:37:38.085+0000] {processor.py:830} INFO - Processing file /opt/airflow/dags/netflix_dag.py for tasks to queue
[2026-09-09T05:37:38.089+0000] {logging_mixin.py:188} INFO - [2026-09-09T05:37:38.089+0000] {dagbag.py:545} INFO - Filling up the DagBag from /opt/airflow/dags/netflix_dag.py
[2026-09-09T05:37:38.122+0000] {processor.py:840} INFO - DAG(s) 'netflix_etl_pipeline' retrieved from /opt/airflow/dags/netflix_dag.py
[2026-09-09T05:37:38.167+0000] {logging_mixin.py:188} INFO - [2026-09-09T05:37:38.167+0000] {dag.py:3089} INFO - Sync 1 DAGs
[2026-09-09T05:37:38.196+0000] {logging_mixin.py:188} INFO - [2026-09-09T05:37:38.196+0000] {dag.py:3947} INFO - Setting next_dagrun for netflix_etl_pipeline to 2026-09-08 00:00:00+00:00, run_after=2026-09-09 00:00:00+00:00
[2026-09-09T05:37:38.223+0000] {processor.py:183} INFO - Processing /opt/airflow/dags/netflix_dag.py took 0.149 seconds
[2026-09-09T05:38:08.550+0000] {processor.py:161} INFO - Started process (PID=1368) to work on /opt/airflow/dags/netflix_dag.py
[2026-09-09T05:38:08.552+0000] {processor.py:830} INFO - Processing file /opt/airflow/dags/netflix_dag.py for tasks to queue
[2026-09-09T05:38:08.557+0000] {logging_mixin.py:188} INFO - [2026-09-09T05:38:08.557+0000] {dagbag.py:545} INFO - Filling up the DagBag from /opt/airflow/dags/netflix_dag.py
[2026-09-09T05:38:08.586+0000] {processor.py:840} INFO - DAG(s) 'netflix_etl_pipeline' retrieved from /opt/airflow/dags/netflix_dag.py
[2026-09-09T05:38:08.641+0000] {logging_mixin.py:188} INFO - [2026-09-09T05:38:08.641+0000] {dag.py:3089} INFO - Sync 1 DAGs
[2026-09-09T05:38:08.674+0000] {logging_mixin.py:188} INFO - [2026-09-09T05:38:08.673+0000] {dag.py:3947} INFO - Setting next_dagrun for netflix_etl_pipeline to 2026-09-08 00:00:00+00:00, run_after=2026-09-09 00:00:00+00:00
[2026-09-09T05:38:08.701+0000] {processor.py:183} INFO - Processing /opt/airflow/dags/netflix_dag.py took 0.162 seconds
[2026-09-09T05:38:39.177+0000] {processor.py:161} INFO - Started process (PID=1379) to work on /opt/airflow/dags/netflix_dag.py
[2026-09-09T05:38:39.179+0000] {processor.py:830} INFO - Processing file /opt/airflow/dags/netflix_dag.py for tasks to queue
[2026-09-09T05:38:39.183+0000] {logging_mixin.py:188} INFO - [2026-09-09T05:38:39.182+0000] {dagbag.py:545} INFO - Filling up the DagBag from /opt/airflow/dags/netflix_dag.py
[2026-09-09T05:38:39.215+0000] {processor.py:840} INFO - DAG(s) 'netflix_etl_pipeline' retrieved from /opt/airflow/dags/netflix_dag.py
[2026-09-09T05:38:39.260+0000] {logging_mixin.py:188} INFO - [2026-09-09T05:38:39.259+0000] {dag.py:3089} INFO - Sync 1 DAGs
[2026-09-09T05:38:39.289+0000] {logging_mixin.py:188} INFO - [2026-09-09T05:38:39.289+0000] {dag.py:3947} INFO - Setting next_dagrun for netflix_etl_pipeline to 2026-09-08 00:00:00+00:00, run_after=2026-09-09 00:00:00+00:00
[2026-09-09T05:38:39.315+0000] {processor.py:183} INFO - Processing /opt/airflow/dags/netflix_dag.py took 0.147 seconds
[2026-09-09T05:39:09.648+0000] {processor.py:161} INFO - Started process (PID=1390) to work on /opt/airflow/dags/netflix_dag.py
[2026-09-09T05:39:09.651+0000] {processor.py:830} INFO - Processing file /opt/airflow/dags/netflix_dag.py for tasks to queue
[2026-09-09T05:39:09.655+0000] {logging_mixin.py:188} INFO - [2026-09-09T05:39:09.654+0000] {dagbag.py:545} INFO - Filling up the DagBag from /opt/airflow/dags/netflix_dag.py
[2026-09-09T05:39:09.688+0000] {processor.py:840} INFO - DAG(s) 'netflix_etl_pipeline' retrieved from /opt/airflow/dags/netflix_dag.py
[2026-09-09T05:39:09.736+0000] {logging_mixin.py:188} INFO - [2026-09-09T05:39:09.735+0000] {dag.py:3089} INFO - Sync 1 DAGs
[2026-09-09T05:39:09.766+0000] {logging_mixin.py:188} INFO - [2026-09-09T05:39:09.766+0000] {dag.py:3947} INFO - Setting next_dagrun for netflix_etl_pipeline to 2026-09-08 00:00:00+00:00, run_after=2026-09-09 00:00:00+00:00
[2026-09-09T05:39:09.793+0000] {processor.py:183} INFO - Processing /opt/airflow/dags/netflix_dag.py took 0.155 seconds
[2026-09-09T05:39:40.221+0000] {processor.py:161} INFO - Started process (PID=1401) to work on /opt/airflow/dags/netflix_dag.py
[2026-09-09T05:39:40.223+0000] {processor.py:830} INFO - Processing file /opt/airflow/dags/netflix_dag.py for tasks to queue
[2026-09-09T05:39:40.226+0000] {logging_mixin.py:188} INFO - [2026-09-09T05:39:40.225+0000] {dagbag.py:545} INFO - Filling up the DagBag from /opt/airflow/dags/netflix_dag.py
[2026-09-09T05:39:40.252+0000] {processor.py:840} INFO - DAG(s) 'netflix_etl_pipeline' retrieved from /opt/airflow/dags/netflix_dag.py
[2026-09-09T05:39:40.297+0000] {logging_mixin.py:188} INFO - [2026-09-09T05:39:40.297+0000] {dag.py:3089} INFO - Sync 1 DAGs
[2026-09-09T05:39:40.324+0000] {logging_mixin.py:188} INFO - [2026-09-09T05:39:40.324+0000] {dag.py:3947} INFO - Setting next_dagrun for netflix_etl_pipeline to 2026-09-08 00:00:00+00:00, run_after=2026-09-09 00:00:00+00:00
[2026-09-09T05:39:40.351+0000] {processor.py:183} INFO - Processing /opt/airflow/dags/netflix_dag.py took 0.138 seconds
[2026-09-09T05:40:10.747+0000] {processor.py:161} INFO - Started process (PID=1412) to work on /opt/airflow/dags/netflix_dag.py
[2026-09-09T05:40:10.749+0000] {processor.py:830} INFO - Processing file /opt/airflow/dags/netflix_dag.py for tasks to queue
[2026-09-09T05:40:10.752+0000] {logging_mixin.py:188} INFO - [2026-09-09T05:40:10.751+0000] {dagbag.py:545} INFO - Filling up the DagBag from /opt/airflow/dags/netflix_dag.py
[2026-09-09T05:40:10.781+0000] {processor.py:840} INFO - DAG(s) 'netflix_etl_pipeline' retrieved from /opt/airflow/dags/netflix_dag.py
[2026-09-09T05:40:10.824+0000] {logging_mixin.py:188} INFO - [2026-09-09T05:40:10.823+0000] {dag.py:3089} INFO - Sync 1 DAGs
[2026-09-09T05:40:10.851+0000] {logging_mixin.py:188} INFO - [2026-09-09T05:40:10.850+0000] {dag.py:3947} INFO - Setting next_dagrun for netflix_etl_pipeline to 2026-09-08 00:00:00+00:00, run_after=2026-09-09 00:00:00+00:00
[2026-09-09T05:40:10.876+0000] {processor.py:183} INFO - Processing /opt/airflow/dags/netflix_dag.py took 0.137 seconds
[2026-09-09T05:40:41.273+0000] {processor.py:161} INFO - Started process (PID=1423) to work on /opt/airflow/dags/netflix_dag.py
[2026-09-09T05:40:41.275+0000] {processor.py:830} INFO - Processing file /opt/airflow/dags/netflix_dag.py for tasks to queue
[2026-09-09T05:40:41.280+0000] {logging_mixin.py:188} INFO - [2026-09-09T05:40:41.279+0000] {dagbag.py:545} INFO - Filling up the DagBag from /opt/airflow/dags/netflix_dag.py
[2026-09-09T05:40:41.313+0000] {processor.py:840} INFO - DAG(s) 'netflix_etl_pipeline' retrieved from /opt/airflow/dags/netflix_dag.py
[2026-09-09T05:40:41.361+0000] {logging_mixin.py:188} INFO - [2026-09-09T05:40:41.360+0000] {dag.py:3089} INFO - Sync 1 DAGs
[2026-09-09T05:40:41.397+0000] {logging_mixin.py:188} INFO - [2026-09-09T05:40:41.397+0000] {dag.py:3947} INFO - Setting next_dagrun for netflix_etl_pipeline to 2026-09-08 00:00:00+00:00, run_after=2026-09-09 00:00:00+00:00
[2026-09-09T05:40:41.423+0000] {processor.py:183} INFO - Processing /opt/airflow/dags/netflix_dag.py took 0.159 seconds
[2026-09-09T05:41:11.822+0000] {processor.py:161} INFO - Started process (PID=1434) to work on /opt/airflow/dags/netflix_dag.py
[2026-09-09T05:41:11.825+0000] {processor.py:830} INFO - Processing file /opt/airflow/dags/netflix_dag.py for tasks to queue
[2026-09-09T05:41:11.828+0000] {logging_mixin.py:188} INFO - [2026-09-09T05:41:11.828+0000] {dagbag.py:545} INFO - Filling up the DagBag from /opt/airflow/dags/netflix_dag.py
[2026-09-09T05:41:11.859+0000] {processor.py:840} INFO - DAG(s) 'netflix_etl_pipeline' retrieved from /opt/airflow/dags/netflix_dag.py
[2026-09-09T05:41:11.904+0000] {logging_mixin.py:188} INFO - [2026-09-09T05:41:11.904+0000] {dag.py:3089} INFO - Sync 1 DAGs
[2026-09-09T05:41:11.933+0000] {logging_mixin.py:188} INFO - [2026-09-09T05:41:11.933+0000] {dag.py:3947} INFO - Setting next_dagrun for netflix_etl_pipeline to 2026-09-08 00:00:00+00:00, run_after=2026-09-09 00:00:00+00:00
[2026-09-09T05:41:11.963+0000] {processor.py:183} INFO - Processing /opt/airflow/dags/netflix_dag.py took 0.149 seconds
[2026-09-09T05:41:42.374+0000] {processor.py:161} INFO - Started process (PID=1445) to work on /opt/airflow/dags/netflix_dag.py
[2026-09-09T05:41:42.376+0000] {processor.py:830} INFO - Processing file /opt/airflow/dags/netflix_dag.py for tasks to queue
[2026-09-09T05:41:42.379+0000] {logging_mixin.py:188} INFO - [2026-09-09T05:41:42.379+0000] {dagbag.py:545} INFO - Filling up the DagBag from /opt/airflow/dags/netflix_dag.py
[2026-09-09T05:41:42.409+0000] {processor.py:840} INFO - DAG(s) 'netflix_etl_pipeline' retrieved from /opt/airflow/dags/netflix_dag.py
[2026-09-09T05:41:42.451+0000] {logging_mixin.py:188} INFO - [2026-09-09T05:41:42.451+0000] {dag.py:3089} INFO - Sync 1 DAGs
[2026-09-09T05:41:42.480+0000] {logging_mixin.py:188} INFO - [2026-09-09T05:41:42.480+0000] {dag.py:3947} INFO - Setting next_dagrun for netflix_etl_pipeline to 2026-09-08 00:00:00+00:00, run_after=2026-09-09 00:00:00+00:00
[2026-09-09T05:41:42.507+0000] {processor.py:183} INFO - Processing /opt/airflow/dags/netflix_dag.py took 0.140 seconds
[2026-09-09T05:42:12.842+0000] {processor.py:161} INFO - Started process (PID=1456) to work on /opt/airflow/dags/netflix_dag.py
[2026-09-09T05:42:12.844+0000] {processor.py:830} INFO - Processing file /opt/airflow/dags/netflix_dag.py for tasks to queue
[2026-09-09T05:42:12.847+0000] {logging_mixin.py:188} INFO - [2026-09-09T05:42:12.846+0000] {dagbag.py:545} INFO - Filling up the DagBag from /opt/airflow/dags/netflix_dag.py
[2026-09-09T05:42:12.875+0000] {processor.py:840} INFO - DAG(s) 'netflix_etl_pipeline' retrieved from /opt/airflow/dags/netflix_dag.py
[2026-09-09T05:42:12.923+0000] {logging_mixin.py:188} INFO - [2026-09-09T05:42:12.922+0000] {dag.py:3089} INFO - Sync 1 DAGs
[2026-09-09T05:42:12.951+0000] {logging_mixin.py:188} INFO - [2026-09-09T05:42:12.951+0000] {dag.py:3947} INFO - Setting next_dagrun for netflix_etl_pipeline to 2026-09-08 00:00:00+00:00, run_after=2026-09-09 00:00:00+00:00
[2026-09-09T05:42:12.979+0000] {processor.py:183} INFO - Processing /opt/airflow/dags/netflix_dag.py took 0.145 seconds
[2026-09-09T05:42:43.410+0000] {processor.py:161} INFO - Started process (PID=1467) to work on /opt/airflow/dags/netflix_dag.py
[2026-09-09T05:42:43.412+0000] {processor.py:830} INFO - Processing file /opt/airflow/dags/netflix_dag.py for tasks to queue
[2026-09-09T05:42:43.416+0000] {logging_mixin.py:188} INFO - [2026-09-09T05:42:43.415+0000] {dagbag.py:545} INFO - Filling up the DagBag from /opt/airflow/dags/netflix_dag.py
[2026-09-09T05:42:43.450+0000] {processor.py:840} INFO - DAG(s) 'netflix_etl_pipeline' retrieved from /opt/airflow/dags/netflix_dag.py
[2026-09-09T05:42:43.495+0000] {logging_mixin.py:188} INFO - [2026-09-09T05:42:43.494+0000] {dag.py:3089} INFO - Sync 1 DAGs
[2026-09-09T05:42:43.526+0000] {logging_mixin.py:188} INFO - [2026-09-09T05:42:43.525+0000] {dag.py:3947} INFO - Setting next_dagrun for netflix_etl_pipeline to 2026-09-08 00:00:00+00:00, run_after=2026-09-09 00:00:00+00:00
[2026-09-09T05:42:43.553+0000] {processor.py:183} INFO - Processing /opt/airflow/dags/netflix_dag.py took 0.151 seconds
[2026-09-09T05:43:13.883+0000] {processor.py:161} INFO - Started process (PID=1479) to work on /opt/airflow/dags/netflix_dag.py
[2026-09-09T05:43:13.885+0000] {processor.py:830} INFO - Processing file /opt/airflow/dags/netflix_dag.py for tasks to queue
[2026-09-09T05:43:13.889+0000] {logging_mixin.py:188} INFO - [2026-09-09T05:43:13.888+0000] {dagbag.py:545} INFO - Filling up the DagBag from /opt/airflow/dags/netflix_dag.py
[2026-09-09T05:43:13.920+0000] {processor.py:840} INFO - DAG(s) 'netflix_etl_pipeline' retrieved from /opt/airflow/dags/netflix_dag.py
[2026-09-09T05:43:13.966+0000] {logging_mixin.py:188} INFO - [2026-09-09T05:43:13.965+0000] {dag.py:3089} INFO - Sync 1 DAGs
[2026-09-09T05:43:13.995+0000] {logging_mixin.py:188} INFO - [2026-09-09T05:43:13.995+0000] {dag.py:3947} INFO - Setting next_dagrun for netflix_etl_pipeline to 2026-09-08 00:00:00+00:00, run_after=2026-09-09 00:00:00+00:00
[2026-09-09T05:43:14.023+0000] {processor.py:183} INFO - Processing /opt/airflow/dags/netflix_dag.py took 0.150 seconds
[2026-09-09T05:43:44.467+0000] {processor.py:161} INFO - Started process (PID=1490) to work on /opt/airflow/dags/netflix_dag.py
[2026-09-09T05:43:44.469+0000] {processor.py:830} INFO - Processing file /opt/airflow/dags/netflix_dag.py for tasks to queue
[2026-09-09T05:43:44.473+0000] {logging_mixin.py:188} INFO - [2026-09-09T05:43:44.472+0000] {dagbag.py:545} INFO - Filling up the DagBag from /opt/airflow/dags/netflix_dag.py
[2026-09-09T05:43:44.505+0000] {processor.py:840} INFO - DAG(s) 'netflix_etl_pipeline' retrieved from /opt/airflow/dags/netflix_dag.py
[2026-09-09T05:43:44.549+0000] {logging_mixin.py:188} INFO - [2026-09-09T05:43:44.549+0000] {dag.py:3089} INFO - Sync 1 DAGs
[2026-09-09T05:43:44.578+0000] {logging_mixin.py:188} INFO - [2026-09-09T05:43:44.578+0000] {dag.py:3947} INFO - Setting next_dagrun for netflix_etl_pipeline to 2026-09-08 00:00:00+00:00, run_after=2026-09-09 00:00:00+00:00
[2026-09-09T05:43:44.605+0000] {processor.py:183} INFO - Processing /opt/airflow/dags/netflix_dag.py took 0.147 seconds
[2026-09-09T05:44:15.000+0000] {processor.py:161} INFO - Started process (PID=1501) to work on /opt/airflow/dags/netflix_dag.py
[2026-09-09T05:44:15.003+0000] {processor.py:830} INFO - Processing file /opt/airflow/dags/netflix_dag.py for tasks to queue
[2026-09-09T05:44:15.006+0000] {logging_mixin.py:188} INFO - [2026-09-09T05:44:15.006+0000] {dagbag.py:545} INFO - Filling up the DagBag from /opt/airflow/dags/netflix_dag.py
[2026-09-09T05:44:15.039+0000] {processor.py:840} INFO - DAG(s) 'netflix_etl_pipeline' retrieved from /opt/airflow/dags/netflix_dag.py
[2026-09-09T05:44:15.087+0000] {logging_mixin.py:188} INFO - [2026-09-09T05:44:15.087+0000] {dag.py:3089} INFO - Sync 1 DAGs
[2026-09-09T05:44:15.116+0000] {logging_mixin.py:188} INFO - [2026-09-09T05:44:15.115+0000] {dag.py:3947} INFO - Setting next_dagrun for netflix_etl_pipeline to 2026-09-08 00:00:00+00:00, run_after=2026-09-09 00:00:00+00:00
[2026-09-09T05:44:15.143+0000] {processor.py:183} INFO - Processing /opt/airflow/dags/netflix_dag.py took 0.153 seconds
[2026-09-09T05:44:45.565+0000] {processor.py:161} INFO - Started process (PID=1512) to work on /opt/airflow/dags/netflix_dag.py
[2026-09-09T05:44:45.567+0000] {processor.py:830} INFO - Processing file /opt/airflow/dags/netflix_dag.py for tasks to queue
[2026-09-09T05:44:45.570+0000] {logging_mixin.py:188} INFO - [2026-09-09T05:44:45.570+0000] {dagbag.py:545} INFO - Filling up the DagBag from /opt/airflow/dags/netflix_dag.py
[2026-09-09T05:44:45.598+0000] {processor.py:840} INFO - DAG(s) 'netflix_etl_pipeline' retrieved from /opt/airflow/dags/netflix_dag.py
[2026-09-09T05:44:45.660+0000] {logging_mixin.py:188} INFO - [2026-09-09T05:44:45.659+0000] {dag.py:3089} INFO - Sync 1 DAGs
[2026-09-09T05:44:45.691+0000] {logging_mixin.py:188} INFO - [2026-09-09T05:44:45.691+0000] {dag.py:3947} INFO - Setting next_dagrun for netflix_etl_pipeline to 2026-09-08 00:00:00+00:00, run_after=2026-09-09 00:00:00+00:00
[2026-09-09T05:44:45.725+0000] {processor.py:183} INFO - Processing /opt/airflow/dags/netflix_dag.py took 0.168 seconds
[2026-09-09T05:45:16.225+0000] {processor.py:161} INFO - Started process (PID=1523) to work on /opt/airflow/dags/netflix_dag.py
[2026-09-09T05:45:16.227+0000] {processor.py:830} INFO - Processing file /opt/airflow/dags/netflix_dag.py for tasks to queue
[2026-09-09T05:45:16.231+0000] {logging_mixin.py:188} INFO - [2026-09-09T05:45:16.231+0000] {dagbag.py:545} INFO - Filling up the DagBag from /opt/airflow/dags/netflix_dag.py
[2026-09-09T05:45:16.269+0000] {processor.py:840} INFO - DAG(s) 'netflix_etl_pipeline' retrieved from /opt/airflow/dags/netflix_dag.py
[2026-09-09T05:45:16.320+0000] {logging_mixin.py:188} INFO - [2026-09-09T05:45:16.320+0000] {dag.py:3089} INFO - Sync 1 DAGs
[2026-09-09T05:45:16.349+0000] {logging_mixin.py:188} INFO - [2026-09-09T05:45:16.349+0000] {dag.py:3947} INFO - Setting next_dagrun for netflix_etl_pipeline to 2026-09-08 00:00:00+00:00, run_after=2026-09-09 00:00:00+00:00
[2026-09-09T05:45:16.377+0000] {processor.py:183} INFO - Processing /opt/airflow/dags/netflix_dag.py took 0.161 seconds
[2026-09-09T05:45:46.645+0000] {processor.py:161} INFO - Started process (PID=1534) to work on /opt/airflow/dags/netflix_dag.py
[2026-09-09T05:45:46.651+0000] {processor.py:830} INFO - Processing file /opt/airflow/dags/netflix_dag.py for tasks to queue
[2026-09-09T05:45:46.654+0000] {logging_mixin.py:188} INFO - [2026-09-09T05:45:46.654+0000] {dagbag.py:545} INFO - Filling up the DagBag from /opt/airflow/dags/netflix_dag.py
[2026-09-09T05:45:46.687+0000] {processor.py:840} INFO - DAG(s) 'netflix_etl_pipeline' retrieved from /opt/airflow/dags/netflix_dag.py
[2026-09-09T05:45:46.736+0000] {logging_mixin.py:188} INFO - [2026-09-09T05:45:46.736+0000] {dag.py:3089} INFO - Sync 1 DAGs
[2026-09-09T05:45:46.766+0000] {logging_mixin.py:188} INFO - [2026-09-09T05:45:46.765+0000] {dag.py:3947} INFO - Setting next_dagrun for netflix_etl_pipeline to 2026-09-08 00:00:00+00:00, run_after=2026-09-09 00:00:00+00:00
[2026-09-09T05:45:46.796+0000] {processor.py:183} INFO - Processing /opt/airflow/dags/netflix_dag.py took 0.162 seconds
[2026-09-09T05:46:17.094+0000] {processor.py:161} INFO - Started process (PID=1545) to work on /opt/airflow/dags/netflix_dag.py
[2026-09-09T05:46:17.096+0000] {processor.py:830} INFO - Processing file /opt/airflow/dags/netflix_dag.py for tasks to queue
[2026-09-09T05:46:17.099+0000] {logging_mixin.py:188} INFO - [2026-09-09T05:46:17.099+0000] {dagbag.py:545} INFO - Filling up the DagBag from /opt/airflow/dags/netflix_dag.py
[2026-09-09T05:46:17.126+0000] {processor.py:840} INFO - DAG(s) 'netflix_etl_pipeline' retrieved from /opt/airflow/dags/netflix_dag.py
[2026-09-09T05:46:17.169+0000] {logging_mixin.py:188} INFO - [2026-09-09T05:46:17.169+0000] {dag.py:3089} INFO - Sync 1 DAGs
[2026-09-09T05:46:17.197+0000] {logging_mixin.py:188} INFO - [2026-09-09T05:46:17.197+0000] {dag.py:3947} INFO - Setting next_dagrun for netflix_etl_pipeline to 2026-09-08 00:00:00+00:00, run_after=2026-09-09 00:00:00+00:00
[2026-09-09T05:46:17.224+0000] {processor.py:183} INFO - Processing /opt/airflow/dags/netflix_dag.py took 0.137 seconds
[2026-09-09T05:46:47.713+0000] {processor.py:161} INFO - Started process (PID=1556) to work on /opt/airflow/dags/netflix_dag.py
[2026-09-09T05:46:47.715+0000] {processor.py:830} INFO - Processing file /opt/airflow/dags/netflix_dag.py for tasks to queue
[2026-09-09T05:46:47.718+0000] {logging_mixin.py:188} INFO - [2026-09-09T05:46:47.718+0000] {dagbag.py:545} INFO - Filling up the DagBag from /opt/airflow/dags/netflix_dag.py
[2026-09-09T05:46:47.747+0000] {processor.py:840} INFO - DAG(s) 'netflix_etl_pipeline' retrieved from /opt/airflow/dags/netflix_dag.py
[2026-09-09T05:46:47.791+0000] {logging_mixin.py:188} INFO - [2026-09-09T05:46:47.791+0000] {dag.py:3089} INFO - Sync 1 DAGs
[2026-09-09T05:46:47.820+0000] {logging_mixin.py:188} INFO - [2026-09-09T05:46:47.819+0000] {dag.py:3947} INFO - Setting next_dagrun for netflix_etl_pipeline to 2026-09-08 00:00:00+00:00, run_after=2026-09-09 00:00:00+00:00
[2026-09-09T05:46:47.847+0000] {processor.py:183} INFO - Processing /opt/airflow/dags/netflix_dag.py took 0.143 seconds
[2026-09-09T05:47:18.182+0000] {processor.py:161} INFO - Started process (PID=1567) to work on /opt/airflow/dags/netflix_dag.py
[2026-09-09T05:47:18.185+0000] {processor.py:830} INFO - Processing file /opt/airflow/dags/netflix_dag.py for tasks to queue
[2026-09-09T05:47:18.188+0000] {logging_mixin.py:188} INFO - [2026-09-09T05:47:18.188+0000] {dagbag.py:545} INFO - Filling up the DagBag from /opt/airflow/dags/netflix_dag.py
[2026-09-09T05:47:18.223+0000] {processor.py:840} INFO - DAG(s) 'netflix_etl_pipeline' retrieved from /opt/airflow/dags/netflix_dag.py
[2026-09-09T05:47:18.273+0000] {logging_mixin.py:188} INFO - [2026-09-09T05:47:18.273+0000] {dag.py:3089} INFO - Sync 1 DAGs
[2026-09-09T05:47:18.302+0000] {logging_mixin.py:188} INFO - [2026-09-09T05:47:18.302+0000] {dag.py:3947} INFO - Setting next_dagrun for netflix_etl_pipeline to 2026-09-08 00:00:00+00:00, run_after=2026-09-09 00:00:00+00:00
[2026-09-09T05:47:18.330+0000] {processor.py:183} INFO - Processing /opt/airflow/dags/netflix_dag.py took 0.157 seconds
[2026-09-09T05:47:48.715+0000] {processor.py:161} INFO - Started process (PID=1578) to work on /opt/airflow/dags/netflix_dag.py
[2026-09-09T05:47:48.718+0000] {processor.py:830} INFO - Processing file /opt/airflow/dags/netflix_dag.py for tasks to queue
[2026-09-09T05:47:48.721+0000] {logging_mixin.py:188} INFO - [2026-09-09T05:47:48.720+0000] {dagbag.py:545} INFO - Filling up the DagBag from /opt/airflow/dags/netflix_dag.py
[2026-09-09T05:47:48.751+0000] {processor.py:840} INFO - DAG(s) 'netflix_etl_pipeline' retrieved from /opt/airflow/dags/netflix_dag.py
[2026-09-09T05:47:48.795+0000] {logging_mixin.py:188} INFO - [2026-09-09T05:47:48.795+0000] {dag.py:3089} INFO - Sync 1 DAGs
[2026-09-09T05:47:48.824+0000] {logging_mixin.py:188} INFO - [2026-09-09T05:47:48.824+0000] {dag.py:3947} INFO - Setting next_dagrun for netflix_etl_pipeline to 2026-09-08 00:00:00+00:00, run_after=2026-09-09 00:00:00+00:00
[2026-09-09T05:47:48.851+0000] {processor.py:183} INFO - Processing /opt/airflow/dags/netflix_dag.py took 0.144 seconds
[2026-09-09T05:48:19.252+0000] {processor.py:161} INFO - Started process (PID=1589) to work on /opt/airflow/dags/netflix_dag.py
[2026-09-09T05:48:19.254+0000] {processor.py:830} INFO - Processing file /opt/airflow/dags/netflix_dag.py for tasks to queue
[2026-09-09T05:48:19.257+0000] {logging_mixin.py:188} INFO - [2026-09-09T05:48:19.256+0000] {dagbag.py:545} INFO - Filling up the DagBag from /opt/airflow/dags/netflix_dag.py
[2026-09-09T05:48:19.288+0000] {processor.py:840} INFO - DAG(s) 'netflix_etl_pipeline' retrieved from /opt/airflow/dags/netflix_dag.py
[2026-09-09T05:48:19.332+0000] {logging_mixin.py:188} INFO - [2026-09-09T05:48:19.332+0000] {dag.py:3089} INFO - Sync 1 DAGs
[2026-09-09T05:48:19.362+0000] {logging_mixin.py:188} INFO - [2026-09-09T05:48:19.362+0000] {dag.py:3947} INFO - Setting next_dagrun for netflix_etl_pipeline to 2026-09-08 00:00:00+00:00, run_after=2026-09-09 00:00:00+00:00
[2026-09-09T05:48:19.389+0000] {processor.py:183} INFO - Processing /opt/airflow/dags/netflix_dag.py took 0.144 seconds
[2026-09-09T05:48:49.757+0000] {processor.py:161} INFO - Started process (PID=1600) to work on /opt/airflow/dags/netflix_dag.py
[2026-09-09T05:48:49.759+0000] {processor.py:830} INFO - Processing file /opt/airflow/dags/netflix_dag.py for tasks to queue
[2026-09-09T05:48:49.763+0000] {logging_mixin.py:188} INFO - [2026-09-09T05:48:49.762+0000] {dagbag.py:545} INFO - Filling up the DagBag from /opt/airflow/dags/netflix_dag.py
[2026-09-09T05:48:49.795+0000] {processor.py:840} INFO - DAG(s) 'netflix_etl_pipeline' retrieved from /opt/airflow/dags/netflix_dag.py
[2026-09-09T05:48:49.841+0000] {logging_mixin.py:188} INFO - [2026-09-09T05:48:49.840+0000] {dag.py:3089} INFO - Sync 1 DAGs
[2026-09-09T05:48:49.873+0000] {logging_mixin.py:188} INFO - [2026-09-09T05:48:49.873+0000] {dag.py:3947} INFO - Setting next_dagrun for netflix_etl_pipeline to 2026-09-08 00:00:00+00:00, run_after=2026-09-09 00:00:00+00:00
[2026-09-09T05:48:49.903+0000] {processor.py:183} INFO - Processing /opt/airflow/dags/netflix_dag.py took 0.155 seconds
[2026-09-09T05:49:20.298+0000] {processor.py:161} INFO - Started process (PID=1611) to work on /opt/airflow/dags/netflix_dag.py
[2026-09-09T05:49:20.300+0000] {processor.py:830} INFO - Processing file /opt/airflow/dags/netflix_dag.py for tasks to queue
[2026-09-09T05:49:20.304+0000] {logging_mixin.py:188} INFO - [2026-09-09T05:49:20.303+0000] {dagbag.py:545} INFO - Filling up the DagBag from /opt/airflow/dags/netflix_dag.py
[2026-09-09T05:49:20.333+0000] {processor.py:840} INFO - DAG(s) 'netflix_etl_pipeline' retrieved from /opt/airflow/dags/netflix_dag.py
[2026-09-09T05:49:20.379+0000] {logging_mixin.py:188} INFO - [2026-09-09T05:49:20.378+0000] {dag.py:3089} INFO - Sync 1 DAGs
[2026-09-09T05:49:20.408+0000] {logging_mixin.py:188} INFO - [2026-09-09T05:49:20.407+0000] {dag.py:3947} INFO - Setting next_dagrun for netflix_etl_pipeline to 2026-09-08 00:00:00+00:00, run_after=2026-09-09 00:00:00+00:00
[2026-09-09T05:49:20.435+0000] {processor.py:183} INFO - Processing /opt/airflow/dags/netflix_dag.py took 0.146 seconds
[2026-09-09T05:49:50.848+0000] {processor.py:161} INFO - Started process (PID=1622) to work on /opt/airflow/dags/netflix_dag.py
[2026-09-09T05:49:50.850+0000] {processor.py:830} INFO - Processing file /opt/airflow/dags/netflix_dag.py for tasks to queue
[2026-09-09T05:49:50.854+0000] {logging_mixin.py:188} INFO - [2026-09-09T05:49:50.854+0000] {dagbag.py:545} INFO - Filling up the DagBag from /opt/airflow/dags/netflix_dag.py
[2026-09-09T05:49:50.885+0000] {processor.py:840} INFO - DAG(s) 'netflix_etl_pipeline' retrieved from /opt/airflow/dags/netflix_dag.py
[2026-09-09T05:49:50.930+0000] {logging_mixin.py:188} INFO - [2026-09-09T05:49:50.929+0000] {dag.py:3089} INFO - Sync 1 DAGs
[2026-09-09T05:49:50.958+0000] {logging_mixin.py:188} INFO - [2026-09-09T05:49:50.958+0000] {dag.py:3947} INFO - Setting next_dagrun for netflix_etl_pipeline to 2026-09-08 00:00:00+00:00, run_after=2026-09-09 00:00:00+00:00
[2026-09-09T05:49:50.986+0000] {processor.py:183} INFO - Processing /opt/airflow/dags/netflix_dag.py took 0.146 seconds
[2026-09-09T05:50:21.388+0000] {processor.py:161} INFO - Started process (PID=1633) to work on /opt/airflow/dags/netflix_dag.py
[2026-09-09T05:50:21.390+0000] {processor.py:830} INFO - Processing file /opt/airflow/dags/netflix_dag.py for tasks to queue
[2026-09-09T05:50:21.394+0000] {logging_mixin.py:188} INFO - [2026-09-09T05:50:21.394+0000] {dagbag.py:545} INFO - Filling up the DagBag from /opt/airflow/dags/netflix_dag.py
[2026-09-09T05:50:21.424+0000] {processor.py:840} INFO - DAG(s) 'netflix_etl_pipeline' retrieved from /opt/airflow/dags/netflix_dag.py
[2026-09-09T05:50:21.467+0000] {logging_mixin.py:188} INFO - [2026-09-09T05:50:21.466+0000] {dag.py:3089} INFO - Sync 1 DAGs
[2026-09-09T05:50:21.494+0000] {logging_mixin.py:188} INFO - [2026-09-09T05:50:21.493+0000] {dag.py:3947} INFO - Setting next_dagrun for netflix_etl_pipeline to 2026-09-08 00:00:00+00:00, run_after=2026-09-09 00:00:00+00:00
[2026-09-09T05:50:21.522+0000] {processor.py:183} INFO - Processing /opt/airflow/dags/netflix_dag.py took 0.141 seconds
[2026-09-09T05:50:51.833+0000] {processor.py:161} INFO - Started process (PID=1644) to work on /opt/airflow/dags/netflix_dag.py
[2026-09-09T05:50:51.835+0000] {processor.py:830} INFO - Processing file /opt/airflow/dags/netflix_dag.py for tasks to queue
[2026-09-09T05:50:51.839+0000] {logging_mixin.py:188} INFO - [2026-09-09T05:50:51.839+0000] {dagbag.py:545} INFO - Filling up the DagBag from /opt/airflow/dags/netflix_dag.py
[2026-09-09T05:50:51.868+0000] {processor.py:840} INFO - DAG(s) 'netflix_etl_pipeline' retrieved from /opt/airflow/dags/netflix_dag.py
[2026-09-09T05:50:51.912+0000] {logging_mixin.py:188} INFO - [2026-09-09T05:50:51.912+0000] {dag.py:3089} INFO - Sync 1 DAGs
[2026-09-09T05:50:51.940+0000] {logging_mixin.py:188} INFO - [2026-09-09T05:50:51.940+0000] {dag.py:3947} INFO - Setting next_dagrun for netflix_etl_pipeline to 2026-09-08 00:00:00+00:00, run_after=2026-09-09 00:00:00+00:00
[2026-09-09T05:50:51.967+0000] {processor.py:183} INFO - Processing /opt/airflow/dags/netflix_dag.py took 0.142 seconds
[2026-09-09T05:51:22.430+0000] {processor.py:161} INFO - Started process (PID=1655) to work on /opt/airflow/dags/netflix_dag.py
[2026-09-09T05:51:22.432+0000] {processor.py:830} INFO - Processing file /opt/airflow/dags/netflix_dag.py for tasks to queue
[2026-09-09T05:51:22.436+0000] {logging_mixin.py:188} INFO - [2026-09-09T05:51:22.435+0000] {dagbag.py:545} INFO - Filling up the DagBag from /opt/airflow/dags/netflix_dag.py
[2026-09-09T05:51:22.469+0000] {processor.py:840} INFO - DAG(s) 'netflix_etl_pipeline' retrieved from /opt/airflow/dags/netflix_dag.py
[2026-09-09T05:51:22.515+0000] {logging_mixin.py:188} INFO - [2026-09-09T05:51:22.515+0000] {dag.py:3089} INFO - Sync 1 DAGs
[2026-09-09T05:51:22.544+0000] {logging_mixin.py:188} INFO - [2026-09-09T05:51:22.543+0000] {dag.py:3947} INFO - Setting next_dagrun for netflix_etl_pipeline to 2026-09-08 00:00:00+00:00, run_after=2026-09-09 00:00:00+00:00
[2026-09-09T05:51:22.571+0000] {processor.py:183} INFO - Processing /opt/airflow/dags/netflix_dag.py took 0.148 seconds
[2026-09-09T05:51:52.925+0000] {processor.py:161} INFO - Started process (PID=1666) to work on /opt/airflow/dags/netflix_dag.py
[2026-09-09T05:51:52.927+0000] {processor.py:830} INFO - Processing file /opt/airflow/dags/netflix_dag.py for tasks to queue
[2026-09-09T05:51:52.931+0000] {logging_mixin.py:188} INFO - [2026-09-09T05:51:52.931+0000] {dagbag.py:545} INFO - Filling up the DagBag from /opt/airflow/dags/netflix_dag.py
[2026-09-09T05:51:52.964+0000] {processor.py:840} INFO - DAG(s) 'netflix_etl_pipeline' retrieved from /opt/airflow/dags/netflix_dag.py
[2026-09-09T05:51:53.010+0000] {logging_mixin.py:188} INFO - [2026-09-09T05:51:53.010+0000] {dag.py:3089} INFO - Sync 1 DAGs
[2026-09-09T05:51:53.039+0000] {logging_mixin.py:188} INFO - [2026-09-09T05:51:53.039+0000] {dag.py:3947} INFO - Setting next_dagrun for netflix_etl_pipeline to 2026-09-08 00:00:00+00:00, run_after=2026-09-09 00:00:00+00:00
[2026-09-09T05:51:53.067+0000] {processor.py:183} INFO - Processing /opt/airflow/dags/netflix_dag.py took 0.151 seconds
[2026-09-09T05:52:23.463+0000] {processor.py:161} INFO - Started process (PID=1677) to work on /opt/airflow/dags/netflix_dag.py
[2026-09-09T05:52:23.466+0000] {processor.py:830} INFO - Processing file /opt/airflow/dags/netflix_dag.py for tasks to queue
[2026-09-09T05:52:23.471+0000] {logging_mixin.py:188} INFO - [2026-09-09T05:52:23.471+0000] {dagbag.py:545} INFO - Filling up the DagBag from /opt/airflow/dags/netflix_dag.py
[2026-09-09T05:52:23.501+0000] {processor.py:840} INFO - DAG(s) 'netflix_etl_pipeline' retrieved from /opt/airflow/dags/netflix_dag.py
[2026-09-09T05:52:23.553+0000] {logging_mixin.py:188} INFO - [2026-09-09T05:52:23.552+0000] {dag.py:3089} INFO - Sync 1 DAGs
[2026-09-09T05:52:23.588+0000] {logging_mixin.py:188} INFO - [2026-09-09T05:52:23.588+0000] {dag.py:3947} INFO - Setting next_dagrun for netflix_etl_pipeline to 2026-09-08 00:00:00+00:00, run_after=2026-09-09 00:00:00+00:00
[2026-09-09T05:52:23.622+0000] {processor.py:183} INFO - Processing /opt/airflow/dags/netflix_dag.py took 0.168 seconds
[2026-09-09T05:52:53.909+0000] {processor.py:161} INFO - Started process (PID=1688) to work on /opt/airflow/dags/netflix_dag.py
[2026-09-09T05:52:53.911+0000] {processor.py:830} INFO - Processing file /opt/airflow/dags/netflix_dag.py for tasks to queue
[2026-09-09T05:52:53.915+0000] {logging_mixin.py:188} INFO - [2026-09-09T05:52:53.915+0000] {dagbag.py:545} INFO - Filling up the DagBag from /opt/airflow/dags/netflix_dag.py
[2026-09-09T05:52:53.944+0000] {processor.py:840} INFO - DAG(s) 'netflix_etl_pipeline' retrieved from /opt/airflow/dags/netflix_dag.py
[2026-09-09T05:52:53.987+0000] {logging_mixin.py:188} INFO - [2026-09-09T05:52:53.987+0000] {dag.py:3089} INFO - Sync 1 DAGs
[2026-09-09T05:52:54.015+0000] {logging_mixin.py:188} INFO - [2026-09-09T05:52:54.014+0000] {dag.py:3947} INFO - Setting next_dagrun for netflix_etl_pipeline to 2026-09-08 00:00:00+00:00, run_after=2026-09-09 00:00:00+00:00
[2026-09-09T05:52:54.041+0000] {processor.py:183} INFO - Processing /opt/airflow/dags/netflix_dag.py took 0.140 seconds
[2026-09-09T05:53:24.449+0000] {processor.py:161} INFO - Started process (PID=1699) to work on /opt/airflow/dags/netflix_dag.py
[2026-09-09T05:53:24.451+0000] {processor.py:830} INFO - Processing file /opt/airflow/dags/netflix_dag.py for tasks to queue
[2026-09-09T05:53:24.455+0000] {logging_mixin.py:188} INFO - [2026-09-09T05:53:24.455+0000] {dagbag.py:545} INFO - Filling up the DagBag from /opt/airflow/dags/netflix_dag.py
[2026-09-09T05:53:24.489+0000] {processor.py:840} INFO - DAG(s) 'netflix_etl_pipeline' retrieved from /opt/airflow/dags/netflix_dag.py
[2026-09-09T05:53:24.534+0000] {logging_mixin.py:188} INFO - [2026-09-09T05:53:24.534+0000] {dag.py:3089} INFO - Sync 1 DAGs
[2026-09-09T05:53:24.565+0000] {logging_mixin.py:188} INFO - [2026-09-09T05:53:24.565+0000] {dag.py:3947} INFO - Setting next_dagrun for netflix_etl_pipeline to 2026-09-08 00:00:00+00:00, run_after=2026-09-09 00:00:00+00:00
[2026-09-09T05:53:24.591+0000] {processor.py:183} INFO - Processing /opt/airflow/dags/netflix_dag.py took 0.150 seconds
[2026-09-09T05:53:54.887+0000] {processor.py:161} INFO - Started process (PID=1710) to work on /opt/airflow/dags/netflix_dag.py
[2026-09-09T05:53:54.889+0000] {processor.py:830} INFO - Processing file /opt/airflow/dags/netflix_dag.py for tasks to queue
[2026-09-09T05:53:54.893+0000] {logging_mixin.py:188} INFO - [2026-09-09T05:53:54.893+0000] {dagbag.py:545} INFO - Filling up the DagBag from /opt/airflow/dags/netflix_dag.py
[2026-09-09T05:53:54.927+0000] {processor.py:840} INFO - DAG(s) 'netflix_etl_pipeline' retrieved from /opt/airflow/dags/netflix_dag.py
[2026-09-09T05:53:54.973+0000] {logging_mixin.py:188} INFO - [2026-09-09T05:53:54.973+0000] {dag.py:3089} INFO - Sync 1 DAGs
[2026-09-09T05:53:55.003+0000] {logging_mixin.py:188} INFO - [2026-09-09T05:53:55.003+0000] {dag.py:3947} INFO - Setting next_dagrun for netflix_etl_pipeline to 2026-09-08 00:00:00+00:00, run_after=2026-09-09 00:00:00+00:00
[2026-09-09T05:53:55.030+0000] {processor.py:183} INFO - Processing /opt/airflow/dags/netflix_dag.py took 0.152 seconds
[2026-09-09T05:54:25.468+0000] {processor.py:161} INFO - Started process (PID=1721) to work on /opt/airflow/dags/netflix_dag.py
[2026-09-09T05:54:25.470+0000] {processor.py:830} INFO - Processing file /opt/airflow/dags/netflix_dag.py for tasks to queue
[2026-09-09T05:54:25.473+0000] {logging_mixin.py:188} INFO - [2026-09-09T05:54:25.473+0000] {dagbag.py:545} INFO - Filling up the DagBag from /opt/airflow/dags/netflix_dag.py
[2026-09-09T05:54:25.504+0000] {processor.py:840} INFO - DAG(s) 'netflix_etl_pipeline' retrieved from /opt/airflow/dags/netflix_dag.py
[2026-09-09T05:54:25.549+0000] {logging_mixin.py:188} INFO - [2026-09-09T05:54:25.549+0000] {dag.py:3089} INFO - Sync 1 DAGs
[2026-09-09T05:54:25.579+0000] {logging_mixin.py:188} INFO - [2026-09-09T05:54:25.579+0000] {dag.py:3947} INFO - Setting next_dagrun for netflix_etl_pipeline to 2026-09-08 00:00:00+00:00, run_after=2026-09-09 00:00:00+00:00
[2026-09-09T05:54:25.605+0000] {processor.py:183} INFO - Processing /opt/airflow/dags/netflix_dag.py took 0.147 seconds
[2026-09-09T05:54:55.883+0000] {processor.py:161} INFO - Started process (PID=1732) to work on /opt/airflow/dags/netflix_dag.py
[2026-09-09T05:54:55.885+0000] {processor.py:830} INFO - Processing file /opt/airflow/dags/netflix_dag.py for tasks to queue
[2026-09-09T05:54:55.887+0000] {logging_mixin.py:188} INFO - [2026-09-09T05:54:55.887+0000] {dagbag.py:545} INFO - Filling up the DagBag from /opt/airflow/dags/netflix_dag.py
[2026-09-09T05:54:55.914+0000] {processor.py:840} INFO - DAG(s) 'netflix_etl_pipeline' retrieved from /opt/airflow/dags/netflix_dag.py
[2026-09-09T05:54:55.961+0000] {logging_mixin.py:188} INFO - [2026-09-09T05:54:55.961+0000] {dag.py:3089} INFO - Sync 1 DAGs
[2026-09-09T05:54:55.990+0000] {logging_mixin.py:188} INFO - [2026-09-09T05:54:55.990+0000] {dag.py:3947} INFO - Setting next_dagrun for netflix_etl_pipeline to 2026-09-08 00:00:00+00:00, run_after=2026-09-09 00:00:00+00:00
[2026-09-09T05:54:56.018+0000] {processor.py:183} INFO - Processing /opt/airflow/dags/netflix_dag.py took 0.142 seconds
[2026-09-09T05:55:26.372+0000] {processor.py:161} INFO - Started process (PID=1743) to work on /opt/airflow/dags/netflix_dag.py
[2026-09-09T05:55:26.374+0000] {processor.py:830} INFO - Processing file /opt/airflow/dags/netflix_dag.py for tasks to queue
[2026-09-09T05:55:26.378+0000] {logging_mixin.py:188} INFO - [2026-09-09T05:55:26.377+0000] {dagbag.py:545} INFO - Filling up the DagBag from /opt/airflow/dags/netflix_dag.py
[2026-09-09T05:55:26.411+0000] {processor.py:840} INFO - DAG(s) 'netflix_etl_pipeline' retrieved from /opt/airflow/dags/netflix_dag.py
[2026-09-09T05:55:26.461+0000] {logging_mixin.py:188} INFO - [2026-09-09T05:55:26.461+0000] {dag.py:3089} INFO - Sync 1 DAGs
[2026-09-09T05:55:26.491+0000] {logging_mixin.py:188} INFO - [2026-09-09T05:55:26.491+0000] {dag.py:3947} INFO - Setting next_dagrun for netflix_etl_pipeline to 2026-09-08 00:00:00+00:00, run_after=2026-09-09 00:00:00+00:00
[2026-09-09T05:55:26.518+0000] {processor.py:183} INFO - Processing /opt/airflow/dags/netflix_dag.py took 0.156 seconds
[2026-09-09T05:55:56.912+0000] {processor.py:161} INFO - Started process (PID=1754) to work on /opt/airflow/dags/netflix_dag.py
[2026-09-09T05:55:56.915+0000] {processor.py:830} INFO - Processing file /opt/airflow/dags/netflix_dag.py for tasks to queue
[2026-09-09T05:55:56.918+0000] {logging_mixin.py:188} INFO - [2026-09-09T05:55:56.918+0000] {dagbag.py:545} INFO - Filling up the DagBag from /opt/airflow/dags/netflix_dag.py
[2026-09-09T05:55:56.951+0000] {processor.py:840} INFO - DAG(s) 'netflix_etl_pipeline' retrieved from /opt/airflow/dags/netflix_dag.py
[2026-09-09T05:55:56.996+0000] {logging_mixin.py:188} INFO - [2026-09-09T05:55:56.995+0000] {dag.py:3089} INFO - Sync 1 DAGs
[2026-09-09T05:55:57.024+0000] {logging_mixin.py:188} INFO - [2026-09-09T05:55:57.024+0000] {dag.py:3947} INFO - Setting next_dagrun for netflix_etl_pipeline to 2026-09-08 00:00:00+00:00, run_after=2026-09-09 00:00:00+00:00
[2026-09-09T05:55:57.053+0000] {processor.py:183} INFO - Processing /opt/airflow/dags/netflix_dag.py took 0.150 seconds
[2026-09-09T05:56:27.448+0000] {processor.py:161} INFO - Started process (PID=1765) to work on /opt/airflow/dags/netflix_dag.py
[2026-09-09T05:56:27.450+0000] {processor.py:830} INFO - Processing file /opt/airflow/dags/netflix_dag.py for tasks to queue
[2026-09-09T05:56:27.453+0000] {logging_mixin.py:188} INFO - [2026-09-09T05:56:27.453+0000] {dagbag.py:545} INFO - Filling up the DagBag from /opt/airflow/dags/netflix_dag.py
[2026-09-09T05:56:27.487+0000] {processor.py:840} INFO - DAG(s) 'netflix_etl_pipeline' retrieved from /opt/airflow/dags/netflix_dag.py
[2026-09-09T05:56:27.533+0000] {logging_mixin.py:188} INFO - [2026-09-09T05:56:27.533+0000] {dag.py:3089} INFO - Sync 1 DAGs
[2026-09-09T05:56:27.563+0000] {logging_mixin.py:188} INFO - [2026-09-09T05:56:27.563+0000] {dag.py:3947} INFO - Setting next_dagrun for netflix_etl_pipeline to 2026-09-08 00:00:00+00:00, run_after=2026-09-09 00:00:00+00:00
[2026-09-09T05:56:27.591+0000] {processor.py:183} INFO - Processing /opt/airflow/dags/netflix_dag.py took 0.152 seconds
[2026-09-09T05:56:57.780+0000] {processor.py:161} INFO - Started process (PID=1776) to work on /opt/airflow/dags/netflix_dag.py
[2026-09-09T05:56:57.782+0000] {processor.py:830} INFO - Processing file /opt/airflow/dags/netflix_dag.py for tasks to queue
[2026-09-09T05:56:57.785+0000] {logging_mixin.py:188} INFO - [2026-09-09T05:56:57.785+0000] {dagbag.py:545} INFO - Filling up the DagBag from /opt/airflow/dags/netflix_dag.py
[2026-09-09T05:56:57.807+0000] {processor.py:840} INFO - DAG(s) 'netflix_etl_pipeline' retrieved from /opt/airflow/dags/netflix_dag.py
[2026-09-09T05:56:57.849+0000] {logging_mixin.py:188} INFO - [2026-09-09T05:56:57.849+0000] {dag.py:3089} INFO - Sync 1 DAGs
[2026-09-09T05:56:57.877+0000] {logging_mixin.py:188} INFO - [2026-09-09T05:56:57.876+0000] {dag.py:3947} INFO - Setting next_dagrun for netflix_etl_pipeline to 2026-09-08 00:00:00+00:00, run_after=2026-09-09 00:00:00+00:00
[2026-09-09T05:56:57.902+0000] {processor.py:183} INFO - Processing /opt/airflow/dags/netflix_dag.py took 0.129 seconds
[2026-09-09T05:57:28.298+0000] {processor.py:161} INFO - Started process (PID=1787) to work on /opt/airflow/dags/netflix_dag.py
[2026-09-09T05:57:28.300+0000] {processor.py:830} INFO - Processing file /opt/airflow/dags/netflix_dag.py for tasks to queue
[2026-09-09T05:57:28.303+0000] {logging_mixin.py:188} INFO - [2026-09-09T05:57:28.303+0000] {dagbag.py:545} INFO - Filling up the DagBag from /opt/airflow/dags/netflix_dag.py
[2026-09-09T05:57:28.332+0000] {processor.py:840} INFO - DAG(s) 'netflix_etl_pipeline' retrieved from /opt/airflow/dags/netflix_dag.py
[2026-09-09T05:57:28.374+0000] {logging_mixin.py:188} INFO - [2026-09-09T05:57:28.374+0000] {dag.py:3089} INFO - Sync 1 DAGs
[2026-09-09T05:57:28.402+0000] {logging_mixin.py:188} INFO - [2026-09-09T05:57:28.402+0000] {dag.py:3947} INFO - Setting next_dagrun for netflix_etl_pipeline to 2026-09-08 00:00:00+00:00, run_after=2026-09-09 00:00:00+00:00
[2026-09-09T05:57:28.429+0000] {processor.py:183} INFO - Processing /opt/airflow/dags/netflix_dag.py took 0.138 seconds
[2026-09-09T05:57:58.810+0000] {processor.py:161} INFO - Started process (PID=1798) to work on /opt/airflow/dags/netflix_dag.py
[2026-09-09T05:57:58.813+0000] {processor.py:830} INFO - Processing file /opt/airflow/dags/netflix_dag.py for tasks to queue
[2026-09-09T05:57:58.817+0000] {logging_mixin.py:188} INFO - [2026-09-09T05:57:58.816+0000] {dagbag.py:545} INFO - Filling up the DagBag from /opt/airflow/dags/netflix_dag.py
[2026-09-09T05:57:58.851+0000] {processor.py:840} INFO - DAG(s) 'netflix_etl_pipeline' retrieved from /opt/airflow/dags/netflix_dag.py
[2026-09-09T05:57:58.897+0000] {logging_mixin.py:188} INFO - [2026-09-09T05:57:58.896+0000] {dag.py:3089} INFO - Sync 1 DAGs
[2026-09-09T05:57:58.925+0000] {logging_mixin.py:188} INFO - [2026-09-09T05:57:58.925+0000] {dag.py:3947} INFO - Setting next_dagrun for netflix_etl_pipeline to 2026-09-08 00:00:00+00:00, run_after=2026-09-09 00:00:00+00:00
[2026-09-09T05:57:58.952+0000] {processor.py:183} INFO - Processing /opt/airflow/dags/netflix_dag.py took 0.161 seconds
[2026-09-09T05:58:29.366+0000] {processor.py:161} INFO - Started process (PID=1809) to work on /opt/airflow/dags/netflix_dag.py
[2026-09-09T05:58:29.368+0000] {processor.py:830} INFO - Processing file /opt/airflow/dags/netflix_dag.py for tasks to queue
[2026-09-09T05:58:29.371+0000] {logging_mixin.py:188} INFO - [2026-09-09T05:58:29.370+0000] {dagbag.py:545} INFO - Filling up the DagBag from /opt/airflow/dags/netflix_dag.py
[2026-09-09T05:58:29.400+0000] {processor.py:840} INFO - DAG(s) 'netflix_etl_pipeline' retrieved from /opt/airflow/dags/netflix_dag.py
[2026-09-09T05:58:29.445+0000] {logging_mixin.py:188} INFO - [2026-09-09T05:58:29.445+0000] {dag.py:3089} INFO - Sync 1 DAGs
[2026-09-09T05:58:29.474+0000] {logging_mixin.py:188} INFO - [2026-09-09T05:58:29.474+0000] {dag.py:3947} INFO - Setting next_dagrun for netflix_etl_pipeline to 2026-09-08 00:00:00+00:00, run_after=2026-09-09 00:00:00+00:00
[2026-09-09T05:58:29.501+0000] {processor.py:183} INFO - Processing /opt/airflow/dags/netflix_dag.py took 0.142 seconds
[2026-09-09T05:58:59.793+0000] {processor.py:161} INFO - Started process (PID=1821) to work on /opt/airflow/dags/netflix_dag.py
[2026-09-09T05:58:59.795+0000] {processor.py:830} INFO - Processing file /opt/airflow/dags/netflix_dag.py for tasks to queue
[2026-09-09T05:58:59.798+0000] {logging_mixin.py:188} INFO - [2026-09-09T05:58:59.798+0000] {dagbag.py:545} INFO - Filling up the DagBag from /opt/airflow/dags/netflix_dag.py
[2026-09-09T05:58:59.830+0000] {processor.py:840} INFO - DAG(s) 'netflix_etl_pipeline' retrieved from /opt/airflow/dags/netflix_dag.py
[2026-09-09T05:58:59.877+0000] {logging_mixin.py:188} INFO - [2026-09-09T05:58:59.876+0000] {dag.py:3089} INFO - Sync 1 DAGs
[2026-09-09T05:58:59.905+0000] {logging_mixin.py:188} INFO - [2026-09-09T05:58:59.905+0000] {dag.py:3947} INFO - Setting next_dagrun for netflix_etl_pipeline to 2026-09-08 00:00:00+00:00, run_after=2026-09-09 00:00:00+00:00
[2026-09-09T05:58:59.934+0000] {processor.py:183} INFO - Processing /opt/airflow/dags/netflix_dag.py took 0.148 seconds
[2026-09-09T05:59:30.417+0000] {processor.py:161} INFO - Started process (PID=1832) to work on /opt/airflow/dags/netflix_dag.py
[2026-09-09T05:59:30.419+0000] {processor.py:830} INFO - Processing file /opt/airflow/dags/netflix_dag.py for tasks to queue
[2026-09-09T05:59:30.422+0000] {logging_mixin.py:188} INFO - [2026-09-09T05:59:30.422+0000] {dagbag.py:545} INFO - Filling up the DagBag from /opt/airflow/dags/netflix_dag.py
[2026-09-09T05:59:30.452+0000] {processor.py:840} INFO - DAG(s) 'netflix_etl_pipeline' retrieved from /opt/airflow/dags/netflix_dag.py
[2026-09-09T05:59:30.498+0000] {logging_mixin.py:188} INFO - [2026-09-09T05:59:30.498+0000] {dag.py:3089} INFO - Sync 1 DAGs
[2026-09-09T05:59:30.528+0000] {logging_mixin.py:188} INFO - [2026-09-09T05:59:30.528+0000] {dag.py:3947} INFO - Setting next_dagrun for netflix_etl_pipeline to 2026-09-08 00:00:00+00:00, run_after=2026-09-09 00:00:00+00:00
[2026-09-09T05:59:30.554+0000] {processor.py:183} INFO - Processing /opt/airflow/dags/netflix_dag.py took 0.145 seconds
[2026-09-09T06:00:01.016+0000] {processor.py:161} INFO - Started process (PID=1843) to work on /opt/airflow/dags/netflix_dag.py
[2026-09-09T06:00:01.018+0000] {processor.py:830} INFO - Processing file /opt/airflow/dags/netflix_dag.py for tasks to queue
[2026-09-09T06:00:01.022+0000] {logging_mixin.py:188} INFO - [2026-09-09T06:00:01.021+0000] {dagbag.py:545} INFO - Filling up the DagBag from /opt/airflow/dags/netflix_dag.py
[2026-09-09T06:00:01.055+0000] {processor.py:840} INFO - DAG(s) 'netflix_etl_pipeline' retrieved from /opt/airflow/dags/netflix_dag.py
[2026-09-09T06:00:01.101+0000] {logging_mixin.py:188} INFO - [2026-09-09T06:00:01.100+0000] {dag.py:3089} INFO - Sync 1 DAGs
[2026-09-09T06:00:01.131+0000] {logging_mixin.py:188} INFO - [2026-09-09T06:00:01.131+0000] {dag.py:3947} INFO - Setting next_dagrun for netflix_etl_pipeline to 2026-09-08 00:00:00+00:00, run_after=2026-09-09 00:00:00+00:00
[2026-09-09T06:00:01.159+0000] {processor.py:183} INFO - Processing /opt/airflow/dags/netflix_dag.py took 0.151 seconds
[2026-09-09T06:00:31.426+0000] {processor.py:161} INFO - Started process (PID=1854) to work on /opt/airflow/dags/netflix_dag.py
[2026-09-09T06:00:31.428+0000] {processor.py:830} INFO - Processing file /opt/airflow/dags/netflix_dag.py for tasks to queue
[2026-09-09T06:00:31.432+0000] {logging_mixin.py:188} INFO - [2026-09-09T06:00:31.431+0000] {dagbag.py:545} INFO - Filling up the DagBag from /opt/airflow/dags/netflix_dag.py
[2026-09-09T06:00:31.463+0000] {processor.py:840} INFO - DAG(s) 'netflix_etl_pipeline' retrieved from /opt/airflow/dags/netflix_dag.py
[2026-09-09T06:00:31.509+0000] {logging_mixin.py:188} INFO - [2026-09-09T06:00:31.509+0000] {dag.py:3089} INFO - Sync 1 DAGs
[2026-09-09T06:00:31.538+0000] {logging_mixin.py:188} INFO - [2026-09-09T06:00:31.538+0000] {dag.py:3947} INFO - Setting next_dagrun for netflix_etl_pipeline to 2026-09-08 00:00:00+00:00, run_after=2026-09-09 00:00:00+00:00
[2026-09-09T06:00:31.566+0000] {processor.py:183} INFO - Processing /opt/airflow/dags/netflix_dag.py took 0.150 seconds
[2026-09-09T06:01:01.846+0000] {processor.py:161} INFO - Started process (PID=1865) to work on /opt/airflow/dags/netflix_dag.py
[2026-09-09T06:01:01.848+0000] {processor.py:830} INFO - Processing file /opt/airflow/dags/netflix_dag.py for tasks to queue
[2026-09-09T06:01:01.851+0000] {logging_mixin.py:188} INFO - [2026-09-09T06:01:01.850+0000] {dagbag.py:545} INFO - Filling up the DagBag from /opt/airflow/dags/netflix_dag.py
[2026-09-09T06:01:01.883+0000] {processor.py:840} INFO - DAG(s) 'netflix_etl_pipeline' retrieved from /opt/airflow/dags/netflix_dag.py
[2026-09-09T06:01:01.926+0000] {logging_mixin.py:188} INFO - [2026-09-09T06:01:01.926+0000] {dag.py:3089} INFO - Sync 1 DAGs
[2026-09-09T06:01:01.953+0000] {logging_mixin.py:188} INFO - [2026-09-09T06:01:01.953+0000] {dag.py:3947} INFO - Setting next_dagrun for netflix_etl_pipeline to 2026-09-08 00:00:00+00:00, run_after=2026-09-09 00:00:00+00:00
[2026-09-09T06:01:01.981+0000] {processor.py:183} INFO - Processing /opt/airflow/dags/netflix_dag.py took 0.143 seconds
[2026-09-09T06:01:32.469+0000] {processor.py:161} INFO - Started process (PID=1876) to work on /opt/airflow/dags/netflix_dag.py
[2026-09-09T06:01:32.472+0000] {processor.py:830} INFO - Processing file /opt/airflow/dags/netflix_dag.py for tasks to queue
[2026-09-09T06:01:32.475+0000] {logging_mixin.py:188} INFO - [2026-09-09T06:01:32.474+0000] {dagbag.py:545} INFO - Filling up the DagBag from /opt/airflow/dags/netflix_dag.py
[2026-09-09T06:01:32.506+0000] {processor.py:840} INFO - DAG(s) 'netflix_etl_pipeline' retrieved from /opt/airflow/dags/netflix_dag.py
[2026-09-09T06:01:32.551+0000] {logging_mixin.py:188} INFO - [2026-09-09T06:01:32.550+0000] {dag.py:3089} INFO - Sync 1 DAGs
[2026-09-09T06:01:32.579+0000] {logging_mixin.py:188} INFO - [2026-09-09T06:01:32.579+0000] {dag.py:3947} INFO - Setting next_dagrun for netflix_etl_pipeline to 2026-09-08 00:00:00+00:00, run_after=2026-09-09 00:00:00+00:00
[2026-09-09T06:01:32.606+0000] {processor.py:183} INFO - Processing /opt/airflow/dags/netflix_dag.py took 0.146 seconds
[2026-09-09T06:02:02.924+0000] {processor.py:161} INFO - Started process (PID=1887) to work on /opt/airflow/dags/netflix_dag.py
[2026-09-09T06:02:02.927+0000] {processor.py:830} INFO - Processing file /opt/airflow/dags/netflix_dag.py for tasks to queue
[2026-09-09T06:02:02.930+0000] {logging_mixin.py:188} INFO - [2026-09-09T06:02:02.930+0000] {dagbag.py:545} INFO - Filling up the DagBag from /opt/airflow/dags/netflix_dag.py
[2026-09-09T06:02:02.957+0000] {processor.py:840} INFO - DAG(s) 'netflix_etl_pipeline' retrieved from /opt/airflow/dags/netflix_dag.py
[2026-09-09T06:02:03.004+0000] {logging_mixin.py:188} INFO - [2026-09-09T06:02:03.003+0000] {dag.py:3089} INFO - Sync 1 DAGs
[2026-09-09T06:02:03.042+0000] {logging_mixin.py:188} INFO - [2026-09-09T06:02:03.042+0000] {dag.py:3947} INFO - Setting next_dagrun for netflix_etl_pipeline to 2026-09-08 00:00:00+00:00, run_after=2026-09-09 00:00:00+00:00
[2026-09-09T06:02:03.072+0000] {processor.py:183} INFO - Processing /opt/airflow/dags/netflix_dag.py took 0.155 seconds
[2026-09-09T06:02:33.574+0000] {processor.py:161} INFO - Started process (PID=1898) to work on /opt/airflow/dags/netflix_dag.py
[2026-09-09T06:02:33.576+0000] {processor.py:830} INFO - Processing file /opt/airflow/dags/netflix_dag.py for tasks to queue
[2026-09-09T06:02:33.580+0000] {logging_mixin.py:188} INFO - [2026-09-09T06:02:33.579+0000] {dagbag.py:545} INFO - Filling up the DagBag from /opt/airflow/dags/netflix_dag.py
[2026-09-09T06:02:33.611+0000] {processor.py:840} INFO - DAG(s) 'netflix_etl_pipeline' retrieved from /opt/airflow/dags/netflix_dag.py
[2026-09-09T06:02:33.655+0000] {logging_mixin.py:188} INFO - [2026-09-09T06:02:33.655+0000] {dag.py:3089} INFO - Sync 1 DAGs
[2026-09-09T06:02:33.685+0000] {logging_mixin.py:188} INFO - [2026-09-09T06:02:33.685+0000] {dag.py:3947} INFO - Setting next_dagrun for netflix_etl_pipeline to 2026-09-08 00:00:00+00:00, run_after=2026-09-09 00:00:00+00:00
[2026-09-09T06:02:33.712+0000] {processor.py:183} INFO - Processing /opt/airflow/dags/netflix_dag.py took 0.146 seconds
[2026-09-09T06:03:04.035+0000] {processor.py:161} INFO - Started process (PID=1909) to work on /opt/airflow/dags/netflix_dag.py
[2026-09-09T06:03:04.037+0000] {processor.py:830} INFO - Processing file /opt/airflow/dags/netflix_dag.py for tasks to queue
[2026-09-09T06:03:04.040+0000] {logging_mixin.py:188} INFO - [2026-09-09T06:03:04.040+0000] {dagbag.py:545} INFO - Filling up the DagBag from /opt/airflow/dags/netflix_dag.py
[2026-09-09T06:03:04.069+0000] {processor.py:840} INFO - DAG(s) 'netflix_etl_pipeline' retrieved from /opt/airflow/dags/netflix_dag.py
[2026-09-09T06:03:04.114+0000] {logging_mixin.py:188} INFO - [2026-09-09T06:03:04.114+0000] {dag.py:3089} INFO - Sync 1 DAGs
[2026-09-09T06:03:04.142+0000] {logging_mixin.py:188} INFO - [2026-09-09T06:03:04.141+0000] {dag.py:3947} INFO - Setting next_dagrun for netflix_etl_pipeline to 2026-09-08 00:00:00+00:00, run_after=2026-09-09 00:00:00+00:00
[2026-09-09T06:03:04.169+0000] {processor.py:183} INFO - Processing /opt/airflow/dags/netflix_dag.py took 0.141 seconds
[2026-09-09T06:03:34.650+0000] {processor.py:161} INFO - Started process (PID=1926) to work on /opt/airflow/dags/netflix_dag.py
[2026-09-09T06:03:34.652+0000] {processor.py:830} INFO - Processing file /opt/airflow/dags/netflix_dag.py for tasks to queue
[2026-09-09T06:03:34.656+0000] {logging_mixin.py:188} INFO - [2026-09-09T06:03:34.656+0000] {dagbag.py:545} INFO - Filling up the DagBag from /opt/airflow/dags/netflix_dag.py
[2026-09-09T06:03:34.687+0000] {processor.py:840} INFO - DAG(s) 'netflix_etl_pipeline' retrieved from /opt/airflow/dags/netflix_dag.py
[2026-09-09T06:03:34.733+0000] {logging_mixin.py:188} INFO - [2026-09-09T06:03:34.733+0000] {dag.py:3089} INFO - Sync 1 DAGs
[2026-09-09T06:03:34.763+0000] {logging_mixin.py:188} INFO - [2026-09-09T06:03:34.762+0000] {dag.py:3947} INFO - Setting next_dagrun for netflix_etl_pipeline to 2026-09-08 00:00:00+00:00, run_after=2026-09-09 00:00:00+00:00
[2026-09-09T06:03:34.790+0000] {processor.py:183} INFO - Processing /opt/airflow/dags/netflix_dag.py took 0.148 seconds
[2026-09-09T06:04:05.134+0000] {processor.py:161} INFO - Started process (PID=1937) to work on /opt/airflow/dags/netflix_dag.py
[2026-09-09T06:04:05.136+0000] {processor.py:830} INFO - Processing file /opt/airflow/dags/netflix_dag.py for tasks to queue
[2026-09-09T06:04:05.141+0000] {logging_mixin.py:188} INFO - [2026-09-09T06:04:05.140+0000] {dagbag.py:545} INFO - Filling up the DagBag from /opt/airflow/dags/netflix_dag.py
[2026-09-09T06:04:05.174+0000] {processor.py:840} INFO - DAG(s) 'netflix_etl_pipeline' retrieved from /opt/airflow/dags/netflix_dag.py
[2026-09-09T06:04:05.221+0000] {logging_mixin.py:188} INFO - [2026-09-09T06:04:05.220+0000] {dag.py:3089} INFO - Sync 1 DAGs
[2026-09-09T06:04:05.251+0000] {logging_mixin.py:188} INFO - [2026-09-09T06:04:05.250+0000] {dag.py:3947} INFO - Setting next_dagrun for netflix_etl_pipeline to 2026-09-08 00:00:00+00:00, run_after=2026-09-09 00:00:00+00:00
[2026-09-09T06:04:05.278+0000] {processor.py:183} INFO - Processing /opt/airflow/dags/netflix_dag.py took 0.154 seconds
[2026-09-09T06:04:35.665+0000] {processor.py:161} INFO - Started process (PID=1949) to work on /opt/airflow/dags/netflix_dag.py
[2026-09-09T06:04:35.667+0000] {processor.py:830} INFO - Processing file /opt/airflow/dags/netflix_dag.py for tasks to queue
[2026-09-09T06:04:35.670+0000] {logging_mixin.py:188} INFO - [2026-09-09T06:04:35.669+0000] {dagbag.py:545} INFO - Filling up the DagBag from /opt/airflow/dags/netflix_dag.py
[2026-09-09T06:04:35.697+0000] {processor.py:840} INFO - DAG(s) 'netflix_etl_pipeline' retrieved from /opt/airflow/dags/netflix_dag.py
[2026-09-09T06:04:35.741+0000] {logging_mixin.py:188} INFO - [2026-09-09T06:04:35.740+0000] {dag.py:3089} INFO - Sync 1 DAGs
[2026-09-09T06:04:35.768+0000] {logging_mixin.py:188} INFO - [2026-09-09T06:04:35.768+0000] {dag.py:3947} INFO - Setting next_dagrun for netflix_etl_pipeline to 2026-09-08 00:00:00+00:00, run_after=2026-09-09 00:00:00+00:00
[2026-09-09T06:04:35.800+0000] {processor.py:183} INFO - Processing /opt/airflow/dags/netflix_dag.py took 0.143 seconds
[2026-09-09T06:05:06.360+0000] {processor.py:161} INFO - Started process (PID=1960) to work on /opt/airflow/dags/netflix_dag.py
[2026-09-09T06:05:06.363+0000] {processor.py:830} INFO - Processing file /opt/airflow/dags/netflix_dag.py for tasks to queue
[2026-09-09T06:05:06.366+0000] {logging_mixin.py:188} INFO - [2026-09-09T06:05:06.366+0000] {dagbag.py:545} INFO - Filling up the DagBag from /opt/airflow/dags/netflix_dag.py
[2026-09-09T06:05:06.399+0000] {processor.py:840} INFO - DAG(s) 'netflix_etl_pipeline' retrieved from /opt/airflow/dags/netflix_dag.py
[2026-09-09T06:05:06.444+0000] {logging_mixin.py:188} INFO - [2026-09-09T06:05:06.444+0000] {dag.py:3089} INFO - Sync 1 DAGs
[2026-09-09T06:05:06.473+0000] {logging_mixin.py:188} INFO - [2026-09-09T06:05:06.473+0000] {dag.py:3947} INFO - Setting next_dagrun for netflix_etl_pipeline to 2026-09-08 00:00:00+00:00, run_after=2026-09-09 00:00:00+00:00
[2026-09-09T06:05:06.502+0000] {processor.py:183} INFO - Processing /opt/airflow/dags/netflix_dag.py took 0.150 seconds
[2026-09-09T06:05:36.873+0000] {processor.py:161} INFO - Started process (PID=1971) to work on /opt/airflow/dags/netflix_dag.py
[2026-09-09T06:05:36.875+0000] {processor.py:830} INFO - Processing file /opt/airflow/dags/netflix_dag.py for tasks to queue
[2026-09-09T06:05:36.878+0000] {logging_mixin.py:188} INFO - [2026-09-09T06:05:36.878+0000] {dagbag.py:545} INFO - Filling up the DagBag from /opt/airflow/dags/netflix_dag.py
[2026-09-09T06:05:36.907+0000] {processor.py:840} INFO - DAG(s) 'netflix_etl_pipeline' retrieved from /opt/airflow/dags/netflix_dag.py
[2026-09-09T06:05:36.951+0000] {logging_mixin.py:188} INFO - [2026-09-09T06:05:36.951+0000] {dag.py:3089} INFO - Sync 1 DAGs
[2026-09-09T06:05:36.980+0000] {logging_mixin.py:188} INFO - [2026-09-09T06:05:36.980+0000] {dag.py:3947} INFO - Setting next_dagrun for netflix_etl_pipeline to 2026-09-08 00:00:00+00:00, run_after=2026-09-09 00:00:00+00:00
[2026-09-09T06:05:37.007+0000] {processor.py:183} INFO - Processing /opt/airflow/dags/netflix_dag.py took 0.141 seconds
[2026-09-09T06:06:07.331+0000] {processor.py:161} INFO - Started process (PID=1983) to work on /opt/airflow/dags/netflix_dag.py
[2026-09-09T06:06:07.333+0000] {processor.py:830} INFO - Processing file /opt/airflow/dags/netflix_dag.py for tasks to queue
[2026-09-09T06:06:07.337+0000] {logging_mixin.py:188} INFO - [2026-09-09T06:06:07.336+0000] {dagbag.py:545} INFO - Filling up the DagBag from /opt/airflow/dags/netflix_dag.py
[2026-09-09T06:06:07.369+0000] {processor.py:840} INFO - DAG(s) 'netflix_etl_pipeline' retrieved from /opt/airflow/dags/netflix_dag.py
[2026-09-09T06:06:07.421+0000] {logging_mixin.py:188} INFO - [2026-09-09T06:06:07.421+0000] {dag.py:3089} INFO - Sync 1 DAGs
[2026-09-09T06:06:07.450+0000] {logging_mixin.py:188} INFO - [2026-09-09T06:06:07.450+0000] {dag.py:3947} INFO - Setting next_dagrun for netflix_etl_pipeline to 2026-09-08 00:00:00+00:00, run_after=2026-09-09 00:00:00+00:00
[2026-09-09T06:06:07.479+0000] {processor.py:183} INFO - Processing /opt/airflow/dags/netflix_dag.py took 0.157 seconds
[2026-09-09T06:06:37.895+0000] {processor.py:161} INFO - Started process (PID=1994) to work on /opt/airflow/dags/netflix_dag.py
[2026-09-09T06:06:37.897+0000] {processor.py:830} INFO - Processing file /opt/airflow/dags/netflix_dag.py for tasks to queue
[2026-09-09T06:06:37.901+0000] {logging_mixin.py:188} INFO - [2026-09-09T06:06:37.900+0000] {dagbag.py:545} INFO - Filling up the DagBag from /opt/airflow/dags/netflix_dag.py
[2026-09-09T06:06:37.930+0000] {processor.py:840} INFO - DAG(s) 'netflix_etl_pipeline' retrieved from /opt/airflow/dags/netflix_dag.py
[2026-09-09T06:06:37.975+0000] {logging_mixin.py:188} INFO - [2026-09-09T06:06:37.975+0000] {dag.py:3089} INFO - Sync 1 DAGs
[2026-09-09T06:06:38.004+0000] {logging_mixin.py:188} INFO - [2026-09-09T06:06:38.004+0000] {dag.py:3947} INFO - Setting next_dagrun for netflix_etl_pipeline to 2026-09-08 00:00:00+00:00, run_after=2026-09-09 00:00:00+00:00
[2026-09-09T06:06:38.031+0000] {processor.py:183} INFO - Processing /opt/airflow/dags/netflix_dag.py took 0.145 seconds
[2026-09-09T06:07:08.347+0000] {processor.py:161} INFO - Started process (PID=2005) to work on /opt/airflow/dags/netflix_dag.py
[2026-09-09T06:07:08.348+0000] {processor.py:830} INFO - Processing file /opt/airflow/dags/netflix_dag.py for tasks to queue
[2026-09-09T06:07:08.351+0000] {logging_mixin.py:188} INFO - [2026-09-09T06:07:08.351+0000] {dagbag.py:545} INFO - Filling up the DagBag from /opt/airflow/dags/netflix_dag.py
[2026-09-09T06:07:08.374+0000] {processor.py:840} INFO - DAG(s) 'netflix_etl_pipeline' retrieved from /opt/airflow/dags/netflix_dag.py
[2026-09-09T06:07:08.417+0000] {logging_mixin.py:188} INFO - [2026-09-09T06:07:08.417+0000] {dag.py:3089} INFO - Sync 1 DAGs
[2026-09-09T06:07:08.445+0000] {logging_mixin.py:188} INFO - [2026-09-09T06:07:08.444+0000] {dag.py:3947} INFO - Setting next_dagrun for netflix_etl_pipeline to 2026-09-08 00:00:00+00:00, run_after=2026-09-09 00:00:00+00:00
[2026-09-09T06:07:08.472+0000] {processor.py:183} INFO - Processing /opt/airflow/dags/netflix_dag.py took 0.133 seconds
[2026-09-09T06:07:38.986+0000] {processor.py:161} INFO - Started process (PID=2016) to work on /opt/airflow/dags/netflix_dag.py
[2026-09-09T06:07:38.988+0000] {processor.py:830} INFO - Processing file /opt/airflow/dags/netflix_dag.py for tasks to queue
[2026-09-09T06:07:38.991+0000] {logging_mixin.py:188} INFO - [2026-09-09T06:07:38.991+0000] {dagbag.py:545} INFO - Filling up the DagBag from /opt/airflow/dags/netflix_dag.py
[2026-09-09T06:07:39.024+0000] {processor.py:840} INFO - DAG(s) 'netflix_etl_pipeline' retrieved from /opt/airflow/dags/netflix_dag.py
[2026-09-09T06:07:39.069+0000] {logging_mixin.py:188} INFO - [2026-09-09T06:07:39.069+0000] {dag.py:3089} INFO - Sync 1 DAGs
[2026-09-09T06:07:39.098+0000] {logging_mixin.py:188} INFO - [2026-09-09T06:07:39.097+0000] {dag.py:3947} INFO - Setting next_dagrun for netflix_etl_pipeline to 2026-09-08 00:00:00+00:00, run_after=2026-09-09 00:00:00+00:00
[2026-09-09T06:07:39.125+0000] {processor.py:183} INFO - Processing /opt/airflow/dags/netflix_dag.py took 0.149 seconds
[2026-09-09T06:08:09.409+0000] {processor.py:161} INFO - Started process (PID=2027) to work on /opt/airflow/dags/netflix_dag.py
[2026-09-09T06:08:09.412+0000] {processor.py:830} INFO - Processing file /opt/airflow/dags/netflix_dag.py for tasks to queue
[2026-09-09T06:08:09.416+0000] {logging_mixin.py:188} INFO - [2026-09-09T06:08:09.415+0000] {dagbag.py:545} INFO - Filling up the DagBag from /opt/airflow/dags/netflix_dag.py
[2026-09-09T06:08:09.450+0000] {processor.py:840} INFO - DAG(s) 'netflix_etl_pipeline' retrieved from /opt/airflow/dags/netflix_dag.py
[2026-09-09T06:08:09.495+0000] {logging_mixin.py:188} INFO - [2026-09-09T06:08:09.495+0000] {dag.py:3089} INFO - Sync 1 DAGs
[2026-09-09T06:08:09.525+0000] {logging_mixin.py:188} INFO - [2026-09-09T06:08:09.524+0000] {dag.py:3947} INFO - Setting next_dagrun for netflix_etl_pipeline to 2026-09-08 00:00:00+00:00, run_after=2026-09-09 00:00:00+00:00
[2026-09-09T06:08:09.553+0000] {processor.py:183} INFO - Processing /opt/airflow/dags/netflix_dag.py took 0.154 seconds
[2026-09-09T06:08:39.878+0000] {processor.py:161} INFO - Started process (PID=2038) to work on /opt/airflow/dags/netflix_dag.py
[2026-09-09T06:08:39.880+0000] {processor.py:830} INFO - Processing file /opt/airflow/dags/netflix_dag.py for tasks to queue
[2026-09-09T06:08:39.884+0000] {logging_mixin.py:188} INFO - [2026-09-09T06:08:39.883+0000] {dagbag.py:545} INFO - Filling up the DagBag from /opt/airflow/dags/netflix_dag.py
[2026-09-09T06:08:39.916+0000] {processor.py:840} INFO - DAG(s) 'netflix_etl_pipeline' retrieved from /opt/airflow/dags/netflix_dag.py
[2026-09-09T06:08:39.963+0000] {logging_mixin.py:188} INFO - [2026-09-09T06:08:39.963+0000] {dag.py:3089} INFO - Sync 1 DAGs
[2026-09-09T06:08:39.994+0000] {logging_mixin.py:188} INFO - [2026-09-09T06:08:39.993+0000] {dag.py:3947} INFO - Setting next_dagrun for netflix_etl_pipeline to 2026-09-08 00:00:00+00:00, run_after=2026-09-09 00:00:00+00:00
[2026-09-09T06:08:40.021+0000] {processor.py:183} INFO - Processing /opt/airflow/dags/netflix_dag.py took 0.152 seconds
[2026-09-09T06:09:10.476+0000] {processor.py:161} INFO - Started process (PID=2050) to work on /opt/airflow/dags/netflix_dag.py
[2026-09-09T06:09:10.478+0000] {processor.py:830} INFO - Processing file /opt/airflow/dags/netflix_dag.py for tasks to queue
[2026-09-09T06:09:10.481+0000] {logging_mixin.py:188} INFO - [2026-09-09T06:09:10.481+0000] {dagbag.py:545} INFO - Filling up the DagBag from /opt/airflow/dags/netflix_dag.py
[2026-09-09T06:09:10.514+0000] {processor.py:840} INFO - DAG(s) 'netflix_etl_pipeline' retrieved from /opt/airflow/dags/netflix_dag.py
[2026-09-09T06:09:10.560+0000] {logging_mixin.py:188} INFO - [2026-09-09T06:09:10.559+0000] {dag.py:3089} INFO - Sync 1 DAGs
[2026-09-09T06:09:10.588+0000] {logging_mixin.py:188} INFO - [2026-09-09T06:09:10.588+0000] {dag.py:3947} INFO - Setting next_dagrun for netflix_etl_pipeline to 2026-09-08 00:00:00+00:00, run_after=2026-09-09 00:00:00+00:00
[2026-09-09T06:09:10.615+0000] {processor.py:183} INFO - Processing /opt/airflow/dags/netflix_dag.py took 0.148 seconds
[2026-09-09T06:09:40.969+0000] {processor.py:161} INFO - Started process (PID=2061) to work on /opt/airflow/dags/netflix_dag.py
[2026-09-09T06:09:40.971+0000] {processor.py:830} INFO - Processing file /opt/airflow/dags/netflix_dag.py for tasks to queue
[2026-09-09T06:09:40.974+0000] {logging_mixin.py:188} INFO - [2026-09-09T06:09:40.973+0000] {dagbag.py:545} INFO - Filling up the DagBag from /opt/airflow/dags/netflix_dag.py
[2026-09-09T06:09:41.006+0000] {processor.py:840} INFO - DAG(s) 'netflix_etl_pipeline' retrieved from /opt/airflow/dags/netflix_dag.py
[2026-09-09T06:09:41.053+0000] {logging_mixin.py:188} INFO - [2026-09-09T06:09:41.052+0000] {dag.py:3089} INFO - Sync 1 DAGs
[2026-09-09T06:09:41.082+0000] {logging_mixin.py:188} INFO - [2026-09-09T06:09:41.082+0000] {dag.py:3947} INFO - Setting next_dagrun for netflix_etl_pipeline to 2026-09-08 00:00:00+00:00, run_after=2026-09-09 00:00:00+00:00
[2026-09-09T06:09:41.109+0000] {processor.py:183} INFO - Processing /opt/airflow/dags/netflix_dag.py took 0.148 seconds
[2026-09-09T06:10:11.747+0000] {processor.py:161} INFO - Started process (PID=2073) to work on /opt/airflow/dags/netflix_dag.py
[2026-09-09T06:10:11.750+0000] {processor.py:830} INFO - Processing file /opt/airflow/dags/netflix_dag.py for tasks to queue
[2026-09-09T06:10:11.754+0000] {logging_mixin.py:188} INFO - [2026-09-09T06:10:11.754+0000] {dagbag.py:545} INFO - Filling up the DagBag from /opt/airflow/dags/netflix_dag.py
[2026-09-09T06:10:11.788+0000] {processor.py:840} INFO - DAG(s) 'netflix_etl_pipeline' retrieved from /opt/airflow/dags/netflix_dag.py
[2026-09-09T06:10:11.833+0000] {logging_mixin.py:188} INFO - [2026-09-09T06:10:11.833+0000] {dag.py:3089} INFO - Sync 1 DAGs
[2026-09-09T06:10:11.862+0000] {logging_mixin.py:188} INFO - [2026-09-09T06:10:11.861+0000] {dag.py:3947} INFO - Setting next_dagrun for netflix_etl_pipeline to 2026-09-08 00:00:00+00:00, run_after=2026-09-09 00:00:00+00:00
[2026-09-09T06:10:11.888+0000] {processor.py:183} INFO - Processing /opt/airflow/dags/netflix_dag.py took 0.156 seconds
[2026-09-09T06:10:42.214+0000] {processor.py:161} INFO - Started process (PID=2084) to work on /opt/airflow/dags/netflix_dag.py
[2026-09-09T06:10:42.216+0000] {processor.py:830} INFO - Processing file /opt/airflow/dags/netflix_dag.py for tasks to queue
[2026-09-09T06:10:42.220+0000] {logging_mixin.py:188} INFO - [2026-09-09T06:10:42.219+0000] {dagbag.py:545} INFO - Filling up the DagBag from /opt/airflow/dags/netflix_dag.py
[2026-09-09T06:10:42.248+0000] {processor.py:840} INFO - DAG(s) 'netflix_etl_pipeline' retrieved from /opt/airflow/dags/netflix_dag.py
[2026-09-09T06:10:42.291+0000] {logging_mixin.py:188} INFO - [2026-09-09T06:10:42.291+0000] {dag.py:3089} INFO - Sync 1 DAGs
[2026-09-09T06:10:42.318+0000] {logging_mixin.py:188} INFO - [2026-09-09T06:10:42.318+0000] {dag.py:3947} INFO - Setting next_dagrun for netflix_etl_pipeline to 2026-09-08 00:00:00+00:00, run_after=2026-09-09 00:00:00+00:00
[2026-09-09T06:10:42.346+0000] {processor.py:183} INFO - Processing /opt/airflow/dags/netflix_dag.py took 0.140 seconds
[2026-09-09T06:11:12.849+0000] {processor.py:161} INFO - Started process (PID=2095) to work on /opt/airflow/dags/netflix_dag.py
[2026-09-09T06:11:12.851+0000] {processor.py:830} INFO - Processing file /opt/airflow/dags/netflix_dag.py for tasks to queue
[2026-09-09T06:11:12.854+0000] {logging_mixin.py:188} INFO - [2026-09-09T06:11:12.854+0000] {dagbag.py:545} INFO - Filling up the DagBag from /opt/airflow/dags/netflix_dag.py
[2026-09-09T06:11:12.886+0000] {processor.py:840} INFO - DAG(s) 'netflix_etl_pipeline' retrieved from /opt/airflow/dags/netflix_dag.py
[2026-09-09T06:11:12.931+0000] {logging_mixin.py:188} INFO - [2026-09-09T06:11:12.930+0000] {dag.py:3089} INFO - Sync 1 DAGs
[2026-09-09T06:11:12.959+0000] {logging_mixin.py:188} INFO - [2026-09-09T06:11:12.959+0000] {dag.py:3947} INFO - Setting next_dagrun for netflix_etl_pipeline to 2026-09-08 00:00:00+00:00, run_after=2026-09-09 00:00:00+00:00
[2026-09-09T06:11:12.988+0000] {processor.py:183} INFO - Processing /opt/airflow/dags/netflix_dag.py took 0.147 seconds
[2026-09-09T06:11:43.362+0000] {processor.py:161} INFO - Started process (PID=2106) to work on /opt/airflow/dags/netflix_dag.py
[2026-09-09T06:11:43.364+0000] {processor.py:830} INFO - Processing file /opt/airflow/dags/netflix_dag.py for tasks to queue
[2026-09-09T06:11:43.367+0000] {logging_mixin.py:188} INFO - [2026-09-09T06:11:43.367+0000] {dagbag.py:545} INFO - Filling up the DagBag from /opt/airflow/dags/netflix_dag.py
[2026-09-09T06:11:43.402+0000] {processor.py:840} INFO - DAG(s) 'netflix_etl_pipeline' retrieved from /opt/airflow/dags/netflix_dag.py
[2026-09-09T06:11:43.447+0000] {logging_mixin.py:188} INFO - [2026-09-09T06:11:43.446+0000] {dag.py:3089} INFO - Sync 1 DAGs
[2026-09-09T06:11:43.476+0000] {logging_mixin.py:188} INFO - [2026-09-09T06:11:43.476+0000] {dag.py:3947} INFO - Setting next_dagrun for netflix_etl_pipeline to 2026-09-08 00:00:00+00:00, run_after=2026-09-09 00:00:00+00:00
[2026-09-09T06:11:43.504+0000] {processor.py:183} INFO - Processing /opt/airflow/dags/netflix_dag.py took 0.149 seconds
[2026-09-09T06:12:13.843+0000] {processor.py:161} INFO - Started process (PID=2117) to work on /opt/airflow/dags/netflix_dag.py
[2026-09-09T06:12:13.845+0000] {processor.py:830} INFO - Processing file /opt/airflow/dags/netflix_dag.py for tasks to queue
[2026-09-09T06:12:13.848+0000] {logging_mixin.py:188} INFO - [2026-09-09T06:12:13.848+0000] {dagbag.py:545} INFO - Filling up the DagBag from /opt/airflow/dags/netflix_dag.py
[2026-09-09T06:12:13.879+0000] {processor.py:840} INFO - DAG(s) 'netflix_etl_pipeline' retrieved from /opt/airflow/dags/netflix_dag.py
[2026-09-09T06:12:13.925+0000] {logging_mixin.py:188} INFO - [2026-09-09T06:12:13.925+0000] {dag.py:3089} INFO - Sync 1 DAGs
[2026-09-09T06:12:13.955+0000] {logging_mixin.py:188} INFO - [2026-09-09T06:12:13.954+0000] {dag.py:3947} INFO - Setting next_dagrun for netflix_etl_pipeline to 2026-09-08 00:00:00+00:00, run_after=2026-09-09 00:00:00+00:00
[2026-09-09T06:12:13.983+0000] {processor.py:183} INFO - Processing /opt/airflow/dags/netflix_dag.py took 0.148 seconds
[2026-09-09T06:12:44.402+0000] {processor.py:161} INFO - Started process (PID=2129) to work on /opt/airflow/dags/netflix_dag.py
[2026-09-09T06:12:44.405+0000] {processor.py:830} INFO - Processing file /opt/airflow/dags/netflix_dag.py for tasks to queue
[2026-09-09T06:12:44.408+0000] {logging_mixin.py:188} INFO - [2026-09-09T06:12:44.408+0000] {dagbag.py:545} INFO - Filling up the DagBag from /opt/airflow/dags/netflix_dag.py
[2026-09-09T06:12:44.441+0000] {processor.py:840} INFO - DAG(s) 'netflix_etl_pipeline' retrieved from /opt/airflow/dags/netflix_dag.py
[2026-09-09T06:12:44.486+0000] {logging_mixin.py:188} INFO - [2026-09-09T06:12:44.486+0000] {dag.py:3089} INFO - Sync 1 DAGs
[2026-09-09T06:12:44.515+0000] {logging_mixin.py:188} INFO - [2026-09-09T06:12:44.515+0000] {dag.py:3947} INFO - Setting next_dagrun for netflix_etl_pipeline to 2026-09-08 00:00:00+00:00, run_after=2026-09-09 00:00:00+00:00
[2026-09-09T06:12:44.542+0000] {processor.py:183} INFO - Processing /opt/airflow/dags/netflix_dag.py took 0.149 seconds
[2026-09-09T06:13:14.856+0000] {processor.py:161} INFO - Started process (PID=2140) to work on /opt/airflow/dags/netflix_dag.py
[2026-09-09T06:13:14.858+0000] {processor.py:830} INFO - Processing file /opt/airflow/dags/netflix_dag.py for tasks to queue
[2026-09-09T06:13:14.861+0000] {logging_mixin.py:188} INFO - [2026-09-09T06:13:14.860+0000] {dagbag.py:545} INFO - Filling up the DagBag from /opt/airflow/dags/netflix_dag.py
[2026-09-09T06:13:14.888+0000] {processor.py:840} INFO - DAG(s) 'netflix_etl_pipeline' retrieved from /opt/airflow/dags/netflix_dag.py
[2026-09-09T06:13:14.936+0000] {logging_mixin.py:188} INFO - [2026-09-09T06:13:14.936+0000] {dag.py:3089} INFO - Sync 1 DAGs
[2026-09-09T06:13:14.965+0000] {logging_mixin.py:188} INFO - [2026-09-09T06:13:14.965+0000] {dag.py:3947} INFO - Setting next_dagrun for netflix_etl_pipeline to 2026-09-08 00:00:00+00:00, run_after=2026-09-09 00:00:00+00:00
[2026-09-09T06:13:14.993+0000] {processor.py:183} INFO - Processing /opt/airflow/dags/netflix_dag.py took 0.144 seconds
[2026-09-09T06:13:45.486+0000] {processor.py:161} INFO - Started process (PID=2152) to work on /opt/airflow/dags/netflix_dag.py
[2026-09-09T06:13:45.488+0000] {processor.py:830} INFO - Processing file /opt/airflow/dags/netflix_dag.py for tasks to queue
[2026-09-09T06:13:45.491+0000] {logging_mixin.py:188} INFO - [2026-09-09T06:13:45.490+0000] {dagbag.py:545} INFO - Filling up the DagBag from /opt/airflow/dags/netflix_dag.py
[2026-09-09T06:13:45.518+0000] {processor.py:840} INFO - DAG(s) 'netflix_etl_pipeline' retrieved from /opt/airflow/dags/netflix_dag.py
[2026-09-09T06:13:45.567+0000] {logging_mixin.py:188} INFO - [2026-09-09T06:13:45.566+0000] {dag.py:3089} INFO - Sync 1 DAGs
[2026-09-09T06:13:45.595+0000] {logging_mixin.py:188} INFO - [2026-09-09T06:13:45.595+0000] {dag.py:3947} INFO - Setting next_dagrun for netflix_etl_pipeline to 2026-09-08 00:00:00+00:00, run_after=2026-09-09 00:00:00+00:00
[2026-09-09T06:13:45.620+0000] {processor.py:183} INFO - Processing /opt/airflow/dags/netflix_dag.py took 0.143 seconds
[2026-09-09T06:14:16.007+0000] {processor.py:161} INFO - Started process (PID=2163) to work on /opt/airflow/dags/netflix_dag.py
[2026-09-09T06:14:16.009+0000] {processor.py:830} INFO - Processing file /opt/airflow/dags/netflix_dag.py for tasks to queue
[2026-09-09T06:14:16.011+0000] {logging_mixin.py:188} INFO - [2026-09-09T06:14:16.011+0000] {dagbag.py:545} INFO - Filling up the DagBag from /opt/airflow/dags/netflix_dag.py
[2026-09-09T06:14:16.041+0000] {processor.py:840} INFO - DAG(s) 'netflix_etl_pipeline' retrieved from /opt/airflow/dags/netflix_dag.py
[2026-09-09T06:14:16.083+0000] {logging_mixin.py:188} INFO - [2026-09-09T06:14:16.082+0000] {dag.py:3089} INFO - Sync 1 DAGs
[2026-09-09T06:14:16.110+0000] {logging_mixin.py:188} INFO - [2026-09-09T06:14:16.110+0000] {dag.py:3947} INFO - Setting next_dagrun for netflix_etl_pipeline to 2026-09-08 00:00:00+00:00, run_after=2026-09-09 00:00:00+00:00
[2026-09-09T06:14:16.138+0000] {processor.py:183} INFO - Processing /opt/airflow/dags/netflix_dag.py took 0.139 seconds
[2026-09-09T06:14:46.491+0000] {processor.py:161} INFO - Started process (PID=2174) to work on /opt/airflow/dags/netflix_dag.py
[2026-09-09T06:14:46.493+0000] {processor.py:830} INFO - Processing file /opt/airflow/dags/netflix_dag.py for tasks to queue
[2026-09-09T06:14:46.496+0000] {logging_mixin.py:188} INFO - [2026-09-09T06:14:46.496+0000] {dagbag.py:545} INFO - Filling up the DagBag from /opt/airflow/dags/netflix_dag.py
[2026-09-09T06:14:46.524+0000] {processor.py:840} INFO - DAG(s) 'netflix_etl_pipeline' retrieved from /opt/airflow/dags/netflix_dag.py
[2026-09-09T06:14:46.568+0000] {logging_mixin.py:188} INFO - [2026-09-09T06:14:46.568+0000] {dag.py:3089} INFO - Sync 1 DAGs
[2026-09-09T06:14:46.597+0000] {logging_mixin.py:188} INFO - [2026-09-09T06:14:46.597+0000] {dag.py:3947} INFO - Setting next_dagrun for netflix_etl_pipeline to 2026-09-08 00:00:00+00:00, run_after=2026-09-09 00:00:00+00:00
[2026-09-09T06:14:46.623+0000] {processor.py:183} INFO - Processing /opt/airflow/dags/netflix_dag.py took 0.140 seconds
[2026-09-09T06:15:17.149+0000] {processor.py:161} INFO - Started process (PID=2185) to work on /opt/airflow/dags/netflix_dag.py
[2026-09-09T06:15:17.151+0000] {processor.py:830} INFO - Processing file /opt/airflow/dags/netflix_dag.py for tasks to queue
[2026-09-09T06:15:17.154+0000] {logging_mixin.py:188} INFO - [2026-09-09T06:15:17.154+0000] {dagbag.py:545} INFO - Filling up the DagBag from /opt/airflow/dags/netflix_dag.py
[2026-09-09T06:15:17.185+0000] {processor.py:840} INFO - DAG(s) 'netflix_etl_pipeline' retrieved from /opt/airflow/dags/netflix_dag.py
[2026-09-09T06:15:17.231+0000] {logging_mixin.py:188} INFO - [2026-09-09T06:15:17.230+0000] {dag.py:3089} INFO - Sync 1 DAGs
[2026-09-09T06:15:17.258+0000] {logging_mixin.py:188} INFO - [2026-09-09T06:15:17.258+0000] {dag.py:3947} INFO - Setting next_dagrun for netflix_etl_pipeline to 2026-09-08 00:00:00+00:00, run_after=2026-09-09 00:00:00+00:00
[2026-09-09T06:15:17.285+0000] {processor.py:183} INFO - Processing /opt/airflow/dags/netflix_dag.py took 0.143 seconds
[2026-09-09T06:15:47.635+0000] {processor.py:161} INFO - Started process (PID=2196) to work on /opt/airflow/dags/netflix_dag.py
[2026-09-09T06:15:47.637+0000] {processor.py:830} INFO - Processing file /opt/airflow/dags/netflix_dag.py for tasks to queue
[2026-09-09T06:15:47.641+0000] {logging_mixin.py:188} INFO - [2026-09-09T06:15:47.641+0000] {dagbag.py:545} INFO - Filling up the DagBag from /opt/airflow/dags/netflix_dag.py
[2026-09-09T06:15:47.675+0000] {processor.py:840} INFO - DAG(s) 'netflix_etl_pipeline' retrieved from /opt/airflow/dags/netflix_dag.py
[2026-09-09T06:15:47.721+0000] {logging_mixin.py:188} INFO - [2026-09-09T06:15:47.721+0000] {dag.py:3089} INFO - Sync 1 DAGs
[2026-09-09T06:15:47.750+0000] {logging_mixin.py:188} INFO - [2026-09-09T06:15:47.749+0000] {dag.py:3947} INFO - Setting next_dagrun for netflix_etl_pipeline to 2026-09-08 00:00:00+00:00, run_after=2026-09-09 00:00:00+00:00
[2026-09-09T06:15:47.776+0000] {processor.py:183} INFO - Processing /opt/airflow/dags/netflix_dag.py took 0.151 seconds
[2026-09-09T06:16:18.190+0000] {processor.py:161} INFO - Started process (PID=2207) to work on /opt/airflow/dags/netflix_dag.py
[2026-09-09T06:16:18.192+0000] {processor.py:830} INFO - Processing file /opt/airflow/dags/netflix_dag.py for tasks to queue
[2026-09-09T06:16:18.195+0000] {logging_mixin.py:188} INFO - [2026-09-09T06:16:18.195+0000] {dagbag.py:545} INFO - Filling up the DagBag from /opt/airflow/dags/netflix_dag.py
[2026-09-09T06:16:18.226+0000] {processor.py:840} INFO - DAG(s) 'netflix_etl_pipeline' retrieved from /opt/airflow/dags/netflix_dag.py
[2026-09-09T06:16:18.271+0000] {logging_mixin.py:188} INFO - [2026-09-09T06:16:18.270+0000] {dag.py:3089} INFO - Sync 1 DAGs
[2026-09-09T06:16:18.299+0000] {logging_mixin.py:188} INFO - [2026-09-09T06:16:18.299+0000] {dag.py:3947} INFO - Setting next_dagrun for netflix_etl_pipeline to 2026-09-08 00:00:00+00:00, run_after=2026-09-09 00:00:00+00:00
[2026-09-09T06:16:18.326+0000] {processor.py:183} INFO - Processing /opt/airflow/dags/netflix_dag.py took 0.145 seconds
[2026-09-09T06:16:48.685+0000] {processor.py:161} INFO - Started process (PID=2218) to work on /opt/airflow/dags/netflix_dag.py
[2026-09-09T06:16:48.687+0000] {processor.py:830} INFO - Processing file /opt/airflow/dags/netflix_dag.py for tasks to queue
[2026-09-09T06:16:48.691+0000] {logging_mixin.py:188} INFO - [2026-09-09T06:16:48.690+0000] {dagbag.py:545} INFO - Filling up the DagBag from /opt/airflow/dags/netflix_dag.py
[2026-09-09T06:16:48.723+0000] {processor.py:840} INFO - DAG(s) 'netflix_etl_pipeline' retrieved from /opt/airflow/dags/netflix_dag.py
[2026-09-09T06:16:48.768+0000] {logging_mixin.py:188} INFO - [2026-09-09T06:16:48.768+0000] {dag.py:3089} INFO - Sync 1 DAGs
[2026-09-09T06:16:48.797+0000] {logging_mixin.py:188} INFO - [2026-09-09T06:16:48.797+0000] {dag.py:3947} INFO - Setting next_dagrun for netflix_etl_pipeline to 2026-09-08 00:00:00+00:00, run_after=2026-09-09 00:00:00+00:00
[2026-09-09T06:16:48.827+0000] {processor.py:183} INFO - Processing /opt/airflow/dags/netflix_dag.py took 0.152 seconds
[2026-09-09T06:17:19.182+0000] {processor.py:161} INFO - Started process (PID=2229) to work on /opt/airflow/dags/netflix_dag.py
[2026-09-09T06:17:19.184+0000] {processor.py:830} INFO - Processing file /opt/airflow/dags/netflix_dag.py for tasks to queue
[2026-09-09T06:17:19.187+0000] {logging_mixin.py:188} INFO - [2026-09-09T06:17:19.186+0000] {dagbag.py:545} INFO - Filling up the DagBag from /opt/airflow/dags/netflix_dag.py
[2026-09-09T06:17:19.216+0000] {processor.py:840} INFO - DAG(s) 'netflix_etl_pipeline' retrieved from /opt/airflow/dags/netflix_dag.py
[2026-09-09T06:17:19.259+0000] {logging_mixin.py:188} INFO - [2026-09-09T06:17:19.259+0000] {dag.py:3089} INFO - Sync 1 DAGs
[2026-09-09T06:17:19.287+0000] {logging_mixin.py:188} INFO - [2026-09-09T06:17:19.287+0000] {dag.py:3947} INFO - Setting next_dagrun for netflix_etl_pipeline to 2026-09-08 00:00:00+00:00, run_after=2026-09-09 00:00:00+00:00
[2026-09-09T06:17:19.313+0000] {processor.py:183} INFO - Processing /opt/airflow/dags/netflix_dag.py took 0.139 seconds
[2026-09-09T06:17:49.753+0000] {processor.py:161} INFO - Started process (PID=2240) to work on /opt/airflow/dags/netflix_dag.py
[2026-09-09T06:17:49.755+0000] {processor.py:830} INFO - Processing file /opt/airflow/dags/netflix_dag.py for tasks to queue
[2026-09-09T06:17:49.758+0000] {logging_mixin.py:188} INFO - [2026-09-09T06:17:49.758+0000] {dagbag.py:545} INFO - Filling up the DagBag from /opt/airflow/dags/netflix_dag.py
[2026-09-09T06:17:49.789+0000] {processor.py:840} INFO - DAG(s) 'netflix_etl_pipeline' retrieved from /opt/airflow/dags/netflix_dag.py
[2026-09-09T06:17:49.836+0000] {logging_mixin.py:188} INFO - [2026-09-09T06:17:49.836+0000] {dag.py:3089} INFO - Sync 1 DAGs
[2026-09-09T06:17:49.866+0000] {logging_mixin.py:188} INFO - [2026-09-09T06:17:49.866+0000] {dag.py:3947} INFO - Setting next_dagrun for netflix_etl_pipeline to 2026-09-08 00:00:00+00:00, run_after=2026-09-09 00:00:00+00:00
[2026-09-09T06:17:49.894+0000] {processor.py:183} INFO - Processing /opt/airflow/dags/netflix_dag.py took 0.148 seconds
[2026-09-09T06:18:20.251+0000] {processor.py:161} INFO - Started process (PID=2251) to work on /opt/airflow/dags/netflix_dag.py
[2026-09-09T06:18:20.254+0000] {processor.py:830} INFO - Processing file /opt/airflow/dags/netflix_dag.py for tasks to queue
[2026-09-09T06:18:20.258+0000] {logging_mixin.py:188} INFO - [2026-09-09T06:18:20.258+0000] {dagbag.py:545} INFO - Filling up the DagBag from /opt/airflow/dags/netflix_dag.py
[2026-09-09T06:18:20.291+0000] {processor.py:840} INFO - DAG(s) 'netflix_etl_pipeline' retrieved from /opt/airflow/dags/netflix_dag.py
[2026-09-09T06:18:20.340+0000] {logging_mixin.py:188} INFO - [2026-09-09T06:18:20.340+0000] {dag.py:3089} INFO - Sync 1 DAGs
[2026-09-09T06:18:20.374+0000] {logging_mixin.py:188} INFO - [2026-09-09T06:18:20.373+0000] {dag.py:3947} INFO - Setting next_dagrun for netflix_etl_pipeline to 2026-09-08 00:00:00+00:00, run_after=2026-09-09 00:00:00+00:00
[2026-09-09T06:18:20.401+0000] {processor.py:183} INFO - Processing /opt/airflow/dags/netflix_dag.py took 0.162 seconds
[2026-09-09T06:18:50.752+0000] {processor.py:161} INFO - Started process (PID=2263) to work on /opt/airflow/dags/netflix_dag.py
[2026-09-09T06:18:50.754+0000] {processor.py:830} INFO - Processing file /opt/airflow/dags/netflix_dag.py for tasks to queue
[2026-09-09T06:18:50.757+0000] {logging_mixin.py:188} INFO - [2026-09-09T06:18:50.757+0000] {dagbag.py:545} INFO - Filling up the DagBag from /opt/airflow/dags/netflix_dag.py
[2026-09-09T06:18:50.788+0000] {processor.py:840} INFO - DAG(s) 'netflix_etl_pipeline' retrieved from /opt/airflow/dags/netflix_dag.py
[2026-09-09T06:18:50.836+0000] {logging_mixin.py:188} INFO - [2026-09-09T06:18:50.835+0000] {dag.py:3089} INFO - Sync 1 DAGs
[2026-09-09T06:18:50.865+0000] {logging_mixin.py:188} INFO - [2026-09-09T06:18:50.865+0000] {dag.py:3947} INFO - Setting next_dagrun for netflix_etl_pipeline to 2026-09-08 00:00:00+00:00, run_after=2026-09-09 00:00:00+00:00
[2026-09-09T06:18:50.893+0000] {processor.py:183} INFO - Processing /opt/airflow/dags/netflix_dag.py took 0.151 seconds
[2026-09-09T06:19:21.319+0000] {processor.py:161} INFO - Started process (PID=2274) to work on /opt/airflow/dags/netflix_dag.py
[2026-09-09T06:19:21.321+0000] {processor.py:830} INFO - Processing file /opt/airflow/dags/netflix_dag.py for tasks to queue
[2026-09-09T06:19:21.325+0000] {logging_mixin.py:188} INFO - [2026-09-09T06:19:21.324+0000] {dagbag.py:545} INFO - Filling up the DagBag from /opt/airflow/dags/netflix_dag.py
[2026-09-09T06:19:21.357+0000] {processor.py:840} INFO - DAG(s) 'netflix_etl_pipeline' retrieved from /opt/airflow/dags/netflix_dag.py
[2026-09-09T06:19:21.402+0000] {logging_mixin.py:188} INFO - [2026-09-09T06:19:21.401+0000] {dag.py:3089} INFO - Sync 1 DAGs
[2026-09-09T06:19:21.432+0000] {logging_mixin.py:188} INFO - [2026-09-09T06:19:21.431+0000] {dag.py:3947} INFO - Setting next_dagrun for netflix_etl_pipeline to 2026-09-08 00:00:00+00:00, run_after=2026-09-09 00:00:00+00:00
[2026-09-09T06:19:21.459+0000] {processor.py:183} INFO - Processing /opt/airflow/dags/netflix_dag.py took 0.149 seconds
[2026-09-09T06:19:51.793+0000] {processor.py:161} INFO - Started process (PID=2285) to work on /opt/airflow/dags/netflix_dag.py
[2026-09-09T06:19:51.795+0000] {processor.py:830} INFO - Processing file /opt/airflow/dags/netflix_dag.py for tasks to queue
[2026-09-09T06:19:51.798+0000] {logging_mixin.py:188} INFO - [2026-09-09T06:19:51.797+0000] {dagbag.py:545} INFO - Filling up the DagBag from /opt/airflow/dags/netflix_dag.py
[2026-09-09T06:19:51.828+0000] {processor.py:840} INFO - DAG(s) 'netflix_etl_pipeline' retrieved from /opt/airflow/dags/netflix_dag.py
[2026-09-09T06:19:51.871+0000] {logging_mixin.py:188} INFO - [2026-09-09T06:19:51.871+0000] {dag.py:3089} INFO - Sync 1 DAGs
[2026-09-09T06:19:51.899+0000] {logging_mixin.py:188} INFO - [2026-09-09T06:19:51.899+0000] {dag.py:3947} INFO - Setting next_dagrun for netflix_etl_pipeline to 2026-09-08 00:00:00+00:00, run_after=2026-09-09 00:00:00+00:00
[2026-09-09T06:19:51.927+0000] {processor.py:183} INFO - Processing /opt/airflow/dags/netflix_dag.py took 0.142 seconds
[2026-09-09T06:20:22.467+0000] {processor.py:161} INFO - Started process (PID=2296) to work on /opt/airflow/dags/netflix_dag.py
[2026-09-09T06:20:22.469+0000] {processor.py:830} INFO - Processing file /opt/airflow/dags/netflix_dag.py for tasks to queue
[2026-09-09T06:20:22.472+0000] {logging_mixin.py:188} INFO - [2026-09-09T06:20:22.472+0000] {dagbag.py:545} INFO - Filling up the DagBag from /opt/airflow/dags/netflix_dag.py
[2026-09-09T06:20:22.503+0000] {processor.py:840} INFO - DAG(s) 'netflix_etl_pipeline' retrieved from /opt/airflow/dags/netflix_dag.py
[2026-09-09T06:20:22.548+0000] {logging_mixin.py:188} INFO - [2026-09-09T06:20:22.548+0000] {dag.py:3089} INFO - Sync 1 DAGs
[2026-09-09T06:20:22.579+0000] {logging_mixin.py:188} INFO - [2026-09-09T06:20:22.578+0000] {dag.py:3947} INFO - Setting next_dagrun for netflix_etl_pipeline to 2026-09-08 00:00:00+00:00, run_after=2026-09-09 00:00:00+00:00
[2026-09-09T06:20:22.607+0000] {processor.py:183} INFO - Processing /opt/airflow/dags/netflix_dag.py took 0.148 seconds
[2026-09-09T06:20:52.877+0000] {processor.py:161} INFO - Started process (PID=2307) to work on /opt/airflow/dags/netflix_dag.py
[2026-09-09T06:20:52.880+0000] {processor.py:830} INFO - Processing file /opt/airflow/dags/netflix_dag.py for tasks to queue
[2026-09-09T06:20:52.883+0000] {logging_mixin.py:188} INFO - [2026-09-09T06:20:52.883+0000] {dagbag.py:545} INFO - Filling up the DagBag from /opt/airflow/dags/netflix_dag.py
[2026-09-09T06:20:52.921+0000] {processor.py:840} INFO - DAG(s) 'netflix_etl_pipeline' retrieved from /opt/airflow/dags/netflix_dag.py
[2026-09-09T06:20:52.975+0000] {logging_mixin.py:188} INFO - [2026-09-09T06:20:52.975+0000] {dag.py:3089} INFO - Sync 1 DAGs
[2026-09-09T06:20:53.009+0000] {logging_mixin.py:188} INFO - [2026-09-09T06:20:53.009+0000] {dag.py:3947} INFO - Setting next_dagrun for netflix_etl_pipeline to 2026-09-08 00:00:00+00:00, run_after=2026-09-09 00:00:00+00:00
[2026-09-09T06:20:53.040+0000] {processor.py:183} INFO - Processing /opt/airflow/dags/netflix_dag.py took 0.175 seconds
[2026-09-09T06:21:23.561+0000] {processor.py:161} INFO - Started process (PID=2318) to work on /opt/airflow/dags/netflix_dag.py
[2026-09-09T06:21:23.564+0000] {processor.py:830} INFO - Processing file /opt/airflow/dags/netflix_dag.py for tasks to queue
[2026-09-09T06:21:23.568+0000] {logging_mixin.py:188} INFO - [2026-09-09T06:21:23.567+0000] {dagbag.py:545} INFO - Filling up the DagBag from /opt/airflow/dags/netflix_dag.py
[2026-09-09T06:21:23.601+0000] {processor.py:840} INFO - DAG(s) 'netflix_etl_pipeline' retrieved from /opt/airflow/dags/netflix_dag.py
[2026-09-09T06:21:23.650+0000] {logging_mixin.py:188} INFO - [2026-09-09T06:21:23.649+0000] {dag.py:3089} INFO - Sync 1 DAGs
[2026-09-09T06:21:23.683+0000] {logging_mixin.py:188} INFO - [2026-09-09T06:21:23.683+0000] {dag.py:3947} INFO - Setting next_dagrun for netflix_etl_pipeline to 2026-09-08 00:00:00+00:00, run_after=2026-09-09 00:00:00+00:00
[2026-09-09T06:21:23.713+0000] {processor.py:183} INFO - Processing /opt/airflow/dags/netflix_dag.py took 0.161 seconds
[2026-09-09T06:21:54.051+0000] {processor.py:161} INFO - Started process (PID=2329) to work on /opt/airflow/dags/netflix_dag.py
[2026-09-09T06:21:54.054+0000] {processor.py:830} INFO - Processing file /opt/airflow/dags/netflix_dag.py for tasks to queue
[2026-09-09T06:21:54.057+0000] {logging_mixin.py:188} INFO - [2026-09-09T06:21:54.057+0000] {dagbag.py:545} INFO - Filling up the DagBag from /opt/airflow/dags/netflix_dag.py
[2026-09-09T06:21:54.090+0000] {processor.py:840} INFO - DAG(s) 'netflix_etl_pipeline' retrieved from /opt/airflow/dags/netflix_dag.py
[2026-09-09T06:21:54.144+0000] {logging_mixin.py:188} INFO - [2026-09-09T06:21:54.143+0000] {dag.py:3089} INFO - Sync 1 DAGs
[2026-09-09T06:21:54.174+0000] {logging_mixin.py:188} INFO - [2026-09-09T06:21:54.174+0000] {dag.py:3947} INFO - Setting next_dagrun for netflix_etl_pipeline to 2026-09-08 00:00:00+00:00, run_after=2026-09-09 00:00:00+00:00
[2026-09-09T06:21:54.200+0000] {processor.py:183} INFO - Processing /opt/airflow/dags/netflix_dag.py took 0.159 seconds
[2026-09-09T06:22:24.586+0000] {processor.py:161} INFO - Started process (PID=2340) to work on /opt/airflow/dags/netflix_dag.py
[2026-09-09T06:22:24.589+0000] {processor.py:830} INFO - Processing file /opt/airflow/dags/netflix_dag.py for tasks to queue
[2026-09-09T06:22:24.592+0000] {logging_mixin.py:188} INFO - [2026-09-09T06:22:24.592+0000] {dagbag.py:545} INFO - Filling up the DagBag from /opt/airflow/dags/netflix_dag.py
[2026-09-09T06:22:24.626+0000] {processor.py:840} INFO - DAG(s) 'netflix_etl_pipeline' retrieved from /opt/airflow/dags/netflix_dag.py
[2026-09-09T06:22:24.676+0000] {logging_mixin.py:188} INFO - [2026-09-09T06:22:24.676+0000] {dag.py:3089} INFO - Sync 1 DAGs
[2026-09-09T06:22:24.707+0000] {logging_mixin.py:188} INFO - [2026-09-09T06:22:24.707+0000] {dag.py:3947} INFO - Setting next_dagrun for netflix_etl_pipeline to 2026-09-08 00:00:00+00:00, run_after=2026-09-09 00:00:00+00:00
[2026-09-09T06:22:24.735+0000] {processor.py:183} INFO - Processing /opt/airflow/dags/netflix_dag.py took 0.158 seconds
[2026-09-09T06:22:55.019+0000] {processor.py:161} INFO - Started process (PID=2351) to work on /opt/airflow/dags/netflix_dag.py
[2026-09-09T06:22:55.021+0000] {processor.py:830} INFO - Processing file /opt/airflow/dags/netflix_dag.py for tasks to queue
[2026-09-09T06:22:55.025+0000] {logging_mixin.py:188} INFO - [2026-09-09T06:22:55.024+0000] {dagbag.py:545} INFO - Filling up the DagBag from /opt/airflow/dags/netflix_dag.py
[2026-09-09T06:22:55.056+0000] {processor.py:840} INFO - DAG(s) 'netflix_etl_pipeline' retrieved from /opt/airflow/dags/netflix_dag.py
[2026-09-09T06:22:55.106+0000] {logging_mixin.py:188} INFO - [2026-09-09T06:22:55.105+0000] {dag.py:3089} INFO - Sync 1 DAGs
[2026-09-09T06:22:55.137+0000] {logging_mixin.py:188} INFO - [2026-09-09T06:22:55.136+0000] {dag.py:3947} INFO - Setting next_dagrun for netflix_etl_pipeline to 2026-09-08 00:00:00+00:00, run_after=2026-09-09 00:00:00+00:00
[2026-09-09T06:22:55.166+0000] {processor.py:183} INFO - Processing /opt/airflow/dags/netflix_dag.py took 0.157 seconds
[2026-09-09T06:23:25.546+0000] {processor.py:161} INFO - Started process (PID=2362) to work on /opt/airflow/dags/netflix_dag.py
[2026-09-09T06:23:25.549+0000] {processor.py:830} INFO - Processing file /opt/airflow/dags/netflix_dag.py for tasks to queue
[2026-09-09T06:23:25.552+0000] {logging_mixin.py:188} INFO - [2026-09-09T06:23:25.552+0000] {dagbag.py:545} INFO - Filling up the DagBag from /opt/airflow/dags/netflix_dag.py
[2026-09-09T06:23:25.587+0000] {processor.py:840} INFO - DAG(s) 'netflix_etl_pipeline' retrieved from /opt/airflow/dags/netflix_dag.py
[2026-09-09T06:23:25.635+0000] {logging_mixin.py:188} INFO - [2026-09-09T06:23:25.635+0000] {dag.py:3089} INFO - Sync 1 DAGs
[2026-09-09T06:23:25.667+0000] {logging_mixin.py:188} INFO - [2026-09-09T06:23:25.667+0000] {dag.py:3947} INFO - Setting next_dagrun for netflix_etl_pipeline to 2026-09-08 00:00:00+00:00, run_after=2026-09-09 00:00:00+00:00
[2026-09-09T06:23:25.695+0000] {processor.py:183} INFO - Processing /opt/airflow/dags/netflix_dag.py took 0.159 seconds
[2026-09-09T06:23:56.181+0000] {processor.py:161} INFO - Started process (PID=2373) to work on /opt/airflow/dags/netflix_dag.py
[2026-09-09T06:23:56.186+0000] {processor.py:830} INFO - Processing file /opt/airflow/dags/netflix_dag.py for tasks to queue
[2026-09-09T06:23:56.194+0000] {logging_mixin.py:188} INFO - [2026-09-09T06:23:56.192+0000] {dagbag.py:545} INFO - Filling up the DagBag from /opt/airflow/dags/netflix_dag.py
[2026-09-09T06:23:56.263+0000] {processor.py:840} INFO - DAG(s) 'netflix_etl_pipeline' retrieved from /opt/airflow/dags/netflix_dag.py
[2026-09-09T06:23:56.381+0000] {logging_mixin.py:188} INFO - [2026-09-09T06:23:56.380+0000] {dag.py:3089} INFO - Sync 1 DAGs
[2026-09-09T06:23:56.456+0000] {logging_mixin.py:188} INFO - [2026-09-09T06:23:56.456+0000] {dag.py:3947} INFO - Setting next_dagrun for netflix_etl_pipeline to 2026-09-08 00:00:00+00:00, run_after=2026-09-09 00:00:00+00:00
[2026-09-09T06:23:56.496+0000] {processor.py:183} INFO - Processing /opt/airflow/dags/netflix_dag.py took 0.338 seconds
[2026-09-09T06:24:27.090+0000] {processor.py:161} INFO - Started process (PID=2384) to work on /opt/airflow/dags/netflix_dag.py
[2026-09-09T06:24:27.094+0000] {processor.py:830} INFO - Processing file /opt/airflow/dags/netflix_dag.py for tasks to queue
[2026-09-09T06:24:27.099+0000] {logging_mixin.py:188} INFO - [2026-09-09T06:24:27.098+0000] {dagbag.py:545} INFO - Filling up the DagBag from /opt/airflow/dags/netflix_dag.py
[2026-09-09T06:24:27.133+0000] {processor.py:840} INFO - DAG(s) 'netflix_etl_pipeline' retrieved from /opt/airflow/dags/netflix_dag.py
[2026-09-09T06:24:27.185+0000] {logging_mixin.py:188} INFO - [2026-09-09T06:24:27.184+0000] {dag.py:3089} INFO - Sync 1 DAGs
[2026-09-09T06:24:27.216+0000] {logging_mixin.py:188} INFO - [2026-09-09T06:24:27.216+0000] {dag.py:3947} INFO - Setting next_dagrun for netflix_etl_pipeline to 2026-09-08 00:00:00+00:00, run_after=2026-09-09 00:00:00+00:00
[2026-09-09T06:24:27.245+0000] {processor.py:183} INFO - Processing /opt/airflow/dags/netflix_dag.py took 0.185 seconds
[2026-09-09T06:24:57.483+0000] {processor.py:161} INFO - Started process (PID=2395) to work on /opt/airflow/dags/netflix_dag.py
[2026-09-09T06:24:57.485+0000] {processor.py:830} INFO - Processing file /opt/airflow/dags/netflix_dag.py for tasks to queue
[2026-09-09T06:24:57.488+0000] {logging_mixin.py:188} INFO - [2026-09-09T06:24:57.488+0000] {dagbag.py:545} INFO - Filling up the DagBag from /opt/airflow/dags/netflix_dag.py
[2026-09-09T06:24:57.519+0000] {processor.py:840} INFO - DAG(s) 'netflix_etl_pipeline' retrieved from /opt/airflow/dags/netflix_dag.py
[2026-09-09T06:24:57.569+0000] {logging_mixin.py:188} INFO - [2026-09-09T06:24:57.569+0000] {dag.py:3089} INFO - Sync 1 DAGs
[2026-09-09T06:24:57.601+0000] {logging_mixin.py:188} INFO - [2026-09-09T06:24:57.600+0000] {dag.py:3947} INFO - Setting next_dagrun for netflix_etl_pipeline to 2026-09-08 00:00:00+00:00, run_after=2026-09-09 00:00:00+00:00
[2026-09-09T06:24:57.631+0000] {processor.py:183} INFO - Processing /opt/airflow/dags/netflix_dag.py took 0.157 seconds
[2026-09-09T06:25:28.079+0000] {processor.py:161} INFO - Started process (PID=2407) to work on /opt/airflow/dags/netflix_dag.py
[2026-09-09T06:25:28.082+0000] {processor.py:830} INFO - Processing file /opt/airflow/dags/netflix_dag.py for tasks to queue
[2026-09-09T06:25:28.085+0000] {logging_mixin.py:188} INFO - [2026-09-09T06:25:28.085+0000] {dagbag.py:545} INFO - Filling up the DagBag from /opt/airflow/dags/netflix_dag.py
[2026-09-09T06:25:28.117+0000] {processor.py:840} INFO - DAG(s) 'netflix_etl_pipeline' retrieved from /opt/airflow/dags/netflix_dag.py
[2026-09-09T06:25:28.174+0000] {logging_mixin.py:188} INFO - [2026-09-09T06:25:28.173+0000] {dag.py:3089} INFO - Sync 1 DAGs
[2026-09-09T06:25:28.207+0000] {logging_mixin.py:188} INFO - [2026-09-09T06:25:28.207+0000] {dag.py:3947} INFO - Setting next_dagrun for netflix_etl_pipeline to 2026-09-08 00:00:00+00:00, run_after=2026-09-09 00:00:00+00:00
[2026-09-09T06:25:28.235+0000] {processor.py:183} INFO - Processing /opt/airflow/dags/netflix_dag.py took 0.165 seconds
[2026-09-09T06:25:58.584+0000] {processor.py:161} INFO - Started process (PID=2418) to work on /opt/airflow/dags/netflix_dag.py
[2026-09-09T06:25:58.587+0000] {processor.py:830} INFO - Processing file /opt/airflow/dags/netflix_dag.py for tasks to queue
[2026-09-09T06:25:58.591+0000] {logging_mixin.py:188} INFO - [2026-09-09T06:25:58.590+0000] {dagbag.py:545} INFO - Filling up the DagBag from /opt/airflow/dags/netflix_dag.py
[2026-09-09T06:25:58.624+0000] {processor.py:840} INFO - DAG(s) 'netflix_etl_pipeline' retrieved from /opt/airflow/dags/netflix_dag.py
[2026-09-09T06:25:58.678+0000] {logging_mixin.py:188} INFO - [2026-09-09T06:25:58.678+0000] {dag.py:3089} INFO - Sync 1 DAGs
[2026-09-09T06:25:58.710+0000] {logging_mixin.py:188} INFO - [2026-09-09T06:25:58.710+0000] {dag.py:3947} INFO - Setting next_dagrun for netflix_etl_pipeline to 2026-09-08 00:00:00+00:00, run_after=2026-09-09 00:00:00+00:00
[2026-09-09T06:25:58.740+0000] {processor.py:183} INFO - Processing /opt/airflow/dags/netflix_dag.py took 0.167 seconds
[2026-09-09T06:26:29.158+0000] {processor.py:161} INFO - Started process (PID=2429) to work on /opt/airflow/dags/netflix_dag.py
[2026-09-09T06:26:29.160+0000] {processor.py:830} INFO - Processing file /opt/airflow/dags/netflix_dag.py for tasks to queue
[2026-09-09T06:26:29.164+0000] {logging_mixin.py:188} INFO - [2026-09-09T06:26:29.163+0000] {dagbag.py:545} INFO - Filling up the DagBag from /opt/airflow/dags/netflix_dag.py
[2026-09-09T06:26:29.196+0000] {processor.py:840} INFO - DAG(s) 'netflix_etl_pipeline' retrieved from /opt/airflow/dags/netflix_dag.py
[2026-09-09T06:26:29.244+0000] {logging_mixin.py:188} INFO - [2026-09-09T06:26:29.243+0000] {dag.py:3089} INFO - Sync 1 DAGs
[2026-09-09T06:26:29.277+0000] {logging_mixin.py:188} INFO - [2026-09-09T06:26:29.277+0000] {dag.py:3947} INFO - Setting next_dagrun for netflix_etl_pipeline to 2026-09-08 00:00:00+00:00, run_after=2026-09-09 00:00:00+00:00
[2026-09-09T06:26:29.309+0000] {processor.py:183} INFO - Processing /opt/airflow/dags/netflix_dag.py took 0.159 seconds
[2026-09-09T06:26:59.634+0000] {processor.py:161} INFO - Started process (PID=2440) to work on /opt/airflow/dags/netflix_dag.py
[2026-09-09T06:26:59.637+0000] {processor.py:830} INFO - Processing file /opt/airflow/dags/netflix_dag.py for tasks to queue
[2026-09-09T06:26:59.641+0000] {logging_mixin.py:188} INFO - [2026-09-09T06:26:59.640+0000] {dagbag.py:545} INFO - Filling up the DagBag from /opt/airflow/dags/netflix_dag.py
[2026-09-09T06:26:59.673+0000] {processor.py:840} INFO - DAG(s) 'netflix_etl_pipeline' retrieved from /opt/airflow/dags/netflix_dag.py
[2026-09-09T06:26:59.724+0000] {logging_mixin.py:188} INFO - [2026-09-09T06:26:59.723+0000] {dag.py:3089} INFO - Sync 1 DAGs
[2026-09-09T06:26:59.758+0000] {logging_mixin.py:188} INFO - [2026-09-09T06:26:59.758+0000] {dag.py:3947} INFO - Setting next_dagrun for netflix_etl_pipeline to 2026-09-08 00:00:00+00:00, run_after=2026-09-09 00:00:00+00:00
[2026-09-09T06:26:59.787+0000] {processor.py:183} INFO - Processing /opt/airflow/dags/netflix_dag.py took 0.164 seconds
[2026-09-09T06:27:30.130+0000] {processor.py:161} INFO - Started process (PID=2451) to work on /opt/airflow/dags/netflix_dag.py
[2026-09-09T06:27:30.132+0000] {processor.py:830} INFO - Processing file /opt/airflow/dags/netflix_dag.py for tasks to queue
[2026-09-09T06:27:30.136+0000] {logging_mixin.py:188} INFO - [2026-09-09T06:27:30.136+0000] {dagbag.py:545} INFO - Filling up the DagBag from /opt/airflow/dags/netflix_dag.py
[2026-09-09T06:27:30.169+0000] {processor.py:840} INFO - DAG(s) 'netflix_etl_pipeline' retrieved from /opt/airflow/dags/netflix_dag.py
[2026-09-09T06:27:30.218+0000] {logging_mixin.py:188} INFO - [2026-09-09T06:27:30.218+0000] {dag.py:3089} INFO - Sync 1 DAGs
[2026-09-09T06:27:30.249+0000] {logging_mixin.py:188} INFO - [2026-09-09T06:27:30.249+0000] {dag.py:3947} INFO - Setting next_dagrun for netflix_etl_pipeline to 2026-09-08 00:00:00+00:00, run_after=2026-09-09 00:00:00+00:00
[2026-09-09T06:27:30.277+0000] {processor.py:183} INFO - Processing /opt/airflow/dags/netflix_dag.py took 0.157 seconds
[2026-09-09T06:28:01.086+0000] {processor.py:161} INFO - Started process (PID=2462) to work on /opt/airflow/dags/netflix_dag.py
[2026-09-09T06:28:01.089+0000] {processor.py:830} INFO - Processing file /opt/airflow/dags/netflix_dag.py for tasks to queue
[2026-09-09T06:28:01.094+0000] {logging_mixin.py:188} INFO - [2026-09-09T06:28:01.093+0000] {dagbag.py:545} INFO - Filling up the DagBag from /opt/airflow/dags/netflix_dag.py
[2026-09-09T06:28:01.142+0000] {processor.py:840} INFO - DAG(s) 'netflix_etl_pipeline' retrieved from /opt/airflow/dags/netflix_dag.py
[2026-09-09T06:28:01.230+0000] {logging_mixin.py:188} INFO - [2026-09-09T06:28:01.229+0000] {dag.py:3089} INFO - Sync 1 DAGs
[2026-09-09T06:28:01.282+0000] {logging_mixin.py:188} INFO - [2026-09-09T06:28:01.282+0000] {dag.py:3947} INFO - Setting next_dagrun for netflix_etl_pipeline to 2026-09-08 00:00:00+00:00, run_after=2026-09-09 00:00:00+00:00
[2026-09-09T06:28:01.326+0000] {processor.py:183} INFO - Processing /opt/airflow/dags/netflix_dag.py took 0.257 seconds
[2026-09-09T06:28:31.441+0000] {processor.py:161} INFO - Started process (PID=2473) to work on /opt/airflow/dags/netflix_dag.py
[2026-09-09T06:28:31.442+0000] {processor.py:830} INFO - Processing file /opt/airflow/dags/netflix_dag.py for tasks to queue
[2026-09-09T06:28:31.446+0000] {logging_mixin.py:188} INFO - [2026-09-09T06:28:31.446+0000] {dagbag.py:545} INFO - Filling up the DagBag from /opt/airflow/dags/netflix_dag.py
[2026-09-09T06:28:31.472+0000] {processor.py:840} INFO - DAG(s) 'netflix_etl_pipeline' retrieved from /opt/airflow/dags/netflix_dag.py
[2026-09-09T06:28:31.508+0000] {logging_mixin.py:188} INFO - [2026-09-09T06:28:31.508+0000] {dag.py:3089} INFO - Sync 1 DAGs
[2026-09-09T06:28:31.533+0000] {logging_mixin.py:188} INFO - [2026-09-09T06:28:31.532+0000] {dag.py:3947} INFO - Setting next_dagrun for netflix_etl_pipeline to 2026-09-08 00:00:00+00:00, run_after=2026-09-09 00:00:00+00:00
[2026-09-09T06:28:31.555+0000] {processor.py:183} INFO - Processing /opt/airflow/dags/netflix_dag.py took 0.122 seconds
[2026-09-09T06:29:01.752+0000] {processor.py:161} INFO - Started process (PID=2484) to work on /opt/airflow/dags/netflix_dag.py
[2026-09-09T06:29:01.754+0000] {processor.py:830} INFO - Processing file /opt/airflow/dags/netflix_dag.py for tasks to queue
[2026-09-09T06:29:01.757+0000] {logging_mixin.py:188} INFO - [2026-09-09T06:29:01.757+0000] {dagbag.py:545} INFO - Filling up the DagBag from /opt/airflow/dags/netflix_dag.py
[2026-09-09T06:29:01.783+0000] {processor.py:840} INFO - DAG(s) 'netflix_etl_pipeline' retrieved from /opt/airflow/dags/netflix_dag.py
[2026-09-09T06:29:01.818+0000] {logging_mixin.py:188} INFO - [2026-09-09T06:29:01.818+0000] {dag.py:3089} INFO - Sync 1 DAGs
[2026-09-09T06:29:01.842+0000] {logging_mixin.py:188} INFO - [2026-09-09T06:29:01.841+0000] {dag.py:3947} INFO - Setting next_dagrun for netflix_etl_pipeline to 2026-09-08 00:00:00+00:00, run_after=2026-09-09 00:00:00+00:00
[2026-09-09T06:29:01.865+0000] {processor.py:183} INFO - Processing /opt/airflow/dags/netflix_dag.py took 0.121 seconds
[2026-09-09T06:29:31.950+0000] {processor.py:161} INFO - Started process (PID=2495) to work on /opt/airflow/dags/netflix_dag.py
[2026-09-09T06:29:31.952+0000] {processor.py:830} INFO - Processing file /opt/airflow/dags/netflix_dag.py for tasks to queue
[2026-09-09T06:29:31.955+0000] {logging_mixin.py:188} INFO - [2026-09-09T06:29:31.954+0000] {dagbag.py:545} INFO - Filling up the DagBag from /opt/airflow/dags/netflix_dag.py
[2026-09-09T06:29:31.977+0000] {processor.py:840} INFO - DAG(s) 'netflix_etl_pipeline' retrieved from /opt/airflow/dags/netflix_dag.py
[2026-09-09T06:29:32.015+0000] {logging_mixin.py:188} INFO - [2026-09-09T06:29:32.015+0000] {dag.py:3089} INFO - Sync 1 DAGs
[2026-09-09T06:29:32.041+0000] {logging_mixin.py:188} INFO - [2026-09-09T06:29:32.041+0000] {dag.py:3947} INFO - Setting next_dagrun for netflix_etl_pipeline to 2026-09-08 00:00:00+00:00, run_after=2026-09-09 00:00:00+00:00
[2026-09-09T06:29:32.074+0000] {processor.py:183} INFO - Processing /opt/airflow/dags/netflix_dag.py took 0.130 seconds
[2026-09-09T06:30:02.333+0000] {processor.py:161} INFO - Started process (PID=2506) to work on /opt/airflow/dags/netflix_dag.py
[2026-09-09T06:30:02.336+0000] {processor.py:830} INFO - Processing file /opt/airflow/dags/netflix_dag.py for tasks to queue
[2026-09-09T06:30:02.342+0000] {logging_mixin.py:188} INFO - [2026-09-09T06:30:02.341+0000] {dagbag.py:545} INFO - Filling up the DagBag from /opt/airflow/dags/netflix_dag.py
[2026-09-09T06:30:02.395+0000] {processor.py:840} INFO - DAG(s) 'netflix_etl_pipeline' retrieved from /opt/airflow/dags/netflix_dag.py
[2026-09-09T06:30:02.470+0000] {logging_mixin.py:188} INFO - [2026-09-09T06:30:02.469+0000] {dag.py:3089} INFO - Sync 1 DAGs
[2026-09-09T06:30:02.524+0000] {logging_mixin.py:188} INFO - [2026-09-09T06:30:02.523+0000] {dag.py:3947} INFO - Setting next_dagrun for netflix_etl_pipeline to 2026-09-08 00:00:00+00:00, run_after=2026-09-09 00:00:00+00:00
[2026-09-09T06:30:02.567+0000] {processor.py:183} INFO - Processing /opt/airflow/dags/netflix_dag.py took 0.247 seconds
[2026-09-09T06:30:32.800+0000] {processor.py:161} INFO - Started process (PID=2517) to work on /opt/airflow/dags/netflix_dag.py
[2026-09-09T06:30:32.802+0000] {processor.py:830} INFO - Processing file /opt/airflow/dags/netflix_dag.py for tasks to queue
[2026-09-09T06:30:32.805+0000] {logging_mixin.py:188} INFO - [2026-09-09T06:30:32.804+0000] {dagbag.py:545} INFO - Filling up the DagBag from /opt/airflow/dags/netflix_dag.py
[2026-09-09T06:30:32.827+0000] {processor.py:840} INFO - DAG(s) 'netflix_etl_pipeline' retrieved from /opt/airflow/dags/netflix_dag.py
[2026-09-09T06:30:32.865+0000] {logging_mixin.py:188} INFO - [2026-09-09T06:30:32.865+0000] {dag.py:3089} INFO - Sync 1 DAGs
[2026-09-09T06:30:32.889+0000] {logging_mixin.py:188} INFO - [2026-09-09T06:30:32.889+0000] {dag.py:3947} INFO - Setting next_dagrun for netflix_etl_pipeline to 2026-09-08 00:00:00+00:00, run_after=2026-09-09 00:00:00+00:00
[2026-09-09T06:30:32.911+0000] {processor.py:183} INFO - Processing /opt/airflow/dags/netflix_dag.py took 0.118 seconds
[2026-09-09T06:31:03.042+0000] {processor.py:161} INFO - Started process (PID=2528) to work on /opt/airflow/dags/netflix_dag.py
[2026-09-09T06:31:03.045+0000] {processor.py:830} INFO - Processing file /opt/airflow/dags/netflix_dag.py for tasks to queue
[2026-09-09T06:31:03.050+0000] {logging_mixin.py:188} INFO - [2026-09-09T06:31:03.049+0000] {dagbag.py:545} INFO - Filling up the DagBag from /opt/airflow/dags/netflix_dag.py
[2026-09-09T06:31:03.100+0000] {processor.py:840} INFO - DAG(s) 'netflix_etl_pipeline' retrieved from /opt/airflow/dags/netflix_dag.py
[2026-09-09T06:31:03.172+0000] {logging_mixin.py:188} INFO - [2026-09-09T06:31:03.171+0000] {dag.py:3089} INFO - Sync 1 DAGs
[2026-09-09T06:31:03.217+0000] {logging_mixin.py:188} INFO - [2026-09-09T06:31:03.217+0000] {dag.py:3947} INFO - Setting next_dagrun for netflix_etl_pipeline to 2026-09-08 00:00:00+00:00, run_after=2026-09-09 00:00:00+00:00
[2026-09-09T06:31:03.257+0000] {processor.py:183} INFO - Processing /opt/airflow/dags/netflix_dag.py took 0.228 seconds
[2026-09-09T06:31:33.340+0000] {processor.py:161} INFO - Started process (PID=2539) to work on /opt/airflow/dags/netflix_dag.py
[2026-09-09T06:31:33.342+0000] {processor.py:830} INFO - Processing file /opt/airflow/dags/netflix_dag.py for tasks to queue
[2026-09-09T06:31:33.344+0000] {logging_mixin.py:188} INFO - [2026-09-09T06:31:33.344+0000] {dagbag.py:545} INFO - Filling up the DagBag from /opt/airflow/dags/netflix_dag.py
[2026-09-09T06:31:33.373+0000] {processor.py:840} INFO - DAG(s) 'netflix_etl_pipeline' retrieved from /opt/airflow/dags/netflix_dag.py
[2026-09-09T06:31:33.409+0000] {logging_mixin.py:188} INFO - [2026-09-09T06:31:33.408+0000] {dag.py:3089} INFO - Sync 1 DAGs
[2026-09-09T06:31:33.433+0000] {logging_mixin.py:188} INFO - [2026-09-09T06:31:33.433+0000] {dag.py:3947} INFO - Setting next_dagrun for netflix_etl_pipeline to 2026-09-08 00:00:00+00:00, run_after=2026-09-09 00:00:00+00:00
[2026-09-09T06:31:33.456+0000] {processor.py:183} INFO - Processing /opt/airflow/dags/netflix_dag.py took 0.124 seconds
[2026-09-09T06:32:03.729+0000] {processor.py:161} INFO - Started process (PID=2551) to work on /opt/airflow/dags/netflix_dag.py
[2026-09-09T06:32:03.732+0000] {processor.py:830} INFO - Processing file /opt/airflow/dags/netflix_dag.py for tasks to queue
[2026-09-09T06:32:03.737+0000] {logging_mixin.py:188} INFO - [2026-09-09T06:32:03.736+0000] {dagbag.py:545} INFO - Filling up the DagBag from /opt/airflow/dags/netflix_dag.py
[2026-09-09T06:32:03.785+0000] {processor.py:840} INFO - DAG(s) 'netflix_etl_pipeline' retrieved from /opt/airflow/dags/netflix_dag.py
[2026-09-09T06:32:03.856+0000] {logging_mixin.py:188} INFO - [2026-09-09T06:32:03.856+0000] {dag.py:3089} INFO - Sync 1 DAGs
[2026-09-09T06:32:03.904+0000] {logging_mixin.py:188} INFO - [2026-09-09T06:32:03.904+0000] {dag.py:3947} INFO - Setting next_dagrun for netflix_etl_pipeline to 2026-09-08 00:00:00+00:00, run_after=2026-09-09 00:00:00+00:00
[2026-09-09T06:32:03.947+0000] {processor.py:183} INFO - Processing /opt/airflow/dags/netflix_dag.py took 0.232 seconds
[2026-09-09T06:32:34.169+0000] {processor.py:161} INFO - Started process (PID=2562) to work on /opt/airflow/dags/netflix_dag.py
[2026-09-09T06:32:34.171+0000] {processor.py:830} INFO - Processing file /opt/airflow/dags/netflix_dag.py for tasks to queue
[2026-09-09T06:32:34.174+0000] {logging_mixin.py:188} INFO - [2026-09-09T06:32:34.173+0000] {dagbag.py:545} INFO - Filling up the DagBag from /opt/airflow/dags/netflix_dag.py
[2026-09-09T06:32:34.201+0000] {processor.py:840} INFO - DAG(s) 'netflix_etl_pipeline' retrieved from /opt/airflow/dags/netflix_dag.py
[2026-09-09T06:32:34.239+0000] {logging_mixin.py:188} INFO - [2026-09-09T06:32:34.239+0000] {dag.py:3089} INFO - Sync 1 DAGs
[2026-09-09T06:32:34.266+0000] {logging_mixin.py:188} INFO - [2026-09-09T06:32:34.266+0000] {dag.py:3947} INFO - Setting next_dagrun for netflix_etl_pipeline to 2026-09-08 00:00:00+00:00, run_after=2026-09-09 00:00:00+00:00
[2026-09-09T06:32:34.292+0000] {processor.py:183} INFO - Processing /opt/airflow/dags/netflix_dag.py took 0.129 seconds
[2026-09-09T06:33:04.401+0000] {processor.py:161} INFO - Started process (PID=2573) to work on /opt/airflow/dags/netflix_dag.py
[2026-09-09T06:33:04.404+0000] {processor.py:830} INFO - Processing file /opt/airflow/dags/netflix_dag.py for tasks to queue
[2026-09-09T06:33:04.408+0000] {logging_mixin.py:188} INFO - [2026-09-09T06:33:04.408+0000] {dagbag.py:545} INFO - Filling up the DagBag from /opt/airflow/dags/netflix_dag.py
[2026-09-09T06:33:04.462+0000] {processor.py:840} INFO - DAG(s) 'netflix_etl_pipeline' retrieved from /opt/airflow/dags/netflix_dag.py
[2026-09-09T06:33:04.539+0000] {logging_mixin.py:188} INFO - [2026-09-09T06:33:04.538+0000] {dag.py:3089} INFO - Sync 1 DAGs
[2026-09-09T06:33:04.589+0000] {logging_mixin.py:188} INFO - [2026-09-09T06:33:04.588+0000] {dag.py:3947} INFO - Setting next_dagrun for netflix_etl_pipeline to 2026-09-08 00:00:00+00:00, run_after=2026-09-09 00:00:00+00:00
[2026-09-09T06:33:04.630+0000] {processor.py:183} INFO - Processing /opt/airflow/dags/netflix_dag.py took 0.241 seconds
[2026-09-09T06:33:34.719+0000] {processor.py:161} INFO - Started process (PID=2584) to work on /opt/airflow/dags/netflix_dag.py
[2026-09-09T06:33:34.721+0000] {processor.py:830} INFO - Processing file /opt/airflow/dags/netflix_dag.py for tasks to queue
[2026-09-09T06:33:34.724+0000] {logging_mixin.py:188} INFO - [2026-09-09T06:33:34.724+0000] {dagbag.py:545} INFO - Filling up the DagBag from /opt/airflow/dags/netflix_dag.py
[2026-09-09T06:33:34.748+0000] {processor.py:840} INFO - DAG(s) 'netflix_etl_pipeline' retrieved from /opt/airflow/dags/netflix_dag.py
[2026-09-09T06:33:34.788+0000] {logging_mixin.py:188} INFO - [2026-09-09T06:33:34.788+0000] {dag.py:3089} INFO - Sync 1 DAGs
[2026-09-09T06:33:34.814+0000] {logging_mixin.py:188} INFO - [2026-09-09T06:33:34.814+0000] {dag.py:3947} INFO - Setting next_dagrun for netflix_etl_pipeline to 2026-09-08 00:00:00+00:00, run_after=2026-09-09 00:00:00+00:00
[2026-09-09T06:33:34.838+0000] {processor.py:183} INFO - Processing /opt/airflow/dags/netflix_dag.py took 0.127 seconds
[2026-09-09T06:34:05.090+0000] {processor.py:161} INFO - Started process (PID=2595) to work on /opt/airflow/dags/netflix_dag.py
[2026-09-09T06:34:05.094+0000] {processor.py:830} INFO - Processing file /opt/airflow/dags/netflix_dag.py for tasks to queue
[2026-09-09T06:34:05.099+0000] {logging_mixin.py:188} INFO - [2026-09-09T06:34:05.098+0000] {dagbag.py:545} INFO - Filling up the DagBag from /opt/airflow/dags/netflix_dag.py
[2026-09-09T06:34:05.152+0000] {processor.py:840} INFO - DAG(s) 'netflix_etl_pipeline' retrieved from /opt/airflow/dags/netflix_dag.py
[2026-09-09T06:34:05.233+0000] {logging_mixin.py:188} INFO - [2026-09-09T06:34:05.233+0000] {dag.py:3089} INFO - Sync 1 DAGs
[2026-09-09T06:34:05.292+0000] {logging_mixin.py:188} INFO - [2026-09-09T06:34:05.292+0000] {dag.py:3947} INFO - Setting next_dagrun for netflix_etl_pipeline to 2026-09-08 00:00:00+00:00, run_after=2026-09-09 00:00:00+00:00
[2026-09-09T06:34:05.341+0000] {processor.py:183} INFO - Processing /opt/airflow/dags/netflix_dag.py took 0.264 seconds
[2026-09-09T06:34:35.576+0000] {processor.py:161} INFO - Started process (PID=2606) to work on /opt/airflow/dags/netflix_dag.py
[2026-09-09T06:34:35.577+0000] {processor.py:830} INFO - Processing file /opt/airflow/dags/netflix_dag.py for tasks to queue
[2026-09-09T06:34:35.582+0000] {logging_mixin.py:188} INFO - [2026-09-09T06:34:35.582+0000] {dagbag.py:545} INFO - Filling up the DagBag from /opt/airflow/dags/netflix_dag.py
[2026-09-09T06:34:35.609+0000] {processor.py:840} INFO - DAG(s) 'netflix_etl_pipeline' retrieved from /opt/airflow/dags/netflix_dag.py
[2026-09-09T06:34:35.664+0000] {logging_mixin.py:188} INFO - [2026-09-09T06:34:35.664+0000] {dag.py:3089} INFO - Sync 1 DAGs
[2026-09-09T06:34:35.713+0000] {logging_mixin.py:188} INFO - [2026-09-09T06:34:35.713+0000] {dag.py:3947} INFO - Setting next_dagrun for netflix_etl_pipeline to 2026-09-08 00:00:00+00:00, run_after=2026-09-09 00:00:00+00:00
[2026-09-09T06:34:35.757+0000] {processor.py:183} INFO - Processing /opt/airflow/dags/netflix_dag.py took 0.187 seconds
[2026-09-09T06:35:05.854+0000] {processor.py:161} INFO - Started process (PID=2617) to work on /opt/airflow/dags/netflix_dag.py
[2026-09-09T06:35:05.856+0000] {processor.py:830} INFO - Processing file /opt/airflow/dags/netflix_dag.py for tasks to queue
[2026-09-09T06:35:05.858+0000] {logging_mixin.py:188} INFO - [2026-09-09T06:35:05.858+0000] {dagbag.py:545} INFO - Filling up the DagBag from /opt/airflow/dags/netflix_dag.py
[2026-09-09T06:35:05.885+0000] {processor.py:840} INFO - DAG(s) 'netflix_etl_pipeline' retrieved from /opt/airflow/dags/netflix_dag.py
[2026-09-09T06:35:05.922+0000] {logging_mixin.py:188} INFO - [2026-09-09T06:35:05.921+0000] {dag.py:3089} INFO - Sync 1 DAGs
[2026-09-09T06:35:05.949+0000] {logging_mixin.py:188} INFO - [2026-09-09T06:35:05.949+0000] {dag.py:3947} INFO - Setting next_dagrun for netflix_etl_pipeline to 2026-09-08 00:00:00+00:00, run_after=2026-09-09 00:00:00+00:00
[2026-09-09T06:35:05.973+0000] {processor.py:183} INFO - Processing /opt/airflow/dags/netflix_dag.py took 0.125 seconds
[2026-09-09T06:35:36.183+0000] {processor.py:161} INFO - Started process (PID=2628) to work on /opt/airflow/dags/netflix_dag.py
[2026-09-09T06:35:36.185+0000] {processor.py:830} INFO - Processing file /opt/airflow/dags/netflix_dag.py for tasks to queue
[2026-09-09T06:35:36.188+0000] {logging_mixin.py:188} INFO - [2026-09-09T06:35:36.187+0000] {dagbag.py:545} INFO - Filling up the DagBag from /opt/airflow/dags/netflix_dag.py
[2026-09-09T06:35:36.218+0000] {processor.py:840} INFO - DAG(s) 'netflix_etl_pipeline' retrieved from /opt/airflow/dags/netflix_dag.py
[2026-09-09T06:35:36.262+0000] {logging_mixin.py:188} INFO - [2026-09-09T06:35:36.262+0000] {dag.py:3089} INFO - Sync 1 DAGs
[2026-09-09T06:35:36.289+0000] {logging_mixin.py:188} INFO - [2026-09-09T06:35:36.288+0000] {dag.py:3947} INFO - Setting next_dagrun for netflix_etl_pipeline to 2026-09-08 00:00:00+00:00, run_after=2026-09-09 00:00:00+00:00
[2026-09-09T06:35:36.317+0000] {processor.py:183} INFO - Processing /opt/airflow/dags/netflix_dag.py took 0.142 seconds
[2026-09-09T06:36:06.397+0000] {processor.py:161} INFO - Started process (PID=2639) to work on /opt/airflow/dags/netflix_dag.py
[2026-09-09T06:36:06.399+0000] {processor.py:830} INFO - Processing file /opt/airflow/dags/netflix_dag.py for tasks to queue
[2026-09-09T06:36:06.402+0000] {logging_mixin.py:188} INFO - [2026-09-09T06:36:06.401+0000] {dagbag.py:545} INFO - Filling up the DagBag from /opt/airflow/dags/netflix_dag.py
[2026-09-09T06:36:06.424+0000] {processor.py:840} INFO - DAG(s) 'netflix_etl_pipeline' retrieved from /opt/airflow/dags/netflix_dag.py
[2026-09-09T06:36:06.464+0000] {logging_mixin.py:188} INFO - [2026-09-09T06:36:06.463+0000] {dag.py:3089} INFO - Sync 1 DAGs
[2026-09-09T06:36:06.491+0000] {logging_mixin.py:188} INFO - [2026-09-09T06:36:06.490+0000] {dag.py:3947} INFO - Setting next_dagrun for netflix_etl_pipeline to 2026-09-08 00:00:00+00:00, run_after=2026-09-09 00:00:00+00:00
[2026-09-09T06:36:06.512+0000] {processor.py:183} INFO - Processing /opt/airflow/dags/netflix_dag.py took 0.122 seconds
[2026-09-09T06:36:36.744+0000] {processor.py:161} INFO - Started process (PID=2650) to work on /opt/airflow/dags/netflix_dag.py
[2026-09-09T06:36:36.746+0000] {processor.py:830} INFO - Processing file /opt/airflow/dags/netflix_dag.py for tasks to queue
[2026-09-09T06:36:36.749+0000] {logging_mixin.py:188} INFO - [2026-09-09T06:36:36.749+0000] {dagbag.py:545} INFO - Filling up the DagBag from /opt/airflow/dags/netflix_dag.py
[2026-09-09T06:36:36.778+0000] {processor.py:840} INFO - DAG(s) 'netflix_etl_pipeline' retrieved from /opt/airflow/dags/netflix_dag.py
[2026-09-09T06:36:36.813+0000] {logging_mixin.py:188} INFO - [2026-09-09T06:36:36.813+0000] {dag.py:3089} INFO - Sync 1 DAGs
[2026-09-09T06:36:36.837+0000] {logging_mixin.py:188} INFO - [2026-09-09T06:36:36.837+0000] {dag.py:3947} INFO - Setting next_dagrun for netflix_etl_pipeline to 2026-09-08 00:00:00+00:00, run_after=2026-09-09 00:00:00+00:00
[2026-09-09T06:36:36.859+0000] {processor.py:183} INFO - Processing /opt/airflow/dags/netflix_dag.py took 0.122 seconds
[2026-09-09T06:37:06.959+0000] {processor.py:161} INFO - Started process (PID=2661) to work on /opt/airflow/dags/netflix_dag.py
[2026-09-09T06:37:06.961+0000] {processor.py:830} INFO - Processing file /opt/airflow/dags/netflix_dag.py for tasks to queue
[2026-09-09T06:37:06.964+0000] {logging_mixin.py:188} INFO - [2026-09-09T06:37:06.963+0000] {dagbag.py:545} INFO - Filling up the DagBag from /opt/airflow/dags/netflix_dag.py
[2026-09-09T06:37:06.990+0000] {processor.py:840} INFO - DAG(s) 'netflix_etl_pipeline' retrieved from /opt/airflow/dags/netflix_dag.py
[2026-09-09T06:37:07.028+0000] {logging_mixin.py:188} INFO - [2026-09-09T06:37:07.028+0000] {dag.py:3089} INFO - Sync 1 DAGs
[2026-09-09T06:37:07.052+0000] {logging_mixin.py:188} INFO - [2026-09-09T06:37:07.052+0000] {dag.py:3947} INFO - Setting next_dagrun for netflix_etl_pipeline to 2026-09-08 00:00:00+00:00, run_after=2026-09-09 00:00:00+00:00
[2026-09-09T06:37:07.076+0000] {processor.py:183} INFO - Processing /opt/airflow/dags/netflix_dag.py took 0.125 seconds
[2026-09-09T06:37:37.275+0000] {processor.py:161} INFO - Started process (PID=2672) to work on /opt/airflow/dags/netflix_dag.py
[2026-09-09T06:37:37.277+0000] {processor.py:830} INFO - Processing file /opt/airflow/dags/netflix_dag.py for tasks to queue
[2026-09-09T06:37:37.280+0000] {logging_mixin.py:188} INFO - [2026-09-09T06:37:37.280+0000] {dagbag.py:545} INFO - Filling up the DagBag from /opt/airflow/dags/netflix_dag.py
[2026-09-09T06:37:37.312+0000] {processor.py:840} INFO - DAG(s) 'netflix_etl_pipeline' retrieved from /opt/airflow/dags/netflix_dag.py
[2026-09-09T06:37:37.349+0000] {logging_mixin.py:188} INFO - [2026-09-09T06:37:37.349+0000] {dag.py:3089} INFO - Sync 1 DAGs
[2026-09-09T06:37:37.372+0000] {logging_mixin.py:188} INFO - [2026-09-09T06:37:37.372+0000] {dag.py:3947} INFO - Setting next_dagrun for netflix_etl_pipeline to 2026-09-08 00:00:00+00:00, run_after=2026-09-09 00:00:00+00:00
[2026-09-09T06:37:37.397+0000] {processor.py:183} INFO - Processing /opt/airflow/dags/netflix_dag.py took 0.129 seconds
[2026-09-09T06:38:07.503+0000] {processor.py:161} INFO - Started process (PID=2683) to work on /opt/airflow/dags/netflix_dag.py
[2026-09-09T06:38:07.505+0000] {processor.py:830} INFO - Processing file /opt/airflow/dags/netflix_dag.py for tasks to queue
[2026-09-09T06:38:07.507+0000] {logging_mixin.py:188} INFO - [2026-09-09T06:38:07.507+0000] {dagbag.py:545} INFO - Filling up the DagBag from /opt/airflow/dags/netflix_dag.py
[2026-09-09T06:38:07.532+0000] {processor.py:840} INFO - DAG(s) 'netflix_etl_pipeline' retrieved from /opt/airflow/dags/netflix_dag.py
[2026-09-09T06:38:07.570+0000] {logging_mixin.py:188} INFO - [2026-09-09T06:38:07.570+0000] {dag.py:3089} INFO - Sync 1 DAGs
[2026-09-09T06:38:07.598+0000] {logging_mixin.py:188} INFO - [2026-09-09T06:38:07.597+0000] {dag.py:3947} INFO - Setting next_dagrun for netflix_etl_pipeline to 2026-09-08 00:00:00+00:00, run_after=2026-09-09 00:00:00+00:00
[2026-09-09T06:38:07.623+0000] {processor.py:183} INFO - Processing /opt/airflow/dags/netflix_dag.py took 0.127 seconds
[2026-09-09T06:38:37.824+0000] {processor.py:161} INFO - Started process (PID=2694) to work on /opt/airflow/dags/netflix_dag.py
[2026-09-09T06:38:37.825+0000] {processor.py:830} INFO - Processing file /opt/airflow/dags/netflix_dag.py for tasks to queue
[2026-09-09T06:38:37.828+0000] {logging_mixin.py:188} INFO - [2026-09-09T06:38:37.828+0000] {dagbag.py:545} INFO - Filling up the DagBag from /opt/airflow/dags/netflix_dag.py
[2026-09-09T06:38:37.855+0000] {processor.py:840} INFO - DAG(s) 'netflix_etl_pipeline' retrieved from /opt/airflow/dags/netflix_dag.py
[2026-09-09T06:38:37.892+0000] {logging_mixin.py:188} INFO - [2026-09-09T06:38:37.892+0000] {dag.py:3089} INFO - Sync 1 DAGs
[2026-09-09T06:38:37.915+0000] {logging_mixin.py:188} INFO - [2026-09-09T06:38:37.915+0000] {dag.py:3947} INFO - Setting next_dagrun for netflix_etl_pipeline to 2026-09-08 00:00:00+00:00, run_after=2026-09-09 00:00:00+00:00
[2026-09-09T06:38:37.939+0000] {processor.py:183} INFO - Processing /opt/airflow/dags/netflix_dag.py took 0.122 seconds
[2026-09-09T06:39:08.039+0000] {processor.py:161} INFO - Started process (PID=2705) to work on /opt/airflow/dags/netflix_dag.py
[2026-09-09T06:39:08.040+0000] {processor.py:830} INFO - Processing file /opt/airflow/dags/netflix_dag.py for tasks to queue
[2026-09-09T06:39:08.043+0000] {logging_mixin.py:188} INFO - [2026-09-09T06:39:08.042+0000] {dagbag.py:545} INFO - Filling up the DagBag from /opt/airflow/dags/netflix_dag.py
[2026-09-09T06:39:08.067+0000] {processor.py:840} INFO - DAG(s) 'netflix_etl_pipeline' retrieved from /opt/airflow/dags/netflix_dag.py
[2026-09-09T06:39:08.103+0000] {logging_mixin.py:188} INFO - [2026-09-09T06:39:08.102+0000] {dag.py:3089} INFO - Sync 1 DAGs
[2026-09-09T06:39:08.126+0000] {logging_mixin.py:188} INFO - [2026-09-09T06:39:08.125+0000] {dag.py:3947} INFO - Setting next_dagrun for netflix_etl_pipeline to 2026-09-08 00:00:00+00:00, run_after=2026-09-09 00:00:00+00:00
[2026-09-09T06:39:08.147+0000] {processor.py:183} INFO - Processing /opt/airflow/dags/netflix_dag.py took 0.115 seconds
[2026-09-09T06:39:38.348+0000] {processor.py:161} INFO - Started process (PID=2716) to work on /opt/airflow/dags/netflix_dag.py
[2026-09-09T06:39:38.350+0000] {processor.py:830} INFO - Processing file /opt/airflow/dags/netflix_dag.py for tasks to queue
[2026-09-09T06:39:38.353+0000] {logging_mixin.py:188} INFO - [2026-09-09T06:39:38.353+0000] {dagbag.py:545} INFO - Filling up the DagBag from /opt/airflow/dags/netflix_dag.py
[2026-09-09T06:39:38.377+0000] {processor.py:840} INFO - DAG(s) 'netflix_etl_pipeline' retrieved from /opt/airflow/dags/netflix_dag.py
[2026-09-09T06:39:38.413+0000] {logging_mixin.py:188} INFO - [2026-09-09T06:39:38.413+0000] {dag.py:3089} INFO - Sync 1 DAGs
[2026-09-09T06:39:38.437+0000] {logging_mixin.py:188} INFO - [2026-09-09T06:39:38.437+0000] {dag.py:3947} INFO - Setting next_dagrun for netflix_etl_pipeline to 2026-09-08 00:00:00+00:00, run_after=2026-09-09 00:00:00+00:00
[2026-09-09T06:39:38.460+0000] {processor.py:183} INFO - Processing /opt/airflow/dags/netflix_dag.py took 0.118 seconds
[2026-09-09T06:40:08.694+0000] {processor.py:161} INFO - Started process (PID=2727) to work on /opt/airflow/dags/netflix_dag.py
[2026-09-09T06:40:08.697+0000] {processor.py:830} INFO - Processing file /opt/airflow/dags/netflix_dag.py for tasks to queue
[2026-09-09T06:40:08.703+0000] {logging_mixin.py:188} INFO - [2026-09-09T06:40:08.703+0000] {dagbag.py:545} INFO - Filling up the DagBag from /opt/airflow/dags/netflix_dag.py
[2026-09-09T06:40:08.751+0000] {processor.py:840} INFO - DAG(s) 'netflix_etl_pipeline' retrieved from /opt/airflow/dags/netflix_dag.py
[2026-09-09T06:40:08.824+0000] {logging_mixin.py:188} INFO - [2026-09-09T06:40:08.824+0000] {dag.py:3089} INFO - Sync 1 DAGs
[2026-09-09T06:40:08.874+0000] {logging_mixin.py:188} INFO - [2026-09-09T06:40:08.874+0000] {dag.py:3947} INFO - Setting next_dagrun for netflix_etl_pipeline to 2026-09-08 00:00:00+00:00, run_after=2026-09-09 00:00:00+00:00
[2026-09-09T06:40:08.914+0000] {processor.py:183} INFO - Processing /opt/airflow/dags/netflix_dag.py took 0.234 seconds
[2026-09-09T06:40:39.143+0000] {processor.py:161} INFO - Started process (PID=2738) to work on /opt/airflow/dags/netflix_dag.py
[2026-09-09T06:40:39.145+0000] {processor.py:830} INFO - Processing file /opt/airflow/dags/netflix_dag.py for tasks to queue
[2026-09-09T06:40:39.148+0000] {logging_mixin.py:188} INFO - [2026-09-09T06:40:39.148+0000] {dagbag.py:545} INFO - Filling up the DagBag from /opt/airflow/dags/netflix_dag.py
[2026-09-09T06:40:39.175+0000] {processor.py:840} INFO - DAG(s) 'netflix_etl_pipeline' retrieved from /opt/airflow/dags/netflix_dag.py
[2026-09-09T06:40:39.221+0000] {logging_mixin.py:188} INFO - [2026-09-09T06:40:39.221+0000] {dag.py:3089} INFO - Sync 1 DAGs
[2026-09-09T06:40:39.254+0000] {logging_mixin.py:188} INFO - [2026-09-09T06:40:39.253+0000] {dag.py:3947} INFO - Setting next_dagrun for netflix_etl_pipeline to 2026-09-08 00:00:00+00:00, run_after=2026-09-09 00:00:00+00:00
[2026-09-09T06:40:39.299+0000] {processor.py:183} INFO - Processing /opt/airflow/dags/netflix_dag.py took 0.164 seconds
[2026-09-09T06:41:09.549+0000] {processor.py:161} INFO - Started process (PID=2749) to work on /opt/airflow/dags/netflix_dag.py
[2026-09-09T06:41:09.551+0000] {processor.py:830} INFO - Processing file /opt/airflow/dags/netflix_dag.py for tasks to queue
[2026-09-09T06:41:09.554+0000] {logging_mixin.py:188} INFO - [2026-09-09T06:41:09.554+0000] {dagbag.py:545} INFO - Filling up the DagBag from /opt/airflow/dags/netflix_dag.py
[2026-09-09T06:41:09.579+0000] {processor.py:840} INFO - DAG(s) 'netflix_etl_pipeline' retrieved from /opt/airflow/dags/netflix_dag.py
[2026-09-09T06:41:09.614+0000] {logging_mixin.py:188} INFO - [2026-09-09T06:41:09.614+0000] {dag.py:3089} INFO - Sync 1 DAGs
[2026-09-09T06:41:09.637+0000] {logging_mixin.py:188} INFO - [2026-09-09T06:41:09.636+0000] {dag.py:3947} INFO - Setting next_dagrun for netflix_etl_pipeline to 2026-09-08 00:00:00+00:00, run_after=2026-09-09 00:00:00+00:00
[2026-09-09T06:41:09.661+0000] {processor.py:183} INFO - Processing /opt/airflow/dags/netflix_dag.py took 0.118 seconds
[2026-09-09T06:41:39.761+0000] {processor.py:161} INFO - Started process (PID=2760) to work on /opt/airflow/dags/netflix_dag.py
[2026-09-09T06:41:39.763+0000] {processor.py:830} INFO - Processing file /opt/airflow/dags/netflix_dag.py for tasks to queue
[2026-09-09T06:41:39.766+0000] {logging_mixin.py:188} INFO - [2026-09-09T06:41:39.765+0000] {dagbag.py:545} INFO - Filling up the DagBag from /opt/airflow/dags/netflix_dag.py
[2026-09-09T06:41:39.792+0000] {processor.py:840} INFO - DAG(s) 'netflix_etl_pipeline' retrieved from /opt/airflow/dags/netflix_dag.py
[2026-09-09T06:41:39.831+0000] {logging_mixin.py:188} INFO - [2026-09-09T06:41:39.830+0000] {dag.py:3089} INFO - Sync 1 DAGs
[2026-09-09T06:41:39.856+0000] {logging_mixin.py:188} INFO - [2026-09-09T06:41:39.856+0000] {dag.py:3947} INFO - Setting next_dagrun for netflix_etl_pipeline to 2026-09-08 00:00:00+00:00, run_after=2026-09-09 00:00:00+00:00
[2026-09-09T06:41:39.879+0000] {processor.py:183} INFO - Processing /opt/airflow/dags/netflix_dag.py took 0.124 seconds
[2026-09-09T06:42:10.091+0000] {processor.py:161} INFO - Started process (PID=2771) to work on /opt/airflow/dags/netflix_dag.py
[2026-09-09T06:42:10.093+0000] {processor.py:830} INFO - Processing file /opt/airflow/dags/netflix_dag.py for tasks to queue
[2026-09-09T06:42:10.096+0000] {logging_mixin.py:188} INFO - [2026-09-09T06:42:10.096+0000] {dagbag.py:545} INFO - Filling up the DagBag from /opt/airflow/dags/netflix_dag.py
[2026-09-09T06:42:10.123+0000] {processor.py:840} INFO - DAG(s) 'netflix_etl_pipeline' retrieved from /opt/airflow/dags/netflix_dag.py
[2026-09-09T06:42:10.159+0000] {logging_mixin.py:188} INFO - [2026-09-09T06:42:10.159+0000] {dag.py:3089} INFO - Sync 1 DAGs
[2026-09-09T06:42:10.182+0000] {logging_mixin.py:188} INFO - [2026-09-09T06:42:10.182+0000] {dag.py:3947} INFO - Setting next_dagrun for netflix_etl_pipeline to 2026-09-08 00:00:00+00:00, run_after=2026-09-09 00:00:00+00:00
[2026-09-09T06:42:10.205+0000] {processor.py:183} INFO - Processing /opt/airflow/dags/netflix_dag.py took 0.122 seconds
[2026-09-09T06:42:40.305+0000] {processor.py:161} INFO - Started process (PID=2782) to work on /opt/airflow/dags/netflix_dag.py
[2026-09-09T06:42:40.307+0000] {processor.py:830} INFO - Processing file /opt/airflow/dags/netflix_dag.py for tasks to queue
[2026-09-09T06:42:40.310+0000] {logging_mixin.py:188} INFO - [2026-09-09T06:42:40.310+0000] {dagbag.py:545} INFO - Filling up the DagBag from /opt/airflow/dags/netflix_dag.py
[2026-09-09T06:42:40.337+0000] {processor.py:840} INFO - DAG(s) 'netflix_etl_pipeline' retrieved from /opt/airflow/dags/netflix_dag.py
[2026-09-09T06:42:40.374+0000] {logging_mixin.py:188} INFO - [2026-09-09T06:42:40.374+0000] {dag.py:3089} INFO - Sync 1 DAGs
[2026-09-09T06:42:40.398+0000] {logging_mixin.py:188} INFO - [2026-09-09T06:42:40.398+0000] {dag.py:3947} INFO - Setting next_dagrun for netflix_etl_pipeline to 2026-09-08 00:00:00+00:00, run_after=2026-09-09 00:00:00+00:00
[2026-09-09T06:42:40.422+0000] {processor.py:183} INFO - Processing /opt/airflow/dags/netflix_dag.py took 0.124 seconds
[2026-09-09T06:43:10.634+0000] {processor.py:161} INFO - Started process (PID=2794) to work on /opt/airflow/dags/netflix_dag.py
[2026-09-09T06:43:10.636+0000] {processor.py:830} INFO - Processing file /opt/airflow/dags/netflix_dag.py for tasks to queue
[2026-09-09T06:43:10.639+0000] {logging_mixin.py:188} INFO - [2026-09-09T06:43:10.638+0000] {dagbag.py:545} INFO - Filling up the DagBag from /opt/airflow/dags/netflix_dag.py
[2026-09-09T06:43:10.661+0000] {processor.py:840} INFO - DAG(s) 'netflix_etl_pipeline' retrieved from /opt/airflow/dags/netflix_dag.py
[2026-09-09T06:43:10.696+0000] {logging_mixin.py:188} INFO - [2026-09-09T06:43:10.695+0000] {dag.py:3089} INFO - Sync 1 DAGs
[2026-09-09T06:43:10.718+0000] {logging_mixin.py:188} INFO - [2026-09-09T06:43:10.718+0000] {dag.py:3947} INFO - Setting next_dagrun for netflix_etl_pipeline to 2026-09-08 00:00:00+00:00, run_after=2026-09-09 00:00:00+00:00
[2026-09-09T06:43:10.739+0000] {processor.py:183} INFO - Processing /opt/airflow/dags/netflix_dag.py took 0.111 seconds
[2026-09-09T06:43:40.853+0000] {processor.py:161} INFO - Started process (PID=2805) to work on /opt/airflow/dags/netflix_dag.py
[2026-09-09T06:43:40.855+0000] {processor.py:830} INFO - Processing file /opt/airflow/dags/netflix_dag.py for tasks to queue
[2026-09-09T06:43:40.858+0000] {logging_mixin.py:188} INFO - [2026-09-09T06:43:40.857+0000] {dagbag.py:545} INFO - Filling up the DagBag from /opt/airflow/dags/netflix_dag.py
[2026-09-09T06:43:40.886+0000] {processor.py:840} INFO - DAG(s) 'netflix_etl_pipeline' retrieved from /opt/airflow/dags/netflix_dag.py
[2026-09-09T06:43:40.927+0000] {logging_mixin.py:188} INFO - [2026-09-09T06:43:40.926+0000] {dag.py:3089} INFO - Sync 1 DAGs
[2026-09-09T06:43:40.952+0000] {logging_mixin.py:188} INFO - [2026-09-09T06:43:40.952+0000] {dag.py:3947} INFO - Setting next_dagrun for netflix_etl_pipeline to 2026-09-08 00:00:00+00:00, run_after=2026-09-09 00:00:00+00:00
[2026-09-09T06:43:40.979+0000] {processor.py:183} INFO - Processing /opt/airflow/dags/netflix_dag.py took 0.134 seconds
[2026-09-09T06:44:11.156+0000] {processor.py:161} INFO - Started process (PID=2816) to work on /opt/airflow/dags/netflix_dag.py
[2026-09-09T06:44:11.158+0000] {processor.py:830} INFO - Processing file /opt/airflow/dags/netflix_dag.py for tasks to queue
[2026-09-09T06:44:11.162+0000] {logging_mixin.py:188} INFO - [2026-09-09T06:44:11.162+0000] {dagbag.py:545} INFO - Filling up the DagBag from /opt/airflow/dags/netflix_dag.py
[2026-09-09T06:44:11.190+0000] {processor.py:840} INFO - DAG(s) 'netflix_etl_pipeline' retrieved from /opt/airflow/dags/netflix_dag.py
[2026-09-09T06:44:11.231+0000] {logging_mixin.py:188} INFO - [2026-09-09T06:44:11.230+0000] {dag.py:3089} INFO - Sync 1 DAGs
[2026-09-09T06:44:11.262+0000] {logging_mixin.py:188} INFO - [2026-09-09T06:44:11.262+0000] {dag.py:3947} INFO - Setting next_dagrun for netflix_etl_pipeline to 2026-09-08 00:00:00+00:00, run_after=2026-09-09 00:00:00+00:00
[2026-09-09T06:44:11.286+0000] {processor.py:183} INFO - Processing /opt/airflow/dags/netflix_dag.py took 0.137 seconds
[2026-09-09T06:44:41.391+0000] {processor.py:161} INFO - Started process (PID=2827) to work on /opt/airflow/dags/netflix_dag.py
[2026-09-09T06:44:41.393+0000] {processor.py:830} INFO - Processing file /opt/airflow/dags/netflix_dag.py for tasks to queue
[2026-09-09T06:44:41.396+0000] {logging_mixin.py:188} INFO - [2026-09-09T06:44:41.395+0000] {dagbag.py:545} INFO - Filling up the DagBag from /opt/airflow/dags/netflix_dag.py
[2026-09-09T06:44:41.421+0000] {processor.py:840} INFO - DAG(s) 'netflix_etl_pipeline' retrieved from /opt/airflow/dags/netflix_dag.py
[2026-09-09T06:44:41.459+0000] {logging_mixin.py:188} INFO - [2026-09-09T06:44:41.459+0000] {dag.py:3089} INFO - Sync 1 DAGs
[2026-09-09T06:44:41.483+0000] {logging_mixin.py:188} INFO - [2026-09-09T06:44:41.483+0000] {dag.py:3947} INFO - Setting next_dagrun for netflix_etl_pipeline to 2026-09-08 00:00:00+00:00, run_after=2026-09-09 00:00:00+00:00
[2026-09-09T06:44:41.507+0000] {processor.py:183} INFO - Processing /opt/airflow/dags/netflix_dag.py took 0.122 seconds
[2026-09-09T06:45:11.788+0000] {processor.py:161} INFO - Started process (PID=2838) to work on /opt/airflow/dags/netflix_dag.py
[2026-09-09T06:45:11.790+0000] {processor.py:830} INFO - Processing file /opt/airflow/dags/netflix_dag.py for tasks to queue
[2026-09-09T06:45:11.792+0000] {logging_mixin.py:188} INFO - [2026-09-09T06:45:11.792+0000] {dagbag.py:545} INFO - Filling up the DagBag from /opt/airflow/dags/netflix_dag.py
[2026-09-09T06:45:11.817+0000] {processor.py:840} INFO - DAG(s) 'netflix_etl_pipeline' retrieved from /opt/airflow/dags/netflix_dag.py
[2026-09-09T06:45:11.854+0000] {logging_mixin.py:188} INFO - [2026-09-09T06:45:11.853+0000] {dag.py:3089} INFO - Sync 1 DAGs
[2026-09-09T06:45:11.875+0000] {logging_mixin.py:188} INFO - [2026-09-09T06:45:11.875+0000] {dag.py:3947} INFO - Setting next_dagrun for netflix_etl_pipeline to 2026-09-08 00:00:00+00:00, run_after=2026-09-09 00:00:00+00:00
[2026-09-09T06:45:11.897+0000] {processor.py:183} INFO - Processing /opt/airflow/dags/netflix_dag.py took 0.115 seconds
[2026-09-09T06:45:42.008+0000] {processor.py:161} INFO - Started process (PID=2849) to work on /opt/airflow/dags/netflix_dag.py
[2026-09-09T06:45:42.010+0000] {processor.py:830} INFO - Processing file /opt/airflow/dags/netflix_dag.py for tasks to queue
[2026-09-09T06:45:42.013+0000] {logging_mixin.py:188} INFO - [2026-09-09T06:45:42.012+0000] {dagbag.py:545} INFO - Filling up the DagBag from /opt/airflow/dags/netflix_dag.py
[2026-09-09T06:45:42.040+0000] {processor.py:840} INFO - DAG(s) 'netflix_etl_pipeline' retrieved from /opt/airflow/dags/netflix_dag.py
[2026-09-09T06:45:42.076+0000] {logging_mixin.py:188} INFO - [2026-09-09T06:45:42.076+0000] {dag.py:3089} INFO - Sync 1 DAGs
[2026-09-09T06:45:42.101+0000] {logging_mixin.py:188} INFO - [2026-09-09T06:45:42.101+0000] {dag.py:3947} INFO - Setting next_dagrun for netflix_etl_pipeline to 2026-09-08 00:00:00+00:00, run_after=2026-09-09 00:00:00+00:00
[2026-09-09T06:45:42.122+0000] {processor.py:183} INFO - Processing /opt/airflow/dags/netflix_dag.py took 0.121 seconds
[2026-09-09T06:46:12.316+0000] {processor.py:161} INFO - Started process (PID=2861) to work on /opt/airflow/dags/netflix_dag.py
[2026-09-09T06:46:12.318+0000] {processor.py:830} INFO - Processing file /opt/airflow/dags/netflix_dag.py for tasks to queue
[2026-09-09T06:46:12.321+0000] {logging_mixin.py:188} INFO - [2026-09-09T06:46:12.321+0000] {dagbag.py:545} INFO - Filling up the DagBag from /opt/airflow/dags/netflix_dag.py
[2026-09-09T06:46:12.352+0000] {processor.py:840} INFO - DAG(s) 'netflix_etl_pipeline' retrieved from /opt/airflow/dags/netflix_dag.py
[2026-09-09T06:46:12.391+0000] {logging_mixin.py:188} INFO - [2026-09-09T06:46:12.391+0000] {dag.py:3089} INFO - Sync 1 DAGs
[2026-09-09T06:46:12.418+0000] {logging_mixin.py:188} INFO - [2026-09-09T06:46:12.418+0000] {dag.py:3947} INFO - Setting next_dagrun for netflix_etl_pipeline to 2026-09-08 00:00:00+00:00, run_after=2026-09-09 00:00:00+00:00
[2026-09-09T06:46:12.442+0000] {processor.py:183} INFO - Processing /opt/airflow/dags/netflix_dag.py took 0.134 seconds
[2026-09-09T06:46:42.571+0000] {processor.py:161} INFO - Started process (PID=2872) to work on /opt/airflow/dags/netflix_dag.py
[2026-09-09T06:46:42.575+0000] {processor.py:830} INFO - Processing file /opt/airflow/dags/netflix_dag.py for tasks to queue
[2026-09-09T06:46:42.580+0000] {logging_mixin.py:188} INFO - [2026-09-09T06:46:42.579+0000] {dagbag.py:545} INFO - Filling up the DagBag from /opt/airflow/dags/netflix_dag.py
[2026-09-09T06:46:42.634+0000] {processor.py:840} INFO - DAG(s) 'netflix_etl_pipeline' retrieved from /opt/airflow/dags/netflix_dag.py
[2026-09-09T06:46:42.706+0000] {logging_mixin.py:188} INFO - [2026-09-09T06:46:42.705+0000] {dag.py:3089} INFO - Sync 1 DAGs
[2026-09-09T06:46:42.758+0000] {logging_mixin.py:188} INFO - [2026-09-09T06:46:42.757+0000] {dag.py:3947} INFO - Setting next_dagrun for netflix_etl_pipeline to 2026-09-08 00:00:00+00:00, run_after=2026-09-09 00:00:00+00:00
[2026-09-09T06:46:42.813+0000] {processor.py:183} INFO - Processing /opt/airflow/dags/netflix_dag.py took 0.259 seconds
[2026-09-09T06:47:13.054+0000] {processor.py:161} INFO - Started process (PID=2889) to work on /opt/airflow/dags/netflix_dag.py
[2026-09-09T06:47:13.056+0000] {processor.py:830} INFO - Processing file /opt/airflow/dags/netflix_dag.py for tasks to queue
[2026-09-09T06:47:13.058+0000] {logging_mixin.py:188} INFO - [2026-09-09T06:47:13.058+0000] {dagbag.py:545} INFO - Filling up the DagBag from /opt/airflow/dags/netflix_dag.py
[2026-09-09T06:47:13.079+0000] {processor.py:840} INFO - DAG(s) 'netflix_etl_pipeline' retrieved from /opt/airflow/dags/netflix_dag.py
[2026-09-09T06:47:13.114+0000] {logging_mixin.py:188} INFO - [2026-09-09T06:47:13.114+0000] {dag.py:3089} INFO - Sync 1 DAGs
[2026-09-09T06:47:13.136+0000] {logging_mixin.py:188} INFO - [2026-09-09T06:47:13.136+0000] {dag.py:3947} INFO - Setting next_dagrun for netflix_etl_pipeline to 2026-09-08 00:00:00+00:00, run_after=2026-09-09 00:00:00+00:00
[2026-09-09T06:47:13.159+0000] {processor.py:183} INFO - Processing /opt/airflow/dags/netflix_dag.py took 0.112 seconds
[2026-09-09T06:47:43.318+0000] {processor.py:161} INFO - Started process (PID=2900) to work on /opt/airflow/dags/netflix_dag.py
[2026-09-09T06:47:43.321+0000] {processor.py:830} INFO - Processing file /opt/airflow/dags/netflix_dag.py for tasks to queue
[2026-09-09T06:47:43.327+0000] {logging_mixin.py:188} INFO - [2026-09-09T06:47:43.326+0000] {dagbag.py:545} INFO - Filling up the DagBag from /opt/airflow/dags/netflix_dag.py
[2026-09-09T06:47:43.380+0000] {processor.py:840} INFO - DAG(s) 'netflix_etl_pipeline' retrieved from /opt/airflow/dags/netflix_dag.py
[2026-09-09T06:47:43.459+0000] {logging_mixin.py:188} INFO - [2026-09-09T06:47:43.459+0000] {dag.py:3089} INFO - Sync 1 DAGs
[2026-09-09T06:47:43.510+0000] {logging_mixin.py:188} INFO - [2026-09-09T06:47:43.510+0000] {dag.py:3947} INFO - Setting next_dagrun for netflix_etl_pipeline to 2026-09-08 00:00:00+00:00, run_after=2026-09-09 00:00:00+00:00
[2026-09-09T06:47:43.554+0000] {processor.py:183} INFO - Processing /opt/airflow/dags/netflix_dag.py took 0.254 seconds
[2026-09-09T06:48:13.836+0000] {processor.py:161} INFO - Started process (PID=2911) to work on /opt/airflow/dags/netflix_dag.py
[2026-09-09T06:48:13.840+0000] {processor.py:830} INFO - Processing file /opt/airflow/dags/netflix_dag.py for tasks to queue
[2026-09-09T06:48:13.846+0000] {logging_mixin.py:188} INFO - [2026-09-09T06:48:13.845+0000] {dagbag.py:545} INFO - Filling up the DagBag from /opt/airflow/dags/netflix_dag.py
[2026-09-09T06:48:13.897+0000] {processor.py:840} INFO - DAG(s) 'netflix_etl_pipeline' retrieved from /opt/airflow/dags/netflix_dag.py
[2026-09-09T06:48:13.973+0000] {logging_mixin.py:188} INFO - [2026-09-09T06:48:13.973+0000] {dag.py:3089} INFO - Sync 1 DAGs
[2026-09-09T06:48:14.020+0000] {logging_mixin.py:188} INFO - [2026-09-09T06:48:14.020+0000] {dag.py:3947} INFO - Setting next_dagrun for netflix_etl_pipeline to 2026-09-08 00:00:00+00:00, run_after=2026-09-09 00:00:00+00:00
[2026-09-09T06:48:14.062+0000] {processor.py:183} INFO - Processing /opt/airflow/dags/netflix_dag.py took 0.243 seconds
[2026-09-09T06:48:44.303+0000] {processor.py:161} INFO - Started process (PID=2922) to work on /opt/airflow/dags/netflix_dag.py
[2026-09-09T06:48:44.305+0000] {processor.py:830} INFO - Processing file /opt/airflow/dags/netflix_dag.py for tasks to queue
[2026-09-09T06:48:44.308+0000] {logging_mixin.py:188} INFO - [2026-09-09T06:48:44.308+0000] {dagbag.py:545} INFO - Filling up the DagBag from /opt/airflow/dags/netflix_dag.py
[2026-09-09T06:48:44.335+0000] {processor.py:840} INFO - DAG(s) 'netflix_etl_pipeline' retrieved from /opt/airflow/dags/netflix_dag.py
[2026-09-09T06:48:44.372+0000] {logging_mixin.py:188} INFO - [2026-09-09T06:48:44.372+0000] {dag.py:3089} INFO - Sync 1 DAGs
[2026-09-09T06:48:44.396+0000] {logging_mixin.py:188} INFO - [2026-09-09T06:48:44.396+0000] {dag.py:3947} INFO - Setting next_dagrun for netflix_etl_pipeline to 2026-09-08 00:00:00+00:00, run_after=2026-09-09 00:00:00+00:00
[2026-09-09T06:48:44.419+0000] {processor.py:183} INFO - Processing /opt/airflow/dags/netflix_dag.py took 0.122 seconds
[2026-09-09T06:49:14.555+0000] {processor.py:161} INFO - Started process (PID=2933) to work on /opt/airflow/dags/netflix_dag.py
[2026-09-09T06:49:14.558+0000] {processor.py:830} INFO - Processing file /opt/airflow/dags/netflix_dag.py for tasks to queue
[2026-09-09T06:49:14.563+0000] {logging_mixin.py:188} INFO - [2026-09-09T06:49:14.562+0000] {dagbag.py:545} INFO - Filling up the DagBag from /opt/airflow/dags/netflix_dag.py
[2026-09-09T06:49:14.614+0000] {processor.py:840} INFO - DAG(s) 'netflix_etl_pipeline' retrieved from /opt/airflow/dags/netflix_dag.py
[2026-09-09T06:49:14.683+0000] {logging_mixin.py:188} INFO - [2026-09-09T06:49:14.682+0000] {dag.py:3089} INFO - Sync 1 DAGs
[2026-09-09T06:49:14.734+0000] {logging_mixin.py:188} INFO - [2026-09-09T06:49:14.733+0000] {dag.py:3947} INFO - Setting next_dagrun for netflix_etl_pipeline to 2026-09-08 00:00:00+00:00, run_after=2026-09-09 00:00:00+00:00
[2026-09-09T06:49:14.782+0000] {processor.py:183} INFO - Processing /opt/airflow/dags/netflix_dag.py took 0.241 seconds
[2026-09-09T06:49:44.854+0000] {processor.py:161} INFO - Started process (PID=2944) to work on /opt/airflow/dags/netflix_dag.py
[2026-09-09T06:49:44.856+0000] {processor.py:830} INFO - Processing file /opt/airflow/dags/netflix_dag.py for tasks to queue
[2026-09-09T06:49:44.859+0000] {logging_mixin.py:188} INFO - [2026-09-09T06:49:44.859+0000] {dagbag.py:545} INFO - Filling up the DagBag from /opt/airflow/dags/netflix_dag.py
[2026-09-09T06:49:44.887+0000] {processor.py:840} INFO - DAG(s) 'netflix_etl_pipeline' retrieved from /opt/airflow/dags/netflix_dag.py
[2026-09-09T06:49:44.928+0000] {logging_mixin.py:188} INFO - [2026-09-09T06:49:44.928+0000] {dag.py:3089} INFO - Sync 1 DAGs
[2026-09-09T06:49:44.953+0000] {logging_mixin.py:188} INFO - [2026-09-09T06:49:44.953+0000] {dag.py:3947} INFO - Setting next_dagrun for netflix_etl_pipeline to 2026-09-08 00:00:00+00:00, run_after=2026-09-09 00:00:00+00:00
[2026-09-09T06:49:44.981+0000] {processor.py:183} INFO - Processing /opt/airflow/dags/netflix_dag.py took 0.133 seconds
[2026-09-09T06:50:15.261+0000] {processor.py:161} INFO - Started process (PID=2955) to work on /opt/airflow/dags/netflix_dag.py
[2026-09-09T06:50:15.263+0000] {processor.py:830} INFO - Processing file /opt/airflow/dags/netflix_dag.py for tasks to queue
[2026-09-09T06:50:15.266+0000] {logging_mixin.py:188} INFO - [2026-09-09T06:50:15.265+0000] {dagbag.py:545} INFO - Filling up the DagBag from /opt/airflow/dags/netflix_dag.py
[2026-09-09T06:50:15.295+0000] {processor.py:840} INFO - DAG(s) 'netflix_etl_pipeline' retrieved from /opt/airflow/dags/netflix_dag.py
[2026-09-09T06:50:15.334+0000] {logging_mixin.py:188} INFO - [2026-09-09T06:50:15.333+0000] {dag.py:3089} INFO - Sync 1 DAGs
[2026-09-09T06:50:15.358+0000] {logging_mixin.py:188} INFO - [2026-09-09T06:50:15.358+0000] {dag.py:3947} INFO - Setting next_dagrun for netflix_etl_pipeline to 2026-09-08 00:00:00+00:00, run_after=2026-09-09 00:00:00+00:00
[2026-09-09T06:50:15.380+0000] {processor.py:183} INFO - Processing /opt/airflow/dags/netflix_dag.py took 0.130 seconds
[2026-09-09T06:50:45.480+0000] {processor.py:161} INFO - Started process (PID=2966) to work on /opt/airflow/dags/netflix_dag.py
[2026-09-09T06:50:45.482+0000] {processor.py:830} INFO - Processing file /opt/airflow/dags/netflix_dag.py for tasks to queue
[2026-09-09T06:50:45.485+0000] {logging_mixin.py:188} INFO - [2026-09-09T06:50:45.485+0000] {dagbag.py:545} INFO - Filling up the DagBag from /opt/airflow/dags/netflix_dag.py
[2026-09-09T06:50:45.511+0000] {processor.py:840} INFO - DAG(s) 'netflix_etl_pipeline' retrieved from /opt/airflow/dags/netflix_dag.py
[2026-09-09T06:50:45.550+0000] {logging_mixin.py:188} INFO - [2026-09-09T06:50:45.550+0000] {dag.py:3089} INFO - Sync 1 DAGs
[2026-09-09T06:50:45.576+0000] {logging_mixin.py:188} INFO - [2026-09-09T06:50:45.575+0000] {dag.py:3947} INFO - Setting next_dagrun for netflix_etl_pipeline to 2026-09-08 00:00:00+00:00, run_after=2026-09-09 00:00:00+00:00
[2026-09-09T06:50:45.598+0000] {processor.py:183} INFO - Processing /opt/airflow/dags/netflix_dag.py took 0.126 seconds
[2026-09-09T06:51:15.826+0000] {processor.py:161} INFO - Started process (PID=2978) to work on /opt/airflow/dags/netflix_dag.py
[2026-09-09T06:51:15.828+0000] {processor.py:830} INFO - Processing file /opt/airflow/dags/netflix_dag.py for tasks to queue
[2026-09-09T06:51:15.831+0000] {logging_mixin.py:188} INFO - [2026-09-09T06:51:15.831+0000] {dagbag.py:545} INFO - Filling up the DagBag from /opt/airflow/dags/netflix_dag.py
[2026-09-09T06:51:15.856+0000] {processor.py:840} INFO - DAG(s) 'netflix_etl_pipeline' retrieved from /opt/airflow/dags/netflix_dag.py
[2026-09-09T06:51:15.892+0000] {logging_mixin.py:188} INFO - [2026-09-09T06:51:15.891+0000] {dag.py:3089} INFO - Sync 1 DAGs
[2026-09-09T06:51:15.914+0000] {logging_mixin.py:188} INFO - [2026-09-09T06:51:15.914+0000] {dag.py:3947} INFO - Setting next_dagrun for netflix_etl_pipeline to 2026-09-08 00:00:00+00:00, run_after=2026-09-09 00:00:00+00:00
[2026-09-09T06:51:15.937+0000] {processor.py:183} INFO - Processing /opt/airflow/dags/netflix_dag.py took 0.118 seconds
[2026-09-09T06:51:46.050+0000] {processor.py:161} INFO - Started process (PID=2989) to work on /opt/airflow/dags/netflix_dag.py
[2026-09-09T06:51:46.052+0000] {processor.py:830} INFO - Processing file /opt/airflow/dags/netflix_dag.py for tasks to queue
[2026-09-09T06:51:46.055+0000] {logging_mixin.py:188} INFO - [2026-09-09T06:51:46.055+0000] {dagbag.py:545} INFO - Filling up the DagBag from /opt/airflow/dags/netflix_dag.py
[2026-09-09T06:51:46.080+0000] {processor.py:840} INFO - DAG(s) 'netflix_etl_pipeline' retrieved from /opt/airflow/dags/netflix_dag.py
[2026-09-09T06:51:46.114+0000] {logging_mixin.py:188} INFO - [2026-09-09T06:51:46.114+0000] {dag.py:3089} INFO - Sync 1 DAGs
[2026-09-09T06:51:46.146+0000] {logging_mixin.py:188} INFO - [2026-09-09T06:51:46.146+0000] {dag.py:3947} INFO - Setting next_dagrun for netflix_etl_pipeline to 2026-09-08 00:00:00+00:00, run_after=2026-09-09 00:00:00+00:00
[2026-09-09T06:51:46.167+0000] {processor.py:183} INFO - Processing /opt/airflow/dags/netflix_dag.py took 0.123 seconds
[2026-09-09T06:52:16.374+0000] {processor.py:161} INFO - Started process (PID=3000) to work on /opt/airflow/dags/netflix_dag.py
[2026-09-09T06:52:16.376+0000] {processor.py:830} INFO - Processing file /opt/airflow/dags/netflix_dag.py for tasks to queue
[2026-09-09T06:52:16.379+0000] {logging_mixin.py:188} INFO - [2026-09-09T06:52:16.379+0000] {dagbag.py:545} INFO - Filling up the DagBag from /opt/airflow/dags/netflix_dag.py
[2026-09-09T06:52:16.405+0000] {processor.py:840} INFO - DAG(s) 'netflix_etl_pipeline' retrieved from /opt/airflow/dags/netflix_dag.py
[2026-09-09T06:52:16.442+0000] {logging_mixin.py:188} INFO - [2026-09-09T06:52:16.442+0000] {dag.py:3089} INFO - Sync 1 DAGs
[2026-09-09T06:52:16.464+0000] {logging_mixin.py:188} INFO - [2026-09-09T06:52:16.464+0000] {dag.py:3947} INFO - Setting next_dagrun for netflix_etl_pipeline to 2026-09-08 00:00:00+00:00, run_after=2026-09-09 00:00:00+00:00
[2026-09-09T06:52:16.485+0000] {processor.py:183} INFO - Processing /opt/airflow/dags/netflix_dag.py took 0.117 seconds
[2026-09-09T06:52:46.575+0000] {processor.py:161} INFO - Started process (PID=3011) to work on /opt/airflow/dags/netflix_dag.py
[2026-09-09T06:52:46.577+0000] {processor.py:830} INFO - Processing file /opt/airflow/dags/netflix_dag.py for tasks to queue
[2026-09-09T06:52:46.580+0000] {logging_mixin.py:188} INFO - [2026-09-09T06:52:46.580+0000] {dagbag.py:545} INFO - Filling up the DagBag from /opt/airflow/dags/netflix_dag.py
[2026-09-09T06:52:46.605+0000] {processor.py:840} INFO - DAG(s) 'netflix_etl_pipeline' retrieved from /opt/airflow/dags/netflix_dag.py
[2026-09-09T06:52:46.640+0000] {logging_mixin.py:188} INFO - [2026-09-09T06:52:46.639+0000] {dag.py:3089} INFO - Sync 1 DAGs
[2026-09-09T06:52:46.661+0000] {logging_mixin.py:188} INFO - [2026-09-09T06:52:46.661+0000] {dag.py:3947} INFO - Setting next_dagrun for netflix_etl_pipeline to 2026-09-08 00:00:00+00:00, run_after=2026-09-09 00:00:00+00:00
[2026-09-09T06:52:46.685+0000] {processor.py:183} INFO - Processing /opt/airflow/dags/netflix_dag.py took 0.117 seconds
[2026-09-09T06:53:16.890+0000] {processor.py:161} INFO - Started process (PID=3022) to work on /opt/airflow/dags/netflix_dag.py
[2026-09-09T06:53:16.892+0000] {processor.py:830} INFO - Processing file /opt/airflow/dags/netflix_dag.py for tasks to queue
[2026-09-09T06:53:16.894+0000] {logging_mixin.py:188} INFO - [2026-09-09T06:53:16.894+0000] {dagbag.py:545} INFO - Filling up the DagBag from /opt/airflow/dags/netflix_dag.py
[2026-09-09T06:53:16.913+0000] {processor.py:840} INFO - DAG(s) 'netflix_etl_pipeline' retrieved from /opt/airflow/dags/netflix_dag.py
[2026-09-09T06:53:16.947+0000] {logging_mixin.py:188} INFO - [2026-09-09T06:53:16.947+0000] {dag.py:3089} INFO - Sync 1 DAGs
[2026-09-09T06:53:16.969+0000] {logging_mixin.py:188} INFO - [2026-09-09T06:53:16.969+0000] {dag.py:3947} INFO - Setting next_dagrun for netflix_etl_pipeline to 2026-09-08 00:00:00+00:00, run_after=2026-09-09 00:00:00+00:00
[2026-09-09T06:53:16.988+0000] {processor.py:183} INFO - Processing /opt/airflow/dags/netflix_dag.py took 0.103 seconds
[2026-09-09T06:53:47.100+0000] {processor.py:161} INFO - Started process (PID=3033) to work on /opt/airflow/dags/netflix_dag.py
[2026-09-09T06:53:47.102+0000] {processor.py:830} INFO - Processing file /opt/airflow/dags/netflix_dag.py for tasks to queue
[2026-09-09T06:53:47.106+0000] {logging_mixin.py:188} INFO - [2026-09-09T06:53:47.105+0000] {dagbag.py:545} INFO - Filling up the DagBag from /opt/airflow/dags/netflix_dag.py
[2026-09-09T06:53:47.131+0000] {processor.py:840} INFO - DAG(s) 'netflix_etl_pipeline' retrieved from /opt/airflow/dags/netflix_dag.py
[2026-09-09T06:53:47.167+0000] {logging_mixin.py:188} INFO - [2026-09-09T06:53:47.167+0000] {dag.py:3089} INFO - Sync 1 DAGs
[2026-09-09T06:53:47.189+0000] {logging_mixin.py:188} INFO - [2026-09-09T06:53:47.189+0000] {dag.py:3947} INFO - Setting next_dagrun for netflix_etl_pipeline to 2026-09-08 00:00:00+00:00, run_after=2026-09-09 00:00:00+00:00
[2026-09-09T06:53:47.212+0000] {processor.py:183} INFO - Processing /opt/airflow/dags/netflix_dag.py took 0.119 seconds
[2026-09-09T06:54:17.379+0000] {processor.py:161} INFO - Started process (PID=3044) to work on /opt/airflow/dags/netflix_dag.py
[2026-09-09T06:54:17.383+0000] {processor.py:830} INFO - Processing file /opt/airflow/dags/netflix_dag.py for tasks to queue
[2026-09-09T06:54:17.386+0000] {logging_mixin.py:188} INFO - [2026-09-09T06:54:17.385+0000] {dagbag.py:545} INFO - Filling up the DagBag from /opt/airflow/dags/netflix_dag.py
[2026-09-09T06:54:17.412+0000] {processor.py:840} INFO - DAG(s) 'netflix_etl_pipeline' retrieved from /opt/airflow/dags/netflix_dag.py
[2026-09-09T06:54:17.449+0000] {logging_mixin.py:188} INFO - [2026-09-09T06:54:17.449+0000] {dag.py:3089} INFO - Sync 1 DAGs
[2026-09-09T06:54:17.473+0000] {logging_mixin.py:188} INFO - [2026-09-09T06:54:17.473+0000] {dag.py:3947} INFO - Setting next_dagrun for netflix_etl_pipeline to 2026-09-08 00:00:00+00:00, run_after=2026-09-09 00:00:00+00:00
[2026-09-09T06:54:17.499+0000] {processor.py:183} INFO - Processing /opt/airflow/dags/netflix_dag.py took 0.127 seconds
[2026-09-09T06:54:47.609+0000] {processor.py:161} INFO - Started process (PID=3055) to work on /opt/airflow/dags/netflix_dag.py
[2026-09-09T06:54:47.611+0000] {processor.py:830} INFO - Processing file /opt/airflow/dags/netflix_dag.py for tasks to queue
[2026-09-09T06:54:47.614+0000] {logging_mixin.py:188} INFO - [2026-09-09T06:54:47.614+0000] {dagbag.py:545} INFO - Filling up the DagBag from /opt/airflow/dags/netflix_dag.py
[2026-09-09T06:54:47.643+0000] {processor.py:840} INFO - DAG(s) 'netflix_etl_pipeline' retrieved from /opt/airflow/dags/netflix_dag.py
[2026-09-09T06:54:47.687+0000] {logging_mixin.py:188} INFO - [2026-09-09T06:54:47.687+0000] {dag.py:3089} INFO - Sync 1 DAGs
[2026-09-09T06:54:47.714+0000] {logging_mixin.py:188} INFO - [2026-09-09T06:54:47.714+0000] {dag.py:3947} INFO - Setting next_dagrun for netflix_etl_pipeline to 2026-09-08 00:00:00+00:00, run_after=2026-09-09 00:00:00+00:00
[2026-09-09T06:54:47.737+0000] {processor.py:183} INFO - Processing /opt/airflow/dags/netflix_dag.py took 0.136 seconds
[2026-09-09T06:55:17.984+0000] {processor.py:161} INFO - Started process (PID=3066) to work on /opt/airflow/dags/netflix_dag.py
[2026-09-09T06:55:17.986+0000] {processor.py:830} INFO - Processing file /opt/airflow/dags/netflix_dag.py for tasks to queue
[2026-09-09T06:55:17.988+0000] {logging_mixin.py:188} INFO - [2026-09-09T06:55:17.988+0000] {dagbag.py:545} INFO - Filling up the DagBag from /opt/airflow/dags/netflix_dag.py
[2026-09-09T06:55:18.014+0000] {processor.py:840} INFO - DAG(s) 'netflix_etl_pipeline' retrieved from /opt/airflow/dags/netflix_dag.py
[2026-09-09T06:55:18.049+0000] {logging_mixin.py:188} INFO - [2026-09-09T06:55:18.048+0000] {dag.py:3089} INFO - Sync 1 DAGs
[2026-09-09T06:55:18.071+0000] {logging_mixin.py:188} INFO - [2026-09-09T06:55:18.071+0000] {dag.py:3947} INFO - Setting next_dagrun for netflix_etl_pipeline to 2026-09-08 00:00:00+00:00, run_after=2026-09-09 00:00:00+00:00
[2026-09-09T06:55:18.094+0000] {processor.py:183} INFO - Processing /opt/airflow/dags/netflix_dag.py took 0.118 seconds
[2026-09-09T06:55:48.203+0000] {processor.py:161} INFO - Started process (PID=3077) to work on /opt/airflow/dags/netflix_dag.py
[2026-09-09T06:55:48.205+0000] {processor.py:830} INFO - Processing file /opt/airflow/dags/netflix_dag.py for tasks to queue
[2026-09-09T06:55:48.209+0000] {logging_mixin.py:188} INFO - [2026-09-09T06:55:48.208+0000] {dagbag.py:545} INFO - Filling up the DagBag from /opt/airflow/dags/netflix_dag.py
[2026-09-09T06:55:48.235+0000] {processor.py:840} INFO - DAG(s) 'netflix_etl_pipeline' retrieved from /opt/airflow/dags/netflix_dag.py
[2026-09-09T06:55:48.271+0000] {logging_mixin.py:188} INFO - [2026-09-09T06:55:48.271+0000] {dag.py:3089} INFO - Sync 1 DAGs
[2026-09-09T06:55:48.295+0000] {logging_mixin.py:188} INFO - [2026-09-09T06:55:48.295+0000] {dag.py:3947} INFO - Setting next_dagrun for netflix_etl_pipeline to 2026-09-08 00:00:00+00:00, run_after=2026-09-09 00:00:00+00:00
[2026-09-09T06:55:48.374+0000] {processor.py:183} INFO - Processing /opt/airflow/dags/netflix_dag.py took 0.178 seconds
[2026-09-09T06:56:18.586+0000] {processor.py:161} INFO - Started process (PID=3088) to work on /opt/airflow/dags/netflix_dag.py
[2026-09-09T06:56:18.589+0000] {processor.py:830} INFO - Processing file /opt/airflow/dags/netflix_dag.py for tasks to queue
[2026-09-09T06:56:18.595+0000] {logging_mixin.py:188} INFO - [2026-09-09T06:56:18.594+0000] {dagbag.py:545} INFO - Filling up the DagBag from /opt/airflow/dags/netflix_dag.py
[2026-09-09T06:56:18.640+0000] {processor.py:840} INFO - DAG(s) 'netflix_etl_pipeline' retrieved from /opt/airflow/dags/netflix_dag.py
[2026-09-09T06:56:18.714+0000] {logging_mixin.py:188} INFO - [2026-09-09T06:56:18.714+0000] {dag.py:3089} INFO - Sync 1 DAGs
[2026-09-09T06:56:18.764+0000] {logging_mixin.py:188} INFO - [2026-09-09T06:56:18.763+0000] {dag.py:3947} INFO - Setting next_dagrun for netflix_etl_pipeline to 2026-09-08 00:00:00+00:00, run_after=2026-09-09 00:00:00+00:00
[2026-09-09T06:56:18.806+0000] {processor.py:183} INFO - Processing /opt/airflow/dags/netflix_dag.py took 0.235 seconds
[2026-09-09T06:56:48.900+0000] {processor.py:161} INFO - Started process (PID=3099) to work on /opt/airflow/dags/netflix_dag.py
[2026-09-09T06:56:48.903+0000] {processor.py:830} INFO - Processing file /opt/airflow/dags/netflix_dag.py for tasks to queue
[2026-09-09T06:56:48.908+0000] {logging_mixin.py:188} INFO - [2026-09-09T06:56:48.907+0000] {dagbag.py:545} INFO - Filling up the DagBag from /opt/airflow/dags/netflix_dag.py
[2026-09-09T06:56:48.953+0000] {processor.py:840} INFO - DAG(s) 'netflix_etl_pipeline' retrieved from /opt/airflow/dags/netflix_dag.py
[2026-09-09T06:56:49.031+0000] {logging_mixin.py:188} INFO - [2026-09-09T06:56:49.030+0000] {dag.py:3089} INFO - Sync 1 DAGs
[2026-09-09T06:56:49.079+0000] {logging_mixin.py:188} INFO - [2026-09-09T06:56:49.078+0000] {dag.py:3947} INFO - Setting next_dagrun for netflix_etl_pipeline to 2026-09-08 00:00:00+00:00, run_after=2026-09-09 00:00:00+00:00
[2026-09-09T06:56:49.119+0000] {processor.py:183} INFO - Processing /opt/airflow/dags/netflix_dag.py took 0.236 seconds
[2026-09-09T06:57:19.323+0000] {processor.py:161} INFO - Started process (PID=3110) to work on /opt/airflow/dags/netflix_dag.py
[2026-09-09T06:57:19.327+0000] {processor.py:830} INFO - Processing file /opt/airflow/dags/netflix_dag.py for tasks to queue
[2026-09-09T06:57:19.335+0000] {logging_mixin.py:188} INFO - [2026-09-09T06:57:19.334+0000] {dagbag.py:545} INFO - Filling up the DagBag from /opt/airflow/dags/netflix_dag.py
[2026-09-09T06:57:19.381+0000] {processor.py:840} INFO - DAG(s) 'netflix_etl_pipeline' retrieved from /opt/airflow/dags/netflix_dag.py
[2026-09-09T06:57:19.458+0000] {logging_mixin.py:188} INFO - [2026-09-09T06:57:19.458+0000] {dag.py:3089} INFO - Sync 1 DAGs
[2026-09-09T06:57:19.511+0000] {logging_mixin.py:188} INFO - [2026-09-09T06:57:19.510+0000] {dag.py:3947} INFO - Setting next_dagrun for netflix_etl_pipeline to 2026-09-08 00:00:00+00:00, run_after=2026-09-09 00:00:00+00:00
[2026-09-09T06:57:19.550+0000] {processor.py:183} INFO - Processing /opt/airflow/dags/netflix_dag.py took 0.243 seconds
[2026-09-09T06:57:49.752+0000] {processor.py:161} INFO - Started process (PID=3121) to work on /opt/airflow/dags/netflix_dag.py
[2026-09-09T06:57:49.755+0000] {processor.py:830} INFO - Processing file /opt/airflow/dags/netflix_dag.py for tasks to queue
[2026-09-09T06:57:49.759+0000] {logging_mixin.py:188} INFO - [2026-09-09T06:57:49.759+0000] {dagbag.py:545} INFO - Filling up the DagBag from /opt/airflow/dags/netflix_dag.py
[2026-09-09T06:57:49.804+0000] {processor.py:840} INFO - DAG(s) 'netflix_etl_pipeline' retrieved from /opt/airflow/dags/netflix_dag.py
[2026-09-09T06:57:49.873+0000] {logging_mixin.py:188} INFO - [2026-09-09T06:57:49.872+0000] {dag.py:3089} INFO - Sync 1 DAGs
[2026-09-09T06:57:49.917+0000] {logging_mixin.py:188} INFO - [2026-09-09T06:57:49.917+0000] {dag.py:3947} INFO - Setting next_dagrun for netflix_etl_pipeline to 2026-09-08 00:00:00+00:00, run_after=2026-09-09 00:00:00+00:00
[2026-09-09T06:57:49.954+0000] {processor.py:183} INFO - Processing /opt/airflow/dags/netflix_dag.py took 0.214 seconds
[2026-09-09T06:58:20.122+0000] {processor.py:161} INFO - Started process (PID=3132) to work on /opt/airflow/dags/netflix_dag.py
[2026-09-09T06:58:20.124+0000] {processor.py:830} INFO - Processing file /opt/airflow/dags/netflix_dag.py for tasks to queue
[2026-09-09T06:58:20.127+0000] {logging_mixin.py:188} INFO - [2026-09-09T06:58:20.127+0000] {dagbag.py:545} INFO - Filling up the DagBag from /opt/airflow/dags/netflix_dag.py
[2026-09-09T06:58:20.152+0000] {processor.py:840} INFO - DAG(s) 'netflix_etl_pipeline' retrieved from /opt/airflow/dags/netflix_dag.py
[2026-09-09T06:58:20.188+0000] {logging_mixin.py:188} INFO - [2026-09-09T06:58:20.187+0000] {dag.py:3089} INFO - Sync 1 DAGs
[2026-09-09T06:58:20.211+0000] {logging_mixin.py:188} INFO - [2026-09-09T06:58:20.211+0000] {dag.py:3947} INFO - Setting next_dagrun for netflix_etl_pipeline to 2026-09-08 00:00:00+00:00, run_after=2026-09-09 00:00:00+00:00
[2026-09-09T06:58:20.233+0000] {processor.py:183} INFO - Processing /opt/airflow/dags/netflix_dag.py took 0.118 seconds
[2026-09-09T06:58:50.506+0000] {processor.py:161} INFO - Started process (PID=3143) to work on /opt/airflow/dags/netflix_dag.py
[2026-09-09T06:58:50.509+0000] {processor.py:830} INFO - Processing file /opt/airflow/dags/netflix_dag.py for tasks to queue
[2026-09-09T06:58:50.515+0000] {logging_mixin.py:188} INFO - [2026-09-09T06:58:50.514+0000] {dagbag.py:545} INFO - Filling up the DagBag from /opt/airflow/dags/netflix_dag.py
[2026-09-09T06:58:50.579+0000] {processor.py:840} INFO - DAG(s) 'netflix_etl_pipeline' retrieved from /opt/airflow/dags/netflix_dag.py
[2026-09-09T06:58:50.648+0000] {logging_mixin.py:188} INFO - [2026-09-09T06:58:50.648+0000] {dag.py:3089} INFO - Sync 1 DAGs
[2026-09-09T06:58:50.692+0000] {logging_mixin.py:188} INFO - [2026-09-09T06:58:50.692+0000] {dag.py:3947} INFO - Setting next_dagrun for netflix_etl_pipeline to 2026-09-08 00:00:00+00:00, run_after=2026-09-09 00:00:00+00:00
[2026-09-09T06:58:50.733+0000] {processor.py:183} INFO - Processing /opt/airflow/dags/netflix_dag.py took 0.240 seconds
[2026-09-09T06:59:20.956+0000] {processor.py:161} INFO - Started process (PID=3154) to work on /opt/airflow/dags/netflix_dag.py
[2026-09-09T06:59:20.958+0000] {processor.py:830} INFO - Processing file /opt/airflow/dags/netflix_dag.py for tasks to queue
[2026-09-09T06:59:20.960+0000] {logging_mixin.py:188} INFO - [2026-09-09T06:59:20.960+0000] {dagbag.py:545} INFO - Filling up the DagBag from /opt/airflow/dags/netflix_dag.py
[2026-09-09T06:59:20.981+0000] {processor.py:840} INFO - DAG(s) 'netflix_etl_pipeline' retrieved from /opt/airflow/dags/netflix_dag.py
[2026-09-09T06:59:21.018+0000] {logging_mixin.py:188} INFO - [2026-09-09T06:59:21.018+0000] {dag.py:3089} INFO - Sync 1 DAGs
[2026-09-09T06:59:21.040+0000] {logging_mixin.py:188} INFO - [2026-09-09T06:59:21.040+0000] {dag.py:3947} INFO - Setting next_dagrun for netflix_etl_pipeline to 2026-09-08 00:00:00+00:00, run_after=2026-09-09 00:00:00+00:00
[2026-09-09T06:59:21.062+0000] {processor.py:183} INFO - Processing /opt/airflow/dags/netflix_dag.py took 0.114 seconds
[2026-09-09T06:59:51.163+0000] {processor.py:161} INFO - Started process (PID=3165) to work on /opt/airflow/dags/netflix_dag.py
[2026-09-09T06:59:51.165+0000] {processor.py:830} INFO - Processing file /opt/airflow/dags/netflix_dag.py for tasks to queue
[2026-09-09T06:59:51.168+0000] {logging_mixin.py:188} INFO - [2026-09-09T06:59:51.167+0000] {dagbag.py:545} INFO - Filling up the DagBag from /opt/airflow/dags/netflix_dag.py
[2026-09-09T06:59:51.195+0000] {processor.py:840} INFO - DAG(s) 'netflix_etl_pipeline' retrieved from /opt/airflow/dags/netflix_dag.py
[2026-09-09T06:59:51.230+0000] {logging_mixin.py:188} INFO - [2026-09-09T06:59:51.230+0000] {dag.py:3089} INFO - Sync 1 DAGs
[2026-09-09T06:59:51.251+0000] {logging_mixin.py:188} INFO - [2026-09-09T06:59:51.251+0000] {dag.py:3947} INFO - Setting next_dagrun for netflix_etl_pipeline to 2026-09-08 00:00:00+00:00, run_after=2026-09-09 00:00:00+00:00
[2026-09-09T06:59:51.272+0000] {processor.py:183} INFO - Processing /opt/airflow/dags/netflix_dag.py took 0.115 seconds
[2026-09-09T07:00:21.495+0000] {processor.py:161} INFO - Started process (PID=3176) to work on /opt/airflow/dags/netflix_dag.py
[2026-09-09T07:00:21.497+0000] {processor.py:830} INFO - Processing file /opt/airflow/dags/netflix_dag.py for tasks to queue
[2026-09-09T07:00:21.500+0000] {logging_mixin.py:188} INFO - [2026-09-09T07:00:21.499+0000] {dagbag.py:545} INFO - Filling up the DagBag from /opt/airflow/dags/netflix_dag.py
[2026-09-09T07:00:21.526+0000] {processor.py:840} INFO - DAG(s) 'netflix_etl_pipeline' retrieved from /opt/airflow/dags/netflix_dag.py
[2026-09-09T07:00:21.561+0000] {logging_mixin.py:188} INFO - [2026-09-09T07:00:21.561+0000] {dag.py:3089} INFO - Sync 1 DAGs
[2026-09-09T07:00:21.582+0000] {logging_mixin.py:188} INFO - [2026-09-09T07:00:21.582+0000] {dag.py:3947} INFO - Setting next_dagrun for netflix_etl_pipeline to 2026-09-08 00:00:00+00:00, run_after=2026-09-09 00:00:00+00:00
[2026-09-09T07:00:21.604+0000] {processor.py:183} INFO - Processing /opt/airflow/dags/netflix_dag.py took 0.116 seconds
[2026-09-09T07:00:51.702+0000] {processor.py:161} INFO - Started process (PID=3187) to work on /opt/airflow/dags/netflix_dag.py
[2026-09-09T07:00:51.704+0000] {processor.py:830} INFO - Processing file /opt/airflow/dags/netflix_dag.py for tasks to queue
[2026-09-09T07:00:51.707+0000] {logging_mixin.py:188} INFO - [2026-09-09T07:00:51.707+0000] {dagbag.py:545} INFO - Filling up the DagBag from /opt/airflow/dags/netflix_dag.py
[2026-09-09T07:00:51.734+0000] {processor.py:840} INFO - DAG(s) 'netflix_etl_pipeline' retrieved from /opt/airflow/dags/netflix_dag.py
[2026-09-09T07:00:51.771+0000] {logging_mixin.py:188} INFO - [2026-09-09T07:00:51.771+0000] {dag.py:3089} INFO - Sync 1 DAGs
[2026-09-09T07:00:51.794+0000] {logging_mixin.py:188} INFO - [2026-09-09T07:00:51.794+0000] {dag.py:3947} INFO - Setting next_dagrun for netflix_etl_pipeline to 2026-09-08 00:00:00+00:00, run_after=2026-09-09 00:00:00+00:00
[2026-09-09T07:00:51.816+0000] {processor.py:183} INFO - Processing /opt/airflow/dags/netflix_dag.py took 0.121 seconds
[2026-09-09T07:01:22.006+0000] {processor.py:161} INFO - Started process (PID=3198) to work on /opt/airflow/dags/netflix_dag.py
[2026-09-09T07:01:22.007+0000] {processor.py:830} INFO - Processing file /opt/airflow/dags/netflix_dag.py for tasks to queue
[2026-09-09T07:01:22.010+0000] {logging_mixin.py:188} INFO - [2026-09-09T07:01:22.010+0000] {dagbag.py:545} INFO - Filling up the DagBag from /opt/airflow/dags/netflix_dag.py
[2026-09-09T07:01:22.037+0000] {processor.py:840} INFO - DAG(s) 'netflix_etl_pipeline' retrieved from /opt/airflow/dags/netflix_dag.py
[2026-09-09T07:01:22.071+0000] {logging_mixin.py:188} INFO - [2026-09-09T07:01:22.071+0000] {dag.py:3089} INFO - Sync 1 DAGs
[2026-09-09T07:01:22.092+0000] {logging_mixin.py:188} INFO - [2026-09-09T07:01:22.092+0000] {dag.py:3947} INFO - Setting next_dagrun for netflix_etl_pipeline to 2026-09-08 00:00:00+00:00, run_after=2026-09-09 00:00:00+00:00
[2026-09-09T07:01:22.114+0000] {processor.py:183} INFO - Processing /opt/airflow/dags/netflix_dag.py took 0.115 seconds
[2026-09-09T07:01:52.202+0000] {processor.py:161} INFO - Started process (PID=3209) to work on /opt/airflow/dags/netflix_dag.py
[2026-09-09T07:01:52.204+0000] {processor.py:830} INFO - Processing file /opt/airflow/dags/netflix_dag.py for tasks to queue
[2026-09-09T07:01:52.207+0000] {logging_mixin.py:188} INFO - [2026-09-09T07:01:52.207+0000] {dagbag.py:545} INFO - Filling up the DagBag from /opt/airflow/dags/netflix_dag.py
[2026-09-09T07:01:52.235+0000] {processor.py:840} INFO - DAG(s) 'netflix_etl_pipeline' retrieved from /opt/airflow/dags/netflix_dag.py
[2026-09-09T07:01:52.269+0000] {logging_mixin.py:188} INFO - [2026-09-09T07:01:52.269+0000] {dag.py:3089} INFO - Sync 1 DAGs
[2026-09-09T07:01:52.292+0000] {logging_mixin.py:188} INFO - [2026-09-09T07:01:52.292+0000] {dag.py:3947} INFO - Setting next_dagrun for netflix_etl_pipeline to 2026-09-08 00:00:00+00:00, run_after=2026-09-09 00:00:00+00:00
[2026-09-09T07:01:52.316+0000] {processor.py:183} INFO - Processing /opt/airflow/dags/netflix_dag.py took 0.120 seconds
[2026-09-09T07:02:22.508+0000] {processor.py:161} INFO - Started process (PID=3220) to work on /opt/airflow/dags/netflix_dag.py
[2026-09-09T07:02:22.510+0000] {processor.py:830} INFO - Processing file /opt/airflow/dags/netflix_dag.py for tasks to queue
[2026-09-09T07:02:22.513+0000] {logging_mixin.py:188} INFO - [2026-09-09T07:02:22.512+0000] {dagbag.py:545} INFO - Filling up the DagBag from /opt/airflow/dags/netflix_dag.py
[2026-09-09T07:02:22.538+0000] {processor.py:840} INFO - DAG(s) 'netflix_etl_pipeline' retrieved from /opt/airflow/dags/netflix_dag.py
[2026-09-09T07:02:22.571+0000] {logging_mixin.py:188} INFO - [2026-09-09T07:02:22.571+0000] {dag.py:3089} INFO - Sync 1 DAGs
[2026-09-09T07:02:22.594+0000] {logging_mixin.py:188} INFO - [2026-09-09T07:02:22.593+0000] {dag.py:3947} INFO - Setting next_dagrun for netflix_etl_pipeline to 2026-09-08 00:00:00+00:00, run_after=2026-09-09 00:00:00+00:00
[2026-09-09T07:02:22.616+0000] {processor.py:183} INFO - Processing /opt/airflow/dags/netflix_dag.py took 0.114 seconds
[2026-09-09T07:02:52.715+0000] {processor.py:161} INFO - Started process (PID=3231) to work on /opt/airflow/dags/netflix_dag.py
[2026-09-09T07:02:52.717+0000] {processor.py:830} INFO - Processing file /opt/airflow/dags/netflix_dag.py for tasks to queue
[2026-09-09T07:02:52.720+0000] {logging_mixin.py:188} INFO - [2026-09-09T07:02:52.719+0000] {dagbag.py:545} INFO - Filling up the DagBag from /opt/airflow/dags/netflix_dag.py
[2026-09-09T07:02:52.747+0000] {processor.py:840} INFO - DAG(s) 'netflix_etl_pipeline' retrieved from /opt/airflow/dags/netflix_dag.py
[2026-09-09T07:02:52.790+0000] {logging_mixin.py:188} INFO - [2026-09-09T07:02:52.789+0000] {dag.py:3089} INFO - Sync 1 DAGs
[2026-09-09T07:02:52.812+0000] {logging_mixin.py:188} INFO - [2026-09-09T07:02:52.811+0000] {dag.py:3947} INFO - Setting next_dagrun for netflix_etl_pipeline to 2026-09-08 00:00:00+00:00, run_after=2026-09-09 00:00:00+00:00
[2026-09-09T07:02:52.834+0000] {processor.py:183} INFO - Processing /opt/airflow/dags/netflix_dag.py took 0.125 seconds
[2026-09-09T07:03:23.034+0000] {processor.py:161} INFO - Started process (PID=3242) to work on /opt/airflow/dags/netflix_dag.py
[2026-09-09T07:03:23.035+0000] {processor.py:830} INFO - Processing file /opt/airflow/dags/netflix_dag.py for tasks to queue
[2026-09-09T07:03:23.038+0000] {logging_mixin.py:188} INFO - [2026-09-09T07:03:23.038+0000] {dagbag.py:545} INFO - Filling up the DagBag from /opt/airflow/dags/netflix_dag.py
[2026-09-09T07:03:23.063+0000] {processor.py:840} INFO - DAG(s) 'netflix_etl_pipeline' retrieved from /opt/airflow/dags/netflix_dag.py
[2026-09-09T07:03:23.100+0000] {logging_mixin.py:188} INFO - [2026-09-09T07:03:23.100+0000] {dag.py:3089} INFO - Sync 1 DAGs
[2026-09-09T07:03:23.129+0000] {logging_mixin.py:188} INFO - [2026-09-09T07:03:23.129+0000] {dag.py:3947} INFO - Setting next_dagrun for netflix_etl_pipeline to 2026-09-08 00:00:00+00:00, run_after=2026-09-09 00:00:00+00:00
[2026-09-09T07:03:23.151+0000] {processor.py:183} INFO - Processing /opt/airflow/dags/netflix_dag.py took 0.125 seconds
[2026-09-09T07:03:53.247+0000] {processor.py:161} INFO - Started process (PID=3253) to work on /opt/airflow/dags/netflix_dag.py
[2026-09-09T07:03:53.249+0000] {processor.py:830} INFO - Processing file /opt/airflow/dags/netflix_dag.py for tasks to queue
[2026-09-09T07:03:53.252+0000] {logging_mixin.py:188} INFO - [2026-09-09T07:03:53.251+0000] {dagbag.py:545} INFO - Filling up the DagBag from /opt/airflow/dags/netflix_dag.py
[2026-09-09T07:03:53.276+0000] {processor.py:840} INFO - DAG(s) 'netflix_etl_pipeline' retrieved from /opt/airflow/dags/netflix_dag.py
[2026-09-09T07:03:53.317+0000] {logging_mixin.py:188} INFO - [2026-09-09T07:03:53.317+0000] {dag.py:3089} INFO - Sync 1 DAGs
[2026-09-09T07:03:53.343+0000] {logging_mixin.py:188} INFO - [2026-09-09T07:03:53.343+0000] {dag.py:3947} INFO - Setting next_dagrun for netflix_etl_pipeline to 2026-09-08 00:00:00+00:00, run_after=2026-09-09 00:00:00+00:00
[2026-09-09T07:03:53.369+0000] {processor.py:183} INFO - Processing /opt/airflow/dags/netflix_dag.py took 0.129 seconds
[2026-09-09T07:04:23.554+0000] {processor.py:161} INFO - Started process (PID=3264) to work on /opt/airflow/dags/netflix_dag.py
[2026-09-09T07:04:23.556+0000] {processor.py:830} INFO - Processing file /opt/airflow/dags/netflix_dag.py for tasks to queue
[2026-09-09T07:04:23.561+0000] {logging_mixin.py:188} INFO - [2026-09-09T07:04:23.560+0000] {dagbag.py:545} INFO - Filling up the DagBag from /opt/airflow/dags/netflix_dag.py
[2026-09-09T07:04:23.590+0000] {processor.py:840} INFO - DAG(s) 'netflix_etl_pipeline' retrieved from /opt/airflow/dags/netflix_dag.py
[2026-09-09T07:04:23.627+0000] {logging_mixin.py:188} INFO - [2026-09-09T07:04:23.627+0000] {dag.py:3089} INFO - Sync 1 DAGs
[2026-09-09T07:04:23.656+0000] {logging_mixin.py:188} INFO - [2026-09-09T07:04:23.656+0000] {dag.py:3947} INFO - Setting next_dagrun for netflix_etl_pipeline to 2026-09-08 00:00:00+00:00, run_after=2026-09-09 00:00:00+00:00
[2026-09-09T07:04:23.676+0000] {processor.py:183} INFO - Processing /opt/airflow/dags/netflix_dag.py took 0.128 seconds
[2026-09-09T07:04:53.757+0000] {processor.py:161} INFO - Started process (PID=3275) to work on /opt/airflow/dags/netflix_dag.py
[2026-09-09T07:04:53.759+0000] {processor.py:830} INFO - Processing file /opt/airflow/dags/netflix_dag.py for tasks to queue
[2026-09-09T07:04:53.761+0000] {logging_mixin.py:188} INFO - [2026-09-09T07:04:53.761+0000] {dagbag.py:545} INFO - Filling up the DagBag from /opt/airflow/dags/netflix_dag.py
[2026-09-09T07:04:53.788+0000] {processor.py:840} INFO - DAG(s) 'netflix_etl_pipeline' retrieved from /opt/airflow/dags/netflix_dag.py
[2026-09-09T07:04:53.829+0000] {logging_mixin.py:188} INFO - [2026-09-09T07:04:53.828+0000] {dag.py:3089} INFO - Sync 1 DAGs
[2026-09-09T07:04:53.854+0000] {logging_mixin.py:188} INFO - [2026-09-09T07:04:53.854+0000] {dag.py:3947} INFO - Setting next_dagrun for netflix_etl_pipeline to 2026-09-08 00:00:00+00:00, run_after=2026-09-09 00:00:00+00:00
[2026-09-09T07:04:53.879+0000] {processor.py:183} INFO - Processing /opt/airflow/dags/netflix_dag.py took 0.128 seconds
[2026-09-09T07:05:24.103+0000] {processor.py:161} INFO - Started process (PID=3286) to work on /opt/airflow/dags/netflix_dag.py
[2026-09-09T07:05:24.105+0000] {processor.py:830} INFO - Processing file /opt/airflow/dags/netflix_dag.py for tasks to queue
[2026-09-09T07:05:24.108+0000] {logging_mixin.py:188} INFO - [2026-09-09T07:05:24.108+0000] {dagbag.py:545} INFO - Filling up the DagBag from /opt/airflow/dags/netflix_dag.py
[2026-09-09T07:05:24.128+0000] {processor.py:840} INFO - DAG(s) 'netflix_etl_pipeline' retrieved from /opt/airflow/dags/netflix_dag.py
[2026-09-09T07:05:24.163+0000] {logging_mixin.py:188} INFO - [2026-09-09T07:05:24.163+0000] {dag.py:3089} INFO - Sync 1 DAGs
[2026-09-09T07:05:24.193+0000] {logging_mixin.py:188} INFO - [2026-09-09T07:05:24.192+0000] {dag.py:3947} INFO - Setting next_dagrun for netflix_etl_pipeline to 2026-09-08 00:00:00+00:00, run_after=2026-09-09 00:00:00+00:00
[2026-09-09T07:05:24.215+0000] {processor.py:183} INFO - Processing /opt/airflow/dags/netflix_dag.py took 0.119 seconds
[2026-09-09T07:05:54.319+0000] {processor.py:161} INFO - Started process (PID=3297) to work on /opt/airflow/dags/netflix_dag.py
[2026-09-09T07:05:54.321+0000] {processor.py:830} INFO - Processing file /opt/airflow/dags/netflix_dag.py for tasks to queue
[2026-09-09T07:05:54.324+0000] {logging_mixin.py:188} INFO - [2026-09-09T07:05:54.323+0000] {dagbag.py:545} INFO - Filling up the DagBag from /opt/airflow/dags/netflix_dag.py
[2026-09-09T07:05:54.343+0000] {processor.py:840} INFO - DAG(s) 'netflix_etl_pipeline' retrieved from /opt/airflow/dags/netflix_dag.py
[2026-09-09T07:05:54.389+0000] {logging_mixin.py:188} INFO - [2026-09-09T07:05:54.389+0000] {dag.py:3089} INFO - Sync 1 DAGs
[2026-09-09T07:05:54.423+0000] {logging_mixin.py:188} INFO - [2026-09-09T07:05:54.422+0000] {dag.py:3947} INFO - Setting next_dagrun for netflix_etl_pipeline to 2026-09-08 00:00:00+00:00, run_after=2026-09-09 00:00:00+00:00
[2026-09-09T07:05:54.453+0000] {processor.py:183} INFO - Processing /opt/airflow/dags/netflix_dag.py took 0.141 seconds
[2026-09-09T07:06:24.634+0000] {processor.py:161} INFO - Started process (PID=3308) to work on /opt/airflow/dags/netflix_dag.py
[2026-09-09T07:06:24.635+0000] {processor.py:830} INFO - Processing file /opt/airflow/dags/netflix_dag.py for tasks to queue
[2026-09-09T07:06:24.638+0000] {logging_mixin.py:188} INFO - [2026-09-09T07:06:24.638+0000] {dagbag.py:545} INFO - Filling up the DagBag from /opt/airflow/dags/netflix_dag.py
[2026-09-09T07:06:24.662+0000] {processor.py:840} INFO - DAG(s) 'netflix_etl_pipeline' retrieved from /opt/airflow/dags/netflix_dag.py
[2026-09-09T07:06:24.703+0000] {logging_mixin.py:188} INFO - [2026-09-09T07:06:24.702+0000] {dag.py:3089} INFO - Sync 1 DAGs
[2026-09-09T07:06:24.726+0000] {logging_mixin.py:188} INFO - [2026-09-09T07:06:24.726+0000] {dag.py:3947} INFO - Setting next_dagrun for netflix_etl_pipeline to 2026-09-08 00:00:00+00:00, run_after=2026-09-09 00:00:00+00:00
[2026-09-09T07:06:24.750+0000] {processor.py:183} INFO - Processing /opt/airflow/dags/netflix_dag.py took 0.123 seconds
[2026-09-09T07:06:54.872+0000] {processor.py:161} INFO - Started process (PID=3319) to work on /opt/airflow/dags/netflix_dag.py
[2026-09-09T07:06:54.874+0000] {processor.py:830} INFO - Processing file /opt/airflow/dags/netflix_dag.py for tasks to queue
[2026-09-09T07:06:54.877+0000] {logging_mixin.py:188} INFO - [2026-09-09T07:06:54.876+0000] {dagbag.py:545} INFO - Filling up the DagBag from /opt/airflow/dags/netflix_dag.py
[2026-09-09T07:06:54.901+0000] {processor.py:840} INFO - DAG(s) 'netflix_etl_pipeline' retrieved from /opt/airflow/dags/netflix_dag.py
[2026-09-09T07:06:54.936+0000] {logging_mixin.py:188} INFO - [2026-09-09T07:06:54.935+0000] {dag.py:3089} INFO - Sync 1 DAGs
[2026-09-09T07:06:54.955+0000] {logging_mixin.py:188} INFO - [2026-09-09T07:06:54.955+0000] {dag.py:3947} INFO - Setting next_dagrun for netflix_etl_pipeline to 2026-09-08 00:00:00+00:00, run_after=2026-09-09 00:00:00+00:00
[2026-09-09T07:06:54.976+0000] {processor.py:183} INFO - Processing /opt/airflow/dags/netflix_dag.py took 0.110 seconds
[2026-09-09T07:07:25.159+0000] {processor.py:161} INFO - Started process (PID=3330) to work on /opt/airflow/dags/netflix_dag.py
[2026-09-09T07:07:25.161+0000] {processor.py:830} INFO - Processing file /opt/airflow/dags/netflix_dag.py for tasks to queue
[2026-09-09T07:07:25.164+0000] {logging_mixin.py:188} INFO - [2026-09-09T07:07:25.164+0000] {dagbag.py:545} INFO - Filling up the DagBag from /opt/airflow/dags/netflix_dag.py
[2026-09-09T07:07:25.207+0000] {processor.py:840} INFO - DAG(s) 'netflix_etl_pipeline' retrieved from /opt/airflow/dags/netflix_dag.py
[2026-09-09T07:07:25.300+0000] {logging_mixin.py:188} INFO - [2026-09-09T07:07:25.300+0000] {dag.py:3089} INFO - Sync 1 DAGs
[2026-09-09T07:07:25.326+0000] {logging_mixin.py:188} INFO - [2026-09-09T07:07:25.326+0000] {dag.py:3947} INFO - Setting next_dagrun for netflix_etl_pipeline to 2026-09-08 00:00:00+00:00, run_after=2026-09-09 00:00:00+00:00
[2026-09-09T07:07:25.350+0000] {processor.py:183} INFO - Processing /opt/airflow/dags/netflix_dag.py took 0.198 seconds
[2026-09-09T07:07:55.431+0000] {processor.py:161} INFO - Started process (PID=3341) to work on /opt/airflow/dags/netflix_dag.py
[2026-09-09T07:07:55.433+0000] {processor.py:830} INFO - Processing file /opt/airflow/dags/netflix_dag.py for tasks to queue
[2026-09-09T07:07:55.437+0000] {logging_mixin.py:188} INFO - [2026-09-09T07:07:55.436+0000] {dagbag.py:545} INFO - Filling up the DagBag from /opt/airflow/dags/netflix_dag.py
[2026-09-09T07:07:55.504+0000] {processor.py:840} INFO - DAG(s) 'netflix_etl_pipeline' retrieved from /opt/airflow/dags/netflix_dag.py
[2026-09-09T07:07:55.558+0000] {logging_mixin.py:188} INFO - [2026-09-09T07:07:55.558+0000] {dag.py:3089} INFO - Sync 1 DAGs
[2026-09-09T07:07:55.585+0000] {logging_mixin.py:188} INFO - [2026-09-09T07:07:55.585+0000] {dag.py:3947} INFO - Setting next_dagrun for netflix_etl_pipeline to 2026-09-08 00:00:00+00:00, run_after=2026-09-09 00:00:00+00:00
[2026-09-09T07:07:55.608+0000] {processor.py:183} INFO - Processing /opt/airflow/dags/netflix_dag.py took 0.185 seconds
[2026-09-09T07:08:26.170+0000] {processor.py:161} INFO - Started process (PID=3352) to work on /opt/airflow/dags/netflix_dag.py
[2026-09-09T07:08:26.175+0000] {processor.py:830} INFO - Processing file /opt/airflow/dags/netflix_dag.py for tasks to queue
[2026-09-09T07:08:26.180+0000] {logging_mixin.py:188} INFO - [2026-09-09T07:08:26.179+0000] {dagbag.py:545} INFO - Filling up the DagBag from /opt/airflow/dags/netflix_dag.py
[2026-09-09T07:08:26.237+0000] {processor.py:840} INFO - DAG(s) 'netflix_etl_pipeline' retrieved from /opt/airflow/dags/netflix_dag.py
[2026-09-09T07:08:26.318+0000] {logging_mixin.py:188} INFO - [2026-09-09T07:08:26.317+0000] {dag.py:3089} INFO - Sync 1 DAGs
[2026-09-09T07:08:26.375+0000] {logging_mixin.py:188} INFO - [2026-09-09T07:08:26.375+0000] {dag.py:3947} INFO - Setting next_dagrun for netflix_etl_pipeline to 2026-09-08 00:00:00+00:00, run_after=2026-09-09 00:00:00+00:00
[2026-09-09T07:08:26.428+0000] {processor.py:183} INFO - Processing /opt/airflow/dags/netflix_dag.py took 0.276 seconds
[2026-09-09T07:08:56.698+0000] {processor.py:161} INFO - Started process (PID=3363) to work on /opt/airflow/dags/netflix_dag.py
[2026-09-09T07:08:56.701+0000] {processor.py:830} INFO - Processing file /opt/airflow/dags/netflix_dag.py for tasks to queue
[2026-09-09T07:08:56.705+0000] {logging_mixin.py:188} INFO - [2026-09-09T07:08:56.705+0000] {dagbag.py:545} INFO - Filling up the DagBag from /opt/airflow/dags/netflix_dag.py
[2026-09-09T07:08:56.766+0000] {processor.py:840} INFO - DAG(s) 'netflix_etl_pipeline' retrieved from /opt/airflow/dags/netflix_dag.py
[2026-09-09T07:08:56.858+0000] {logging_mixin.py:188} INFO - [2026-09-09T07:08:56.858+0000] {dag.py:3089} INFO - Sync 1 DAGs
[2026-09-09T07:08:56.912+0000] {logging_mixin.py:188} INFO - [2026-09-09T07:08:56.911+0000] {dag.py:3947} INFO - Setting next_dagrun for netflix_etl_pipeline to 2026-09-08 00:00:00+00:00, run_after=2026-09-09 00:00:00+00:00
[2026-09-09T07:08:56.960+0000] {processor.py:183} INFO - Processing /opt/airflow/dags/netflix_dag.py took 0.276 seconds
[2026-09-09T07:09:27.398+0000] {processor.py:161} INFO - Started process (PID=3374) to work on /opt/airflow/dags/netflix_dag.py
[2026-09-09T07:09:27.401+0000] {processor.py:830} INFO - Processing file /opt/airflow/dags/netflix_dag.py for tasks to queue
[2026-09-09T07:09:27.406+0000] {logging_mixin.py:188} INFO - [2026-09-09T07:09:27.406+0000] {dagbag.py:545} INFO - Filling up the DagBag from /opt/airflow/dags/netflix_dag.py
[2026-09-09T07:09:27.451+0000] {processor.py:840} INFO - DAG(s) 'netflix_etl_pipeline' retrieved from /opt/airflow/dags/netflix_dag.py
[2026-09-09T07:09:27.565+0000] {logging_mixin.py:188} INFO - [2026-09-09T07:09:27.564+0000] {dag.py:3089} INFO - Sync 1 DAGs
[2026-09-09T07:09:27.623+0000] {logging_mixin.py:188} INFO - [2026-09-09T07:09:27.622+0000] {dag.py:3947} INFO - Setting next_dagrun for netflix_etl_pipeline to 2026-09-08 00:00:00+00:00, run_after=2026-09-09 00:00:00+00:00
[2026-09-09T07:09:27.664+0000] {processor.py:183} INFO - Processing /opt/airflow/dags/netflix_dag.py took 0.286 seconds
[2026-09-09T07:09:57.991+0000] {processor.py:161} INFO - Started process (PID=3385) to work on /opt/airflow/dags/netflix_dag.py
[2026-09-09T07:09:57.995+0000] {processor.py:830} INFO - Processing file /opt/airflow/dags/netflix_dag.py for tasks to queue
[2026-09-09T07:09:58.002+0000] {logging_mixin.py:188} INFO - [2026-09-09T07:09:58.001+0000] {dagbag.py:545} INFO - Filling up the DagBag from /opt/airflow/dags/netflix_dag.py
[2026-09-09T07:09:58.056+0000] {processor.py:840} INFO - DAG(s) 'netflix_etl_pipeline' retrieved from /opt/airflow/dags/netflix_dag.py
[2026-09-09T07:09:58.171+0000] {logging_mixin.py:188} INFO - [2026-09-09T07:09:58.171+0000] {dag.py:3089} INFO - Sync 1 DAGs
[2026-09-09T07:09:58.218+0000] {logging_mixin.py:188} INFO - [2026-09-09T07:09:58.218+0000] {dag.py:3947} INFO - Setting next_dagrun for netflix_etl_pipeline to 2026-09-08 00:00:00+00:00, run_after=2026-09-09 00:00:00+00:00
[2026-09-09T07:09:58.262+0000] {processor.py:183} INFO - Processing /opt/airflow/dags/netflix_dag.py took 0.291 seconds
[2026-09-09T07:10:28.695+0000] {processor.py:161} INFO - Started process (PID=3396) to work on /opt/airflow/dags/netflix_dag.py
[2026-09-09T07:10:28.699+0000] {processor.py:830} INFO - Processing file /opt/airflow/dags/netflix_dag.py for tasks to queue
[2026-09-09T07:10:28.704+0000] {logging_mixin.py:188} INFO - [2026-09-09T07:10:28.703+0000] {dagbag.py:545} INFO - Filling up the DagBag from /opt/airflow/dags/netflix_dag.py
[2026-09-09T07:10:28.760+0000] {processor.py:840} INFO - DAG(s) 'netflix_etl_pipeline' retrieved from /opt/airflow/dags/netflix_dag.py
[2026-09-09T07:10:28.848+0000] {logging_mixin.py:188} INFO - [2026-09-09T07:10:28.847+0000] {dag.py:3089} INFO - Sync 1 DAGs
[2026-09-09T07:10:28.903+0000] {logging_mixin.py:188} INFO - [2026-09-09T07:10:28.903+0000] {dag.py:3947} INFO - Setting next_dagrun for netflix_etl_pipeline to 2026-09-08 00:00:00+00:00, run_after=2026-09-09 00:00:00+00:00
[2026-09-09T07:10:28.947+0000] {processor.py:183} INFO - Processing /opt/airflow/dags/netflix_dag.py took 0.265 seconds
[2026-09-09T07:10:59.184+0000] {processor.py:161} INFO - Started process (PID=3407) to work on /opt/airflow/dags/netflix_dag.py
[2026-09-09T07:10:59.188+0000] {processor.py:830} INFO - Processing file /opt/airflow/dags/netflix_dag.py for tasks to queue
[2026-09-09T07:10:59.194+0000] {logging_mixin.py:188} INFO - [2026-09-09T07:10:59.193+0000] {dagbag.py:545} INFO - Filling up the DagBag from /opt/airflow/dags/netflix_dag.py
[2026-09-09T07:10:59.249+0000] {processor.py:840} INFO - DAG(s) 'netflix_etl_pipeline' retrieved from /opt/airflow/dags/netflix_dag.py
[2026-09-09T07:10:59.340+0000] {logging_mixin.py:188} INFO - [2026-09-09T07:10:59.340+0000] {dag.py:3089} INFO - Sync 1 DAGs
[2026-09-09T07:10:59.395+0000] {logging_mixin.py:188} INFO - [2026-09-09T07:10:59.394+0000] {dag.py:3947} INFO - Setting next_dagrun for netflix_etl_pipeline to 2026-09-08 00:00:00+00:00, run_after=2026-09-09 00:00:00+00:00
[2026-09-09T07:10:59.437+0000] {processor.py:183} INFO - Processing /opt/airflow/dags/netflix_dag.py took 0.273 seconds
[2026-09-09T07:11:29.897+0000] {processor.py:161} INFO - Started process (PID=3418) to work on /opt/airflow/dags/netflix_dag.py
[2026-09-09T07:11:29.900+0000] {processor.py:830} INFO - Processing file /opt/airflow/dags/netflix_dag.py for tasks to queue
[2026-09-09T07:11:29.905+0000] {logging_mixin.py:188} INFO - [2026-09-09T07:11:29.904+0000] {dagbag.py:545} INFO - Filling up the DagBag from /opt/airflow/dags/netflix_dag.py
[2026-09-09T07:11:29.948+0000] {processor.py:840} INFO - DAG(s) 'netflix_etl_pipeline' retrieved from /opt/airflow/dags/netflix_dag.py
[2026-09-09T07:11:30.025+0000] {logging_mixin.py:188} INFO - [2026-09-09T07:11:30.025+0000] {dag.py:3089} INFO - Sync 1 DAGs
[2026-09-09T07:11:30.078+0000] {logging_mixin.py:188} INFO - [2026-09-09T07:11:30.078+0000] {dag.py:3947} INFO - Setting next_dagrun for netflix_etl_pipeline to 2026-09-08 00:00:00+00:00, run_after=2026-09-09 00:00:00+00:00
[2026-09-09T07:11:30.124+0000] {processor.py:183} INFO - Processing /opt/airflow/dags/netflix_dag.py took 0.246 seconds
[2026-09-09T07:12:00.438+0000] {processor.py:161} INFO - Started process (PID=3429) to work on /opt/airflow/dags/netflix_dag.py
[2026-09-09T07:12:00.441+0000] {processor.py:830} INFO - Processing file /opt/airflow/dags/netflix_dag.py for tasks to queue
[2026-09-09T07:12:00.446+0000] {logging_mixin.py:188} INFO - [2026-09-09T07:12:00.445+0000] {dagbag.py:545} INFO - Filling up the DagBag from /opt/airflow/dags/netflix_dag.py
[2026-09-09T07:12:00.507+0000] {processor.py:840} INFO - DAG(s) 'netflix_etl_pipeline' retrieved from /opt/airflow/dags/netflix_dag.py
[2026-09-09T07:12:00.589+0000] {logging_mixin.py:188} INFO - [2026-09-09T07:12:00.589+0000] {dag.py:3089} INFO - Sync 1 DAGs
[2026-09-09T07:12:00.635+0000] {logging_mixin.py:188} INFO - [2026-09-09T07:12:00.635+0000] {dag.py:3947} INFO - Setting next_dagrun for netflix_etl_pipeline to 2026-09-08 00:00:00+00:00, run_after=2026-09-09 00:00:00+00:00
[2026-09-09T07:12:00.677+0000] {processor.py:183} INFO - Processing /opt/airflow/dags/netflix_dag.py took 0.254 seconds
[2026-09-09T07:12:31.020+0000] {processor.py:161} INFO - Started process (PID=3440) to work on /opt/airflow/dags/netflix_dag.py
[2026-09-09T07:12:31.024+0000] {processor.py:830} INFO - Processing file /opt/airflow/dags/netflix_dag.py for tasks to queue
[2026-09-09T07:12:31.033+0000] {logging_mixin.py:188} INFO - [2026-09-09T07:12:31.032+0000] {dagbag.py:545} INFO - Filling up the DagBag from /opt/airflow/dags/netflix_dag.py
[2026-09-09T07:12:31.089+0000] {processor.py:840} INFO - DAG(s) 'netflix_etl_pipeline' retrieved from /opt/airflow/dags/netflix_dag.py
[2026-09-09T07:12:31.167+0000] {logging_mixin.py:188} INFO - [2026-09-09T07:12:31.167+0000] {dag.py:3089} INFO - Sync 1 DAGs
[2026-09-09T07:12:31.216+0000] {logging_mixin.py:188} INFO - [2026-09-09T07:12:31.216+0000] {dag.py:3947} INFO - Setting next_dagrun for netflix_etl_pipeline to 2026-09-08 00:00:00+00:00, run_after=2026-09-09 00:00:00+00:00
[2026-09-09T07:12:31.259+0000] {processor.py:183} INFO - Processing /opt/airflow/dags/netflix_dag.py took 0.257 seconds
[2026-09-09T07:13:01.544+0000] {processor.py:161} INFO - Started process (PID=3451) to work on /opt/airflow/dags/netflix_dag.py
[2026-09-09T07:13:01.548+0000] {processor.py:830} INFO - Processing file /opt/airflow/dags/netflix_dag.py for tasks to queue
[2026-09-09T07:13:01.554+0000] {logging_mixin.py:188} INFO - [2026-09-09T07:13:01.553+0000] {dagbag.py:545} INFO - Filling up the DagBag from /opt/airflow/dags/netflix_dag.py
[2026-09-09T07:13:01.611+0000] {processor.py:840} INFO - DAG(s) 'netflix_etl_pipeline' retrieved from /opt/airflow/dags/netflix_dag.py
[2026-09-09T07:13:01.692+0000] {logging_mixin.py:188} INFO - [2026-09-09T07:13:01.692+0000] {dag.py:3089} INFO - Sync 1 DAGs
[2026-09-09T07:13:01.739+0000] {logging_mixin.py:188} INFO - [2026-09-09T07:13:01.738+0000] {dag.py:3947} INFO - Setting next_dagrun for netflix_etl_pipeline to 2026-09-08 00:00:00+00:00, run_after=2026-09-09 00:00:00+00:00
[2026-09-09T07:13:01.782+0000] {processor.py:183} INFO - Processing /opt/airflow/dags/netflix_dag.py took 0.256 seconds
[2026-09-09T07:13:32.111+0000] {processor.py:161} INFO - Started process (PID=3462) to work on /opt/airflow/dags/netflix_dag.py
[2026-09-09T07:13:32.115+0000] {processor.py:830} INFO - Processing file /opt/airflow/dags/netflix_dag.py for tasks to queue
[2026-09-09T07:13:32.123+0000] {logging_mixin.py:188} INFO - [2026-09-09T07:13:32.121+0000] {dagbag.py:545} INFO - Filling up the DagBag from /opt/airflow/dags/netflix_dag.py
[2026-09-09T07:13:32.189+0000] {processor.py:840} INFO - DAG(s) 'netflix_etl_pipeline' retrieved from /opt/airflow/dags/netflix_dag.py
[2026-09-09T07:13:32.286+0000] {logging_mixin.py:188} INFO - [2026-09-09T07:13:32.285+0000] {dag.py:3089} INFO - Sync 1 DAGs
[2026-09-09T07:13:32.335+0000] {logging_mixin.py:188} INFO - [2026-09-09T07:13:32.335+0000] {dag.py:3947} INFO - Setting next_dagrun for netflix_etl_pipeline to 2026-09-08 00:00:00+00:00, run_after=2026-09-09 00:00:00+00:00
[2026-09-09T07:13:32.385+0000] {processor.py:183} INFO - Processing /opt/airflow/dags/netflix_dag.py took 0.295 seconds
[2026-09-09T07:14:02.705+0000] {processor.py:161} INFO - Started process (PID=3473) to work on /opt/airflow/dags/netflix_dag.py
[2026-09-09T07:14:02.709+0000] {processor.py:830} INFO - Processing file /opt/airflow/dags/netflix_dag.py for tasks to queue
[2026-09-09T07:14:02.715+0000] {logging_mixin.py:188} INFO - [2026-09-09T07:14:02.714+0000] {dagbag.py:545} INFO - Filling up the DagBag from /opt/airflow/dags/netflix_dag.py
[2026-09-09T07:14:02.768+0000] {processor.py:840} INFO - DAG(s) 'netflix_etl_pipeline' retrieved from /opt/airflow/dags/netflix_dag.py
[2026-09-09T07:14:02.854+0000] {logging_mixin.py:188} INFO - [2026-09-09T07:14:02.854+0000] {dag.py:3089} INFO - Sync 1 DAGs
[2026-09-09T07:14:02.906+0000] {logging_mixin.py:188} INFO - [2026-09-09T07:14:02.905+0000] {dag.py:3947} INFO - Setting next_dagrun for netflix_etl_pipeline to 2026-09-08 00:00:00+00:00, run_after=2026-09-09 00:00:00+00:00
[2026-09-09T07:14:02.948+0000] {processor.py:183} INFO - Processing /opt/airflow/dags/netflix_dag.py took 0.261 seconds
[2026-09-09T07:14:33.302+0000] {processor.py:161} INFO - Started process (PID=3484) to work on /opt/airflow/dags/netflix_dag.py
[2026-09-09T07:14:33.305+0000] {processor.py:830} INFO - Processing file /opt/airflow/dags/netflix_dag.py for tasks to queue
[2026-09-09T07:14:33.311+0000] {logging_mixin.py:188} INFO - [2026-09-09T07:14:33.310+0000] {dagbag.py:545} INFO - Filling up the DagBag from /opt/airflow/dags/netflix_dag.py
[2026-09-09T07:14:33.370+0000] {processor.py:840} INFO - DAG(s) 'netflix_etl_pipeline' retrieved from /opt/airflow/dags/netflix_dag.py
[2026-09-09T07:14:33.452+0000] {logging_mixin.py:188} INFO - [2026-09-09T07:14:33.451+0000] {dag.py:3089} INFO - Sync 1 DAGs
[2026-09-09T07:14:33.499+0000] {logging_mixin.py:188} INFO - [2026-09-09T07:14:33.498+0000] {dag.py:3947} INFO - Setting next_dagrun for netflix_etl_pipeline to 2026-09-08 00:00:00+00:00, run_after=2026-09-09 00:00:00+00:00
[2026-09-09T07:14:33.540+0000] {processor.py:183} INFO - Processing /opt/airflow/dags/netflix_dag.py took 0.257 seconds
[2026-09-09T07:15:03.904+0000] {processor.py:161} INFO - Started process (PID=3495) to work on /opt/airflow/dags/netflix_dag.py
[2026-09-09T07:15:03.907+0000] {processor.py:830} INFO - Processing file /opt/airflow/dags/netflix_dag.py for tasks to queue
[2026-09-09T07:15:03.912+0000] {logging_mixin.py:188} INFO - [2026-09-09T07:15:03.911+0000] {dagbag.py:545} INFO - Filling up the DagBag from /opt/airflow/dags/netflix_dag.py
[2026-09-09T07:15:03.965+0000] {processor.py:840} INFO - DAG(s) 'netflix_etl_pipeline' retrieved from /opt/airflow/dags/netflix_dag.py
[2026-09-09T07:15:04.045+0000] {logging_mixin.py:188} INFO - [2026-09-09T07:15:04.045+0000] {dag.py:3089} INFO - Sync 1 DAGs
[2026-09-09T07:15:04.099+0000] {logging_mixin.py:188} INFO - [2026-09-09T07:15:04.099+0000] {dag.py:3947} INFO - Setting next_dagrun for netflix_etl_pipeline to 2026-09-08 00:00:00+00:00, run_after=2026-09-09 00:00:00+00:00
[2026-09-09T07:15:04.141+0000] {processor.py:183} INFO - Processing /opt/airflow/dags/netflix_dag.py took 0.256 seconds
[2026-09-09T07:15:34.499+0000] {processor.py:161} INFO - Started process (PID=3506) to work on /opt/airflow/dags/netflix_dag.py
[2026-09-09T07:15:34.508+0000] {processor.py:830} INFO - Processing file /opt/airflow/dags/netflix_dag.py for tasks to queue
[2026-09-09T07:15:34.515+0000] {logging_mixin.py:188} INFO - [2026-09-09T07:15:34.514+0000] {dagbag.py:545} INFO - Filling up the DagBag from /opt/airflow/dags/netflix_dag.py
[2026-09-09T07:15:34.569+0000] {processor.py:840} INFO - DAG(s) 'netflix_etl_pipeline' retrieved from /opt/airflow/dags/netflix_dag.py
[2026-09-09T07:15:34.651+0000] {logging_mixin.py:188} INFO - [2026-09-09T07:15:34.650+0000] {dag.py:3089} INFO - Sync 1 DAGs
[2026-09-09T07:15:34.697+0000] {logging_mixin.py:188} INFO - [2026-09-09T07:15:34.697+0000] {dag.py:3947} INFO - Setting next_dagrun for netflix_etl_pipeline to 2026-09-08 00:00:00+00:00, run_after=2026-09-09 00:00:00+00:00
[2026-09-09T07:15:34.740+0000] {processor.py:183} INFO - Processing /opt/airflow/dags/netflix_dag.py took 0.257 seconds
[2026-09-09T07:16:05.142+0000] {processor.py:161} INFO - Started process (PID=3517) to work on /opt/airflow/dags/netflix_dag.py
[2026-09-09T07:16:05.145+0000] {processor.py:830} INFO - Processing file /opt/airflow/dags/netflix_dag.py for tasks to queue
[2026-09-09T07:16:05.151+0000] {logging_mixin.py:188} INFO - [2026-09-09T07:16:05.150+0000] {dagbag.py:545} INFO - Filling up the DagBag from /opt/airflow/dags/netflix_dag.py
[2026-09-09T07:16:05.206+0000] {processor.py:840} INFO - DAG(s) 'netflix_etl_pipeline' retrieved from /opt/airflow/dags/netflix_dag.py
[2026-09-09T07:16:05.284+0000] {logging_mixin.py:188} INFO - [2026-09-09T07:16:05.283+0000] {dag.py:3089} INFO - Sync 1 DAGs
[2026-09-09T07:16:05.331+0000] {logging_mixin.py:188} INFO - [2026-09-09T07:16:05.330+0000] {dag.py:3947} INFO - Setting next_dagrun for netflix_etl_pipeline to 2026-09-08 00:00:00+00:00, run_after=2026-09-09 00:00:00+00:00
[2026-09-09T07:16:05.371+0000] {processor.py:183} INFO - Processing /opt/airflow/dags/netflix_dag.py took 0.244 seconds
[2026-09-09T07:16:35.686+0000] {processor.py:161} INFO - Started process (PID=3528) to work on /opt/airflow/dags/netflix_dag.py
[2026-09-09T07:16:35.690+0000] {processor.py:830} INFO - Processing file /opt/airflow/dags/netflix_dag.py for tasks to queue
[2026-09-09T07:16:35.696+0000] {logging_mixin.py:188} INFO - [2026-09-09T07:16:35.695+0000] {dagbag.py:545} INFO - Filling up the DagBag from /opt/airflow/dags/netflix_dag.py
[2026-09-09T07:16:35.750+0000] {processor.py:840} INFO - DAG(s) 'netflix_etl_pipeline' retrieved from /opt/airflow/dags/netflix_dag.py
[2026-09-09T07:16:35.832+0000] {logging_mixin.py:188} INFO - [2026-09-09T07:16:35.831+0000] {dag.py:3089} INFO - Sync 1 DAGs
[2026-09-09T07:16:35.879+0000] {logging_mixin.py:188} INFO - [2026-09-09T07:16:35.879+0000] {dag.py:3947} INFO - Setting next_dagrun for netflix_etl_pipeline to 2026-09-08 00:00:00+00:00, run_after=2026-09-09 00:00:00+00:00
[2026-09-09T07:16:35.924+0000] {processor.py:183} INFO - Processing /opt/airflow/dags/netflix_dag.py took 0.254 seconds
[2026-09-09T07:17:06.326+0000] {processor.py:161} INFO - Started process (PID=3539) to work on /opt/airflow/dags/netflix_dag.py
[2026-09-09T07:17:06.330+0000] {processor.py:830} INFO - Processing file /opt/airflow/dags/netflix_dag.py for tasks to queue
[2026-09-09T07:17:06.340+0000] {logging_mixin.py:188} INFO - [2026-09-09T07:17:06.339+0000] {dagbag.py:545} INFO - Filling up the DagBag from /opt/airflow/dags/netflix_dag.py
[2026-09-09T07:17:06.396+0000] {processor.py:840} INFO - DAG(s) 'netflix_etl_pipeline' retrieved from /opt/airflow/dags/netflix_dag.py
[2026-09-09T07:17:06.467+0000] {logging_mixin.py:188} INFO - [2026-09-09T07:17:06.467+0000] {dag.py:3089} INFO - Sync 1 DAGs
[2026-09-09T07:17:06.515+0000] {logging_mixin.py:188} INFO - [2026-09-09T07:17:06.514+0000] {dag.py:3947} INFO - Setting next_dagrun for netflix_etl_pipeline to 2026-09-08 00:00:00+00:00, run_after=2026-09-09 00:00:00+00:00
[2026-09-09T07:17:06.556+0000] {processor.py:183} INFO - Processing /opt/airflow/dags/netflix_dag.py took 0.246 seconds
[2026-09-09T07:17:36.842+0000] {processor.py:161} INFO - Started process (PID=3550) to work on /opt/airflow/dags/netflix_dag.py
[2026-09-09T07:17:36.845+0000] {processor.py:830} INFO - Processing file /opt/airflow/dags/netflix_dag.py for tasks to queue
[2026-09-09T07:17:36.852+0000] {logging_mixin.py:188} INFO - [2026-09-09T07:17:36.851+0000] {dagbag.py:545} INFO - Filling up the DagBag from /opt/airflow/dags/netflix_dag.py
[2026-09-09T07:17:36.904+0000] {processor.py:840} INFO - DAG(s) 'netflix_etl_pipeline' retrieved from /opt/airflow/dags/netflix_dag.py
[2026-09-09T07:17:36.980+0000] {logging_mixin.py:188} INFO - [2026-09-09T07:17:36.979+0000] {dag.py:3089} INFO - Sync 1 DAGs
[2026-09-09T07:17:37.031+0000] {logging_mixin.py:188} INFO - [2026-09-09T07:17:37.030+0000] {dag.py:3947} INFO - Setting next_dagrun for netflix_etl_pipeline to 2026-09-08 00:00:00+00:00, run_after=2026-09-09 00:00:00+00:00
[2026-09-09T07:17:37.072+0000] {processor.py:183} INFO - Processing /opt/airflow/dags/netflix_dag.py took 0.246 seconds
[2026-09-09T07:18:07.434+0000] {processor.py:161} INFO - Started process (PID=3561) to work on /opt/airflow/dags/netflix_dag.py
[2026-09-09T07:18:07.437+0000] {processor.py:830} INFO - Processing file /opt/airflow/dags/netflix_dag.py for tasks to queue
[2026-09-09T07:18:07.444+0000] {logging_mixin.py:188} INFO - [2026-09-09T07:18:07.443+0000] {dagbag.py:545} INFO - Filling up the DagBag from /opt/airflow/dags/netflix_dag.py
[2026-09-09T07:18:07.496+0000] {processor.py:840} INFO - DAG(s) 'netflix_etl_pipeline' retrieved from /opt/airflow/dags/netflix_dag.py
[2026-09-09T07:18:07.571+0000] {logging_mixin.py:188} INFO - [2026-09-09T07:18:07.570+0000] {dag.py:3089} INFO - Sync 1 DAGs
[2026-09-09T07:18:07.620+0000] {logging_mixin.py:188} INFO - [2026-09-09T07:18:07.620+0000] {dag.py:3947} INFO - Setting next_dagrun for netflix_etl_pipeline to 2026-09-08 00:00:00+00:00, run_after=2026-09-09 00:00:00+00:00
[2026-09-09T07:18:07.660+0000] {processor.py:183} INFO - Processing /opt/airflow/dags/netflix_dag.py took 0.247 seconds
[2026-09-09T07:18:38.003+0000] {processor.py:161} INFO - Started process (PID=3572) to work on /opt/airflow/dags/netflix_dag.py
[2026-09-09T07:18:38.007+0000] {processor.py:830} INFO - Processing file /opt/airflow/dags/netflix_dag.py for tasks to queue
[2026-09-09T07:18:38.015+0000] {logging_mixin.py:188} INFO - [2026-09-09T07:18:38.014+0000] {dagbag.py:545} INFO - Filling up the DagBag from /opt/airflow/dags/netflix_dag.py
[2026-09-09T07:18:38.074+0000] {processor.py:840} INFO - DAG(s) 'netflix_etl_pipeline' retrieved from /opt/airflow/dags/netflix_dag.py
[2026-09-09T07:18:38.162+0000] {logging_mixin.py:188} INFO - [2026-09-09T07:18:38.162+0000] {dag.py:3089} INFO - Sync 1 DAGs
[2026-09-09T07:18:38.209+0000] {logging_mixin.py:188} INFO - [2026-09-09T07:18:38.209+0000] {dag.py:3947} INFO - Setting next_dagrun for netflix_etl_pipeline to 2026-09-08 00:00:00+00:00, run_after=2026-09-09 00:00:00+00:00
[2026-09-09T07:18:38.585+0000] {processor.py:183} INFO - Processing /opt/airflow/dags/netflix_dag.py took 0.599 seconds
[2026-09-09T07:19:09.161+0000] {processor.py:161} INFO - Started process (PID=3583) to work on /opt/airflow/dags/netflix_dag.py
[2026-09-09T07:19:09.164+0000] {processor.py:830} INFO - Processing file /opt/airflow/dags/netflix_dag.py for tasks to queue
[2026-09-09T07:19:09.170+0000] {logging_mixin.py:188} INFO - [2026-09-09T07:19:09.169+0000] {dagbag.py:545} INFO - Filling up the DagBag from /opt/airflow/dags/netflix_dag.py
[2026-09-09T07:19:09.216+0000] {processor.py:840} INFO - DAG(s) 'netflix_etl_pipeline' retrieved from /opt/airflow/dags/netflix_dag.py
[2026-09-09T07:19:09.282+0000] {logging_mixin.py:188} INFO - [2026-09-09T07:19:09.282+0000] {dag.py:3089} INFO - Sync 1 DAGs
[2026-09-09T07:19:09.325+0000] {logging_mixin.py:188} INFO - [2026-09-09T07:19:09.325+0000] {dag.py:3947} INFO - Setting next_dagrun for netflix_etl_pipeline to 2026-09-08 00:00:00+00:00, run_after=2026-09-09 00:00:00+00:00
[2026-09-09T07:19:09.364+0000] {processor.py:183} INFO - Processing /opt/airflow/dags/netflix_dag.py took 0.216 seconds
[2026-09-09T07:19:39.663+0000] {processor.py:161} INFO - Started process (PID=3594) to work on /opt/airflow/dags/netflix_dag.py
[2026-09-09T07:19:39.666+0000] {processor.py:830} INFO - Processing file /opt/airflow/dags/netflix_dag.py for tasks to queue
[2026-09-09T07:19:39.673+0000] {logging_mixin.py:188} INFO - [2026-09-09T07:19:39.672+0000] {dagbag.py:545} INFO - Filling up the DagBag from /opt/airflow/dags/netflix_dag.py
[2026-09-09T07:19:39.720+0000] {processor.py:840} INFO - DAG(s) 'netflix_etl_pipeline' retrieved from /opt/airflow/dags/netflix_dag.py
[2026-09-09T07:19:39.790+0000] {logging_mixin.py:188} INFO - [2026-09-09T07:19:39.789+0000] {dag.py:3089} INFO - Sync 1 DAGs
[2026-09-09T07:19:39.846+0000] {logging_mixin.py:188} INFO - [2026-09-09T07:19:39.845+0000] {dag.py:3947} INFO - Setting next_dagrun for netflix_etl_pipeline to 2026-09-08 00:00:00+00:00, run_after=2026-09-09 00:00:00+00:00
[2026-09-09T07:19:39.893+0000] {processor.py:183} INFO - Processing /opt/airflow/dags/netflix_dag.py took 0.242 seconds
[2026-09-09T07:20:10.350+0000] {processor.py:161} INFO - Started process (PID=3605) to work on /opt/airflow/dags/netflix_dag.py
[2026-09-09T07:20:10.354+0000] {processor.py:830} INFO - Processing file /opt/airflow/dags/netflix_dag.py for tasks to queue
[2026-09-09T07:20:10.360+0000] {logging_mixin.py:188} INFO - [2026-09-09T07:20:10.359+0000] {dagbag.py:545} INFO - Filling up the DagBag from /opt/airflow/dags/netflix_dag.py
[2026-09-09T07:20:10.418+0000] {processor.py:840} INFO - DAG(s) 'netflix_etl_pipeline' retrieved from /opt/airflow/dags/netflix_dag.py
[2026-09-09T07:20:10.511+0000] {logging_mixin.py:188} INFO - [2026-09-09T07:20:10.511+0000] {dag.py:3089} INFO - Sync 1 DAGs
[2026-09-09T07:20:10.573+0000] {logging_mixin.py:188} INFO - [2026-09-09T07:20:10.572+0000] {dag.py:3947} INFO - Setting next_dagrun for netflix_etl_pipeline to 2026-09-08 00:00:00+00:00, run_after=2026-09-09 00:00:00+00:00
[2026-09-09T07:20:10.615+0000] {processor.py:183} INFO - Processing /opt/airflow/dags/netflix_dag.py took 0.281 seconds
[2026-09-09T07:20:40.903+0000] {processor.py:161} INFO - Started process (PID=3616) to work on /opt/airflow/dags/netflix_dag.py
[2026-09-09T07:20:40.906+0000] {processor.py:830} INFO - Processing file /opt/airflow/dags/netflix_dag.py for tasks to queue
[2026-09-09T07:20:40.910+0000] {logging_mixin.py:188} INFO - [2026-09-09T07:20:40.910+0000] {dagbag.py:545} INFO - Filling up the DagBag from /opt/airflow/dags/netflix_dag.py
[2026-09-09T07:20:40.958+0000] {processor.py:840} INFO - DAG(s) 'netflix_etl_pipeline' retrieved from /opt/airflow/dags/netflix_dag.py
[2026-09-09T07:20:41.032+0000] {logging_mixin.py:188} INFO - [2026-09-09T07:20:41.031+0000] {dag.py:3089} INFO - Sync 1 DAGs
[2026-09-09T07:20:41.078+0000] {logging_mixin.py:188} INFO - [2026-09-09T07:20:41.078+0000] {dag.py:3947} INFO - Setting next_dagrun for netflix_etl_pipeline to 2026-09-08 00:00:00+00:00, run_after=2026-09-09 00:00:00+00:00
[2026-09-09T07:20:41.121+0000] {processor.py:183} INFO - Processing /opt/airflow/dags/netflix_dag.py took 0.231 seconds
[2026-09-09T07:21:11.552+0000] {processor.py:161} INFO - Started process (PID=3627) to work on /opt/airflow/dags/netflix_dag.py
[2026-09-09T07:21:11.555+0000] {processor.py:830} INFO - Processing file /opt/airflow/dags/netflix_dag.py for tasks to queue
[2026-09-09T07:21:11.559+0000] {logging_mixin.py:188} INFO - [2026-09-09T07:21:11.559+0000] {dagbag.py:545} INFO - Filling up the DagBag from /opt/airflow/dags/netflix_dag.py
[2026-09-09T07:21:11.611+0000] {processor.py:840} INFO - DAG(s) 'netflix_etl_pipeline' retrieved from /opt/airflow/dags/netflix_dag.py
[2026-09-09T07:21:11.683+0000] {logging_mixin.py:188} INFO - [2026-09-09T07:21:11.682+0000] {dag.py:3089} INFO - Sync 1 DAGs
[2026-09-09T07:21:11.730+0000] {logging_mixin.py:188} INFO - [2026-09-09T07:21:11.730+0000] {dag.py:3947} INFO - Setting next_dagrun for netflix_etl_pipeline to 2026-09-08 00:00:00+00:00, run_after=2026-09-09 00:00:00+00:00
[2026-09-09T07:21:11.770+0000] {processor.py:183} INFO - Processing /opt/airflow/dags/netflix_dag.py took 0.232 seconds
[2026-09-09T07:21:42.058+0000] {processor.py:161} INFO - Started process (PID=3638) to work on /opt/airflow/dags/netflix_dag.py
[2026-09-09T07:21:42.061+0000] {processor.py:830} INFO - Processing file /opt/airflow/dags/netflix_dag.py for tasks to queue
[2026-09-09T07:21:42.067+0000] {logging_mixin.py:188} INFO - [2026-09-09T07:21:42.066+0000] {dagbag.py:545} INFO - Filling up the DagBag from /opt/airflow/dags/netflix_dag.py
[2026-09-09T07:21:42.119+0000] {processor.py:840} INFO - DAG(s) 'netflix_etl_pipeline' retrieved from /opt/airflow/dags/netflix_dag.py
[2026-09-09T07:21:42.192+0000] {logging_mixin.py:188} INFO - [2026-09-09T07:21:42.192+0000] {dag.py:3089} INFO - Sync 1 DAGs
[2026-09-09T07:21:42.240+0000] {logging_mixin.py:188} INFO - [2026-09-09T07:21:42.240+0000] {dag.py:3947} INFO - Setting next_dagrun for netflix_etl_pipeline to 2026-09-08 00:00:00+00:00, run_after=2026-09-09 00:00:00+00:00
[2026-09-09T07:21:42.281+0000] {processor.py:183} INFO - Processing /opt/airflow/dags/netflix_dag.py took 0.241 seconds
[2026-09-09T07:22:12.668+0000] {processor.py:161} INFO - Started process (PID=3649) to work on /opt/airflow/dags/netflix_dag.py
[2026-09-09T07:22:12.671+0000] {processor.py:830} INFO - Processing file /opt/airflow/dags/netflix_dag.py for tasks to queue
[2026-09-09T07:22:12.677+0000] {logging_mixin.py:188} INFO - [2026-09-09T07:22:12.676+0000] {dagbag.py:545} INFO - Filling up the DagBag from /opt/airflow/dags/netflix_dag.py
[2026-09-09T07:22:12.727+0000] {processor.py:840} INFO - DAG(s) 'netflix_etl_pipeline' retrieved from /opt/airflow/dags/netflix_dag.py
[2026-09-09T07:22:12.801+0000] {logging_mixin.py:188} INFO - [2026-09-09T07:22:12.801+0000] {dag.py:3089} INFO - Sync 1 DAGs
[2026-09-09T07:22:12.851+0000] {logging_mixin.py:188} INFO - [2026-09-09T07:22:12.850+0000] {dag.py:3947} INFO - Setting next_dagrun for netflix_etl_pipeline to 2026-09-08 00:00:00+00:00, run_after=2026-09-09 00:00:00+00:00
[2026-09-09T07:22:12.893+0000] {processor.py:183} INFO - Processing /opt/airflow/dags/netflix_dag.py took 0.240 seconds
[2026-09-09T07:22:43.144+0000] {processor.py:161} INFO - Started process (PID=3660) to work on /opt/airflow/dags/netflix_dag.py
[2026-09-09T07:22:43.147+0000] {processor.py:830} INFO - Processing file /opt/airflow/dags/netflix_dag.py for tasks to queue
[2026-09-09T07:22:43.153+0000] {logging_mixin.py:188} INFO - [2026-09-09T07:22:43.152+0000] {dagbag.py:545} INFO - Filling up the DagBag from /opt/airflow/dags/netflix_dag.py
[2026-09-09T07:22:43.200+0000] {processor.py:840} INFO - DAG(s) 'netflix_etl_pipeline' retrieved from /opt/airflow/dags/netflix_dag.py
[2026-09-09T07:22:43.274+0000] {logging_mixin.py:188} INFO - [2026-09-09T07:22:43.274+0000] {dag.py:3089} INFO - Sync 1 DAGs
[2026-09-09T07:22:43.323+0000] {logging_mixin.py:188} INFO - [2026-09-09T07:22:43.322+0000] {dag.py:3947} INFO - Setting next_dagrun for netflix_etl_pipeline to 2026-09-08 00:00:00+00:00, run_after=2026-09-09 00:00:00+00:00
[2026-09-09T07:22:43.365+0000] {processor.py:183} INFO - Processing /opt/airflow/dags/netflix_dag.py took 0.237 seconds
[2026-09-09T07:23:13.857+0000] {processor.py:161} INFO - Started process (PID=3671) to work on /opt/airflow/dags/netflix_dag.py
[2026-09-09T07:23:13.859+0000] {processor.py:830} INFO - Processing file /opt/airflow/dags/netflix_dag.py for tasks to queue
[2026-09-09T07:23:13.864+0000] {logging_mixin.py:188} INFO - [2026-09-09T07:23:13.863+0000] {dagbag.py:545} INFO - Filling up the DagBag from /opt/airflow/dags/netflix_dag.py
[2026-09-09T07:23:13.906+0000] {processor.py:840} INFO - DAG(s) 'netflix_etl_pipeline' retrieved from /opt/airflow/dags/netflix_dag.py
[2026-09-09T07:23:13.975+0000] {logging_mixin.py:188} INFO - [2026-09-09T07:23:13.975+0000] {dag.py:3089} INFO - Sync 1 DAGs
[2026-09-09T07:23:14.026+0000] {logging_mixin.py:188} INFO - [2026-09-09T07:23:14.025+0000] {dag.py:3947} INFO - Setting next_dagrun for netflix_etl_pipeline to 2026-09-08 00:00:00+00:00, run_after=2026-09-09 00:00:00+00:00
[2026-09-09T07:23:14.071+0000] {processor.py:183} INFO - Processing /opt/airflow/dags/netflix_dag.py took 0.230 seconds
[2026-09-09T07:23:44.388+0000] {processor.py:161} INFO - Started process (PID=3682) to work on /opt/airflow/dags/netflix_dag.py
[2026-09-09T07:23:44.391+0000] {processor.py:830} INFO - Processing file /opt/airflow/dags/netflix_dag.py for tasks to queue
[2026-09-09T07:23:44.397+0000] {logging_mixin.py:188} INFO - [2026-09-09T07:23:44.396+0000] {dagbag.py:545} INFO - Filling up the DagBag from /opt/airflow/dags/netflix_dag.py
[2026-09-09T07:23:44.446+0000] {processor.py:840} INFO - DAG(s) 'netflix_etl_pipeline' retrieved from /opt/airflow/dags/netflix_dag.py
[2026-09-09T07:23:44.521+0000] {logging_mixin.py:188} INFO - [2026-09-09T07:23:44.520+0000] {dag.py:3089} INFO - Sync 1 DAGs
[2026-09-09T07:23:44.567+0000] {logging_mixin.py:188} INFO - [2026-09-09T07:23:44.566+0000] {dag.py:3947} INFO - Setting next_dagrun for netflix_etl_pipeline to 2026-09-08 00:00:00+00:00, run_after=2026-09-09 00:00:00+00:00
[2026-09-09T07:23:44.607+0000] {processor.py:183} INFO - Processing /opt/airflow/dags/netflix_dag.py took 0.234 seconds
[2026-09-09T07:24:15.017+0000] {processor.py:161} INFO - Started process (PID=3693) to work on /opt/airflow/dags/netflix_dag.py
[2026-09-09T07:24:15.021+0000] {processor.py:830} INFO - Processing file /opt/airflow/dags/netflix_dag.py for tasks to queue
[2026-09-09T07:24:15.026+0000] {logging_mixin.py:188} INFO - [2026-09-09T07:24:15.025+0000] {dagbag.py:545} INFO - Filling up the DagBag from /opt/airflow/dags/netflix_dag.py
[2026-09-09T07:24:15.075+0000] {processor.py:840} INFO - DAG(s) 'netflix_etl_pipeline' retrieved from /opt/airflow/dags/netflix_dag.py
[2026-09-09T07:24:15.156+0000] {logging_mixin.py:188} INFO - [2026-09-09T07:24:15.156+0000] {dag.py:3089} INFO - Sync 1 DAGs
[2026-09-09T07:24:15.208+0000] {logging_mixin.py:188} INFO - [2026-09-09T07:24:15.207+0000] {dag.py:3947} INFO - Setting next_dagrun for netflix_etl_pipeline to 2026-09-08 00:00:00+00:00, run_after=2026-09-09 00:00:00+00:00
[2026-09-09T07:24:15.258+0000] {processor.py:183} INFO - Processing /opt/airflow/dags/netflix_dag.py took 0.254 seconds
[2026-09-09T07:24:45.536+0000] {processor.py:161} INFO - Started process (PID=3704) to work on /opt/airflow/dags/netflix_dag.py
[2026-09-09T07:24:45.540+0000] {processor.py:830} INFO - Processing file /opt/airflow/dags/netflix_dag.py for tasks to queue
[2026-09-09T07:24:45.545+0000] {logging_mixin.py:188} INFO - [2026-09-09T07:24:45.544+0000] {dagbag.py:545} INFO - Filling up the DagBag from /opt/airflow/dags/netflix_dag.py
[2026-09-09T07:24:45.596+0000] {processor.py:840} INFO - DAG(s) 'netflix_etl_pipeline' retrieved from /opt/airflow/dags/netflix_dag.py
[2026-09-09T07:24:45.670+0000] {logging_mixin.py:188} INFO - [2026-09-09T07:24:45.670+0000] {dag.py:3089} INFO - Sync 1 DAGs
[2026-09-09T07:24:45.718+0000] {logging_mixin.py:188} INFO - [2026-09-09T07:24:45.717+0000] {dag.py:3947} INFO - Setting next_dagrun for netflix_etl_pipeline to 2026-09-08 00:00:00+00:00, run_after=2026-09-09 00:00:00+00:00
[2026-09-09T07:24:45.758+0000] {processor.py:183} INFO - Processing /opt/airflow/dags/netflix_dag.py took 0.236 seconds
[2026-09-09T07:25:16.398+0000] {processor.py:161} INFO - Started process (PID=3716) to work on /opt/airflow/dags/netflix_dag.py
[2026-09-09T07:25:16.401+0000] {processor.py:830} INFO - Processing file /opt/airflow/dags/netflix_dag.py for tasks to queue
[2026-09-09T07:25:16.407+0000] {logging_mixin.py:188} INFO - [2026-09-09T07:25:16.406+0000] {dagbag.py:545} INFO - Filling up the DagBag from /opt/airflow/dags/netflix_dag.py
[2026-09-09T07:25:16.457+0000] {processor.py:840} INFO - DAG(s) 'netflix_etl_pipeline' retrieved from /opt/airflow/dags/netflix_dag.py
[2026-09-09T07:25:16.530+0000] {logging_mixin.py:188} INFO - [2026-09-09T07:25:16.530+0000] {dag.py:3089} INFO - Sync 1 DAGs
[2026-09-09T07:25:16.577+0000] {logging_mixin.py:188} INFO - [2026-09-09T07:25:16.577+0000] {dag.py:3947} INFO - Setting next_dagrun for netflix_etl_pipeline to 2026-09-08 00:00:00+00:00, run_after=2026-09-09 00:00:00+00:00
[2026-09-09T07:25:16.618+0000] {processor.py:183} INFO - Processing /opt/airflow/dags/netflix_dag.py took 0.234 seconds
[2026-09-09T07:25:46.834+0000] {processor.py:161} INFO - Started process (PID=3727) to work on /opt/airflow/dags/netflix_dag.py
[2026-09-09T07:25:46.838+0000] {processor.py:830} INFO - Processing file /opt/airflow/dags/netflix_dag.py for tasks to queue
[2026-09-09T07:25:46.845+0000] {logging_mixin.py:188} INFO - [2026-09-09T07:25:46.844+0000] {dagbag.py:545} INFO - Filling up the DagBag from /opt/airflow/dags/netflix_dag.py
[2026-09-09T07:25:46.903+0000] {processor.py:840} INFO - DAG(s) 'netflix_etl_pipeline' retrieved from /opt/airflow/dags/netflix_dag.py
[2026-09-09T07:25:46.994+0000] {logging_mixin.py:188} INFO - [2026-09-09T07:25:46.994+0000] {dag.py:3089} INFO - Sync 1 DAGs
[2026-09-09T07:25:47.045+0000] {logging_mixin.py:188} INFO - [2026-09-09T07:25:47.044+0000] {dag.py:3947} INFO - Setting next_dagrun for netflix_etl_pipeline to 2026-09-08 00:00:00+00:00, run_after=2026-09-09 00:00:00+00:00
[2026-09-09T07:25:47.092+0000] {processor.py:183} INFO - Processing /opt/airflow/dags/netflix_dag.py took 0.277 seconds
[2026-09-09T07:26:17.495+0000] {processor.py:161} INFO - Started process (PID=3738) to work on /opt/airflow/dags/netflix_dag.py
[2026-09-09T07:26:17.500+0000] {processor.py:830} INFO - Processing file /opt/airflow/dags/netflix_dag.py for tasks to queue
[2026-09-09T07:26:17.507+0000] {logging_mixin.py:188} INFO - [2026-09-09T07:26:17.506+0000] {dagbag.py:545} INFO - Filling up the DagBag from /opt/airflow/dags/netflix_dag.py
[2026-09-09T07:26:17.560+0000] {processor.py:840} INFO - DAG(s) 'netflix_etl_pipeline' retrieved from /opt/airflow/dags/netflix_dag.py
[2026-09-09T07:26:17.639+0000] {logging_mixin.py:188} INFO - [2026-09-09T07:26:17.638+0000] {dag.py:3089} INFO - Sync 1 DAGs
[2026-09-09T07:26:17.690+0000] {logging_mixin.py:188} INFO - [2026-09-09T07:26:17.690+0000] {dag.py:3947} INFO - Setting next_dagrun for netflix_etl_pipeline to 2026-09-08 00:00:00+00:00, run_after=2026-09-09 00:00:00+00:00
[2026-09-09T07:26:17.732+0000] {processor.py:183} INFO - Processing /opt/airflow/dags/netflix_dag.py took 0.252 seconds
[2026-09-09T07:26:47.965+0000] {processor.py:161} INFO - Started process (PID=3749) to work on /opt/airflow/dags/netflix_dag.py
[2026-09-09T07:26:47.968+0000] {processor.py:830} INFO - Processing file /opt/airflow/dags/netflix_dag.py for tasks to queue
[2026-09-09T07:26:47.972+0000] {logging_mixin.py:188} INFO - [2026-09-09T07:26:47.972+0000] {dagbag.py:545} INFO - Filling up the DagBag from /opt/airflow/dags/netflix_dag.py
[2026-09-09T07:26:48.024+0000] {processor.py:840} INFO - DAG(s) 'netflix_etl_pipeline' retrieved from /opt/airflow/dags/netflix_dag.py
[2026-09-09T07:26:48.104+0000] {logging_mixin.py:188} INFO - [2026-09-09T07:26:48.104+0000] {dag.py:3089} INFO - Sync 1 DAGs
[2026-09-09T07:26:48.152+0000] {logging_mixin.py:188} INFO - [2026-09-09T07:26:48.152+0000] {dag.py:3947} INFO - Setting next_dagrun for netflix_etl_pipeline to 2026-09-08 00:00:00+00:00, run_after=2026-09-09 00:00:00+00:00
[2026-09-09T07:26:48.194+0000] {processor.py:183} INFO - Processing /opt/airflow/dags/netflix_dag.py took 0.242 seconds
[2026-09-09T07:27:18.608+0000] {processor.py:161} INFO - Started process (PID=3760) to work on /opt/airflow/dags/netflix_dag.py
[2026-09-09T07:27:18.611+0000] {processor.py:830} INFO - Processing file /opt/airflow/dags/netflix_dag.py for tasks to queue
[2026-09-09T07:27:18.616+0000] {logging_mixin.py:188} INFO - [2026-09-09T07:27:18.615+0000] {dagbag.py:545} INFO - Filling up the DagBag from /opt/airflow/dags/netflix_dag.py
[2026-09-09T07:27:18.669+0000] {processor.py:840} INFO - DAG(s) 'netflix_etl_pipeline' retrieved from /opt/airflow/dags/netflix_dag.py
[2026-09-09T07:27:18.744+0000] {logging_mixin.py:188} INFO - [2026-09-09T07:27:18.743+0000] {dag.py:3089} INFO - Sync 1 DAGs
[2026-09-09T07:27:18.794+0000] {logging_mixin.py:188} INFO - [2026-09-09T07:27:18.793+0000] {dag.py:3947} INFO - Setting next_dagrun for netflix_etl_pipeline to 2026-09-08 00:00:00+00:00, run_after=2026-09-09 00:00:00+00:00
[2026-09-09T07:27:18.841+0000] {processor.py:183} INFO - Processing /opt/airflow/dags/netflix_dag.py took 0.247 seconds
[2026-09-09T07:27:49.042+0000] {processor.py:161} INFO - Started process (PID=3771) to work on /opt/airflow/dags/netflix_dag.py
[2026-09-09T07:27:49.046+0000] {processor.py:830} INFO - Processing file /opt/airflow/dags/netflix_dag.py for tasks to queue
[2026-09-09T07:27:49.051+0000] {logging_mixin.py:188} INFO - [2026-09-09T07:27:49.050+0000] {dagbag.py:545} INFO - Filling up the DagBag from /opt/airflow/dags/netflix_dag.py
[2026-09-09T07:27:49.104+0000] {processor.py:840} INFO - DAG(s) 'netflix_etl_pipeline' retrieved from /opt/airflow/dags/netflix_dag.py
[2026-09-09T07:27:49.190+0000] {logging_mixin.py:188} INFO - [2026-09-09T07:27:49.190+0000] {dag.py:3089} INFO - Sync 1 DAGs
[2026-09-09T07:27:49.251+0000] {logging_mixin.py:188} INFO - [2026-09-09T07:27:49.250+0000] {dag.py:3947} INFO - Setting next_dagrun for netflix_etl_pipeline to 2026-09-08 00:00:00+00:00, run_after=2026-09-09 00:00:00+00:00
[2026-09-09T07:27:49.296+0000] {processor.py:183} INFO - Processing /opt/airflow/dags/netflix_dag.py took 0.270 seconds
[2026-09-09T07:28:19.821+0000] {processor.py:161} INFO - Started process (PID=3782) to work on /opt/airflow/dags/netflix_dag.py
[2026-09-09T07:28:19.824+0000] {processor.py:830} INFO - Processing file /opt/airflow/dags/netflix_dag.py for tasks to queue
[2026-09-09T07:28:19.830+0000] {logging_mixin.py:188} INFO - [2026-09-09T07:28:19.829+0000] {dagbag.py:545} INFO - Filling up the DagBag from /opt/airflow/dags/netflix_dag.py
[2026-09-09T07:28:19.880+0000] {processor.py:840} INFO - DAG(s) 'netflix_etl_pipeline' retrieved from /opt/airflow/dags/netflix_dag.py
[2026-09-09T07:28:19.951+0000] {logging_mixin.py:188} INFO - [2026-09-09T07:28:19.950+0000] {dag.py:3089} INFO - Sync 1 DAGs
[2026-09-09T07:28:19.998+0000] {logging_mixin.py:188} INFO - [2026-09-09T07:28:19.998+0000] {dag.py:3947} INFO - Setting next_dagrun for netflix_etl_pipeline to 2026-09-08 00:00:00+00:00, run_after=2026-09-09 00:00:00+00:00
[2026-09-09T07:28:20.042+0000] {processor.py:183} INFO - Processing /opt/airflow/dags/netflix_dag.py took 0.235 seconds
[2026-09-09T07:28:50.303+0000] {processor.py:161} INFO - Started process (PID=3793) to work on /opt/airflow/dags/netflix_dag.py
[2026-09-09T07:28:50.306+0000] {processor.py:830} INFO - Processing file /opt/airflow/dags/netflix_dag.py for tasks to queue
[2026-09-09T07:28:50.312+0000] {logging_mixin.py:188} INFO - [2026-09-09T07:28:50.311+0000] {dagbag.py:545} INFO - Filling up the DagBag from /opt/airflow/dags/netflix_dag.py
[2026-09-09T07:28:50.363+0000] {processor.py:840} INFO - DAG(s) 'netflix_etl_pipeline' retrieved from /opt/airflow/dags/netflix_dag.py
[2026-09-09T07:28:50.439+0000] {logging_mixin.py:188} INFO - [2026-09-09T07:28:50.439+0000] {dag.py:3089} INFO - Sync 1 DAGs
[2026-09-09T07:28:50.487+0000] {logging_mixin.py:188} INFO - [2026-09-09T07:28:50.486+0000] {dag.py:3947} INFO - Setting next_dagrun for netflix_etl_pipeline to 2026-09-08 00:00:00+00:00, run_after=2026-09-09 00:00:00+00:00
[2026-09-09T07:28:50.531+0000] {processor.py:183} INFO - Processing /opt/airflow/dags/netflix_dag.py took 0.244 seconds
[2026-09-09T07:29:21.022+0000] {processor.py:161} INFO - Started process (PID=3805) to work on /opt/airflow/dags/netflix_dag.py
[2026-09-09T07:29:21.025+0000] {processor.py:830} INFO - Processing file /opt/airflow/dags/netflix_dag.py for tasks to queue
[2026-09-09T07:29:21.030+0000] {logging_mixin.py:188} INFO - [2026-09-09T07:29:21.029+0000] {dagbag.py:545} INFO - Filling up the DagBag from /opt/airflow/dags/netflix_dag.py
[2026-09-09T07:29:21.081+0000] {processor.py:840} INFO - DAG(s) 'netflix_etl_pipeline' retrieved from /opt/airflow/dags/netflix_dag.py
[2026-09-09T07:29:21.152+0000] {logging_mixin.py:188} INFO - [2026-09-09T07:29:21.152+0000] {dag.py:3089} INFO - Sync 1 DAGs
[2026-09-09T07:29:21.199+0000] {logging_mixin.py:188} INFO - [2026-09-09T07:29:21.198+0000] {dag.py:3947} INFO - Setting next_dagrun for netflix_etl_pipeline to 2026-09-08 00:00:00+00:00, run_after=2026-09-09 00:00:00+00:00
[2026-09-09T07:29:21.241+0000] {processor.py:183} INFO - Processing /opt/airflow/dags/netflix_dag.py took 0.233 seconds
[2026-09-09T07:29:51.525+0000] {processor.py:161} INFO - Started process (PID=3816) to work on /opt/airflow/dags/netflix_dag.py
[2026-09-09T07:29:51.528+0000] {processor.py:830} INFO - Processing file /opt/airflow/dags/netflix_dag.py for tasks to queue
[2026-09-09T07:29:51.533+0000] {logging_mixin.py:188} INFO - [2026-09-09T07:29:51.533+0000] {dagbag.py:545} INFO - Filling up the DagBag from /opt/airflow/dags/netflix_dag.py
[2026-09-09T07:29:51.584+0000] {processor.py:840} INFO - DAG(s) 'netflix_etl_pipeline' retrieved from /opt/airflow/dags/netflix_dag.py
[2026-09-09T07:29:51.659+0000] {logging_mixin.py:188} INFO - [2026-09-09T07:29:51.658+0000] {dag.py:3089} INFO - Sync 1 DAGs
[2026-09-09T07:29:51.710+0000] {logging_mixin.py:188} INFO - [2026-09-09T07:29:51.710+0000] {dag.py:3947} INFO - Setting next_dagrun for netflix_etl_pipeline to 2026-09-08 00:00:00+00:00, run_after=2026-09-09 00:00:00+00:00
[2026-09-09T07:29:51.752+0000] {processor.py:183} INFO - Processing /opt/airflow/dags/netflix_dag.py took 0.247 seconds
[2026-09-09T07:30:22.333+0000] {processor.py:161} INFO - Started process (PID=3828) to work on /opt/airflow/dags/netflix_dag.py
[2026-09-09T07:30:22.337+0000] {processor.py:830} INFO - Processing file /opt/airflow/dags/netflix_dag.py for tasks to queue
[2026-09-09T07:30:22.341+0000] {logging_mixin.py:188} INFO - [2026-09-09T07:30:22.341+0000] {dagbag.py:545} INFO - Filling up the DagBag from /opt/airflow/dags/netflix_dag.py
[2026-09-09T07:30:22.393+0000] {processor.py:840} INFO - DAG(s) 'netflix_etl_pipeline' retrieved from /opt/airflow/dags/netflix_dag.py
[2026-09-09T07:30:22.466+0000] {logging_mixin.py:188} INFO - [2026-09-09T07:30:22.466+0000] {dag.py:3089} INFO - Sync 1 DAGs
[2026-09-09T07:30:22.513+0000] {logging_mixin.py:188} INFO - [2026-09-09T07:30:22.513+0000] {dag.py:3947} INFO - Setting next_dagrun for netflix_etl_pipeline to 2026-09-08 00:00:00+00:00, run_after=2026-09-09 00:00:00+00:00
[2026-09-09T07:30:22.554+0000] {processor.py:183} INFO - Processing /opt/airflow/dags/netflix_dag.py took 0.235 seconds
[2026-09-09T07:30:52.814+0000] {processor.py:161} INFO - Started process (PID=3839) to work on /opt/airflow/dags/netflix_dag.py
[2026-09-09T07:30:52.817+0000] {processor.py:830} INFO - Processing file /opt/airflow/dags/netflix_dag.py for tasks to queue
[2026-09-09T07:30:52.824+0000] {logging_mixin.py:188} INFO - [2026-09-09T07:30:52.823+0000] {dagbag.py:545} INFO - Filling up the DagBag from /opt/airflow/dags/netflix_dag.py
[2026-09-09T07:30:52.875+0000] {processor.py:840} INFO - DAG(s) 'netflix_etl_pipeline' retrieved from /opt/airflow/dags/netflix_dag.py
[2026-09-09T07:30:52.951+0000] {logging_mixin.py:188} INFO - [2026-09-09T07:30:52.950+0000] {dag.py:3089} INFO - Sync 1 DAGs
[2026-09-09T07:30:53.000+0000] {logging_mixin.py:188} INFO - [2026-09-09T07:30:52.999+0000] {dag.py:3947} INFO - Setting next_dagrun for netflix_etl_pipeline to 2026-09-08 00:00:00+00:00, run_after=2026-09-09 00:00:00+00:00
[2026-09-09T07:30:53.039+0000] {processor.py:183} INFO - Processing /opt/airflow/dags/netflix_dag.py took 0.241 seconds
[2026-09-09T07:31:23.504+0000] {processor.py:161} INFO - Started process (PID=3850) to work on /opt/airflow/dags/netflix_dag.py
[2026-09-09T07:31:23.507+0000] {processor.py:830} INFO - Processing file /opt/airflow/dags/netflix_dag.py for tasks to queue
[2026-09-09T07:31:23.514+0000] {logging_mixin.py:188} INFO - [2026-09-09T07:31:23.513+0000] {dagbag.py:545} INFO - Filling up the DagBag from /opt/airflow/dags/netflix_dag.py
[2026-09-09T07:31:23.570+0000] {processor.py:840} INFO - DAG(s) 'netflix_etl_pipeline' retrieved from /opt/airflow/dags/netflix_dag.py
[2026-09-09T07:31:23.652+0000] {logging_mixin.py:188} INFO - [2026-09-09T07:31:23.651+0000] {dag.py:3089} INFO - Sync 1 DAGs
[2026-09-09T07:31:23.701+0000] {logging_mixin.py:188} INFO - [2026-09-09T07:31:23.700+0000] {dag.py:3947} INFO - Setting next_dagrun for netflix_etl_pipeline to 2026-09-08 00:00:00+00:00, run_after=2026-09-09 00:00:00+00:00
[2026-09-09T07:31:23.741+0000] {processor.py:183} INFO - Processing /opt/airflow/dags/netflix_dag.py took 0.256 seconds
[2026-09-09T07:31:53.995+0000] {processor.py:161} INFO - Started process (PID=3868) to work on /opt/airflow/dags/netflix_dag.py
[2026-09-09T07:31:53.998+0000] {processor.py:830} INFO - Processing file /opt/airflow/dags/netflix_dag.py for tasks to queue
[2026-09-09T07:31:54.005+0000] {logging_mixin.py:188} INFO - [2026-09-09T07:31:54.004+0000] {dagbag.py:545} INFO - Filling up the DagBag from /opt/airflow/dags/netflix_dag.py
[2026-09-09T07:31:54.057+0000] {processor.py:840} INFO - DAG(s) 'netflix_etl_pipeline' retrieved from /opt/airflow/dags/netflix_dag.py
[2026-09-09T07:31:54.129+0000] {logging_mixin.py:188} INFO - [2026-09-09T07:31:54.129+0000] {dag.py:3089} INFO - Sync 1 DAGs
[2026-09-09T07:31:54.180+0000] {logging_mixin.py:188} INFO - [2026-09-09T07:31:54.180+0000] {dag.py:3947} INFO - Setting next_dagrun for netflix_etl_pipeline to 2026-09-08 00:00:00+00:00, run_after=2026-09-09 00:00:00+00:00
[2026-09-09T07:31:54.220+0000] {processor.py:183} INFO - Processing /opt/airflow/dags/netflix_dag.py took 0.241 seconds
[2026-09-09T07:32:24.668+0000] {processor.py:161} INFO - Started process (PID=3879) to work on /opt/airflow/dags/netflix_dag.py
[2026-09-09T07:32:24.671+0000] {processor.py:830} INFO - Processing file /opt/airflow/dags/netflix_dag.py for tasks to queue
[2026-09-09T07:32:24.676+0000] {logging_mixin.py:188} INFO - [2026-09-09T07:32:24.676+0000] {dagbag.py:545} INFO - Filling up the DagBag from /opt/airflow/dags/netflix_dag.py
[2026-09-09T07:32:24.726+0000] {processor.py:840} INFO - DAG(s) 'netflix_etl_pipeline' retrieved from /opt/airflow/dags/netflix_dag.py
[2026-09-09T07:32:24.800+0000] {logging_mixin.py:188} INFO - [2026-09-09T07:32:24.799+0000] {dag.py:3089} INFO - Sync 1 DAGs
[2026-09-09T07:32:24.848+0000] {logging_mixin.py:188} INFO - [2026-09-09T07:32:24.848+0000] {dag.py:3947} INFO - Setting next_dagrun for netflix_etl_pipeline to 2026-09-08 00:00:00+00:00, run_after=2026-09-09 00:00:00+00:00
[2026-09-09T07:32:24.890+0000] {processor.py:183} INFO - Processing /opt/airflow/dags/netflix_dag.py took 0.237 seconds
[2026-09-09T07:32:55.135+0000] {processor.py:161} INFO - Started process (PID=3890) to work on /opt/airflow/dags/netflix_dag.py
[2026-09-09T07:32:55.138+0000] {processor.py:830} INFO - Processing file /opt/airflow/dags/netflix_dag.py for tasks to queue
[2026-09-09T07:32:55.144+0000] {logging_mixin.py:188} INFO - [2026-09-09T07:32:55.143+0000] {dagbag.py:545} INFO - Filling up the DagBag from /opt/airflow/dags/netflix_dag.py
[2026-09-09T07:32:55.196+0000] {processor.py:840} INFO - DAG(s) 'netflix_etl_pipeline' retrieved from /opt/airflow/dags/netflix_dag.py
[2026-09-09T07:32:55.282+0000] {logging_mixin.py:188} INFO - [2026-09-09T07:32:55.282+0000] {dag.py:3089} INFO - Sync 1 DAGs
[2026-09-09T07:32:55.330+0000] {logging_mixin.py:188} INFO - [2026-09-09T07:32:55.330+0000] {dag.py:3947} INFO - Setting next_dagrun for netflix_etl_pipeline to 2026-09-08 00:00:00+00:00, run_after=2026-09-09 00:00:00+00:00
[2026-09-09T07:32:55.373+0000] {processor.py:183} INFO - Processing /opt/airflow/dags/netflix_dag.py took 0.263 seconds
[2026-09-09T07:33:25.933+0000] {processor.py:161} INFO - Started process (PID=3901) to work on /opt/airflow/dags/netflix_dag.py
[2026-09-09T07:33:25.937+0000] {processor.py:830} INFO - Processing file /opt/airflow/dags/netflix_dag.py for tasks to queue
[2026-09-09T07:33:25.942+0000] {logging_mixin.py:188} INFO - [2026-09-09T07:33:25.941+0000] {dagbag.py:545} INFO - Filling up the DagBag from /opt/airflow/dags/netflix_dag.py
[2026-09-09T07:33:26.010+0000] {processor.py:840} INFO - DAG(s) 'netflix_etl_pipeline' retrieved from /opt/airflow/dags/netflix_dag.py
[2026-09-09T07:33:26.186+0000] {logging_mixin.py:188} INFO - [2026-09-09T07:33:26.185+0000] {dag.py:3089} INFO - Sync 1 DAGs
[2026-09-09T07:33:26.312+0000] {logging_mixin.py:188} INFO - [2026-09-09T07:33:26.311+0000] {dag.py:3947} INFO - Setting next_dagrun for netflix_etl_pipeline to 2026-09-08 00:00:00+00:00, run_after=2026-09-09 00:00:00+00:00
[2026-09-09T07:33:26.381+0000] {processor.py:183} INFO - Processing /opt/airflow/dags/netflix_dag.py took 0.472 seconds
[2026-09-09T07:33:56.952+0000] {processor.py:161} INFO - Started process (PID=3912) to work on /opt/airflow/dags/netflix_dag.py
[2026-09-09T07:33:56.955+0000] {processor.py:830} INFO - Processing file /opt/airflow/dags/netflix_dag.py for tasks to queue
[2026-09-09T07:33:56.961+0000] {logging_mixin.py:188} INFO - [2026-09-09T07:33:56.960+0000] {dagbag.py:545} INFO - Filling up the DagBag from /opt/airflow/dags/netflix_dag.py
[2026-09-09T07:33:57.011+0000] {processor.py:840} INFO - DAG(s) 'netflix_etl_pipeline' retrieved from /opt/airflow/dags/netflix_dag.py
[2026-09-09T07:33:57.083+0000] {logging_mixin.py:188} INFO - [2026-09-09T07:33:57.083+0000] {dag.py:3089} INFO - Sync 1 DAGs
[2026-09-09T07:33:57.133+0000] {logging_mixin.py:188} INFO - [2026-09-09T07:33:57.133+0000] {dag.py:3947} INFO - Setting next_dagrun for netflix_etl_pipeline to 2026-09-08 00:00:00+00:00, run_after=2026-09-09 00:00:00+00:00
[2026-09-09T07:33:57.180+0000] {processor.py:183} INFO - Processing /opt/airflow/dags/netflix_dag.py took 0.243 seconds
[2026-09-09T07:34:27.379+0000] {processor.py:161} INFO - Started process (PID=3923) to work on /opt/airflow/dags/netflix_dag.py
[2026-09-09T07:34:27.381+0000] {processor.py:830} INFO - Processing file /opt/airflow/dags/netflix_dag.py for tasks to queue
[2026-09-09T07:34:27.386+0000] {logging_mixin.py:188} INFO - [2026-09-09T07:34:27.385+0000] {dagbag.py:545} INFO - Filling up the DagBag from /opt/airflow/dags/netflix_dag.py
[2026-09-09T07:34:27.438+0000] {processor.py:840} INFO - DAG(s) 'netflix_etl_pipeline' retrieved from /opt/airflow/dags/netflix_dag.py
[2026-09-09T07:34:27.518+0000] {logging_mixin.py:188} INFO - [2026-09-09T07:34:27.517+0000] {dag.py:3089} INFO - Sync 1 DAGs
[2026-09-09T07:34:27.565+0000] {logging_mixin.py:188} INFO - [2026-09-09T07:34:27.565+0000] {dag.py:3947} INFO - Setting next_dagrun for netflix_etl_pipeline to 2026-09-08 00:00:00+00:00, run_after=2026-09-09 00:00:00+00:00
[2026-09-09T07:34:27.610+0000] {processor.py:183} INFO - Processing /opt/airflow/dags/netflix_dag.py took 0.244 seconds
[2026-09-09T07:34:58.144+0000] {processor.py:161} INFO - Started process (PID=3934) to work on /opt/airflow/dags/netflix_dag.py
[2026-09-09T07:34:58.147+0000] {processor.py:830} INFO - Processing file /opt/airflow/dags/netflix_dag.py for tasks to queue
[2026-09-09T07:34:58.152+0000] {logging_mixin.py:188} INFO - [2026-09-09T07:34:58.152+0000] {dagbag.py:545} INFO - Filling up the DagBag from /opt/airflow/dags/netflix_dag.py
[2026-09-09T07:34:58.204+0000] {processor.py:840} INFO - DAG(s) 'netflix_etl_pipeline' retrieved from /opt/airflow/dags/netflix_dag.py
[2026-09-09T07:34:58.278+0000] {logging_mixin.py:188} INFO - [2026-09-09T07:34:58.278+0000] {dag.py:3089} INFO - Sync 1 DAGs
[2026-09-09T07:34:58.328+0000] {logging_mixin.py:188} INFO - [2026-09-09T07:34:58.328+0000] {dag.py:3947} INFO - Setting next_dagrun for netflix_etl_pipeline to 2026-09-08 00:00:00+00:00, run_after=2026-09-09 00:00:00+00:00
[2026-09-09T07:34:58.370+0000] {processor.py:183} INFO - Processing /opt/airflow/dags/netflix_dag.py took 0.241 seconds
[2026-09-09T07:35:28.717+0000] {processor.py:161} INFO - Started process (PID=3945) to work on /opt/airflow/dags/netflix_dag.py
[2026-09-09T07:35:28.721+0000] {processor.py:830} INFO - Processing file /opt/airflow/dags/netflix_dag.py for tasks to queue
[2026-09-09T07:35:28.726+0000] {logging_mixin.py:188} INFO - [2026-09-09T07:35:28.725+0000] {dagbag.py:545} INFO - Filling up the DagBag from /opt/airflow/dags/netflix_dag.py
[2026-09-09T07:35:28.777+0000] {processor.py:840} INFO - DAG(s) 'netflix_etl_pipeline' retrieved from /opt/airflow/dags/netflix_dag.py
[2026-09-09T07:35:28.846+0000] {logging_mixin.py:188} INFO - [2026-09-09T07:35:28.846+0000] {dag.py:3089} INFO - Sync 1 DAGs
[2026-09-09T07:35:28.893+0000] {logging_mixin.py:188} INFO - [2026-09-09T07:35:28.893+0000] {dag.py:3947} INFO - Setting next_dagrun for netflix_etl_pipeline to 2026-09-08 00:00:00+00:00, run_after=2026-09-09 00:00:00+00:00
[2026-09-09T07:35:28.931+0000] {processor.py:183} INFO - Processing /opt/airflow/dags/netflix_dag.py took 0.231 seconds
[2026-09-09T07:35:59.345+0000] {processor.py:161} INFO - Started process (PID=3956) to work on /opt/airflow/dags/netflix_dag.py
[2026-09-09T07:35:59.349+0000] {processor.py:830} INFO - Processing file /opt/airflow/dags/netflix_dag.py for tasks to queue
[2026-09-09T07:35:59.354+0000] {logging_mixin.py:188} INFO - [2026-09-09T07:35:59.353+0000] {dagbag.py:545} INFO - Filling up the DagBag from /opt/airflow/dags/netflix_dag.py
[2026-09-09T07:35:59.411+0000] {processor.py:840} INFO - DAG(s) 'netflix_etl_pipeline' retrieved from /opt/airflow/dags/netflix_dag.py
[2026-09-09T07:35:59.494+0000] {logging_mixin.py:188} INFO - [2026-09-09T07:35:59.494+0000] {dag.py:3089} INFO - Sync 1 DAGs
[2026-09-09T07:35:59.546+0000] {logging_mixin.py:188} INFO - [2026-09-09T07:35:59.545+0000] {dag.py:3947} INFO - Setting next_dagrun for netflix_etl_pipeline to 2026-09-08 00:00:00+00:00, run_after=2026-09-09 00:00:00+00:00
[2026-09-09T07:35:59.589+0000] {processor.py:183} INFO - Processing /opt/airflow/dags/netflix_dag.py took 0.262 seconds
[2026-09-09T07:36:29.910+0000] {processor.py:161} INFO - Started process (PID=3967) to work on /opt/airflow/dags/netflix_dag.py
[2026-09-09T07:36:29.913+0000] {processor.py:830} INFO - Processing file /opt/airflow/dags/netflix_dag.py for tasks to queue
[2026-09-09T07:36:29.919+0000] {logging_mixin.py:188} INFO - [2026-09-09T07:36:29.918+0000] {dagbag.py:545} INFO - Filling up the DagBag from /opt/airflow/dags/netflix_dag.py
[2026-09-09T07:36:29.970+0000] {processor.py:840} INFO - DAG(s) 'netflix_etl_pipeline' retrieved from /opt/airflow/dags/netflix_dag.py
[2026-09-09T07:36:30.045+0000] {logging_mixin.py:188} INFO - [2026-09-09T07:36:30.044+0000] {dag.py:3089} INFO - Sync 1 DAGs
[2026-09-09T07:36:30.093+0000] {logging_mixin.py:188} INFO - [2026-09-09T07:36:30.092+0000] {dag.py:3947} INFO - Setting next_dagrun for netflix_etl_pipeline to 2026-09-08 00:00:00+00:00, run_after=2026-09-09 00:00:00+00:00
[2026-09-09T07:36:30.139+0000] {processor.py:183} INFO - Processing /opt/airflow/dags/netflix_dag.py took 0.249 seconds
[2026-09-09T07:37:00.398+0000] {processor.py:161} INFO - Started process (PID=3978) to work on /opt/airflow/dags/netflix_dag.py
[2026-09-09T07:37:00.401+0000] {processor.py:830} INFO - Processing file /opt/airflow/dags/netflix_dag.py for tasks to queue
[2026-09-09T07:37:00.407+0000] {logging_mixin.py:188} INFO - [2026-09-09T07:37:00.406+0000] {dagbag.py:545} INFO - Filling up the DagBag from /opt/airflow/dags/netflix_dag.py
[2026-09-09T07:37:00.460+0000] {processor.py:840} INFO - DAG(s) 'netflix_etl_pipeline' retrieved from /opt/airflow/dags/netflix_dag.py
[2026-09-09T07:37:00.534+0000] {logging_mixin.py:188} INFO - [2026-09-09T07:37:00.533+0000] {dag.py:3089} INFO - Sync 1 DAGs
[2026-09-09T07:37:00.593+0000] {logging_mixin.py:188} INFO - [2026-09-09T07:37:00.593+0000] {dag.py:3947} INFO - Setting next_dagrun for netflix_etl_pipeline to 2026-09-08 00:00:00+00:00, run_after=2026-09-09 00:00:00+00:00
[2026-09-09T07:37:00.639+0000] {processor.py:183} INFO - Processing /opt/airflow/dags/netflix_dag.py took 0.256 seconds
[2026-09-09T07:37:30.898+0000] {processor.py:161} INFO - Started process (PID=3989) to work on /opt/airflow/dags/netflix_dag.py
[2026-09-09T07:37:30.902+0000] {processor.py:830} INFO - Processing file /opt/airflow/dags/netflix_dag.py for tasks to queue
[2026-09-09T07:37:30.907+0000] {logging_mixin.py:188} INFO - [2026-09-09T07:37:30.906+0000] {dagbag.py:545} INFO - Filling up the DagBag from /opt/airflow/dags/netflix_dag.py
[2026-09-09T07:37:30.960+0000] {processor.py:840} INFO - DAG(s) 'netflix_etl_pipeline' retrieved from /opt/airflow/dags/netflix_dag.py
[2026-09-09T07:37:31.034+0000] {logging_mixin.py:188} INFO - [2026-09-09T07:37:31.034+0000] {dag.py:3089} INFO - Sync 1 DAGs
[2026-09-09T07:37:31.083+0000] {logging_mixin.py:188} INFO - [2026-09-09T07:37:31.082+0000] {dag.py:3947} INFO - Setting next_dagrun for netflix_etl_pipeline to 2026-09-08 00:00:00+00:00, run_after=2026-09-09 00:00:00+00:00
[2026-09-09T07:37:31.127+0000] {processor.py:183} INFO - Processing /opt/airflow/dags/netflix_dag.py took 0.244 seconds
[2026-09-09T07:38:01.486+0000] {processor.py:161} INFO - Started process (PID=4000) to work on /opt/airflow/dags/netflix_dag.py
[2026-09-09T07:38:01.489+0000] {processor.py:830} INFO - Processing file /opt/airflow/dags/netflix_dag.py for tasks to queue
[2026-09-09T07:38:01.495+0000] {logging_mixin.py:188} INFO - [2026-09-09T07:38:01.494+0000] {dagbag.py:545} INFO - Filling up the DagBag from /opt/airflow/dags/netflix_dag.py
[2026-09-09T07:38:01.550+0000] {processor.py:840} INFO - DAG(s) 'netflix_etl_pipeline' retrieved from /opt/airflow/dags/netflix_dag.py
[2026-09-09T07:38:01.622+0000] {logging_mixin.py:188} INFO - [2026-09-09T07:38:01.622+0000] {dag.py:3089} INFO - Sync 1 DAGs
[2026-09-09T07:38:01.670+0000] {logging_mixin.py:188} INFO - [2026-09-09T07:38:01.670+0000] {dag.py:3947} INFO - Setting next_dagrun for netflix_etl_pipeline to 2026-09-08 00:00:00+00:00, run_after=2026-09-09 00:00:00+00:00
[2026-09-09T07:38:01.710+0000] {processor.py:183} INFO - Processing /opt/airflow/dags/netflix_dag.py took 0.239 seconds
[2026-09-09T07:38:32.045+0000] {processor.py:161} INFO - Started process (PID=4011) to work on /opt/airflow/dags/netflix_dag.py
[2026-09-09T07:38:32.048+0000] {processor.py:830} INFO - Processing file /opt/airflow/dags/netflix_dag.py for tasks to queue
[2026-09-09T07:38:32.054+0000] {logging_mixin.py:188} INFO - [2026-09-09T07:38:32.053+0000] {dagbag.py:545} INFO - Filling up the DagBag from /opt/airflow/dags/netflix_dag.py
[2026-09-09T07:38:32.104+0000] {processor.py:840} INFO - DAG(s) 'netflix_etl_pipeline' retrieved from /opt/airflow/dags/netflix_dag.py
[2026-09-09T07:38:32.178+0000] {logging_mixin.py:188} INFO - [2026-09-09T07:38:32.177+0000] {dag.py:3089} INFO - Sync 1 DAGs
[2026-09-09T07:38:32.229+0000] {logging_mixin.py:188} INFO - [2026-09-09T07:38:32.228+0000] {dag.py:3947} INFO - Setting next_dagrun for netflix_etl_pipeline to 2026-09-08 00:00:00+00:00, run_after=2026-09-09 00:00:00+00:00
[2026-09-09T07:38:32.272+0000] {processor.py:183} INFO - Processing /opt/airflow/dags/netflix_dag.py took 0.242 seconds
[2026-09-09T07:39:02.647+0000] {processor.py:161} INFO - Started process (PID=4022) to work on /opt/airflow/dags/netflix_dag.py
[2026-09-09T07:39:02.650+0000] {processor.py:830} INFO - Processing file /opt/airflow/dags/netflix_dag.py for tasks to queue
[2026-09-09T07:39:02.655+0000] {logging_mixin.py:188} INFO - [2026-09-09T07:39:02.655+0000] {dagbag.py:545} INFO - Filling up the DagBag from /opt/airflow/dags/netflix_dag.py
[2026-09-09T07:39:02.708+0000] {processor.py:840} INFO - DAG(s) 'netflix_etl_pipeline' retrieved from /opt/airflow/dags/netflix_dag.py
[2026-09-09T07:39:02.781+0000] {logging_mixin.py:188} INFO - [2026-09-09T07:39:02.780+0000] {dag.py:3089} INFO - Sync 1 DAGs
[2026-09-09T07:39:02.828+0000] {logging_mixin.py:188} INFO - [2026-09-09T07:39:02.827+0000] {dag.py:3947} INFO - Setting next_dagrun for netflix_etl_pipeline to 2026-09-08 00:00:00+00:00, run_after=2026-09-09 00:00:00+00:00
[2026-09-09T07:39:02.870+0000] {processor.py:183} INFO - Processing /opt/airflow/dags/netflix_dag.py took 0.240 seconds
[2026-09-09T07:39:33.143+0000] {processor.py:161} INFO - Started process (PID=4033) to work on /opt/airflow/dags/netflix_dag.py
[2026-09-09T07:39:33.146+0000] {processor.py:830} INFO - Processing file /opt/airflow/dags/netflix_dag.py for tasks to queue
[2026-09-09T07:39:33.151+0000] {logging_mixin.py:188} INFO - [2026-09-09T07:39:33.150+0000] {dagbag.py:545} INFO - Filling up the DagBag from /opt/airflow/dags/netflix_dag.py
[2026-09-09T07:39:33.201+0000] {processor.py:840} INFO - DAG(s) 'netflix_etl_pipeline' retrieved from /opt/airflow/dags/netflix_dag.py
[2026-09-09T07:39:33.275+0000] {logging_mixin.py:188} INFO - [2026-09-09T07:39:33.275+0000] {dag.py:3089} INFO - Sync 1 DAGs
[2026-09-09T07:39:33.327+0000] {logging_mixin.py:188} INFO - [2026-09-09T07:39:33.326+0000] {dag.py:3947} INFO - Setting next_dagrun for netflix_etl_pipeline to 2026-09-08 00:00:00+00:00, run_after=2026-09-09 00:00:00+00:00
[2026-09-09T07:39:33.369+0000] {processor.py:183} INFO - Processing /opt/airflow/dags/netflix_dag.py took 0.238 seconds
[2026-09-09T07:40:03.919+0000] {processor.py:161} INFO - Started process (PID=4044) to work on /opt/airflow/dags/netflix_dag.py
[2026-09-09T07:40:03.922+0000] {processor.py:830} INFO - Processing file /opt/airflow/dags/netflix_dag.py for tasks to queue
[2026-09-09T07:40:03.927+0000] {logging_mixin.py:188} INFO - [2026-09-09T07:40:03.926+0000] {dagbag.py:545} INFO - Filling up the DagBag from /opt/airflow/dags/netflix_dag.py
[2026-09-09T07:40:03.979+0000] {processor.py:840} INFO - DAG(s) 'netflix_etl_pipeline' retrieved from /opt/airflow/dags/netflix_dag.py
[2026-09-09T07:40:04.055+0000] {logging_mixin.py:188} INFO - [2026-09-09T07:40:04.054+0000] {dag.py:3089} INFO - Sync 1 DAGs
[2026-09-09T07:40:04.119+0000] {logging_mixin.py:188} INFO - [2026-09-09T07:40:04.118+0000] {dag.py:3947} INFO - Setting next_dagrun for netflix_etl_pipeline to 2026-09-08 00:00:00+00:00, run_after=2026-09-09 00:00:00+00:00
[2026-09-09T07:40:04.176+0000] {processor.py:183} INFO - Processing /opt/airflow/dags/netflix_dag.py took 0.272 seconds
[2026-09-09T07:40:34.381+0000] {processor.py:161} INFO - Started process (PID=4055) to work on /opt/airflow/dags/netflix_dag.py
[2026-09-09T07:40:34.384+0000] {processor.py:830} INFO - Processing file /opt/airflow/dags/netflix_dag.py for tasks to queue
[2026-09-09T07:40:34.389+0000] {logging_mixin.py:188} INFO - [2026-09-09T07:40:34.389+0000] {dagbag.py:545} INFO - Filling up the DagBag from /opt/airflow/dags/netflix_dag.py
[2026-09-09T07:40:34.435+0000] {processor.py:840} INFO - DAG(s) 'netflix_etl_pipeline' retrieved from /opt/airflow/dags/netflix_dag.py
[2026-09-09T07:40:34.508+0000] {logging_mixin.py:188} INFO - [2026-09-09T07:40:34.508+0000] {dag.py:3089} INFO - Sync 1 DAGs
[2026-09-09T07:40:34.557+0000] {logging_mixin.py:188} INFO - [2026-09-09T07:40:34.556+0000] {dag.py:3947} INFO - Setting next_dagrun for netflix_etl_pipeline to 2026-09-08 00:00:00+00:00, run_after=2026-09-09 00:00:00+00:00
[2026-09-09T07:40:34.600+0000] {processor.py:183} INFO - Processing /opt/airflow/dags/netflix_dag.py took 0.234 seconds
[2026-09-09T07:41:04.858+0000] {processor.py:161} INFO - Started process (PID=4066) to work on /opt/airflow/dags/netflix_dag.py
[2026-09-09T07:41:04.861+0000] {processor.py:830} INFO - Processing file /opt/airflow/dags/netflix_dag.py for tasks to queue
[2026-09-09T07:41:04.866+0000] {logging_mixin.py:188} INFO - [2026-09-09T07:41:04.865+0000] {dagbag.py:545} INFO - Filling up the DagBag from /opt/airflow/dags/netflix_dag.py
[2026-09-09T07:41:04.916+0000] {processor.py:840} INFO - DAG(s) 'netflix_etl_pipeline' retrieved from /opt/airflow/dags/netflix_dag.py
[2026-09-09T07:41:04.984+0000] {logging_mixin.py:188} INFO - [2026-09-09T07:41:04.984+0000] {dag.py:3089} INFO - Sync 1 DAGs
[2026-09-09T07:41:05.031+0000] {logging_mixin.py:188} INFO - [2026-09-09T07:41:05.030+0000] {dag.py:3947} INFO - Setting next_dagrun for netflix_etl_pipeline to 2026-09-08 00:00:00+00:00, run_after=2026-09-09 00:00:00+00:00
[2026-09-09T07:41:05.073+0000] {processor.py:183} INFO - Processing /opt/airflow/dags/netflix_dag.py took 0.228 seconds
[2026-09-09T07:41:35.609+0000] {processor.py:161} INFO - Started process (PID=4077) to work on /opt/airflow/dags/netflix_dag.py
[2026-09-09T07:41:35.612+0000] {processor.py:830} INFO - Processing file /opt/airflow/dags/netflix_dag.py for tasks to queue
[2026-09-09T07:41:35.618+0000] {logging_mixin.py:188} INFO - [2026-09-09T07:41:35.617+0000] {dagbag.py:545} INFO - Filling up the DagBag from /opt/airflow/dags/netflix_dag.py
[2026-09-09T07:41:35.664+0000] {processor.py:840} INFO - DAG(s) 'netflix_etl_pipeline' retrieved from /opt/airflow/dags/netflix_dag.py
[2026-09-09T07:41:35.734+0000] {logging_mixin.py:188} INFO - [2026-09-09T07:41:35.734+0000] {dag.py:3089} INFO - Sync 1 DAGs
[2026-09-09T07:41:35.782+0000] {logging_mixin.py:188} INFO - [2026-09-09T07:41:35.781+0000] {dag.py:3947} INFO - Setting next_dagrun for netflix_etl_pipeline to 2026-09-08 00:00:00+00:00, run_after=2026-09-09 00:00:00+00:00
[2026-09-09T07:41:35.823+0000] {processor.py:183} INFO - Processing /opt/airflow/dags/netflix_dag.py took 0.228 seconds
[2026-09-09T07:42:06.065+0000] {processor.py:161} INFO - Started process (PID=4088) to work on /opt/airflow/dags/netflix_dag.py
[2026-09-09T07:42:06.068+0000] {processor.py:830} INFO - Processing file /opt/airflow/dags/netflix_dag.py for tasks to queue
[2026-09-09T07:42:06.074+0000] {logging_mixin.py:188} INFO - [2026-09-09T07:42:06.073+0000] {dagbag.py:545} INFO - Filling up the DagBag from /opt/airflow/dags/netflix_dag.py
[2026-09-09T07:42:06.121+0000] {processor.py:840} INFO - DAG(s) 'netflix_etl_pipeline' retrieved from /opt/airflow/dags/netflix_dag.py
[2026-09-09T07:42:06.189+0000] {logging_mixin.py:188} INFO - [2026-09-09T07:42:06.188+0000] {dag.py:3089} INFO - Sync 1 DAGs
[2026-09-09T07:42:06.233+0000] {logging_mixin.py:188} INFO - [2026-09-09T07:42:06.232+0000] {dag.py:3947} INFO - Setting next_dagrun for netflix_etl_pipeline to 2026-09-08 00:00:00+00:00, run_after=2026-09-09 00:00:00+00:00
[2026-09-09T07:42:06.272+0000] {processor.py:183} INFO - Processing /opt/airflow/dags/netflix_dag.py took 0.218 seconds
[2026-09-09T07:42:36.748+0000] {processor.py:161} INFO - Started process (PID=4099) to work on /opt/airflow/dags/netflix_dag.py
[2026-09-09T07:42:36.751+0000] {processor.py:830} INFO - Processing file /opt/airflow/dags/netflix_dag.py for tasks to queue
[2026-09-09T07:42:36.757+0000] {logging_mixin.py:188} INFO - [2026-09-09T07:42:36.756+0000] {dagbag.py:545} INFO - Filling up the DagBag from /opt/airflow/dags/netflix_dag.py
[2026-09-09T07:42:36.802+0000] {processor.py:840} INFO - DAG(s) 'netflix_etl_pipeline' retrieved from /opt/airflow/dags/netflix_dag.py
[2026-09-09T07:42:36.868+0000] {logging_mixin.py:188} INFO - [2026-09-09T07:42:36.867+0000] {dag.py:3089} INFO - Sync 1 DAGs
[2026-09-09T07:42:36.911+0000] {logging_mixin.py:188} INFO - [2026-09-09T07:42:36.910+0000] {dag.py:3947} INFO - Setting next_dagrun for netflix_etl_pipeline to 2026-09-08 00:00:00+00:00, run_after=2026-09-09 00:00:00+00:00
[2026-09-09T07:42:36.950+0000] {processor.py:183} INFO - Processing /opt/airflow/dags/netflix_dag.py took 0.214 seconds
[2026-09-09T07:43:07.259+0000] {processor.py:161} INFO - Started process (PID=4110) to work on /opt/airflow/dags/netflix_dag.py
[2026-09-09T07:43:07.262+0000] {processor.py:830} INFO - Processing file /opt/airflow/dags/netflix_dag.py for tasks to queue
[2026-09-09T07:43:07.269+0000] {logging_mixin.py:188} INFO - [2026-09-09T07:43:07.268+0000] {dagbag.py:545} INFO - Filling up the DagBag from /opt/airflow/dags/netflix_dag.py
[2026-09-09T07:43:07.323+0000] {processor.py:840} INFO - DAG(s) 'netflix_etl_pipeline' retrieved from /opt/airflow/dags/netflix_dag.py
[2026-09-09T07:43:07.399+0000] {logging_mixin.py:188} INFO - [2026-09-09T07:43:07.399+0000] {dag.py:3089} INFO - Sync 1 DAGs
[2026-09-09T07:43:07.449+0000] {logging_mixin.py:188} INFO - [2026-09-09T07:43:07.449+0000] {dag.py:3947} INFO - Setting next_dagrun for netflix_etl_pipeline to 2026-09-08 00:00:00+00:00, run_after=2026-09-09 00:00:00+00:00
[2026-09-09T07:43:07.490+0000] {processor.py:183} INFO - Processing /opt/airflow/dags/netflix_dag.py took 0.247 seconds
[2026-09-09T07:43:37.944+0000] {processor.py:161} INFO - Started process (PID=4121) to work on /opt/airflow/dags/netflix_dag.py
[2026-09-09T07:43:37.948+0000] {processor.py:830} INFO - Processing file /opt/airflow/dags/netflix_dag.py for tasks to queue
[2026-09-09T07:43:37.956+0000] {logging_mixin.py:188} INFO - [2026-09-09T07:43:37.955+0000] {dagbag.py:545} INFO - Filling up the DagBag from /opt/airflow/dags/netflix_dag.py
[2026-09-09T07:43:38.032+0000] {processor.py:840} INFO - DAG(s) 'netflix_etl_pipeline' retrieved from /opt/airflow/dags/netflix_dag.py
[2026-09-09T07:43:38.142+0000] {logging_mixin.py:188} INFO - [2026-09-09T07:43:38.142+0000] {dag.py:3089} INFO - Sync 1 DAGs
[2026-09-09T07:43:38.202+0000] {logging_mixin.py:188} INFO - [2026-09-09T07:43:38.202+0000] {dag.py:3947} INFO - Setting next_dagrun for netflix_etl_pipeline to 2026-09-08 00:00:00+00:00, run_after=2026-09-09 00:00:00+00:00
[2026-09-09T07:43:38.260+0000] {processor.py:183} INFO - Processing /opt/airflow/dags/netflix_dag.py took 0.344 seconds
[2026-09-09T07:44:08.447+0000] {processor.py:161} INFO - Started process (PID=4132) to work on /opt/airflow/dags/netflix_dag.py
[2026-09-09T07:44:08.451+0000] {processor.py:830} INFO - Processing file /opt/airflow/dags/netflix_dag.py for tasks to queue
[2026-09-09T07:44:08.458+0000] {logging_mixin.py:188} INFO - [2026-09-09T07:44:08.457+0000] {dagbag.py:545} INFO - Filling up the DagBag from /opt/airflow/dags/netflix_dag.py
[2026-09-09T07:44:08.509+0000] {processor.py:840} INFO - DAG(s) 'netflix_etl_pipeline' retrieved from /opt/airflow/dags/netflix_dag.py
[2026-09-09T07:44:08.587+0000] {logging_mixin.py:188} INFO - [2026-09-09T07:44:08.586+0000] {dag.py:3089} INFO - Sync 1 DAGs
[2026-09-09T07:44:08.641+0000] {logging_mixin.py:188} INFO - [2026-09-09T07:44:08.640+0000] {dag.py:3947} INFO - Setting next_dagrun for netflix_etl_pipeline to 2026-09-08 00:00:00+00:00, run_after=2026-09-09 00:00:00+00:00
[2026-09-09T07:44:08.690+0000] {processor.py:183} INFO - Processing /opt/airflow/dags/netflix_dag.py took 0.258 seconds
[2026-09-09T07:44:39.229+0000] {processor.py:161} INFO - Started process (PID=4143) to work on /opt/airflow/dags/netflix_dag.py
[2026-09-09T07:44:39.234+0000] {processor.py:830} INFO - Processing file /opt/airflow/dags/netflix_dag.py for tasks to queue
[2026-09-09T07:44:39.241+0000] {logging_mixin.py:188} INFO - [2026-09-09T07:44:39.240+0000] {dagbag.py:545} INFO - Filling up the DagBag from /opt/airflow/dags/netflix_dag.py
[2026-09-09T07:44:39.297+0000] {processor.py:840} INFO - DAG(s) 'netflix_etl_pipeline' retrieved from /opt/airflow/dags/netflix_dag.py
[2026-09-09T07:44:39.375+0000] {logging_mixin.py:188} INFO - [2026-09-09T07:44:39.374+0000] {dag.py:3089} INFO - Sync 1 DAGs
[2026-09-09T07:44:39.428+0000] {logging_mixin.py:188} INFO - [2026-09-09T07:44:39.428+0000] {dag.py:3947} INFO - Setting next_dagrun for netflix_etl_pipeline to 2026-09-08 00:00:00+00:00, run_after=2026-09-09 00:00:00+00:00
[2026-09-09T07:44:39.473+0000] {processor.py:183} INFO - Processing /opt/airflow/dags/netflix_dag.py took 0.260 seconds
[2026-09-09T07:45:09.884+0000] {processor.py:161} INFO - Started process (PID=4154) to work on /opt/airflow/dags/netflix_dag.py
[2026-09-09T07:45:09.887+0000] {processor.py:830} INFO - Processing file /opt/airflow/dags/netflix_dag.py for tasks to queue
[2026-09-09T07:45:09.892+0000] {logging_mixin.py:188} INFO - [2026-09-09T07:45:09.891+0000] {dagbag.py:545} INFO - Filling up the DagBag from /opt/airflow/dags/netflix_dag.py
[2026-09-09T07:45:09.940+0000] {processor.py:840} INFO - DAG(s) 'netflix_etl_pipeline' retrieved from /opt/airflow/dags/netflix_dag.py
[2026-09-09T07:45:10.009+0000] {logging_mixin.py:188} INFO - [2026-09-09T07:45:10.009+0000] {dag.py:3089} INFO - Sync 1 DAGs
[2026-09-09T07:45:10.054+0000] {logging_mixin.py:188} INFO - [2026-09-09T07:45:10.053+0000] {dag.py:3947} INFO - Setting next_dagrun for netflix_etl_pipeline to 2026-09-08 00:00:00+00:00, run_after=2026-09-09 00:00:00+00:00
[2026-09-09T07:45:10.093+0000] {processor.py:183} INFO - Processing /opt/airflow/dags/netflix_dag.py took 0.221 seconds
[2026-09-09T07:45:40.466+0000] {processor.py:161} INFO - Started process (PID=4165) to work on /opt/airflow/dags/netflix_dag.py
[2026-09-09T07:45:40.469+0000] {processor.py:830} INFO - Processing file /opt/airflow/dags/netflix_dag.py for tasks to queue
[2026-09-09T07:45:40.474+0000] {logging_mixin.py:188} INFO - [2026-09-09T07:45:40.473+0000] {dagbag.py:545} INFO - Filling up the DagBag from /opt/airflow/dags/netflix_dag.py
[2026-09-09T07:45:40.524+0000] {processor.py:840} INFO - DAG(s) 'netflix_etl_pipeline' retrieved from /opt/airflow/dags/netflix_dag.py
[2026-09-09T07:45:40.589+0000] {logging_mixin.py:188} INFO - [2026-09-09T07:45:40.588+0000] {dag.py:3089} INFO - Sync 1 DAGs
[2026-09-09T07:45:40.636+0000] {logging_mixin.py:188} INFO - [2026-09-09T07:45:40.636+0000] {dag.py:3947} INFO - Setting next_dagrun for netflix_etl_pipeline to 2026-09-08 00:00:00+00:00, run_after=2026-09-09 00:00:00+00:00
[2026-09-09T07:45:40.678+0000] {processor.py:183} INFO - Processing /opt/airflow/dags/netflix_dag.py took 0.224 seconds
[2026-09-09T07:46:11.042+0000] {processor.py:161} INFO - Started process (PID=4176) to work on /opt/airflow/dags/netflix_dag.py
[2026-09-09T07:46:11.046+0000] {processor.py:830} INFO - Processing file /opt/airflow/dags/netflix_dag.py for tasks to queue
[2026-09-09T07:46:11.051+0000] {logging_mixin.py:188} INFO - [2026-09-09T07:46:11.051+0000] {dagbag.py:545} INFO - Filling up the DagBag from /opt/airflow/dags/netflix_dag.py
[2026-09-09T07:46:11.104+0000] {processor.py:840} INFO - DAG(s) 'netflix_etl_pipeline' retrieved from /opt/airflow/dags/netflix_dag.py
[2026-09-09T07:46:11.179+0000] {logging_mixin.py:188} INFO - [2026-09-09T07:46:11.178+0000] {dag.py:3089} INFO - Sync 1 DAGs
[2026-09-09T07:46:11.247+0000] {logging_mixin.py:188} INFO - [2026-09-09T07:46:11.247+0000] {dag.py:3947} INFO - Setting next_dagrun for netflix_etl_pipeline to 2026-09-08 00:00:00+00:00, run_after=2026-09-09 00:00:00+00:00
[2026-09-09T07:46:11.291+0000] {processor.py:183} INFO - Processing /opt/airflow/dags/netflix_dag.py took 0.265 seconds
[2026-09-09T07:46:41.659+0000] {processor.py:161} INFO - Started process (PID=4187) to work on /opt/airflow/dags/netflix_dag.py
[2026-09-09T07:46:41.662+0000] {processor.py:830} INFO - Processing file /opt/airflow/dags/netflix_dag.py for tasks to queue
[2026-09-09T07:46:41.667+0000] {logging_mixin.py:188} INFO - [2026-09-09T07:46:41.667+0000] {dagbag.py:545} INFO - Filling up the DagBag from /opt/airflow/dags/netflix_dag.py
[2026-09-09T07:46:41.719+0000] {processor.py:840} INFO - DAG(s) 'netflix_etl_pipeline' retrieved from /opt/airflow/dags/netflix_dag.py
[2026-09-09T07:46:41.792+0000] {logging_mixin.py:188} INFO - [2026-09-09T07:46:41.792+0000] {dag.py:3089} INFO - Sync 1 DAGs
[2026-09-09T07:46:41.839+0000] {logging_mixin.py:188} INFO - [2026-09-09T07:46:41.839+0000] {dag.py:3947} INFO - Setting next_dagrun for netflix_etl_pipeline to 2026-09-08 00:00:00+00:00, run_after=2026-09-09 00:00:00+00:00
[2026-09-09T07:46:41.882+0000] {processor.py:183} INFO - Processing /opt/airflow/dags/netflix_dag.py took 0.238 seconds
[2026-09-09T07:47:12.236+0000] {processor.py:161} INFO - Started process (PID=4198) to work on /opt/airflow/dags/netflix_dag.py
[2026-09-09T07:47:12.239+0000] {processor.py:830} INFO - Processing file /opt/airflow/dags/netflix_dag.py for tasks to queue
[2026-09-09T07:47:12.244+0000] {logging_mixin.py:188} INFO - [2026-09-09T07:47:12.243+0000] {dagbag.py:545} INFO - Filling up the DagBag from /opt/airflow/dags/netflix_dag.py
[2026-09-09T07:47:12.292+0000] {processor.py:840} INFO - DAG(s) 'netflix_etl_pipeline' retrieved from /opt/airflow/dags/netflix_dag.py
[2026-09-09T07:47:12.364+0000] {logging_mixin.py:188} INFO - [2026-09-09T07:47:12.364+0000] {dag.py:3089} INFO - Sync 1 DAGs
[2026-09-09T07:47:12.413+0000] {logging_mixin.py:188} INFO - [2026-09-09T07:47:12.413+0000] {dag.py:3947} INFO - Setting next_dagrun for netflix_etl_pipeline to 2026-09-08 00:00:00+00:00, run_after=2026-09-09 00:00:00+00:00
[2026-09-09T07:47:12.455+0000] {processor.py:183} INFO - Processing /opt/airflow/dags/netflix_dag.py took 0.232 seconds
[2026-09-09T07:47:42.769+0000] {processor.py:161} INFO - Started process (PID=4209) to work on /opt/airflow/dags/netflix_dag.py
[2026-09-09T07:47:42.773+0000] {processor.py:830} INFO - Processing file /opt/airflow/dags/netflix_dag.py for tasks to queue
[2026-09-09T07:47:42.779+0000] {logging_mixin.py:188} INFO - [2026-09-09T07:47:42.778+0000] {dagbag.py:545} INFO - Filling up the DagBag from /opt/airflow/dags/netflix_dag.py
[2026-09-09T07:47:42.827+0000] {processor.py:840} INFO - DAG(s) 'netflix_etl_pipeline' retrieved from /opt/airflow/dags/netflix_dag.py
[2026-09-09T07:47:42.906+0000] {logging_mixin.py:188} INFO - [2026-09-09T07:47:42.905+0000] {dag.py:3089} INFO - Sync 1 DAGs
[2026-09-09T07:47:42.952+0000] {logging_mixin.py:188} INFO - [2026-09-09T07:47:42.951+0000] {dag.py:3947} INFO - Setting next_dagrun for netflix_etl_pipeline to 2026-09-08 00:00:00+00:00, run_after=2026-09-09 00:00:00+00:00
[2026-09-09T07:47:42.992+0000] {processor.py:183} INFO - Processing /opt/airflow/dags/netflix_dag.py took 0.243 seconds
[2026-09-09T07:48:13.356+0000] {processor.py:161} INFO - Started process (PID=4220) to work on /opt/airflow/dags/netflix_dag.py
[2026-09-09T07:48:13.359+0000] {processor.py:830} INFO - Processing file /opt/airflow/dags/netflix_dag.py for tasks to queue
[2026-09-09T07:48:13.366+0000] {logging_mixin.py:188} INFO - [2026-09-09T07:48:13.365+0000] {dagbag.py:545} INFO - Filling up the DagBag from /opt/airflow/dags/netflix_dag.py
[2026-09-09T07:48:13.419+0000] {processor.py:840} INFO - DAG(s) 'netflix_etl_pipeline' retrieved from /opt/airflow/dags/netflix_dag.py
[2026-09-09T07:48:13.497+0000] {logging_mixin.py:188} INFO - [2026-09-09T07:48:13.497+0000] {dag.py:3089} INFO - Sync 1 DAGs
[2026-09-09T07:48:13.545+0000] {logging_mixin.py:188} INFO - [2026-09-09T07:48:13.545+0000] {dag.py:3947} INFO - Setting next_dagrun for netflix_etl_pipeline to 2026-09-08 00:00:00+00:00, run_after=2026-09-09 00:00:00+00:00
[2026-09-09T07:48:13.591+0000] {processor.py:183} INFO - Processing /opt/airflow/dags/netflix_dag.py took 0.250 seconds
[2026-09-09T07:48:44.016+0000] {processor.py:161} INFO - Started process (PID=4232) to work on /opt/airflow/dags/netflix_dag.py
[2026-09-09T07:48:44.019+0000] {processor.py:830} INFO - Processing file /opt/airflow/dags/netflix_dag.py for tasks to queue
[2026-09-09T07:48:44.024+0000] {logging_mixin.py:188} INFO - [2026-09-09T07:48:44.024+0000] {dagbag.py:545} INFO - Filling up the DagBag from /opt/airflow/dags/netflix_dag.py
[2026-09-09T07:48:44.076+0000] {processor.py:840} INFO - DAG(s) 'netflix_etl_pipeline' retrieved from /opt/airflow/dags/netflix_dag.py
[2026-09-09T07:48:44.148+0000] {logging_mixin.py:188} INFO - [2026-09-09T07:48:44.148+0000] {dag.py:3089} INFO - Sync 1 DAGs
[2026-09-09T07:48:44.196+0000] {logging_mixin.py:188} INFO - [2026-09-09T07:48:44.196+0000] {dag.py:3947} INFO - Setting next_dagrun for netflix_etl_pipeline to 2026-09-08 00:00:00+00:00, run_after=2026-09-09 00:00:00+00:00
[2026-09-09T07:48:44.237+0000] {processor.py:183} INFO - Processing /opt/airflow/dags/netflix_dag.py took 0.238 seconds
[2026-09-09T07:49:14.548+0000] {processor.py:161} INFO - Started process (PID=4243) to work on /opt/airflow/dags/netflix_dag.py
[2026-09-09T07:49:14.551+0000] {processor.py:830} INFO - Processing file /opt/airflow/dags/netflix_dag.py for tasks to queue
[2026-09-09T07:49:14.557+0000] {logging_mixin.py:188} INFO - [2026-09-09T07:49:14.556+0000] {dagbag.py:545} INFO - Filling up the DagBag from /opt/airflow/dags/netflix_dag.py
[2026-09-09T07:49:14.606+0000] {processor.py:840} INFO - DAG(s) 'netflix_etl_pipeline' retrieved from /opt/airflow/dags/netflix_dag.py
[2026-09-09T07:49:14.683+0000] {logging_mixin.py:188} INFO - [2026-09-09T07:49:14.682+0000] {dag.py:3089} INFO - Sync 1 DAGs
[2026-09-09T07:49:14.730+0000] {logging_mixin.py:188} INFO - [2026-09-09T07:49:14.730+0000] {dag.py:3947} INFO - Setting next_dagrun for netflix_etl_pipeline to 2026-09-08 00:00:00+00:00, run_after=2026-09-09 00:00:00+00:00
[2026-09-09T07:49:14.772+0000] {processor.py:183} INFO - Processing /opt/airflow/dags/netflix_dag.py took 0.239 seconds
[2026-09-09T07:49:45.314+0000] {processor.py:161} INFO - Started process (PID=4254) to work on /opt/airflow/dags/netflix_dag.py
[2026-09-09T07:49:45.318+0000] {processor.py:830} INFO - Processing file /opt/airflow/dags/netflix_dag.py for tasks to queue
[2026-09-09T07:49:45.327+0000] {logging_mixin.py:188} INFO - [2026-09-09T07:49:45.326+0000] {dagbag.py:545} INFO - Filling up the DagBag from /opt/airflow/dags/netflix_dag.py
[2026-09-09T07:49:45.388+0000] {processor.py:840} INFO - DAG(s) 'netflix_etl_pipeline' retrieved from /opt/airflow/dags/netflix_dag.py
[2026-09-09T07:49:45.464+0000] {logging_mixin.py:188} INFO - [2026-09-09T07:49:45.464+0000] {dag.py:3089} INFO - Sync 1 DAGs
[2026-09-09T07:49:45.519+0000] {logging_mixin.py:188} INFO - [2026-09-09T07:49:45.519+0000] {dag.py:3947} INFO - Setting next_dagrun for netflix_etl_pipeline to 2026-09-08 00:00:00+00:00, run_after=2026-09-09 00:00:00+00:00
[2026-09-09T07:49:45.574+0000] {processor.py:183} INFO - Processing /opt/airflow/dags/netflix_dag.py took 0.281 seconds
[2026-09-09T07:50:15.986+0000] {processor.py:161} INFO - Started process (PID=4265) to work on /opt/airflow/dags/netflix_dag.py
[2026-09-09T07:50:15.989+0000] {processor.py:830} INFO - Processing file /opt/airflow/dags/netflix_dag.py for tasks to queue
[2026-09-09T07:50:15.996+0000] {logging_mixin.py:188} INFO - [2026-09-09T07:50:15.995+0000] {dagbag.py:545} INFO - Filling up the DagBag from /opt/airflow/dags/netflix_dag.py
[2026-09-09T07:50:16.042+0000] {processor.py:840} INFO - DAG(s) 'netflix_etl_pipeline' retrieved from /opt/airflow/dags/netflix_dag.py
[2026-09-09T07:50:16.116+0000] {logging_mixin.py:188} INFO - [2026-09-09T07:50:16.115+0000] {dag.py:3089} INFO - Sync 1 DAGs
[2026-09-09T07:50:16.164+0000] {logging_mixin.py:188} INFO - [2026-09-09T07:50:16.164+0000] {dag.py:3947} INFO - Setting next_dagrun for netflix_etl_pipeline to 2026-09-08 00:00:00+00:00, run_after=2026-09-09 00:00:00+00:00
[2026-09-09T07:50:16.208+0000] {processor.py:183} INFO - Processing /opt/airflow/dags/netflix_dag.py took 0.235 seconds
[2026-09-09T07:50:46.539+0000] {processor.py:161} INFO - Started process (PID=4276) to work on /opt/airflow/dags/netflix_dag.py
[2026-09-09T07:50:46.542+0000] {processor.py:830} INFO - Processing file /opt/airflow/dags/netflix_dag.py for tasks to queue
[2026-09-09T07:50:46.547+0000] {logging_mixin.py:188} INFO - [2026-09-09T07:50:46.547+0000] {dagbag.py:545} INFO - Filling up the DagBag from /opt/airflow/dags/netflix_dag.py
[2026-09-09T07:50:46.598+0000] {processor.py:840} INFO - DAG(s) 'netflix_etl_pipeline' retrieved from /opt/airflow/dags/netflix_dag.py
[2026-09-09T07:50:46.665+0000] {logging_mixin.py:188} INFO - [2026-09-09T07:50:46.665+0000] {dag.py:3089} INFO - Sync 1 DAGs
[2026-09-09T07:50:46.709+0000] {logging_mixin.py:188} INFO - [2026-09-09T07:50:46.708+0000] {dag.py:3947} INFO - Setting next_dagrun for netflix_etl_pipeline to 2026-09-08 00:00:00+00:00, run_after=2026-09-09 00:00:00+00:00
[2026-09-09T07:50:46.754+0000] {processor.py:183} INFO - Processing /opt/airflow/dags/netflix_dag.py took 0.227 seconds
[2026-09-09T07:51:17.097+0000] {processor.py:161} INFO - Started process (PID=4287) to work on /opt/airflow/dags/netflix_dag.py
[2026-09-09T07:51:17.100+0000] {processor.py:830} INFO - Processing file /opt/airflow/dags/netflix_dag.py for tasks to queue
[2026-09-09T07:51:17.106+0000] {logging_mixin.py:188} INFO - [2026-09-09T07:51:17.105+0000] {dagbag.py:545} INFO - Filling up the DagBag from /opt/airflow/dags/netflix_dag.py
[2026-09-09T07:51:17.157+0000] {processor.py:840} INFO - DAG(s) 'netflix_etl_pipeline' retrieved from /opt/airflow/dags/netflix_dag.py
[2026-09-09T07:51:17.231+0000] {logging_mixin.py:188} INFO - [2026-09-09T07:51:17.230+0000] {dag.py:3089} INFO - Sync 1 DAGs
[2026-09-09T07:51:17.301+0000] {logging_mixin.py:188} INFO - [2026-09-09T07:51:17.301+0000] {dag.py:3947} INFO - Setting next_dagrun for netflix_etl_pipeline to 2026-09-08 00:00:00+00:00, run_after=2026-09-09 00:00:00+00:00
[2026-09-09T07:51:17.364+0000] {processor.py:183} INFO - Processing /opt/airflow/dags/netflix_dag.py took 0.283 seconds
[2026-09-09T07:51:47.638+0000] {processor.py:161} INFO - Started process (PID=4298) to work on /opt/airflow/dags/netflix_dag.py
[2026-09-09T07:51:47.641+0000] {processor.py:830} INFO - Processing file /opt/airflow/dags/netflix_dag.py for tasks to queue
[2026-09-09T07:51:47.646+0000] {logging_mixin.py:188} INFO - [2026-09-09T07:51:47.645+0000] {dagbag.py:545} INFO - Filling up the DagBag from /opt/airflow/dags/netflix_dag.py
[2026-09-09T07:51:47.695+0000] {processor.py:840} INFO - DAG(s) 'netflix_etl_pipeline' retrieved from /opt/airflow/dags/netflix_dag.py
[2026-09-09T07:51:47.762+0000] {logging_mixin.py:188} INFO - [2026-09-09T07:51:47.762+0000] {dag.py:3089} INFO - Sync 1 DAGs
[2026-09-09T07:51:47.807+0000] {logging_mixin.py:188} INFO - [2026-09-09T07:51:47.806+0000] {dag.py:3947} INFO - Setting next_dagrun for netflix_etl_pipeline to 2026-09-08 00:00:00+00:00, run_after=2026-09-09 00:00:00+00:00
[2026-09-09T07:51:47.847+0000] {processor.py:183} INFO - Processing /opt/airflow/dags/netflix_dag.py took 0.221 seconds
[2026-09-09T07:52:18.284+0000] {processor.py:161} INFO - Started process (PID=4309) to work on /opt/airflow/dags/netflix_dag.py
[2026-09-09T07:52:18.287+0000] {processor.py:830} INFO - Processing file /opt/airflow/dags/netflix_dag.py for tasks to queue
[2026-09-09T07:52:18.293+0000] {logging_mixin.py:188} INFO - [2026-09-09T07:52:18.292+0000] {dagbag.py:545} INFO - Filling up the DagBag from /opt/airflow/dags/netflix_dag.py
[2026-09-09T07:52:18.342+0000] {processor.py:840} INFO - DAG(s) 'netflix_etl_pipeline' retrieved from /opt/airflow/dags/netflix_dag.py
[2026-09-09T07:52:18.416+0000] {logging_mixin.py:188} INFO - [2026-09-09T07:52:18.416+0000] {dag.py:3089} INFO - Sync 1 DAGs
[2026-09-09T07:52:18.463+0000] {logging_mixin.py:188} INFO - [2026-09-09T07:52:18.463+0000] {dag.py:3947} INFO - Setting next_dagrun for netflix_etl_pipeline to 2026-09-08 00:00:00+00:00, run_after=2026-09-09 00:00:00+00:00
[2026-09-09T07:52:18.504+0000] {processor.py:183} INFO - Processing /opt/airflow/dags/netflix_dag.py took 0.233 seconds
[2026-09-09T07:52:48.696+0000] {processor.py:161} INFO - Started process (PID=4320) to work on /opt/airflow/dags/netflix_dag.py
[2026-09-09T07:52:48.699+0000] {processor.py:830} INFO - Processing file /opt/airflow/dags/netflix_dag.py for tasks to queue
[2026-09-09T07:52:48.705+0000] {logging_mixin.py:188} INFO - [2026-09-09T07:52:48.704+0000] {dagbag.py:545} INFO - Filling up the DagBag from /opt/airflow/dags/netflix_dag.py
[2026-09-09T07:52:48.758+0000] {processor.py:840} INFO - DAG(s) 'netflix_etl_pipeline' retrieved from /opt/airflow/dags/netflix_dag.py
[2026-09-09T07:52:48.838+0000] {logging_mixin.py:188} INFO - [2026-09-09T07:52:48.838+0000] {dag.py:3089} INFO - Sync 1 DAGs
[2026-09-09T07:52:48.889+0000] {logging_mixin.py:188} INFO - [2026-09-09T07:52:48.889+0000] {dag.py:3947} INFO - Setting next_dagrun for netflix_etl_pipeline to 2026-09-08 00:00:00+00:00, run_after=2026-09-09 00:00:00+00:00
[2026-09-09T07:52:48.934+0000] {processor.py:183} INFO - Processing /opt/airflow/dags/netflix_dag.py took 0.254 seconds
[2026-09-09T07:53:19.408+0000] {processor.py:161} INFO - Started process (PID=4331) to work on /opt/airflow/dags/netflix_dag.py
[2026-09-09T07:53:19.411+0000] {processor.py:830} INFO - Processing file /opt/airflow/dags/netflix_dag.py for tasks to queue
[2026-09-09T07:53:19.416+0000] {logging_mixin.py:188} INFO - [2026-09-09T07:53:19.415+0000] {dagbag.py:545} INFO - Filling up the DagBag from /opt/airflow/dags/netflix_dag.py
[2026-09-09T07:53:19.466+0000] {processor.py:840} INFO - DAG(s) 'netflix_etl_pipeline' retrieved from /opt/airflow/dags/netflix_dag.py
[2026-09-09T07:53:19.542+0000] {logging_mixin.py:188} INFO - [2026-09-09T07:53:19.542+0000] {dag.py:3089} INFO - Sync 1 DAGs
[2026-09-09T07:53:19.601+0000] {logging_mixin.py:188} INFO - [2026-09-09T07:53:19.600+0000] {dag.py:3947} INFO - Setting next_dagrun for netflix_etl_pipeline to 2026-09-08 00:00:00+00:00, run_after=2026-09-09 00:00:00+00:00
[2026-09-09T07:53:19.646+0000] {processor.py:183} INFO - Processing /opt/airflow/dags/netflix_dag.py took 0.251 seconds
[2026-09-09T07:53:49.887+0000] {processor.py:161} INFO - Started process (PID=4342) to work on /opt/airflow/dags/netflix_dag.py
[2026-09-09T07:53:49.891+0000] {processor.py:830} INFO - Processing file /opt/airflow/dags/netflix_dag.py for tasks to queue
[2026-09-09T07:53:49.896+0000] {logging_mixin.py:188} INFO - [2026-09-09T07:53:49.895+0000] {dagbag.py:545} INFO - Filling up the DagBag from /opt/airflow/dags/netflix_dag.py
[2026-09-09T07:53:49.948+0000] {processor.py:840} INFO - DAG(s) 'netflix_etl_pipeline' retrieved from /opt/airflow/dags/netflix_dag.py
[2026-09-09T07:53:50.022+0000] {logging_mixin.py:188} INFO - [2026-09-09T07:53:50.022+0000] {dag.py:3089} INFO - Sync 1 DAGs
[2026-09-09T07:53:50.069+0000] {logging_mixin.py:188} INFO - [2026-09-09T07:53:50.069+0000] {dag.py:3947} INFO - Setting next_dagrun for netflix_etl_pipeline to 2026-09-08 00:00:00+00:00, run_after=2026-09-09 00:00:00+00:00
[2026-09-09T07:53:50.112+0000] {processor.py:183} INFO - Processing /opt/airflow/dags/netflix_dag.py took 0.239 seconds
[2026-09-09T07:54:20.645+0000] {processor.py:161} INFO - Started process (PID=4353) to work on /opt/airflow/dags/netflix_dag.py
[2026-09-09T07:54:20.649+0000] {processor.py:830} INFO - Processing file /opt/airflow/dags/netflix_dag.py for tasks to queue
[2026-09-09T07:54:20.654+0000] {logging_mixin.py:188} INFO - [2026-09-09T07:54:20.653+0000] {dagbag.py:545} INFO - Filling up the DagBag from /opt/airflow/dags/netflix_dag.py
[2026-09-09T07:54:20.706+0000] {processor.py:840} INFO - DAG(s) 'netflix_etl_pipeline' retrieved from /opt/airflow/dags/netflix_dag.py
[2026-09-09T07:54:20.777+0000] {logging_mixin.py:188} INFO - [2026-09-09T07:54:20.777+0000] {dag.py:3089} INFO - Sync 1 DAGs
[2026-09-09T07:54:20.825+0000] {logging_mixin.py:188} INFO - [2026-09-09T07:54:20.824+0000] {dag.py:3947} INFO - Setting next_dagrun for netflix_etl_pipeline to 2026-09-08 00:00:00+00:00, run_after=2026-09-09 00:00:00+00:00
[2026-09-09T07:54:20.865+0000] {processor.py:183} INFO - Processing /opt/airflow/dags/netflix_dag.py took 0.238 seconds
[2026-09-09T07:54:51.111+0000] {processor.py:161} INFO - Started process (PID=4364) to work on /opt/airflow/dags/netflix_dag.py
[2026-09-09T07:54:51.114+0000] {processor.py:830} INFO - Processing file /opt/airflow/dags/netflix_dag.py for tasks to queue
[2026-09-09T07:54:51.119+0000] {logging_mixin.py:188} INFO - [2026-09-09T07:54:51.118+0000] {dagbag.py:545} INFO - Filling up the DagBag from /opt/airflow/dags/netflix_dag.py
[2026-09-09T07:54:51.167+0000] {processor.py:840} INFO - DAG(s) 'netflix_etl_pipeline' retrieved from /opt/airflow/dags/netflix_dag.py
[2026-09-09T07:54:51.235+0000] {logging_mixin.py:188} INFO - [2026-09-09T07:54:51.234+0000] {dag.py:3089} INFO - Sync 1 DAGs
[2026-09-09T07:54:51.280+0000] {logging_mixin.py:188} INFO - [2026-09-09T07:54:51.279+0000] {dag.py:3947} INFO - Setting next_dagrun for netflix_etl_pipeline to 2026-09-08 00:00:00+00:00, run_after=2026-09-09 00:00:00+00:00
[2026-09-09T07:54:51.318+0000] {processor.py:183} INFO - Processing /opt/airflow/dags/netflix_dag.py took 0.220 seconds
[2026-09-09T07:55:21.932+0000] {processor.py:161} INFO - Started process (PID=4375) to work on /opt/airflow/dags/netflix_dag.py
[2026-09-09T07:55:21.935+0000] {processor.py:830} INFO - Processing file /opt/airflow/dags/netflix_dag.py for tasks to queue
[2026-09-09T07:55:21.941+0000] {logging_mixin.py:188} INFO - [2026-09-09T07:55:21.940+0000] {dagbag.py:545} INFO - Filling up the DagBag from /opt/airflow/dags/netflix_dag.py
[2026-09-09T07:55:21.989+0000] {processor.py:840} INFO - DAG(s) 'netflix_etl_pipeline' retrieved from /opt/airflow/dags/netflix_dag.py
[2026-09-09T07:55:22.074+0000] {logging_mixin.py:188} INFO - [2026-09-09T07:55:22.073+0000] {dag.py:3089} INFO - Sync 1 DAGs
[2026-09-09T07:55:22.134+0000] {logging_mixin.py:188} INFO - [2026-09-09T07:55:22.134+0000] {dag.py:3947} INFO - Setting next_dagrun for netflix_etl_pipeline to 2026-09-08 00:00:00+00:00, run_after=2026-09-09 00:00:00+00:00
[2026-09-09T07:55:22.180+0000] {processor.py:183} INFO - Processing /opt/airflow/dags/netflix_dag.py took 0.261 seconds
[2026-09-09T07:55:52.450+0000] {processor.py:161} INFO - Started process (PID=4387) to work on /opt/airflow/dags/netflix_dag.py
[2026-09-09T07:55:52.453+0000] {processor.py:830} INFO - Processing file /opt/airflow/dags/netflix_dag.py for tasks to queue
[2026-09-09T07:55:52.460+0000] {logging_mixin.py:188} INFO - [2026-09-09T07:55:52.459+0000] {dagbag.py:545} INFO - Filling up the DagBag from /opt/airflow/dags/netflix_dag.py
[2026-09-09T07:55:52.507+0000] {processor.py:840} INFO - DAG(s) 'netflix_etl_pipeline' retrieved from /opt/airflow/dags/netflix_dag.py
[2026-09-09T07:55:52.585+0000] {logging_mixin.py:188} INFO - [2026-09-09T07:55:52.584+0000] {dag.py:3089} INFO - Sync 1 DAGs
[2026-09-09T07:55:52.636+0000] {logging_mixin.py:188} INFO - [2026-09-09T07:55:52.636+0000] {dag.py:3947} INFO - Setting next_dagrun for netflix_etl_pipeline to 2026-09-08 00:00:00+00:00, run_after=2026-09-09 00:00:00+00:00
[2026-09-09T07:55:52.683+0000] {processor.py:183} INFO - Processing /opt/airflow/dags/netflix_dag.py took 0.249 seconds
[2026-09-09T07:56:23.056+0000] {processor.py:161} INFO - Started process (PID=4398) to work on /opt/airflow/dags/netflix_dag.py
[2026-09-09T07:56:23.059+0000] {processor.py:830} INFO - Processing file /opt/airflow/dags/netflix_dag.py for tasks to queue
[2026-09-09T07:56:23.065+0000] {logging_mixin.py:188} INFO - [2026-09-09T07:56:23.065+0000] {dagbag.py:545} INFO - Filling up the DagBag from /opt/airflow/dags/netflix_dag.py
[2026-09-09T07:56:23.114+0000] {processor.py:840} INFO - DAG(s) 'netflix_etl_pipeline' retrieved from /opt/airflow/dags/netflix_dag.py
[2026-09-09T07:56:23.184+0000] {logging_mixin.py:188} INFO - [2026-09-09T07:56:23.184+0000] {dag.py:3089} INFO - Sync 1 DAGs
[2026-09-09T07:56:23.232+0000] {logging_mixin.py:188} INFO - [2026-09-09T07:56:23.232+0000] {dag.py:3947} INFO - Setting next_dagrun for netflix_etl_pipeline to 2026-09-08 00:00:00+00:00, run_after=2026-09-09 00:00:00+00:00
[2026-09-09T07:56:23.273+0000] {processor.py:183} INFO - Processing /opt/airflow/dags/netflix_dag.py took 0.234 seconds
[2026-09-09T07:56:53.607+0000] {processor.py:161} INFO - Started process (PID=4409) to work on /opt/airflow/dags/netflix_dag.py
[2026-09-09T07:56:53.610+0000] {processor.py:830} INFO - Processing file /opt/airflow/dags/netflix_dag.py for tasks to queue
[2026-09-09T07:56:53.617+0000] {logging_mixin.py:188} INFO - [2026-09-09T07:56:53.616+0000] {dagbag.py:545} INFO - Filling up the DagBag from /opt/airflow/dags/netflix_dag.py
[2026-09-09T07:56:53.669+0000] {processor.py:840} INFO - DAG(s) 'netflix_etl_pipeline' retrieved from /opt/airflow/dags/netflix_dag.py
[2026-09-09T07:56:53.741+0000] {logging_mixin.py:188} INFO - [2026-09-09T07:56:53.741+0000] {dag.py:3089} INFO - Sync 1 DAGs
[2026-09-09T07:56:53.788+0000] {logging_mixin.py:188} INFO - [2026-09-09T07:56:53.788+0000] {dag.py:3947} INFO - Setting next_dagrun for netflix_etl_pipeline to 2026-09-08 00:00:00+00:00, run_after=2026-09-09 00:00:00+00:00
[2026-09-09T07:56:53.829+0000] {processor.py:183} INFO - Processing /opt/airflow/dags/netflix_dag.py took 0.236 seconds
[2026-09-09T07:57:24.205+0000] {processor.py:161} INFO - Started process (PID=4420) to work on /opt/airflow/dags/netflix_dag.py
[2026-09-09T07:57:24.208+0000] {processor.py:830} INFO - Processing file /opt/airflow/dags/netflix_dag.py for tasks to queue
[2026-09-09T07:57:24.212+0000] {logging_mixin.py:188} INFO - [2026-09-09T07:57:24.211+0000] {dagbag.py:545} INFO - Filling up the DagBag from /opt/airflow/dags/netflix_dag.py
[2026-09-09T07:57:24.256+0000] {processor.py:840} INFO - DAG(s) 'netflix_etl_pipeline' retrieved from /opt/airflow/dags/netflix_dag.py
[2026-09-09T07:57:24.322+0000] {logging_mixin.py:188} INFO - [2026-09-09T07:57:24.322+0000] {dag.py:3089} INFO - Sync 1 DAGs
[2026-09-09T07:57:24.366+0000] {logging_mixin.py:188} INFO - [2026-09-09T07:57:24.366+0000] {dag.py:3947} INFO - Setting next_dagrun for netflix_etl_pipeline to 2026-09-08 00:00:00+00:00, run_after=2026-09-09 00:00:00+00:00
[2026-09-09T07:57:24.406+0000] {processor.py:183} INFO - Processing /opt/airflow/dags/netflix_dag.py took 0.214 seconds
[2026-09-09T07:57:54.861+0000] {processor.py:161} INFO - Started process (PID=4431) to work on /opt/airflow/dags/netflix_dag.py
[2026-09-09T07:57:54.865+0000] {processor.py:830} INFO - Processing file /opt/airflow/dags/netflix_dag.py for tasks to queue
[2026-09-09T07:57:54.870+0000] {logging_mixin.py:188} INFO - [2026-09-09T07:57:54.869+0000] {dagbag.py:545} INFO - Filling up the DagBag from /opt/airflow/dags/netflix_dag.py
[2026-09-09T07:57:54.925+0000] {processor.py:840} INFO - DAG(s) 'netflix_etl_pipeline' retrieved from /opt/airflow/dags/netflix_dag.py
[2026-09-09T07:57:54.998+0000] {logging_mixin.py:188} INFO - [2026-09-09T07:57:54.998+0000] {dag.py:3089} INFO - Sync 1 DAGs
[2026-09-09T07:57:55.044+0000] {logging_mixin.py:188} INFO - [2026-09-09T07:57:55.044+0000] {dag.py:3947} INFO - Setting next_dagrun for netflix_etl_pipeline to 2026-09-08 00:00:00+00:00, run_after=2026-09-09 00:00:00+00:00
[2026-09-09T07:57:55.086+0000] {processor.py:183} INFO - Processing /opt/airflow/dags/netflix_dag.py took 0.236 seconds
[2026-09-09T07:58:25.333+0000] {processor.py:161} INFO - Started process (PID=4442) to work on /opt/airflow/dags/netflix_dag.py
[2026-09-09T07:58:25.336+0000] {processor.py:830} INFO - Processing file /opt/airflow/dags/netflix_dag.py for tasks to queue
[2026-09-09T07:58:25.341+0000] {logging_mixin.py:188} INFO - [2026-09-09T07:58:25.341+0000] {dagbag.py:545} INFO - Filling up the DagBag from /opt/airflow/dags/netflix_dag.py
[2026-09-09T07:58:25.393+0000] {processor.py:840} INFO - DAG(s) 'netflix_etl_pipeline' retrieved from /opt/airflow/dags/netflix_dag.py
[2026-09-09T07:58:25.468+0000] {logging_mixin.py:188} INFO - [2026-09-09T07:58:25.468+0000] {dag.py:3089} INFO - Sync 1 DAGs
[2026-09-09T07:58:25.520+0000] {logging_mixin.py:188} INFO - [2026-09-09T07:58:25.520+0000] {dag.py:3947} INFO - Setting next_dagrun for netflix_etl_pipeline to 2026-09-08 00:00:00+00:00, run_after=2026-09-09 00:00:00+00:00
[2026-09-09T07:58:25.563+0000] {processor.py:183} INFO - Processing /opt/airflow/dags/netflix_dag.py took 0.246 seconds
[2026-09-09T07:58:56.035+0000] {processor.py:161} INFO - Started process (PID=4453) to work on /opt/airflow/dags/netflix_dag.py
[2026-09-09T07:58:56.038+0000] {processor.py:830} INFO - Processing file /opt/airflow/dags/netflix_dag.py for tasks to queue
[2026-09-09T07:58:56.043+0000] {logging_mixin.py:188} INFO - [2026-09-09T07:58:56.043+0000] {dagbag.py:545} INFO - Filling up the DagBag from /opt/airflow/dags/netflix_dag.py
[2026-09-09T07:58:56.097+0000] {processor.py:840} INFO - DAG(s) 'netflix_etl_pipeline' retrieved from /opt/airflow/dags/netflix_dag.py
[2026-09-09T07:58:56.180+0000] {logging_mixin.py:188} INFO - [2026-09-09T07:58:56.180+0000] {dag.py:3089} INFO - Sync 1 DAGs
[2026-09-09T07:58:56.235+0000] {logging_mixin.py:188} INFO - [2026-09-09T07:58:56.235+0000] {dag.py:3947} INFO - Setting next_dagrun for netflix_etl_pipeline to 2026-09-08 00:00:00+00:00, run_after=2026-09-09 00:00:00+00:00
[2026-09-09T07:58:56.274+0000] {processor.py:183} INFO - Processing /opt/airflow/dags/netflix_dag.py took 0.253 seconds
[2026-09-09T07:59:26.553+0000] {processor.py:161} INFO - Started process (PID=4464) to work on /opt/airflow/dags/netflix_dag.py
[2026-09-09T07:59:26.556+0000] {processor.py:830} INFO - Processing file /opt/airflow/dags/netflix_dag.py for tasks to queue
[2026-09-09T07:59:26.562+0000] {logging_mixin.py:188} INFO - [2026-09-09T07:59:26.561+0000] {dagbag.py:545} INFO - Filling up the DagBag from /opt/airflow/dags/netflix_dag.py
[2026-09-09T07:59:26.613+0000] {processor.py:840} INFO - DAG(s) 'netflix_etl_pipeline' retrieved from /opt/airflow/dags/netflix_dag.py
[2026-09-09T07:59:26.694+0000] {logging_mixin.py:188} INFO - [2026-09-09T07:59:26.693+0000] {dag.py:3089} INFO - Sync 1 DAGs
[2026-09-09T07:59:26.744+0000] {logging_mixin.py:188} INFO - [2026-09-09T07:59:26.743+0000] {dag.py:3947} INFO - Setting next_dagrun for netflix_etl_pipeline to 2026-09-08 00:00:00+00:00, run_after=2026-09-09 00:00:00+00:00
[2026-09-09T07:59:26.790+0000] {processor.py:183} INFO - Processing /opt/airflow/dags/netflix_dag.py took 0.253 seconds
[2026-09-09T07:59:57.239+0000] {processor.py:161} INFO - Started process (PID=4475) to work on /opt/airflow/dags/netflix_dag.py
[2026-09-09T07:59:57.242+0000] {processor.py:830} INFO - Processing file /opt/airflow/dags/netflix_dag.py for tasks to queue
[2026-09-09T07:59:57.247+0000] {logging_mixin.py:188} INFO - [2026-09-09T07:59:57.246+0000] {dagbag.py:545} INFO - Filling up the DagBag from /opt/airflow/dags/netflix_dag.py
[2026-09-09T07:59:57.300+0000] {processor.py:840} INFO - DAG(s) 'netflix_etl_pipeline' retrieved from /opt/airflow/dags/netflix_dag.py
[2026-09-09T07:59:57.372+0000] {logging_mixin.py:188} INFO - [2026-09-09T07:59:57.371+0000] {dag.py:3089} INFO - Sync 1 DAGs
[2026-09-09T07:59:57.418+0000] {logging_mixin.py:188} INFO - [2026-09-09T07:59:57.418+0000] {dag.py:3947} INFO - Setting next_dagrun for netflix_etl_pipeline to 2026-09-08 00:00:00+00:00, run_after=2026-09-09 00:00:00+00:00
[2026-09-09T07:59:57.458+0000] {processor.py:183} INFO - Processing /opt/airflow/dags/netflix_dag.py took 0.233 seconds
[2026-09-09T08:00:27.816+0000] {processor.py:161} INFO - Started process (PID=4486) to work on /opt/airflow/dags/netflix_dag.py
[2026-09-09T08:00:27.820+0000] {processor.py:830} INFO - Processing file /opt/airflow/dags/netflix_dag.py for tasks to queue
[2026-09-09T08:00:27.825+0000] {logging_mixin.py:188} INFO - [2026-09-09T08:00:27.825+0000] {dagbag.py:545} INFO - Filling up the DagBag from /opt/airflow/dags/netflix_dag.py
[2026-09-09T08:00:27.879+0000] {processor.py:840} INFO - DAG(s) 'netflix_etl_pipeline' retrieved from /opt/airflow/dags/netflix_dag.py
[2026-09-09T08:00:27.952+0000] {logging_mixin.py:188} INFO - [2026-09-09T08:00:27.951+0000] {dag.py:3089} INFO - Sync 1 DAGs
[2026-09-09T08:00:27.998+0000] {logging_mixin.py:188} INFO - [2026-09-09T08:00:27.997+0000] {dag.py:3947} INFO - Setting next_dagrun for netflix_etl_pipeline to 2026-09-08 00:00:00+00:00, run_after=2026-09-09 00:00:00+00:00
[2026-09-09T08:00:28.040+0000] {processor.py:183} INFO - Processing /opt/airflow/dags/netflix_dag.py took 0.248 seconds
[2026-09-09T08:00:58.555+0000] {processor.py:161} INFO - Started process (PID=4497) to work on /opt/airflow/dags/netflix_dag.py
[2026-09-09T08:00:58.558+0000] {processor.py:830} INFO - Processing file /opt/airflow/dags/netflix_dag.py for tasks to queue
[2026-09-09T08:00:58.563+0000] {logging_mixin.py:188} INFO - [2026-09-09T08:00:58.563+0000] {dagbag.py:545} INFO - Filling up the DagBag from /opt/airflow/dags/netflix_dag.py
[2026-09-09T08:00:58.612+0000] {processor.py:840} INFO - DAG(s) 'netflix_etl_pipeline' retrieved from /opt/airflow/dags/netflix_dag.py
[2026-09-09T08:00:58.685+0000] {logging_mixin.py:188} INFO - [2026-09-09T08:00:58.685+0000] {dag.py:3089} INFO - Sync 1 DAGs
[2026-09-09T08:00:58.733+0000] {logging_mixin.py:188} INFO - [2026-09-09T08:00:58.733+0000] {dag.py:3947} INFO - Setting next_dagrun for netflix_etl_pipeline to 2026-09-08 00:00:00+00:00, run_after=2026-09-09 00:00:00+00:00
[2026-09-09T08:00:58.776+0000] {processor.py:183} INFO - Processing /opt/airflow/dags/netflix_dag.py took 0.232 seconds
[2026-09-09T08:01:29.068+0000] {processor.py:161} INFO - Started process (PID=4508) to work on /opt/airflow/dags/netflix_dag.py
[2026-09-09T08:01:29.071+0000] {processor.py:830} INFO - Processing file /opt/airflow/dags/netflix_dag.py for tasks to queue
[2026-09-09T08:01:29.076+0000] {logging_mixin.py:188} INFO - [2026-09-09T08:01:29.075+0000] {dagbag.py:545} INFO - Filling up the DagBag from /opt/airflow/dags/netflix_dag.py
[2026-09-09T08:01:29.125+0000] {processor.py:840} INFO - DAG(s) 'netflix_etl_pipeline' retrieved from /opt/airflow/dags/netflix_dag.py
[2026-09-09T08:01:29.200+0000] {logging_mixin.py:188} INFO - [2026-09-09T08:01:29.200+0000] {dag.py:3089} INFO - Sync 1 DAGs
[2026-09-09T08:01:29.249+0000] {logging_mixin.py:188} INFO - [2026-09-09T08:01:29.248+0000] {dag.py:3947} INFO - Setting next_dagrun for netflix_etl_pipeline to 2026-09-08 00:00:00+00:00, run_after=2026-09-09 00:00:00+00:00
[2026-09-09T08:01:29.295+0000] {processor.py:183} INFO - Processing /opt/airflow/dags/netflix_dag.py took 0.244 seconds
[2026-09-09T08:01:59.662+0000] {processor.py:161} INFO - Started process (PID=4519) to work on /opt/airflow/dags/netflix_dag.py
[2026-09-09T08:01:59.665+0000] {processor.py:830} INFO - Processing file /opt/airflow/dags/netflix_dag.py for tasks to queue
[2026-09-09T08:01:59.670+0000] {logging_mixin.py:188} INFO - [2026-09-09T08:01:59.670+0000] {dagbag.py:545} INFO - Filling up the DagBag from /opt/airflow/dags/netflix_dag.py
[2026-09-09T08:01:59.720+0000] {processor.py:840} INFO - DAG(s) 'netflix_etl_pipeline' retrieved from /opt/airflow/dags/netflix_dag.py
[2026-09-09T08:01:59.791+0000] {logging_mixin.py:188} INFO - [2026-09-09T08:01:59.791+0000] {dag.py:3089} INFO - Sync 1 DAGs
[2026-09-09T08:01:59.840+0000] {logging_mixin.py:188} INFO - [2026-09-09T08:01:59.839+0000] {dag.py:3947} INFO - Setting next_dagrun for netflix_etl_pipeline to 2026-09-08 00:00:00+00:00, run_after=2026-09-09 00:00:00+00:00
[2026-09-09T08:01:59.880+0000] {processor.py:183} INFO - Processing /opt/airflow/dags/netflix_dag.py took 0.236 seconds
[2026-09-09T08:02:30.180+0000] {processor.py:161} INFO - Started process (PID=4530) to work on /opt/airflow/dags/netflix_dag.py
[2026-09-09T08:02:30.184+0000] {processor.py:830} INFO - Processing file /opt/airflow/dags/netflix_dag.py for tasks to queue
[2026-09-09T08:02:30.190+0000] {logging_mixin.py:188} INFO - [2026-09-09T08:02:30.189+0000] {dagbag.py:545} INFO - Filling up the DagBag from /opt/airflow/dags/netflix_dag.py
[2026-09-09T08:02:30.243+0000] {processor.py:840} INFO - DAG(s) 'netflix_etl_pipeline' retrieved from /opt/airflow/dags/netflix_dag.py
[2026-09-09T08:02:30.319+0000] {logging_mixin.py:188} INFO - [2026-09-09T08:02:30.319+0000] {dag.py:3089} INFO - Sync 1 DAGs
[2026-09-09T08:02:30.368+0000] {logging_mixin.py:188} INFO - [2026-09-09T08:02:30.368+0000] {dag.py:3947} INFO - Setting next_dagrun for netflix_etl_pipeline to 2026-09-08 00:00:00+00:00, run_after=2026-09-09 00:00:00+00:00
[2026-09-09T08:02:30.411+0000] {processor.py:183} INFO - Processing /opt/airflow/dags/netflix_dag.py took 0.250 seconds
[2026-09-09T08:03:00.755+0000] {processor.py:161} INFO - Started process (PID=4542) to work on /opt/airflow/dags/netflix_dag.py
[2026-09-09T08:03:00.758+0000] {processor.py:830} INFO - Processing file /opt/airflow/dags/netflix_dag.py for tasks to queue
[2026-09-09T08:03:00.764+0000] {logging_mixin.py:188} INFO - [2026-09-09T08:03:00.763+0000] {dagbag.py:545} INFO - Filling up the DagBag from /opt/airflow/dags/netflix_dag.py
[2026-09-09T08:03:00.815+0000] {processor.py:840} INFO - DAG(s) 'netflix_etl_pipeline' retrieved from /opt/airflow/dags/netflix_dag.py
[2026-09-09T08:03:00.897+0000] {logging_mixin.py:188} INFO - [2026-09-09T08:03:00.896+0000] {dag.py:3089} INFO - Sync 1 DAGs
[2026-09-09T08:03:00.944+0000] {logging_mixin.py:188} INFO - [2026-09-09T08:03:00.944+0000] {dag.py:3947} INFO - Setting next_dagrun for netflix_etl_pipeline to 2026-09-08 00:00:00+00:00, run_after=2026-09-09 00:00:00+00:00
[2026-09-09T08:03:00.991+0000] {processor.py:183} INFO - Processing /opt/airflow/dags/netflix_dag.py took 0.251 seconds
[2026-09-09T08:03:31.469+0000] {processor.py:161} INFO - Started process (PID=4553) to work on /opt/airflow/dags/netflix_dag.py
[2026-09-09T08:03:31.474+0000] {processor.py:830} INFO - Processing file /opt/airflow/dags/netflix_dag.py for tasks to queue
[2026-09-09T08:03:31.483+0000] {logging_mixin.py:188} INFO - [2026-09-09T08:03:31.481+0000] {dagbag.py:545} INFO - Filling up the DagBag from /opt/airflow/dags/netflix_dag.py
[2026-09-09T08:03:31.564+0000] {processor.py:840} INFO - DAG(s) 'netflix_etl_pipeline' retrieved from /opt/airflow/dags/netflix_dag.py
[2026-09-09T08:03:31.676+0000] {logging_mixin.py:188} INFO - [2026-09-09T08:03:31.676+0000] {dag.py:3089} INFO - Sync 1 DAGs
[2026-09-09T08:03:31.728+0000] {logging_mixin.py:188} INFO - [2026-09-09T08:03:31.727+0000] {dag.py:3947} INFO - Setting next_dagrun for netflix_etl_pipeline to 2026-09-08 00:00:00+00:00, run_after=2026-09-09 00:00:00+00:00
[2026-09-09T08:03:31.771+0000] {processor.py:183} INFO - Processing /opt/airflow/dags/netflix_dag.py took 0.357 seconds
[2026-09-09T08:04:02.094+0000] {processor.py:161} INFO - Started process (PID=4565) to work on /opt/airflow/dags/netflix_dag.py
[2026-09-09T08:04:02.113+0000] {processor.py:830} INFO - Processing file /opt/airflow/dags/netflix_dag.py for tasks to queue
[2026-09-09T08:04:02.131+0000] {logging_mixin.py:188} INFO - [2026-09-09T08:04:02.128+0000] {dagbag.py:545} INFO - Filling up the DagBag from /opt/airflow/dags/netflix_dag.py
[2026-09-09T08:04:02.186+0000] {processor.py:840} INFO - DAG(s) 'netflix_etl_pipeline' retrieved from /opt/airflow/dags/netflix_dag.py
[2026-09-09T08:04:02.263+0000] {logging_mixin.py:188} INFO - [2026-09-09T08:04:02.262+0000] {dag.py:3089} INFO - Sync 1 DAGs
[2026-09-09T08:04:02.311+0000] {logging_mixin.py:188} INFO - [2026-09-09T08:04:02.311+0000] {dag.py:3947} INFO - Setting next_dagrun for netflix_etl_pipeline to 2026-09-08 00:00:00+00:00, run_after=2026-09-09 00:00:00+00:00
[2026-09-09T08:04:02.360+0000] {processor.py:183} INFO - Processing /opt/airflow/dags/netflix_dag.py took 0.328 seconds
[2026-09-09T08:04:32.710+0000] {processor.py:161} INFO - Started process (PID=4576) to work on /opt/airflow/dags/netflix_dag.py
[2026-09-09T08:04:32.713+0000] {processor.py:830} INFO - Processing file /opt/airflow/dags/netflix_dag.py for tasks to queue
[2026-09-09T08:04:32.719+0000] {logging_mixin.py:188} INFO - [2026-09-09T08:04:32.718+0000] {dagbag.py:545} INFO - Filling up the DagBag from /opt/airflow/dags/netflix_dag.py
[2026-09-09T08:04:32.775+0000] {processor.py:840} INFO - DAG(s) 'netflix_etl_pipeline' retrieved from /opt/airflow/dags/netflix_dag.py
[2026-09-09T08:04:32.850+0000] {logging_mixin.py:188} INFO - [2026-09-09T08:04:32.850+0000] {dag.py:3089} INFO - Sync 1 DAGs
[2026-09-09T08:04:32.897+0000] {logging_mixin.py:188} INFO - [2026-09-09T08:04:32.896+0000] {dag.py:3947} INFO - Setting next_dagrun for netflix_etl_pipeline to 2026-09-08 00:00:00+00:00, run_after=2026-09-09 00:00:00+00:00
[2026-09-09T08:04:32.940+0000] {processor.py:183} INFO - Processing /opt/airflow/dags/netflix_dag.py took 0.247 seconds
[2026-09-09T08:05:03.271+0000] {processor.py:161} INFO - Started process (PID=4587) to work on /opt/airflow/dags/netflix_dag.py
[2026-09-09T08:05:03.274+0000] {processor.py:830} INFO - Processing file /opt/airflow/dags/netflix_dag.py for tasks to queue
[2026-09-09T08:05:03.279+0000] {logging_mixin.py:188} INFO - [2026-09-09T08:05:03.278+0000] {dagbag.py:545} INFO - Filling up the DagBag from /opt/airflow/dags/netflix_dag.py
[2026-09-09T08:05:03.351+0000] {processor.py:840} INFO - DAG(s) 'netflix_etl_pipeline' retrieved from /opt/airflow/dags/netflix_dag.py
[2026-09-09T08:05:03.430+0000] {logging_mixin.py:188} INFO - [2026-09-09T08:05:03.430+0000] {dag.py:3089} INFO - Sync 1 DAGs
[2026-09-09T08:05:03.480+0000] {logging_mixin.py:188} INFO - [2026-09-09T08:05:03.479+0000] {dag.py:3947} INFO - Setting next_dagrun for netflix_etl_pipeline to 2026-09-08 00:00:00+00:00, run_after=2026-09-09 00:00:00+00:00
[2026-09-09T08:05:03.522+0000] {processor.py:183} INFO - Processing /opt/airflow/dags/netflix_dag.py took 0.263 seconds
[2026-09-09T08:05:33.950+0000] {processor.py:161} INFO - Started process (PID=4604) to work on /opt/airflow/dags/netflix_dag.py
[2026-09-09T08:05:33.954+0000] {processor.py:830} INFO - Processing file /opt/airflow/dags/netflix_dag.py for tasks to queue
[2026-09-09T08:05:33.960+0000] {logging_mixin.py:188} INFO - [2026-09-09T08:05:33.959+0000] {dagbag.py:545} INFO - Filling up the DagBag from /opt/airflow/dags/netflix_dag.py
[2026-09-09T08:05:34.005+0000] {processor.py:840} INFO - DAG(s) 'netflix_etl_pipeline' retrieved from /opt/airflow/dags/netflix_dag.py
[2026-09-09T08:05:34.077+0000] {logging_mixin.py:188} INFO - [2026-09-09T08:05:34.077+0000] {dag.py:3089} INFO - Sync 1 DAGs
[2026-09-09T08:05:34.128+0000] {logging_mixin.py:188} INFO - [2026-09-09T08:05:34.127+0000] {dag.py:3947} INFO - Setting next_dagrun for netflix_etl_pipeline to 2026-09-08 00:00:00+00:00, run_after=2026-09-09 00:00:00+00:00
[2026-09-09T08:05:34.169+0000] {processor.py:183} INFO - Processing /opt/airflow/dags/netflix_dag.py took 0.242 seconds
[2026-09-09T08:06:04.539+0000] {processor.py:161} INFO - Started process (PID=4616) to work on /opt/airflow/dags/netflix_dag.py
[2026-09-09T08:06:04.546+0000] {processor.py:830} INFO - Processing file /opt/airflow/dags/netflix_dag.py for tasks to queue
[2026-09-09T08:06:04.559+0000] {logging_mixin.py:188} INFO - [2026-09-09T08:06:04.558+0000] {dagbag.py:545} INFO - Filling up the DagBag from /opt/airflow/dags/netflix_dag.py
[2026-09-09T08:06:04.674+0000] {processor.py:840} INFO - DAG(s) 'netflix_etl_pipeline' retrieved from /opt/airflow/dags/netflix_dag.py
[2026-09-09T08:06:04.924+0000] {logging_mixin.py:188} INFO - [2026-09-09T08:06:04.922+0000] {dag.py:3089} INFO - Sync 1 DAGs
[2026-09-09T08:06:05.110+0000] {logging_mixin.py:188} INFO - [2026-09-09T08:06:05.109+0000] {dag.py:3947} INFO - Setting next_dagrun for netflix_etl_pipeline to 2026-09-08 00:00:00+00:00, run_after=2026-09-09 00:00:00+00:00
[2026-09-09T08:06:05.169+0000] {processor.py:183} INFO - Processing /opt/airflow/dags/netflix_dag.py took 0.668 seconds
[2026-09-09T08:06:35.708+0000] {processor.py:161} INFO - Started process (PID=4627) to work on /opt/airflow/dags/netflix_dag.py
[2026-09-09T08:06:35.711+0000] {processor.py:830} INFO - Processing file /opt/airflow/dags/netflix_dag.py for tasks to queue
[2026-09-09T08:06:35.717+0000] {logging_mixin.py:188} INFO - [2026-09-09T08:06:35.717+0000] {dagbag.py:545} INFO - Filling up the DagBag from /opt/airflow/dags/netflix_dag.py
[2026-09-09T08:06:35.768+0000] {processor.py:840} INFO - DAG(s) 'netflix_etl_pipeline' retrieved from /opt/airflow/dags/netflix_dag.py
[2026-09-09T08:06:35.837+0000] {logging_mixin.py:188} INFO - [2026-09-09T08:06:35.836+0000] {dag.py:3089} INFO - Sync 1 DAGs
[2026-09-09T08:06:35.881+0000] {logging_mixin.py:188} INFO - [2026-09-09T08:06:35.881+0000] {dag.py:3947} INFO - Setting next_dagrun for netflix_etl_pipeline to 2026-09-08 00:00:00+00:00, run_after=2026-09-09 00:00:00+00:00
[2026-09-09T08:06:35.921+0000] {processor.py:183} INFO - Processing /opt/airflow/dags/netflix_dag.py took 0.225 seconds
[2026-09-09T08:07:06.180+0000] {processor.py:161} INFO - Started process (PID=4638) to work on /opt/airflow/dags/netflix_dag.py
[2026-09-09T08:07:06.183+0000] {processor.py:830} INFO - Processing file /opt/airflow/dags/netflix_dag.py for tasks to queue
[2026-09-09T08:07:06.195+0000] {logging_mixin.py:188} INFO - [2026-09-09T08:07:06.194+0000] {dagbag.py:545} INFO - Filling up the DagBag from /opt/airflow/dags/netflix_dag.py
[2026-09-09T08:07:06.256+0000] {processor.py:840} INFO - DAG(s) 'netflix_etl_pipeline' retrieved from /opt/airflow/dags/netflix_dag.py
[2026-09-09T08:07:06.331+0000] {logging_mixin.py:188} INFO - [2026-09-09T08:07:06.331+0000] {dag.py:3089} INFO - Sync 1 DAGs
[2026-09-09T08:07:06.382+0000] {logging_mixin.py:188} INFO - [2026-09-09T08:07:06.382+0000] {dag.py:3947} INFO - Setting next_dagrun for netflix_etl_pipeline to 2026-09-08 00:00:00+00:00, run_after=2026-09-09 00:00:00+00:00
[2026-09-09T08:07:06.423+0000] {processor.py:183} INFO - Processing /opt/airflow/dags/netflix_dag.py took 0.257 seconds
[2026-09-09T08:07:36.763+0000] {processor.py:161} INFO - Started process (PID=4650) to work on /opt/airflow/dags/netflix_dag.py
[2026-09-09T08:07:36.766+0000] {processor.py:830} INFO - Processing file /opt/airflow/dags/netflix_dag.py for tasks to queue
[2026-09-09T08:07:36.773+0000] {logging_mixin.py:188} INFO - [2026-09-09T08:07:36.770+0000] {dagbag.py:545} INFO - Filling up the DagBag from /opt/airflow/dags/netflix_dag.py
[2026-09-09T08:07:36.856+0000] {processor.py:840} INFO - DAG(s) 'netflix_etl_pipeline' retrieved from /opt/airflow/dags/netflix_dag.py
[2026-09-09T08:07:36.950+0000] {logging_mixin.py:188} INFO - [2026-09-09T08:07:36.950+0000] {dag.py:3089} INFO - Sync 1 DAGs
[2026-09-09T08:07:37.018+0000] {logging_mixin.py:188} INFO - [2026-09-09T08:07:37.018+0000] {dag.py:3947} INFO - Setting next_dagrun for netflix_etl_pipeline to 2026-09-08 00:00:00+00:00, run_after=2026-09-09 00:00:00+00:00
[2026-09-09T08:07:37.074+0000] {processor.py:183} INFO - Processing /opt/airflow/dags/netflix_dag.py took 0.332 seconds
[2026-09-09T08:08:07.273+0000] {processor.py:161} INFO - Started process (PID=4661) to work on /opt/airflow/dags/netflix_dag.py
[2026-09-09T08:08:07.276+0000] {processor.py:830} INFO - Processing file /opt/airflow/dags/netflix_dag.py for tasks to queue
[2026-09-09T08:08:07.282+0000] {logging_mixin.py:188} INFO - [2026-09-09T08:08:07.282+0000] {dagbag.py:545} INFO - Filling up the DagBag from /opt/airflow/dags/netflix_dag.py
[2026-09-09T08:08:07.332+0000] {processor.py:840} INFO - DAG(s) 'netflix_etl_pipeline' retrieved from /opt/airflow/dags/netflix_dag.py
[2026-09-09T08:08:07.420+0000] {logging_mixin.py:188} INFO - [2026-09-09T08:08:07.419+0000] {dag.py:3089} INFO - Sync 1 DAGs
[2026-09-09T08:08:07.469+0000] {logging_mixin.py:188} INFO - [2026-09-09T08:08:07.468+0000] {dag.py:3947} INFO - Setting next_dagrun for netflix_etl_pipeline to 2026-09-08 00:00:00+00:00, run_after=2026-09-09 00:00:00+00:00
[2026-09-09T08:08:07.509+0000] {processor.py:183} INFO - Processing /opt/airflow/dags/netflix_dag.py took 0.250 seconds
[2026-09-09T08:08:37.705+0000] {processor.py:161} INFO - Started process (PID=4672) to work on /opt/airflow/dags/netflix_dag.py
[2026-09-09T08:08:37.706+0000] {processor.py:830} INFO - Processing file /opt/airflow/dags/netflix_dag.py for tasks to queue
[2026-09-09T08:08:37.709+0000] {logging_mixin.py:188} INFO - [2026-09-09T08:08:37.709+0000] {dagbag.py:545} INFO - Filling up the DagBag from /opt/airflow/dags/netflix_dag.py
[2026-09-09T08:08:37.734+0000] {processor.py:840} INFO - DAG(s) 'netflix_etl_pipeline' retrieved from /opt/airflow/dags/netflix_dag.py
[2026-09-09T08:08:37.776+0000] {logging_mixin.py:188} INFO - [2026-09-09T08:08:37.776+0000] {dag.py:3089} INFO - Sync 1 DAGs
[2026-09-09T08:08:37.805+0000] {logging_mixin.py:188} INFO - [2026-09-09T08:08:37.805+0000] {dag.py:3947} INFO - Setting next_dagrun for netflix_etl_pipeline to 2026-09-08 00:00:00+00:00, run_after=2026-09-09 00:00:00+00:00
[2026-09-09T08:08:37.827+0000] {processor.py:183} INFO - Processing /opt/airflow/dags/netflix_dag.py took 0.127 seconds
[2026-09-09T08:09:07.902+0000] {processor.py:161} INFO - Started process (PID=4683) to work on /opt/airflow/dags/netflix_dag.py
[2026-09-09T08:09:07.904+0000] {processor.py:830} INFO - Processing file /opt/airflow/dags/netflix_dag.py for tasks to queue
[2026-09-09T08:09:07.907+0000] {logging_mixin.py:188} INFO - [2026-09-09T08:09:07.907+0000] {dagbag.py:545} INFO - Filling up the DagBag from /opt/airflow/dags/netflix_dag.py
[2026-09-09T08:09:07.932+0000] {processor.py:840} INFO - DAG(s) 'netflix_etl_pipeline' retrieved from /opt/airflow/dags/netflix_dag.py
[2026-09-09T08:09:07.967+0000] {logging_mixin.py:188} INFO - [2026-09-09T08:09:07.966+0000] {dag.py:3089} INFO - Sync 1 DAGs
[2026-09-09T08:09:07.988+0000] {logging_mixin.py:188} INFO - [2026-09-09T08:09:07.988+0000] {dag.py:3947} INFO - Setting next_dagrun for netflix_etl_pipeline to 2026-09-08 00:00:00+00:00, run_after=2026-09-09 00:00:00+00:00
[2026-09-09T08:09:08.011+0000] {processor.py:183} INFO - Processing /opt/airflow/dags/netflix_dag.py took 0.115 seconds
[2026-09-09T08:09:38.215+0000] {processor.py:161} INFO - Started process (PID=4694) to work on /opt/airflow/dags/netflix_dag.py
[2026-09-09T08:09:38.217+0000] {processor.py:830} INFO - Processing file /opt/airflow/dags/netflix_dag.py for tasks to queue
[2026-09-09T08:09:38.219+0000] {logging_mixin.py:188} INFO - [2026-09-09T08:09:38.219+0000] {dagbag.py:545} INFO - Filling up the DagBag from /opt/airflow/dags/netflix_dag.py
[2026-09-09T08:09:38.247+0000] {processor.py:840} INFO - DAG(s) 'netflix_etl_pipeline' retrieved from /opt/airflow/dags/netflix_dag.py
[2026-09-09T08:09:38.281+0000] {logging_mixin.py:188} INFO - [2026-09-09T08:09:38.281+0000] {dag.py:3089} INFO - Sync 1 DAGs
[2026-09-09T08:09:38.303+0000] {logging_mixin.py:188} INFO - [2026-09-09T08:09:38.303+0000] {dag.py:3947} INFO - Setting next_dagrun for netflix_etl_pipeline to 2026-09-08 00:00:00+00:00, run_after=2026-09-09 00:00:00+00:00
[2026-09-09T08:09:38.326+0000] {processor.py:183} INFO - Processing /opt/airflow/dags/netflix_dag.py took 0.118 seconds
[2026-09-09T08:10:08.420+0000] {processor.py:161} INFO - Started process (PID=4705) to work on /opt/airflow/dags/netflix_dag.py
[2026-09-09T08:10:08.421+0000] {processor.py:830} INFO - Processing file /opt/airflow/dags/netflix_dag.py for tasks to queue
[2026-09-09T08:10:08.425+0000] {logging_mixin.py:188} INFO - [2026-09-09T08:10:08.424+0000] {dagbag.py:545} INFO - Filling up the DagBag from /opt/airflow/dags/netflix_dag.py
[2026-09-09T08:10:08.450+0000] {processor.py:840} INFO - DAG(s) 'netflix_etl_pipeline' retrieved from /opt/airflow/dags/netflix_dag.py
[2026-09-09T08:10:08.485+0000] {logging_mixin.py:188} INFO - [2026-09-09T08:10:08.485+0000] {dag.py:3089} INFO - Sync 1 DAGs
[2026-09-09T08:10:08.509+0000] {logging_mixin.py:188} INFO - [2026-09-09T08:10:08.509+0000] {dag.py:3947} INFO - Setting next_dagrun for netflix_etl_pipeline to 2026-09-08 00:00:00+00:00, run_after=2026-09-09 00:00:00+00:00
[2026-09-09T08:10:08.531+0000] {processor.py:183} INFO - Processing /opt/airflow/dags/netflix_dag.py took 0.119 seconds
[2026-09-09T08:10:38.750+0000] {processor.py:161} INFO - Started process (PID=4716) to work on /opt/airflow/dags/netflix_dag.py
[2026-09-09T08:10:38.752+0000] {processor.py:830} INFO - Processing file /opt/airflow/dags/netflix_dag.py for tasks to queue
[2026-09-09T08:10:38.754+0000] {logging_mixin.py:188} INFO - [2026-09-09T08:10:38.754+0000] {dagbag.py:545} INFO - Filling up the DagBag from /opt/airflow/dags/netflix_dag.py
[2026-09-09T08:10:38.780+0000] {processor.py:840} INFO - DAG(s) 'netflix_etl_pipeline' retrieved from /opt/airflow/dags/netflix_dag.py
[2026-09-09T08:10:38.820+0000] {logging_mixin.py:188} INFO - [2026-09-09T08:10:38.820+0000] {dag.py:3089} INFO - Sync 1 DAGs
[2026-09-09T08:10:38.847+0000] {logging_mixin.py:188} INFO - [2026-09-09T08:10:38.847+0000] {dag.py:3947} INFO - Setting next_dagrun for netflix_etl_pipeline to 2026-09-08 00:00:00+00:00, run_after=2026-09-09 00:00:00+00:00
[2026-09-09T08:10:38.870+0000] {processor.py:183} INFO - Processing /opt/airflow/dags/netflix_dag.py took 0.127 seconds
[2026-09-09T08:11:08.950+0000] {processor.py:161} INFO - Started process (PID=4727) to work on /opt/airflow/dags/netflix_dag.py
[2026-09-09T08:11:08.952+0000] {processor.py:830} INFO - Processing file /opt/airflow/dags/netflix_dag.py for tasks to queue
[2026-09-09T08:11:08.955+0000] {logging_mixin.py:188} INFO - [2026-09-09T08:11:08.955+0000] {dagbag.py:545} INFO - Filling up the DagBag from /opt/airflow/dags/netflix_dag.py
[2026-09-09T08:11:08.979+0000] {processor.py:840} INFO - DAG(s) 'netflix_etl_pipeline' retrieved from /opt/airflow/dags/netflix_dag.py
[2026-09-09T08:11:09.014+0000] {logging_mixin.py:188} INFO - [2026-09-09T08:11:09.014+0000] {dag.py:3089} INFO - Sync 1 DAGs
[2026-09-09T08:11:09.037+0000] {logging_mixin.py:188} INFO - [2026-09-09T08:11:09.037+0000] {dag.py:3947} INFO - Setting next_dagrun for netflix_etl_pipeline to 2026-09-08 00:00:00+00:00, run_after=2026-09-09 00:00:00+00:00
[2026-09-09T08:11:09.060+0000] {processor.py:183} INFO - Processing /opt/airflow/dags/netflix_dag.py took 0.117 seconds
[2026-09-09T08:11:39.260+0000] {processor.py:161} INFO - Started process (PID=4738) to work on /opt/airflow/dags/netflix_dag.py
[2026-09-09T08:11:39.262+0000] {processor.py:830} INFO - Processing file /opt/airflow/dags/netflix_dag.py for tasks to queue
[2026-09-09T08:11:39.265+0000] {logging_mixin.py:188} INFO - [2026-09-09T08:11:39.264+0000] {dagbag.py:545} INFO - Filling up the DagBag from /opt/airflow/dags/netflix_dag.py
[2026-09-09T08:11:39.289+0000] {processor.py:840} INFO - DAG(s) 'netflix_etl_pipeline' retrieved from /opt/airflow/dags/netflix_dag.py
[2026-09-09T08:11:39.327+0000] {logging_mixin.py:188} INFO - [2026-09-09T08:11:39.327+0000] {dag.py:3089} INFO - Sync 1 DAGs
[2026-09-09T08:11:39.351+0000] {logging_mixin.py:188} INFO - [2026-09-09T08:11:39.351+0000] {dag.py:3947} INFO - Setting next_dagrun for netflix_etl_pipeline to 2026-09-08 00:00:00+00:00, run_after=2026-09-09 00:00:00+00:00
[2026-09-09T08:11:39.376+0000] {processor.py:183} INFO - Processing /opt/airflow/dags/netflix_dag.py took 0.122 seconds
[2026-09-09T08:12:09.487+0000] {processor.py:161} INFO - Started process (PID=4749) to work on /opt/airflow/dags/netflix_dag.py
[2026-09-09T08:12:09.489+0000] {processor.py:830} INFO - Processing file /opt/airflow/dags/netflix_dag.py for tasks to queue
[2026-09-09T08:12:09.494+0000] {logging_mixin.py:188} INFO - [2026-09-09T08:12:09.493+0000] {dagbag.py:545} INFO - Filling up the DagBag from /opt/airflow/dags/netflix_dag.py
[2026-09-09T08:12:09.520+0000] {processor.py:840} INFO - DAG(s) 'netflix_etl_pipeline' retrieved from /opt/airflow/dags/netflix_dag.py
[2026-09-09T08:12:09.564+0000] {logging_mixin.py:188} INFO - [2026-09-09T08:12:09.564+0000] {dag.py:3089} INFO - Sync 1 DAGs
[2026-09-09T08:12:09.588+0000] {logging_mixin.py:188} INFO - [2026-09-09T08:12:09.587+0000] {dag.py:3947} INFO - Setting next_dagrun for netflix_etl_pipeline to 2026-09-08 00:00:00+00:00, run_after=2026-09-09 00:00:00+00:00
[2026-09-09T08:12:09.611+0000] {processor.py:183} INFO - Processing /opt/airflow/dags/netflix_dag.py took 0.132 seconds
[2026-09-09T08:12:39.794+0000] {processor.py:161} INFO - Started process (PID=4760) to work on /opt/airflow/dags/netflix_dag.py
[2026-09-09T08:12:39.796+0000] {processor.py:830} INFO - Processing file /opt/airflow/dags/netflix_dag.py for tasks to queue
[2026-09-09T08:12:39.799+0000] {logging_mixin.py:188} INFO - [2026-09-09T08:12:39.798+0000] {dagbag.py:545} INFO - Filling up the DagBag from /opt/airflow/dags/netflix_dag.py
[2026-09-09T08:12:39.825+0000] {processor.py:840} INFO - DAG(s) 'netflix_etl_pipeline' retrieved from /opt/airflow/dags/netflix_dag.py
[2026-09-09T08:12:39.864+0000] {logging_mixin.py:188} INFO - [2026-09-09T08:12:39.863+0000] {dag.py:3089} INFO - Sync 1 DAGs
[2026-09-09T08:12:39.887+0000] {logging_mixin.py:188} INFO - [2026-09-09T08:12:39.887+0000] {dag.py:3947} INFO - Setting next_dagrun for netflix_etl_pipeline to 2026-09-08 00:00:00+00:00, run_after=2026-09-09 00:00:00+00:00
[2026-09-09T08:12:39.910+0000] {processor.py:183} INFO - Processing /opt/airflow/dags/netflix_dag.py took 0.123 seconds
[2026-09-09T08:13:10.033+0000] {processor.py:161} INFO - Started process (PID=4771) to work on /opt/airflow/dags/netflix_dag.py
[2026-09-09T08:13:10.034+0000] {processor.py:830} INFO - Processing file /opt/airflow/dags/netflix_dag.py for tasks to queue
[2026-09-09T08:13:10.037+0000] {logging_mixin.py:188} INFO - [2026-09-09T08:13:10.037+0000] {dagbag.py:545} INFO - Filling up the DagBag from /opt/airflow/dags/netflix_dag.py
[2026-09-09T08:13:10.068+0000] {processor.py:840} INFO - DAG(s) 'netflix_etl_pipeline' retrieved from /opt/airflow/dags/netflix_dag.py
[2026-09-09T08:13:10.115+0000] {logging_mixin.py:188} INFO - [2026-09-09T08:13:10.114+0000] {dag.py:3089} INFO - Sync 1 DAGs
[2026-09-09T08:13:10.143+0000] {logging_mixin.py:188} INFO - [2026-09-09T08:13:10.142+0000] {dag.py:3947} INFO - Setting next_dagrun for netflix_etl_pipeline to 2026-09-08 00:00:00+00:00, run_after=2026-09-09 00:00:00+00:00
[2026-09-09T08:13:10.166+0000] {processor.py:183} INFO - Processing /opt/airflow/dags/netflix_dag.py took 0.140 seconds
[2026-09-09T08:13:40.349+0000] {processor.py:161} INFO - Started process (PID=4782) to work on /opt/airflow/dags/netflix_dag.py
[2026-09-09T08:13:40.352+0000] {processor.py:830} INFO - Processing file /opt/airflow/dags/netflix_dag.py for tasks to queue
[2026-09-09T08:13:40.356+0000] {logging_mixin.py:188} INFO - [2026-09-09T08:13:40.355+0000] {dagbag.py:545} INFO - Filling up the DagBag from /opt/airflow/dags/netflix_dag.py
[2026-09-09T08:13:40.389+0000] {processor.py:840} INFO - DAG(s) 'netflix_etl_pipeline' retrieved from /opt/airflow/dags/netflix_dag.py
[2026-09-09T08:13:40.434+0000] {logging_mixin.py:188} INFO - [2026-09-09T08:13:40.434+0000] {dag.py:3089} INFO - Sync 1 DAGs
[2026-09-09T08:13:40.463+0000] {logging_mixin.py:188} INFO - [2026-09-09T08:13:40.463+0000] {dag.py:3947} INFO - Setting next_dagrun for netflix_etl_pipeline to 2026-09-08 00:00:00+00:00, run_after=2026-09-09 00:00:00+00:00
[2026-09-09T08:13:40.489+0000] {processor.py:183} INFO - Processing /opt/airflow/dags/netflix_dag.py took 0.155 seconds
[2026-09-09T08:14:10.649+0000] {processor.py:161} INFO - Started process (PID=4793) to work on /opt/airflow/dags/netflix_dag.py
[2026-09-09T08:14:10.654+0000] {processor.py:830} INFO - Processing file /opt/airflow/dags/netflix_dag.py for tasks to queue
[2026-09-09T08:14:10.660+0000] {logging_mixin.py:188} INFO - [2026-09-09T08:14:10.659+0000] {dagbag.py:545} INFO - Filling up the DagBag from /opt/airflow/dags/netflix_dag.py
[2026-09-09T08:14:10.717+0000] {processor.py:840} INFO - DAG(s) 'netflix_etl_pipeline' retrieved from /opt/airflow/dags/netflix_dag.py
[2026-09-09T08:14:10.798+0000] {logging_mixin.py:188} INFO - [2026-09-09T08:14:10.798+0000] {dag.py:3089} INFO - Sync 1 DAGs
[2026-09-09T08:14:10.854+0000] {logging_mixin.py:188} INFO - [2026-09-09T08:14:10.854+0000] {dag.py:3947} INFO - Setting next_dagrun for netflix_etl_pipeline to 2026-09-08 00:00:00+00:00, run_after=2026-09-09 00:00:00+00:00
[2026-09-09T08:14:10.897+0000] {processor.py:183} INFO - Processing /opt/airflow/dags/netflix_dag.py took 0.268 seconds
[2026-09-09T08:14:41.171+0000] {processor.py:161} INFO - Started process (PID=4804) to work on /opt/airflow/dags/netflix_dag.py
[2026-09-09T08:14:41.175+0000] {processor.py:830} INFO - Processing file /opt/airflow/dags/netflix_dag.py for tasks to queue
[2026-09-09T08:14:41.181+0000] {logging_mixin.py:188} INFO - [2026-09-09T08:14:41.180+0000] {dagbag.py:545} INFO - Filling up the DagBag from /opt/airflow/dags/netflix_dag.py
[2026-09-09T08:14:41.240+0000] {processor.py:840} INFO - DAG(s) 'netflix_etl_pipeline' retrieved from /opt/airflow/dags/netflix_dag.py
[2026-09-09T08:14:41.322+0000] {logging_mixin.py:188} INFO - [2026-09-09T08:14:41.321+0000] {dag.py:3089} INFO - Sync 1 DAGs
[2026-09-09T08:14:41.374+0000] {logging_mixin.py:188} INFO - [2026-09-09T08:14:41.373+0000] {dag.py:3947} INFO - Setting next_dagrun for netflix_etl_pipeline to 2026-09-08 00:00:00+00:00, run_after=2026-09-09 00:00:00+00:00
[2026-09-09T08:14:41.418+0000] {processor.py:183} INFO - Processing /opt/airflow/dags/netflix_dag.py took 0.264 seconds
[2026-09-09T08:15:11.701+0000] {processor.py:161} INFO - Started process (PID=4815) to work on /opt/airflow/dags/netflix_dag.py
[2026-09-09T08:15:11.703+0000] {processor.py:830} INFO - Processing file /opt/airflow/dags/netflix_dag.py for tasks to queue
[2026-09-09T08:15:11.705+0000] {logging_mixin.py:188} INFO - [2026-09-09T08:15:11.705+0000] {dagbag.py:545} INFO - Filling up the DagBag from /opt/airflow/dags/netflix_dag.py
[2026-09-09T08:15:11.730+0000] {processor.py:840} INFO - DAG(s) 'netflix_etl_pipeline' retrieved from /opt/airflow/dags/netflix_dag.py
[2026-09-09T08:15:11.768+0000] {logging_mixin.py:188} INFO - [2026-09-09T08:15:11.768+0000] {dag.py:3089} INFO - Sync 1 DAGs
[2026-09-09T08:15:11.792+0000] {logging_mixin.py:188} INFO - [2026-09-09T08:15:11.792+0000] {dag.py:3947} INFO - Setting next_dagrun for netflix_etl_pipeline to 2026-09-08 00:00:00+00:00, run_after=2026-09-09 00:00:00+00:00
[2026-09-09T08:15:11.816+0000] {processor.py:183} INFO - Processing /opt/airflow/dags/netflix_dag.py took 0.123 seconds
[2026-09-09T08:15:41.893+0000] {processor.py:161} INFO - Started process (PID=4826) to work on /opt/airflow/dags/netflix_dag.py
[2026-09-09T08:15:41.895+0000] {processor.py:830} INFO - Processing file /opt/airflow/dags/netflix_dag.py for tasks to queue
[2026-09-09T08:15:41.898+0000] {logging_mixin.py:188} INFO - [2026-09-09T08:15:41.898+0000] {dagbag.py:545} INFO - Filling up the DagBag from /opt/airflow/dags/netflix_dag.py
[2026-09-09T08:15:41.922+0000] {processor.py:840} INFO - DAG(s) 'netflix_etl_pipeline' retrieved from /opt/airflow/dags/netflix_dag.py
[2026-09-09T08:15:41.963+0000] {logging_mixin.py:188} INFO - [2026-09-09T08:15:41.963+0000] {dag.py:3089} INFO - Sync 1 DAGs
[2026-09-09T08:15:41.987+0000] {logging_mixin.py:188} INFO - [2026-09-09T08:15:41.987+0000] {dag.py:3947} INFO - Setting next_dagrun for netflix_etl_pipeline to 2026-09-08 00:00:00+00:00, run_after=2026-09-09 00:00:00+00:00
[2026-09-09T08:15:42.011+0000] {processor.py:183} INFO - Processing /opt/airflow/dags/netflix_dag.py took 0.125 seconds
[2026-09-09T08:16:12.232+0000] {processor.py:161} INFO - Started process (PID=4837) to work on /opt/airflow/dags/netflix_dag.py
[2026-09-09T08:16:12.234+0000] {processor.py:830} INFO - Processing file /opt/airflow/dags/netflix_dag.py for tasks to queue
[2026-09-09T08:16:12.237+0000] {logging_mixin.py:188} INFO - [2026-09-09T08:16:12.237+0000] {dagbag.py:545} INFO - Filling up the DagBag from /opt/airflow/dags/netflix_dag.py
[2026-09-09T08:16:12.263+0000] {processor.py:840} INFO - DAG(s) 'netflix_etl_pipeline' retrieved from /opt/airflow/dags/netflix_dag.py
[2026-09-09T08:16:12.299+0000] {logging_mixin.py:188} INFO - [2026-09-09T08:16:12.299+0000] {dag.py:3089} INFO - Sync 1 DAGs
[2026-09-09T08:16:12.322+0000] {logging_mixin.py:188} INFO - [2026-09-09T08:16:12.322+0000] {dag.py:3947} INFO - Setting next_dagrun for netflix_etl_pipeline to 2026-09-08 00:00:00+00:00, run_after=2026-09-09 00:00:00+00:00
[2026-09-09T08:16:12.350+0000] {processor.py:183} INFO - Processing /opt/airflow/dags/netflix_dag.py took 0.125 seconds
[2026-09-09T08:16:42.450+0000] {processor.py:161} INFO - Started process (PID=4848) to work on /opt/airflow/dags/netflix_dag.py
[2026-09-09T08:16:42.452+0000] {processor.py:830} INFO - Processing file /opt/airflow/dags/netflix_dag.py for tasks to queue
[2026-09-09T08:16:42.455+0000] {logging_mixin.py:188} INFO - [2026-09-09T08:16:42.454+0000] {dagbag.py:545} INFO - Filling up the DagBag from /opt/airflow/dags/netflix_dag.py
[2026-09-09T08:16:42.483+0000] {processor.py:840} INFO - DAG(s) 'netflix_etl_pipeline' retrieved from /opt/airflow/dags/netflix_dag.py
[2026-09-09T08:16:42.533+0000] {logging_mixin.py:188} INFO - [2026-09-09T08:16:42.533+0000] {dag.py:3089} INFO - Sync 1 DAGs
[2026-09-09T08:16:42.561+0000] {logging_mixin.py:188} INFO - [2026-09-09T08:16:42.561+0000] {dag.py:3947} INFO - Setting next_dagrun for netflix_etl_pipeline to 2026-09-08 00:00:00+00:00, run_after=2026-09-09 00:00:00+00:00
[2026-09-09T08:16:42.584+0000] {processor.py:183} INFO - Processing /opt/airflow/dags/netflix_dag.py took 0.142 seconds
[2026-09-09T08:17:12.755+0000] {processor.py:161} INFO - Started process (PID=4859) to work on /opt/airflow/dags/netflix_dag.py
[2026-09-09T08:17:12.757+0000] {processor.py:830} INFO - Processing file /opt/airflow/dags/netflix_dag.py for tasks to queue
[2026-09-09T08:17:12.759+0000] {logging_mixin.py:188} INFO - [2026-09-09T08:17:12.759+0000] {dagbag.py:545} INFO - Filling up the DagBag from /opt/airflow/dags/netflix_dag.py
[2026-09-09T08:17:12.797+0000] {processor.py:840} INFO - DAG(s) 'netflix_etl_pipeline' retrieved from /opt/airflow/dags/netflix_dag.py
[2026-09-09T08:17:12.845+0000] {logging_mixin.py:188} INFO - [2026-09-09T08:17:12.845+0000] {dag.py:3089} INFO - Sync 1 DAGs
[2026-09-09T08:17:12.880+0000] {logging_mixin.py:188} INFO - [2026-09-09T08:17:12.880+0000] {dag.py:3947} INFO - Setting next_dagrun for netflix_etl_pipeline to 2026-09-08 00:00:00+00:00, run_after=2026-09-09 00:00:00+00:00
[2026-09-09T08:17:12.910+0000] {processor.py:183} INFO - Processing /opt/airflow/dags/netflix_dag.py took 0.162 seconds
[2026-09-09T08:17:43.007+0000] {processor.py:161} INFO - Started process (PID=4870) to work on /opt/airflow/dags/netflix_dag.py
[2026-09-09T08:17:43.009+0000] {processor.py:830} INFO - Processing file /opt/airflow/dags/netflix_dag.py for tasks to queue
[2026-09-09T08:17:43.012+0000] {logging_mixin.py:188} INFO - [2026-09-09T08:17:43.012+0000] {dagbag.py:545} INFO - Filling up the DagBag from /opt/airflow/dags/netflix_dag.py
[2026-09-09T08:17:43.038+0000] {processor.py:840} INFO - DAG(s) 'netflix_etl_pipeline' retrieved from /opt/airflow/dags/netflix_dag.py
[2026-09-09T08:17:43.074+0000] {logging_mixin.py:188} INFO - [2026-09-09T08:17:43.074+0000] {dag.py:3089} INFO - Sync 1 DAGs
[2026-09-09T08:17:43.104+0000] {logging_mixin.py:188} INFO - [2026-09-09T08:17:43.104+0000] {dag.py:3947} INFO - Setting next_dagrun for netflix_etl_pipeline to 2026-09-08 00:00:00+00:00, run_after=2026-09-09 00:00:00+00:00
[2026-09-09T08:17:43.126+0000] {processor.py:183} INFO - Processing /opt/airflow/dags/netflix_dag.py took 0.125 seconds
[2026-09-09T08:18:13.350+0000] {processor.py:161} INFO - Started process (PID=4881) to work on /opt/airflow/dags/netflix_dag.py
[2026-09-09T08:18:13.352+0000] {processor.py:830} INFO - Processing file /opt/airflow/dags/netflix_dag.py for tasks to queue
[2026-09-09T08:18:13.354+0000] {logging_mixin.py:188} INFO - [2026-09-09T08:18:13.354+0000] {dagbag.py:545} INFO - Filling up the DagBag from /opt/airflow/dags/netflix_dag.py
[2026-09-09T08:18:13.380+0000] {processor.py:840} INFO - DAG(s) 'netflix_etl_pipeline' retrieved from /opt/airflow/dags/netflix_dag.py
[2026-09-09T08:18:13.417+0000] {logging_mixin.py:188} INFO - [2026-09-09T08:18:13.416+0000] {dag.py:3089} INFO - Sync 1 DAGs
[2026-09-09T08:18:13.440+0000] {logging_mixin.py:188} INFO - [2026-09-09T08:18:13.440+0000] {dag.py:3947} INFO - Setting next_dagrun for netflix_etl_pipeline to 2026-09-08 00:00:00+00:00, run_after=2026-09-09 00:00:00+00:00
[2026-09-09T08:18:13.466+0000] {processor.py:183} INFO - Processing /opt/airflow/dags/netflix_dag.py took 0.122 seconds
[2026-09-09T08:18:43.564+0000] {processor.py:161} INFO - Started process (PID=4892) to work on /opt/airflow/dags/netflix_dag.py
[2026-09-09T08:18:43.566+0000] {processor.py:830} INFO - Processing file /opt/airflow/dags/netflix_dag.py for tasks to queue
[2026-09-09T08:18:43.569+0000] {logging_mixin.py:188} INFO - [2026-09-09T08:18:43.569+0000] {dagbag.py:545} INFO - Filling up the DagBag from /opt/airflow/dags/netflix_dag.py
[2026-09-09T08:18:43.597+0000] {processor.py:840} INFO - DAG(s) 'netflix_etl_pipeline' retrieved from /opt/airflow/dags/netflix_dag.py
[2026-09-09T08:18:43.636+0000] {logging_mixin.py:188} INFO - [2026-09-09T08:18:43.635+0000] {dag.py:3089} INFO - Sync 1 DAGs
[2026-09-09T08:18:43.662+0000] {logging_mixin.py:188} INFO - [2026-09-09T08:18:43.662+0000] {dag.py:3947} INFO - Setting next_dagrun for netflix_etl_pipeline to 2026-09-08 00:00:00+00:00, run_after=2026-09-09 00:00:00+00:00
[2026-09-09T08:18:43.686+0000] {processor.py:183} INFO - Processing /opt/airflow/dags/netflix_dag.py took 0.130 seconds
[2026-09-09T08:19:13.920+0000] {processor.py:161} INFO - Started process (PID=4903) to work on /opt/airflow/dags/netflix_dag.py
[2026-09-09T08:19:13.924+0000] {processor.py:830} INFO - Processing file /opt/airflow/dags/netflix_dag.py for tasks to queue
[2026-09-09T08:19:13.931+0000] {logging_mixin.py:188} INFO - [2026-09-09T08:19:13.930+0000] {dagbag.py:545} INFO - Filling up the DagBag from /opt/airflow/dags/netflix_dag.py
[2026-09-09T08:19:13.996+0000] {processor.py:840} INFO - DAG(s) 'netflix_etl_pipeline' retrieved from /opt/airflow/dags/netflix_dag.py
[2026-09-09T08:19:14.070+0000] {logging_mixin.py:188} INFO - [2026-09-09T08:19:14.069+0000] {dag.py:3089} INFO - Sync 1 DAGs
[2026-09-09T08:19:14.113+0000] {logging_mixin.py:188} INFO - [2026-09-09T08:19:14.112+0000] {dag.py:3947} INFO - Setting next_dagrun for netflix_etl_pipeline to 2026-09-08 00:00:00+00:00, run_after=2026-09-09 00:00:00+00:00
[2026-09-09T08:19:14.142+0000] {processor.py:183} INFO - Processing /opt/airflow/dags/netflix_dag.py took 0.245 seconds
[2026-09-09T08:19:44.457+0000] {processor.py:161} INFO - Started process (PID=4914) to work on /opt/airflow/dags/netflix_dag.py
[2026-09-09T08:19:44.461+0000] {processor.py:830} INFO - Processing file /opt/airflow/dags/netflix_dag.py for tasks to queue
[2026-09-09T08:19:44.466+0000] {logging_mixin.py:188} INFO - [2026-09-09T08:19:44.465+0000] {dagbag.py:545} INFO - Filling up the DagBag from /opt/airflow/dags/netflix_dag.py
[2026-09-09T08:19:44.516+0000] {processor.py:840} INFO - DAG(s) 'netflix_etl_pipeline' retrieved from /opt/airflow/dags/netflix_dag.py
[2026-09-09T08:19:44.599+0000] {logging_mixin.py:188} INFO - [2026-09-09T08:19:44.599+0000] {dag.py:3089} INFO - Sync 1 DAGs
[2026-09-09T08:19:44.677+0000] {logging_mixin.py:188} INFO - [2026-09-09T08:19:44.676+0000] {dag.py:3947} INFO - Setting next_dagrun for netflix_etl_pipeline to 2026-09-08 00:00:00+00:00, run_after=2026-09-09 00:00:00+00:00
[2026-09-09T08:19:44.770+0000] {processor.py:183} INFO - Processing /opt/airflow/dags/netflix_dag.py took 0.334 seconds
[2026-09-09T08:20:15.132+0000] {processor.py:161} INFO - Started process (PID=4925) to work on /opt/airflow/dags/netflix_dag.py
[2026-09-09T08:20:15.134+0000] {processor.py:830} INFO - Processing file /opt/airflow/dags/netflix_dag.py for tasks to queue
[2026-09-09T08:20:15.137+0000] {logging_mixin.py:188} INFO - [2026-09-09T08:20:15.137+0000] {dagbag.py:545} INFO - Filling up the DagBag from /opt/airflow/dags/netflix_dag.py
[2026-09-09T08:20:15.161+0000] {processor.py:840} INFO - DAG(s) 'netflix_etl_pipeline' retrieved from /opt/airflow/dags/netflix_dag.py
[2026-09-09T08:20:15.206+0000] {logging_mixin.py:188} INFO - [2026-09-09T08:20:15.206+0000] {dag.py:3089} INFO - Sync 1 DAGs
[2026-09-09T08:20:15.232+0000] {logging_mixin.py:188} INFO - [2026-09-09T08:20:15.232+0000] {dag.py:3947} INFO - Setting next_dagrun for netflix_etl_pipeline to 2026-09-08 00:00:00+00:00, run_after=2026-09-09 00:00:00+00:00
[2026-09-09T08:20:15.256+0000] {processor.py:183} INFO - Processing /opt/airflow/dags/netflix_dag.py took 0.132 seconds
[2026-09-09T08:20:45.372+0000] {processor.py:161} INFO - Started process (PID=4936) to work on /opt/airflow/dags/netflix_dag.py
[2026-09-09T08:20:45.374+0000] {processor.py:830} INFO - Processing file /opt/airflow/dags/netflix_dag.py for tasks to queue
[2026-09-09T08:20:45.376+0000] {logging_mixin.py:188} INFO - [2026-09-09T08:20:45.376+0000] {dagbag.py:545} INFO - Filling up the DagBag from /opt/airflow/dags/netflix_dag.py
[2026-09-09T08:20:45.401+0000] {processor.py:840} INFO - DAG(s) 'netflix_etl_pipeline' retrieved from /opt/airflow/dags/netflix_dag.py
[2026-09-09T08:20:45.464+0000] {logging_mixin.py:188} INFO - [2026-09-09T08:20:45.464+0000] {dag.py:3089} INFO - Sync 1 DAGs
[2026-09-09T08:20:45.570+0000] {logging_mixin.py:188} INFO - [2026-09-09T08:20:45.570+0000] {dag.py:3947} INFO - Setting next_dagrun for netflix_etl_pipeline to 2026-09-08 00:00:00+00:00, run_after=2026-09-09 00:00:00+00:00
[2026-09-09T08:20:45.608+0000] {processor.py:183} INFO - Processing /opt/airflow/dags/netflix_dag.py took 0.246 seconds
[2026-09-09T08:21:15.741+0000] {processor.py:161} INFO - Started process (PID=4947) to work on /opt/airflow/dags/netflix_dag.py
[2026-09-09T08:21:15.744+0000] {processor.py:830} INFO - Processing file /opt/airflow/dags/netflix_dag.py for tasks to queue
[2026-09-09T08:21:15.749+0000] {logging_mixin.py:188} INFO - [2026-09-09T08:21:15.748+0000] {dagbag.py:545} INFO - Filling up the DagBag from /opt/airflow/dags/netflix_dag.py
[2026-09-09T08:21:15.794+0000] {processor.py:840} INFO - DAG(s) 'netflix_etl_pipeline' retrieved from /opt/airflow/dags/netflix_dag.py
[2026-09-09T08:21:15.880+0000] {logging_mixin.py:188} INFO - [2026-09-09T08:21:15.880+0000] {dag.py:3089} INFO - Sync 1 DAGs
[2026-09-09T08:21:15.949+0000] {logging_mixin.py:188} INFO - [2026-09-09T08:21:15.949+0000] {dag.py:3947} INFO - Setting next_dagrun for netflix_etl_pipeline to 2026-09-08 00:00:00+00:00, run_after=2026-09-09 00:00:00+00:00
[2026-09-09T08:21:15.990+0000] {processor.py:183} INFO - Processing /opt/airflow/dags/netflix_dag.py took 0.263 seconds
[2026-09-09T08:21:46.112+0000] {processor.py:161} INFO - Started process (PID=4958) to work on /opt/airflow/dags/netflix_dag.py
[2026-09-09T08:21:46.115+0000] {processor.py:830} INFO - Processing file /opt/airflow/dags/netflix_dag.py for tasks to queue
[2026-09-09T08:21:46.119+0000] {logging_mixin.py:188} INFO - [2026-09-09T08:21:46.119+0000] {dagbag.py:545} INFO - Filling up the DagBag from /opt/airflow/dags/netflix_dag.py
[2026-09-09T08:21:46.169+0000] {processor.py:840} INFO - DAG(s) 'netflix_etl_pipeline' retrieved from /opt/airflow/dags/netflix_dag.py
[2026-09-09T08:21:46.268+0000] {logging_mixin.py:188} INFO - [2026-09-09T08:21:46.268+0000] {dag.py:3089} INFO - Sync 1 DAGs
[2026-09-09T08:21:46.332+0000] {logging_mixin.py:188} INFO - [2026-09-09T08:21:46.332+0000] {dag.py:3947} INFO - Setting next_dagrun for netflix_etl_pipeline to 2026-09-08 00:00:00+00:00, run_after=2026-09-09 00:00:00+00:00
[2026-09-09T08:21:46.384+0000] {processor.py:183} INFO - Processing /opt/airflow/dags/netflix_dag.py took 0.285 seconds
[2026-09-09T08:22:16.455+0000] {processor.py:161} INFO - Started process (PID=4969) to work on /opt/airflow/dags/netflix_dag.py
[2026-09-09T08:22:16.458+0000] {processor.py:830} INFO - Processing file /opt/airflow/dags/netflix_dag.py for tasks to queue
[2026-09-09T08:22:16.461+0000] {logging_mixin.py:188} INFO - [2026-09-09T08:22:16.460+0000] {dagbag.py:545} INFO - Filling up the DagBag from /opt/airflow/dags/netflix_dag.py
[2026-09-09T08:22:16.493+0000] {processor.py:840} INFO - DAG(s) 'netflix_etl_pipeline' retrieved from /opt/airflow/dags/netflix_dag.py
[2026-09-09T08:22:16.536+0000] {logging_mixin.py:188} INFO - [2026-09-09T08:22:16.536+0000] {dag.py:3089} INFO - Sync 1 DAGs
[2026-09-09T08:22:16.564+0000] {logging_mixin.py:188} INFO - [2026-09-09T08:22:16.564+0000] {dag.py:3947} INFO - Setting next_dagrun for netflix_etl_pipeline to 2026-09-08 00:00:00+00:00, run_after=2026-09-09 00:00:00+00:00
[2026-09-09T08:22:16.591+0000] {processor.py:183} INFO - Processing /opt/airflow/dags/netflix_dag.py took 0.144 seconds
[2026-09-09T08:22:46.889+0000] {processor.py:161} INFO - Started process (PID=4980) to work on /opt/airflow/dags/netflix_dag.py
[2026-09-09T08:22:46.892+0000] {processor.py:830} INFO - Processing file /opt/airflow/dags/netflix_dag.py for tasks to queue
[2026-09-09T08:22:46.897+0000] {logging_mixin.py:188} INFO - [2026-09-09T08:22:46.896+0000] {dagbag.py:545} INFO - Filling up the DagBag from /opt/airflow/dags/netflix_dag.py
[2026-09-09T08:22:46.946+0000] {processor.py:840} INFO - DAG(s) 'netflix_etl_pipeline' retrieved from /opt/airflow/dags/netflix_dag.py
[2026-09-09T08:22:47.023+0000] {logging_mixin.py:188} INFO - [2026-09-09T08:22:47.022+0000] {dag.py:3089} INFO - Sync 1 DAGs
[2026-09-09T08:22:47.071+0000] {logging_mixin.py:188} INFO - [2026-09-09T08:22:47.071+0000] {dag.py:3947} INFO - Setting next_dagrun for netflix_etl_pipeline to 2026-09-08 00:00:00+00:00, run_after=2026-09-09 00:00:00+00:00
[2026-09-09T08:22:47.112+0000] {processor.py:183} INFO - Processing /opt/airflow/dags/netflix_dag.py took 0.236 seconds
[2026-09-09T08:23:17.355+0000] {processor.py:161} INFO - Started process (PID=4991) to work on /opt/airflow/dags/netflix_dag.py
[2026-09-09T08:23:17.357+0000] {processor.py:830} INFO - Processing file /opt/airflow/dags/netflix_dag.py for tasks to queue
[2026-09-09T08:23:17.359+0000] {logging_mixin.py:188} INFO - [2026-09-09T08:23:17.359+0000] {dagbag.py:545} INFO - Filling up the DagBag from /opt/airflow/dags/netflix_dag.py
[2026-09-09T08:23:17.381+0000] {processor.py:840} INFO - DAG(s) 'netflix_etl_pipeline' retrieved from /opt/airflow/dags/netflix_dag.py
[2026-09-09T08:23:17.418+0000] {logging_mixin.py:188} INFO - [2026-09-09T08:23:17.417+0000] {dag.py:3089} INFO - Sync 1 DAGs
[2026-09-09T08:23:17.440+0000] {logging_mixin.py:188} INFO - [2026-09-09T08:23:17.440+0000] {dag.py:3947} INFO - Setting next_dagrun for netflix_etl_pipeline to 2026-09-08 00:00:00+00:00, run_after=2026-09-09 00:00:00+00:00
[2026-09-09T08:23:17.462+0000] {processor.py:183} INFO - Processing /opt/airflow/dags/netflix_dag.py took 0.114 seconds
[2026-09-09T08:23:47.559+0000] {processor.py:161} INFO - Started process (PID=5002) to work on /opt/airflow/dags/netflix_dag.py
[2026-09-09T08:23:47.561+0000] {processor.py:830} INFO - Processing file /opt/airflow/dags/netflix_dag.py for tasks to queue
[2026-09-09T08:23:47.564+0000] {logging_mixin.py:188} INFO - [2026-09-09T08:23:47.563+0000] {dagbag.py:545} INFO - Filling up the DagBag from /opt/airflow/dags/netflix_dag.py
[2026-09-09T08:23:47.587+0000] {processor.py:840} INFO - DAG(s) 'netflix_etl_pipeline' retrieved from /opt/airflow/dags/netflix_dag.py
[2026-09-09T08:23:47.623+0000] {logging_mixin.py:188} INFO - [2026-09-09T08:23:47.622+0000] {dag.py:3089} INFO - Sync 1 DAGs
[2026-09-09T08:23:47.646+0000] {logging_mixin.py:188} INFO - [2026-09-09T08:23:47.645+0000] {dag.py:3947} INFO - Setting next_dagrun for netflix_etl_pipeline to 2026-09-08 00:00:00+00:00, run_after=2026-09-09 00:00:00+00:00
[2026-09-09T08:23:47.669+0000] {processor.py:183} INFO - Processing /opt/airflow/dags/netflix_dag.py took 0.116 seconds
[2026-09-09T08:24:17.900+0000] {processor.py:161} INFO - Started process (PID=5013) to work on /opt/airflow/dags/netflix_dag.py
[2026-09-09T08:24:17.902+0000] {processor.py:830} INFO - Processing file /opt/airflow/dags/netflix_dag.py for tasks to queue
[2026-09-09T08:24:17.905+0000] {logging_mixin.py:188} INFO - [2026-09-09T08:24:17.904+0000] {dagbag.py:545} INFO - Filling up the DagBag from /opt/airflow/dags/netflix_dag.py
[2026-09-09T08:24:17.931+0000] {processor.py:840} INFO - DAG(s) 'netflix_etl_pipeline' retrieved from /opt/airflow/dags/netflix_dag.py
[2026-09-09T08:24:17.970+0000] {logging_mixin.py:188} INFO - [2026-09-09T08:24:17.969+0000] {dag.py:3089} INFO - Sync 1 DAGs
[2026-09-09T08:24:17.993+0000] {logging_mixin.py:188} INFO - [2026-09-09T08:24:17.993+0000] {dag.py:3947} INFO - Setting next_dagrun for netflix_etl_pipeline to 2026-09-08 00:00:00+00:00, run_after=2026-09-09 00:00:00+00:00
[2026-09-09T08:24:18.054+0000] {processor.py:183} INFO - Processing /opt/airflow/dags/netflix_dag.py took 0.161 seconds
[2026-09-09T08:24:48.122+0000] {processor.py:161} INFO - Started process (PID=5024) to work on /opt/airflow/dags/netflix_dag.py
[2026-09-09T08:24:48.124+0000] {processor.py:830} INFO - Processing file /opt/airflow/dags/netflix_dag.py for tasks to queue
[2026-09-09T08:24:48.127+0000] {logging_mixin.py:188} INFO - [2026-09-09T08:24:48.126+0000] {dagbag.py:545} INFO - Filling up the DagBag from /opt/airflow/dags/netflix_dag.py
[2026-09-09T08:24:48.155+0000] {processor.py:840} INFO - DAG(s) 'netflix_etl_pipeline' retrieved from /opt/airflow/dags/netflix_dag.py
[2026-09-09T08:24:48.194+0000] {logging_mixin.py:188} INFO - [2026-09-09T08:24:48.194+0000] {dag.py:3089} INFO - Sync 1 DAGs
[2026-09-09T08:24:48.217+0000] {logging_mixin.py:188} INFO - [2026-09-09T08:24:48.216+0000] {dag.py:3947} INFO - Setting next_dagrun for netflix_etl_pipeline to 2026-09-08 00:00:00+00:00, run_after=2026-09-09 00:00:00+00:00
[2026-09-09T08:24:48.242+0000] {processor.py:183} INFO - Processing /opt/airflow/dags/netflix_dag.py took 0.127 seconds
[2026-09-09T08:25:18.564+0000] {processor.py:161} INFO - Started process (PID=5035) to work on /opt/airflow/dags/netflix_dag.py
[2026-09-09T08:25:18.567+0000] {processor.py:830} INFO - Processing file /opt/airflow/dags/netflix_dag.py for tasks to queue
[2026-09-09T08:25:18.572+0000] {logging_mixin.py:188} INFO - [2026-09-09T08:25:18.571+0000] {dagbag.py:545} INFO - Filling up the DagBag from /opt/airflow/dags/netflix_dag.py
[2026-09-09T08:25:18.626+0000] {processor.py:840} INFO - DAG(s) 'netflix_etl_pipeline' retrieved from /opt/airflow/dags/netflix_dag.py
[2026-09-09T08:25:18.701+0000] {logging_mixin.py:188} INFO - [2026-09-09T08:25:18.700+0000] {dag.py:3089} INFO - Sync 1 DAGs
[2026-09-09T08:25:18.749+0000] {logging_mixin.py:188} INFO - [2026-09-09T08:25:18.748+0000] {dag.py:3947} INFO - Setting next_dagrun for netflix_etl_pipeline to 2026-09-08 00:00:00+00:00, run_after=2026-09-09 00:00:00+00:00
[2026-09-09T08:25:18.796+0000] {processor.py:183} INFO - Processing /opt/airflow/dags/netflix_dag.py took 0.246 seconds
[2026-09-09T08:25:49.098+0000] {processor.py:161} INFO - Started process (PID=5046) to work on /opt/airflow/dags/netflix_dag.py
[2026-09-09T08:25:49.101+0000] {processor.py:830} INFO - Processing file /opt/airflow/dags/netflix_dag.py for tasks to queue
[2026-09-09T08:25:49.107+0000] {logging_mixin.py:188} INFO - [2026-09-09T08:25:49.106+0000] {dagbag.py:545} INFO - Filling up the DagBag from /opt/airflow/dags/netflix_dag.py
[2026-09-09T08:25:49.162+0000] {processor.py:840} INFO - DAG(s) 'netflix_etl_pipeline' retrieved from /opt/airflow/dags/netflix_dag.py
[2026-09-09T08:25:49.241+0000] {logging_mixin.py:188} INFO - [2026-09-09T08:25:49.240+0000] {dag.py:3089} INFO - Sync 1 DAGs
[2026-09-09T08:25:49.298+0000] {logging_mixin.py:188} INFO - [2026-09-09T08:25:49.298+0000] {dag.py:3947} INFO - Setting next_dagrun for netflix_etl_pipeline to 2026-09-08 00:00:00+00:00, run_after=2026-09-09 00:00:00+00:00
[2026-09-09T08:25:49.344+0000] {processor.py:183} INFO - Processing /opt/airflow/dags/netflix_dag.py took 0.261 seconds
[2026-09-09T08:26:19.606+0000] {processor.py:161} INFO - Started process (PID=5057) to work on /opt/airflow/dags/netflix_dag.py
[2026-09-09T08:26:19.608+0000] {processor.py:830} INFO - Processing file /opt/airflow/dags/netflix_dag.py for tasks to queue
[2026-09-09T08:26:19.610+0000] {logging_mixin.py:188} INFO - [2026-09-09T08:26:19.610+0000] {dagbag.py:545} INFO - Filling up the DagBag from /opt/airflow/dags/netflix_dag.py
[2026-09-09T08:26:19.638+0000] {processor.py:840} INFO - DAG(s) 'netflix_etl_pipeline' retrieved from /opt/airflow/dags/netflix_dag.py
[2026-09-09T08:26:19.673+0000] {logging_mixin.py:188} INFO - [2026-09-09T08:26:19.673+0000] {dag.py:3089} INFO - Sync 1 DAGs
[2026-09-09T08:26:19.696+0000] {logging_mixin.py:188} INFO - [2026-09-09T08:26:19.695+0000] {dag.py:3947} INFO - Setting next_dagrun for netflix_etl_pipeline to 2026-09-08 00:00:00+00:00, run_after=2026-09-09 00:00:00+00:00
[2026-09-09T08:26:19.719+0000] {processor.py:183} INFO - Processing /opt/airflow/dags/netflix_dag.py took 0.121 seconds
[2026-09-09T08:26:49.838+0000] {processor.py:161} INFO - Started process (PID=5068) to work on /opt/airflow/dags/netflix_dag.py
[2026-09-09T08:26:49.841+0000] {processor.py:830} INFO - Processing file /opt/airflow/dags/netflix_dag.py for tasks to queue
[2026-09-09T08:26:49.847+0000] {logging_mixin.py:188} INFO - [2026-09-09T08:26:49.846+0000] {dagbag.py:545} INFO - Filling up the DagBag from /opt/airflow/dags/netflix_dag.py
[2026-09-09T08:26:49.898+0000] {processor.py:840} INFO - DAG(s) 'netflix_etl_pipeline' retrieved from /opt/airflow/dags/netflix_dag.py
[2026-09-09T08:26:49.974+0000] {logging_mixin.py:188} INFO - [2026-09-09T08:26:49.973+0000] {dag.py:3089} INFO - Sync 1 DAGs
[2026-09-09T08:26:50.023+0000] {logging_mixin.py:188} INFO - [2026-09-09T08:26:50.022+0000] {dag.py:3947} INFO - Setting next_dagrun for netflix_etl_pipeline to 2026-09-08 00:00:00+00:00, run_after=2026-09-09 00:00:00+00:00
[2026-09-09T08:26:50.064+0000] {processor.py:183} INFO - Processing /opt/airflow/dags/netflix_dag.py took 0.242 seconds
[2026-09-09T08:27:20.144+0000] {processor.py:161} INFO - Started process (PID=5079) to work on /opt/airflow/dags/netflix_dag.py
[2026-09-09T08:27:20.146+0000] {processor.py:830} INFO - Processing file /opt/airflow/dags/netflix_dag.py for tasks to queue
[2026-09-09T08:27:20.149+0000] {logging_mixin.py:188} INFO - [2026-09-09T08:27:20.149+0000] {dagbag.py:545} INFO - Filling up the DagBag from /opt/airflow/dags/netflix_dag.py
[2026-09-09T08:27:20.172+0000] {processor.py:840} INFO - DAG(s) 'netflix_etl_pipeline' retrieved from /opt/airflow/dags/netflix_dag.py
[2026-09-09T08:27:20.211+0000] {logging_mixin.py:188} INFO - [2026-09-09T08:27:20.211+0000] {dag.py:3089} INFO - Sync 1 DAGs
[2026-09-09T08:27:20.238+0000] {logging_mixin.py:188} INFO - [2026-09-09T08:27:20.238+0000] {dag.py:3947} INFO - Setting next_dagrun for netflix_etl_pipeline to 2026-09-08 00:00:00+00:00, run_after=2026-09-09 00:00:00+00:00
[2026-09-09T08:27:20.276+0000] {processor.py:183} INFO - Processing /opt/airflow/dags/netflix_dag.py took 0.141 seconds
[2026-09-09T08:27:50.498+0000] {processor.py:161} INFO - Started process (PID=5090) to work on /opt/airflow/dags/netflix_dag.py
[2026-09-09T08:27:50.500+0000] {processor.py:830} INFO - Processing file /opt/airflow/dags/netflix_dag.py for tasks to queue
[2026-09-09T08:27:50.502+0000] {logging_mixin.py:188} INFO - [2026-09-09T08:27:50.502+0000] {dagbag.py:545} INFO - Filling up the DagBag from /opt/airflow/dags/netflix_dag.py
[2026-09-09T08:27:50.525+0000] {processor.py:840} INFO - DAG(s) 'netflix_etl_pipeline' retrieved from /opt/airflow/dags/netflix_dag.py
[2026-09-09T08:27:50.562+0000] {logging_mixin.py:188} INFO - [2026-09-09T08:27:50.562+0000] {dag.py:3089} INFO - Sync 1 DAGs
[2026-09-09T08:27:50.585+0000] {logging_mixin.py:188} INFO - [2026-09-09T08:27:50.584+0000] {dag.py:3947} INFO - Setting next_dagrun for netflix_etl_pipeline to 2026-09-08 00:00:00+00:00, run_after=2026-09-09 00:00:00+00:00
[2026-09-09T08:27:50.607+0000] {processor.py:183} INFO - Processing /opt/airflow/dags/netflix_dag.py took 0.114 seconds
[2026-09-09T08:28:20.776+0000] {processor.py:161} INFO - Started process (PID=5101) to work on /opt/airflow/dags/netflix_dag.py
[2026-09-09T08:28:20.779+0000] {processor.py:830} INFO - Processing file /opt/airflow/dags/netflix_dag.py for tasks to queue
[2026-09-09T08:28:20.785+0000] {logging_mixin.py:188} INFO - [2026-09-09T08:28:20.784+0000] {dagbag.py:545} INFO - Filling up the DagBag from /opt/airflow/dags/netflix_dag.py
[2026-09-09T08:28:20.841+0000] {processor.py:840} INFO - DAG(s) 'netflix_etl_pipeline' retrieved from /opt/airflow/dags/netflix_dag.py
[2026-09-09T08:28:20.913+0000] {logging_mixin.py:188} INFO - [2026-09-09T08:28:20.913+0000] {dag.py:3089} INFO - Sync 1 DAGs
[2026-09-09T08:28:20.964+0000] {logging_mixin.py:188} INFO - [2026-09-09T08:28:20.963+0000] {dag.py:3947} INFO - Setting next_dagrun for netflix_etl_pipeline to 2026-09-08 00:00:00+00:00, run_after=2026-09-09 00:00:00+00:00
[2026-09-09T08:28:21.009+0000] {processor.py:183} INFO - Processing /opt/airflow/dags/netflix_dag.py took 0.252 seconds
[2026-09-09T08:28:51.243+0000] {processor.py:161} INFO - Started process (PID=5112) to work on /opt/airflow/dags/netflix_dag.py
[2026-09-09T08:28:51.245+0000] {processor.py:830} INFO - Processing file /opt/airflow/dags/netflix_dag.py for tasks to queue
[2026-09-09T08:28:51.248+0000] {logging_mixin.py:188} INFO - [2026-09-09T08:28:51.247+0000] {dagbag.py:545} INFO - Filling up the DagBag from /opt/airflow/dags/netflix_dag.py
[2026-09-09T08:28:51.272+0000] {processor.py:840} INFO - DAG(s) 'netflix_etl_pipeline' retrieved from /opt/airflow/dags/netflix_dag.py
[2026-09-09T08:28:51.307+0000] {logging_mixin.py:188} INFO - [2026-09-09T08:28:51.307+0000] {dag.py:3089} INFO - Sync 1 DAGs
[2026-09-09T08:28:51.330+0000] {logging_mixin.py:188} INFO - [2026-09-09T08:28:51.330+0000] {dag.py:3947} INFO - Setting next_dagrun for netflix_etl_pipeline to 2026-09-08 00:00:00+00:00, run_after=2026-09-09 00:00:00+00:00
[2026-09-09T08:28:51.355+0000] {processor.py:183} INFO - Processing /opt/airflow/dags/netflix_dag.py took 0.117 seconds
[2026-09-09T08:29:21.458+0000] {processor.py:161} INFO - Started process (PID=5123) to work on /opt/airflow/dags/netflix_dag.py
[2026-09-09T08:29:21.460+0000] {processor.py:830} INFO - Processing file /opt/airflow/dags/netflix_dag.py for tasks to queue
[2026-09-09T08:29:21.462+0000] {logging_mixin.py:188} INFO - [2026-09-09T08:29:21.462+0000] {dagbag.py:545} INFO - Filling up the DagBag from /opt/airflow/dags/netflix_dag.py
[2026-09-09T08:29:21.489+0000] {processor.py:840} INFO - DAG(s) 'netflix_etl_pipeline' retrieved from /opt/airflow/dags/netflix_dag.py
[2026-09-09T08:29:21.527+0000] {logging_mixin.py:188} INFO - [2026-09-09T08:29:21.527+0000] {dag.py:3089} INFO - Sync 1 DAGs
[2026-09-09T08:29:21.552+0000] {logging_mixin.py:188} INFO - [2026-09-09T08:29:21.552+0000] {dag.py:3947} INFO - Setting next_dagrun for netflix_etl_pipeline to 2026-09-08 00:00:00+00:00, run_after=2026-09-09 00:00:00+00:00
[2026-09-09T08:29:21.574+0000] {processor.py:183} INFO - Processing /opt/airflow/dags/netflix_dag.py took 0.122 seconds
[2026-09-09T08:29:51.783+0000] {processor.py:161} INFO - Started process (PID=5134) to work on /opt/airflow/dags/netflix_dag.py
[2026-09-09T08:29:51.785+0000] {processor.py:830} INFO - Processing file /opt/airflow/dags/netflix_dag.py for tasks to queue
[2026-09-09T08:29:51.787+0000] {logging_mixin.py:188} INFO - [2026-09-09T08:29:51.787+0000] {dagbag.py:545} INFO - Filling up the DagBag from /opt/airflow/dags/netflix_dag.py
[2026-09-09T08:29:51.812+0000] {processor.py:840} INFO - DAG(s) 'netflix_etl_pipeline' retrieved from /opt/airflow/dags/netflix_dag.py
[2026-09-09T08:29:51.847+0000] {logging_mixin.py:188} INFO - [2026-09-09T08:29:51.847+0000] {dag.py:3089} INFO - Sync 1 DAGs
[2026-09-09T08:29:51.869+0000] {logging_mixin.py:188} INFO - [2026-09-09T08:29:51.869+0000] {dag.py:3947} INFO - Setting next_dagrun for netflix_etl_pipeline to 2026-09-08 00:00:00+00:00, run_after=2026-09-09 00:00:00+00:00
[2026-09-09T08:29:51.892+0000] {processor.py:183} INFO - Processing /opt/airflow/dags/netflix_dag.py took 0.115 seconds
[2026-09-09T08:30:22.058+0000] {processor.py:161} INFO - Started process (PID=5145) to work on /opt/airflow/dags/netflix_dag.py
[2026-09-09T08:30:22.060+0000] {processor.py:830} INFO - Processing file /opt/airflow/dags/netflix_dag.py for tasks to queue
[2026-09-09T08:30:22.064+0000] {logging_mixin.py:188} INFO - [2026-09-09T08:30:22.063+0000] {dagbag.py:545} INFO - Filling up the DagBag from /opt/airflow/dags/netflix_dag.py
[2026-09-09T08:30:22.096+0000] {processor.py:840} INFO - DAG(s) 'netflix_etl_pipeline' retrieved from /opt/airflow/dags/netflix_dag.py
[2026-09-09T08:30:22.133+0000] {logging_mixin.py:188} INFO - [2026-09-09T08:30:22.133+0000] {dag.py:3089} INFO - Sync 1 DAGs
[2026-09-09T08:30:22.157+0000] {logging_mixin.py:188} INFO - [2026-09-09T08:30:22.157+0000] {dag.py:3947} INFO - Setting next_dagrun for netflix_etl_pipeline to 2026-09-08 00:00:00+00:00, run_after=2026-09-09 00:00:00+00:00
[2026-09-09T08:30:22.180+0000] {processor.py:183} INFO - Processing /opt/airflow/dags/netflix_dag.py took 0.131 seconds
[2026-09-09T08:30:52.326+0000] {processor.py:161} INFO - Started process (PID=5156) to work on /opt/airflow/dags/netflix_dag.py
[2026-09-09T08:30:52.327+0000] {processor.py:830} INFO - Processing file /opt/airflow/dags/netflix_dag.py for tasks to queue
[2026-09-09T08:30:52.330+0000] {logging_mixin.py:188} INFO - [2026-09-09T08:30:52.330+0000] {dagbag.py:545} INFO - Filling up the DagBag from /opt/airflow/dags/netflix_dag.py
[2026-09-09T08:30:52.358+0000] {processor.py:840} INFO - DAG(s) 'netflix_etl_pipeline' retrieved from /opt/airflow/dags/netflix_dag.py
[2026-09-09T08:30:52.394+0000] {logging_mixin.py:188} INFO - [2026-09-09T08:30:52.394+0000] {dag.py:3089} INFO - Sync 1 DAGs
[2026-09-09T08:30:52.421+0000] {logging_mixin.py:188} INFO - [2026-09-09T08:30:52.421+0000] {dag.py:3947} INFO - Setting next_dagrun for netflix_etl_pipeline to 2026-09-08 00:00:00+00:00, run_after=2026-09-09 00:00:00+00:00
[2026-09-09T08:30:52.445+0000] {processor.py:183} INFO - Processing /opt/airflow/dags/netflix_dag.py took 0.125 seconds
[2026-09-09T08:31:22.643+0000] {processor.py:161} INFO - Started process (PID=5167) to work on /opt/airflow/dags/netflix_dag.py
[2026-09-09T08:31:22.645+0000] {processor.py:830} INFO - Processing file /opt/airflow/dags/netflix_dag.py for tasks to queue
[2026-09-09T08:31:22.648+0000] {logging_mixin.py:188} INFO - [2026-09-09T08:31:22.648+0000] {dagbag.py:545} INFO - Filling up the DagBag from /opt/airflow/dags/netflix_dag.py
[2026-09-09T08:31:22.672+0000] {processor.py:840} INFO - DAG(s) 'netflix_etl_pipeline' retrieved from /opt/airflow/dags/netflix_dag.py
[2026-09-09T08:31:22.707+0000] {logging_mixin.py:188} INFO - [2026-09-09T08:31:22.707+0000] {dag.py:3089} INFO - Sync 1 DAGs
[2026-09-09T08:31:22.729+0000] {logging_mixin.py:188} INFO - [2026-09-09T08:31:22.729+0000] {dag.py:3947} INFO - Setting next_dagrun for netflix_etl_pipeline to 2026-09-08 00:00:00+00:00, run_after=2026-09-09 00:00:00+00:00
[2026-09-09T08:31:22.751+0000] {processor.py:183} INFO - Processing /opt/airflow/dags/netflix_dag.py took 0.115 seconds
[2026-09-09T08:31:52.904+0000] {processor.py:161} INFO - Started process (PID=5178) to work on /opt/airflow/dags/netflix_dag.py
[2026-09-09T08:31:52.906+0000] {processor.py:830} INFO - Processing file /opt/airflow/dags/netflix_dag.py for tasks to queue
[2026-09-09T08:31:52.909+0000] {logging_mixin.py:188} INFO - [2026-09-09T08:31:52.909+0000] {dagbag.py:545} INFO - Filling up the DagBag from /opt/airflow/dags/netflix_dag.py
[2026-09-09T08:31:52.940+0000] {processor.py:840} INFO - DAG(s) 'netflix_etl_pipeline' retrieved from /opt/airflow/dags/netflix_dag.py
[2026-09-09T08:31:52.980+0000] {logging_mixin.py:188} INFO - [2026-09-09T08:31:52.980+0000] {dag.py:3089} INFO - Sync 1 DAGs
[2026-09-09T08:31:53.007+0000] {logging_mixin.py:188} INFO - [2026-09-09T08:31:53.007+0000] {dag.py:3947} INFO - Setting next_dagrun for netflix_etl_pipeline to 2026-09-08 00:00:00+00:00, run_after=2026-09-09 00:00:00+00:00
[2026-09-09T08:31:53.031+0000] {processor.py:183} INFO - Processing /opt/airflow/dags/netflix_dag.py took 0.136 seconds
[2026-09-09T08:32:23.200+0000] {processor.py:161} INFO - Started process (PID=5189) to work on /opt/airflow/dags/netflix_dag.py
[2026-09-09T08:32:23.202+0000] {processor.py:830} INFO - Processing file /opt/airflow/dags/netflix_dag.py for tasks to queue
[2026-09-09T08:32:23.205+0000] {logging_mixin.py:188} INFO - [2026-09-09T08:32:23.205+0000] {dagbag.py:545} INFO - Filling up the DagBag from /opt/airflow/dags/netflix_dag.py
[2026-09-09T08:32:23.230+0000] {processor.py:840} INFO - DAG(s) 'netflix_etl_pipeline' retrieved from /opt/airflow/dags/netflix_dag.py
[2026-09-09T08:32:23.267+0000] {logging_mixin.py:188} INFO - [2026-09-09T08:32:23.267+0000] {dag.py:3089} INFO - Sync 1 DAGs
[2026-09-09T08:32:23.290+0000] {logging_mixin.py:188} INFO - [2026-09-09T08:32:23.290+0000] {dag.py:3947} INFO - Setting next_dagrun for netflix_etl_pipeline to 2026-09-08 00:00:00+00:00, run_after=2026-09-09 00:00:00+00:00
[2026-09-09T08:32:23.313+0000] {processor.py:183} INFO - Processing /opt/airflow/dags/netflix_dag.py took 0.121 seconds
[2026-09-09T08:32:53.456+0000] {processor.py:161} INFO - Started process (PID=5200) to work on /opt/airflow/dags/netflix_dag.py
[2026-09-09T08:32:53.458+0000] {processor.py:830} INFO - Processing file /opt/airflow/dags/netflix_dag.py for tasks to queue
[2026-09-09T08:32:53.461+0000] {logging_mixin.py:188} INFO - [2026-09-09T08:32:53.461+0000] {dagbag.py:545} INFO - Filling up the DagBag from /opt/airflow/dags/netflix_dag.py
[2026-09-09T08:32:53.484+0000] {processor.py:840} INFO - DAG(s) 'netflix_etl_pipeline' retrieved from /opt/airflow/dags/netflix_dag.py
[2026-09-09T08:32:53.523+0000] {logging_mixin.py:188} INFO - [2026-09-09T08:32:53.523+0000] {dag.py:3089} INFO - Sync 1 DAGs
[2026-09-09T08:32:53.548+0000] {logging_mixin.py:188} INFO - [2026-09-09T08:32:53.548+0000] {dag.py:3947} INFO - Setting next_dagrun for netflix_etl_pipeline to 2026-09-08 00:00:00+00:00, run_after=2026-09-09 00:00:00+00:00
[2026-09-09T08:32:53.573+0000] {processor.py:183} INFO - Processing /opt/airflow/dags/netflix_dag.py took 0.123 seconds
[2026-09-09T08:33:23.778+0000] {processor.py:161} INFO - Started process (PID=5211) to work on /opt/airflow/dags/netflix_dag.py
[2026-09-09T08:33:23.782+0000] {processor.py:830} INFO - Processing file /opt/airflow/dags/netflix_dag.py for tasks to queue
[2026-09-09T08:33:23.787+0000] {logging_mixin.py:188} INFO - [2026-09-09T08:33:23.786+0000] {dagbag.py:545} INFO - Filling up the DagBag from /opt/airflow/dags/netflix_dag.py
[2026-09-09T08:33:23.839+0000] {processor.py:840} INFO - DAG(s) 'netflix_etl_pipeline' retrieved from /opt/airflow/dags/netflix_dag.py
[2026-09-09T08:33:23.911+0000] {logging_mixin.py:188} INFO - [2026-09-09T08:33:23.911+0000] {dag.py:3089} INFO - Sync 1 DAGs
[2026-09-09T08:33:23.960+0000] {logging_mixin.py:188} INFO - [2026-09-09T08:33:23.959+0000] {dag.py:3947} INFO - Setting next_dagrun for netflix_etl_pipeline to 2026-09-08 00:00:00+00:00, run_after=2026-09-09 00:00:00+00:00
[2026-09-09T08:33:24.003+0000] {processor.py:183} INFO - Processing /opt/airflow/dags/netflix_dag.py took 0.241 seconds
[2026-09-09T08:33:54.208+0000] {processor.py:161} INFO - Started process (PID=5222) to work on /opt/airflow/dags/netflix_dag.py
[2026-09-09T08:33:54.210+0000] {processor.py:830} INFO - Processing file /opt/airflow/dags/netflix_dag.py for tasks to queue
[2026-09-09T08:33:54.214+0000] {logging_mixin.py:188} INFO - [2026-09-09T08:33:54.213+0000] {dagbag.py:545} INFO - Filling up the DagBag from /opt/airflow/dags/netflix_dag.py
[2026-09-09T08:33:54.241+0000] {processor.py:840} INFO - DAG(s) 'netflix_etl_pipeline' retrieved from /opt/airflow/dags/netflix_dag.py
[2026-09-09T08:33:54.286+0000] {logging_mixin.py:188} INFO - [2026-09-09T08:33:54.285+0000] {dag.py:3089} INFO - Sync 1 DAGs
[2026-09-09T08:33:54.322+0000] {logging_mixin.py:188} INFO - [2026-09-09T08:33:54.322+0000] {dag.py:3947} INFO - Setting next_dagrun for netflix_etl_pipeline to 2026-09-08 00:00:00+00:00, run_after=2026-09-09 00:00:00+00:00
[2026-09-09T08:33:54.346+0000] {processor.py:183} INFO - Processing /opt/airflow/dags/netflix_dag.py took 0.146 seconds
[2026-09-09T08:34:24.522+0000] {processor.py:161} INFO - Started process (PID=5233) to work on /opt/airflow/dags/netflix_dag.py
[2026-09-09T08:34:24.524+0000] {processor.py:830} INFO - Processing file /opt/airflow/dags/netflix_dag.py for tasks to queue
[2026-09-09T08:34:24.528+0000] {logging_mixin.py:188} INFO - [2026-09-09T08:34:24.527+0000] {dagbag.py:545} INFO - Filling up the DagBag from /opt/airflow/dags/netflix_dag.py
[2026-09-09T08:34:24.555+0000] {processor.py:840} INFO - DAG(s) 'netflix_etl_pipeline' retrieved from /opt/airflow/dags/netflix_dag.py
[2026-09-09T08:34:24.592+0000] {logging_mixin.py:188} INFO - [2026-09-09T08:34:24.592+0000] {dag.py:3089} INFO - Sync 1 DAGs
[2026-09-09T08:34:24.615+0000] {logging_mixin.py:188} INFO - [2026-09-09T08:34:24.615+0000] {dag.py:3947} INFO - Setting next_dagrun for netflix_etl_pipeline to 2026-09-08 00:00:00+00:00, run_after=2026-09-09 00:00:00+00:00
[2026-09-09T08:34:24.639+0000] {processor.py:183} INFO - Processing /opt/airflow/dags/netflix_dag.py took 0.125 seconds
[2026-09-09T08:34:54.812+0000] {processor.py:161} INFO - Started process (PID=5244) to work on /opt/airflow/dags/netflix_dag.py
[2026-09-09T08:34:54.817+0000] {processor.py:830} INFO - Processing file /opt/airflow/dags/netflix_dag.py for tasks to queue
[2026-09-09T08:34:54.823+0000] {logging_mixin.py:188} INFO - [2026-09-09T08:34:54.822+0000] {dagbag.py:545} INFO - Filling up the DagBag from /opt/airflow/dags/netflix_dag.py
[2026-09-09T08:34:54.879+0000] {processor.py:840} INFO - DAG(s) 'netflix_etl_pipeline' retrieved from /opt/airflow/dags/netflix_dag.py
[2026-09-09T08:34:54.970+0000] {logging_mixin.py:188} INFO - [2026-09-09T08:34:54.970+0000] {dag.py:3089} INFO - Sync 1 DAGs
[2026-09-09T08:34:55.034+0000] {logging_mixin.py:188} INFO - [2026-09-09T08:34:55.034+0000] {dag.py:3947} INFO - Setting next_dagrun for netflix_etl_pipeline to 2026-09-08 00:00:00+00:00, run_after=2026-09-09 00:00:00+00:00
[2026-09-09T08:34:55.076+0000] {processor.py:183} INFO - Processing /opt/airflow/dags/netflix_dag.py took 0.280 seconds
[2026-09-09T08:35:25.331+0000] {processor.py:161} INFO - Started process (PID=5255) to work on /opt/airflow/dags/netflix_dag.py
[2026-09-09T08:35:25.333+0000] {processor.py:830} INFO - Processing file /opt/airflow/dags/netflix_dag.py for tasks to queue
[2026-09-09T08:35:25.335+0000] {logging_mixin.py:188} INFO - [2026-09-09T08:35:25.335+0000] {dagbag.py:545} INFO - Filling up the DagBag from /opt/airflow/dags/netflix_dag.py
[2026-09-09T08:35:25.359+0000] {processor.py:840} INFO - DAG(s) 'netflix_etl_pipeline' retrieved from /opt/airflow/dags/netflix_dag.py
[2026-09-09T08:35:25.398+0000] {logging_mixin.py:188} INFO - [2026-09-09T08:35:25.398+0000] {dag.py:3089} INFO - Sync 1 DAGs
[2026-09-09T08:35:25.421+0000] {logging_mixin.py:188} INFO - [2026-09-09T08:35:25.421+0000] {dag.py:3947} INFO - Setting next_dagrun for netflix_etl_pipeline to 2026-09-08 00:00:00+00:00, run_after=2026-09-09 00:00:00+00:00
[2026-09-09T08:35:25.444+0000] {processor.py:183} INFO - Processing /opt/airflow/dags/netflix_dag.py took 0.120 seconds
[2026-09-09T08:35:55.544+0000] {processor.py:161} INFO - Started process (PID=5266) to work on /opt/airflow/dags/netflix_dag.py
[2026-09-09T08:35:55.546+0000] {processor.py:830} INFO - Processing file /opt/airflow/dags/netflix_dag.py for tasks to queue
[2026-09-09T08:35:55.549+0000] {logging_mixin.py:188} INFO - [2026-09-09T08:35:55.548+0000] {dagbag.py:545} INFO - Filling up the DagBag from /opt/airflow/dags/netflix_dag.py
[2026-09-09T08:35:55.574+0000] {processor.py:840} INFO - DAG(s) 'netflix_etl_pipeline' retrieved from /opt/airflow/dags/netflix_dag.py
[2026-09-09T08:35:55.608+0000] {logging_mixin.py:188} INFO - [2026-09-09T08:35:55.608+0000] {dag.py:3089} INFO - Sync 1 DAGs
[2026-09-09T08:35:55.630+0000] {logging_mixin.py:188} INFO - [2026-09-09T08:35:55.630+0000] {dag.py:3947} INFO - Setting next_dagrun for netflix_etl_pipeline to 2026-09-08 00:00:00+00:00, run_after=2026-09-09 00:00:00+00:00
[2026-09-09T08:35:55.653+0000] {processor.py:183} INFO - Processing /opt/airflow/dags/netflix_dag.py took 0.115 seconds
[2026-09-09T08:36:25.870+0000] {processor.py:161} INFO - Started process (PID=5277) to work on /opt/airflow/dags/netflix_dag.py
[2026-09-09T08:36:25.872+0000] {processor.py:830} INFO - Processing file /opt/airflow/dags/netflix_dag.py for tasks to queue
[2026-09-09T08:36:25.874+0000] {logging_mixin.py:188} INFO - [2026-09-09T08:36:25.874+0000] {dagbag.py:545} INFO - Filling up the DagBag from /opt/airflow/dags/netflix_dag.py
[2026-09-09T08:36:25.899+0000] {processor.py:840} INFO - DAG(s) 'netflix_etl_pipeline' retrieved from /opt/airflow/dags/netflix_dag.py
[2026-09-09T08:36:25.935+0000] {logging_mixin.py:188} INFO - [2026-09-09T08:36:25.934+0000] {dag.py:3089} INFO - Sync 1 DAGs
[2026-09-09T08:36:25.958+0000] {logging_mixin.py:188} INFO - [2026-09-09T08:36:25.957+0000] {dag.py:3947} INFO - Setting next_dagrun for netflix_etl_pipeline to 2026-09-08 00:00:00+00:00, run_after=2026-09-09 00:00:00+00:00
[2026-09-09T08:36:25.981+0000] {processor.py:183} INFO - Processing /opt/airflow/dags/netflix_dag.py took 0.117 seconds
[2026-09-09T08:36:56.151+0000] {processor.py:161} INFO - Started process (PID=5288) to work on /opt/airflow/dags/netflix_dag.py
[2026-09-09T08:36:56.154+0000] {processor.py:830} INFO - Processing file /opt/airflow/dags/netflix_dag.py for tasks to queue
[2026-09-09T08:36:56.160+0000] {logging_mixin.py:188} INFO - [2026-09-09T08:36:56.159+0000] {dagbag.py:545} INFO - Filling up the DagBag from /opt/airflow/dags/netflix_dag.py
[2026-09-09T08:36:56.200+0000] {processor.py:840} INFO - DAG(s) 'netflix_etl_pipeline' retrieved from /opt/airflow/dags/netflix_dag.py
[2026-09-09T08:36:56.237+0000] {logging_mixin.py:188} INFO - [2026-09-09T08:36:56.236+0000] {dag.py:3089} INFO - Sync 1 DAGs
[2026-09-09T08:36:56.261+0000] {logging_mixin.py:188} INFO - [2026-09-09T08:36:56.260+0000] {dag.py:3947} INFO - Setting next_dagrun for netflix_etl_pipeline to 2026-09-08 00:00:00+00:00, run_after=2026-09-09 00:00:00+00:00
[2026-09-09T08:36:56.285+0000] {processor.py:183} INFO - Processing /opt/airflow/dags/netflix_dag.py took 0.151 seconds
[2026-09-09T08:37:26.440+0000] {processor.py:161} INFO - Started process (PID=5299) to work on /opt/airflow/dags/netflix_dag.py
[2026-09-09T08:37:26.442+0000] {processor.py:830} INFO - Processing file /opt/airflow/dags/netflix_dag.py for tasks to queue
[2026-09-09T08:37:26.444+0000] {logging_mixin.py:188} INFO - [2026-09-09T08:37:26.444+0000] {dagbag.py:545} INFO - Filling up the DagBag from /opt/airflow/dags/netflix_dag.py
[2026-09-09T08:37:26.470+0000] {processor.py:840} INFO - DAG(s) 'netflix_etl_pipeline' retrieved from /opt/airflow/dags/netflix_dag.py
[2026-09-09T08:37:26.506+0000] {logging_mixin.py:188} INFO - [2026-09-09T08:37:26.506+0000] {dag.py:3089} INFO - Sync 1 DAGs
[2026-09-09T08:37:26.530+0000] {logging_mixin.py:188} INFO - [2026-09-09T08:37:26.530+0000] {dag.py:3947} INFO - Setting next_dagrun for netflix_etl_pipeline to 2026-09-08 00:00:00+00:00, run_after=2026-09-09 00:00:00+00:00
[2026-09-09T08:37:26.554+0000] {processor.py:183} INFO - Processing /opt/airflow/dags/netflix_dag.py took 0.121 seconds
[2026-09-09T08:37:56.738+0000] {processor.py:161} INFO - Started process (PID=5310) to work on /opt/airflow/dags/netflix_dag.py
[2026-09-09T08:37:56.740+0000] {processor.py:830} INFO - Processing file /opt/airflow/dags/netflix_dag.py for tasks to queue
[2026-09-09T08:37:56.743+0000] {logging_mixin.py:188} INFO - [2026-09-09T08:37:56.742+0000] {dagbag.py:545} INFO - Filling up the DagBag from /opt/airflow/dags/netflix_dag.py
[2026-09-09T08:37:56.775+0000] {processor.py:840} INFO - DAG(s) 'netflix_etl_pipeline' retrieved from /opt/airflow/dags/netflix_dag.py
[2026-09-09T08:37:56.812+0000] {logging_mixin.py:188} INFO - [2026-09-09T08:37:56.812+0000] {dag.py:3089} INFO - Sync 1 DAGs
[2026-09-09T08:37:56.837+0000] {logging_mixin.py:188} INFO - [2026-09-09T08:37:56.836+0000] {dag.py:3947} INFO - Setting next_dagrun for netflix_etl_pipeline to 2026-09-08 00:00:00+00:00, run_after=2026-09-09 00:00:00+00:00
[2026-09-09T08:37:56.858+0000] {processor.py:183} INFO - Processing /opt/airflow/dags/netflix_dag.py took 0.128 seconds
[2026-09-09T08:38:27.076+0000] {processor.py:161} INFO - Started process (PID=5321) to work on /opt/airflow/dags/netflix_dag.py
[2026-09-09T08:38:27.078+0000] {processor.py:830} INFO - Processing file /opt/airflow/dags/netflix_dag.py for tasks to queue
[2026-09-09T08:38:27.083+0000] {logging_mixin.py:188} INFO - [2026-09-09T08:38:27.083+0000] {dagbag.py:545} INFO - Filling up the DagBag from /opt/airflow/dags/netflix_dag.py
[2026-09-09T08:38:27.134+0000] {processor.py:840} INFO - DAG(s) 'netflix_etl_pipeline' retrieved from /opt/airflow/dags/netflix_dag.py
[2026-09-09T08:38:27.204+0000] {logging_mixin.py:188} INFO - [2026-09-09T08:38:27.204+0000] {dag.py:3089} INFO - Sync 1 DAGs
[2026-09-09T08:38:27.249+0000] {logging_mixin.py:188} INFO - [2026-09-09T08:38:27.248+0000] {dag.py:3947} INFO - Setting next_dagrun for netflix_etl_pipeline to 2026-09-08 00:00:00+00:00, run_after=2026-09-09 00:00:00+00:00
[2026-09-09T08:38:27.288+0000] {processor.py:183} INFO - Processing /opt/airflow/dags/netflix_dag.py took 0.227 seconds
[2026-09-09T08:38:57.557+0000] {processor.py:161} INFO - Started process (PID=5332) to work on /opt/airflow/dags/netflix_dag.py
[2026-09-09T08:38:57.560+0000] {processor.py:830} INFO - Processing file /opt/airflow/dags/netflix_dag.py for tasks to queue
[2026-09-09T08:38:57.566+0000] {logging_mixin.py:188} INFO - [2026-09-09T08:38:57.565+0000] {dagbag.py:545} INFO - Filling up the DagBag from /opt/airflow/dags/netflix_dag.py
[2026-09-09T08:38:57.619+0000] {processor.py:840} INFO - DAG(s) 'netflix_etl_pipeline' retrieved from /opt/airflow/dags/netflix_dag.py
[2026-09-09T08:38:57.697+0000] {logging_mixin.py:188} INFO - [2026-09-09T08:38:57.696+0000] {dag.py:3089} INFO - Sync 1 DAGs
[2026-09-09T08:38:57.749+0000] {logging_mixin.py:188} INFO - [2026-09-09T08:38:57.748+0000] {dag.py:3947} INFO - Setting next_dagrun for netflix_etl_pipeline to 2026-09-08 00:00:00+00:00, run_after=2026-09-09 00:00:00+00:00
[2026-09-09T08:38:57.792+0000] {processor.py:183} INFO - Processing /opt/airflow/dags/netflix_dag.py took 0.252 seconds
[2026-09-09T08:39:28.051+0000] {processor.py:161} INFO - Started process (PID=5343) to work on /opt/airflow/dags/netflix_dag.py
[2026-09-09T08:39:28.052+0000] {processor.py:830} INFO - Processing file /opt/airflow/dags/netflix_dag.py for tasks to queue
[2026-09-09T08:39:28.055+0000] {logging_mixin.py:188} INFO - [2026-09-09T08:39:28.054+0000] {dagbag.py:545} INFO - Filling up the DagBag from /opt/airflow/dags/netflix_dag.py
[2026-09-09T08:39:28.079+0000] {processor.py:840} INFO - DAG(s) 'netflix_etl_pipeline' retrieved from /opt/airflow/dags/netflix_dag.py
[2026-09-09T08:39:28.123+0000] {logging_mixin.py:188} INFO - [2026-09-09T08:39:28.123+0000] {dag.py:3089} INFO - Sync 1 DAGs
[2026-09-09T08:39:28.181+0000] {logging_mixin.py:188} INFO - [2026-09-09T08:39:28.181+0000] {dag.py:3947} INFO - Setting next_dagrun for netflix_etl_pipeline to 2026-09-08 00:00:00+00:00, run_after=2026-09-09 00:00:00+00:00
[2026-09-09T08:39:28.223+0000] {processor.py:183} INFO - Processing /opt/airflow/dags/netflix_dag.py took 0.179 seconds
[2026-09-09T08:39:58.452+0000] {processor.py:161} INFO - Started process (PID=5354) to work on /opt/airflow/dags/netflix_dag.py
[2026-09-09T08:39:58.454+0000] {processor.py:830} INFO - Processing file /opt/airflow/dags/netflix_dag.py for tasks to queue
[2026-09-09T08:39:58.457+0000] {logging_mixin.py:188} INFO - [2026-09-09T08:39:58.457+0000] {dagbag.py:545} INFO - Filling up the DagBag from /opt/airflow/dags/netflix_dag.py
[2026-09-09T08:39:58.480+0000] {processor.py:840} INFO - DAG(s) 'netflix_etl_pipeline' retrieved from /opt/airflow/dags/netflix_dag.py
[2026-09-09T08:39:58.516+0000] {logging_mixin.py:188} INFO - [2026-09-09T08:39:58.515+0000] {dag.py:3089} INFO - Sync 1 DAGs
[2026-09-09T08:39:58.538+0000] {logging_mixin.py:188} INFO - [2026-09-09T08:39:58.537+0000] {dag.py:3947} INFO - Setting next_dagrun for netflix_etl_pipeline to 2026-09-08 00:00:00+00:00, run_after=2026-09-09 00:00:00+00:00
[2026-09-09T08:39:58.558+0000] {processor.py:183} INFO - Processing /opt/airflow/dags/netflix_dag.py took 0.112 seconds
[2026-09-09T08:40:28.790+0000] {processor.py:161} INFO - Started process (PID=5365) to work on /opt/airflow/dags/netflix_dag.py
[2026-09-09T08:40:28.793+0000] {processor.py:830} INFO - Processing file /opt/airflow/dags/netflix_dag.py for tasks to queue
[2026-09-09T08:40:28.799+0000] {logging_mixin.py:188} INFO - [2026-09-09T08:40:28.798+0000] {dagbag.py:545} INFO - Filling up the DagBag from /opt/airflow/dags/netflix_dag.py
[2026-09-09T08:40:28.854+0000] {processor.py:840} INFO - DAG(s) 'netflix_etl_pipeline' retrieved from /opt/airflow/dags/netflix_dag.py
[2026-09-09T08:40:28.944+0000] {logging_mixin.py:188} INFO - [2026-09-09T08:40:28.944+0000] {dag.py:3089} INFO - Sync 1 DAGs
[2026-09-09T08:40:29.005+0000] {logging_mixin.py:188} INFO - [2026-09-09T08:40:29.005+0000] {dag.py:3947} INFO - Setting next_dagrun for netflix_etl_pipeline to 2026-09-08 00:00:00+00:00, run_after=2026-09-09 00:00:00+00:00
[2026-09-09T08:40:29.048+0000] {processor.py:183} INFO - Processing /opt/airflow/dags/netflix_dag.py took 0.272 seconds
[2026-09-09T08:40:59.294+0000] {processor.py:161} INFO - Started process (PID=5376) to work on /opt/airflow/dags/netflix_dag.py
[2026-09-09T08:40:59.295+0000] {processor.py:830} INFO - Processing file /opt/airflow/dags/netflix_dag.py for tasks to queue
[2026-09-09T08:40:59.298+0000] {logging_mixin.py:188} INFO - [2026-09-09T08:40:59.298+0000] {dagbag.py:545} INFO - Filling up the DagBag from /opt/airflow/dags/netflix_dag.py
[2026-09-09T08:40:59.325+0000] {processor.py:840} INFO - DAG(s) 'netflix_etl_pipeline' retrieved from /opt/airflow/dags/netflix_dag.py
[2026-09-09T08:40:59.364+0000] {logging_mixin.py:188} INFO - [2026-09-09T08:40:59.363+0000] {dag.py:3089} INFO - Sync 1 DAGs
[2026-09-09T08:40:59.388+0000] {logging_mixin.py:188} INFO - [2026-09-09T08:40:59.387+0000] {dag.py:3947} INFO - Setting next_dagrun for netflix_etl_pipeline to 2026-09-08 00:00:00+00:00, run_after=2026-09-09 00:00:00+00:00
[2026-09-09T08:40:59.411+0000] {processor.py:183} INFO - Processing /opt/airflow/dags/netflix_dag.py took 0.124 seconds
[2026-09-09T08:41:29.513+0000] {processor.py:161} INFO - Started process (PID=5387) to work on /opt/airflow/dags/netflix_dag.py
[2026-09-09T08:41:29.515+0000] {processor.py:830} INFO - Processing file /opt/airflow/dags/netflix_dag.py for tasks to queue
[2026-09-09T08:41:29.518+0000] {logging_mixin.py:188} INFO - [2026-09-09T08:41:29.517+0000] {dagbag.py:545} INFO - Filling up the DagBag from /opt/airflow/dags/netflix_dag.py
[2026-09-09T08:41:29.542+0000] {processor.py:840} INFO - DAG(s) 'netflix_etl_pipeline' retrieved from /opt/airflow/dags/netflix_dag.py
[2026-09-09T08:41:29.580+0000] {logging_mixin.py:188} INFO - [2026-09-09T08:41:29.580+0000] {dag.py:3089} INFO - Sync 1 DAGs
[2026-09-09T08:41:29.604+0000] {logging_mixin.py:188} INFO - [2026-09-09T08:41:29.604+0000] {dag.py:3947} INFO - Setting next_dagrun for netflix_etl_pipeline to 2026-09-08 00:00:00+00:00, run_after=2026-09-09 00:00:00+00:00
[2026-09-09T08:41:29.625+0000] {processor.py:183} INFO - Processing /opt/airflow/dags/netflix_dag.py took 0.119 seconds
[2026-09-09T08:41:59.841+0000] {processor.py:161} INFO - Started process (PID=5398) to work on /opt/airflow/dags/netflix_dag.py
[2026-09-09T08:41:59.843+0000] {processor.py:830} INFO - Processing file /opt/airflow/dags/netflix_dag.py for tasks to queue
[2026-09-09T08:41:59.846+0000] {logging_mixin.py:188} INFO - [2026-09-09T08:41:59.846+0000] {dagbag.py:545} INFO - Filling up the DagBag from /opt/airflow/dags/netflix_dag.py
[2026-09-09T08:41:59.873+0000] {processor.py:840} INFO - DAG(s) 'netflix_etl_pipeline' retrieved from /opt/airflow/dags/netflix_dag.py
[2026-09-09T08:41:59.910+0000] {logging_mixin.py:188} INFO - [2026-09-09T08:41:59.910+0000] {dag.py:3089} INFO - Sync 1 DAGs
[2026-09-09T08:41:59.934+0000] {logging_mixin.py:188} INFO - [2026-09-09T08:41:59.933+0000] {dag.py:3947} INFO - Setting next_dagrun for netflix_etl_pipeline to 2026-09-08 00:00:00+00:00, run_after=2026-09-09 00:00:00+00:00
[2026-09-09T08:41:59.957+0000] {processor.py:183} INFO - Processing /opt/airflow/dags/netflix_dag.py took 0.123 seconds
[2026-09-09T08:42:30.071+0000] {processor.py:161} INFO - Started process (PID=5409) to work on /opt/airflow/dags/netflix_dag.py
[2026-09-09T08:42:30.073+0000] {processor.py:830} INFO - Processing file /opt/airflow/dags/netflix_dag.py for tasks to queue
[2026-09-09T08:42:30.076+0000] {logging_mixin.py:188} INFO - [2026-09-09T08:42:30.075+0000] {dagbag.py:545} INFO - Filling up the DagBag from /opt/airflow/dags/netflix_dag.py
[2026-09-09T08:42:30.100+0000] {processor.py:840} INFO - DAG(s) 'netflix_etl_pipeline' retrieved from /opt/airflow/dags/netflix_dag.py
[2026-09-09T08:42:30.134+0000] {logging_mixin.py:188} INFO - [2026-09-09T08:42:30.134+0000] {dag.py:3089} INFO - Sync 1 DAGs
[2026-09-09T08:42:30.158+0000] {logging_mixin.py:188} INFO - [2026-09-09T08:42:30.158+0000] {dag.py:3947} INFO - Setting next_dagrun for netflix_etl_pipeline to 2026-09-08 00:00:00+00:00, run_after=2026-09-09 00:00:00+00:00
[2026-09-09T08:42:30.181+0000] {processor.py:183} INFO - Processing /opt/airflow/dags/netflix_dag.py took 0.116 seconds
[2026-09-09T08:43:00.384+0000] {processor.py:161} INFO - Started process (PID=5420) to work on /opt/airflow/dags/netflix_dag.py
[2026-09-09T08:43:00.386+0000] {processor.py:830} INFO - Processing file /opt/airflow/dags/netflix_dag.py for tasks to queue
[2026-09-09T08:43:00.388+0000] {logging_mixin.py:188} INFO - [2026-09-09T08:43:00.388+0000] {dagbag.py:545} INFO - Filling up the DagBag from /opt/airflow/dags/netflix_dag.py
[2026-09-09T08:43:00.413+0000] {processor.py:840} INFO - DAG(s) 'netflix_etl_pipeline' retrieved from /opt/airflow/dags/netflix_dag.py
[2026-09-09T08:43:00.447+0000] {logging_mixin.py:188} INFO - [2026-09-09T08:43:00.447+0000] {dag.py:3089} INFO - Sync 1 DAGs
[2026-09-09T08:43:00.471+0000] {logging_mixin.py:188} INFO - [2026-09-09T08:43:00.471+0000] {dag.py:3947} INFO - Setting next_dagrun for netflix_etl_pipeline to 2026-09-08 00:00:00+00:00, run_after=2026-09-09 00:00:00+00:00
[2026-09-09T08:43:00.494+0000] {processor.py:183} INFO - Processing /opt/airflow/dags/netflix_dag.py took 0.116 seconds
[2026-09-09T08:43:30.611+0000] {processor.py:161} INFO - Started process (PID=5431) to work on /opt/airflow/dags/netflix_dag.py
[2026-09-09T08:43:30.613+0000] {processor.py:830} INFO - Processing file /opt/airflow/dags/netflix_dag.py for tasks to queue
[2026-09-09T08:43:30.617+0000] {logging_mixin.py:188} INFO - [2026-09-09T08:43:30.616+0000] {dagbag.py:545} INFO - Filling up the DagBag from /opt/airflow/dags/netflix_dag.py
[2026-09-09T08:43:30.642+0000] {processor.py:840} INFO - DAG(s) 'netflix_etl_pipeline' retrieved from /opt/airflow/dags/netflix_dag.py
[2026-09-09T08:43:30.682+0000] {logging_mixin.py:188} INFO - [2026-09-09T08:43:30.682+0000] {dag.py:3089} INFO - Sync 1 DAGs
[2026-09-09T08:43:30.706+0000] {logging_mixin.py:188} INFO - [2026-09-09T08:43:30.705+0000] {dag.py:3947} INFO - Setting next_dagrun for netflix_etl_pipeline to 2026-09-08 00:00:00+00:00, run_after=2026-09-09 00:00:00+00:00
[2026-09-09T08:43:30.729+0000] {processor.py:183} INFO - Processing /opt/airflow/dags/netflix_dag.py took 0.125 seconds
[2026-09-09T08:44:00.931+0000] {processor.py:161} INFO - Started process (PID=5442) to work on /opt/airflow/dags/netflix_dag.py
[2026-09-09T08:44:00.933+0000] {processor.py:830} INFO - Processing file /opt/airflow/dags/netflix_dag.py for tasks to queue
[2026-09-09T08:44:00.937+0000] {logging_mixin.py:188} INFO - [2026-09-09T08:44:00.936+0000] {dagbag.py:545} INFO - Filling up the DagBag from /opt/airflow/dags/netflix_dag.py
[2026-09-09T08:44:00.966+0000] {processor.py:840} INFO - DAG(s) 'netflix_etl_pipeline' retrieved from /opt/airflow/dags/netflix_dag.py
[2026-09-09T08:44:01.004+0000] {logging_mixin.py:188} INFO - [2026-09-09T08:44:01.004+0000] {dag.py:3089} INFO - Sync 1 DAGs
[2026-09-09T08:44:01.029+0000] {logging_mixin.py:188} INFO - [2026-09-09T08:44:01.029+0000] {dag.py:3947} INFO - Setting next_dagrun for netflix_etl_pipeline to 2026-09-08 00:00:00+00:00, run_after=2026-09-09 00:00:00+00:00
[2026-09-09T08:44:01.052+0000] {processor.py:183} INFO - Processing /opt/airflow/dags/netflix_dag.py took 0.130 seconds
[2026-09-09T08:44:31.157+0000] {processor.py:161} INFO - Started process (PID=5453) to work on /opt/airflow/dags/netflix_dag.py
[2026-09-09T08:44:31.159+0000] {processor.py:830} INFO - Processing file /opt/airflow/dags/netflix_dag.py for tasks to queue
[2026-09-09T08:44:31.161+0000] {logging_mixin.py:188} INFO - [2026-09-09T08:44:31.161+0000] {dagbag.py:545} INFO - Filling up the DagBag from /opt/airflow/dags/netflix_dag.py
[2026-09-09T08:44:31.188+0000] {processor.py:840} INFO - DAG(s) 'netflix_etl_pipeline' retrieved from /opt/airflow/dags/netflix_dag.py
[2026-09-09T08:44:31.222+0000] {logging_mixin.py:188} INFO - [2026-09-09T08:44:31.221+0000] {dag.py:3089} INFO - Sync 1 DAGs
[2026-09-09T08:44:31.245+0000] {logging_mixin.py:188} INFO - [2026-09-09T08:44:31.244+0000] {dag.py:3947} INFO - Setting next_dagrun for netflix_etl_pipeline to 2026-09-08 00:00:00+00:00, run_after=2026-09-09 00:00:00+00:00
[2026-09-09T08:44:31.268+0000] {processor.py:183} INFO - Processing /opt/airflow/dags/netflix_dag.py took 0.117 seconds
[2026-09-09T08:45:01.486+0000] {processor.py:161} INFO - Started process (PID=5464) to work on /opt/airflow/dags/netflix_dag.py
[2026-09-09T08:45:01.488+0000] {processor.py:830} INFO - Processing file /opt/airflow/dags/netflix_dag.py for tasks to queue
[2026-09-09T08:45:01.491+0000] {logging_mixin.py:188} INFO - [2026-09-09T08:45:01.491+0000] {dagbag.py:545} INFO - Filling up the DagBag from /opt/airflow/dags/netflix_dag.py
[2026-09-09T08:45:01.519+0000] {processor.py:840} INFO - DAG(s) 'netflix_etl_pipeline' retrieved from /opt/airflow/dags/netflix_dag.py
[2026-09-09T08:45:01.566+0000] {logging_mixin.py:188} INFO - [2026-09-09T08:45:01.566+0000] {dag.py:3089} INFO - Sync 1 DAGs
[2026-09-09T08:45:01.596+0000] {logging_mixin.py:188} INFO - [2026-09-09T08:45:01.596+0000] {dag.py:3947} INFO - Setting next_dagrun for netflix_etl_pipeline to 2026-09-08 00:00:00+00:00, run_after=2026-09-09 00:00:00+00:00
[2026-09-09T08:45:01.620+0000] {processor.py:183} INFO - Processing /opt/airflow/dags/netflix_dag.py took 0.143 seconds
[2026-09-09T08:45:31.783+0000] {processor.py:161} INFO - Started process (PID=5475) to work on /opt/airflow/dags/netflix_dag.py
[2026-09-09T08:45:31.786+0000] {processor.py:830} INFO - Processing file /opt/airflow/dags/netflix_dag.py for tasks to queue
[2026-09-09T08:45:31.793+0000] {logging_mixin.py:188} INFO - [2026-09-09T08:45:31.793+0000] {dagbag.py:545} INFO - Filling up the DagBag from /opt/airflow/dags/netflix_dag.py
[2026-09-09T08:45:31.847+0000] {processor.py:840} INFO - DAG(s) 'netflix_etl_pipeline' retrieved from /opt/airflow/dags/netflix_dag.py
[2026-09-09T08:45:31.924+0000] {logging_mixin.py:188} INFO - [2026-09-09T08:45:31.923+0000] {dag.py:3089} INFO - Sync 1 DAGs
[2026-09-09T08:45:31.975+0000] {logging_mixin.py:188} INFO - [2026-09-09T08:45:31.975+0000] {dag.py:3947} INFO - Setting next_dagrun for netflix_etl_pipeline to 2026-09-08 00:00:00+00:00, run_after=2026-09-09 00:00:00+00:00
[2026-09-09T08:45:32.021+0000] {processor.py:183} INFO - Processing /opt/airflow/dags/netflix_dag.py took 0.255 seconds
[2026-09-09T08:46:02.298+0000] {processor.py:161} INFO - Started process (PID=5486) to work on /opt/airflow/dags/netflix_dag.py
[2026-09-09T08:46:02.303+0000] {processor.py:830} INFO - Processing file /opt/airflow/dags/netflix_dag.py for tasks to queue
[2026-09-09T08:46:02.311+0000] {logging_mixin.py:188} INFO - [2026-09-09T08:46:02.310+0000] {dagbag.py:545} INFO - Filling up the DagBag from /opt/airflow/dags/netflix_dag.py
[2026-09-09T08:46:02.360+0000] {processor.py:840} INFO - DAG(s) 'netflix_etl_pipeline' retrieved from /opt/airflow/dags/netflix_dag.py
[2026-09-09T08:46:02.431+0000] {logging_mixin.py:188} INFO - [2026-09-09T08:46:02.430+0000] {dag.py:3089} INFO - Sync 1 DAGs
[2026-09-09T08:46:02.476+0000] {logging_mixin.py:188} INFO - [2026-09-09T08:46:02.476+0000] {dag.py:3947} INFO - Setting next_dagrun for netflix_etl_pipeline to 2026-09-08 00:00:00+00:00, run_after=2026-09-09 00:00:00+00:00
[2026-09-09T08:46:02.518+0000] {processor.py:183} INFO - Processing /opt/airflow/dags/netflix_dag.py took 0.234 seconds
[2026-09-09T08:46:32.758+0000] {processor.py:161} INFO - Started process (PID=5498) to work on /opt/airflow/dags/netflix_dag.py
[2026-09-09T08:46:32.760+0000] {processor.py:830} INFO - Processing file /opt/airflow/dags/netflix_dag.py for tasks to queue
[2026-09-09T08:46:32.763+0000] {logging_mixin.py:188} INFO - [2026-09-09T08:46:32.763+0000] {dagbag.py:545} INFO - Filling up the DagBag from /opt/airflow/dags/netflix_dag.py
[2026-09-09T08:46:32.791+0000] {processor.py:840} INFO - DAG(s) 'netflix_etl_pipeline' retrieved from /opt/airflow/dags/netflix_dag.py
[2026-09-09T08:46:32.830+0000] {logging_mixin.py:188} INFO - [2026-09-09T08:46:32.829+0000] {dag.py:3089} INFO - Sync 1 DAGs
[2026-09-09T08:46:32.853+0000] {logging_mixin.py:188} INFO - [2026-09-09T08:46:32.853+0000] {dag.py:3947} INFO - Setting next_dagrun for netflix_etl_pipeline to 2026-09-08 00:00:00+00:00, run_after=2026-09-09 00:00:00+00:00
[2026-09-09T08:46:32.877+0000] {processor.py:183} INFO - Processing /opt/airflow/dags/netflix_dag.py took 0.125 seconds
[2026-09-09T08:47:03.011+0000] {processor.py:161} INFO - Started process (PID=5509) to work on /opt/airflow/dags/netflix_dag.py
[2026-09-09T08:47:03.015+0000] {processor.py:830} INFO - Processing file /opt/airflow/dags/netflix_dag.py for tasks to queue
[2026-09-09T08:47:03.021+0000] {logging_mixin.py:188} INFO - [2026-09-09T08:47:03.020+0000] {dagbag.py:545} INFO - Filling up the DagBag from /opt/airflow/dags/netflix_dag.py
[2026-09-09T08:47:03.075+0000] {processor.py:840} INFO - DAG(s) 'netflix_etl_pipeline' retrieved from /opt/airflow/dags/netflix_dag.py
[2026-09-09T08:47:03.151+0000] {logging_mixin.py:188} INFO - [2026-09-09T08:47:03.151+0000] {dag.py:3089} INFO - Sync 1 DAGs
[2026-09-09T08:47:03.203+0000] {logging_mixin.py:188} INFO - [2026-09-09T08:47:03.203+0000] {dag.py:3947} INFO - Setting next_dagrun for netflix_etl_pipeline to 2026-09-08 00:00:00+00:00, run_after=2026-09-09 00:00:00+00:00
[2026-09-09T08:47:03.245+0000] {processor.py:183} INFO - Processing /opt/airflow/dags/netflix_dag.py took 0.249 seconds
[2026-09-09T08:47:33.322+0000] {processor.py:161} INFO - Started process (PID=5520) to work on /opt/airflow/dags/netflix_dag.py
[2026-09-09T08:47:33.324+0000] {processor.py:830} INFO - Processing file /opt/airflow/dags/netflix_dag.py for tasks to queue
[2026-09-09T08:47:33.327+0000] {logging_mixin.py:188} INFO - [2026-09-09T08:47:33.327+0000] {dagbag.py:545} INFO - Filling up the DagBag from /opt/airflow/dags/netflix_dag.py
[2026-09-09T08:47:33.353+0000] {processor.py:840} INFO - DAG(s) 'netflix_etl_pipeline' retrieved from /opt/airflow/dags/netflix_dag.py
[2026-09-09T08:47:33.390+0000] {logging_mixin.py:188} INFO - [2026-09-09T08:47:33.389+0000] {dag.py:3089} INFO - Sync 1 DAGs
[2026-09-09T08:47:33.413+0000] {logging_mixin.py:188} INFO - [2026-09-09T08:47:33.412+0000] {dag.py:3947} INFO - Setting next_dagrun for netflix_etl_pipeline to 2026-09-08 00:00:00+00:00, run_after=2026-09-09 00:00:00+00:00
[2026-09-09T08:47:33.434+0000] {processor.py:183} INFO - Processing /opt/airflow/dags/netflix_dag.py took 0.118 seconds
[2026-09-09T08:48:03.567+0000] {processor.py:161} INFO - Started process (PID=5531) to work on /opt/airflow/dags/netflix_dag.py
[2026-09-09T08:48:03.570+0000] {processor.py:830} INFO - Processing file /opt/airflow/dags/netflix_dag.py for tasks to queue
[2026-09-09T08:48:03.576+0000] {logging_mixin.py:188} INFO - [2026-09-09T08:48:03.575+0000] {dagbag.py:545} INFO - Filling up the DagBag from /opt/airflow/dags/netflix_dag.py
[2026-09-09T08:48:03.626+0000] {processor.py:840} INFO - DAG(s) 'netflix_etl_pipeline' retrieved from /opt/airflow/dags/netflix_dag.py
[2026-09-09T08:48:03.697+0000] {logging_mixin.py:188} INFO - [2026-09-09T08:48:03.697+0000] {dag.py:3089} INFO - Sync 1 DAGs
[2026-09-09T08:48:03.745+0000] {logging_mixin.py:188} INFO - [2026-09-09T08:48:03.744+0000] {dag.py:3947} INFO - Setting next_dagrun for netflix_etl_pipeline to 2026-09-08 00:00:00+00:00, run_after=2026-09-09 00:00:00+00:00
[2026-09-09T08:48:03.785+0000] {processor.py:183} INFO - Processing /opt/airflow/dags/netflix_dag.py took 0.231 seconds
[2026-09-09T08:48:33.881+0000] {processor.py:161} INFO - Started process (PID=5543) to work on /opt/airflow/dags/netflix_dag.py
[2026-09-09T08:48:33.883+0000] {processor.py:830} INFO - Processing file /opt/airflow/dags/netflix_dag.py for tasks to queue
[2026-09-09T08:48:33.886+0000] {logging_mixin.py:188} INFO - [2026-09-09T08:48:33.886+0000] {dagbag.py:545} INFO - Filling up the DagBag from /opt/airflow/dags/netflix_dag.py
[2026-09-09T08:48:33.917+0000] {processor.py:840} INFO - DAG(s) 'netflix_etl_pipeline' retrieved from /opt/airflow/dags/netflix_dag.py
[2026-09-09T08:48:33.960+0000] {logging_mixin.py:188} INFO - [2026-09-09T08:48:33.960+0000] {dag.py:3089} INFO - Sync 1 DAGs
[2026-09-09T08:48:33.990+0000] {logging_mixin.py:188} INFO - [2026-09-09T08:48:33.990+0000] {dag.py:3947} INFO - Setting next_dagrun for netflix_etl_pipeline to 2026-09-08 00:00:00+00:00, run_after=2026-09-09 00:00:00+00:00
[2026-09-09T08:48:34.018+0000] {processor.py:183} INFO - Processing /opt/airflow/dags/netflix_dag.py took 0.144 seconds
[2026-09-09T08:49:04.277+0000] {processor.py:161} INFO - Started process (PID=5554) to work on /opt/airflow/dags/netflix_dag.py
[2026-09-09T08:49:04.280+0000] {processor.py:830} INFO - Processing file /opt/airflow/dags/netflix_dag.py for tasks to queue
[2026-09-09T08:49:04.287+0000] {logging_mixin.py:188} INFO - [2026-09-09T08:49:04.286+0000] {dagbag.py:545} INFO - Filling up the DagBag from /opt/airflow/dags/netflix_dag.py
[2026-09-09T08:49:04.340+0000] {processor.py:840} INFO - DAG(s) 'netflix_etl_pipeline' retrieved from /opt/airflow/dags/netflix_dag.py
[2026-09-09T08:49:04.427+0000] {logging_mixin.py:188} INFO - [2026-09-09T08:49:04.426+0000] {dag.py:3089} INFO - Sync 1 DAGs
[2026-09-09T08:49:04.478+0000] {logging_mixin.py:188} INFO - [2026-09-09T08:49:04.478+0000] {dag.py:3947} INFO - Setting next_dagrun for netflix_etl_pipeline to 2026-09-08 00:00:00+00:00, run_after=2026-09-09 00:00:00+00:00
[2026-09-09T08:49:04.521+0000] {processor.py:183} INFO - Processing /opt/airflow/dags/netflix_dag.py took 0.259 seconds
[2026-09-09T08:49:34.758+0000] {processor.py:161} INFO - Started process (PID=5565) to work on /opt/airflow/dags/netflix_dag.py
[2026-09-09T08:49:34.759+0000] {processor.py:830} INFO - Processing file /opt/airflow/dags/netflix_dag.py for tasks to queue
[2026-09-09T08:49:34.762+0000] {logging_mixin.py:188} INFO - [2026-09-09T08:49:34.762+0000] {dagbag.py:545} INFO - Filling up the DagBag from /opt/airflow/dags/netflix_dag.py
[2026-09-09T08:49:34.788+0000] {processor.py:840} INFO - DAG(s) 'netflix_etl_pipeline' retrieved from /opt/airflow/dags/netflix_dag.py
[2026-09-09T08:49:34.824+0000] {logging_mixin.py:188} INFO - [2026-09-09T08:49:34.824+0000] {dag.py:3089} INFO - Sync 1 DAGs
[2026-09-09T08:49:34.850+0000] {logging_mixin.py:188} INFO - [2026-09-09T08:49:34.849+0000] {dag.py:3947} INFO - Setting next_dagrun for netflix_etl_pipeline to 2026-09-08 00:00:00+00:00, run_after=2026-09-09 00:00:00+00:00
[2026-09-09T08:49:34.872+0000] {processor.py:183} INFO - Processing /opt/airflow/dags/netflix_dag.py took 0.121 seconds
[2026-09-09T08:50:05.008+0000] {processor.py:161} INFO - Started process (PID=5576) to work on /opt/airflow/dags/netflix_dag.py
[2026-09-09T08:50:05.010+0000] {processor.py:830} INFO - Processing file /opt/airflow/dags/netflix_dag.py for tasks to queue
[2026-09-09T08:50:05.015+0000] {logging_mixin.py:188} INFO - [2026-09-09T08:50:05.015+0000] {dagbag.py:545} INFO - Filling up the DagBag from /opt/airflow/dags/netflix_dag.py
[2026-09-09T08:50:05.043+0000] {processor.py:840} INFO - DAG(s) 'netflix_etl_pipeline' retrieved from /opt/airflow/dags/netflix_dag.py
[2026-09-09T08:50:05.082+0000] {logging_mixin.py:188} INFO - [2026-09-09T08:50:05.081+0000] {dag.py:3089} INFO - Sync 1 DAGs
[2026-09-09T08:50:05.105+0000] {logging_mixin.py:188} INFO - [2026-09-09T08:50:05.105+0000] {dag.py:3947} INFO - Setting next_dagrun for netflix_etl_pipeline to 2026-09-08 00:00:00+00:00, run_after=2026-09-09 00:00:00+00:00
[2026-09-09T08:50:05.129+0000] {processor.py:183} INFO - Processing /opt/airflow/dags/netflix_dag.py took 0.131 seconds
[2026-09-09T08:50:35.651+0000] {processor.py:161} INFO - Started process (PID=5587) to work on /opt/airflow/dags/netflix_dag.py
[2026-09-09T08:50:35.654+0000] {processor.py:830} INFO - Processing file /opt/airflow/dags/netflix_dag.py for tasks to queue
[2026-09-09T08:50:35.660+0000] {logging_mixin.py:188} INFO - [2026-09-09T08:50:35.659+0000] {dagbag.py:545} INFO - Filling up the DagBag from /opt/airflow/dags/netflix_dag.py
[2026-09-09T08:50:35.719+0000] {processor.py:840} INFO - DAG(s) 'netflix_etl_pipeline' retrieved from /opt/airflow/dags/netflix_dag.py
[2026-09-09T08:50:35.788+0000] {logging_mixin.py:188} INFO - [2026-09-09T08:50:35.787+0000] {dag.py:3089} INFO - Sync 1 DAGs
[2026-09-09T08:50:35.834+0000] {logging_mixin.py:188} INFO - [2026-09-09T08:50:35.834+0000] {dag.py:3947} INFO - Setting next_dagrun for netflix_etl_pipeline to 2026-09-08 00:00:00+00:00, run_after=2026-09-09 00:00:00+00:00
[2026-09-09T08:50:35.873+0000] {processor.py:183} INFO - Processing /opt/airflow/dags/netflix_dag.py took 0.253 seconds
[2026-09-09T08:51:06.036+0000] {processor.py:161} INFO - Started process (PID=5598) to work on /opt/airflow/dags/netflix_dag.py
[2026-09-09T08:51:06.039+0000] {processor.py:830} INFO - Processing file /opt/airflow/dags/netflix_dag.py for tasks to queue
[2026-09-09T08:51:06.044+0000] {logging_mixin.py:188} INFO - [2026-09-09T08:51:06.044+0000] {dagbag.py:545} INFO - Filling up the DagBag from /opt/airflow/dags/netflix_dag.py
[2026-09-09T08:51:06.100+0000] {processor.py:840} INFO - DAG(s) 'netflix_etl_pipeline' retrieved from /opt/airflow/dags/netflix_dag.py
[2026-09-09T08:51:06.173+0000] {logging_mixin.py:188} INFO - [2026-09-09T08:51:06.173+0000] {dag.py:3089} INFO - Sync 1 DAGs
[2026-09-09T08:51:06.220+0000] {logging_mixin.py:188} INFO - [2026-09-09T08:51:06.219+0000] {dag.py:3947} INFO - Setting next_dagrun for netflix_etl_pipeline to 2026-09-08 00:00:00+00:00, run_after=2026-09-09 00:00:00+00:00
[2026-09-09T08:51:06.261+0000] {processor.py:183} INFO - Processing /opt/airflow/dags/netflix_dag.py took 0.239 seconds
[2026-09-09T08:51:36.758+0000] {processor.py:161} INFO - Started process (PID=5609) to work on /opt/airflow/dags/netflix_dag.py
[2026-09-09T08:51:36.761+0000] {processor.py:830} INFO - Processing file /opt/airflow/dags/netflix_dag.py for tasks to queue
[2026-09-09T08:51:36.765+0000] {logging_mixin.py:188} INFO - [2026-09-09T08:51:36.765+0000] {dagbag.py:545} INFO - Filling up the DagBag from /opt/airflow/dags/netflix_dag.py
[2026-09-09T08:51:36.815+0000] {processor.py:840} INFO - DAG(s) 'netflix_etl_pipeline' retrieved from /opt/airflow/dags/netflix_dag.py
[2026-09-09T08:51:36.885+0000] {logging_mixin.py:188} INFO - [2026-09-09T08:51:36.884+0000] {dag.py:3089} INFO - Sync 1 DAGs
[2026-09-09T08:51:36.929+0000] {logging_mixin.py:188} INFO - [2026-09-09T08:51:36.928+0000] {dag.py:3947} INFO - Setting next_dagrun for netflix_etl_pipeline to 2026-09-08 00:00:00+00:00, run_after=2026-09-09 00:00:00+00:00
[2026-09-09T08:51:36.968+0000] {processor.py:183} INFO - Processing /opt/airflow/dags/netflix_dag.py took 0.224 seconds
[2026-09-09T08:52:07.276+0000] {processor.py:161} INFO - Started process (PID=5620) to work on /opt/airflow/dags/netflix_dag.py
[2026-09-09T08:52:07.279+0000] {processor.py:830} INFO - Processing file /opt/airflow/dags/netflix_dag.py for tasks to queue
[2026-09-09T08:52:07.284+0000] {logging_mixin.py:188} INFO - [2026-09-09T08:52:07.283+0000] {dagbag.py:545} INFO - Filling up the DagBag from /opt/airflow/dags/netflix_dag.py
[2026-09-09T08:52:07.331+0000] {processor.py:840} INFO - DAG(s) 'netflix_etl_pipeline' retrieved from /opt/airflow/dags/netflix_dag.py
[2026-09-09T08:52:07.410+0000] {logging_mixin.py:188} INFO - [2026-09-09T08:52:07.410+0000] {dag.py:3089} INFO - Sync 1 DAGs
[2026-09-09T08:52:07.459+0000] {logging_mixin.py:188} INFO - [2026-09-09T08:52:07.459+0000] {dag.py:3947} INFO - Setting next_dagrun for netflix_etl_pipeline to 2026-09-08 00:00:00+00:00, run_after=2026-09-09 00:00:00+00:00
[2026-09-09T08:52:07.502+0000] {processor.py:183} INFO - Processing /opt/airflow/dags/netflix_dag.py took 0.239 seconds
[2026-09-09T08:52:37.928+0000] {processor.py:161} INFO - Started process (PID=5631) to work on /opt/airflow/dags/netflix_dag.py
[2026-09-09T08:52:37.932+0000] {processor.py:830} INFO - Processing file /opt/airflow/dags/netflix_dag.py for tasks to queue
[2026-09-09T08:52:37.938+0000] {logging_mixin.py:188} INFO - [2026-09-09T08:52:37.937+0000] {dagbag.py:545} INFO - Filling up the DagBag from /opt/airflow/dags/netflix_dag.py
[2026-09-09T08:52:37.993+0000] {processor.py:840} INFO - DAG(s) 'netflix_etl_pipeline' retrieved from /opt/airflow/dags/netflix_dag.py
[2026-09-09T08:52:38.069+0000] {logging_mixin.py:188} INFO - [2026-09-09T08:52:38.068+0000] {dag.py:3089} INFO - Sync 1 DAGs
[2026-09-09T08:52:38.128+0000] {logging_mixin.py:188} INFO - [2026-09-09T08:52:38.128+0000] {dag.py:3947} INFO - Setting next_dagrun for netflix_etl_pipeline to 2026-09-08 00:00:00+00:00, run_after=2026-09-09 00:00:00+00:00
[2026-09-09T08:52:38.176+0000] {processor.py:183} INFO - Processing /opt/airflow/dags/netflix_dag.py took 0.265 seconds
[2026-09-09T08:53:08.446+0000] {processor.py:161} INFO - Started process (PID=5642) to work on /opt/airflow/dags/netflix_dag.py
[2026-09-09T08:53:08.449+0000] {processor.py:830} INFO - Processing file /opt/airflow/dags/netflix_dag.py for tasks to queue
[2026-09-09T08:53:08.453+0000] {logging_mixin.py:188} INFO - [2026-09-09T08:53:08.453+0000] {dagbag.py:545} INFO - Filling up the DagBag from /opt/airflow/dags/netflix_dag.py
[2026-09-09T08:53:08.502+0000] {processor.py:840} INFO - DAG(s) 'netflix_etl_pipeline' retrieved from /opt/airflow/dags/netflix_dag.py
[2026-09-09T08:53:08.571+0000] {logging_mixin.py:188} INFO - [2026-09-09T08:53:08.570+0000] {dag.py:3089} INFO - Sync 1 DAGs
[2026-09-09T08:53:08.616+0000] {logging_mixin.py:188} INFO - [2026-09-09T08:53:08.615+0000] {dag.py:3947} INFO - Setting next_dagrun for netflix_etl_pipeline to 2026-09-08 00:00:00+00:00, run_after=2026-09-09 00:00:00+00:00
[2026-09-09T08:53:08.657+0000] {processor.py:183} INFO - Processing /opt/airflow/dags/netflix_dag.py took 0.224 seconds
[2026-09-09T08:53:39.137+0000] {processor.py:161} INFO - Started process (PID=5653) to work on /opt/airflow/dags/netflix_dag.py
[2026-09-09T08:53:39.140+0000] {processor.py:830} INFO - Processing file /opt/airflow/dags/netflix_dag.py for tasks to queue
[2026-09-09T08:53:39.146+0000] {logging_mixin.py:188} INFO - [2026-09-09T08:53:39.145+0000] {dagbag.py:545} INFO - Filling up the DagBag from /opt/airflow/dags/netflix_dag.py
[2026-09-09T08:53:39.197+0000] {processor.py:840} INFO - DAG(s) 'netflix_etl_pipeline' retrieved from /opt/airflow/dags/netflix_dag.py
[2026-09-09T08:53:39.281+0000] {logging_mixin.py:188} INFO - [2026-09-09T08:53:39.280+0000] {dag.py:3089} INFO - Sync 1 DAGs
[2026-09-09T08:53:39.341+0000] {logging_mixin.py:188} INFO - [2026-09-09T08:53:39.340+0000] {dag.py:3947} INFO - Setting next_dagrun for netflix_etl_pipeline to 2026-09-08 00:00:00+00:00, run_after=2026-09-09 00:00:00+00:00
[2026-09-09T08:53:39.388+0000] {processor.py:183} INFO - Processing /opt/airflow/dags/netflix_dag.py took 0.266 seconds
[2026-09-09T08:54:09.631+0000] {processor.py:161} INFO - Started process (PID=5664) to work on /opt/airflow/dags/netflix_dag.py
[2026-09-09T08:54:09.634+0000] {processor.py:830} INFO - Processing file /opt/airflow/dags/netflix_dag.py for tasks to queue
[2026-09-09T08:54:09.638+0000] {logging_mixin.py:188} INFO - [2026-09-09T08:54:09.638+0000] {dagbag.py:545} INFO - Filling up the DagBag from /opt/airflow/dags/netflix_dag.py
[2026-09-09T08:54:09.687+0000] {processor.py:840} INFO - DAG(s) 'netflix_etl_pipeline' retrieved from /opt/airflow/dags/netflix_dag.py
[2026-09-09T08:54:09.758+0000] {logging_mixin.py:188} INFO - [2026-09-09T08:54:09.758+0000] {dag.py:3089} INFO - Sync 1 DAGs
[2026-09-09T08:54:09.805+0000] {logging_mixin.py:188} INFO - [2026-09-09T08:54:09.805+0000] {dag.py:3947} INFO - Setting next_dagrun for netflix_etl_pipeline to 2026-09-08 00:00:00+00:00, run_after=2026-09-09 00:00:00+00:00
[2026-09-09T08:54:09.848+0000] {processor.py:183} INFO - Processing /opt/airflow/dags/netflix_dag.py took 0.230 seconds
[2026-09-09T08:54:40.390+0000] {processor.py:161} INFO - Started process (PID=5675) to work on /opt/airflow/dags/netflix_dag.py
[2026-09-09T08:54:40.395+0000] {processor.py:830} INFO - Processing file /opt/airflow/dags/netflix_dag.py for tasks to queue
[2026-09-09T08:54:40.403+0000] {logging_mixin.py:188} INFO - [2026-09-09T08:54:40.402+0000] {dagbag.py:545} INFO - Filling up the DagBag from /opt/airflow/dags/netflix_dag.py
[2026-09-09T08:54:40.491+0000] {processor.py:840} INFO - DAG(s) 'netflix_etl_pipeline' retrieved from /opt/airflow/dags/netflix_dag.py
[2026-09-09T08:54:40.625+0000] {logging_mixin.py:188} INFO - [2026-09-09T08:54:40.624+0000] {dag.py:3089} INFO - Sync 1 DAGs
[2026-09-09T08:54:40.677+0000] {logging_mixin.py:188} INFO - [2026-09-09T08:54:40.677+0000] {dag.py:3947} INFO - Setting next_dagrun for netflix_etl_pipeline to 2026-09-08 00:00:00+00:00, run_after=2026-09-09 00:00:00+00:00
[2026-09-09T08:54:40.728+0000] {processor.py:183} INFO - Processing /opt/airflow/dags/netflix_dag.py took 0.377 seconds
[2026-09-09T08:55:11.248+0000] {processor.py:161} INFO - Started process (PID=5686) to work on /opt/airflow/dags/netflix_dag.py
[2026-09-09T08:55:11.251+0000] {processor.py:830} INFO - Processing file /opt/airflow/dags/netflix_dag.py for tasks to queue
[2026-09-09T08:55:11.256+0000] {logging_mixin.py:188} INFO - [2026-09-09T08:55:11.256+0000] {dagbag.py:545} INFO - Filling up the DagBag from /opt/airflow/dags/netflix_dag.py
[2026-09-09T08:55:11.308+0000] {processor.py:840} INFO - DAG(s) 'netflix_etl_pipeline' retrieved from /opt/airflow/dags/netflix_dag.py
[2026-09-09T08:55:11.382+0000] {logging_mixin.py:188} INFO - [2026-09-09T08:55:11.381+0000] {dag.py:3089} INFO - Sync 1 DAGs
[2026-09-09T08:55:11.427+0000] {logging_mixin.py:188} INFO - [2026-09-09T08:55:11.427+0000] {dag.py:3947} INFO - Setting next_dagrun for netflix_etl_pipeline to 2026-09-08 00:00:00+00:00, run_after=2026-09-09 00:00:00+00:00
[2026-09-09T08:55:11.472+0000] {processor.py:183} INFO - Processing /opt/airflow/dags/netflix_dag.py took 0.241 seconds
[2026-09-09T08:55:41.868+0000] {processor.py:161} INFO - Started process (PID=5697) to work on /opt/airflow/dags/netflix_dag.py
[2026-09-09T08:55:41.872+0000] {processor.py:830} INFO - Processing file /opt/airflow/dags/netflix_dag.py for tasks to queue
[2026-09-09T08:55:41.877+0000] {logging_mixin.py:188} INFO - [2026-09-09T08:55:41.876+0000] {dagbag.py:545} INFO - Filling up the DagBag from /opt/airflow/dags/netflix_dag.py
[2026-09-09T08:55:41.936+0000] {processor.py:840} INFO - DAG(s) 'netflix_etl_pipeline' retrieved from /opt/airflow/dags/netflix_dag.py
[2026-09-09T08:55:42.016+0000] {logging_mixin.py:188} INFO - [2026-09-09T08:55:42.016+0000] {dag.py:3089} INFO - Sync 1 DAGs
[2026-09-09T08:55:42.070+0000] {logging_mixin.py:188} INFO - [2026-09-09T08:55:42.070+0000] {dag.py:3947} INFO - Setting next_dagrun for netflix_etl_pipeline to 2026-09-08 00:00:00+00:00, run_after=2026-09-09 00:00:00+00:00
[2026-09-09T08:55:42.117+0000] {processor.py:183} INFO - Processing /opt/airflow/dags/netflix_dag.py took 0.264 seconds
[2026-09-09T08:56:12.413+0000] {processor.py:161} INFO - Started process (PID=5708) to work on /opt/airflow/dags/netflix_dag.py
[2026-09-09T08:56:12.416+0000] {processor.py:830} INFO - Processing file /opt/airflow/dags/netflix_dag.py for tasks to queue
[2026-09-09T08:56:12.421+0000] {logging_mixin.py:188} INFO - [2026-09-09T08:56:12.420+0000] {dagbag.py:545} INFO - Filling up the DagBag from /opt/airflow/dags/netflix_dag.py
[2026-09-09T08:56:12.472+0000] {processor.py:840} INFO - DAG(s) 'netflix_etl_pipeline' retrieved from /opt/airflow/dags/netflix_dag.py
[2026-09-09T08:56:12.540+0000] {logging_mixin.py:188} INFO - [2026-09-09T08:56:12.539+0000] {dag.py:3089} INFO - Sync 1 DAGs
[2026-09-09T08:56:12.585+0000] {logging_mixin.py:188} INFO - [2026-09-09T08:56:12.584+0000] {dag.py:3947} INFO - Setting next_dagrun for netflix_etl_pipeline to 2026-09-08 00:00:00+00:00, run_after=2026-09-09 00:00:00+00:00
[2026-09-09T08:56:12.623+0000] {processor.py:183} INFO - Processing /opt/airflow/dags/netflix_dag.py took 0.223 seconds
[2026-09-09T08:56:42.993+0000] {processor.py:161} INFO - Started process (PID=5719) to work on /opt/airflow/dags/netflix_dag.py
[2026-09-09T08:56:42.996+0000] {processor.py:830} INFO - Processing file /opt/airflow/dags/netflix_dag.py for tasks to queue
[2026-09-09T08:56:43.002+0000] {logging_mixin.py:188} INFO - [2026-09-09T08:56:43.001+0000] {dagbag.py:545} INFO - Filling up the DagBag from /opt/airflow/dags/netflix_dag.py
[2026-09-09T08:56:43.056+0000] {processor.py:840} INFO - DAG(s) 'netflix_etl_pipeline' retrieved from /opt/airflow/dags/netflix_dag.py
[2026-09-09T08:56:43.128+0000] {logging_mixin.py:188} INFO - [2026-09-09T08:56:43.128+0000] {dag.py:3089} INFO - Sync 1 DAGs
[2026-09-09T08:56:43.174+0000] {logging_mixin.py:188} INFO - [2026-09-09T08:56:43.174+0000] {dag.py:3947} INFO - Setting next_dagrun for netflix_etl_pipeline to 2026-09-08 00:00:00+00:00, run_after=2026-09-09 00:00:00+00:00
[2026-09-09T08:56:43.218+0000] {processor.py:183} INFO - Processing /opt/airflow/dags/netflix_dag.py took 0.240 seconds
[2026-09-09T08:57:13.602+0000] {processor.py:161} INFO - Started process (PID=5730) to work on /opt/airflow/dags/netflix_dag.py
[2026-09-09T08:57:13.606+0000] {processor.py:830} INFO - Processing file /opt/airflow/dags/netflix_dag.py for tasks to queue
[2026-09-09T08:57:13.611+0000] {logging_mixin.py:188} INFO - [2026-09-09T08:57:13.610+0000] {dagbag.py:545} INFO - Filling up the DagBag from /opt/airflow/dags/netflix_dag.py
[2026-09-09T08:57:13.662+0000] {processor.py:840} INFO - DAG(s) 'netflix_etl_pipeline' retrieved from /opt/airflow/dags/netflix_dag.py
[2026-09-09T08:57:13.730+0000] {logging_mixin.py:188} INFO - [2026-09-09T08:57:13.729+0000] {dag.py:3089} INFO - Sync 1 DAGs
[2026-09-09T08:57:13.774+0000] {logging_mixin.py:188} INFO - [2026-09-09T08:57:13.773+0000] {dag.py:3947} INFO - Setting next_dagrun for netflix_etl_pipeline to 2026-09-08 00:00:00+00:00, run_after=2026-09-09 00:00:00+00:00
[2026-09-09T08:57:13.812+0000] {processor.py:183} INFO - Processing /opt/airflow/dags/netflix_dag.py took 0.222 seconds
[2026-09-09T08:57:44.165+0000] {processor.py:161} INFO - Started process (PID=5741) to work on /opt/airflow/dags/netflix_dag.py
[2026-09-09T08:57:44.168+0000] {processor.py:830} INFO - Processing file /opt/airflow/dags/netflix_dag.py for tasks to queue
[2026-09-09T08:57:44.173+0000] {logging_mixin.py:188} INFO - [2026-09-09T08:57:44.173+0000] {dagbag.py:545} INFO - Filling up the DagBag from /opt/airflow/dags/netflix_dag.py
[2026-09-09T08:57:44.224+0000] {processor.py:840} INFO - DAG(s) 'netflix_etl_pipeline' retrieved from /opt/airflow/dags/netflix_dag.py
[2026-09-09T08:57:44.296+0000] {logging_mixin.py:188} INFO - [2026-09-09T08:57:44.295+0000] {dag.py:3089} INFO - Sync 1 DAGs
[2026-09-09T08:57:44.343+0000] {logging_mixin.py:188} INFO - [2026-09-09T08:57:44.342+0000] {dag.py:3947} INFO - Setting next_dagrun for netflix_etl_pipeline to 2026-09-08 00:00:00+00:00, run_after=2026-09-09 00:00:00+00:00
[2026-09-09T08:57:44.382+0000] {processor.py:183} INFO - Processing /opt/airflow/dags/netflix_dag.py took 0.233 seconds
[2026-09-09T08:58:14.717+0000] {processor.py:161} INFO - Started process (PID=5758) to work on /opt/airflow/dags/netflix_dag.py
[2026-09-09T08:58:14.721+0000] {processor.py:830} INFO - Processing file /opt/airflow/dags/netflix_dag.py for tasks to queue
[2026-09-09T08:58:14.726+0000] {logging_mixin.py:188} INFO - [2026-09-09T08:58:14.725+0000] {dagbag.py:545} INFO - Filling up the DagBag from /opt/airflow/dags/netflix_dag.py
[2026-09-09T08:58:14.776+0000] {processor.py:840} INFO - DAG(s) 'netflix_etl_pipeline' retrieved from /opt/airflow/dags/netflix_dag.py
[2026-09-09T08:58:14.851+0000] {logging_mixin.py:188} INFO - [2026-09-09T08:58:14.850+0000] {dag.py:3089} INFO - Sync 1 DAGs
[2026-09-09T08:58:14.902+0000] {logging_mixin.py:188} INFO - [2026-09-09T08:58:14.901+0000] {dag.py:3947} INFO - Setting next_dagrun for netflix_etl_pipeline to 2026-09-08 00:00:00+00:00, run_after=2026-09-09 00:00:00+00:00
[2026-09-09T08:58:14.944+0000] {processor.py:183} INFO - Processing /opt/airflow/dags/netflix_dag.py took 0.242 seconds
[2026-09-09T08:58:45.394+0000] {processor.py:161} INFO - Started process (PID=5769) to work on /opt/airflow/dags/netflix_dag.py
[2026-09-09T08:58:45.397+0000] {processor.py:830} INFO - Processing file /opt/airflow/dags/netflix_dag.py for tasks to queue
[2026-09-09T08:58:45.403+0000] {logging_mixin.py:188} INFO - [2026-09-09T08:58:45.402+0000] {dagbag.py:545} INFO - Filling up the DagBag from /opt/airflow/dags/netflix_dag.py
[2026-09-09T08:58:45.454+0000] {processor.py:840} INFO - DAG(s) 'netflix_etl_pipeline' retrieved from /opt/airflow/dags/netflix_dag.py
[2026-09-09T08:58:45.529+0000] {logging_mixin.py:188} INFO - [2026-09-09T08:58:45.528+0000] {dag.py:3089} INFO - Sync 1 DAGs
[2026-09-09T08:58:45.582+0000] {logging_mixin.py:188} INFO - [2026-09-09T08:58:45.581+0000] {dag.py:3947} INFO - Setting next_dagrun for netflix_etl_pipeline to 2026-09-08 00:00:00+00:00, run_after=2026-09-09 00:00:00+00:00
[2026-09-09T08:58:45.622+0000] {processor.py:183} INFO - Processing /opt/airflow/dags/netflix_dag.py took 0.241 seconds
[2026-09-09T08:59:15.858+0000] {processor.py:161} INFO - Started process (PID=5780) to work on /opt/airflow/dags/netflix_dag.py
[2026-09-09T08:59:15.862+0000] {processor.py:830} INFO - Processing file /opt/airflow/dags/netflix_dag.py for tasks to queue
[2026-09-09T08:59:15.868+0000] {logging_mixin.py:188} INFO - [2026-09-09T08:59:15.867+0000] {dagbag.py:545} INFO - Filling up the DagBag from /opt/airflow/dags/netflix_dag.py
[2026-09-09T08:59:15.918+0000] {processor.py:840} INFO - DAG(s) 'netflix_etl_pipeline' retrieved from /opt/airflow/dags/netflix_dag.py
[2026-09-09T08:59:15.991+0000] {logging_mixin.py:188} INFO - [2026-09-09T08:59:15.991+0000] {dag.py:3089} INFO - Sync 1 DAGs
[2026-09-09T08:59:16.041+0000] {logging_mixin.py:188} INFO - [2026-09-09T08:59:16.041+0000] {dag.py:3947} INFO - Setting next_dagrun for netflix_etl_pipeline to 2026-09-08 00:00:00+00:00, run_after=2026-09-09 00:00:00+00:00
[2026-09-09T08:59:16.081+0000] {processor.py:183} INFO - Processing /opt/airflow/dags/netflix_dag.py took 0.239 seconds
[2026-09-09T08:59:46.539+0000] {processor.py:161} INFO - Started process (PID=5791) to work on /opt/airflow/dags/netflix_dag.py
[2026-09-09T08:59:46.543+0000] {processor.py:830} INFO - Processing file /opt/airflow/dags/netflix_dag.py for tasks to queue
[2026-09-09T08:59:46.549+0000] {logging_mixin.py:188} INFO - [2026-09-09T08:59:46.548+0000] {dagbag.py:545} INFO - Filling up the DagBag from /opt/airflow/dags/netflix_dag.py
[2026-09-09T08:59:46.600+0000] {processor.py:840} INFO - DAG(s) 'netflix_etl_pipeline' retrieved from /opt/airflow/dags/netflix_dag.py
[2026-09-09T08:59:46.671+0000] {logging_mixin.py:188} INFO - [2026-09-09T08:59:46.670+0000] {dag.py:3089} INFO - Sync 1 DAGs
[2026-09-09T08:59:46.719+0000] {logging_mixin.py:188} INFO - [2026-09-09T08:59:46.718+0000] {dag.py:3947} INFO - Setting next_dagrun for netflix_etl_pipeline to 2026-09-08 00:00:00+00:00, run_after=2026-09-09 00:00:00+00:00
[2026-09-09T08:59:46.760+0000] {processor.py:183} INFO - Processing /opt/airflow/dags/netflix_dag.py took 0.235 seconds
[2026-09-09T09:00:17.099+0000] {processor.py:161} INFO - Started process (PID=5802) to work on /opt/airflow/dags/netflix_dag.py
[2026-09-09T09:00:17.102+0000] {processor.py:830} INFO - Processing file /opt/airflow/dags/netflix_dag.py for tasks to queue
[2026-09-09T09:00:17.111+0000] {logging_mixin.py:188} INFO - [2026-09-09T09:00:17.110+0000] {dagbag.py:545} INFO - Filling up the DagBag from /opt/airflow/dags/netflix_dag.py
[2026-09-09T09:00:17.162+0000] {processor.py:840} INFO - DAG(s) 'netflix_etl_pipeline' retrieved from /opt/airflow/dags/netflix_dag.py
[2026-09-09T09:00:17.263+0000] {logging_mixin.py:188} INFO - [2026-09-09T09:00:17.262+0000] {dag.py:3089} INFO - Sync 1 DAGs
[2026-09-09T09:00:17.372+0000] {logging_mixin.py:188} INFO - [2026-09-09T09:00:17.371+0000] {dag.py:3947} INFO - Setting next_dagrun for netflix_etl_pipeline to 2026-09-08 00:00:00+00:00, run_after=2026-09-09 00:00:00+00:00
[2026-09-09T09:00:17.441+0000] {processor.py:183} INFO - Processing /opt/airflow/dags/netflix_dag.py took 0.363 seconds
