[2026-09-07T03:28:39.921+0000] {processor.py:161} INFO - Started process (PID=202) to work on /opt/airflow/dags/netflix_dag.py
[2026-09-07T03:28:39.933+0000] {processor.py:830} INFO - Processing file /opt/airflow/dags/netflix_dag.py for tasks to queue
[2026-09-07T03:28:39.946+0000] {logging_mixin.py:188} INFO - [2026-09-07T03:28:39.943+0000] {dagbag.py:545} INFO - Filling up the DagBag from /opt/airflow/dags/netflix_dag.py
[2026-09-07T03:28:40.049+0000] {processor.py:840} INFO - DAG(s) 'netflix_etl_pipeline' retrieved from /opt/airflow/dags/netflix_dag.py
[2026-09-07T03:28:40.249+0000] {logging_mixin.py:188} INFO - [2026-09-07T03:28:40.248+0000] {dag.py:3089} INFO - Sync 1 DAGs
[2026-09-07T03:28:40.399+0000] {logging_mixin.py:188} INFO - [2026-09-07T03:28:40.398+0000] {dag.py:3947} INFO - Setting next_dagrun for netflix_etl_pipeline to 2026-09-06 00:00:00+00:00, run_after=2026-09-07 00:00:00+00:00
[2026-09-07T03:28:40.504+0000] {processor.py:183} INFO - Processing /opt/airflow/dags/netflix_dag.py took 0.628 seconds
[2026-09-07T03:29:10.966+0000] {processor.py:161} INFO - Started process (PID=213) to work on /opt/airflow/dags/netflix_dag.py
[2026-09-07T03:29:10.972+0000] {processor.py:830} INFO - Processing file /opt/airflow/dags/netflix_dag.py for tasks to queue
[2026-09-07T03:29:10.983+0000] {logging_mixin.py:188} INFO - [2026-09-07T03:29:10.981+0000] {dagbag.py:545} INFO - Filling up the DagBag from /opt/airflow/dags/netflix_dag.py
[2026-09-07T03:29:11.053+0000] {processor.py:840} INFO - DAG(s) 'netflix_etl_pipeline' retrieved from /opt/airflow/dags/netflix_dag.py
[2026-09-07T03:29:11.151+0000] {logging_mixin.py:188} INFO - [2026-09-07T03:29:11.151+0000] {dag.py:3089} INFO - Sync 1 DAGs
[2026-09-07T03:29:11.225+0000] {logging_mixin.py:188} INFO - [2026-09-07T03:29:11.225+0000] {dag.py:3947} INFO - Setting next_dagrun for netflix_etl_pipeline to 2026-09-06 00:00:00+00:00, run_after=2026-09-07 00:00:00+00:00
[2026-09-07T03:29:11.294+0000] {processor.py:183} INFO - Processing /opt/airflow/dags/netflix_dag.py took 0.366 seconds
[2026-09-07T03:29:41.860+0000] {processor.py:161} INFO - Started process (PID=224) to work on /opt/airflow/dags/netflix_dag.py
[2026-09-07T03:29:41.864+0000] {processor.py:830} INFO - Processing file /opt/airflow/dags/netflix_dag.py for tasks to queue
[2026-09-07T03:29:41.881+0000] {logging_mixin.py:188} INFO - [2026-09-07T03:29:41.879+0000] {dagbag.py:545} INFO - Filling up the DagBag from /opt/airflow/dags/netflix_dag.py
[2026-09-07T03:29:41.994+0000] {processor.py:840} INFO - DAG(s) 'netflix_etl_pipeline' retrieved from /opt/airflow/dags/netflix_dag.py
[2026-09-07T03:29:42.204+0000] {logging_mixin.py:188} INFO - [2026-09-07T03:29:42.203+0000] {dag.py:3089} INFO - Sync 1 DAGs
[2026-09-07T03:29:42.253+0000] {logging_mixin.py:188} INFO - [2026-09-07T03:29:42.253+0000] {dag.py:3947} INFO - Setting next_dagrun for netflix_etl_pipeline to 2026-09-06 00:00:00+00:00, run_after=2026-09-07 00:00:00+00:00
[2026-09-07T03:29:42.303+0000] {processor.py:183} INFO - Processing /opt/airflow/dags/netflix_dag.py took 0.485 seconds
[2026-09-07T03:30:12.637+0000] {processor.py:161} INFO - Started process (PID=235) to work on /opt/airflow/dags/netflix_dag.py
[2026-09-07T03:30:12.642+0000] {processor.py:830} INFO - Processing file /opt/airflow/dags/netflix_dag.py for tasks to queue
[2026-09-07T03:30:12.662+0000] {logging_mixin.py:188} INFO - [2026-09-07T03:30:12.660+0000] {dagbag.py:545} INFO - Filling up the DagBag from /opt/airflow/dags/netflix_dag.py
[2026-09-07T03:30:12.734+0000] {processor.py:840} INFO - DAG(s) 'netflix_etl_pipeline' retrieved from /opt/airflow/dags/netflix_dag.py
[2026-09-07T03:30:12.852+0000] {logging_mixin.py:188} INFO - [2026-09-07T03:30:12.851+0000] {dag.py:3089} INFO - Sync 1 DAGs
[2026-09-07T03:30:12.926+0000] {logging_mixin.py:188} INFO - [2026-09-07T03:30:12.925+0000] {dag.py:3947} INFO - Setting next_dagrun for netflix_etl_pipeline to 2026-09-06 00:00:00+00:00, run_after=2026-09-07 00:00:00+00:00
[2026-09-07T03:30:12.981+0000] {processor.py:183} INFO - Processing /opt/airflow/dags/netflix_dag.py took 0.362 seconds
[2026-09-07T03:30:43.643+0000] {processor.py:161} INFO - Started process (PID=247) to work on /opt/airflow/dags/netflix_dag.py
[2026-09-07T03:30:44.078+0000] {processor.py:830} INFO - Processing file /opt/airflow/dags/netflix_dag.py for tasks to queue
[2026-09-07T03:30:44.085+0000] {logging_mixin.py:188} INFO - [2026-09-07T03:30:44.084+0000] {dagbag.py:545} INFO - Filling up the DagBag from /opt/airflow/dags/netflix_dag.py
[2026-09-07T03:30:44.330+0000] {processor.py:840} INFO - DAG(s) 'netflix_etl_pipeline' retrieved from /opt/airflow/dags/netflix_dag.py
[2026-09-07T03:30:44.538+0000] {logging_mixin.py:188} INFO - [2026-09-07T03:30:44.535+0000] {dag.py:3089} INFO - Sync 1 DAGs
[2026-09-07T03:30:44.697+0000] {logging_mixin.py:188} INFO - [2026-09-07T03:30:44.696+0000] {dag.py:3947} INFO - Setting next_dagrun for netflix_etl_pipeline to 2026-09-06 00:00:00+00:00, run_after=2026-09-07 00:00:00+00:00
[2026-09-07T03:30:44.772+0000] {processor.py:183} INFO - Processing /opt/airflow/dags/netflix_dag.py took 1.157 seconds
[2026-09-07T03:31:15.184+0000] {processor.py:161} INFO - Started process (PID=258) to work on /opt/airflow/dags/netflix_dag.py
[2026-09-07T03:31:15.188+0000] {processor.py:830} INFO - Processing file /opt/airflow/dags/netflix_dag.py for tasks to queue
[2026-09-07T03:31:15.193+0000] {logging_mixin.py:188} INFO - [2026-09-07T03:31:15.192+0000] {dagbag.py:545} INFO - Filling up the DagBag from /opt/airflow/dags/netflix_dag.py
[2026-09-07T03:31:15.238+0000] {processor.py:840} INFO - DAG(s) 'netflix_etl_pipeline' retrieved from /opt/airflow/dags/netflix_dag.py
[2026-09-07T03:31:15.311+0000] {logging_mixin.py:188} INFO - [2026-09-07T03:31:15.311+0000] {dag.py:3089} INFO - Sync 1 DAGs
[2026-09-07T03:31:15.359+0000] {logging_mixin.py:188} INFO - [2026-09-07T03:31:15.359+0000] {dag.py:3947} INFO - Setting next_dagrun for netflix_etl_pipeline to 2026-09-06 00:00:00+00:00, run_after=2026-09-07 00:00:00+00:00
[2026-09-07T03:31:15.423+0000] {processor.py:183} INFO - Processing /opt/airflow/dags/netflix_dag.py took 0.258 seconds
[2026-09-07T03:31:45.537+0000] {processor.py:161} INFO - Started process (PID=269) to work on /opt/airflow/dags/netflix_dag.py
[2026-09-07T03:31:45.540+0000] {processor.py:830} INFO - Processing file /opt/airflow/dags/netflix_dag.py for tasks to queue
[2026-09-07T03:31:45.544+0000] {logging_mixin.py:188} INFO - [2026-09-07T03:31:45.543+0000] {dagbag.py:545} INFO - Filling up the DagBag from /opt/airflow/dags/netflix_dag.py
[2026-09-07T03:31:45.587+0000] {processor.py:840} INFO - DAG(s) 'netflix_etl_pipeline' retrieved from /opt/airflow/dags/netflix_dag.py
[2026-09-07T03:31:45.661+0000] {logging_mixin.py:188} INFO - [2026-09-07T03:31:45.661+0000] {dag.py:3089} INFO - Sync 1 DAGs
[2026-09-07T03:31:45.717+0000] {logging_mixin.py:188} INFO - [2026-09-07T03:31:45.717+0000] {dag.py:3947} INFO - Setting next_dagrun for netflix_etl_pipeline to 2026-09-06 00:00:00+00:00, run_after=2026-09-07 00:00:00+00:00
[2026-09-07T03:31:45.760+0000] {processor.py:183} INFO - Processing /opt/airflow/dags/netflix_dag.py took 0.235 seconds
[2026-09-07T03:32:16.139+0000] {processor.py:161} INFO - Started process (PID=280) to work on /opt/airflow/dags/netflix_dag.py
[2026-09-07T03:32:16.143+0000] {processor.py:830} INFO - Processing file /opt/airflow/dags/netflix_dag.py for tasks to queue
[2026-09-07T03:32:16.149+0000] {logging_mixin.py:188} INFO - [2026-09-07T03:32:16.148+0000] {dagbag.py:545} INFO - Filling up the DagBag from /opt/airflow/dags/netflix_dag.py
[2026-09-07T03:32:16.190+0000] {processor.py:840} INFO - DAG(s) 'netflix_etl_pipeline' retrieved from /opt/airflow/dags/netflix_dag.py
[2026-09-07T03:32:16.272+0000] {logging_mixin.py:188} INFO - [2026-09-07T03:32:16.271+0000] {dag.py:3089} INFO - Sync 1 DAGs
[2026-09-07T03:32:16.321+0000] {logging_mixin.py:188} INFO - [2026-09-07T03:32:16.321+0000] {dag.py:3947} INFO - Setting next_dagrun for netflix_etl_pipeline to 2026-09-06 00:00:00+00:00, run_after=2026-09-07 00:00:00+00:00
[2026-09-07T03:32:16.371+0000] {processor.py:183} INFO - Processing /opt/airflow/dags/netflix_dag.py took 0.248 seconds
[2026-09-07T03:32:46.851+0000] {processor.py:161} INFO - Started process (PID=291) to work on /opt/airflow/dags/netflix_dag.py
[2026-09-07T03:32:46.854+0000] {processor.py:830} INFO - Processing file /opt/airflow/dags/netflix_dag.py for tasks to queue
[2026-09-07T03:32:46.860+0000] {logging_mixin.py:188} INFO - [2026-09-07T03:32:46.859+0000] {dagbag.py:545} INFO - Filling up the DagBag from /opt/airflow/dags/netflix_dag.py
[2026-09-07T03:32:46.912+0000] {processor.py:840} INFO - DAG(s) 'netflix_etl_pipeline' retrieved from /opt/airflow/dags/netflix_dag.py
[2026-09-07T03:32:46.984+0000] {logging_mixin.py:188} INFO - [2026-09-07T03:32:46.984+0000] {dag.py:3089} INFO - Sync 1 DAGs
[2026-09-07T03:32:47.026+0000] {logging_mixin.py:188} INFO - [2026-09-07T03:32:47.026+0000] {dag.py:3947} INFO - Setting next_dagrun for netflix_etl_pipeline to 2026-09-06 00:00:00+00:00, run_after=2026-09-07 00:00:00+00:00
[2026-09-07T03:32:47.072+0000] {processor.py:183} INFO - Processing /opt/airflow/dags/netflix_dag.py took 0.233 seconds
[2026-09-07T03:33:17.571+0000] {processor.py:161} INFO - Started process (PID=302) to work on /opt/airflow/dags/netflix_dag.py
[2026-09-07T03:33:17.575+0000] {processor.py:830} INFO - Processing file /opt/airflow/dags/netflix_dag.py for tasks to queue
[2026-09-07T03:33:17.580+0000] {logging_mixin.py:188} INFO - [2026-09-07T03:33:17.580+0000] {dagbag.py:545} INFO - Filling up the DagBag from /opt/airflow/dags/netflix_dag.py
[2026-09-07T03:33:17.633+0000] {processor.py:840} INFO - DAG(s) 'netflix_etl_pipeline' retrieved from /opt/airflow/dags/netflix_dag.py
[2026-09-07T03:33:17.719+0000] {logging_mixin.py:188} INFO - [2026-09-07T03:33:17.719+0000] {dag.py:3089} INFO - Sync 1 DAGs
[2026-09-07T03:33:17.772+0000] {logging_mixin.py:188} INFO - [2026-09-07T03:33:17.772+0000] {dag.py:3947} INFO - Setting next_dagrun for netflix_etl_pipeline to 2026-09-06 00:00:00+00:00, run_after=2026-09-07 00:00:00+00:00
[2026-09-07T03:33:17.821+0000] {processor.py:183} INFO - Processing /opt/airflow/dags/netflix_dag.py took 0.265 seconds
[2026-09-07T03:33:48.108+0000] {processor.py:161} INFO - Started process (PID=313) to work on /opt/airflow/dags/netflix_dag.py
[2026-09-07T03:33:48.112+0000] {processor.py:830} INFO - Processing file /opt/airflow/dags/netflix_dag.py for tasks to queue
[2026-09-07T03:33:48.121+0000] {logging_mixin.py:188} INFO - [2026-09-07T03:33:48.119+0000] {dagbag.py:545} INFO - Filling up the DagBag from /opt/airflow/dags/netflix_dag.py
[2026-09-07T03:33:48.172+0000] {processor.py:840} INFO - DAG(s) 'netflix_etl_pipeline' retrieved from /opt/airflow/dags/netflix_dag.py
[2026-09-07T03:33:48.266+0000] {logging_mixin.py:188} INFO - [2026-09-07T03:33:48.265+0000] {dag.py:3089} INFO - Sync 1 DAGs
[2026-09-07T03:33:48.424+0000] {logging_mixin.py:188} INFO - [2026-09-07T03:33:48.423+0000] {dag.py:3947} INFO - Setting next_dagrun for netflix_etl_pipeline to 2026-09-06 00:00:00+00:00, run_after=2026-09-07 00:00:00+00:00
[2026-09-07T03:33:48.512+0000] {processor.py:183} INFO - Processing /opt/airflow/dags/netflix_dag.py took 0.422 seconds
[2026-09-07T03:34:19.166+0000] {processor.py:161} INFO - Started process (PID=324) to work on /opt/airflow/dags/netflix_dag.py
[2026-09-07T03:34:19.170+0000] {processor.py:830} INFO - Processing file /opt/airflow/dags/netflix_dag.py for tasks to queue
[2026-09-07T03:34:19.175+0000] {logging_mixin.py:188} INFO - [2026-09-07T03:34:19.174+0000] {dagbag.py:545} INFO - Filling up the DagBag from /opt/airflow/dags/netflix_dag.py
[2026-09-07T03:34:19.229+0000] {processor.py:840} INFO - DAG(s) 'netflix_etl_pipeline' retrieved from /opt/airflow/dags/netflix_dag.py
[2026-09-07T03:34:19.302+0000] {logging_mixin.py:188} INFO - [2026-09-07T03:34:19.302+0000] {dag.py:3089} INFO - Sync 1 DAGs
[2026-09-07T03:34:19.351+0000] {logging_mixin.py:188} INFO - [2026-09-07T03:34:19.351+0000] {dag.py:3947} INFO - Setting next_dagrun for netflix_etl_pipeline to 2026-09-06 00:00:00+00:00, run_after=2026-09-07 00:00:00+00:00
[2026-09-07T03:34:19.396+0000] {processor.py:183} INFO - Processing /opt/airflow/dags/netflix_dag.py took 0.245 seconds
[2026-09-07T03:34:49.528+0000] {processor.py:161} INFO - Started process (PID=335) to work on /opt/airflow/dags/netflix_dag.py
[2026-09-07T03:34:49.531+0000] {processor.py:830} INFO - Processing file /opt/airflow/dags/netflix_dag.py for tasks to queue
[2026-09-07T03:34:49.538+0000] {logging_mixin.py:188} INFO - [2026-09-07T03:34:49.537+0000] {dagbag.py:545} INFO - Filling up the DagBag from /opt/airflow/dags/netflix_dag.py
[2026-09-07T03:34:49.592+0000] {processor.py:840} INFO - DAG(s) 'netflix_etl_pipeline' retrieved from /opt/airflow/dags/netflix_dag.py
[2026-09-07T03:34:49.669+0000] {logging_mixin.py:188} INFO - [2026-09-07T03:34:49.668+0000] {dag.py:3089} INFO - Sync 1 DAGs
[2026-09-07T03:34:49.723+0000] {logging_mixin.py:188} INFO - [2026-09-07T03:34:49.723+0000] {dag.py:3947} INFO - Setting next_dagrun for netflix_etl_pipeline to 2026-09-06 00:00:00+00:00, run_after=2026-09-07 00:00:00+00:00
[2026-09-07T03:34:52.907+0000] {processor.py:183} INFO - Processing /opt/airflow/dags/netflix_dag.py took 3.391 seconds
[2026-09-07T03:35:23.399+0000] {processor.py:161} INFO - Started process (PID=347) to work on /opt/airflow/dags/netflix_dag.py
[2026-09-07T03:35:23.403+0000] {processor.py:830} INFO - Processing file /opt/airflow/dags/netflix_dag.py for tasks to queue
[2026-09-07T03:35:23.411+0000] {logging_mixin.py:188} INFO - [2026-09-07T03:35:23.410+0000] {dagbag.py:545} INFO - Filling up the DagBag from /opt/airflow/dags/netflix_dag.py
[2026-09-07T03:35:23.473+0000] {processor.py:840} INFO - DAG(s) 'netflix_etl_pipeline' retrieved from /opt/airflow/dags/netflix_dag.py
[2026-09-07T03:35:23.546+0000] {logging_mixin.py:188} INFO - [2026-09-07T03:35:23.546+0000] {dag.py:3089} INFO - Sync 1 DAGs
[2026-09-07T03:35:23.600+0000] {logging_mixin.py:188} INFO - [2026-09-07T03:35:23.599+0000] {dag.py:3947} INFO - Setting next_dagrun for netflix_etl_pipeline to 2026-09-06 00:00:00+00:00, run_after=2026-09-07 00:00:00+00:00
[2026-09-07T03:35:23.652+0000] {processor.py:183} INFO - Processing /opt/airflow/dags/netflix_dag.py took 0.271 seconds
[2026-09-07T03:35:53.792+0000] {processor.py:161} INFO - Started process (PID=358) to work on /opt/airflow/dags/netflix_dag.py
[2026-09-07T03:35:53.795+0000] {processor.py:830} INFO - Processing file /opt/airflow/dags/netflix_dag.py for tasks to queue
[2026-09-07T03:35:53.801+0000] {logging_mixin.py:188} INFO - [2026-09-07T03:35:53.800+0000] {dagbag.py:545} INFO - Filling up the DagBag from /opt/airflow/dags/netflix_dag.py
[2026-09-07T03:35:53.849+0000] {processor.py:840} INFO - DAG(s) 'netflix_etl_pipeline' retrieved from /opt/airflow/dags/netflix_dag.py
[2026-09-07T03:35:53.959+0000] {logging_mixin.py:188} INFO - [2026-09-07T03:35:53.959+0000] {dag.py:3089} INFO - Sync 1 DAGs
[2026-09-07T03:35:54.015+0000] {logging_mixin.py:188} INFO - [2026-09-07T03:35:54.015+0000] {dag.py:3947} INFO - Setting next_dagrun for netflix_etl_pipeline to 2026-09-06 00:00:00+00:00, run_after=2026-09-07 00:00:00+00:00
[2026-09-07T03:35:54.071+0000] {processor.py:183} INFO - Processing /opt/airflow/dags/netflix_dag.py took 0.290 seconds
[2026-09-07T03:36:24.496+0000] {processor.py:161} INFO - Started process (PID=368) to work on /opt/airflow/dags/netflix_dag.py
[2026-09-07T03:36:24.500+0000] {processor.py:830} INFO - Processing file /opt/airflow/dags/netflix_dag.py for tasks to queue
[2026-09-07T03:36:24.510+0000] {logging_mixin.py:188} INFO - [2026-09-07T03:36:24.508+0000] {dagbag.py:545} INFO - Filling up the DagBag from /opt/airflow/dags/netflix_dag.py
[2026-09-07T03:36:24.576+0000] {processor.py:840} INFO - DAG(s) 'netflix_etl_pipeline' retrieved from /opt/airflow/dags/netflix_dag.py
[2026-09-07T03:36:24.670+0000] {logging_mixin.py:188} INFO - [2026-09-07T03:36:24.670+0000] {dag.py:3089} INFO - Sync 1 DAGs
[2026-09-07T03:36:24.717+0000] {logging_mixin.py:188} INFO - [2026-09-07T03:36:24.716+0000] {dag.py:3947} INFO - Setting next_dagrun for netflix_etl_pipeline to 2026-09-06 00:00:00+00:00, run_after=2026-09-07 00:00:00+00:00
[2026-09-07T03:36:24.756+0000] {processor.py:183} INFO - Processing /opt/airflow/dags/netflix_dag.py took 0.284 seconds
[2026-09-07T03:36:55.074+0000] {processor.py:161} INFO - Started process (PID=379) to work on /opt/airflow/dags/netflix_dag.py
[2026-09-07T03:36:55.079+0000] {processor.py:830} INFO - Processing file /opt/airflow/dags/netflix_dag.py for tasks to queue
[2026-09-07T03:36:55.087+0000] {logging_mixin.py:188} INFO - [2026-09-07T03:36:55.086+0000] {dagbag.py:545} INFO - Filling up the DagBag from /opt/airflow/dags/netflix_dag.py
[2026-09-07T03:36:55.179+0000] {processor.py:840} INFO - DAG(s) 'netflix_etl_pipeline' retrieved from /opt/airflow/dags/netflix_dag.py
[2026-09-07T03:36:55.310+0000] {logging_mixin.py:188} INFO - [2026-09-07T03:36:55.309+0000] {dag.py:3089} INFO - Sync 1 DAGs
[2026-09-07T03:36:55.362+0000] {logging_mixin.py:188} INFO - [2026-09-07T03:36:55.361+0000] {dag.py:3947} INFO - Setting next_dagrun for netflix_etl_pipeline to 2026-09-06 00:00:00+00:00, run_after=2026-09-07 00:00:00+00:00
[2026-09-07T03:36:55.407+0000] {processor.py:183} INFO - Processing /opt/airflow/dags/netflix_dag.py took 0.373 seconds
[2026-09-07T03:37:25.589+0000] {processor.py:161} INFO - Started process (PID=390) to work on /opt/airflow/dags/netflix_dag.py
[2026-09-07T03:37:25.592+0000] {processor.py:830} INFO - Processing file /opt/airflow/dags/netflix_dag.py for tasks to queue
[2026-09-07T03:37:25.597+0000] {logging_mixin.py:188} INFO - [2026-09-07T03:37:25.596+0000] {dagbag.py:545} INFO - Filling up the DagBag from /opt/airflow/dags/netflix_dag.py
[2026-09-07T03:37:25.639+0000] {processor.py:840} INFO - DAG(s) 'netflix_etl_pipeline' retrieved from /opt/airflow/dags/netflix_dag.py
[2026-09-07T03:37:25.712+0000] {logging_mixin.py:188} INFO - [2026-09-07T03:37:25.711+0000] {dag.py:3089} INFO - Sync 1 DAGs
[2026-09-07T03:37:25.757+0000] {logging_mixin.py:188} INFO - [2026-09-07T03:37:25.757+0000] {dag.py:3947} INFO - Setting next_dagrun for netflix_etl_pipeline to 2026-09-06 00:00:00+00:00, run_after=2026-09-07 00:00:00+00:00
[2026-09-07T03:37:25.801+0000] {processor.py:183} INFO - Processing /opt/airflow/dags/netflix_dag.py took 0.228 seconds
[2026-09-07T03:37:56.069+0000] {processor.py:161} INFO - Started process (PID=401) to work on /opt/airflow/dags/netflix_dag.py
[2026-09-07T03:37:56.075+0000] {processor.py:830} INFO - Processing file /opt/airflow/dags/netflix_dag.py for tasks to queue
[2026-09-07T03:37:56.086+0000] {logging_mixin.py:188} INFO - [2026-09-07T03:37:56.084+0000] {dagbag.py:545} INFO - Filling up the DagBag from /opt/airflow/dags/netflix_dag.py
[2026-09-07T03:37:56.147+0000] {processor.py:840} INFO - DAG(s) 'netflix_etl_pipeline' retrieved from /opt/airflow/dags/netflix_dag.py
[2026-09-07T03:37:56.221+0000] {logging_mixin.py:188} INFO - [2026-09-07T03:37:56.221+0000] {dag.py:3089} INFO - Sync 1 DAGs
[2026-09-07T03:37:56.280+0000] {logging_mixin.py:188} INFO - [2026-09-07T03:37:56.280+0000] {dag.py:3947} INFO - Setting next_dagrun for netflix_etl_pipeline to 2026-09-06 00:00:00+00:00, run_after=2026-09-07 00:00:00+00:00
[2026-09-07T03:37:56.340+0000] {processor.py:183} INFO - Processing /opt/airflow/dags/netflix_dag.py took 0.301 seconds
[2026-09-07T03:38:26.605+0000] {processor.py:161} INFO - Started process (PID=412) to work on /opt/airflow/dags/netflix_dag.py
[2026-09-07T03:38:26.608+0000] {processor.py:830} INFO - Processing file /opt/airflow/dags/netflix_dag.py for tasks to queue
[2026-09-07T03:38:26.613+0000] {logging_mixin.py:188} INFO - [2026-09-07T03:38:26.613+0000] {dagbag.py:545} INFO - Filling up the DagBag from /opt/airflow/dags/netflix_dag.py
[2026-09-07T03:38:26.659+0000] {processor.py:840} INFO - DAG(s) 'netflix_etl_pipeline' retrieved from /opt/airflow/dags/netflix_dag.py
[2026-09-07T03:38:26.745+0000] {logging_mixin.py:188} INFO - [2026-09-07T03:38:26.745+0000] {dag.py:3089} INFO - Sync 1 DAGs
[2026-09-07T03:38:26.796+0000] {logging_mixin.py:188} INFO - [2026-09-07T03:38:26.795+0000] {dag.py:3947} INFO - Setting next_dagrun for netflix_etl_pipeline to 2026-09-06 00:00:00+00:00, run_after=2026-09-07 00:00:00+00:00
[2026-09-07T03:38:26.843+0000] {processor.py:183} INFO - Processing /opt/airflow/dags/netflix_dag.py took 0.250 seconds
[2026-09-07T03:38:57.275+0000] {processor.py:161} INFO - Started process (PID=423) to work on /opt/airflow/dags/netflix_dag.py
[2026-09-07T03:38:57.278+0000] {processor.py:830} INFO - Processing file /opt/airflow/dags/netflix_dag.py for tasks to queue
[2026-09-07T03:38:57.283+0000] {logging_mixin.py:188} INFO - [2026-09-07T03:38:57.283+0000] {dagbag.py:545} INFO - Filling up the DagBag from /opt/airflow/dags/netflix_dag.py
[2026-09-07T03:38:57.337+0000] {processor.py:840} INFO - DAG(s) 'netflix_etl_pipeline' retrieved from /opt/airflow/dags/netflix_dag.py
[2026-09-07T03:38:57.411+0000] {logging_mixin.py:188} INFO - [2026-09-07T03:38:57.411+0000] {dag.py:3089} INFO - Sync 1 DAGs
[2026-09-07T03:38:57.461+0000] {logging_mixin.py:188} INFO - [2026-09-07T03:38:57.461+0000] {dag.py:3947} INFO - Setting next_dagrun for netflix_etl_pipeline to 2026-09-06 00:00:00+00:00, run_after=2026-09-07 00:00:00+00:00
[2026-09-07T03:38:57.503+0000] {processor.py:183} INFO - Processing /opt/airflow/dags/netflix_dag.py took 0.243 seconds
[2026-09-07T03:39:27.753+0000] {processor.py:161} INFO - Started process (PID=434) to work on /opt/airflow/dags/netflix_dag.py
[2026-09-07T03:39:27.756+0000] {processor.py:830} INFO - Processing file /opt/airflow/dags/netflix_dag.py for tasks to queue
[2026-09-07T03:39:27.762+0000] {logging_mixin.py:188} INFO - [2026-09-07T03:39:27.761+0000] {dagbag.py:545} INFO - Filling up the DagBag from /opt/airflow/dags/netflix_dag.py
[2026-09-07T03:39:27.814+0000] {processor.py:840} INFO - DAG(s) 'netflix_etl_pipeline' retrieved from /opt/airflow/dags/netflix_dag.py
[2026-09-07T03:39:27.886+0000] {logging_mixin.py:188} INFO - [2026-09-07T03:39:27.886+0000] {dag.py:3089} INFO - Sync 1 DAGs
[2026-09-07T03:39:27.935+0000] {logging_mixin.py:188} INFO - [2026-09-07T03:39:27.934+0000] {dag.py:3947} INFO - Setting next_dagrun for netflix_etl_pipeline to 2026-09-06 00:00:00+00:00, run_after=2026-09-07 00:00:00+00:00
[2026-09-07T03:39:27.979+0000] {processor.py:183} INFO - Processing /opt/airflow/dags/netflix_dag.py took 0.240 seconds
[2026-09-07T03:39:58.412+0000] {processor.py:161} INFO - Started process (PID=446) to work on /opt/airflow/dags/netflix_dag.py
[2026-09-07T03:39:58.416+0000] {processor.py:830} INFO - Processing file /opt/airflow/dags/netflix_dag.py for tasks to queue
[2026-09-07T03:39:58.421+0000] {logging_mixin.py:188} INFO - [2026-09-07T03:39:58.421+0000] {dagbag.py:545} INFO - Filling up the DagBag from /opt/airflow/dags/netflix_dag.py
[2026-09-07T03:39:58.479+0000] {processor.py:840} INFO - DAG(s) 'netflix_etl_pipeline' retrieved from /opt/airflow/dags/netflix_dag.py
[2026-09-07T03:39:58.550+0000] {logging_mixin.py:188} INFO - [2026-09-07T03:39:58.550+0000] {dag.py:3089} INFO - Sync 1 DAGs
[2026-09-07T03:39:58.594+0000] {logging_mixin.py:188} INFO - [2026-09-07T03:39:58.594+0000] {dag.py:3947} INFO - Setting next_dagrun for netflix_etl_pipeline to 2026-09-06 00:00:00+00:00, run_after=2026-09-07 00:00:00+00:00
[2026-09-07T03:39:58.634+0000] {processor.py:183} INFO - Processing /opt/airflow/dags/netflix_dag.py took 0.240 seconds
[2026-09-07T03:40:28.907+0000] {processor.py:161} INFO - Started process (PID=456) to work on /opt/airflow/dags/netflix_dag.py
[2026-09-07T03:40:28.910+0000] {processor.py:830} INFO - Processing file /opt/airflow/dags/netflix_dag.py for tasks to queue
[2026-09-07T03:40:28.915+0000] {logging_mixin.py:188} INFO - [2026-09-07T03:40:28.914+0000] {dagbag.py:545} INFO - Filling up the DagBag from /opt/airflow/dags/netflix_dag.py
[2026-09-07T03:40:28.963+0000] {processor.py:840} INFO - DAG(s) 'netflix_etl_pipeline' retrieved from /opt/airflow/dags/netflix_dag.py
[2026-09-07T03:40:29.037+0000] {logging_mixin.py:188} INFO - [2026-09-07T03:40:29.037+0000] {dag.py:3089} INFO - Sync 1 DAGs
[2026-09-07T03:40:29.081+0000] {logging_mixin.py:188} INFO - [2026-09-07T03:40:29.081+0000] {dag.py:3947} INFO - Setting next_dagrun for netflix_etl_pipeline to 2026-09-06 00:00:00+00:00, run_after=2026-09-07 00:00:00+00:00
[2026-09-07T03:40:29.123+0000] {processor.py:183} INFO - Processing /opt/airflow/dags/netflix_dag.py took 0.228 seconds
[2026-09-07T03:40:59.519+0000] {processor.py:161} INFO - Started process (PID=467) to work on /opt/airflow/dags/netflix_dag.py
[2026-09-07T03:40:59.522+0000] {processor.py:830} INFO - Processing file /opt/airflow/dags/netflix_dag.py for tasks to queue
[2026-09-07T03:40:59.526+0000] {logging_mixin.py:188} INFO - [2026-09-07T03:40:59.526+0000] {dagbag.py:545} INFO - Filling up the DagBag from /opt/airflow/dags/netflix_dag.py
[2026-09-07T03:40:59.574+0000] {processor.py:840} INFO - DAG(s) 'netflix_etl_pipeline' retrieved from /opt/airflow/dags/netflix_dag.py
[2026-09-07T03:40:59.643+0000] {logging_mixin.py:188} INFO - [2026-09-07T03:40:59.643+0000] {dag.py:3089} INFO - Sync 1 DAGs
[2026-09-07T03:40:59.689+0000] {logging_mixin.py:188} INFO - [2026-09-07T03:40:59.689+0000] {dag.py:3947} INFO - Setting next_dagrun for netflix_etl_pipeline to 2026-09-06 00:00:00+00:00, run_after=2026-09-07 00:00:00+00:00
[2026-09-07T03:40:59.731+0000] {processor.py:183} INFO - Processing /opt/airflow/dags/netflix_dag.py took 0.225 seconds
[2026-09-07T03:41:30.140+0000] {processor.py:161} INFO - Started process (PID=479) to work on /opt/airflow/dags/netflix_dag.py
[2026-09-07T03:41:30.144+0000] {processor.py:830} INFO - Processing file /opt/airflow/dags/netflix_dag.py for tasks to queue
[2026-09-07T03:41:30.157+0000] {logging_mixin.py:188} INFO - [2026-09-07T03:41:30.156+0000] {dagbag.py:545} INFO - Filling up the DagBag from /opt/airflow/dags/netflix_dag.py
[2026-09-07T03:41:30.286+0000] {processor.py:840} INFO - DAG(s) 'netflix_etl_pipeline' retrieved from /opt/airflow/dags/netflix_dag.py
[2026-09-07T03:41:30.416+0000] {logging_mixin.py:188} INFO - [2026-09-07T03:41:30.415+0000] {dag.py:3089} INFO - Sync 1 DAGs
[2026-09-07T03:41:30.515+0000] {logging_mixin.py:188} INFO - [2026-09-07T03:41:30.514+0000] {dag.py:3947} INFO - Setting next_dagrun for netflix_etl_pipeline to 2026-09-06 00:00:00+00:00, run_after=2026-09-07 00:00:00+00:00
[2026-09-07T03:41:30.589+0000] {processor.py:183} INFO - Processing /opt/airflow/dags/netflix_dag.py took 0.485 seconds
[2026-09-07T03:42:00.880+0000] {processor.py:161} INFO - Started process (PID=490) to work on /opt/airflow/dags/netflix_dag.py
[2026-09-07T03:42:00.936+0000] {processor.py:830} INFO - Processing file /opt/airflow/dags/netflix_dag.py for tasks to queue
[2026-09-07T03:42:00.948+0000] {logging_mixin.py:188} INFO - [2026-09-07T03:42:00.947+0000] {dagbag.py:545} INFO - Filling up the DagBag from /opt/airflow/dags/netflix_dag.py
[2026-09-07T03:42:01.294+0000] {processor.py:840} INFO - DAG(s) 'netflix_etl_pipeline' retrieved from /opt/airflow/dags/netflix_dag.py
[2026-09-07T03:42:01.610+0000] {logging_mixin.py:188} INFO - [2026-09-07T03:42:01.609+0000] {dag.py:3089} INFO - Sync 1 DAGs
[2026-09-07T03:42:01.820+0000] {logging_mixin.py:188} INFO - [2026-09-07T03:42:01.819+0000] {dag.py:3947} INFO - Setting next_dagrun for netflix_etl_pipeline to 2026-09-06 00:00:00+00:00, run_after=2026-09-07 00:00:00+00:00
[2026-09-07T03:42:01.969+0000] {processor.py:183} INFO - Processing /opt/airflow/dags/netflix_dag.py took 1.148 seconds
[2026-09-07T03:42:32.713+0000] {processor.py:161} INFO - Started process (PID=501) to work on /opt/airflow/dags/netflix_dag.py
[2026-09-07T03:42:32.869+0000] {processor.py:830} INFO - Processing file /opt/airflow/dags/netflix_dag.py for tasks to queue
[2026-09-07T03:42:32.875+0000] {logging_mixin.py:188} INFO - [2026-09-07T03:42:32.874+0000] {dagbag.py:545} INFO - Filling up the DagBag from /opt/airflow/dags/netflix_dag.py
[2026-09-07T03:42:33.368+0000] {processor.py:840} INFO - DAG(s) 'netflix_etl_pipeline' retrieved from /opt/airflow/dags/netflix_dag.py
[2026-09-07T03:42:33.564+0000] {logging_mixin.py:188} INFO - [2026-09-07T03:42:33.563+0000] {dag.py:3089} INFO - Sync 1 DAGs
[2026-09-07T03:42:33.702+0000] {logging_mixin.py:188} INFO - [2026-09-07T03:42:33.702+0000] {dag.py:3947} INFO - Setting next_dagrun for netflix_etl_pipeline to 2026-09-06 00:00:00+00:00, run_after=2026-09-07 00:00:00+00:00
[2026-09-07T03:42:33.794+0000] {processor.py:183} INFO - Processing /opt/airflow/dags/netflix_dag.py took 1.105 seconds
[2026-09-07T03:43:04.152+0000] {processor.py:161} INFO - Started process (PID=512) to work on /opt/airflow/dags/netflix_dag.py
[2026-09-07T03:43:04.160+0000] {processor.py:830} INFO - Processing file /opt/airflow/dags/netflix_dag.py for tasks to queue
[2026-09-07T03:43:04.176+0000] {logging_mixin.py:188} INFO - [2026-09-07T03:43:04.174+0000] {dagbag.py:545} INFO - Filling up the DagBag from /opt/airflow/dags/netflix_dag.py
[2026-09-07T03:43:04.258+0000] {processor.py:840} INFO - DAG(s) 'netflix_etl_pipeline' retrieved from /opt/airflow/dags/netflix_dag.py
[2026-09-07T03:43:04.381+0000] {logging_mixin.py:188} INFO - [2026-09-07T03:43:04.380+0000] {dag.py:3089} INFO - Sync 1 DAGs
[2026-09-07T03:43:04.457+0000] {logging_mixin.py:188} INFO - [2026-09-07T03:43:04.457+0000] {dag.py:3947} INFO - Setting next_dagrun for netflix_etl_pipeline to 2026-09-06 00:00:00+00:00, run_after=2026-09-07 00:00:00+00:00
[2026-09-07T03:43:04.535+0000] {processor.py:183} INFO - Processing /opt/airflow/dags/netflix_dag.py took 0.409 seconds
[2026-09-07T03:43:35.239+0000] {processor.py:161} INFO - Started process (PID=523) to work on /opt/airflow/dags/netflix_dag.py
[2026-09-07T03:43:35.246+0000] {processor.py:830} INFO - Processing file /opt/airflow/dags/netflix_dag.py for tasks to queue
[2026-09-07T03:43:35.259+0000] {logging_mixin.py:188} INFO - [2026-09-07T03:43:35.257+0000] {dagbag.py:545} INFO - Filling up the DagBag from /opt/airflow/dags/netflix_dag.py
[2026-09-07T03:43:35.359+0000] {processor.py:840} INFO - DAG(s) 'netflix_etl_pipeline' retrieved from /opt/airflow/dags/netflix_dag.py
[2026-09-07T03:43:35.444+0000] {logging_mixin.py:188} INFO - [2026-09-07T03:43:35.444+0000] {dag.py:3089} INFO - Sync 1 DAGs
[2026-09-07T03:43:35.498+0000] {logging_mixin.py:188} INFO - [2026-09-07T03:43:35.497+0000] {dag.py:3947} INFO - Setting next_dagrun for netflix_etl_pipeline to 2026-09-06 00:00:00+00:00, run_after=2026-09-07 00:00:00+00:00
[2026-09-07T03:43:35.543+0000] {processor.py:183} INFO - Processing /opt/airflow/dags/netflix_dag.py took 0.352 seconds
[2026-09-07T03:44:06.074+0000] {processor.py:161} INFO - Started process (PID=534) to work on /opt/airflow/dags/netflix_dag.py
[2026-09-07T03:44:06.080+0000] {processor.py:830} INFO - Processing file /opt/airflow/dags/netflix_dag.py for tasks to queue
[2026-09-07T03:44:06.092+0000] {logging_mixin.py:188} INFO - [2026-09-07T03:44:06.088+0000] {dagbag.py:545} INFO - Filling up the DagBag from /opt/airflow/dags/netflix_dag.py
[2026-09-07T03:44:06.140+0000] {processor.py:840} INFO - DAG(s) 'netflix_etl_pipeline' retrieved from /opt/airflow/dags/netflix_dag.py
[2026-09-07T03:44:06.214+0000] {logging_mixin.py:188} INFO - [2026-09-07T03:44:06.213+0000] {dag.py:3089} INFO - Sync 1 DAGs
[2026-09-07T03:44:06.272+0000] {logging_mixin.py:188} INFO - [2026-09-07T03:44:06.271+0000] {dag.py:3947} INFO - Setting next_dagrun for netflix_etl_pipeline to 2026-09-06 00:00:00+00:00, run_after=2026-09-07 00:00:00+00:00
[2026-09-07T03:44:06.318+0000] {processor.py:183} INFO - Processing /opt/airflow/dags/netflix_dag.py took 0.280 seconds
[2026-09-07T03:44:36.432+0000] {processor.py:161} INFO - Started process (PID=545) to work on /opt/airflow/dags/netflix_dag.py
[2026-09-07T03:44:36.436+0000] {processor.py:830} INFO - Processing file /opt/airflow/dags/netflix_dag.py for tasks to queue
[2026-09-07T03:44:36.444+0000] {logging_mixin.py:188} INFO - [2026-09-07T03:44:36.442+0000] {dagbag.py:545} INFO - Filling up the DagBag from /opt/airflow/dags/netflix_dag.py
[2026-09-07T03:44:36.488+0000] {processor.py:840} INFO - DAG(s) 'netflix_etl_pipeline' retrieved from /opt/airflow/dags/netflix_dag.py
[2026-09-07T03:44:36.572+0000] {logging_mixin.py:188} INFO - [2026-09-07T03:44:36.571+0000] {dag.py:3089} INFO - Sync 1 DAGs
[2026-09-07T03:44:36.619+0000] {logging_mixin.py:188} INFO - [2026-09-07T03:44:36.618+0000] {dag.py:3947} INFO - Setting next_dagrun for netflix_etl_pipeline to 2026-09-06 00:00:00+00:00, run_after=2026-09-07 00:00:00+00:00
[2026-09-07T03:44:36.662+0000] {processor.py:183} INFO - Processing /opt/airflow/dags/netflix_dag.py took 0.250 seconds
[2026-09-07T03:45:06.866+0000] {processor.py:161} INFO - Started process (PID=556) to work on /opt/airflow/dags/netflix_dag.py
[2026-09-07T03:45:06.873+0000] {processor.py:830} INFO - Processing file /opt/airflow/dags/netflix_dag.py for tasks to queue
[2026-09-07T03:45:06.885+0000] {logging_mixin.py:188} INFO - [2026-09-07T03:45:06.883+0000] {dagbag.py:545} INFO - Filling up the DagBag from /opt/airflow/dags/netflix_dag.py
[2026-09-07T03:45:07.005+0000] {processor.py:840} INFO - DAG(s) 'netflix_etl_pipeline' retrieved from /opt/airflow/dags/netflix_dag.py
[2026-09-07T03:45:07.107+0000] {logging_mixin.py:188} INFO - [2026-09-07T03:45:07.107+0000] {dag.py:3089} INFO - Sync 1 DAGs
[2026-09-07T03:45:07.184+0000] {logging_mixin.py:188} INFO - [2026-09-07T03:45:07.183+0000] {dag.py:3947} INFO - Setting next_dagrun for netflix_etl_pipeline to 2026-09-06 00:00:00+00:00, run_after=2026-09-07 00:00:00+00:00
[2026-09-07T03:45:07.226+0000] {processor.py:183} INFO - Processing /opt/airflow/dags/netflix_dag.py took 0.390 seconds
[2026-09-07T03:45:37.501+0000] {processor.py:161} INFO - Started process (PID=567) to work on /opt/airflow/dags/netflix_dag.py
[2026-09-07T03:45:37.504+0000] {processor.py:830} INFO - Processing file /opt/airflow/dags/netflix_dag.py for tasks to queue
[2026-09-07T03:45:37.509+0000] {logging_mixin.py:188} INFO - [2026-09-07T03:45:37.508+0000] {dagbag.py:545} INFO - Filling up the DagBag from /opt/airflow/dags/netflix_dag.py
[2026-09-07T03:45:37.561+0000] {processor.py:840} INFO - DAG(s) 'netflix_etl_pipeline' retrieved from /opt/airflow/dags/netflix_dag.py
[2026-09-07T03:45:37.644+0000] {logging_mixin.py:188} INFO - [2026-09-07T03:45:37.643+0000] {dag.py:3089} INFO - Sync 1 DAGs
[2026-09-07T03:45:37.697+0000] {logging_mixin.py:188} INFO - [2026-09-07T03:45:37.697+0000] {dag.py:3947} INFO - Setting next_dagrun for netflix_etl_pipeline to 2026-09-06 00:00:00+00:00, run_after=2026-09-07 00:00:00+00:00
[2026-09-07T03:45:37.748+0000] {processor.py:183} INFO - Processing /opt/airflow/dags/netflix_dag.py took 0.260 seconds
[2026-09-07T03:46:08.016+0000] {processor.py:161} INFO - Started process (PID=578) to work on /opt/airflow/dags/netflix_dag.py
[2026-09-07T03:46:08.019+0000] {processor.py:830} INFO - Processing file /opt/airflow/dags/netflix_dag.py for tasks to queue
[2026-09-07T03:46:08.024+0000] {logging_mixin.py:188} INFO - [2026-09-07T03:46:08.023+0000] {dagbag.py:545} INFO - Filling up the DagBag from /opt/airflow/dags/netflix_dag.py
[2026-09-07T03:46:08.077+0000] {processor.py:840} INFO - DAG(s) 'netflix_etl_pipeline' retrieved from /opt/airflow/dags/netflix_dag.py
[2026-09-07T03:46:08.154+0000] {logging_mixin.py:188} INFO - [2026-09-07T03:46:08.153+0000] {dag.py:3089} INFO - Sync 1 DAGs
[2026-09-07T03:46:08.203+0000] {logging_mixin.py:188} INFO - [2026-09-07T03:46:08.203+0000] {dag.py:3947} INFO - Setting next_dagrun for netflix_etl_pipeline to 2026-09-06 00:00:00+00:00, run_after=2026-09-07 00:00:00+00:00
[2026-09-07T03:46:08.249+0000] {processor.py:183} INFO - Processing /opt/airflow/dags/netflix_dag.py took 0.249 seconds
[2026-09-07T03:46:38.478+0000] {processor.py:161} INFO - Started process (PID=590) to work on /opt/airflow/dags/netflix_dag.py
[2026-09-07T03:46:38.481+0000] {processor.py:830} INFO - Processing file /opt/airflow/dags/netflix_dag.py for tasks to queue
[2026-09-07T03:46:38.486+0000] {logging_mixin.py:188} INFO - [2026-09-07T03:46:38.485+0000] {dagbag.py:545} INFO - Filling up the DagBag from /opt/airflow/dags/netflix_dag.py
[2026-09-07T03:46:38.533+0000] {processor.py:840} INFO - DAG(s) 'netflix_etl_pipeline' retrieved from /opt/airflow/dags/netflix_dag.py
[2026-09-07T03:46:38.617+0000] {logging_mixin.py:188} INFO - [2026-09-07T03:46:38.616+0000] {dag.py:3089} INFO - Sync 1 DAGs
[2026-09-07T03:46:38.686+0000] {logging_mixin.py:188} INFO - [2026-09-07T03:46:38.686+0000] {dag.py:3947} INFO - Setting next_dagrun for netflix_etl_pipeline to 2026-09-06 00:00:00+00:00, run_after=2026-09-07 00:00:00+00:00
[2026-09-07T03:46:38.741+0000] {processor.py:183} INFO - Processing /opt/airflow/dags/netflix_dag.py took 0.275 seconds
[2026-09-07T03:47:09.007+0000] {processor.py:161} INFO - Started process (PID=602) to work on /opt/airflow/dags/netflix_dag.py
[2026-09-07T03:47:09.011+0000] {processor.py:830} INFO - Processing file /opt/airflow/dags/netflix_dag.py for tasks to queue
[2026-09-07T03:47:09.016+0000] {logging_mixin.py:188} INFO - [2026-09-07T03:47:09.015+0000] {dagbag.py:545} INFO - Filling up the DagBag from /opt/airflow/dags/netflix_dag.py
[2026-09-07T03:47:09.069+0000] {processor.py:840} INFO - DAG(s) 'netflix_etl_pipeline' retrieved from /opt/airflow/dags/netflix_dag.py
[2026-09-07T03:47:09.147+0000] {logging_mixin.py:188} INFO - [2026-09-07T03:47:09.147+0000] {dag.py:3089} INFO - Sync 1 DAGs
[2026-09-07T03:47:09.202+0000] {logging_mixin.py:188} INFO - [2026-09-07T03:47:09.201+0000] {dag.py:3947} INFO - Setting next_dagrun for netflix_etl_pipeline to 2026-09-06 00:00:00+00:00, run_after=2026-09-07 00:00:00+00:00
[2026-09-07T03:47:09.266+0000] {processor.py:183} INFO - Processing /opt/airflow/dags/netflix_dag.py took 0.275 seconds
[2026-09-07T03:47:39.547+0000] {processor.py:161} INFO - Started process (PID=613) to work on /opt/airflow/dags/netflix_dag.py
[2026-09-07T03:47:39.550+0000] {processor.py:830} INFO - Processing file /opt/airflow/dags/netflix_dag.py for tasks to queue
[2026-09-07T03:47:39.556+0000] {logging_mixin.py:188} INFO - [2026-09-07T03:47:39.555+0000] {dagbag.py:545} INFO - Filling up the DagBag from /opt/airflow/dags/netflix_dag.py
[2026-09-07T03:47:39.606+0000] {processor.py:840} INFO - DAG(s) 'netflix_etl_pipeline' retrieved from /opt/airflow/dags/netflix_dag.py
[2026-09-07T03:47:39.676+0000] {logging_mixin.py:188} INFO - [2026-09-07T03:47:39.675+0000] {dag.py:3089} INFO - Sync 1 DAGs
[2026-09-07T03:47:39.720+0000] {logging_mixin.py:188} INFO - [2026-09-07T03:47:39.720+0000] {dag.py:3947} INFO - Setting next_dagrun for netflix_etl_pipeline to 2026-09-06 00:00:00+00:00, run_after=2026-09-07 00:00:00+00:00
[2026-09-07T03:47:39.760+0000] {processor.py:183} INFO - Processing /opt/airflow/dags/netflix_dag.py took 0.227 seconds
[2026-09-07T03:48:10.041+0000] {processor.py:161} INFO - Started process (PID=624) to work on /opt/airflow/dags/netflix_dag.py
[2026-09-07T03:48:10.044+0000] {processor.py:830} INFO - Processing file /opt/airflow/dags/netflix_dag.py for tasks to queue
[2026-09-07T03:48:10.050+0000] {logging_mixin.py:188} INFO - [2026-09-07T03:48:10.048+0000] {dagbag.py:545} INFO - Filling up the DagBag from /opt/airflow/dags/netflix_dag.py
[2026-09-07T03:48:10.097+0000] {processor.py:840} INFO - DAG(s) 'netflix_etl_pipeline' retrieved from /opt/airflow/dags/netflix_dag.py
[2026-09-07T03:48:10.176+0000] {logging_mixin.py:188} INFO - [2026-09-07T03:48:10.176+0000] {dag.py:3089} INFO - Sync 1 DAGs
[2026-09-07T03:48:10.244+0000] {logging_mixin.py:188} INFO - [2026-09-07T03:48:10.243+0000] {dag.py:3947} INFO - Setting next_dagrun for netflix_etl_pipeline to 2026-09-06 00:00:00+00:00, run_after=2026-09-07 00:00:00+00:00
[2026-09-07T03:48:10.287+0000] {processor.py:183} INFO - Processing /opt/airflow/dags/netflix_dag.py took 0.259 seconds
[2026-09-07T03:48:40.517+0000] {processor.py:161} INFO - Started process (PID=636) to work on /opt/airflow/dags/netflix_dag.py
[2026-09-07T03:48:40.520+0000] {processor.py:830} INFO - Processing file /opt/airflow/dags/netflix_dag.py for tasks to queue
[2026-09-07T03:48:40.526+0000] {logging_mixin.py:188} INFO - [2026-09-07T03:48:40.525+0000] {dagbag.py:545} INFO - Filling up the DagBag from /opt/airflow/dags/netflix_dag.py
[2026-09-07T03:48:40.575+0000] {processor.py:840} INFO - DAG(s) 'netflix_etl_pipeline' retrieved from /opt/airflow/dags/netflix_dag.py
[2026-09-07T03:48:40.659+0000] {logging_mixin.py:188} INFO - [2026-09-07T03:48:40.658+0000] {dag.py:3089} INFO - Sync 1 DAGs
[2026-09-07T03:48:40.720+0000] {logging_mixin.py:188} INFO - [2026-09-07T03:48:40.720+0000] {dag.py:3947} INFO - Setting next_dagrun for netflix_etl_pipeline to 2026-09-06 00:00:00+00:00, run_after=2026-09-07 00:00:00+00:00
[2026-09-07T03:48:40.779+0000] {processor.py:183} INFO - Processing /opt/airflow/dags/netflix_dag.py took 0.277 seconds
[2026-09-07T03:49:11.092+0000] {processor.py:161} INFO - Started process (PID=647) to work on /opt/airflow/dags/netflix_dag.py
[2026-09-07T03:49:11.095+0000] {processor.py:830} INFO - Processing file /opt/airflow/dags/netflix_dag.py for tasks to queue
[2026-09-07T03:49:11.100+0000] {logging_mixin.py:188} INFO - [2026-09-07T03:49:11.100+0000] {dagbag.py:545} INFO - Filling up the DagBag from /opt/airflow/dags/netflix_dag.py
[2026-09-07T03:49:11.147+0000] {processor.py:840} INFO - DAG(s) 'netflix_etl_pipeline' retrieved from /opt/airflow/dags/netflix_dag.py
[2026-09-07T03:49:11.215+0000] {logging_mixin.py:188} INFO - [2026-09-07T03:49:11.215+0000] {dag.py:3089} INFO - Sync 1 DAGs
[2026-09-07T03:49:11.259+0000] {logging_mixin.py:188} INFO - [2026-09-07T03:49:11.259+0000] {dag.py:3947} INFO - Setting next_dagrun for netflix_etl_pipeline to 2026-09-06 00:00:00+00:00, run_after=2026-09-07 00:00:00+00:00
[2026-09-07T03:49:11.301+0000] {processor.py:183} INFO - Processing /opt/airflow/dags/netflix_dag.py took 0.221 seconds
[2026-09-07T03:49:41.488+0000] {processor.py:161} INFO - Started process (PID=658) to work on /opt/airflow/dags/netflix_dag.py
[2026-09-07T03:49:41.491+0000] {processor.py:830} INFO - Processing file /opt/airflow/dags/netflix_dag.py for tasks to queue
[2026-09-07T03:49:41.498+0000] {logging_mixin.py:188} INFO - [2026-09-07T03:49:41.497+0000] {dagbag.py:545} INFO - Filling up the DagBag from /opt/airflow/dags/netflix_dag.py
[2026-09-07T03:49:41.553+0000] {processor.py:840} INFO - DAG(s) 'netflix_etl_pipeline' retrieved from /opt/airflow/dags/netflix_dag.py
[2026-09-07T03:49:41.641+0000] {logging_mixin.py:188} INFO - [2026-09-07T03:49:41.640+0000] {dag.py:3089} INFO - Sync 1 DAGs
[2026-09-07T03:49:41.709+0000] {logging_mixin.py:188} INFO - [2026-09-07T03:49:41.709+0000] {dag.py:3947} INFO - Setting next_dagrun for netflix_etl_pipeline to 2026-09-06 00:00:00+00:00, run_after=2026-09-07 00:00:00+00:00
[2026-09-07T03:49:41.752+0000] {processor.py:183} INFO - Processing /opt/airflow/dags/netflix_dag.py took 0.282 seconds
[2026-09-07T03:50:12.004+0000] {processor.py:161} INFO - Started process (PID=670) to work on /opt/airflow/dags/netflix_dag.py
[2026-09-07T03:50:12.008+0000] {processor.py:830} INFO - Processing file /opt/airflow/dags/netflix_dag.py for tasks to queue
[2026-09-07T03:50:12.014+0000] {logging_mixin.py:188} INFO - [2026-09-07T03:50:12.013+0000] {dagbag.py:545} INFO - Filling up the DagBag from /opt/airflow/dags/netflix_dag.py
[2026-09-07T03:50:12.065+0000] {processor.py:840} INFO - DAG(s) 'netflix_etl_pipeline' retrieved from /opt/airflow/dags/netflix_dag.py
[2026-09-07T03:50:12.139+0000] {logging_mixin.py:188} INFO - [2026-09-07T03:50:12.139+0000] {dag.py:3089} INFO - Sync 1 DAGs
[2026-09-07T03:50:12.188+0000] {logging_mixin.py:188} INFO - [2026-09-07T03:50:12.187+0000] {dag.py:3947} INFO - Setting next_dagrun for netflix_etl_pipeline to 2026-09-06 00:00:00+00:00, run_after=2026-09-07 00:00:00+00:00
[2026-09-07T03:50:12.245+0000] {processor.py:183} INFO - Processing /opt/airflow/dags/netflix_dag.py took 0.256 seconds
[2026-09-07T03:50:42.589+0000] {processor.py:161} INFO - Started process (PID=681) to work on /opt/airflow/dags/netflix_dag.py
[2026-09-07T03:50:42.593+0000] {processor.py:830} INFO - Processing file /opt/airflow/dags/netflix_dag.py for tasks to queue
[2026-09-07T03:50:42.599+0000] {logging_mixin.py:188} INFO - [2026-09-07T03:50:42.598+0000] {dagbag.py:545} INFO - Filling up the DagBag from /opt/airflow/dags/netflix_dag.py
[2026-09-07T03:50:42.652+0000] {processor.py:840} INFO - DAG(s) 'netflix_etl_pipeline' retrieved from /opt/airflow/dags/netflix_dag.py
[2026-09-07T03:50:42.730+0000] {logging_mixin.py:188} INFO - [2026-09-07T03:50:42.730+0000] {dag.py:3089} INFO - Sync 1 DAGs
[2026-09-07T03:50:42.777+0000] {logging_mixin.py:188} INFO - [2026-09-07T03:50:42.777+0000] {dag.py:3947} INFO - Setting next_dagrun for netflix_etl_pipeline to 2026-09-06 00:00:00+00:00, run_after=2026-09-07 00:00:00+00:00
[2026-09-07T03:50:42.821+0000] {processor.py:183} INFO - Processing /opt/airflow/dags/netflix_dag.py took 0.247 seconds
[2026-09-07T03:51:13.065+0000] {processor.py:161} INFO - Started process (PID=692) to work on /opt/airflow/dags/netflix_dag.py
[2026-09-07T03:51:13.069+0000] {processor.py:830} INFO - Processing file /opt/airflow/dags/netflix_dag.py for tasks to queue
[2026-09-07T03:51:13.075+0000] {logging_mixin.py:188} INFO - [2026-09-07T03:51:13.074+0000] {dagbag.py:545} INFO - Filling up the DagBag from /opt/airflow/dags/netflix_dag.py
[2026-09-07T03:51:13.398+0000] {processor.py:840} INFO - DAG(s) 'netflix_etl_pipeline' retrieved from /opt/airflow/dags/netflix_dag.py
[2026-09-07T03:51:13.991+0000] {logging_mixin.py:188} INFO - [2026-09-07T03:51:13.986+0000] {dag.py:3089} INFO - Sync 1 DAGs
[2026-09-07T03:51:14.172+0000] {logging_mixin.py:188} INFO - [2026-09-07T03:51:14.171+0000] {dag.py:3947} INFO - Setting next_dagrun for netflix_etl_pipeline to 2026-09-06 00:00:00+00:00, run_after=2026-09-07 00:00:00+00:00
[2026-09-07T03:51:14.283+0000] {processor.py:183} INFO - Processing /opt/airflow/dags/netflix_dag.py took 1.237 seconds
[2026-09-07T03:51:52.628+0000] {processor.py:161} INFO - Started process (PID=703) to work on /opt/airflow/dags/netflix_dag.py
[2026-09-07T03:51:52.855+0000] {processor.py:830} INFO - Processing file /opt/airflow/dags/netflix_dag.py for tasks to queue
[2026-09-07T03:51:53.521+0000] {logging_mixin.py:188} INFO - [2026-09-07T03:51:53.441+0000] {dagbag.py:545} INFO - Filling up the DagBag from /opt/airflow/dags/netflix_dag.py
[2026-09-07T03:51:54.732+0000] {processor.py:840} INFO - DAG(s) 'netflix_etl_pipeline' retrieved from /opt/airflow/dags/netflix_dag.py
[2026-09-07T03:51:55.959+0000] {logging_mixin.py:188} INFO - [2026-09-07T03:51:55.958+0000] {dag.py:3089} INFO - Sync 1 DAGs
[2026-09-07T03:51:56.220+0000] {logging_mixin.py:188} INFO - [2026-09-07T03:51:56.220+0000] {dag.py:3947} INFO - Setting next_dagrun for netflix_etl_pipeline to 2026-09-06 00:00:00+00:00, run_after=2026-09-07 00:00:00+00:00
[2026-09-07T03:51:56.527+0000] {processor.py:183} INFO - Processing /opt/airflow/dags/netflix_dag.py took 5.276 seconds
[2026-09-07T03:52:27.092+0000] {processor.py:161} INFO - Started process (PID=720) to work on /opt/airflow/dags/netflix_dag.py
[2026-09-07T03:52:27.096+0000] {processor.py:830} INFO - Processing file /opt/airflow/dags/netflix_dag.py for tasks to queue
[2026-09-07T03:52:27.101+0000] {logging_mixin.py:188} INFO - [2026-09-07T03:52:27.100+0000] {dagbag.py:545} INFO - Filling up the DagBag from /opt/airflow/dags/netflix_dag.py
[2026-09-07T03:52:27.170+0000] {processor.py:840} INFO - DAG(s) 'netflix_etl_pipeline' retrieved from /opt/airflow/dags/netflix_dag.py
[2026-09-07T03:52:27.302+0000] {logging_mixin.py:188} INFO - [2026-09-07T03:52:27.302+0000] {dag.py:3089} INFO - Sync 1 DAGs
[2026-09-07T03:52:27.367+0000] {logging_mixin.py:188} INFO - [2026-09-07T03:52:27.366+0000] {dag.py:3947} INFO - Setting next_dagrun for netflix_etl_pipeline to 2026-09-06 00:00:00+00:00, run_after=2026-09-07 00:00:00+00:00
[2026-09-07T03:52:27.474+0000] {processor.py:183} INFO - Processing /opt/airflow/dags/netflix_dag.py took 0.398 seconds
[2026-09-07T03:52:58.213+0000] {processor.py:161} INFO - Started process (PID=731) to work on /opt/airflow/dags/netflix_dag.py
[2026-09-07T03:52:58.289+0000] {processor.py:830} INFO - Processing file /opt/airflow/dags/netflix_dag.py for tasks to queue
[2026-09-07T03:52:58.600+0000] {logging_mixin.py:188} INFO - [2026-09-07T03:52:58.525+0000] {dagbag.py:545} INFO - Filling up the DagBag from /opt/airflow/dags/netflix_dag.py
[2026-09-07T03:53:00.692+0000] {processor.py:840} INFO - DAG(s) 'netflix_etl_pipeline' retrieved from /opt/airflow/dags/netflix_dag.py
[2026-09-07T03:53:00.954+0000] {logging_mixin.py:188} INFO - [2026-09-07T03:53:00.944+0000] {dag.py:3089} INFO - Sync 1 DAGs
[2026-09-07T03:53:01.161+0000] {logging_mixin.py:188} INFO - [2026-09-07T03:53:01.160+0000] {dag.py:3947} INFO - Setting next_dagrun for netflix_etl_pipeline to 2026-09-06 00:00:00+00:00, run_after=2026-09-07 00:00:00+00:00
[2026-09-07T03:53:01.229+0000] {processor.py:183} INFO - Processing /opt/airflow/dags/netflix_dag.py took 3.068 seconds
[2026-09-07T03:53:32.373+0000] {processor.py:161} INFO - Started process (PID=743) to work on /opt/airflow/dags/netflix_dag.py
[2026-09-07T03:53:32.392+0000] {processor.py:830} INFO - Processing file /opt/airflow/dags/netflix_dag.py for tasks to queue
[2026-09-07T03:53:32.405+0000] {logging_mixin.py:188} INFO - [2026-09-07T03:53:32.403+0000] {dagbag.py:545} INFO - Filling up the DagBag from /opt/airflow/dags/netflix_dag.py
[2026-09-07T03:53:32.562+0000] {processor.py:840} INFO - DAG(s) 'netflix_etl_pipeline' retrieved from /opt/airflow/dags/netflix_dag.py
[2026-09-07T03:53:32.897+0000] {logging_mixin.py:188} INFO - [2026-09-07T03:53:32.897+0000] {dag.py:3089} INFO - Sync 1 DAGs
[2026-09-07T03:53:33.187+0000] {logging_mixin.py:188} INFO - [2026-09-07T03:53:33.186+0000] {dag.py:3947} INFO - Setting next_dagrun for netflix_etl_pipeline to 2026-09-06 00:00:00+00:00, run_after=2026-09-07 00:00:00+00:00
[2026-09-07T03:53:33.404+0000] {processor.py:183} INFO - Processing /opt/airflow/dags/netflix_dag.py took 1.091 seconds
[2026-09-07T03:54:05.091+0000] {processor.py:161} INFO - Started process (PID=754) to work on /opt/airflow/dags/netflix_dag.py
[2026-09-07T03:54:05.097+0000] {processor.py:830} INFO - Processing file /opt/airflow/dags/netflix_dag.py for tasks to queue
[2026-09-07T03:54:05.122+0000] {logging_mixin.py:188} INFO - [2026-09-07T03:54:05.120+0000] {dagbag.py:545} INFO - Filling up the DagBag from /opt/airflow/dags/netflix_dag.py
[2026-09-07T03:54:05.207+0000] {processor.py:840} INFO - DAG(s) 'netflix_etl_pipeline' retrieved from /opt/airflow/dags/netflix_dag.py
[2026-09-07T03:54:05.293+0000] {logging_mixin.py:188} INFO - [2026-09-07T03:54:05.293+0000] {dag.py:3089} INFO - Sync 1 DAGs
[2026-09-07T03:54:05.349+0000] {logging_mixin.py:188} INFO - [2026-09-07T03:54:05.348+0000] {dag.py:3947} INFO - Setting next_dagrun for netflix_etl_pipeline to 2026-09-06 00:00:00+00:00, run_after=2026-09-07 00:00:00+00:00
[2026-09-07T03:54:05.393+0000] {processor.py:183} INFO - Processing /opt/airflow/dags/netflix_dag.py took 0.342 seconds
[2026-09-07T03:54:36.015+0000] {processor.py:161} INFO - Started process (PID=766) to work on /opt/airflow/dags/netflix_dag.py
[2026-09-07T03:54:36.018+0000] {processor.py:830} INFO - Processing file /opt/airflow/dags/netflix_dag.py for tasks to queue
[2026-09-07T03:54:36.024+0000] {logging_mixin.py:188} INFO - [2026-09-07T03:54:36.023+0000] {dagbag.py:545} INFO - Filling up the DagBag from /opt/airflow/dags/netflix_dag.py
[2026-09-07T03:54:36.114+0000] {processor.py:840} INFO - DAG(s) 'netflix_etl_pipeline' retrieved from /opt/airflow/dags/netflix_dag.py
[2026-09-07T03:54:36.562+0000] {logging_mixin.py:188} INFO - [2026-09-07T03:54:36.561+0000] {dag.py:3089} INFO - Sync 1 DAGs
[2026-09-07T03:54:36.755+0000] {logging_mixin.py:188} INFO - [2026-09-07T03:54:36.754+0000] {dag.py:3947} INFO - Setting next_dagrun for netflix_etl_pipeline to 2026-09-06 00:00:00+00:00, run_after=2026-09-07 00:00:00+00:00
[2026-09-07T03:54:37.011+0000] {processor.py:183} INFO - Processing /opt/airflow/dags/netflix_dag.py took 1.011 seconds
[2026-09-07T03:55:07.710+0000] {processor.py:161} INFO - Started process (PID=778) to work on /opt/airflow/dags/netflix_dag.py
[2026-09-07T03:55:07.755+0000] {processor.py:830} INFO - Processing file /opt/airflow/dags/netflix_dag.py for tasks to queue
[2026-09-07T03:55:07.857+0000] {logging_mixin.py:188} INFO - [2026-09-07T03:55:07.856+0000] {dagbag.py:545} INFO - Filling up the DagBag from /opt/airflow/dags/netflix_dag.py
[2026-09-07T03:55:09.107+0000] {processor.py:840} INFO - DAG(s) 'netflix_etl_pipeline' retrieved from /opt/airflow/dags/netflix_dag.py
[2026-09-07T03:55:09.412+0000] {logging_mixin.py:188} INFO - [2026-09-07T03:55:09.411+0000] {dag.py:3089} INFO - Sync 1 DAGs
[2026-09-07T03:55:09.802+0000] {logging_mixin.py:188} INFO - [2026-09-07T03:55:09.801+0000] {dag.py:3947} INFO - Setting next_dagrun for netflix_etl_pipeline to 2026-09-06 00:00:00+00:00, run_after=2026-09-07 00:00:00+00:00
[2026-09-07T03:55:10.095+0000] {processor.py:183} INFO - Processing /opt/airflow/dags/netflix_dag.py took 2.565 seconds
[2026-09-07T03:55:44.053+0000] {processor.py:161} INFO - Started process (PID=789) to work on /opt/airflow/dags/netflix_dag.py
[2026-09-07T03:55:44.570+0000] {processor.py:830} INFO - Processing file /opt/airflow/dags/netflix_dag.py for tasks to queue
[2026-09-07T03:55:44.586+0000] {logging_mixin.py:188} INFO - [2026-09-07T03:55:44.583+0000] {dagbag.py:545} INFO - Filling up the DagBag from /opt/airflow/dags/netflix_dag.py
[2026-09-07T03:55:44.663+0000] {processor.py:840} INFO - DAG(s) 'netflix_etl_pipeline' retrieved from /opt/airflow/dags/netflix_dag.py
[2026-09-07T03:55:44.754+0000] {logging_mixin.py:188} INFO - [2026-09-07T03:55:44.753+0000] {dag.py:3089} INFO - Sync 1 DAGs
[2026-09-07T03:55:44.822+0000] {logging_mixin.py:188} INFO - [2026-09-07T03:55:44.822+0000] {dag.py:3947} INFO - Setting next_dagrun for netflix_etl_pipeline to 2026-09-06 00:00:00+00:00, run_after=2026-09-07 00:00:00+00:00
[2026-09-07T03:55:45.130+0000] {processor.py:183} INFO - Processing /opt/airflow/dags/netflix_dag.py took 1.410 seconds
[2026-09-07T03:56:15.613+0000] {processor.py:161} INFO - Started process (PID=800) to work on /opt/airflow/dags/netflix_dag.py
[2026-09-07T03:56:15.617+0000] {processor.py:830} INFO - Processing file /opt/airflow/dags/netflix_dag.py for tasks to queue
[2026-09-07T03:56:15.622+0000] {logging_mixin.py:188} INFO - [2026-09-07T03:56:15.621+0000] {dagbag.py:545} INFO - Filling up the DagBag from /opt/airflow/dags/netflix_dag.py
[2026-09-07T03:56:15.681+0000] {processor.py:840} INFO - DAG(s) 'netflix_etl_pipeline' retrieved from /opt/airflow/dags/netflix_dag.py
[2026-09-07T03:56:15.768+0000] {logging_mixin.py:188} INFO - [2026-09-07T03:56:15.768+0000] {dag.py:3089} INFO - Sync 1 DAGs
[2026-09-07T03:56:15.818+0000] {logging_mixin.py:188} INFO - [2026-09-07T03:56:15.818+0000] {dag.py:3947} INFO - Setting next_dagrun for netflix_etl_pipeline to 2026-09-06 00:00:00+00:00, run_after=2026-09-07 00:00:00+00:00
[2026-09-07T03:56:15.861+0000] {processor.py:183} INFO - Processing /opt/airflow/dags/netflix_dag.py took 0.264 seconds
[2026-09-07T03:56:46.351+0000] {processor.py:161} INFO - Started process (PID=811) to work on /opt/airflow/dags/netflix_dag.py
[2026-09-07T03:56:46.354+0000] {processor.py:830} INFO - Processing file /opt/airflow/dags/netflix_dag.py for tasks to queue
[2026-09-07T03:56:46.382+0000] {logging_mixin.py:188} INFO - [2026-09-07T03:56:46.381+0000] {dagbag.py:545} INFO - Filling up the DagBag from /opt/airflow/dags/netflix_dag.py
[2026-09-07T03:56:46.565+0000] {processor.py:840} INFO - DAG(s) 'netflix_etl_pipeline' retrieved from /opt/airflow/dags/netflix_dag.py
[2026-09-07T03:56:46.651+0000] {logging_mixin.py:188} INFO - [2026-09-07T03:56:46.650+0000] {dag.py:3089} INFO - Sync 1 DAGs
[2026-09-07T03:56:46.714+0000] {logging_mixin.py:188} INFO - [2026-09-07T03:56:46.713+0000] {dag.py:3947} INFO - Setting next_dagrun for netflix_etl_pipeline to 2026-09-06 00:00:00+00:00, run_after=2026-09-07 00:00:00+00:00
[2026-09-07T03:56:46.803+0000] {processor.py:183} INFO - Processing /opt/airflow/dags/netflix_dag.py took 0.470 seconds
[2026-09-07T03:57:18.363+0000] {processor.py:161} INFO - Started process (PID=822) to work on /opt/airflow/dags/netflix_dag.py
[2026-09-07T03:57:18.388+0000] {processor.py:830} INFO - Processing file /opt/airflow/dags/netflix_dag.py for tasks to queue
[2026-09-07T03:57:18.404+0000] {logging_mixin.py:188} INFO - [2026-09-07T03:57:18.403+0000] {dagbag.py:545} INFO - Filling up the DagBag from /opt/airflow/dags/netflix_dag.py
[2026-09-07T03:57:18.517+0000] {processor.py:840} INFO - DAG(s) 'netflix_etl_pipeline' retrieved from /opt/airflow/dags/netflix_dag.py
[2026-09-07T03:57:18.690+0000] {logging_mixin.py:188} INFO - [2026-09-07T03:57:18.689+0000] {dag.py:3089} INFO - Sync 1 DAGs
[2026-09-07T03:57:18.764+0000] {logging_mixin.py:188} INFO - [2026-09-07T03:57:18.764+0000] {dag.py:3947} INFO - Setting next_dagrun for netflix_etl_pipeline to 2026-09-06 00:00:00+00:00, run_after=2026-09-07 00:00:00+00:00
[2026-09-07T03:57:18.807+0000] {processor.py:183} INFO - Processing /opt/airflow/dags/netflix_dag.py took 0.469 seconds
[2026-09-07T03:57:50.155+0000] {processor.py:161} INFO - Started process (PID=833) to work on /opt/airflow/dags/netflix_dag.py
[2026-09-07T03:57:50.157+0000] {processor.py:830} INFO - Processing file /opt/airflow/dags/netflix_dag.py for tasks to queue
[2026-09-07T03:57:50.162+0000] {logging_mixin.py:188} INFO - [2026-09-07T03:57:50.161+0000] {dagbag.py:545} INFO - Filling up the DagBag from /opt/airflow/dags/netflix_dag.py
[2026-09-07T03:57:50.214+0000] {processor.py:840} INFO - DAG(s) 'netflix_etl_pipeline' retrieved from /opt/airflow/dags/netflix_dag.py
[2026-09-07T03:57:50.588+0000] {logging_mixin.py:188} INFO - [2026-09-07T03:57:50.587+0000] {dag.py:3089} INFO - Sync 1 DAGs
[2026-09-07T03:57:50.755+0000] {logging_mixin.py:188} INFO - [2026-09-07T03:57:50.755+0000] {dag.py:3947} INFO - Setting next_dagrun for netflix_etl_pipeline to 2026-09-06 00:00:00+00:00, run_after=2026-09-07 00:00:00+00:00
[2026-09-07T03:57:51.321+0000] {processor.py:183} INFO - Processing /opt/airflow/dags/netflix_dag.py took 1.179 seconds
[2026-09-07T03:58:22.810+0000] {processor.py:161} INFO - Started process (PID=844) to work on /opt/airflow/dags/netflix_dag.py
[2026-09-07T03:58:22.849+0000] {processor.py:830} INFO - Processing file /opt/airflow/dags/netflix_dag.py for tasks to queue
[2026-09-07T03:58:22.888+0000] {logging_mixin.py:188} INFO - [2026-09-07T03:58:22.887+0000] {dagbag.py:545} INFO - Filling up the DagBag from /opt/airflow/dags/netflix_dag.py
[2026-09-07T03:58:24.083+0000] {processor.py:840} INFO - DAG(s) 'netflix_etl_pipeline' retrieved from /opt/airflow/dags/netflix_dag.py
[2026-09-07T03:58:24.362+0000] {logging_mixin.py:188} INFO - [2026-09-07T03:58:24.362+0000] {dag.py:3089} INFO - Sync 1 DAGs
[2026-09-07T03:58:24.569+0000] {logging_mixin.py:188} INFO - [2026-09-07T03:58:24.568+0000] {dag.py:3947} INFO - Setting next_dagrun for netflix_etl_pipeline to 2026-09-06 00:00:00+00:00, run_after=2026-09-07 00:00:00+00:00
[2026-09-07T03:58:24.752+0000] {processor.py:183} INFO - Processing /opt/airflow/dags/netflix_dag.py took 1.974 seconds
[2026-09-07T03:58:55.682+0000] {processor.py:161} INFO - Started process (PID=855) to work on /opt/airflow/dags/netflix_dag.py
[2026-09-07T03:58:55.686+0000] {processor.py:830} INFO - Processing file /opt/airflow/dags/netflix_dag.py for tasks to queue
[2026-09-07T03:58:55.710+0000] {logging_mixin.py:188} INFO - [2026-09-07T03:58:55.702+0000] {dagbag.py:545} INFO - Filling up the DagBag from /opt/airflow/dags/netflix_dag.py
[2026-09-07T03:58:55.835+0000] {processor.py:840} INFO - DAG(s) 'netflix_etl_pipeline' retrieved from /opt/airflow/dags/netflix_dag.py
[2026-09-07T03:58:56.104+0000] {logging_mixin.py:188} INFO - [2026-09-07T03:58:56.103+0000] {dag.py:3089} INFO - Sync 1 DAGs
[2026-09-07T03:58:56.278+0000] {logging_mixin.py:188} INFO - [2026-09-07T03:58:56.278+0000] {dag.py:3947} INFO - Setting next_dagrun for netflix_etl_pipeline to 2026-09-06 00:00:00+00:00, run_after=2026-09-07 00:00:00+00:00
[2026-09-07T03:58:56.509+0000] {processor.py:183} INFO - Processing /opt/airflow/dags/netflix_dag.py took 0.878 seconds
[2026-09-07T03:59:27.184+0000] {processor.py:161} INFO - Started process (PID=866) to work on /opt/airflow/dags/netflix_dag.py
[2026-09-07T03:59:27.201+0000] {processor.py:830} INFO - Processing file /opt/airflow/dags/netflix_dag.py for tasks to queue
[2026-09-07T03:59:27.211+0000] {logging_mixin.py:188} INFO - [2026-09-07T03:59:27.209+0000] {dagbag.py:545} INFO - Filling up the DagBag from /opt/airflow/dags/netflix_dag.py
[2026-09-07T03:59:27.334+0000] {processor.py:840} INFO - DAG(s) 'netflix_etl_pipeline' retrieved from /opt/airflow/dags/netflix_dag.py
[2026-09-07T03:59:27.512+0000] {logging_mixin.py:188} INFO - [2026-09-07T03:59:27.512+0000] {dag.py:3089} INFO - Sync 1 DAGs
[2026-09-07T03:59:27.575+0000] {logging_mixin.py:188} INFO - [2026-09-07T03:59:27.574+0000] {dag.py:3947} INFO - Setting next_dagrun for netflix_etl_pipeline to 2026-09-06 00:00:00+00:00, run_after=2026-09-07 00:00:00+00:00
[2026-09-07T03:59:27.622+0000] {processor.py:183} INFO - Processing /opt/airflow/dags/netflix_dag.py took 0.473 seconds
[2026-09-07T03:59:59.368+0000] {processor.py:161} INFO - Started process (PID=877) to work on /opt/airflow/dags/netflix_dag.py
[2026-09-07T03:59:59.414+0000] {processor.py:830} INFO - Processing file /opt/airflow/dags/netflix_dag.py for tasks to queue
[2026-09-07T03:59:59.464+0000] {logging_mixin.py:188} INFO - [2026-09-07T03:59:59.463+0000] {dagbag.py:545} INFO - Filling up the DagBag from /opt/airflow/dags/netflix_dag.py
[2026-09-07T03:59:59.788+0000] {processor.py:840} INFO - DAG(s) 'netflix_etl_pipeline' retrieved from /opt/airflow/dags/netflix_dag.py
[2026-09-07T03:59:59.934+0000] {logging_mixin.py:188} INFO - [2026-09-07T03:59:59.933+0000] {dag.py:3089} INFO - Sync 1 DAGs
[2026-09-07T04:00:00.017+0000] {logging_mixin.py:188} INFO - [2026-09-07T04:00:00.017+0000] {dag.py:3947} INFO - Setting next_dagrun for netflix_etl_pipeline to 2026-09-06 00:00:00+00:00, run_after=2026-09-07 00:00:00+00:00
[2026-09-07T04:00:00.102+0000] {processor.py:183} INFO - Processing /opt/airflow/dags/netflix_dag.py took 0.772 seconds
[2026-09-07T04:00:30.942+0000] {processor.py:161} INFO - Started process (PID=894) to work on /opt/airflow/dags/netflix_dag.py
[2026-09-07T04:00:30.945+0000] {processor.py:830} INFO - Processing file /opt/airflow/dags/netflix_dag.py for tasks to queue
[2026-09-07T04:00:30.951+0000] {logging_mixin.py:188} INFO - [2026-09-07T04:00:30.950+0000] {dagbag.py:545} INFO - Filling up the DagBag from /opt/airflow/dags/netflix_dag.py
[2026-09-07T04:00:31.006+0000] {processor.py:840} INFO - DAG(s) 'netflix_etl_pipeline' retrieved from /opt/airflow/dags/netflix_dag.py
[2026-09-07T04:00:31.091+0000] {logging_mixin.py:188} INFO - [2026-09-07T04:00:31.091+0000] {dag.py:3089} INFO - Sync 1 DAGs
[2026-09-07T04:00:31.145+0000] {logging_mixin.py:188} INFO - [2026-09-07T04:00:31.144+0000] {dag.py:3947} INFO - Setting next_dagrun for netflix_etl_pipeline to 2026-09-06 00:00:00+00:00, run_after=2026-09-07 00:00:00+00:00
[2026-09-07T04:00:31.186+0000] {processor.py:183} INFO - Processing /opt/airflow/dags/netflix_dag.py took 0.261 seconds
[2026-09-07T04:01:02.776+0000] {processor.py:161} INFO - Started process (PID=905) to work on /opt/airflow/dags/netflix_dag.py
[2026-09-07T04:01:02.781+0000] {processor.py:830} INFO - Processing file /opt/airflow/dags/netflix_dag.py for tasks to queue
[2026-09-07T04:01:02.797+0000] {logging_mixin.py:188} INFO - [2026-09-07T04:01:02.796+0000] {dagbag.py:545} INFO - Filling up the DagBag from /opt/airflow/dags/netflix_dag.py
[2026-09-07T04:01:02.897+0000] {processor.py:840} INFO - DAG(s) 'netflix_etl_pipeline' retrieved from /opt/airflow/dags/netflix_dag.py
[2026-09-07T04:01:03.216+0000] {logging_mixin.py:188} INFO - [2026-09-07T04:01:03.215+0000] {dag.py:3089} INFO - Sync 1 DAGs
[2026-09-07T04:01:03.399+0000] {logging_mixin.py:188} INFO - [2026-09-07T04:01:03.390+0000] {dag.py:3947} INFO - Setting next_dagrun for netflix_etl_pipeline to 2026-09-06 00:00:00+00:00, run_after=2026-09-07 00:00:00+00:00
[2026-09-07T04:01:03.517+0000] {processor.py:183} INFO - Processing /opt/airflow/dags/netflix_dag.py took 0.790 seconds
[2026-09-07T04:01:34.693+0000] {processor.py:161} INFO - Started process (PID=917) to work on /opt/airflow/dags/netflix_dag.py
[2026-09-07T04:01:34.697+0000] {processor.py:830} INFO - Processing file /opt/airflow/dags/netflix_dag.py for tasks to queue
[2026-09-07T04:01:34.703+0000] {logging_mixin.py:188} INFO - [2026-09-07T04:01:34.702+0000] {dagbag.py:545} INFO - Filling up the DagBag from /opt/airflow/dags/netflix_dag.py
[2026-09-07T04:01:34.756+0000] {processor.py:840} INFO - DAG(s) 'netflix_etl_pipeline' retrieved from /opt/airflow/dags/netflix_dag.py
[2026-09-07T04:01:34.886+0000] {logging_mixin.py:188} INFO - [2026-09-07T04:01:34.886+0000] {dag.py:3089} INFO - Sync 1 DAGs
[2026-09-07T04:01:34.952+0000] {logging_mixin.py:188} INFO - [2026-09-07T04:01:34.951+0000] {dag.py:3947} INFO - Setting next_dagrun for netflix_etl_pipeline to 2026-09-06 00:00:00+00:00, run_after=2026-09-07 00:00:00+00:00
[2026-09-07T04:01:35.013+0000] {processor.py:183} INFO - Processing /opt/airflow/dags/netflix_dag.py took 0.346 seconds
[2026-09-07T04:02:05.420+0000] {processor.py:161} INFO - Started process (PID=928) to work on /opt/airflow/dags/netflix_dag.py
[2026-09-07T04:02:05.422+0000] {processor.py:830} INFO - Processing file /opt/airflow/dags/netflix_dag.py for tasks to queue
[2026-09-07T04:02:05.427+0000] {logging_mixin.py:188} INFO - [2026-09-07T04:02:05.427+0000] {dagbag.py:545} INFO - Filling up the DagBag from /opt/airflow/dags/netflix_dag.py
[2026-09-07T04:02:05.467+0000] {processor.py:840} INFO - DAG(s) 'netflix_etl_pipeline' retrieved from /opt/airflow/dags/netflix_dag.py
[2026-09-07T04:02:05.671+0000] {logging_mixin.py:188} INFO - [2026-09-07T04:02:05.671+0000] {dag.py:3089} INFO - Sync 1 DAGs
[2026-09-07T04:02:05.854+0000] {logging_mixin.py:188} INFO - [2026-09-07T04:02:05.853+0000] {dag.py:3947} INFO - Setting next_dagrun for netflix_etl_pipeline to 2026-09-06 00:00:00+00:00, run_after=2026-09-07 00:00:00+00:00
[2026-09-07T04:02:06.103+0000] {processor.py:183} INFO - Processing /opt/airflow/dags/netflix_dag.py took 0.700 seconds
[2026-09-07T04:02:37.443+0000] {processor.py:161} INFO - Started process (PID=939) to work on /opt/airflow/dags/netflix_dag.py
[2026-09-07T04:02:37.472+0000] {processor.py:830} INFO - Processing file /opt/airflow/dags/netflix_dag.py for tasks to queue
[2026-09-07T04:02:37.506+0000] {logging_mixin.py:188} INFO - [2026-09-07T04:02:37.506+0000] {dagbag.py:545} INFO - Filling up the DagBag from /opt/airflow/dags/netflix_dag.py
[2026-09-07T04:02:37.992+0000] {processor.py:840} INFO - DAG(s) 'netflix_etl_pipeline' retrieved from /opt/airflow/dags/netflix_dag.py
[2026-09-07T04:02:38.108+0000] {logging_mixin.py:188} INFO - [2026-09-07T04:02:38.107+0000] {dag.py:3089} INFO - Sync 1 DAGs
[2026-09-07T04:02:38.187+0000] {logging_mixin.py:188} INFO - [2026-09-07T04:02:38.186+0000] {dag.py:3947} INFO - Setting next_dagrun for netflix_etl_pipeline to 2026-09-06 00:00:00+00:00, run_after=2026-09-07 00:00:00+00:00
[2026-09-07T04:02:38.243+0000] {processor.py:183} INFO - Processing /opt/airflow/dags/netflix_dag.py took 0.826 seconds
[2026-09-07T04:03:10.335+0000] {processor.py:161} INFO - Started process (PID=950) to work on /opt/airflow/dags/netflix_dag.py
[2026-09-07T04:03:10.362+0000] {processor.py:830} INFO - Processing file /opt/airflow/dags/netflix_dag.py for tasks to queue
[2026-09-07T04:03:10.389+0000] {logging_mixin.py:188} INFO - [2026-09-07T04:03:10.388+0000] {dagbag.py:545} INFO - Filling up the DagBag from /opt/airflow/dags/netflix_dag.py
[2026-09-07T04:03:10.834+0000] {processor.py:840} INFO - DAG(s) 'netflix_etl_pipeline' retrieved from /opt/airflow/dags/netflix_dag.py
[2026-09-07T04:03:11.074+0000] {logging_mixin.py:188} INFO - [2026-09-07T04:03:11.063+0000] {dag.py:3089} INFO - Sync 1 DAGs
[2026-09-07T04:03:11.265+0000] {logging_mixin.py:188} INFO - [2026-09-07T04:03:11.254+0000] {dag.py:3947} INFO - Setting next_dagrun for netflix_etl_pipeline to 2026-09-06 00:00:00+00:00, run_after=2026-09-07 00:00:00+00:00
[2026-09-07T04:03:11.464+0000] {processor.py:183} INFO - Processing /opt/airflow/dags/netflix_dag.py took 1.167 seconds
[2026-09-07T04:03:42.616+0000] {processor.py:161} INFO - Started process (PID=962) to work on /opt/airflow/dags/netflix_dag.py
[2026-09-07T04:03:42.648+0000] {processor.py:830} INFO - Processing file /opt/airflow/dags/netflix_dag.py for tasks to queue
[2026-09-07T04:03:42.689+0000] {logging_mixin.py:188} INFO - [2026-09-07T04:03:42.688+0000] {dagbag.py:545} INFO - Filling up the DagBag from /opt/airflow/dags/netflix_dag.py
[2026-09-07T04:03:43.544+0000] {processor.py:840} INFO - DAG(s) 'netflix_etl_pipeline' retrieved from /opt/airflow/dags/netflix_dag.py
[2026-09-07T04:03:43.784+0000] {logging_mixin.py:188} INFO - [2026-09-07T04:03:43.784+0000] {dag.py:3089} INFO - Sync 1 DAGs
[2026-09-07T04:03:44.010+0000] {logging_mixin.py:188} INFO - [2026-09-07T04:03:44.010+0000] {dag.py:3947} INFO - Setting next_dagrun for netflix_etl_pipeline to 2026-09-06 00:00:00+00:00, run_after=2026-09-07 00:00:00+00:00
[2026-09-07T04:03:44.239+0000] {processor.py:183} INFO - Processing /opt/airflow/dags/netflix_dag.py took 1.650 seconds
[2026-09-07T04:04:14.548+0000] {processor.py:161} INFO - Started process (PID=973) to work on /opt/airflow/dags/netflix_dag.py
[2026-09-07T04:04:14.551+0000] {processor.py:830} INFO - Processing file /opt/airflow/dags/netflix_dag.py for tasks to queue
[2026-09-07T04:04:14.557+0000] {logging_mixin.py:188} INFO - [2026-09-07T04:04:14.556+0000] {dagbag.py:545} INFO - Filling up the DagBag from /opt/airflow/dags/netflix_dag.py
[2026-09-07T04:04:14.609+0000] {processor.py:840} INFO - DAG(s) 'netflix_etl_pipeline' retrieved from /opt/airflow/dags/netflix_dag.py
[2026-09-07T04:04:14.698+0000] {logging_mixin.py:188} INFO - [2026-09-07T04:04:14.698+0000] {dag.py:3089} INFO - Sync 1 DAGs
[2026-09-07T04:04:14.758+0000] {logging_mixin.py:188} INFO - [2026-09-07T04:04:14.757+0000] {dag.py:3947} INFO - Setting next_dagrun for netflix_etl_pipeline to 2026-09-06 00:00:00+00:00, run_after=2026-09-07 00:00:00+00:00
[2026-09-07T04:04:14.827+0000] {processor.py:183} INFO - Processing /opt/airflow/dags/netflix_dag.py took 0.296 seconds
[2026-09-07T04:04:45.036+0000] {processor.py:161} INFO - Started process (PID=984) to work on /opt/airflow/dags/netflix_dag.py
[2026-09-07T04:04:45.039+0000] {processor.py:830} INFO - Processing file /opt/airflow/dags/netflix_dag.py for tasks to queue
[2026-09-07T04:04:45.061+0000] {logging_mixin.py:188} INFO - [2026-09-07T04:04:45.060+0000] {dagbag.py:545} INFO - Filling up the DagBag from /opt/airflow/dags/netflix_dag.py
[2026-09-07T04:04:45.843+0000] {processor.py:840} INFO - DAG(s) 'netflix_etl_pipeline' retrieved from /opt/airflow/dags/netflix_dag.py
[2026-09-07T04:04:46.091+0000] {logging_mixin.py:188} INFO - [2026-09-07T04:04:46.091+0000] {dag.py:3089} INFO - Sync 1 DAGs
[2026-09-07T04:04:46.285+0000] {logging_mixin.py:188} INFO - [2026-09-07T04:04:46.285+0000] {dag.py:3947} INFO - Setting next_dagrun for netflix_etl_pipeline to 2026-09-06 00:00:00+00:00, run_after=2026-09-07 00:00:00+00:00
[2026-09-07T04:04:46.477+0000] {processor.py:183} INFO - Processing /opt/airflow/dags/netflix_dag.py took 1.457 seconds
[2026-09-07T04:05:17.214+0000] {processor.py:161} INFO - Started process (PID=995) to work on /opt/airflow/dags/netflix_dag.py
[2026-09-07T04:05:17.219+0000] {processor.py:830} INFO - Processing file /opt/airflow/dags/netflix_dag.py for tasks to queue
[2026-09-07T04:05:17.231+0000] {logging_mixin.py:188} INFO - [2026-09-07T04:05:17.229+0000] {dagbag.py:545} INFO - Filling up the DagBag from /opt/airflow/dags/netflix_dag.py
[2026-09-07T04:05:17.354+0000] {processor.py:840} INFO - DAG(s) 'netflix_etl_pipeline' retrieved from /opt/airflow/dags/netflix_dag.py
[2026-09-07T04:05:17.652+0000] {logging_mixin.py:188} INFO - [2026-09-07T04:05:17.652+0000] {dag.py:3089} INFO - Sync 1 DAGs
[2026-09-07T04:05:17.844+0000] {logging_mixin.py:188} INFO - [2026-09-07T04:05:17.843+0000] {dag.py:3947} INFO - Setting next_dagrun for netflix_etl_pipeline to 2026-09-06 00:00:00+00:00, run_after=2026-09-07 00:00:00+00:00
[2026-09-07T04:05:18.041+0000] {processor.py:183} INFO - Processing /opt/airflow/dags/netflix_dag.py took 0.865 seconds
[2026-09-07T04:05:50.878+0000] {processor.py:161} INFO - Started process (PID=1006) to work on /opt/airflow/dags/netflix_dag.py
[2026-09-07T04:05:50.895+0000] {processor.py:830} INFO - Processing file /opt/airflow/dags/netflix_dag.py for tasks to queue
[2026-09-07T04:05:50.901+0000] {logging_mixin.py:188} INFO - [2026-09-07T04:05:50.900+0000] {dagbag.py:545} INFO - Filling up the DagBag from /opt/airflow/dags/netflix_dag.py
[2026-09-07T04:05:50.953+0000] {processor.py:840} INFO - DAG(s) 'netflix_etl_pipeline' retrieved from /opt/airflow/dags/netflix_dag.py
[2026-09-07T04:05:51.049+0000] {logging_mixin.py:188} INFO - [2026-09-07T04:05:51.048+0000] {dag.py:3089} INFO - Sync 1 DAGs
[2026-09-07T04:05:51.228+0000] {logging_mixin.py:188} INFO - [2026-09-07T04:05:51.218+0000] {dag.py:3947} INFO - Setting next_dagrun for netflix_etl_pipeline to 2026-09-06 00:00:00+00:00, run_after=2026-09-07 00:00:00+00:00
[2026-09-07T04:05:51.427+0000] {processor.py:183} INFO - Processing /opt/airflow/dags/netflix_dag.py took 1.469 seconds
[2026-09-07T04:06:22.856+0000] {processor.py:161} INFO - Started process (PID=1017) to work on /opt/airflow/dags/netflix_dag.py
[2026-09-07T04:06:22.911+0000] {processor.py:830} INFO - Processing file /opt/airflow/dags/netflix_dag.py for tasks to queue
[2026-09-07T04:06:23.050+0000] {logging_mixin.py:188} INFO - [2026-09-07T04:06:23.049+0000] {dagbag.py:545} INFO - Filling up the DagBag from /opt/airflow/dags/netflix_dag.py
[2026-09-07T04:06:24.297+0000] {processor.py:840} INFO - DAG(s) 'netflix_etl_pipeline' retrieved from /opt/airflow/dags/netflix_dag.py
[2026-09-07T04:06:24.692+0000] {logging_mixin.py:188} INFO - [2026-09-07T04:06:24.690+0000] {dag.py:3089} INFO - Sync 1 DAGs
[2026-09-07T04:06:24.865+0000] {logging_mixin.py:188} INFO - [2026-09-07T04:06:24.864+0000] {dag.py:3947} INFO - Setting next_dagrun for netflix_etl_pipeline to 2026-09-06 00:00:00+00:00, run_after=2026-09-07 00:00:00+00:00
[2026-09-07T04:06:25.057+0000] {processor.py:183} INFO - Processing /opt/airflow/dags/netflix_dag.py took 2.239 seconds
[2026-09-07T04:06:56.076+0000] {processor.py:161} INFO - Started process (PID=1028) to work on /opt/airflow/dags/netflix_dag.py
[2026-09-07T04:06:56.114+0000] {processor.py:830} INFO - Processing file /opt/airflow/dags/netflix_dag.py for tasks to queue
[2026-09-07T04:06:56.163+0000] {logging_mixin.py:188} INFO - [2026-09-07T04:06:56.162+0000] {dagbag.py:545} INFO - Filling up the DagBag from /opt/airflow/dags/netflix_dag.py
[2026-09-07T04:06:56.897+0000] {processor.py:840} INFO - DAG(s) 'netflix_etl_pipeline' retrieved from /opt/airflow/dags/netflix_dag.py
[2026-09-07T04:06:57.169+0000] {logging_mixin.py:188} INFO - [2026-09-07T04:06:57.168+0000] {dag.py:3089} INFO - Sync 1 DAGs
[2026-09-07T04:06:57.326+0000] {logging_mixin.py:188} INFO - [2026-09-07T04:06:57.325+0000] {dag.py:3947} INFO - Setting next_dagrun for netflix_etl_pipeline to 2026-09-06 00:00:00+00:00, run_after=2026-09-07 00:00:00+00:00
[2026-09-07T04:06:57.543+0000] {processor.py:183} INFO - Processing /opt/airflow/dags/netflix_dag.py took 1.507 seconds
[2026-09-07T04:07:28.640+0000] {processor.py:161} INFO - Started process (PID=1040) to work on /opt/airflow/dags/netflix_dag.py
[2026-09-07T04:07:28.655+0000] {processor.py:830} INFO - Processing file /opt/airflow/dags/netflix_dag.py for tasks to queue
[2026-09-07T04:07:28.668+0000] {logging_mixin.py:188} INFO - [2026-09-07T04:07:28.667+0000] {dagbag.py:545} INFO - Filling up the DagBag from /opt/airflow/dags/netflix_dag.py
[2026-09-07T04:07:29.496+0000] {processor.py:840} INFO - DAG(s) 'netflix_etl_pipeline' retrieved from /opt/airflow/dags/netflix_dag.py
[2026-09-07T04:07:29.747+0000] {logging_mixin.py:188} INFO - [2026-09-07T04:07:29.746+0000] {dag.py:3089} INFO - Sync 1 DAGs
[2026-09-07T04:07:29.931+0000] {logging_mixin.py:188} INFO - [2026-09-07T04:07:29.931+0000] {dag.py:3947} INFO - Setting next_dagrun for netflix_etl_pipeline to 2026-09-06 00:00:00+00:00, run_after=2026-09-07 00:00:00+00:00
[2026-09-07T04:07:30.151+0000] {processor.py:183} INFO - Processing /opt/airflow/dags/netflix_dag.py took 1.536 seconds
[2026-09-07T04:08:01.724+0000] {processor.py:161} INFO - Started process (PID=1051) to work on /opt/airflow/dags/netflix_dag.py
[2026-09-07T04:08:02.324+0000] {processor.py:830} INFO - Processing file /opt/airflow/dags/netflix_dag.py for tasks to queue
[2026-09-07T04:08:02.345+0000] {logging_mixin.py:188} INFO - [2026-09-07T04:08:02.344+0000] {dagbag.py:545} INFO - Filling up the DagBag from /opt/airflow/dags/netflix_dag.py
[2026-09-07T04:08:03.086+0000] {processor.py:840} INFO - DAG(s) 'netflix_etl_pipeline' retrieved from /opt/airflow/dags/netflix_dag.py
[2026-09-07T04:08:03.341+0000] {logging_mixin.py:188} INFO - [2026-09-07T04:08:03.341+0000] {dag.py:3089} INFO - Sync 1 DAGs
[2026-09-07T04:08:03.516+0000] {logging_mixin.py:188} INFO - [2026-09-07T04:08:03.515+0000] {dag.py:3947} INFO - Setting next_dagrun for netflix_etl_pipeline to 2026-09-06 00:00:00+00:00, run_after=2026-09-07 00:00:00+00:00
[2026-09-07T04:08:03.664+0000] {processor.py:183} INFO - Processing /opt/airflow/dags/netflix_dag.py took 1.988 seconds
[2026-09-07T04:08:35.061+0000] {processor.py:161} INFO - Started process (PID=1062) to work on /opt/airflow/dags/netflix_dag.py
[2026-09-07T04:08:35.093+0000] {processor.py:830} INFO - Processing file /opt/airflow/dags/netflix_dag.py for tasks to queue
[2026-09-07T04:08:35.119+0000] {logging_mixin.py:188} INFO - [2026-09-07T04:08:35.118+0000] {dagbag.py:545} INFO - Filling up the DagBag from /opt/airflow/dags/netflix_dag.py
[2026-09-07T04:08:35.791+0000] {processor.py:840} INFO - DAG(s) 'netflix_etl_pipeline' retrieved from /opt/airflow/dags/netflix_dag.py
[2026-09-07T04:08:35.936+0000] {logging_mixin.py:188} INFO - [2026-09-07T04:08:35.936+0000] {dag.py:3089} INFO - Sync 1 DAGs
[2026-09-07T04:08:36.020+0000] {logging_mixin.py:188} INFO - [2026-09-07T04:08:36.019+0000] {dag.py:3947} INFO - Setting next_dagrun for netflix_etl_pipeline to 2026-09-06 00:00:00+00:00, run_after=2026-09-07 00:00:00+00:00
[2026-09-07T04:08:36.193+0000] {processor.py:183} INFO - Processing /opt/airflow/dags/netflix_dag.py took 1.167 seconds
[2026-09-07T04:09:08.555+0000] {processor.py:161} INFO - Started process (PID=1079) to work on /opt/airflow/dags/netflix_dag.py
[2026-09-07T04:09:08.559+0000] {processor.py:830} INFO - Processing file /opt/airflow/dags/netflix_dag.py for tasks to queue
[2026-09-07T04:09:08.566+0000] {logging_mixin.py:188} INFO - [2026-09-07T04:09:08.565+0000] {dagbag.py:545} INFO - Filling up the DagBag from /opt/airflow/dags/netflix_dag.py
[2026-09-07T04:09:08.630+0000] {processor.py:840} INFO - DAG(s) 'netflix_etl_pipeline' retrieved from /opt/airflow/dags/netflix_dag.py
[2026-09-07T04:09:08.789+0000] {logging_mixin.py:188} INFO - [2026-09-07T04:09:08.779+0000] {dag.py:3089} INFO - Sync 1 DAGs
[2026-09-07T04:09:08.968+0000] {logging_mixin.py:188} INFO - [2026-09-07T04:09:08.967+0000] {dag.py:3947} INFO - Setting next_dagrun for netflix_etl_pipeline to 2026-09-06 00:00:00+00:00, run_after=2026-09-07 00:00:00+00:00
[2026-09-07T04:09:09.350+0000] {processor.py:183} INFO - Processing /opt/airflow/dags/netflix_dag.py took 0.832 seconds
[2026-09-07T04:09:41.921+0000] {processor.py:161} INFO - Started process (PID=1090) to work on /opt/airflow/dags/netflix_dag.py
[2026-09-07T04:09:41.925+0000] {processor.py:830} INFO - Processing file /opt/airflow/dags/netflix_dag.py for tasks to queue
[2026-09-07T04:09:41.932+0000] {logging_mixin.py:188} INFO - [2026-09-07T04:09:41.931+0000] {dagbag.py:545} INFO - Filling up the DagBag from /opt/airflow/dags/netflix_dag.py
[2026-09-07T04:09:41.985+0000] {processor.py:840} INFO - DAG(s) 'netflix_etl_pipeline' retrieved from /opt/airflow/dags/netflix_dag.py
[2026-09-07T04:09:43.532+0000] {logging_mixin.py:188} INFO - [2026-09-07T04:09:43.531+0000] {dag.py:3089} INFO - Sync 1 DAGs
[2026-09-07T04:09:43.589+0000] {logging_mixin.py:188} INFO - [2026-09-07T04:09:43.588+0000] {dag.py:3947} INFO - Setting next_dagrun for netflix_etl_pipeline to 2026-09-06 00:00:00+00:00, run_after=2026-09-07 00:00:00+00:00
[2026-09-07T04:09:44.650+0000] {processor.py:183} INFO - Processing /opt/airflow/dags/netflix_dag.py took 2.745 seconds
[2026-09-07T04:10:17.097+0000] {processor.py:161} INFO - Started process (PID=1100) to work on /opt/airflow/dags/netflix_dag.py
[2026-09-07T04:10:17.157+0000] {processor.py:830} INFO - Processing file /opt/airflow/dags/netflix_dag.py for tasks to queue
[2026-09-07T04:10:17.220+0000] {logging_mixin.py:188} INFO - [2026-09-07T04:10:17.216+0000] {dagbag.py:545} INFO - Filling up the DagBag from /opt/airflow/dags/netflix_dag.py
[2026-09-07T04:10:17.598+0000] {processor.py:840} INFO - DAG(s) 'netflix_etl_pipeline' retrieved from /opt/airflow/dags/netflix_dag.py
[2026-09-07T04:10:17.781+0000] {logging_mixin.py:188} INFO - [2026-09-07T04:10:17.780+0000] {dag.py:3089} INFO - Sync 1 DAGs
[2026-09-07T04:10:17.984+0000] {logging_mixin.py:188} INFO - [2026-09-07T04:10:17.984+0000] {dag.py:3947} INFO - Setting next_dagrun for netflix_etl_pipeline to 2026-09-06 00:00:00+00:00, run_after=2026-09-07 00:00:00+00:00
[2026-09-07T04:10:18.161+0000] {processor.py:183} INFO - Processing /opt/airflow/dags/netflix_dag.py took 1.102 seconds
[2026-09-07T04:10:50.732+0000] {processor.py:161} INFO - Started process (PID=1111) to work on /opt/airflow/dags/netflix_dag.py
[2026-09-07T04:10:50.804+0000] {processor.py:830} INFO - Processing file /opt/airflow/dags/netflix_dag.py for tasks to queue
[2026-09-07T04:10:50.871+0000] {logging_mixin.py:188} INFO - [2026-09-07T04:10:50.870+0000] {dagbag.py:545} INFO - Filling up the DagBag from /opt/airflow/dags/netflix_dag.py
[2026-09-07T04:10:52.109+0000] {processor.py:840} INFO - DAG(s) 'netflix_etl_pipeline' retrieved from /opt/airflow/dags/netflix_dag.py
[2026-09-07T04:10:52.406+0000] {logging_mixin.py:188} INFO - [2026-09-07T04:10:52.397+0000] {dag.py:3089} INFO - Sync 1 DAGs
[2026-09-07T04:10:52.650+0000] {logging_mixin.py:188} INFO - [2026-09-07T04:10:52.649+0000] {dag.py:3947} INFO - Setting next_dagrun for netflix_etl_pipeline to 2026-09-06 00:00:00+00:00, run_after=2026-09-07 00:00:00+00:00
[2026-09-07T04:10:52.829+0000] {processor.py:183} INFO - Processing /opt/airflow/dags/netflix_dag.py took 2.134 seconds
[2026-09-07T04:11:23.798+0000] {processor.py:161} INFO - Started process (PID=1122) to work on /opt/airflow/dags/netflix_dag.py
[2026-09-07T04:11:23.878+0000] {processor.py:830} INFO - Processing file /opt/airflow/dags/netflix_dag.py for tasks to queue
[2026-09-07T04:11:23.955+0000] {logging_mixin.py:188} INFO - [2026-09-07T04:11:23.954+0000] {dagbag.py:545} INFO - Filling up the DagBag from /opt/airflow/dags/netflix_dag.py
[2026-09-07T04:11:25.050+0000] {processor.py:840} INFO - DAG(s) 'netflix_etl_pipeline' retrieved from /opt/airflow/dags/netflix_dag.py
[2026-09-07T04:11:25.283+0000] {logging_mixin.py:188} INFO - [2026-09-07T04:11:25.271+0000] {dag.py:3089} INFO - Sync 1 DAGs
[2026-09-07T04:11:25.588+0000] {logging_mixin.py:188} INFO - [2026-09-07T04:11:25.587+0000] {dag.py:3947} INFO - Setting next_dagrun for netflix_etl_pipeline to 2026-09-06 00:00:00+00:00, run_after=2026-09-07 00:00:00+00:00
[2026-09-07T04:11:25.850+0000] {processor.py:183} INFO - Processing /opt/airflow/dags/netflix_dag.py took 2.077 seconds
[2026-09-07T04:11:57.635+0000] {processor.py:161} INFO - Started process (PID=1133) to work on /opt/airflow/dags/netflix_dag.py
[2026-09-07T04:11:57.694+0000] {processor.py:830} INFO - Processing file /opt/airflow/dags/netflix_dag.py for tasks to queue
[2026-09-07T04:11:57.739+0000] {logging_mixin.py:188} INFO - [2026-09-07T04:11:57.738+0000] {dagbag.py:545} INFO - Filling up the DagBag from /opt/airflow/dags/netflix_dag.py
[2026-09-07T04:11:58.904+0000] {processor.py:840} INFO - DAG(s) 'netflix_etl_pipeline' retrieved from /opt/airflow/dags/netflix_dag.py
[2026-09-07T04:11:59.208+0000] {logging_mixin.py:188} INFO - [2026-09-07T04:11:59.196+0000] {dag.py:3089} INFO - Sync 1 DAGs
[2026-09-07T04:11:59.440+0000] {logging_mixin.py:188} INFO - [2026-09-07T04:11:59.428+0000] {dag.py:3947} INFO - Setting next_dagrun for netflix_etl_pipeline to 2026-09-06 00:00:00+00:00, run_after=2026-09-07 00:00:00+00:00
[2026-09-07T04:11:59.674+0000] {processor.py:183} INFO - Processing /opt/airflow/dags/netflix_dag.py took 2.096 seconds
[2026-09-07T04:12:30.181+0000] {processor.py:161} INFO - Started process (PID=1144) to work on /opt/airflow/dags/netflix_dag.py
[2026-09-07T04:12:30.186+0000] {processor.py:830} INFO - Processing file /opt/airflow/dags/netflix_dag.py for tasks to queue
[2026-09-07T04:12:30.216+0000] {logging_mixin.py:188} INFO - [2026-09-07T04:12:30.207+0000] {dagbag.py:545} INFO - Filling up the DagBag from /opt/airflow/dags/netflix_dag.py
[2026-09-07T04:12:30.434+0000] {processor.py:840} INFO - DAG(s) 'netflix_etl_pipeline' retrieved from /opt/airflow/dags/netflix_dag.py
[2026-09-07T04:12:30.647+0000] {logging_mixin.py:188} INFO - [2026-09-07T04:12:30.646+0000] {dag.py:3089} INFO - Sync 1 DAGs
[2026-09-07T04:12:30.853+0000] {logging_mixin.py:188} INFO - [2026-09-07T04:12:30.853+0000] {dag.py:3947} INFO - Setting next_dagrun for netflix_etl_pipeline to 2026-09-06 00:00:00+00:00, run_after=2026-09-07 00:00:00+00:00
[2026-09-07T04:12:31.040+0000] {processor.py:183} INFO - Processing /opt/airflow/dags/netflix_dag.py took 0.938 seconds
[2026-09-07T04:13:02.108+0000] {processor.py:161} INFO - Started process (PID=1155) to work on /opt/airflow/dags/netflix_dag.py
[2026-09-07T04:13:02.133+0000] {processor.py:830} INFO - Processing file /opt/airflow/dags/netflix_dag.py for tasks to queue
[2026-09-07T04:13:02.196+0000] {logging_mixin.py:188} INFO - [2026-09-07T04:13:02.194+0000] {dagbag.py:545} INFO - Filling up the DagBag from /opt/airflow/dags/netflix_dag.py
[2026-09-07T04:13:03.012+0000] {processor.py:840} INFO - DAG(s) 'netflix_etl_pipeline' retrieved from /opt/airflow/dags/netflix_dag.py
[2026-09-07T04:13:03.294+0000] {logging_mixin.py:188} INFO - [2026-09-07T04:13:03.293+0000] {dag.py:3089} INFO - Sync 1 DAGs
[2026-09-07T04:13:03.475+0000] {logging_mixin.py:188} INFO - [2026-09-07T04:13:03.474+0000] {dag.py:3947} INFO - Setting next_dagrun for netflix_etl_pipeline to 2026-09-06 00:00:00+00:00, run_after=2026-09-07 00:00:00+00:00
[2026-09-07T04:13:03.651+0000] {processor.py:183} INFO - Processing /opt/airflow/dags/netflix_dag.py took 1.590 seconds
[2026-09-07T04:13:34.416+0000] {processor.py:161} INFO - Started process (PID=1167) to work on /opt/airflow/dags/netflix_dag.py
[2026-09-07T04:13:34.421+0000] {processor.py:830} INFO - Processing file /opt/airflow/dags/netflix_dag.py for tasks to queue
[2026-09-07T04:13:34.437+0000] {logging_mixin.py:188} INFO - [2026-09-07T04:13:34.431+0000] {dagbag.py:545} INFO - Filling up the DagBag from /opt/airflow/dags/netflix_dag.py
[2026-09-07T04:13:34.590+0000] {processor.py:840} INFO - DAG(s) 'netflix_etl_pipeline' retrieved from /opt/airflow/dags/netflix_dag.py
[2026-09-07T04:13:34.805+0000] {logging_mixin.py:188} INFO - [2026-09-07T04:13:34.804+0000] {dag.py:3089} INFO - Sync 1 DAGs
[2026-09-07T04:13:34.900+0000] {logging_mixin.py:188} INFO - [2026-09-07T04:13:34.899+0000] {dag.py:3947} INFO - Setting next_dagrun for netflix_etl_pipeline to 2026-09-06 00:00:00+00:00, run_after=2026-09-07 00:00:00+00:00
[2026-09-07T04:13:34.992+0000] {processor.py:183} INFO - Processing /opt/airflow/dags/netflix_dag.py took 0.628 seconds
[2026-09-07T04:14:06.160+0000] {processor.py:161} INFO - Started process (PID=1179) to work on /opt/airflow/dags/netflix_dag.py
[2026-09-07T04:14:06.302+0000] {processor.py:830} INFO - Processing file /opt/airflow/dags/netflix_dag.py for tasks to queue
[2026-09-07T04:14:06.381+0000] {logging_mixin.py:188} INFO - [2026-09-07T04:14:06.380+0000] {dagbag.py:545} INFO - Filling up the DagBag from /opt/airflow/dags/netflix_dag.py
[2026-09-07T04:14:07.349+0000] {processor.py:840} INFO - DAG(s) 'netflix_etl_pipeline' retrieved from /opt/airflow/dags/netflix_dag.py
[2026-09-07T04:14:07.609+0000] {logging_mixin.py:188} INFO - [2026-09-07T04:14:07.608+0000] {dag.py:3089} INFO - Sync 1 DAGs
[2026-09-07T04:14:07.821+0000] {logging_mixin.py:188} INFO - [2026-09-07T04:14:07.821+0000] {dag.py:3947} INFO - Setting next_dagrun for netflix_etl_pipeline to 2026-09-06 00:00:00+00:00, run_after=2026-09-07 00:00:00+00:00
[2026-09-07T04:14:08.147+0000] {processor.py:183} INFO - Processing /opt/airflow/dags/netflix_dag.py took 2.051 seconds
[2026-09-07T04:14:39.367+0000] {processor.py:161} INFO - Started process (PID=1190) to work on /opt/airflow/dags/netflix_dag.py
[2026-09-07T04:14:39.389+0000] {processor.py:830} INFO - Processing file /opt/airflow/dags/netflix_dag.py for tasks to queue
[2026-09-07T04:14:39.426+0000] {logging_mixin.py:188} INFO - [2026-09-07T04:14:39.426+0000] {dagbag.py:545} INFO - Filling up the DagBag from /opt/airflow/dags/netflix_dag.py
[2026-09-07T04:14:40.246+0000] {processor.py:840} INFO - DAG(s) 'netflix_etl_pipeline' retrieved from /opt/airflow/dags/netflix_dag.py
[2026-09-07T04:14:40.497+0000] {logging_mixin.py:188} INFO - [2026-09-07T04:14:40.496+0000] {dag.py:3089} INFO - Sync 1 DAGs
[2026-09-07T04:14:40.708+0000] {logging_mixin.py:188} INFO - [2026-09-07T04:14:40.707+0000] {dag.py:3947} INFO - Setting next_dagrun for netflix_etl_pipeline to 2026-09-06 00:00:00+00:00, run_after=2026-09-07 00:00:00+00:00
[2026-09-07T04:14:40.926+0000] {processor.py:183} INFO - Processing /opt/airflow/dags/netflix_dag.py took 1.593 seconds
[2026-09-07T04:15:11.952+0000] {processor.py:161} INFO - Started process (PID=1201) to work on /opt/airflow/dags/netflix_dag.py
[2026-09-07T04:15:11.956+0000] {processor.py:830} INFO - Processing file /opt/airflow/dags/netflix_dag.py for tasks to queue
[2026-09-07T04:15:11.963+0000] {logging_mixin.py:188} INFO - [2026-09-07T04:15:11.962+0000] {dagbag.py:545} INFO - Filling up the DagBag from /opt/airflow/dags/netflix_dag.py
[2026-09-07T04:15:12.021+0000] {processor.py:840} INFO - DAG(s) 'netflix_etl_pipeline' retrieved from /opt/airflow/dags/netflix_dag.py
[2026-09-07T04:15:12.157+0000] {logging_mixin.py:188} INFO - [2026-09-07T04:15:12.157+0000] {dag.py:3089} INFO - Sync 1 DAGs
[2026-09-07T04:15:12.244+0000] {logging_mixin.py:188} INFO - [2026-09-07T04:15:12.243+0000] {dag.py:3947} INFO - Setting next_dagrun for netflix_etl_pipeline to 2026-09-06 00:00:00+00:00, run_after=2026-09-07 00:00:00+00:00
[2026-09-07T04:15:12.332+0000] {processor.py:183} INFO - Processing /opt/airflow/dags/netflix_dag.py took 0.407 seconds
[2026-09-07T04:15:44.975+0000] {processor.py:161} INFO - Started process (PID=1212) to work on /opt/airflow/dags/netflix_dag.py
[2026-09-07T04:15:45.026+0000] {processor.py:830} INFO - Processing file /opt/airflow/dags/netflix_dag.py for tasks to queue
[2026-09-07T04:15:45.130+0000] {logging_mixin.py:188} INFO - [2026-09-07T04:15:45.128+0000] {dagbag.py:545} INFO - Filling up the DagBag from /opt/airflow/dags/netflix_dag.py
[2026-09-07T04:15:47.117+0000] {processor.py:840} INFO - DAG(s) 'netflix_etl_pipeline' retrieved from /opt/airflow/dags/netflix_dag.py
[2026-09-07T04:15:47.444+0000] {logging_mixin.py:188} INFO - [2026-09-07T04:15:47.444+0000] {dag.py:3089} INFO - Sync 1 DAGs
[2026-09-07T04:15:47.666+0000] {logging_mixin.py:188} INFO - [2026-09-07T04:15:47.665+0000] {dag.py:3947} INFO - Setting next_dagrun for netflix_etl_pipeline to 2026-09-06 00:00:00+00:00, run_after=2026-09-07 00:00:00+00:00
[2026-09-07T04:15:47.926+0000] {processor.py:183} INFO - Processing /opt/airflow/dags/netflix_dag.py took 2.997 seconds
[2026-09-07T04:16:19.354+0000] {processor.py:161} INFO - Started process (PID=1229) to work on /opt/airflow/dags/netflix_dag.py
[2026-09-07T04:16:19.377+0000] {processor.py:830} INFO - Processing file /opt/airflow/dags/netflix_dag.py for tasks to queue
[2026-09-07T04:16:19.415+0000] {logging_mixin.py:188} INFO - [2026-09-07T04:16:19.414+0000] {dagbag.py:545} INFO - Filling up the DagBag from /opt/airflow/dags/netflix_dag.py
[2026-09-07T04:16:20.104+0000] {processor.py:840} INFO - DAG(s) 'netflix_etl_pipeline' retrieved from /opt/airflow/dags/netflix_dag.py
[2026-09-07T04:16:20.396+0000] {logging_mixin.py:188} INFO - [2026-09-07T04:16:20.396+0000] {dag.py:3089} INFO - Sync 1 DAGs
[2026-09-07T04:16:20.620+0000] {logging_mixin.py:188} INFO - [2026-09-07T04:16:20.620+0000] {dag.py:3947} INFO - Setting next_dagrun for netflix_etl_pipeline to 2026-09-06 00:00:00+00:00, run_after=2026-09-07 00:00:00+00:00
[2026-09-07T04:16:20.790+0000] {processor.py:183} INFO - Processing /opt/airflow/dags/netflix_dag.py took 1.473 seconds
[2026-09-07T04:16:52.328+0000] {processor.py:161} INFO - Started process (PID=1240) to work on /opt/airflow/dags/netflix_dag.py
[2026-09-07T04:16:52.363+0000] {processor.py:830} INFO - Processing file /opt/airflow/dags/netflix_dag.py for tasks to queue
[2026-09-07T04:16:52.403+0000] {logging_mixin.py:188} INFO - [2026-09-07T04:16:52.401+0000] {dagbag.py:545} INFO - Filling up the DagBag from /opt/airflow/dags/netflix_dag.py
[2026-09-07T04:16:53.233+0000] {processor.py:840} INFO - DAG(s) 'netflix_etl_pipeline' retrieved from /opt/airflow/dags/netflix_dag.py
[2026-09-07T04:16:53.464+0000] {logging_mixin.py:188} INFO - [2026-09-07T04:16:53.464+0000] {dag.py:3089} INFO - Sync 1 DAGs
[2026-09-07T04:16:53.669+0000] {logging_mixin.py:188} INFO - [2026-09-07T04:16:53.661+0000] {dag.py:3947} INFO - Setting next_dagrun for netflix_etl_pipeline to 2026-09-06 00:00:00+00:00, run_after=2026-09-07 00:00:00+00:00
[2026-09-07T04:16:53.883+0000] {processor.py:183} INFO - Processing /opt/airflow/dags/netflix_dag.py took 1.606 seconds
[2026-09-07T04:17:26.770+0000] {processor.py:161} INFO - Started process (PID=1251) to work on /opt/airflow/dags/netflix_dag.py
[2026-09-07T04:17:26.851+0000] {processor.py:830} INFO - Processing file /opt/airflow/dags/netflix_dag.py for tasks to queue
[2026-09-07T04:17:26.950+0000] {logging_mixin.py:188} INFO - [2026-09-07T04:17:26.949+0000] {dagbag.py:545} INFO - Filling up the DagBag from /opt/airflow/dags/netflix_dag.py
[2026-09-07T04:17:29.267+0000] {processor.py:840} INFO - DAG(s) 'netflix_etl_pipeline' retrieved from /opt/airflow/dags/netflix_dag.py
[2026-09-07T04:17:29.664+0000] {logging_mixin.py:188} INFO - [2026-09-07T04:17:29.663+0000] {dag.py:3089} INFO - Sync 1 DAGs
[2026-09-07T04:17:30.053+0000] {logging_mixin.py:188} INFO - [2026-09-07T04:17:30.052+0000] {dag.py:3947} INFO - Setting next_dagrun for netflix_etl_pipeline to 2026-09-06 00:00:00+00:00, run_after=2026-09-07 00:00:00+00:00
[2026-09-07T04:17:30.317+0000] {processor.py:183} INFO - Processing /opt/airflow/dags/netflix_dag.py took 3.606 seconds
[2026-09-07T04:18:02.182+0000] {processor.py:161} INFO - Started process (PID=1262) to work on /opt/airflow/dags/netflix_dag.py
[2026-09-07T04:18:02.222+0000] {processor.py:830} INFO - Processing file /opt/airflow/dags/netflix_dag.py for tasks to queue
[2026-09-07T04:18:02.258+0000] {logging_mixin.py:188} INFO - [2026-09-07T04:18:02.257+0000] {dagbag.py:545} INFO - Filling up the DagBag from /opt/airflow/dags/netflix_dag.py
[2026-09-07T04:18:02.997+0000] {processor.py:840} INFO - DAG(s) 'netflix_etl_pipeline' retrieved from /opt/airflow/dags/netflix_dag.py
[2026-09-07T04:18:03.274+0000] {logging_mixin.py:188} INFO - [2026-09-07T04:18:03.273+0000] {dag.py:3089} INFO - Sync 1 DAGs
[2026-09-07T04:18:03.481+0000] {logging_mixin.py:188} INFO - [2026-09-07T04:18:03.480+0000] {dag.py:3947} INFO - Setting next_dagrun for netflix_etl_pipeline to 2026-09-06 00:00:00+00:00, run_after=2026-09-07 00:00:00+00:00
[2026-09-07T04:18:03.718+0000] {processor.py:183} INFO - Processing /opt/airflow/dags/netflix_dag.py took 1.576 seconds
[2026-09-07T04:18:35.754+0000] {processor.py:161} INFO - Started process (PID=1273) to work on /opt/airflow/dags/netflix_dag.py
[2026-09-07T04:18:35.812+0000] {processor.py:830} INFO - Processing file /opt/airflow/dags/netflix_dag.py for tasks to queue
[2026-09-07T04:18:35.872+0000] {logging_mixin.py:188} INFO - [2026-09-07T04:18:35.870+0000] {dagbag.py:545} INFO - Filling up the DagBag from /opt/airflow/dags/netflix_dag.py
[2026-09-07T04:18:37.203+0000] {processor.py:840} INFO - DAG(s) 'netflix_etl_pipeline' retrieved from /opt/airflow/dags/netflix_dag.py
[2026-09-07T04:18:37.615+0000] {logging_mixin.py:188} INFO - [2026-09-07T04:18:37.614+0000] {dag.py:3089} INFO - Sync 1 DAGs
[2026-09-07T04:18:37.860+0000] {logging_mixin.py:188} INFO - [2026-09-07T04:18:37.860+0000] {dag.py:3947} INFO - Setting next_dagrun for netflix_etl_pipeline to 2026-09-06 00:00:00+00:00, run_after=2026-09-07 00:00:00+00:00
[2026-09-07T04:18:38.102+0000] {processor.py:183} INFO - Processing /opt/airflow/dags/netflix_dag.py took 2.377 seconds
[2026-09-07T04:19:09.047+0000] {processor.py:161} INFO - Started process (PID=1284) to work on /opt/airflow/dags/netflix_dag.py
[2026-09-07T04:19:09.140+0000] {processor.py:830} INFO - Processing file /opt/airflow/dags/netflix_dag.py for tasks to queue
[2026-09-07T04:19:09.229+0000] {logging_mixin.py:188} INFO - [2026-09-07T04:19:09.228+0000] {dagbag.py:545} INFO - Filling up the DagBag from /opt/airflow/dags/netflix_dag.py
[2026-09-07T04:19:10.668+0000] {processor.py:840} INFO - DAG(s) 'netflix_etl_pipeline' retrieved from /opt/airflow/dags/netflix_dag.py
[2026-09-07T04:19:10.962+0000] {logging_mixin.py:188} INFO - [2026-09-07T04:19:10.961+0000] {dag.py:3089} INFO - Sync 1 DAGs
[2026-09-07T04:19:11.201+0000] {logging_mixin.py:188} INFO - [2026-09-07T04:19:11.200+0000] {dag.py:3947} INFO - Setting next_dagrun for netflix_etl_pipeline to 2026-09-06 00:00:00+00:00, run_after=2026-09-07 00:00:00+00:00
[2026-09-07T04:19:11.564+0000] {processor.py:183} INFO - Processing /opt/airflow/dags/netflix_dag.py took 2.552 seconds
[2026-09-07T04:19:43.181+0000] {processor.py:161} INFO - Started process (PID=1295) to work on /opt/airflow/dags/netflix_dag.py
[2026-09-07T04:19:43.184+0000] {processor.py:830} INFO - Processing file /opt/airflow/dags/netflix_dag.py for tasks to queue
[2026-09-07T04:19:43.192+0000] {logging_mixin.py:188} INFO - [2026-09-07T04:19:43.191+0000] {dagbag.py:545} INFO - Filling up the DagBag from /opt/airflow/dags/netflix_dag.py
[2026-09-07T04:19:43.242+0000] {processor.py:840} INFO - DAG(s) 'netflix_etl_pipeline' retrieved from /opt/airflow/dags/netflix_dag.py
[2026-09-07T04:19:43.329+0000] {logging_mixin.py:188} INFO - [2026-09-07T04:19:43.329+0000] {dag.py:3089} INFO - Sync 1 DAGs
[2026-09-07T04:19:43.394+0000] {logging_mixin.py:188} INFO - [2026-09-07T04:19:43.393+0000] {dag.py:3947} INFO - Setting next_dagrun for netflix_etl_pipeline to 2026-09-06 00:00:00+00:00, run_after=2026-09-07 00:00:00+00:00
[2026-09-07T04:19:43.682+0000] {processor.py:183} INFO - Processing /opt/airflow/dags/netflix_dag.py took 0.521 seconds
[2026-09-07T04:20:15.438+0000] {processor.py:161} INFO - Started process (PID=1306) to work on /opt/airflow/dags/netflix_dag.py
[2026-09-07T04:20:15.472+0000] {processor.py:830} INFO - Processing file /opt/airflow/dags/netflix_dag.py for tasks to queue
[2026-09-07T04:20:15.506+0000] {logging_mixin.py:188} INFO - [2026-09-07T04:20:15.505+0000] {dagbag.py:545} INFO - Filling up the DagBag from /opt/airflow/dags/netflix_dag.py
[2026-09-07T04:20:16.217+0000] {processor.py:840} INFO - DAG(s) 'netflix_etl_pipeline' retrieved from /opt/airflow/dags/netflix_dag.py
[2026-09-07T04:20:16.462+0000] {logging_mixin.py:188} INFO - [2026-09-07T04:20:16.453+0000] {dag.py:3089} INFO - Sync 1 DAGs
[2026-09-07T04:20:16.639+0000] {logging_mixin.py:188} INFO - [2026-09-07T04:20:16.639+0000] {dag.py:3947} INFO - Setting next_dagrun for netflix_etl_pipeline to 2026-09-06 00:00:00+00:00, run_after=2026-09-07 00:00:00+00:00
[2026-09-07T04:20:16.829+0000] {processor.py:183} INFO - Processing /opt/airflow/dags/netflix_dag.py took 1.416 seconds
[2026-09-07T04:20:48.504+0000] {processor.py:161} INFO - Started process (PID=1317) to work on /opt/airflow/dags/netflix_dag.py
[2026-09-07T04:20:48.539+0000] {processor.py:830} INFO - Processing file /opt/airflow/dags/netflix_dag.py for tasks to queue
[2026-09-07T04:20:48.582+0000] {logging_mixin.py:188} INFO - [2026-09-07T04:20:48.580+0000] {dagbag.py:545} INFO - Filling up the DagBag from /opt/airflow/dags/netflix_dag.py
[2026-09-07T04:20:48.897+0000] {processor.py:840} INFO - DAG(s) 'netflix_etl_pipeline' retrieved from /opt/airflow/dags/netflix_dag.py
[2026-09-07T04:20:49.041+0000] {logging_mixin.py:188} INFO - [2026-09-07T04:20:49.041+0000] {dag.py:3089} INFO - Sync 1 DAGs
[2026-09-07T04:20:49.250+0000] {logging_mixin.py:188} INFO - [2026-09-07T04:20:49.250+0000] {dag.py:3947} INFO - Setting next_dagrun for netflix_etl_pipeline to 2026-09-06 00:00:00+00:00, run_after=2026-09-07 00:00:00+00:00
[2026-09-07T04:20:49.445+0000] {processor.py:183} INFO - Processing /opt/airflow/dags/netflix_dag.py took 0.991 seconds
[2026-09-07T04:21:19.770+0000] {processor.py:161} INFO - Started process (PID=1334) to work on /opt/airflow/dags/netflix_dag.py
[2026-09-07T04:21:19.852+0000] {processor.py:830} INFO - Processing file /opt/airflow/dags/netflix_dag.py for tasks to queue
[2026-09-07T04:21:19.939+0000] {logging_mixin.py:188} INFO - [2026-09-07T04:21:19.937+0000] {dagbag.py:545} INFO - Filling up the DagBag from /opt/airflow/dags/netflix_dag.py
[2026-09-07T04:21:21.619+0000] {processor.py:840} INFO - DAG(s) 'netflix_etl_pipeline' retrieved from /opt/airflow/dags/netflix_dag.py
[2026-09-07T04:21:21.976+0000] {logging_mixin.py:188} INFO - [2026-09-07T04:21:21.975+0000] {dag.py:3089} INFO - Sync 1 DAGs
[2026-09-07T04:21:22.211+0000] {logging_mixin.py:188} INFO - [2026-09-07T04:21:22.211+0000] {dag.py:3947} INFO - Setting next_dagrun for netflix_etl_pipeline to 2026-09-06 00:00:00+00:00, run_after=2026-09-07 00:00:00+00:00
[2026-09-07T04:21:22.448+0000] {processor.py:183} INFO - Processing /opt/airflow/dags/netflix_dag.py took 2.714 seconds
[2026-09-07T04:21:54.803+0000] {processor.py:161} INFO - Started process (PID=1345) to work on /opt/airflow/dags/netflix_dag.py
[2026-09-07T04:21:54.854+0000] {processor.py:830} INFO - Processing file /opt/airflow/dags/netflix_dag.py for tasks to queue
[2026-09-07T04:21:54.937+0000] {logging_mixin.py:188} INFO - [2026-09-07T04:21:54.935+0000] {dagbag.py:545} INFO - Filling up the DagBag from /opt/airflow/dags/netflix_dag.py
[2026-09-07T04:21:57.048+0000] {processor.py:840} INFO - DAG(s) 'netflix_etl_pipeline' retrieved from /opt/airflow/dags/netflix_dag.py
[2026-09-07T04:21:57.394+0000] {logging_mixin.py:188} INFO - [2026-09-07T04:21:57.393+0000] {dag.py:3089} INFO - Sync 1 DAGs
[2026-09-07T04:21:57.760+0000] {logging_mixin.py:188} INFO - [2026-09-07T04:21:57.759+0000] {dag.py:3947} INFO - Setting next_dagrun for netflix_etl_pipeline to 2026-09-06 00:00:00+00:00, run_after=2026-09-07 00:00:00+00:00
[2026-09-07T04:21:58.111+0000] {processor.py:183} INFO - Processing /opt/airflow/dags/netflix_dag.py took 3.359 seconds
[2026-09-07T04:22:31.064+0000] {processor.py:161} INFO - Started process (PID=1356) to work on /opt/airflow/dags/netflix_dag.py
[2026-09-07T04:22:31.067+0000] {processor.py:830} INFO - Processing file /opt/airflow/dags/netflix_dag.py for tasks to queue
[2026-09-07T04:22:31.094+0000] {logging_mixin.py:188} INFO - [2026-09-07T04:22:31.092+0000] {dagbag.py:545} INFO - Filling up the DagBag from /opt/airflow/dags/netflix_dag.py
[2026-09-07T04:22:31.245+0000] {processor.py:840} INFO - DAG(s) 'netflix_etl_pipeline' retrieved from /opt/airflow/dags/netflix_dag.py
[2026-09-07T04:22:31.563+0000] {logging_mixin.py:188} INFO - [2026-09-07T04:22:31.563+0000] {dag.py:3089} INFO - Sync 1 DAGs
[2026-09-07T04:22:31.770+0000] {logging_mixin.py:188} INFO - [2026-09-07T04:22:31.769+0000] {dag.py:3947} INFO - Setting next_dagrun for netflix_etl_pipeline to 2026-09-06 00:00:00+00:00, run_after=2026-09-07 00:00:00+00:00
[2026-09-07T04:22:31.959+0000] {processor.py:183} INFO - Processing /opt/airflow/dags/netflix_dag.py took 0.927 seconds
[2026-09-07T04:23:04.367+0000] {processor.py:161} INFO - Started process (PID=1367) to work on /opt/airflow/dags/netflix_dag.py
[2026-09-07T04:23:04.436+0000] {processor.py:830} INFO - Processing file /opt/airflow/dags/netflix_dag.py for tasks to queue
[2026-09-07T04:23:04.509+0000] {logging_mixin.py:188} INFO - [2026-09-07T04:23:04.508+0000] {dagbag.py:545} INFO - Filling up the DagBag from /opt/airflow/dags/netflix_dag.py
[2026-09-07T04:23:06.334+0000] {processor.py:840} INFO - DAG(s) 'netflix_etl_pipeline' retrieved from /opt/airflow/dags/netflix_dag.py
[2026-09-07T04:23:06.456+0000] {logging_mixin.py:188} INFO - [2026-09-07T04:23:06.455+0000] {dag.py:3089} INFO - Sync 1 DAGs
[2026-09-07T04:23:06.524+0000] {logging_mixin.py:188} INFO - [2026-09-07T04:23:06.523+0000] {dag.py:3947} INFO - Setting next_dagrun for netflix_etl_pipeline to 2026-09-06 00:00:00+00:00, run_after=2026-09-07 00:00:00+00:00
[2026-09-07T04:23:07.854+0000] {processor.py:183} INFO - Processing /opt/airflow/dags/netflix_dag.py took 3.516 seconds
[2026-09-07T04:23:39.638+0000] {processor.py:161} INFO - Started process (PID=1378) to work on /opt/airflow/dags/netflix_dag.py
[2026-09-07T04:23:39.655+0000] {processor.py:830} INFO - Processing file /opt/airflow/dags/netflix_dag.py for tasks to queue
[2026-09-07T04:23:39.690+0000] {logging_mixin.py:188} INFO - [2026-09-07T04:23:39.689+0000] {dagbag.py:545} INFO - Filling up the DagBag from /opt/airflow/dags/netflix_dag.py
[2026-09-07T04:23:40.521+0000] {processor.py:840} INFO - DAG(s) 'netflix_etl_pipeline' retrieved from /opt/airflow/dags/netflix_dag.py
[2026-09-07T04:23:41.054+0000] {logging_mixin.py:188} INFO - [2026-09-07T04:23:41.053+0000] {dag.py:3089} INFO - Sync 1 DAGs
[2026-09-07T04:23:41.236+0000] {logging_mixin.py:188} INFO - [2026-09-07T04:23:41.236+0000] {dag.py:3947} INFO - Setting next_dagrun for netflix_etl_pipeline to 2026-09-06 00:00:00+00:00, run_after=2026-09-07 00:00:00+00:00
[2026-09-07T04:23:41.537+0000] {processor.py:183} INFO - Processing /opt/airflow/dags/netflix_dag.py took 1.938 seconds
[2026-09-07T04:24:12.512+0000] {processor.py:161} INFO - Started process (PID=1389) to work on /opt/airflow/dags/netflix_dag.py
[2026-09-07T04:24:12.516+0000] {processor.py:830} INFO - Processing file /opt/airflow/dags/netflix_dag.py for tasks to queue
[2026-09-07T04:24:12.523+0000] {logging_mixin.py:188} INFO - [2026-09-07T04:24:12.522+0000] {dagbag.py:545} INFO - Filling up the DagBag from /opt/airflow/dags/netflix_dag.py
[2026-09-07T04:24:12.577+0000] {processor.py:840} INFO - DAG(s) 'netflix_etl_pipeline' retrieved from /opt/airflow/dags/netflix_dag.py
[2026-09-07T04:24:12.674+0000] {logging_mixin.py:188} INFO - [2026-09-07T04:24:12.673+0000] {dag.py:3089} INFO - Sync 1 DAGs
[2026-09-07T04:24:12.731+0000] {logging_mixin.py:188} INFO - [2026-09-07T04:24:12.731+0000] {dag.py:3947} INFO - Setting next_dagrun for netflix_etl_pipeline to 2026-09-06 00:00:00+00:00, run_after=2026-09-07 00:00:00+00:00
[2026-09-07T04:24:12.779+0000] {processor.py:183} INFO - Processing /opt/airflow/dags/netflix_dag.py took 0.296 seconds
[2026-09-07T04:24:43.889+0000] {processor.py:161} INFO - Started process (PID=1401) to work on /opt/airflow/dags/netflix_dag.py
[2026-09-07T04:24:43.893+0000] {processor.py:830} INFO - Processing file /opt/airflow/dags/netflix_dag.py for tasks to queue
[2026-09-07T04:24:43.900+0000] {logging_mixin.py:188} INFO - [2026-09-07T04:24:43.899+0000] {dagbag.py:545} INFO - Filling up the DagBag from /opt/airflow/dags/netflix_dag.py
[2026-09-07T04:24:44.669+0000] {processor.py:840} INFO - DAG(s) 'netflix_etl_pipeline' retrieved from /opt/airflow/dags/netflix_dag.py
[2026-09-07T04:24:45.505+0000] {logging_mixin.py:188} INFO - [2026-09-07T04:24:45.504+0000] {dag.py:3089} INFO - Sync 1 DAGs
[2026-09-07T04:24:45.833+0000] {logging_mixin.py:188} INFO - [2026-09-07T04:24:45.832+0000] {dag.py:3947} INFO - Setting next_dagrun for netflix_etl_pipeline to 2026-09-06 00:00:00+00:00, run_after=2026-09-07 00:00:00+00:00
[2026-09-07T04:24:48.849+0000] {processor.py:183} INFO - Processing /opt/airflow/dags/netflix_dag.py took 4.978 seconds
[2026-09-07T04:25:20.216+0000] {processor.py:161} INFO - Started process (PID=1412) to work on /opt/airflow/dags/netflix_dag.py
[2026-09-07T04:25:20.221+0000] {processor.py:830} INFO - Processing file /opt/airflow/dags/netflix_dag.py for tasks to queue
[2026-09-07T04:25:20.228+0000] {logging_mixin.py:188} INFO - [2026-09-07T04:25:20.227+0000] {dagbag.py:545} INFO - Filling up the DagBag from /opt/airflow/dags/netflix_dag.py
[2026-09-07T04:25:20.282+0000] {processor.py:840} INFO - DAG(s) 'netflix_etl_pipeline' retrieved from /opt/airflow/dags/netflix_dag.py
[2026-09-07T04:25:20.733+0000] {logging_mixin.py:188} INFO - [2026-09-07T04:25:20.732+0000] {dag.py:3089} INFO - Sync 1 DAGs
[2026-09-07T04:25:21.042+0000] {logging_mixin.py:188} INFO - [2026-09-07T04:25:21.042+0000] {dag.py:3947} INFO - Setting next_dagrun for netflix_etl_pipeline to 2026-09-06 00:00:00+00:00, run_after=2026-09-07 00:00:00+00:00
[2026-09-07T04:25:21.363+0000] {processor.py:183} INFO - Processing /opt/airflow/dags/netflix_dag.py took 1.170 seconds
[2026-09-07T04:25:52.882+0000] {processor.py:161} INFO - Started process (PID=1423) to work on /opt/airflow/dags/netflix_dag.py
[2026-09-07T04:25:52.913+0000] {processor.py:830} INFO - Processing file /opt/airflow/dags/netflix_dag.py for tasks to queue
[2026-09-07T04:25:52.972+0000] {logging_mixin.py:188} INFO - [2026-09-07T04:25:52.971+0000] {dagbag.py:545} INFO - Filling up the DagBag from /opt/airflow/dags/netflix_dag.py
[2026-09-07T04:25:53.704+0000] {processor.py:840} INFO - DAG(s) 'netflix_etl_pipeline' retrieved from /opt/airflow/dags/netflix_dag.py
[2026-09-07T04:25:54.004+0000] {logging_mixin.py:188} INFO - [2026-09-07T04:25:53.993+0000] {dag.py:3089} INFO - Sync 1 DAGs
[2026-09-07T04:25:54.165+0000] {logging_mixin.py:188} INFO - [2026-09-07T04:25:54.165+0000] {dag.py:3947} INFO - Setting next_dagrun for netflix_etl_pipeline to 2026-09-06 00:00:00+00:00, run_after=2026-09-07 00:00:00+00:00
[2026-09-07T04:25:54.443+0000] {processor.py:183} INFO - Processing /opt/airflow/dags/netflix_dag.py took 1.599 seconds
[2026-09-07T04:26:26.588+0000] {processor.py:161} INFO - Started process (PID=1440) to work on /opt/airflow/dags/netflix_dag.py
[2026-09-07T04:26:26.633+0000] {processor.py:830} INFO - Processing file /opt/airflow/dags/netflix_dag.py for tasks to queue
[2026-09-07T04:26:26.690+0000] {logging_mixin.py:188} INFO - [2026-09-07T04:26:26.689+0000] {dagbag.py:545} INFO - Filling up the DagBag from /opt/airflow/dags/netflix_dag.py
[2026-09-07T04:26:27.977+0000] {processor.py:840} INFO - DAG(s) 'netflix_etl_pipeline' retrieved from /opt/airflow/dags/netflix_dag.py
[2026-09-07T04:26:28.278+0000] {logging_mixin.py:188} INFO - [2026-09-07T04:26:28.277+0000] {dag.py:3089} INFO - Sync 1 DAGs
[2026-09-07T04:26:28.503+0000] {logging_mixin.py:188} INFO - [2026-09-07T04:26:28.503+0000] {dag.py:3947} INFO - Setting next_dagrun for netflix_etl_pipeline to 2026-09-06 00:00:00+00:00, run_after=2026-09-07 00:00:00+00:00
[2026-09-07T04:26:28.837+0000] {processor.py:183} INFO - Processing /opt/airflow/dags/netflix_dag.py took 2.289 seconds
[2026-09-07T04:27:01.557+0000] {processor.py:161} INFO - Started process (PID=1451) to work on /opt/airflow/dags/netflix_dag.py
[2026-09-07T04:27:01.606+0000] {processor.py:830} INFO - Processing file /opt/airflow/dags/netflix_dag.py for tasks to queue
[2026-09-07T04:27:01.670+0000] {logging_mixin.py:188} INFO - [2026-09-07T04:27:01.669+0000] {dagbag.py:545} INFO - Filling up the DagBag from /opt/airflow/dags/netflix_dag.py
[2026-09-07T04:27:02.850+0000] {processor.py:840} INFO - DAG(s) 'netflix_etl_pipeline' retrieved from /opt/airflow/dags/netflix_dag.py
[2026-09-07T04:27:03.101+0000] {logging_mixin.py:188} INFO - [2026-09-07T04:27:03.100+0000] {dag.py:3089} INFO - Sync 1 DAGs
[2026-09-07T04:27:03.225+0000] {logging_mixin.py:188} INFO - [2026-09-07T04:27:03.225+0000] {dag.py:3947} INFO - Setting next_dagrun for netflix_etl_pipeline to 2026-09-06 00:00:00+00:00, run_after=2026-09-07 00:00:00+00:00
[2026-09-07T04:27:03.307+0000] {processor.py:183} INFO - Processing /opt/airflow/dags/netflix_dag.py took 1.816 seconds
[2026-09-07T04:27:34.604+0000] {processor.py:161} INFO - Started process (PID=1462) to work on /opt/airflow/dags/netflix_dag.py
[2026-09-07T04:27:34.608+0000] {processor.py:830} INFO - Processing file /opt/airflow/dags/netflix_dag.py for tasks to queue
[2026-09-07T04:27:34.624+0000] {logging_mixin.py:188} INFO - [2026-09-07T04:27:34.622+0000] {dagbag.py:545} INFO - Filling up the DagBag from /opt/airflow/dags/netflix_dag.py
[2026-09-07T04:27:34.708+0000] {processor.py:840} INFO - DAG(s) 'netflix_etl_pipeline' retrieved from /opt/airflow/dags/netflix_dag.py
[2026-09-07T04:27:34.817+0000] {logging_mixin.py:188} INFO - [2026-09-07T04:27:34.817+0000] {dag.py:3089} INFO - Sync 1 DAGs
[2026-09-07T04:27:34.897+0000] {logging_mixin.py:188} INFO - [2026-09-07T04:27:34.897+0000] {dag.py:3947} INFO - Setting next_dagrun for netflix_etl_pipeline to 2026-09-06 00:00:00+00:00, run_after=2026-09-07 00:00:00+00:00
[2026-09-07T04:27:34.971+0000] {processor.py:183} INFO - Processing /opt/airflow/dags/netflix_dag.py took 0.407 seconds
[2026-09-07T04:28:05.266+0000] {processor.py:161} INFO - Started process (PID=1474) to work on /opt/airflow/dags/netflix_dag.py
[2026-09-07T04:28:05.269+0000] {processor.py:830} INFO - Processing file /opt/airflow/dags/netflix_dag.py for tasks to queue
[2026-09-07T04:28:05.275+0000] {logging_mixin.py:188} INFO - [2026-09-07T04:28:05.274+0000] {dagbag.py:545} INFO - Filling up the DagBag from /opt/airflow/dags/netflix_dag.py
[2026-09-07T04:28:05.355+0000] {processor.py:840} INFO - DAG(s) 'netflix_etl_pipeline' retrieved from /opt/airflow/dags/netflix_dag.py
[2026-09-07T04:28:05.603+0000] {logging_mixin.py:188} INFO - [2026-09-07T04:28:05.603+0000] {dag.py:3089} INFO - Sync 1 DAGs
[2026-09-07T04:28:05.871+0000] {logging_mixin.py:188} INFO - [2026-09-07T04:28:05.870+0000] {dag.py:3947} INFO - Setting next_dagrun for netflix_etl_pipeline to 2026-09-06 00:00:00+00:00, run_after=2026-09-07 00:00:00+00:00
[2026-09-07T04:28:06.080+0000] {processor.py:183} INFO - Processing /opt/airflow/dags/netflix_dag.py took 0.835 seconds
[2026-09-07T04:28:36.712+0000] {processor.py:161} INFO - Started process (PID=1485) to work on /opt/airflow/dags/netflix_dag.py
[2026-09-07T04:28:36.715+0000] {processor.py:830} INFO - Processing file /opt/airflow/dags/netflix_dag.py for tasks to queue
[2026-09-07T04:28:36.720+0000] {logging_mixin.py:188} INFO - [2026-09-07T04:28:36.719+0000] {dagbag.py:545} INFO - Filling up the DagBag from /opt/airflow/dags/netflix_dag.py
[2026-09-07T04:28:36.762+0000] {processor.py:840} INFO - DAG(s) 'netflix_etl_pipeline' retrieved from /opt/airflow/dags/netflix_dag.py
[2026-09-07T04:28:36.834+0000] {logging_mixin.py:188} INFO - [2026-09-07T04:28:36.834+0000] {dag.py:3089} INFO - Sync 1 DAGs
[2026-09-07T04:28:36.947+0000] {logging_mixin.py:188} INFO - [2026-09-07T04:28:36.936+0000] {dag.py:3947} INFO - Setting next_dagrun for netflix_etl_pipeline to 2026-09-06 00:00:00+00:00, run_after=2026-09-07 00:00:00+00:00
[2026-09-07T04:28:37.196+0000] {processor.py:183} INFO - Processing /opt/airflow/dags/netflix_dag.py took 0.498 seconds
[2026-09-07T04:29:08.869+0000] {processor.py:161} INFO - Started process (PID=1496) to work on /opt/airflow/dags/netflix_dag.py
[2026-09-07T04:29:08.872+0000] {processor.py:830} INFO - Processing file /opt/airflow/dags/netflix_dag.py for tasks to queue
[2026-09-07T04:29:08.879+0000] {logging_mixin.py:188} INFO - [2026-09-07T04:29:08.878+0000] {dagbag.py:545} INFO - Filling up the DagBag from /opt/airflow/dags/netflix_dag.py
[2026-09-07T04:29:08.976+0000] {processor.py:840} INFO - DAG(s) 'netflix_etl_pipeline' retrieved from /opt/airflow/dags/netflix_dag.py
[2026-09-07T04:29:09.109+0000] {logging_mixin.py:188} INFO - [2026-09-07T04:29:09.108+0000] {dag.py:3089} INFO - Sync 1 DAGs
[2026-09-07T04:29:09.182+0000] {logging_mixin.py:188} INFO - [2026-09-07T04:29:09.181+0000] {dag.py:3947} INFO - Setting next_dagrun for netflix_etl_pipeline to 2026-09-06 00:00:00+00:00, run_after=2026-09-07 00:00:00+00:00
[2026-09-07T04:29:09.236+0000] {processor.py:183} INFO - Processing /opt/airflow/dags/netflix_dag.py took 0.405 seconds
[2026-09-07T04:29:40.847+0000] {processor.py:161} INFO - Started process (PID=1507) to work on /opt/airflow/dags/netflix_dag.py
[2026-09-07T04:29:40.887+0000] {processor.py:830} INFO - Processing file /opt/airflow/dags/netflix_dag.py for tasks to queue
[2026-09-07T04:29:40.926+0000] {logging_mixin.py:188} INFO - [2026-09-07T04:29:40.925+0000] {dagbag.py:545} INFO - Filling up the DagBag from /opt/airflow/dags/netflix_dag.py
[2026-09-07T04:29:41.077+0000] {processor.py:840} INFO - DAG(s) 'netflix_etl_pipeline' retrieved from /opt/airflow/dags/netflix_dag.py
[2026-09-07T04:29:41.239+0000] {logging_mixin.py:188} INFO - [2026-09-07T04:29:41.238+0000] {dag.py:3089} INFO - Sync 1 DAGs
[2026-09-07T04:29:41.477+0000] {logging_mixin.py:188} INFO - [2026-09-07T04:29:41.477+0000] {dag.py:3947} INFO - Setting next_dagrun for netflix_etl_pipeline to 2026-09-06 00:00:00+00:00, run_after=2026-09-07 00:00:00+00:00
[2026-09-07T04:29:41.723+0000] {processor.py:183} INFO - Processing /opt/airflow/dags/netflix_dag.py took 0.914 seconds
[2026-09-07T04:30:13.239+0000] {processor.py:161} INFO - Started process (PID=1518) to work on /opt/airflow/dags/netflix_dag.py
[2026-09-07T04:30:13.316+0000] {processor.py:830} INFO - Processing file /opt/airflow/dags/netflix_dag.py for tasks to queue
[2026-09-07T04:30:13.362+0000] {logging_mixin.py:188} INFO - [2026-09-07T04:30:13.361+0000] {dagbag.py:545} INFO - Filling up the DagBag from /opt/airflow/dags/netflix_dag.py
[2026-09-07T04:30:14.439+0000] {processor.py:840} INFO - DAG(s) 'netflix_etl_pipeline' retrieved from /opt/airflow/dags/netflix_dag.py
[2026-09-07T04:30:14.702+0000] {logging_mixin.py:188} INFO - [2026-09-07T04:30:14.701+0000] {dag.py:3089} INFO - Sync 1 DAGs
[2026-09-07T04:30:14.950+0000] {logging_mixin.py:188} INFO - [2026-09-07T04:30:14.949+0000] {dag.py:3947} INFO - Setting next_dagrun for netflix_etl_pipeline to 2026-09-06 00:00:00+00:00, run_after=2026-09-07 00:00:00+00:00
[2026-09-07T04:30:15.109+0000] {processor.py:183} INFO - Processing /opt/airflow/dags/netflix_dag.py took 1.907 seconds
[2026-09-07T04:30:45.568+0000] {processor.py:161} INFO - Started process (PID=1529) to work on /opt/airflow/dags/netflix_dag.py
[2026-09-07T04:30:45.572+0000] {processor.py:830} INFO - Processing file /opt/airflow/dags/netflix_dag.py for tasks to queue
[2026-09-07T04:30:45.577+0000] {logging_mixin.py:188} INFO - [2026-09-07T04:30:45.576+0000] {dagbag.py:545} INFO - Filling up the DagBag from /opt/airflow/dags/netflix_dag.py
[2026-09-07T04:30:45.644+0000] {processor.py:840} INFO - DAG(s) 'netflix_etl_pipeline' retrieved from /opt/airflow/dags/netflix_dag.py
[2026-09-07T04:30:46.000+0000] {logging_mixin.py:188} INFO - [2026-09-07T04:30:46.000+0000] {dag.py:3089} INFO - Sync 1 DAGs
[2026-09-07T04:30:46.222+0000] {logging_mixin.py:188} INFO - [2026-09-07T04:30:46.221+0000] {dag.py:3947} INFO - Setting next_dagrun for netflix_etl_pipeline to 2026-09-06 00:00:00+00:00, run_after=2026-09-07 00:00:00+00:00
[2026-09-07T04:30:46.443+0000] {processor.py:183} INFO - Processing /opt/airflow/dags/netflix_dag.py took 0.908 seconds
[2026-09-07T04:31:17.415+0000] {processor.py:161} INFO - Started process (PID=1540) to work on /opt/airflow/dags/netflix_dag.py
[2026-09-07T04:31:17.419+0000] {processor.py:830} INFO - Processing file /opt/airflow/dags/netflix_dag.py for tasks to queue
[2026-09-07T04:31:17.426+0000] {logging_mixin.py:188} INFO - [2026-09-07T04:31:17.425+0000] {dagbag.py:545} INFO - Filling up the DagBag from /opt/airflow/dags/netflix_dag.py
[2026-09-07T04:31:17.499+0000] {processor.py:840} INFO - DAG(s) 'netflix_etl_pipeline' retrieved from /opt/airflow/dags/netflix_dag.py
[2026-09-07T04:31:17.770+0000] {logging_mixin.py:188} INFO - [2026-09-07T04:31:17.769+0000] {dag.py:3089} INFO - Sync 1 DAGs
[2026-09-07T04:31:18.046+0000] {logging_mixin.py:188} INFO - [2026-09-07T04:31:18.046+0000] {dag.py:3947} INFO - Setting next_dagrun for netflix_etl_pipeline to 2026-09-06 00:00:00+00:00, run_after=2026-09-07 00:00:00+00:00
[2026-09-07T04:31:18.298+0000] {processor.py:183} INFO - Processing /opt/airflow/dags/netflix_dag.py took 0.913 seconds
[2026-09-07T04:31:49.965+0000] {processor.py:161} INFO - Started process (PID=1551) to work on /opt/airflow/dags/netflix_dag.py
[2026-09-07T04:31:49.969+0000] {processor.py:830} INFO - Processing file /opt/airflow/dags/netflix_dag.py for tasks to queue
[2026-09-07T04:31:49.981+0000] {logging_mixin.py:188} INFO - [2026-09-07T04:31:49.980+0000] {dagbag.py:545} INFO - Filling up the DagBag from /opt/airflow/dags/netflix_dag.py
[2026-09-07T04:31:50.069+0000] {processor.py:840} INFO - DAG(s) 'netflix_etl_pipeline' retrieved from /opt/airflow/dags/netflix_dag.py
[2026-09-07T04:31:50.241+0000] {logging_mixin.py:188} INFO - [2026-09-07T04:31:50.240+0000] {dag.py:3089} INFO - Sync 1 DAGs
[2026-09-07T04:31:50.437+0000] {logging_mixin.py:188} INFO - [2026-09-07T04:31:50.427+0000] {dag.py:3947} INFO - Setting next_dagrun for netflix_etl_pipeline to 2026-09-06 00:00:00+00:00, run_after=2026-09-07 00:00:00+00:00
[2026-09-07T04:31:50.661+0000] {processor.py:183} INFO - Processing /opt/airflow/dags/netflix_dag.py took 0.730 seconds
[2026-09-07T04:32:21.264+0000] {processor.py:161} INFO - Started process (PID=1562) to work on /opt/airflow/dags/netflix_dag.py
[2026-09-07T04:32:21.268+0000] {processor.py:830} INFO - Processing file /opt/airflow/dags/netflix_dag.py for tasks to queue
[2026-09-07T04:32:21.275+0000] {logging_mixin.py:188} INFO - [2026-09-07T04:32:21.274+0000] {dagbag.py:545} INFO - Filling up the DagBag from /opt/airflow/dags/netflix_dag.py
[2026-09-07T04:32:21.968+0000] {processor.py:840} INFO - DAG(s) 'netflix_etl_pipeline' retrieved from /opt/airflow/dags/netflix_dag.py
[2026-09-07T04:32:22.298+0000] {logging_mixin.py:188} INFO - [2026-09-07T04:32:22.297+0000] {dag.py:3089} INFO - Sync 1 DAGs
[2026-09-07T04:32:22.446+0000] {logging_mixin.py:188} INFO - [2026-09-07T04:32:22.446+0000] {dag.py:3947} INFO - Setting next_dagrun for netflix_etl_pipeline to 2026-09-06 00:00:00+00:00, run_after=2026-09-07 00:00:00+00:00
[2026-09-07T04:32:22.680+0000] {processor.py:183} INFO - Processing /opt/airflow/dags/netflix_dag.py took 1.442 seconds
[2026-09-07T04:32:53.695+0000] {processor.py:161} INFO - Started process (PID=1573) to work on /opt/airflow/dags/netflix_dag.py
[2026-09-07T04:32:53.732+0000] {processor.py:830} INFO - Processing file /opt/airflow/dags/netflix_dag.py for tasks to queue
[2026-09-07T04:32:53.766+0000] {logging_mixin.py:188} INFO - [2026-09-07T04:32:53.765+0000] {dagbag.py:545} INFO - Filling up the DagBag from /opt/airflow/dags/netflix_dag.py
[2026-09-07T04:32:54.280+0000] {processor.py:840} INFO - DAG(s) 'netflix_etl_pipeline' retrieved from /opt/airflow/dags/netflix_dag.py
[2026-09-07T04:32:54.450+0000] {logging_mixin.py:188} INFO - [2026-09-07T04:32:54.450+0000] {dag.py:3089} INFO - Sync 1 DAGs
[2026-09-07T04:32:54.517+0000] {logging_mixin.py:188} INFO - [2026-09-07T04:32:54.517+0000] {dag.py:3947} INFO - Setting next_dagrun for netflix_etl_pipeline to 2026-09-06 00:00:00+00:00, run_after=2026-09-07 00:00:00+00:00
[2026-09-07T04:32:54.565+0000] {processor.py:183} INFO - Processing /opt/airflow/dags/netflix_dag.py took 0.897 seconds
[2026-09-07T04:33:26.015+0000] {processor.py:161} INFO - Started process (PID=1584) to work on /opt/airflow/dags/netflix_dag.py
[2026-09-07T04:33:26.050+0000] {processor.py:830} INFO - Processing file /opt/airflow/dags/netflix_dag.py for tasks to queue
[2026-09-07T04:33:26.085+0000] {logging_mixin.py:188} INFO - [2026-09-07T04:33:26.083+0000] {dagbag.py:545} INFO - Filling up the DagBag from /opt/airflow/dags/netflix_dag.py
[2026-09-07T04:33:26.851+0000] {processor.py:840} INFO - DAG(s) 'netflix_etl_pipeline' retrieved from /opt/airflow/dags/netflix_dag.py
[2026-09-07T04:33:27.094+0000] {logging_mixin.py:188} INFO - [2026-09-07T04:33:27.093+0000] {dag.py:3089} INFO - Sync 1 DAGs
[2026-09-07T04:33:27.266+0000] {logging_mixin.py:188} INFO - [2026-09-07T04:33:27.265+0000] {dag.py:3947} INFO - Setting next_dagrun for netflix_etl_pipeline to 2026-09-06 00:00:00+00:00, run_after=2026-09-07 00:00:00+00:00
[2026-09-07T04:33:27.493+0000] {processor.py:183} INFO - Processing /opt/airflow/dags/netflix_dag.py took 1.516 seconds
[2026-09-07T04:33:59.360+0000] {processor.py:161} INFO - Started process (PID=1601) to work on /opt/airflow/dags/netflix_dag.py
[2026-09-07T04:33:59.400+0000] {processor.py:830} INFO - Processing file /opt/airflow/dags/netflix_dag.py for tasks to queue
[2026-09-07T04:33:59.435+0000] {logging_mixin.py:188} INFO - [2026-09-07T04:33:59.434+0000] {dagbag.py:545} INFO - Filling up the DagBag from /opt/airflow/dags/netflix_dag.py
[2026-09-07T04:34:00.095+0000] {processor.py:840} INFO - DAG(s) 'netflix_etl_pipeline' retrieved from /opt/airflow/dags/netflix_dag.py
[2026-09-07T04:34:00.329+0000] {logging_mixin.py:188} INFO - [2026-09-07T04:34:00.329+0000] {dag.py:3089} INFO - Sync 1 DAGs
[2026-09-07T04:34:00.505+0000] {logging_mixin.py:188} INFO - [2026-09-07T04:34:00.505+0000] {dag.py:3947} INFO - Setting next_dagrun for netflix_etl_pipeline to 2026-09-06 00:00:00+00:00, run_after=2026-09-07 00:00:00+00:00
[2026-09-07T04:34:00.664+0000] {processor.py:183} INFO - Processing /opt/airflow/dags/netflix_dag.py took 1.344 seconds
[2026-09-07T04:34:31.110+0000] {processor.py:161} INFO - Started process (PID=1613) to work on /opt/airflow/dags/netflix_dag.py
[2026-09-07T04:34:31.115+0000] {processor.py:830} INFO - Processing file /opt/airflow/dags/netflix_dag.py for tasks to queue
[2026-09-07T04:34:31.123+0000] {logging_mixin.py:188} INFO - [2026-09-07T04:34:31.122+0000] {dagbag.py:545} INFO - Filling up the DagBag from /opt/airflow/dags/netflix_dag.py
[2026-09-07T04:34:31.190+0000] {processor.py:840} INFO - DAG(s) 'netflix_etl_pipeline' retrieved from /opt/airflow/dags/netflix_dag.py
[2026-09-07T04:34:31.334+0000] {logging_mixin.py:188} INFO - [2026-09-07T04:34:31.324+0000] {dag.py:3089} INFO - Sync 1 DAGs
[2026-09-07T04:34:31.519+0000] {logging_mixin.py:188} INFO - [2026-09-07T04:34:31.518+0000] {dag.py:3947} INFO - Setting next_dagrun for netflix_etl_pipeline to 2026-09-06 00:00:00+00:00, run_after=2026-09-07 00:00:00+00:00
[2026-09-07T04:34:31.703+0000] {processor.py:183} INFO - Processing /opt/airflow/dags/netflix_dag.py took 0.621 seconds
[2026-09-07T04:35:02.186+0000] {processor.py:161} INFO - Started process (PID=1624) to work on /opt/airflow/dags/netflix_dag.py
[2026-09-07T04:35:02.190+0000] {processor.py:830} INFO - Processing file /opt/airflow/dags/netflix_dag.py for tasks to queue
[2026-09-07T04:35:02.216+0000] {logging_mixin.py:188} INFO - [2026-09-07T04:35:02.205+0000] {dagbag.py:545} INFO - Filling up the DagBag from /opt/airflow/dags/netflix_dag.py
[2026-09-07T04:35:02.344+0000] {processor.py:840} INFO - DAG(s) 'netflix_etl_pipeline' retrieved from /opt/airflow/dags/netflix_dag.py
[2026-09-07T04:35:02.615+0000] {logging_mixin.py:188} INFO - [2026-09-07T04:35:02.614+0000] {dag.py:3089} INFO - Sync 1 DAGs
[2026-09-07T04:35:02.849+0000] {logging_mixin.py:188} INFO - [2026-09-07T04:35:02.838+0000] {dag.py:3947} INFO - Setting next_dagrun for netflix_etl_pipeline to 2026-09-06 00:00:00+00:00, run_after=2026-09-07 00:00:00+00:00
[2026-09-07T04:35:03.064+0000] {processor.py:183} INFO - Processing /opt/airflow/dags/netflix_dag.py took 0.929 seconds
[2026-09-07T04:35:34.549+0000] {processor.py:161} INFO - Started process (PID=1635) to work on /opt/airflow/dags/netflix_dag.py
[2026-09-07T04:35:34.570+0000] {processor.py:830} INFO - Processing file /opt/airflow/dags/netflix_dag.py for tasks to queue
[2026-09-07T04:35:34.592+0000] {logging_mixin.py:188} INFO - [2026-09-07T04:35:34.591+0000] {dagbag.py:545} INFO - Filling up the DagBag from /opt/airflow/dags/netflix_dag.py
[2026-09-07T04:35:35.269+0000] {processor.py:840} INFO - DAG(s) 'netflix_etl_pipeline' retrieved from /opt/airflow/dags/netflix_dag.py
[2026-09-07T04:35:35.536+0000] {logging_mixin.py:188} INFO - [2026-09-07T04:35:35.536+0000] {dag.py:3089} INFO - Sync 1 DAGs
[2026-09-07T04:35:35.710+0000] {logging_mixin.py:188} INFO - [2026-09-07T04:35:35.710+0000] {dag.py:3947} INFO - Setting next_dagrun for netflix_etl_pipeline to 2026-09-06 00:00:00+00:00, run_after=2026-09-07 00:00:00+00:00
[2026-09-07T04:35:35.926+0000] {processor.py:183} INFO - Processing /opt/airflow/dags/netflix_dag.py took 1.418 seconds
[2026-09-07T04:36:07.437+0000] {processor.py:161} INFO - Started process (PID=1646) to work on /opt/airflow/dags/netflix_dag.py
[2026-09-07T04:36:07.441+0000] {processor.py:830} INFO - Processing file /opt/airflow/dags/netflix_dag.py for tasks to queue
[2026-09-07T04:36:07.464+0000] {logging_mixin.py:188} INFO - [2026-09-07T04:36:07.463+0000] {dagbag.py:545} INFO - Filling up the DagBag from /opt/airflow/dags/netflix_dag.py
[2026-09-07T04:36:07.561+0000] {processor.py:840} INFO - DAG(s) 'netflix_etl_pipeline' retrieved from /opt/airflow/dags/netflix_dag.py
[2026-09-07T04:36:07.819+0000] {logging_mixin.py:188} INFO - [2026-09-07T04:36:07.818+0000] {dag.py:3089} INFO - Sync 1 DAGs
[2026-09-07T04:36:08.022+0000] {logging_mixin.py:188} INFO - [2026-09-07T04:36:08.022+0000] {dag.py:3947} INFO - Setting next_dagrun for netflix_etl_pipeline to 2026-09-06 00:00:00+00:00, run_after=2026-09-07 00:00:00+00:00
[2026-09-07T04:36:08.191+0000] {processor.py:183} INFO - Processing /opt/airflow/dags/netflix_dag.py took 0.799 seconds
[2026-09-07T04:36:39.475+0000] {processor.py:161} INFO - Started process (PID=1657) to work on /opt/airflow/dags/netflix_dag.py
[2026-09-07T04:36:39.509+0000] {processor.py:830} INFO - Processing file /opt/airflow/dags/netflix_dag.py for tasks to queue
[2026-09-07T04:36:39.544+0000] {logging_mixin.py:188} INFO - [2026-09-07T04:36:39.543+0000] {dagbag.py:545} INFO - Filling up the DagBag from /opt/airflow/dags/netflix_dag.py
[2026-09-07T04:36:40.213+0000] {processor.py:840} INFO - DAG(s) 'netflix_etl_pipeline' retrieved from /opt/airflow/dags/netflix_dag.py
[2026-09-07T04:36:40.470+0000] {logging_mixin.py:188} INFO - [2026-09-07T04:36:40.469+0000] {dag.py:3089} INFO - Sync 1 DAGs
[2026-09-07T04:36:40.650+0000] {logging_mixin.py:188} INFO - [2026-09-07T04:36:40.649+0000] {dag.py:3947} INFO - Setting next_dagrun for netflix_etl_pipeline to 2026-09-06 00:00:00+00:00, run_after=2026-09-07 00:00:00+00:00
[2026-09-07T04:36:40.815+0000] {processor.py:183} INFO - Processing /opt/airflow/dags/netflix_dag.py took 1.369 seconds
[2026-09-07T04:37:12.819+0000] {processor.py:161} INFO - Started process (PID=1668) to work on /opt/airflow/dags/netflix_dag.py
[2026-09-07T04:37:12.853+0000] {processor.py:830} INFO - Processing file /opt/airflow/dags/netflix_dag.py for tasks to queue
[2026-09-07T04:37:12.940+0000] {logging_mixin.py:188} INFO - [2026-09-07T04:37:12.939+0000] {dagbag.py:545} INFO - Filling up the DagBag from /opt/airflow/dags/netflix_dag.py
[2026-09-07T04:37:13.660+0000] {processor.py:840} INFO - DAG(s) 'netflix_etl_pipeline' retrieved from /opt/airflow/dags/netflix_dag.py
[2026-09-07T04:37:13.949+0000] {logging_mixin.py:188} INFO - [2026-09-07T04:37:13.949+0000] {dag.py:3089} INFO - Sync 1 DAGs
[2026-09-07T04:37:14.150+0000] {logging_mixin.py:188} INFO - [2026-09-07T04:37:14.150+0000] {dag.py:3947} INFO - Setting next_dagrun for netflix_etl_pipeline to 2026-09-06 00:00:00+00:00, run_after=2026-09-07 00:00:00+00:00
[2026-09-07T04:37:14.324+0000] {processor.py:183} INFO - Processing /opt/airflow/dags/netflix_dag.py took 1.533 seconds
[2026-09-07T04:37:45.182+0000] {processor.py:161} INFO - Started process (PID=1679) to work on /opt/airflow/dags/netflix_dag.py
[2026-09-07T04:37:45.185+0000] {processor.py:830} INFO - Processing file /opt/airflow/dags/netflix_dag.py for tasks to queue
[2026-09-07T04:37:45.192+0000] {logging_mixin.py:188} INFO - [2026-09-07T04:37:45.191+0000] {dagbag.py:545} INFO - Filling up the DagBag from /opt/airflow/dags/netflix_dag.py
[2026-09-07T04:37:45.248+0000] {processor.py:840} INFO - DAG(s) 'netflix_etl_pipeline' retrieved from /opt/airflow/dags/netflix_dag.py
[2026-09-07T04:37:45.327+0000] {logging_mixin.py:188} INFO - [2026-09-07T04:37:45.327+0000] {dag.py:3089} INFO - Sync 1 DAGs
[2026-09-07T04:37:45.386+0000] {logging_mixin.py:188} INFO - [2026-09-07T04:37:45.386+0000] {dag.py:3947} INFO - Setting next_dagrun for netflix_etl_pipeline to 2026-09-06 00:00:00+00:00, run_after=2026-09-07 00:00:00+00:00
[2026-09-07T04:37:45.446+0000] {processor.py:183} INFO - Processing /opt/airflow/dags/netflix_dag.py took 0.280 seconds
[2026-09-07T04:38:15.544+0000] {processor.py:161} INFO - Started process (PID=1690) to work on /opt/airflow/dags/netflix_dag.py
[2026-09-07T04:38:15.609+0000] {processor.py:830} INFO - Processing file /opt/airflow/dags/netflix_dag.py for tasks to queue
[2026-09-07T04:38:15.617+0000] {logging_mixin.py:188} INFO - [2026-09-07T04:38:15.616+0000] {dagbag.py:545} INFO - Filling up the DagBag from /opt/airflow/dags/netflix_dag.py
[2026-09-07T04:38:16.707+0000] {processor.py:840} INFO - DAG(s) 'netflix_etl_pipeline' retrieved from /opt/airflow/dags/netflix_dag.py
[2026-09-07T04:38:17.355+0000] {logging_mixin.py:188} INFO - [2026-09-07T04:38:17.355+0000] {dag.py:3089} INFO - Sync 1 DAGs
[2026-09-07T04:38:17.572+0000] {logging_mixin.py:188} INFO - [2026-09-07T04:38:17.572+0000] {dag.py:3947} INFO - Setting next_dagrun for netflix_etl_pipeline to 2026-09-06 00:00:00+00:00, run_after=2026-09-07 00:00:00+00:00
[2026-09-07T04:38:19.020+0000] {processor.py:183} INFO - Processing /opt/airflow/dags/netflix_dag.py took 3.490 seconds
[2026-09-07T04:38:50.921+0000] {processor.py:161} INFO - Started process (PID=1701) to work on /opt/airflow/dags/netflix_dag.py
[2026-09-07T04:38:50.980+0000] {processor.py:830} INFO - Processing file /opt/airflow/dags/netflix_dag.py for tasks to queue
[2026-09-07T04:38:51.040+0000] {logging_mixin.py:188} INFO - [2026-09-07T04:38:51.039+0000] {dagbag.py:545} INFO - Filling up the DagBag from /opt/airflow/dags/netflix_dag.py
[2026-09-07T04:38:52.191+0000] {processor.py:840} INFO - DAG(s) 'netflix_etl_pipeline' retrieved from /opt/airflow/dags/netflix_dag.py
[2026-09-07T04:38:52.359+0000] {logging_mixin.py:188} INFO - [2026-09-07T04:38:52.359+0000] {dag.py:3089} INFO - Sync 1 DAGs
[2026-09-07T04:38:52.418+0000] {logging_mixin.py:188} INFO - [2026-09-07T04:38:52.418+0000] {dag.py:3947} INFO - Setting next_dagrun for netflix_etl_pipeline to 2026-09-06 00:00:00+00:00, run_after=2026-09-07 00:00:00+00:00
[2026-09-07T04:38:52.463+0000] {processor.py:183} INFO - Processing /opt/airflow/dags/netflix_dag.py took 1.579 seconds
[2026-09-07T04:39:23.738+0000] {processor.py:161} INFO - Started process (PID=1712) to work on /opt/airflow/dags/netflix_dag.py
[2026-09-07T04:39:23.776+0000] {processor.py:830} INFO - Processing file /opt/airflow/dags/netflix_dag.py for tasks to queue
[2026-09-07T04:39:23.821+0000] {logging_mixin.py:188} INFO - [2026-09-07T04:39:23.820+0000] {dagbag.py:545} INFO - Filling up the DagBag from /opt/airflow/dags/netflix_dag.py
[2026-09-07T04:39:24.717+0000] {processor.py:840} INFO - DAG(s) 'netflix_etl_pipeline' retrieved from /opt/airflow/dags/netflix_dag.py
[2026-09-07T04:39:24.877+0000] {logging_mixin.py:188} INFO - [2026-09-07T04:39:24.876+0000] {dag.py:3089} INFO - Sync 1 DAGs
[2026-09-07T04:39:25.020+0000] {logging_mixin.py:188} INFO - [2026-09-07T04:39:25.019+0000] {dag.py:3947} INFO - Setting next_dagrun for netflix_etl_pipeline to 2026-09-06 00:00:00+00:00, run_after=2026-09-07 00:00:00+00:00
[2026-09-07T04:39:25.210+0000] {processor.py:183} INFO - Processing /opt/airflow/dags/netflix_dag.py took 1.496 seconds
[2026-09-07T04:39:56.607+0000] {processor.py:161} INFO - Started process (PID=1723) to work on /opt/airflow/dags/netflix_dag.py
[2026-09-07T04:39:56.634+0000] {processor.py:830} INFO - Processing file /opt/airflow/dags/netflix_dag.py for tasks to queue
[2026-09-07T04:39:56.673+0000] {logging_mixin.py:188} INFO - [2026-09-07T04:39:56.672+0000] {dagbag.py:545} INFO - Filling up the DagBag from /opt/airflow/dags/netflix_dag.py
[2026-09-07T04:39:56.904+0000] {processor.py:840} INFO - DAG(s) 'netflix_etl_pipeline' retrieved from /opt/airflow/dags/netflix_dag.py
[2026-09-07T04:39:56.986+0000] {logging_mixin.py:188} INFO - [2026-09-07T04:39:56.985+0000] {dag.py:3089} INFO - Sync 1 DAGs
[2026-09-07T04:39:57.037+0000] {logging_mixin.py:188} INFO - [2026-09-07T04:39:57.036+0000] {dag.py:3947} INFO - Setting next_dagrun for netflix_etl_pipeline to 2026-09-06 00:00:00+00:00, run_after=2026-09-07 00:00:00+00:00
[2026-09-07T04:39:57.251+0000] {processor.py:183} INFO - Processing /opt/airflow/dags/netflix_dag.py took 0.677 seconds
[2026-09-07T04:40:28.528+0000] {processor.py:161} INFO - Started process (PID=1734) to work on /opt/airflow/dags/netflix_dag.py
[2026-09-07T04:40:28.535+0000] {processor.py:830} INFO - Processing file /opt/airflow/dags/netflix_dag.py for tasks to queue
[2026-09-07T04:40:28.545+0000] {logging_mixin.py:188} INFO - [2026-09-07T04:40:28.544+0000] {dagbag.py:545} INFO - Filling up the DagBag from /opt/airflow/dags/netflix_dag.py
[2026-09-07T04:40:28.616+0000] {processor.py:840} INFO - DAG(s) 'netflix_etl_pipeline' retrieved from /opt/airflow/dags/netflix_dag.py
[2026-09-07T04:40:28.714+0000] {logging_mixin.py:188} INFO - [2026-09-07T04:40:28.714+0000] {dag.py:3089} INFO - Sync 1 DAGs
[2026-09-07T04:40:28.784+0000] {logging_mixin.py:188} INFO - [2026-09-07T04:40:28.784+0000] {dag.py:3947} INFO - Setting next_dagrun for netflix_etl_pipeline to 2026-09-06 00:00:00+00:00, run_after=2026-09-07 00:00:00+00:00
[2026-09-07T04:40:28.825+0000] {processor.py:183} INFO - Processing /opt/airflow/dags/netflix_dag.py took 0.324 seconds
[2026-09-07T04:40:59.475+0000] {processor.py:161} INFO - Started process (PID=1745) to work on /opt/airflow/dags/netflix_dag.py
[2026-09-07T04:40:59.479+0000] {processor.py:830} INFO - Processing file /opt/airflow/dags/netflix_dag.py for tasks to queue
[2026-09-07T04:40:59.485+0000] {logging_mixin.py:188} INFO - [2026-09-07T04:40:59.484+0000] {dagbag.py:545} INFO - Filling up the DagBag from /opt/airflow/dags/netflix_dag.py
[2026-09-07T04:40:59.539+0000] {processor.py:840} INFO - DAG(s) 'netflix_etl_pipeline' retrieved from /opt/airflow/dags/netflix_dag.py
[2026-09-07T04:40:59.615+0000] {logging_mixin.py:188} INFO - [2026-09-07T04:40:59.614+0000] {dag.py:3089} INFO - Sync 1 DAGs
[2026-09-07T04:40:59.675+0000] {logging_mixin.py:188} INFO - [2026-09-07T04:40:59.674+0000] {dag.py:3947} INFO - Setting next_dagrun for netflix_etl_pipeline to 2026-09-06 00:00:00+00:00, run_after=2026-09-07 00:00:00+00:00
[2026-09-07T04:40:59.720+0000] {processor.py:183} INFO - Processing /opt/airflow/dags/netflix_dag.py took 0.263 seconds
[2026-09-07T04:41:31.152+0000] {processor.py:161} INFO - Started process (PID=1756) to work on /opt/airflow/dags/netflix_dag.py
[2026-09-07T04:41:31.190+0000] {processor.py:830} INFO - Processing file /opt/airflow/dags/netflix_dag.py for tasks to queue
[2026-09-07T04:41:31.222+0000] {logging_mixin.py:188} INFO - [2026-09-07T04:41:31.220+0000] {dagbag.py:545} INFO - Filling up the DagBag from /opt/airflow/dags/netflix_dag.py
[2026-09-07T04:41:31.923+0000] {processor.py:840} INFO - DAG(s) 'netflix_etl_pipeline' retrieved from /opt/airflow/dags/netflix_dag.py
[2026-09-07T04:41:32.049+0000] {logging_mixin.py:188} INFO - [2026-09-07T04:41:32.048+0000] {dag.py:3089} INFO - Sync 1 DAGs
[2026-09-07T04:41:32.119+0000] {logging_mixin.py:188} INFO - [2026-09-07T04:41:32.119+0000] {dag.py:3947} INFO - Setting next_dagrun for netflix_etl_pipeline to 2026-09-06 00:00:00+00:00, run_after=2026-09-07 00:00:00+00:00
[2026-09-07T04:41:32.325+0000] {processor.py:183} INFO - Processing /opt/airflow/dags/netflix_dag.py took 1.206 seconds
[2026-09-07T04:42:04.876+0000] {processor.py:161} INFO - Started process (PID=1773) to work on /opt/airflow/dags/netflix_dag.py
[2026-09-07T04:42:04.926+0000] {processor.py:830} INFO - Processing file /opt/airflow/dags/netflix_dag.py for tasks to queue
[2026-09-07T04:42:04.945+0000] {logging_mixin.py:188} INFO - [2026-09-07T04:42:04.944+0000] {dagbag.py:545} INFO - Filling up the DagBag from /opt/airflow/dags/netflix_dag.py
[2026-09-07T04:42:06.021+0000] {processor.py:840} INFO - DAG(s) 'netflix_etl_pipeline' retrieved from /opt/airflow/dags/netflix_dag.py
[2026-09-07T04:42:06.151+0000] {logging_mixin.py:188} INFO - [2026-09-07T04:42:06.149+0000] {dag.py:3089} INFO - Sync 1 DAGs
[2026-09-07T04:42:06.221+0000] {logging_mixin.py:188} INFO - [2026-09-07T04:42:06.221+0000] {dag.py:3947} INFO - Setting next_dagrun for netflix_etl_pipeline to 2026-09-06 00:00:00+00:00, run_after=2026-09-07 00:00:00+00:00
[2026-09-07T04:42:06.266+0000] {processor.py:183} INFO - Processing /opt/airflow/dags/netflix_dag.py took 1.430 seconds
[2026-09-07T04:42:37.262+0000] {processor.py:161} INFO - Started process (PID=1784) to work on /opt/airflow/dags/netflix_dag.py
[2026-09-07T04:42:37.292+0000] {processor.py:830} INFO - Processing file /opt/airflow/dags/netflix_dag.py for tasks to queue
[2026-09-07T04:42:37.317+0000] {logging_mixin.py:188} INFO - [2026-09-07T04:42:37.316+0000] {dagbag.py:545} INFO - Filling up the DagBag from /opt/airflow/dags/netflix_dag.py
[2026-09-07T04:42:38.089+0000] {processor.py:840} INFO - DAG(s) 'netflix_etl_pipeline' retrieved from /opt/airflow/dags/netflix_dag.py
[2026-09-07T04:42:38.389+0000] {logging_mixin.py:188} INFO - [2026-09-07T04:42:38.389+0000] {dag.py:3089} INFO - Sync 1 DAGs
[2026-09-07T04:42:38.572+0000] {logging_mixin.py:188} INFO - [2026-09-07T04:42:38.571+0000] {dag.py:3947} INFO - Setting next_dagrun for netflix_etl_pipeline to 2026-09-06 00:00:00+00:00, run_after=2026-09-07 00:00:00+00:00
[2026-09-07T04:42:38.846+0000] {processor.py:183} INFO - Processing /opt/airflow/dags/netflix_dag.py took 1.609 seconds
[2026-09-07T04:43:10.247+0000] {processor.py:161} INFO - Started process (PID=1795) to work on /opt/airflow/dags/netflix_dag.py
[2026-09-07T04:43:10.256+0000] {processor.py:830} INFO - Processing file /opt/airflow/dags/netflix_dag.py for tasks to queue
[2026-09-07T04:43:10.286+0000] {logging_mixin.py:188} INFO - [2026-09-07T04:43:10.285+0000] {dagbag.py:545} INFO - Filling up the DagBag from /opt/airflow/dags/netflix_dag.py
[2026-09-07T04:43:10.958+0000] {processor.py:840} INFO - DAG(s) 'netflix_etl_pipeline' retrieved from /opt/airflow/dags/netflix_dag.py
[2026-09-07T04:43:11.180+0000] {logging_mixin.py:188} INFO - [2026-09-07T04:43:11.180+0000] {dag.py:3089} INFO - Sync 1 DAGs
[2026-09-07T04:43:11.341+0000] {logging_mixin.py:188} INFO - [2026-09-07T04:43:11.340+0000] {dag.py:3947} INFO - Setting next_dagrun for netflix_etl_pipeline to 2026-09-06 00:00:00+00:00, run_after=2026-09-07 00:00:00+00:00
[2026-09-07T04:43:11.537+0000] {processor.py:183} INFO - Processing /opt/airflow/dags/netflix_dag.py took 1.315 seconds
[2026-09-07T04:43:42.344+0000] {processor.py:161} INFO - Started process (PID=1806) to work on /opt/airflow/dags/netflix_dag.py
[2026-09-07T04:43:42.347+0000] {processor.py:830} INFO - Processing file /opt/airflow/dags/netflix_dag.py for tasks to queue
[2026-09-07T04:43:42.353+0000] {logging_mixin.py:188} INFO - [2026-09-07T04:43:42.352+0000] {dagbag.py:545} INFO - Filling up the DagBag from /opt/airflow/dags/netflix_dag.py
[2026-09-07T04:43:42.397+0000] {processor.py:840} INFO - DAG(s) 'netflix_etl_pipeline' retrieved from /opt/airflow/dags/netflix_dag.py
[2026-09-07T04:43:42.475+0000] {logging_mixin.py:188} INFO - [2026-09-07T04:43:42.474+0000] {dag.py:3089} INFO - Sync 1 DAGs
[2026-09-07T04:43:42.661+0000] {logging_mixin.py:188} INFO - [2026-09-07T04:43:42.652+0000] {dag.py:3947} INFO - Setting next_dagrun for netflix_etl_pipeline to 2026-09-06 00:00:00+00:00, run_after=2026-09-07 00:00:00+00:00
[2026-09-07T04:43:42.899+0000] {processor.py:183} INFO - Processing /opt/airflow/dags/netflix_dag.py took 0.574 seconds
[2026-09-07T04:44:13.797+0000] {processor.py:161} INFO - Started process (PID=1817) to work on /opt/airflow/dags/netflix_dag.py
[2026-09-07T04:44:13.801+0000] {processor.py:830} INFO - Processing file /opt/airflow/dags/netflix_dag.py for tasks to queue
[2026-09-07T04:44:13.806+0000] {logging_mixin.py:188} INFO - [2026-09-07T04:44:13.806+0000] {dagbag.py:545} INFO - Filling up the DagBag from /opt/airflow/dags/netflix_dag.py
[2026-09-07T04:44:13.865+0000] {processor.py:840} INFO - DAG(s) 'netflix_etl_pipeline' retrieved from /opt/airflow/dags/netflix_dag.py
[2026-09-07T04:44:13.951+0000] {logging_mixin.py:188} INFO - [2026-09-07T04:44:13.951+0000] {dag.py:3089} INFO - Sync 1 DAGs
[2026-09-07T04:44:14.003+0000] {logging_mixin.py:188} INFO - [2026-09-07T04:44:14.002+0000] {dag.py:3947} INFO - Setting next_dagrun for netflix_etl_pipeline to 2026-09-06 00:00:00+00:00, run_after=2026-09-07 00:00:00+00:00
[2026-09-07T04:44:14.108+0000] {processor.py:183} INFO - Processing /opt/airflow/dags/netflix_dag.py took 0.325 seconds
[2026-09-07T04:44:45.183+0000] {processor.py:161} INFO - Started process (PID=1828) to work on /opt/airflow/dags/netflix_dag.py
[2026-09-07T04:44:45.187+0000] {processor.py:830} INFO - Processing file /opt/airflow/dags/netflix_dag.py for tasks to queue
[2026-09-07T04:44:45.200+0000] {logging_mixin.py:188} INFO - [2026-09-07T04:44:45.199+0000] {dagbag.py:545} INFO - Filling up the DagBag from /opt/airflow/dags/netflix_dag.py
[2026-09-07T04:44:45.253+0000] {processor.py:840} INFO - DAG(s) 'netflix_etl_pipeline' retrieved from /opt/airflow/dags/netflix_dag.py
[2026-09-07T04:44:45.349+0000] {logging_mixin.py:188} INFO - [2026-09-07T04:44:45.349+0000] {dag.py:3089} INFO - Sync 1 DAGs
[2026-09-07T04:44:45.416+0000] {logging_mixin.py:188} INFO - [2026-09-07T04:44:45.416+0000] {dag.py:3947} INFO - Setting next_dagrun for netflix_etl_pipeline to 2026-09-06 00:00:00+00:00, run_after=2026-09-07 00:00:00+00:00
[2026-09-07T04:44:45.529+0000] {processor.py:183} INFO - Processing /opt/airflow/dags/netflix_dag.py took 0.368 seconds
[2026-09-07T04:45:16.676+0000] {processor.py:161} INFO - Started process (PID=1839) to work on /opt/airflow/dags/netflix_dag.py
[2026-09-07T04:45:16.704+0000] {processor.py:830} INFO - Processing file /opt/airflow/dags/netflix_dag.py for tasks to queue
[2026-09-07T04:45:16.735+0000] {logging_mixin.py:188} INFO - [2026-09-07T04:45:16.734+0000] {dagbag.py:545} INFO - Filling up the DagBag from /opt/airflow/dags/netflix_dag.py
[2026-09-07T04:45:17.360+0000] {processor.py:840} INFO - DAG(s) 'netflix_etl_pipeline' retrieved from /opt/airflow/dags/netflix_dag.py
[2026-09-07T04:45:17.655+0000] {logging_mixin.py:188} INFO - [2026-09-07T04:45:17.655+0000] {dag.py:3089} INFO - Sync 1 DAGs
[2026-09-07T04:45:17.841+0000] {logging_mixin.py:188} INFO - [2026-09-07T04:45:17.840+0000] {dag.py:3947} INFO - Setting next_dagrun for netflix_etl_pipeline to 2026-09-06 00:00:00+00:00, run_after=2026-09-07 00:00:00+00:00
[2026-09-07T04:45:18.095+0000] {processor.py:183} INFO - Processing /opt/airflow/dags/netflix_dag.py took 1.453 seconds
[2026-09-07T04:45:49.425+0000] {processor.py:161} INFO - Started process (PID=1850) to work on /opt/airflow/dags/netflix_dag.py
[2026-09-07T04:45:49.458+0000] {processor.py:830} INFO - Processing file /opt/airflow/dags/netflix_dag.py for tasks to queue
[2026-09-07T04:45:49.478+0000] {logging_mixin.py:188} INFO - [2026-09-07T04:45:49.477+0000] {dagbag.py:545} INFO - Filling up the DagBag from /opt/airflow/dags/netflix_dag.py
[2026-09-07T04:45:50.501+0000] {processor.py:840} INFO - DAG(s) 'netflix_etl_pipeline' retrieved from /opt/airflow/dags/netflix_dag.py
[2026-09-07T04:45:50.675+0000] {logging_mixin.py:188} INFO - [2026-09-07T04:45:50.675+0000] {dag.py:3089} INFO - Sync 1 DAGs
[2026-09-07T04:45:50.818+0000] {logging_mixin.py:188} INFO - [2026-09-07T04:45:50.817+0000] {dag.py:3947} INFO - Setting next_dagrun for netflix_etl_pipeline to 2026-09-06 00:00:00+00:00, run_after=2026-09-07 00:00:00+00:00
[2026-09-07T04:45:51.114+0000] {processor.py:183} INFO - Processing /opt/airflow/dags/netflix_dag.py took 1.727 seconds
[2026-09-07T04:46:22.192+0000] {processor.py:161} INFO - Started process (PID=1862) to work on /opt/airflow/dags/netflix_dag.py
[2026-09-07T04:46:22.196+0000] {processor.py:830} INFO - Processing file /opt/airflow/dags/netflix_dag.py for tasks to queue
[2026-09-07T04:46:22.205+0000] {logging_mixin.py:188} INFO - [2026-09-07T04:46:22.204+0000] {dagbag.py:545} INFO - Filling up the DagBag from /opt/airflow/dags/netflix_dag.py
[2026-09-07T04:46:22.263+0000] {processor.py:840} INFO - DAG(s) 'netflix_etl_pipeline' retrieved from /opt/airflow/dags/netflix_dag.py
[2026-09-07T04:46:22.368+0000] {logging_mixin.py:188} INFO - [2026-09-07T04:46:22.367+0000] {dag.py:3089} INFO - Sync 1 DAGs
[2026-09-07T04:46:22.448+0000] {logging_mixin.py:188} INFO - [2026-09-07T04:46:22.447+0000] {dag.py:3947} INFO - Setting next_dagrun for netflix_etl_pipeline to 2026-09-06 00:00:00+00:00, run_after=2026-09-07 00:00:00+00:00
[2026-09-07T04:46:22.683+0000] {processor.py:183} INFO - Processing /opt/airflow/dags/netflix_dag.py took 0.516 seconds
[2026-09-07T04:46:54.694+0000] {processor.py:161} INFO - Started process (PID=1873) to work on /opt/airflow/dags/netflix_dag.py
[2026-09-07T04:46:54.726+0000] {processor.py:830} INFO - Processing file /opt/airflow/dags/netflix_dag.py for tasks to queue
[2026-09-07T04:46:54.750+0000] {logging_mixin.py:188} INFO - [2026-09-07T04:46:54.749+0000] {dagbag.py:545} INFO - Filling up the DagBag from /opt/airflow/dags/netflix_dag.py
[2026-09-07T04:46:55.607+0000] {processor.py:840} INFO - DAG(s) 'netflix_etl_pipeline' retrieved from /opt/airflow/dags/netflix_dag.py
[2026-09-07T04:46:55.796+0000] {logging_mixin.py:188} INFO - [2026-09-07T04:46:55.795+0000] {dag.py:3089} INFO - Sync 1 DAGs
[2026-09-07T04:46:55.998+0000] {logging_mixin.py:188} INFO - [2026-09-07T04:46:55.990+0000] {dag.py:3947} INFO - Setting next_dagrun for netflix_etl_pipeline to 2026-09-06 00:00:00+00:00, run_after=2026-09-07 00:00:00+00:00
[2026-09-07T04:46:56.271+0000] {processor.py:183} INFO - Processing /opt/airflow/dags/netflix_dag.py took 1.616 seconds
[2026-09-07T04:47:27.249+0000] {processor.py:161} INFO - Started process (PID=1884) to work on /opt/airflow/dags/netflix_dag.py
[2026-09-07T04:47:27.251+0000] {processor.py:830} INFO - Processing file /opt/airflow/dags/netflix_dag.py for tasks to queue
[2026-09-07T04:47:27.257+0000] {logging_mixin.py:188} INFO - [2026-09-07T04:47:27.256+0000] {dagbag.py:545} INFO - Filling up the DagBag from /opt/airflow/dags/netflix_dag.py
[2026-09-07T04:47:27.303+0000] {processor.py:840} INFO - DAG(s) 'netflix_etl_pipeline' retrieved from /opt/airflow/dags/netflix_dag.py
[2026-09-07T04:47:27.378+0000] {logging_mixin.py:188} INFO - [2026-09-07T04:47:27.377+0000] {dag.py:3089} INFO - Sync 1 DAGs
[2026-09-07T04:47:27.430+0000] {logging_mixin.py:188} INFO - [2026-09-07T04:47:27.430+0000] {dag.py:3947} INFO - Setting next_dagrun for netflix_etl_pipeline to 2026-09-06 00:00:00+00:00, run_after=2026-09-07 00:00:00+00:00
[2026-09-07T04:47:27.474+0000] {processor.py:183} INFO - Processing /opt/airflow/dags/netflix_dag.py took 0.240 seconds
[2026-09-07T04:47:58.576+0000] {processor.py:161} INFO - Started process (PID=1895) to work on /opt/airflow/dags/netflix_dag.py
[2026-09-07T04:47:58.579+0000] {processor.py:830} INFO - Processing file /opt/airflow/dags/netflix_dag.py for tasks to queue
[2026-09-07T04:47:58.596+0000] {logging_mixin.py:188} INFO - [2026-09-07T04:47:58.595+0000] {dagbag.py:545} INFO - Filling up the DagBag from /opt/airflow/dags/netflix_dag.py
[2026-09-07T04:47:58.691+0000] {processor.py:840} INFO - DAG(s) 'netflix_etl_pipeline' retrieved from /opt/airflow/dags/netflix_dag.py
[2026-09-07T04:47:59.018+0000] {logging_mixin.py:188} INFO - [2026-09-07T04:47:59.017+0000] {dag.py:3089} INFO - Sync 1 DAGs
[2026-09-07T04:47:59.237+0000] {logging_mixin.py:188} INFO - [2026-09-07T04:47:59.236+0000] {dag.py:3947} INFO - Setting next_dagrun for netflix_etl_pipeline to 2026-09-06 00:00:00+00:00, run_after=2026-09-07 00:00:00+00:00
[2026-09-07T04:47:59.482+0000] {processor.py:183} INFO - Processing /opt/airflow/dags/netflix_dag.py took 0.939 seconds
[2026-09-07T04:48:31.406+0000] {processor.py:161} INFO - Started process (PID=1906) to work on /opt/airflow/dags/netflix_dag.py
[2026-09-07T04:48:31.471+0000] {processor.py:830} INFO - Processing file /opt/airflow/dags/netflix_dag.py for tasks to queue
[2026-09-07T04:48:31.519+0000] {logging_mixin.py:188} INFO - [2026-09-07T04:48:31.518+0000] {dagbag.py:545} INFO - Filling up the DagBag from /opt/airflow/dags/netflix_dag.py
[2026-09-07T04:48:31.711+0000] {processor.py:840} INFO - DAG(s) 'netflix_etl_pipeline' retrieved from /opt/airflow/dags/netflix_dag.py
[2026-09-07T04:48:31.854+0000] {logging_mixin.py:188} INFO - [2026-09-07T04:48:31.854+0000] {dag.py:3089} INFO - Sync 1 DAGs
[2026-09-07T04:48:32.044+0000] {logging_mixin.py:188} INFO - [2026-09-07T04:48:32.044+0000] {dag.py:3947} INFO - Setting next_dagrun for netflix_etl_pipeline to 2026-09-06 00:00:00+00:00, run_after=2026-09-07 00:00:00+00:00
[2026-09-07T04:48:32.261+0000] {processor.py:183} INFO - Processing /opt/airflow/dags/netflix_dag.py took 0.886 seconds
[2026-09-07T04:49:03.202+0000] {processor.py:161} INFO - Started process (PID=1917) to work on /opt/airflow/dags/netflix_dag.py
[2026-09-07T04:49:03.227+0000] {processor.py:830} INFO - Processing file /opt/airflow/dags/netflix_dag.py for tasks to queue
[2026-09-07T04:49:03.264+0000] {logging_mixin.py:188} INFO - [2026-09-07T04:49:03.263+0000] {dagbag.py:545} INFO - Filling up the DagBag from /opt/airflow/dags/netflix_dag.py
[2026-09-07T04:49:03.379+0000] {processor.py:840} INFO - DAG(s) 'netflix_etl_pipeline' retrieved from /opt/airflow/dags/netflix_dag.py
[2026-09-07T04:49:03.548+0000] {logging_mixin.py:188} INFO - [2026-09-07T04:49:03.548+0000] {dag.py:3089} INFO - Sync 1 DAGs
[2026-09-07T04:49:03.640+0000] {logging_mixin.py:188} INFO - [2026-09-07T04:49:03.640+0000] {dag.py:3947} INFO - Setting next_dagrun for netflix_etl_pipeline to 2026-09-06 00:00:00+00:00, run_after=2026-09-07 00:00:00+00:00
[2026-09-07T04:49:03.801+0000] {processor.py:183} INFO - Processing /opt/airflow/dags/netflix_dag.py took 0.635 seconds
[2026-09-07T04:49:35.996+0000] {processor.py:161} INFO - Started process (PID=1928) to work on /opt/airflow/dags/netflix_dag.py
[2026-09-07T04:49:36.038+0000] {processor.py:830} INFO - Processing file /opt/airflow/dags/netflix_dag.py for tasks to queue
[2026-09-07T04:49:36.103+0000] {logging_mixin.py:188} INFO - [2026-09-07T04:49:36.101+0000] {dagbag.py:545} INFO - Filling up the DagBag from /opt/airflow/dags/netflix_dag.py
[2026-09-07T04:49:37.339+0000] {processor.py:840} INFO - DAG(s) 'netflix_etl_pipeline' retrieved from /opt/airflow/dags/netflix_dag.py
[2026-09-07T04:49:37.553+0000] {logging_mixin.py:188} INFO - [2026-09-07T04:49:37.552+0000] {dag.py:3089} INFO - Sync 1 DAGs
[2026-09-07T04:49:37.717+0000] {logging_mixin.py:188} INFO - [2026-09-07T04:49:37.717+0000] {dag.py:3947} INFO - Setting next_dagrun for netflix_etl_pipeline to 2026-09-06 00:00:00+00:00, run_after=2026-09-07 00:00:00+00:00
[2026-09-07T04:49:38.137+0000] {processor.py:183} INFO - Processing /opt/airflow/dags/netflix_dag.py took 2.168 seconds
[2026-09-07T04:50:10.149+0000] {processor.py:161} INFO - Started process (PID=1939) to work on /opt/airflow/dags/netflix_dag.py
[2026-09-07T04:50:10.212+0000] {processor.py:830} INFO - Processing file /opt/airflow/dags/netflix_dag.py for tasks to queue
[2026-09-07T04:50:10.265+0000] {logging_mixin.py:188} INFO - [2026-09-07T04:50:10.264+0000] {dagbag.py:545} INFO - Filling up the DagBag from /opt/airflow/dags/netflix_dag.py
[2026-09-07T04:50:11.373+0000] {processor.py:840} INFO - DAG(s) 'netflix_etl_pipeline' retrieved from /opt/airflow/dags/netflix_dag.py
[2026-09-07T04:50:11.688+0000] {logging_mixin.py:188} INFO - [2026-09-07T04:50:11.687+0000] {dag.py:3089} INFO - Sync 1 DAGs
[2026-09-07T04:50:11.931+0000] {logging_mixin.py:188} INFO - [2026-09-07T04:50:11.931+0000] {dag.py:3947} INFO - Setting next_dagrun for netflix_etl_pipeline to 2026-09-06 00:00:00+00:00, run_after=2026-09-07 00:00:00+00:00
[2026-09-07T04:50:12.393+0000] {processor.py:183} INFO - Processing /opt/airflow/dags/netflix_dag.py took 2.283 seconds
[2026-09-07T04:50:43.647+0000] {processor.py:161} INFO - Started process (PID=1956) to work on /opt/airflow/dags/netflix_dag.py
[2026-09-07T04:50:43.650+0000] {processor.py:830} INFO - Processing file /opt/airflow/dags/netflix_dag.py for tasks to queue
[2026-09-07T04:50:43.665+0000] {logging_mixin.py:188} INFO - [2026-09-07T04:50:43.664+0000] {dagbag.py:545} INFO - Filling up the DagBag from /opt/airflow/dags/netflix_dag.py
[2026-09-07T04:50:43.746+0000] {processor.py:840} INFO - DAG(s) 'netflix_etl_pipeline' retrieved from /opt/airflow/dags/netflix_dag.py
[2026-09-07T04:50:43.981+0000] {logging_mixin.py:188} INFO - [2026-09-07T04:50:43.981+0000] {dag.py:3089} INFO - Sync 1 DAGs
[2026-09-07T04:50:44.184+0000] {logging_mixin.py:188} INFO - [2026-09-07T04:50:44.183+0000] {dag.py:3947} INFO - Setting next_dagrun for netflix_etl_pipeline to 2026-09-06 00:00:00+00:00, run_after=2026-09-07 00:00:00+00:00
[2026-09-07T04:50:44.300+0000] {processor.py:183} INFO - Processing /opt/airflow/dags/netflix_dag.py took 0.689 seconds
[2026-09-07T04:51:16.231+0000] {processor.py:161} INFO - Started process (PID=1967) to work on /opt/airflow/dags/netflix_dag.py
[2026-09-07T04:51:16.260+0000] {processor.py:830} INFO - Processing file /opt/airflow/dags/netflix_dag.py for tasks to queue
[2026-09-07T04:51:16.269+0000] {logging_mixin.py:188} INFO - [2026-09-07T04:51:16.267+0000] {dagbag.py:545} INFO - Filling up the DagBag from /opt/airflow/dags/netflix_dag.py
[2026-09-07T04:51:16.358+0000] {processor.py:840} INFO - DAG(s) 'netflix_etl_pipeline' retrieved from /opt/airflow/dags/netflix_dag.py
[2026-09-07T04:51:16.590+0000] {logging_mixin.py:188} INFO - [2026-09-07T04:51:16.589+0000] {dag.py:3089} INFO - Sync 1 DAGs
[2026-09-07T04:51:16.768+0000] {logging_mixin.py:188} INFO - [2026-09-07T04:51:16.767+0000] {dag.py:3947} INFO - Setting next_dagrun for netflix_etl_pipeline to 2026-09-06 00:00:00+00:00, run_after=2026-09-07 00:00:00+00:00
[2026-09-07T04:51:16.998+0000] {processor.py:183} INFO - Processing /opt/airflow/dags/netflix_dag.py took 0.807 seconds
[2026-09-07T04:51:47.393+0000] {processor.py:161} INFO - Started process (PID=1978) to work on /opt/airflow/dags/netflix_dag.py
[2026-09-07T04:51:47.406+0000] {processor.py:830} INFO - Processing file /opt/airflow/dags/netflix_dag.py for tasks to queue
[2026-09-07T04:51:47.416+0000] {logging_mixin.py:188} INFO - [2026-09-07T04:51:47.415+0000] {dagbag.py:545} INFO - Filling up the DagBag from /opt/airflow/dags/netflix_dag.py
[2026-09-07T04:51:47.489+0000] {processor.py:840} INFO - DAG(s) 'netflix_etl_pipeline' retrieved from /opt/airflow/dags/netflix_dag.py
[2026-09-07T04:51:47.706+0000] {logging_mixin.py:188} INFO - [2026-09-07T04:51:47.706+0000] {dag.py:3089} INFO - Sync 1 DAGs
[2026-09-07T04:51:47.894+0000] {logging_mixin.py:188} INFO - [2026-09-07T04:51:47.893+0000] {dag.py:3947} INFO - Setting next_dagrun for netflix_etl_pipeline to 2026-09-06 00:00:00+00:00, run_after=2026-09-07 00:00:00+00:00
[2026-09-07T04:51:48.057+0000] {processor.py:183} INFO - Processing /opt/airflow/dags/netflix_dag.py took 0.693 seconds
[2026-09-07T04:52:19.137+0000] {processor.py:161} INFO - Started process (PID=1989) to work on /opt/airflow/dags/netflix_dag.py
[2026-09-07T04:52:19.172+0000] {processor.py:830} INFO - Processing file /opt/airflow/dags/netflix_dag.py for tasks to queue
[2026-09-07T04:52:19.231+0000] {logging_mixin.py:188} INFO - [2026-09-07T04:52:19.230+0000] {dagbag.py:545} INFO - Filling up the DagBag from /opt/airflow/dags/netflix_dag.py
[2026-09-07T04:52:19.999+0000] {processor.py:840} INFO - DAG(s) 'netflix_etl_pipeline' retrieved from /opt/airflow/dags/netflix_dag.py
[2026-09-07T04:52:20.263+0000] {logging_mixin.py:188} INFO - [2026-09-07T04:52:20.262+0000] {dag.py:3089} INFO - Sync 1 DAGs
[2026-09-07T04:52:20.468+0000] {logging_mixin.py:188} INFO - [2026-09-07T04:52:20.468+0000] {dag.py:3947} INFO - Setting next_dagrun for netflix_etl_pipeline to 2026-09-06 00:00:00+00:00, run_after=2026-09-07 00:00:00+00:00
[2026-09-07T04:52:20.677+0000] {processor.py:183} INFO - Processing /opt/airflow/dags/netflix_dag.py took 1.568 seconds
[2026-09-07T04:52:51.855+0000] {processor.py:161} INFO - Started process (PID=2000) to work on /opt/airflow/dags/netflix_dag.py
[2026-09-07T04:52:51.890+0000] {processor.py:830} INFO - Processing file /opt/airflow/dags/netflix_dag.py for tasks to queue
[2026-09-07T04:52:51.923+0000] {logging_mixin.py:188} INFO - [2026-09-07T04:52:51.922+0000] {dagbag.py:545} INFO - Filling up the DagBag from /opt/airflow/dags/netflix_dag.py
[2026-09-07T04:52:52.698+0000] {processor.py:840} INFO - DAG(s) 'netflix_etl_pipeline' retrieved from /opt/airflow/dags/netflix_dag.py
[2026-09-07T04:52:52.986+0000] {logging_mixin.py:188} INFO - [2026-09-07T04:52:52.986+0000] {dag.py:3089} INFO - Sync 1 DAGs
[2026-09-07T04:52:53.162+0000] {logging_mixin.py:188} INFO - [2026-09-07T04:52:53.162+0000] {dag.py:3947} INFO - Setting next_dagrun for netflix_etl_pipeline to 2026-09-06 00:00:00+00:00, run_after=2026-09-07 00:00:00+00:00
[2026-09-07T04:52:53.345+0000] {processor.py:183} INFO - Processing /opt/airflow/dags/netflix_dag.py took 1.530 seconds
[2026-09-07T04:53:25.754+0000] {processor.py:161} INFO - Started process (PID=2011) to work on /opt/airflow/dags/netflix_dag.py
[2026-09-07T04:53:25.793+0000] {processor.py:830} INFO - Processing file /opt/airflow/dags/netflix_dag.py for tasks to queue
[2026-09-07T04:53:25.857+0000] {logging_mixin.py:188} INFO - [2026-09-07T04:53:25.856+0000] {dagbag.py:545} INFO - Filling up the DagBag from /opt/airflow/dags/netflix_dag.py
[2026-09-07T04:53:27.036+0000] {processor.py:840} INFO - DAG(s) 'netflix_etl_pipeline' retrieved from /opt/airflow/dags/netflix_dag.py
[2026-09-07T04:53:27.284+0000] {logging_mixin.py:188} INFO - [2026-09-07T04:53:27.283+0000] {dag.py:3089} INFO - Sync 1 DAGs
[2026-09-07T04:53:27.490+0000] {logging_mixin.py:188} INFO - [2026-09-07T04:53:27.490+0000] {dag.py:3947} INFO - Setting next_dagrun for netflix_etl_pipeline to 2026-09-06 00:00:00+00:00, run_after=2026-09-07 00:00:00+00:00
[2026-09-07T04:53:27.732+0000] {processor.py:183} INFO - Processing /opt/airflow/dags/netflix_dag.py took 2.005 seconds
[2026-09-07T04:53:59.246+0000] {processor.py:161} INFO - Started process (PID=2022) to work on /opt/airflow/dags/netflix_dag.py
[2026-09-07T04:53:59.248+0000] {processor.py:830} INFO - Processing file /opt/airflow/dags/netflix_dag.py for tasks to queue
[2026-09-07T04:53:59.254+0000] {logging_mixin.py:188} INFO - [2026-09-07T04:53:59.253+0000] {dagbag.py:545} INFO - Filling up the DagBag from /opt/airflow/dags/netflix_dag.py
[2026-09-07T04:53:59.312+0000] {processor.py:840} INFO - DAG(s) 'netflix_etl_pipeline' retrieved from /opt/airflow/dags/netflix_dag.py
[2026-09-07T04:53:59.412+0000] {logging_mixin.py:188} INFO - [2026-09-07T04:53:59.411+0000] {dag.py:3089} INFO - Sync 1 DAGs
[2026-09-07T04:53:59.468+0000] {logging_mixin.py:188} INFO - [2026-09-07T04:53:59.467+0000] {dag.py:3947} INFO - Setting next_dagrun for netflix_etl_pipeline to 2026-09-06 00:00:00+00:00, run_after=2026-09-07 00:00:00+00:00
[2026-09-07T04:53:59.511+0000] {processor.py:183} INFO - Processing /opt/airflow/dags/netflix_dag.py took 0.288 seconds
[2026-09-07T04:54:30.555+0000] {processor.py:161} INFO - Started process (PID=2033) to work on /opt/airflow/dags/netflix_dag.py
[2026-09-07T04:54:30.592+0000] {processor.py:830} INFO - Processing file /opt/airflow/dags/netflix_dag.py for tasks to queue
[2026-09-07T04:54:30.616+0000] {logging_mixin.py:188} INFO - [2026-09-07T04:54:30.615+0000] {dagbag.py:545} INFO - Filling up the DagBag from /opt/airflow/dags/netflix_dag.py
[2026-09-07T04:54:31.284+0000] {processor.py:840} INFO - DAG(s) 'netflix_etl_pipeline' retrieved from /opt/airflow/dags/netflix_dag.py
[2026-09-07T04:54:31.566+0000] {logging_mixin.py:188} INFO - [2026-09-07T04:54:31.565+0000] {dag.py:3089} INFO - Sync 1 DAGs
[2026-09-07T04:54:31.765+0000] {logging_mixin.py:188} INFO - [2026-09-07T04:54:31.755+0000] {dag.py:3947} INFO - Setting next_dagrun for netflix_etl_pipeline to 2026-09-06 00:00:00+00:00, run_after=2026-09-07 00:00:00+00:00
[2026-09-07T04:54:31.914+0000] {processor.py:183} INFO - Processing /opt/airflow/dags/netflix_dag.py took 1.383 seconds
[2026-09-07T04:55:02.701+0000] {processor.py:161} INFO - Started process (PID=2044) to work on /opt/airflow/dags/netflix_dag.py
[2026-09-07T04:55:02.704+0000] {processor.py:830} INFO - Processing file /opt/airflow/dags/netflix_dag.py for tasks to queue
[2026-09-07T04:55:02.710+0000] {logging_mixin.py:188} INFO - [2026-09-07T04:55:02.709+0000] {dagbag.py:545} INFO - Filling up the DagBag from /opt/airflow/dags/netflix_dag.py
[2026-09-07T04:55:02.792+0000] {processor.py:840} INFO - DAG(s) 'netflix_etl_pipeline' retrieved from /opt/airflow/dags/netflix_dag.py
[2026-09-07T04:55:02.984+0000] {logging_mixin.py:188} INFO - [2026-09-07T04:55:02.983+0000] {dag.py:3089} INFO - Sync 1 DAGs
[2026-09-07T04:55:03.168+0000] {logging_mixin.py:188} INFO - [2026-09-07T04:55:03.167+0000] {dag.py:3947} INFO - Setting next_dagrun for netflix_etl_pipeline to 2026-09-06 00:00:00+00:00, run_after=2026-09-07 00:00:00+00:00
[2026-09-07T04:55:03.445+0000] {processor.py:183} INFO - Processing /opt/airflow/dags/netflix_dag.py took 0.763 seconds
[2026-09-07T04:55:34.717+0000] {processor.py:161} INFO - Started process (PID=2055) to work on /opt/airflow/dags/netflix_dag.py
[2026-09-07T04:55:34.765+0000] {processor.py:830} INFO - Processing file /opt/airflow/dags/netflix_dag.py for tasks to queue
[2026-09-07T04:55:34.813+0000] {logging_mixin.py:188} INFO - [2026-09-07T04:55:34.812+0000] {dagbag.py:545} INFO - Filling up the DagBag from /opt/airflow/dags/netflix_dag.py
[2026-09-07T04:55:34.935+0000] {processor.py:840} INFO - DAG(s) 'netflix_etl_pipeline' retrieved from /opt/airflow/dags/netflix_dag.py
[2026-09-07T04:55:35.072+0000] {logging_mixin.py:188} INFO - [2026-09-07T04:55:35.071+0000] {dag.py:3089} INFO - Sync 1 DAGs
[2026-09-07T04:55:35.160+0000] {logging_mixin.py:188} INFO - [2026-09-07T04:55:35.160+0000] {dag.py:3947} INFO - Setting next_dagrun for netflix_etl_pipeline to 2026-09-06 00:00:00+00:00, run_after=2026-09-07 00:00:00+00:00
[2026-09-07T04:55:35.361+0000] {processor.py:183} INFO - Processing /opt/airflow/dags/netflix_dag.py took 0.681 seconds
[2026-09-07T04:56:06.911+0000] {processor.py:161} INFO - Started process (PID=2066) to work on /opt/airflow/dags/netflix_dag.py
[2026-09-07T04:56:06.963+0000] {processor.py:830} INFO - Processing file /opt/airflow/dags/netflix_dag.py for tasks to queue
[2026-09-07T04:56:07.035+0000] {logging_mixin.py:188} INFO - [2026-09-07T04:56:07.034+0000] {dagbag.py:545} INFO - Filling up the DagBag from /opt/airflow/dags/netflix_dag.py
[2026-09-07T04:56:08.395+0000] {processor.py:840} INFO - DAG(s) 'netflix_etl_pipeline' retrieved from /opt/airflow/dags/netflix_dag.py
[2026-09-07T04:56:08.701+0000] {logging_mixin.py:188} INFO - [2026-09-07T04:56:08.701+0000] {dag.py:3089} INFO - Sync 1 DAGs
[2026-09-07T04:56:08.903+0000] {logging_mixin.py:188} INFO - [2026-09-07T04:56:08.902+0000] {dag.py:3947} INFO - Setting next_dagrun for netflix_etl_pipeline to 2026-09-06 00:00:00+00:00, run_after=2026-09-07 00:00:00+00:00
[2026-09-07T04:56:09.082+0000] {processor.py:183} INFO - Processing /opt/airflow/dags/netflix_dag.py took 2.197 seconds
[2026-09-07T04:56:39.838+0000] {processor.py:161} INFO - Started process (PID=2078) to work on /opt/airflow/dags/netflix_dag.py
[2026-09-07T04:56:39.843+0000] {processor.py:830} INFO - Processing file /opt/airflow/dags/netflix_dag.py for tasks to queue
[2026-09-07T04:56:39.857+0000] {logging_mixin.py:188} INFO - [2026-09-07T04:56:39.856+0000] {dagbag.py:545} INFO - Filling up the DagBag from /opt/airflow/dags/netflix_dag.py
[2026-09-07T04:56:39.940+0000] {processor.py:840} INFO - DAG(s) 'netflix_etl_pipeline' retrieved from /opt/airflow/dags/netflix_dag.py
[2026-09-07T04:56:40.149+0000] {logging_mixin.py:188} INFO - [2026-09-07T04:56:40.138+0000] {dag.py:3089} INFO - Sync 1 DAGs
[2026-09-07T04:56:40.333+0000] {logging_mixin.py:188} INFO - [2026-09-07T04:56:40.332+0000] {dag.py:3947} INFO - Setting next_dagrun for netflix_etl_pipeline to 2026-09-06 00:00:00+00:00, run_after=2026-09-07 00:00:00+00:00
[2026-09-07T04:56:40.499+0000] {processor.py:183} INFO - Processing /opt/airflow/dags/netflix_dag.py took 0.691 seconds
[2026-09-07T04:57:12.234+0000] {processor.py:161} INFO - Started process (PID=2090) to work on /opt/airflow/dags/netflix_dag.py
[2026-09-07T04:57:12.254+0000] {processor.py:830} INFO - Processing file /opt/airflow/dags/netflix_dag.py for tasks to queue
[2026-09-07T04:57:12.288+0000] {logging_mixin.py:188} INFO - [2026-09-07T04:57:12.287+0000] {dagbag.py:545} INFO - Filling up the DagBag from /opt/airflow/dags/netflix_dag.py
[2026-09-07T04:57:13.085+0000] {processor.py:840} INFO - DAG(s) 'netflix_etl_pipeline' retrieved from /opt/airflow/dags/netflix_dag.py
[2026-09-07T04:57:13.369+0000] {logging_mixin.py:188} INFO - [2026-09-07T04:57:13.360+0000] {dag.py:3089} INFO - Sync 1 DAGs
[2026-09-07T04:57:13.615+0000] {logging_mixin.py:188} INFO - [2026-09-07T04:57:13.604+0000] {dag.py:3947} INFO - Setting next_dagrun for netflix_etl_pipeline to 2026-09-06 00:00:00+00:00, run_after=2026-09-07 00:00:00+00:00
[2026-09-07T04:57:13.784+0000] {processor.py:183} INFO - Processing /opt/airflow/dags/netflix_dag.py took 1.575 seconds
[2026-09-07T04:57:44.648+0000] {processor.py:161} INFO - Started process (PID=2101) to work on /opt/airflow/dags/netflix_dag.py
[2026-09-07T04:57:44.652+0000] {processor.py:830} INFO - Processing file /opt/airflow/dags/netflix_dag.py for tasks to queue
[2026-09-07T04:57:44.658+0000] {logging_mixin.py:188} INFO - [2026-09-07T04:57:44.657+0000] {dagbag.py:545} INFO - Filling up the DagBag from /opt/airflow/dags/netflix_dag.py
[2026-09-07T04:57:44.712+0000] {processor.py:840} INFO - DAG(s) 'netflix_etl_pipeline' retrieved from /opt/airflow/dags/netflix_dag.py
[2026-09-07T04:57:44.799+0000] {logging_mixin.py:188} INFO - [2026-09-07T04:57:44.798+0000] {dag.py:3089} INFO - Sync 1 DAGs
[2026-09-07T04:57:44.851+0000] {logging_mixin.py:188} INFO - [2026-09-07T04:57:44.850+0000] {dag.py:3947} INFO - Setting next_dagrun for netflix_etl_pipeline to 2026-09-06 00:00:00+00:00, run_after=2026-09-07 00:00:00+00:00
[2026-09-07T04:57:44.895+0000] {processor.py:183} INFO - Processing /opt/airflow/dags/netflix_dag.py took 0.266 seconds
[2026-09-07T04:58:15.372+0000] {processor.py:161} INFO - Started process (PID=2112) to work on /opt/airflow/dags/netflix_dag.py
[2026-09-07T04:58:15.388+0000] {processor.py:830} INFO - Processing file /opt/airflow/dags/netflix_dag.py for tasks to queue
[2026-09-07T04:58:15.431+0000] {logging_mixin.py:188} INFO - [2026-09-07T04:58:15.430+0000] {dagbag.py:545} INFO - Filling up the DagBag from /opt/airflow/dags/netflix_dag.py
[2026-09-07T04:58:16.085+0000] {processor.py:840} INFO - DAG(s) 'netflix_etl_pipeline' retrieved from /opt/airflow/dags/netflix_dag.py
[2026-09-07T04:58:16.362+0000] {logging_mixin.py:188} INFO - [2026-09-07T04:58:16.362+0000] {dag.py:3089} INFO - Sync 1 DAGs
[2026-09-07T04:58:16.556+0000] {logging_mixin.py:188} INFO - [2026-09-07T04:58:16.555+0000] {dag.py:3947} INFO - Setting next_dagrun for netflix_etl_pipeline to 2026-09-06 00:00:00+00:00, run_after=2026-09-07 00:00:00+00:00
[2026-09-07T04:58:16.723+0000] {processor.py:183} INFO - Processing /opt/airflow/dags/netflix_dag.py took 1.386 seconds
[2026-09-07T04:58:47.871+0000] {processor.py:161} INFO - Started process (PID=2123) to work on /opt/airflow/dags/netflix_dag.py
[2026-09-07T04:58:47.876+0000] {processor.py:830} INFO - Processing file /opt/airflow/dags/netflix_dag.py for tasks to queue
[2026-09-07T04:58:47.885+0000] {logging_mixin.py:188} INFO - [2026-09-07T04:58:47.883+0000] {dagbag.py:545} INFO - Filling up the DagBag from /opt/airflow/dags/netflix_dag.py
[2026-09-07T04:58:47.943+0000] {processor.py:840} INFO - DAG(s) 'netflix_etl_pipeline' retrieved from /opt/airflow/dags/netflix_dag.py
[2026-09-07T04:58:48.034+0000] {logging_mixin.py:188} INFO - [2026-09-07T04:58:48.034+0000] {dag.py:3089} INFO - Sync 1 DAGs
[2026-09-07T04:58:48.101+0000] {logging_mixin.py:188} INFO - [2026-09-07T04:58:48.101+0000] {dag.py:3947} INFO - Setting next_dagrun for netflix_etl_pipeline to 2026-09-06 00:00:00+00:00, run_after=2026-09-07 00:00:00+00:00
[2026-09-07T04:58:48.294+0000] {processor.py:183} INFO - Processing /opt/airflow/dags/netflix_dag.py took 0.453 seconds
[2026-09-07T04:59:19.548+0000] {processor.py:161} INFO - Started process (PID=2134) to work on /opt/airflow/dags/netflix_dag.py
[2026-09-07T04:59:19.551+0000] {processor.py:830} INFO - Processing file /opt/airflow/dags/netflix_dag.py for tasks to queue
[2026-09-07T04:59:19.561+0000] {logging_mixin.py:188} INFO - [2026-09-07T04:59:19.560+0000] {dagbag.py:545} INFO - Filling up the DagBag from /opt/airflow/dags/netflix_dag.py
[2026-09-07T04:59:19.613+0000] {processor.py:840} INFO - DAG(s) 'netflix_etl_pipeline' retrieved from /opt/airflow/dags/netflix_dag.py
[2026-09-07T04:59:19.712+0000] {logging_mixin.py:188} INFO - [2026-09-07T04:59:19.711+0000] {dag.py:3089} INFO - Sync 1 DAGs
[2026-09-07T04:59:19.788+0000] {logging_mixin.py:188} INFO - [2026-09-07T04:59:19.787+0000] {dag.py:3947} INFO - Setting next_dagrun for netflix_etl_pipeline to 2026-09-06 00:00:00+00:00, run_after=2026-09-07 00:00:00+00:00
[2026-09-07T04:59:19.844+0000] {processor.py:183} INFO - Processing /opt/airflow/dags/netflix_dag.py took 0.317 seconds
[2026-09-07T04:59:51.342+0000] {processor.py:161} INFO - Started process (PID=2145) to work on /opt/airflow/dags/netflix_dag.py
[2026-09-07T04:59:51.345+0000] {processor.py:830} INFO - Processing file /opt/airflow/dags/netflix_dag.py for tasks to queue
[2026-09-07T04:59:51.353+0000] {logging_mixin.py:188} INFO - [2026-09-07T04:59:51.352+0000] {dagbag.py:545} INFO - Filling up the DagBag from /opt/airflow/dags/netflix_dag.py
[2026-09-07T04:59:51.411+0000] {processor.py:840} INFO - DAG(s) 'netflix_etl_pipeline' retrieved from /opt/airflow/dags/netflix_dag.py
[2026-09-07T04:59:52.025+0000] {logging_mixin.py:188} INFO - [2026-09-07T04:59:52.014+0000] {dag.py:3089} INFO - Sync 1 DAGs
[2026-09-07T04:59:52.278+0000] {logging_mixin.py:188} INFO - [2026-09-07T04:59:52.278+0000] {dag.py:3947} INFO - Setting next_dagrun for netflix_etl_pipeline to 2026-09-06 00:00:00+00:00, run_after=2026-09-07 00:00:00+00:00
[2026-09-07T04:59:53.594+0000] {processor.py:183} INFO - Processing /opt/airflow/dags/netflix_dag.py took 2.284 seconds
[2026-09-07T05:00:25.703+0000] {processor.py:161} INFO - Started process (PID=2162) to work on /opt/airflow/dags/netflix_dag.py
[2026-09-07T05:00:25.706+0000] {processor.py:830} INFO - Processing file /opt/airflow/dags/netflix_dag.py for tasks to queue
[2026-09-07T05:00:25.711+0000] {logging_mixin.py:188} INFO - [2026-09-07T05:00:25.711+0000] {dagbag.py:545} INFO - Filling up the DagBag from /opt/airflow/dags/netflix_dag.py
[2026-09-07T05:00:25.768+0000] {processor.py:840} INFO - DAG(s) 'netflix_etl_pipeline' retrieved from /opt/airflow/dags/netflix_dag.py
[2026-09-07T05:00:25.947+0000] {logging_mixin.py:188} INFO - [2026-09-07T05:00:25.947+0000] {dag.py:3089} INFO - Sync 1 DAGs
[2026-09-07T05:00:26.156+0000] {logging_mixin.py:188} INFO - [2026-09-07T05:00:26.155+0000] {dag.py:3947} INFO - Setting next_dagrun for netflix_etl_pipeline to 2026-09-06 00:00:00+00:00, run_after=2026-09-07 00:00:00+00:00
[2026-09-07T05:00:26.329+0000] {processor.py:183} INFO - Processing /opt/airflow/dags/netflix_dag.py took 0.657 seconds
[2026-09-07T05:00:58.191+0000] {processor.py:161} INFO - Started process (PID=2173) to work on /opt/airflow/dags/netflix_dag.py
[2026-09-07T05:00:58.222+0000] {processor.py:830} INFO - Processing file /opt/airflow/dags/netflix_dag.py for tasks to queue
[2026-09-07T05:00:58.256+0000] {logging_mixin.py:188} INFO - [2026-09-07T05:00:58.255+0000] {dagbag.py:545} INFO - Filling up the DagBag from /opt/airflow/dags/netflix_dag.py
[2026-09-07T05:00:58.938+0000] {processor.py:840} INFO - DAG(s) 'netflix_etl_pipeline' retrieved from /opt/airflow/dags/netflix_dag.py
[2026-09-07T05:00:59.211+0000] {logging_mixin.py:188} INFO - [2026-09-07T05:00:59.210+0000] {dag.py:3089} INFO - Sync 1 DAGs
[2026-09-07T05:00:59.421+0000] {logging_mixin.py:188} INFO - [2026-09-07T05:00:59.420+0000] {dag.py:3947} INFO - Setting next_dagrun for netflix_etl_pipeline to 2026-09-06 00:00:00+00:00, run_after=2026-09-07 00:00:00+00:00
[2026-09-07T05:00:59.666+0000] {processor.py:183} INFO - Processing /opt/airflow/dags/netflix_dag.py took 1.522 seconds
[2026-09-07T05:01:31.281+0000] {processor.py:161} INFO - Started process (PID=2184) to work on /opt/airflow/dags/netflix_dag.py
[2026-09-07T05:01:31.314+0000] {processor.py:830} INFO - Processing file /opt/airflow/dags/netflix_dag.py for tasks to queue
[2026-09-07T05:01:31.343+0000] {logging_mixin.py:188} INFO - [2026-09-07T05:01:31.342+0000] {dagbag.py:545} INFO - Filling up the DagBag from /opt/airflow/dags/netflix_dag.py
[2026-09-07T05:01:31.947+0000] {processor.py:840} INFO - DAG(s) 'netflix_etl_pipeline' retrieved from /opt/airflow/dags/netflix_dag.py
[2026-09-07T05:01:32.191+0000] {logging_mixin.py:188} INFO - [2026-09-07T05:01:32.190+0000] {dag.py:3089} INFO - Sync 1 DAGs
[2026-09-07T05:01:32.365+0000] {logging_mixin.py:188} INFO - [2026-09-07T05:01:32.364+0000] {dag.py:3947} INFO - Setting next_dagrun for netflix_etl_pipeline to 2026-09-06 00:00:00+00:00, run_after=2026-09-07 00:00:00+00:00
[2026-09-07T05:01:32.566+0000] {processor.py:183} INFO - Processing /opt/airflow/dags/netflix_dag.py took 1.323 seconds
[2026-09-07T05:02:03.434+0000] {processor.py:161} INFO - Started process (PID=2195) to work on /opt/airflow/dags/netflix_dag.py
[2026-09-07T05:02:03.437+0000] {processor.py:830} INFO - Processing file /opt/airflow/dags/netflix_dag.py for tasks to queue
[2026-09-07T05:02:03.441+0000] {logging_mixin.py:188} INFO - [2026-09-07T05:02:03.441+0000] {dagbag.py:545} INFO - Filling up the DagBag from /opt/airflow/dags/netflix_dag.py
[2026-09-07T05:02:03.486+0000] {processor.py:840} INFO - DAG(s) 'netflix_etl_pipeline' retrieved from /opt/airflow/dags/netflix_dag.py
[2026-09-07T05:02:03.557+0000] {logging_mixin.py:188} INFO - [2026-09-07T05:02:03.557+0000] {dag.py:3089} INFO - Sync 1 DAGs
[2026-09-07T05:02:03.603+0000] {logging_mixin.py:188} INFO - [2026-09-07T05:02:03.602+0000] {dag.py:3947} INFO - Setting next_dagrun for netflix_etl_pipeline to 2026-09-06 00:00:00+00:00, run_after=2026-09-07 00:00:00+00:00
[2026-09-07T05:02:03.644+0000] {processor.py:183} INFO - Processing /opt/airflow/dags/netflix_dag.py took 0.224 seconds
[2026-09-07T05:02:36.046+0000] {processor.py:161} INFO - Started process (PID=2206) to work on /opt/airflow/dags/netflix_dag.py
[2026-09-07T05:02:36.107+0000] {processor.py:830} INFO - Processing file /opt/airflow/dags/netflix_dag.py for tasks to queue
[2026-09-07T05:02:36.130+0000] {logging_mixin.py:188} INFO - [2026-09-07T05:02:36.129+0000] {dagbag.py:545} INFO - Filling up the DagBag from /opt/airflow/dags/netflix_dag.py
[2026-09-07T05:02:37.245+0000] {processor.py:840} INFO - DAG(s) 'netflix_etl_pipeline' retrieved from /opt/airflow/dags/netflix_dag.py
[2026-09-07T05:02:37.487+0000] {logging_mixin.py:188} INFO - [2026-09-07T05:02:37.486+0000] {dag.py:3089} INFO - Sync 1 DAGs
[2026-09-07T05:02:37.604+0000] {logging_mixin.py:188} INFO - [2026-09-07T05:02:37.603+0000] {dag.py:3947} INFO - Setting next_dagrun for netflix_etl_pipeline to 2026-09-06 00:00:00+00:00, run_after=2026-09-07 00:00:00+00:00
[2026-09-07T05:02:37.692+0000] {processor.py:183} INFO - Processing /opt/airflow/dags/netflix_dag.py took 1.698 seconds
[2026-09-07T05:03:09.280+0000] {processor.py:161} INFO - Started process (PID=2217) to work on /opt/airflow/dags/netflix_dag.py
[2026-09-07T05:03:09.323+0000] {processor.py:830} INFO - Processing file /opt/airflow/dags/netflix_dag.py for tasks to queue
[2026-09-07T05:03:09.369+0000] {logging_mixin.py:188} INFO - [2026-09-07T05:03:09.368+0000] {dagbag.py:545} INFO - Filling up the DagBag from /opt/airflow/dags/netflix_dag.py
[2026-09-07T05:03:10.753+0000] {processor.py:840} INFO - DAG(s) 'netflix_etl_pipeline' retrieved from /opt/airflow/dags/netflix_dag.py
[2026-09-07T05:03:11.048+0000] {logging_mixin.py:188} INFO - [2026-09-07T05:03:11.047+0000] {dag.py:3089} INFO - Sync 1 DAGs
[2026-09-07T05:03:11.267+0000] {logging_mixin.py:188} INFO - [2026-09-07T05:03:11.266+0000] {dag.py:3947} INFO - Setting next_dagrun for netflix_etl_pipeline to 2026-09-06 00:00:00+00:00, run_after=2026-09-07 00:00:00+00:00
[2026-09-07T05:03:11.484+0000] {processor.py:183} INFO - Processing /opt/airflow/dags/netflix_dag.py took 2.230 seconds
[2026-09-07T05:03:43.185+0000] {processor.py:161} INFO - Started process (PID=2228) to work on /opt/airflow/dags/netflix_dag.py
[2026-09-07T05:03:43.208+0000] {processor.py:830} INFO - Processing file /opt/airflow/dags/netflix_dag.py for tasks to queue
[2026-09-07T05:03:43.248+0000] {logging_mixin.py:188} INFO - [2026-09-07T05:03:43.247+0000] {dagbag.py:545} INFO - Filling up the DagBag from /opt/airflow/dags/netflix_dag.py
[2026-09-07T05:03:43.923+0000] {processor.py:840} INFO - DAG(s) 'netflix_etl_pipeline' retrieved from /opt/airflow/dags/netflix_dag.py
[2026-09-07T05:03:44.412+0000] {logging_mixin.py:188} INFO - [2026-09-07T05:03:44.402+0000] {dag.py:3089} INFO - Sync 1 DAGs
[2026-09-07T05:03:45.095+0000] {logging_mixin.py:188} INFO - [2026-09-07T05:03:45.094+0000] {dag.py:3947} INFO - Setting next_dagrun for netflix_etl_pipeline to 2026-09-06 00:00:00+00:00, run_after=2026-09-07 00:00:00+00:00
[2026-09-07T05:03:45.328+0000] {processor.py:183} INFO - Processing /opt/airflow/dags/netflix_dag.py took 2.177 seconds
[2026-09-07T05:04:17.078+0000] {processor.py:161} INFO - Started process (PID=2239) to work on /opt/airflow/dags/netflix_dag.py
[2026-09-07T05:04:17.115+0000] {processor.py:830} INFO - Processing file /opt/airflow/dags/netflix_dag.py for tasks to queue
[2026-09-07T05:04:17.156+0000] {logging_mixin.py:188} INFO - [2026-09-07T05:04:17.155+0000] {dagbag.py:545} INFO - Filling up the DagBag from /opt/airflow/dags/netflix_dag.py
[2026-09-07T05:04:18.086+0000] {processor.py:840} INFO - DAG(s) 'netflix_etl_pipeline' retrieved from /opt/airflow/dags/netflix_dag.py
[2026-09-07T05:04:18.324+0000] {logging_mixin.py:188} INFO - [2026-09-07T05:04:18.323+0000] {dag.py:3089} INFO - Sync 1 DAGs
[2026-09-07T05:04:18.457+0000] {logging_mixin.py:188} INFO - [2026-09-07T05:04:18.457+0000] {dag.py:3947} INFO - Setting next_dagrun for netflix_etl_pipeline to 2026-09-06 00:00:00+00:00, run_after=2026-09-07 00:00:00+00:00
[2026-09-07T05:04:18.513+0000] {processor.py:183} INFO - Processing /opt/airflow/dags/netflix_dag.py took 1.504 seconds
[2026-09-07T05:04:49.790+0000] {processor.py:161} INFO - Started process (PID=2250) to work on /opt/airflow/dags/netflix_dag.py
[2026-09-07T05:04:49.832+0000] {processor.py:830} INFO - Processing file /opt/airflow/dags/netflix_dag.py for tasks to queue
[2026-09-07T05:04:49.894+0000] {logging_mixin.py:188} INFO - [2026-09-07T05:04:49.893+0000] {dagbag.py:545} INFO - Filling up the DagBag from /opt/airflow/dags/netflix_dag.py
[2026-09-07T05:04:50.006+0000] {processor.py:840} INFO - DAG(s) 'netflix_etl_pipeline' retrieved from /opt/airflow/dags/netflix_dag.py
[2026-09-07T05:04:50.131+0000] {logging_mixin.py:188} INFO - [2026-09-07T05:04:50.131+0000] {dag.py:3089} INFO - Sync 1 DAGs
[2026-09-07T05:04:50.474+0000] {logging_mixin.py:188} INFO - [2026-09-07T05:04:50.473+0000] {dag.py:3947} INFO - Setting next_dagrun for netflix_etl_pipeline to 2026-09-06 00:00:00+00:00, run_after=2026-09-07 00:00:00+00:00
[2026-09-07T05:04:50.766+0000] {processor.py:183} INFO - Processing /opt/airflow/dags/netflix_dag.py took 1.015 seconds
[2026-09-07T05:05:22.000+0000] {processor.py:161} INFO - Started process (PID=2261) to work on /opt/airflow/dags/netflix_dag.py
[2026-09-07T05:05:22.004+0000] {processor.py:830} INFO - Processing file /opt/airflow/dags/netflix_dag.py for tasks to queue
[2026-09-07T05:05:22.033+0000] {logging_mixin.py:188} INFO - [2026-09-07T05:05:22.032+0000] {dagbag.py:545} INFO - Filling up the DagBag from /opt/airflow/dags/netflix_dag.py
[2026-09-07T05:05:22.103+0000] {processor.py:840} INFO - DAG(s) 'netflix_etl_pipeline' retrieved from /opt/airflow/dags/netflix_dag.py
[2026-09-07T05:05:22.231+0000] {logging_mixin.py:188} INFO - [2026-09-07T05:05:22.231+0000] {dag.py:3089} INFO - Sync 1 DAGs
[2026-09-07T05:05:22.431+0000] {logging_mixin.py:188} INFO - [2026-09-07T05:05:22.431+0000] {dag.py:3947} INFO - Setting next_dagrun for netflix_etl_pipeline to 2026-09-06 00:00:00+00:00, run_after=2026-09-07 00:00:00+00:00
[2026-09-07T05:05:22.642+0000] {processor.py:183} INFO - Processing /opt/airflow/dags/netflix_dag.py took 0.675 seconds
[2026-09-07T05:05:54.341+0000] {processor.py:161} INFO - Started process (PID=2272) to work on /opt/airflow/dags/netflix_dag.py
[2026-09-07T05:05:54.344+0000] {processor.py:830} INFO - Processing file /opt/airflow/dags/netflix_dag.py for tasks to queue
[2026-09-07T05:05:54.351+0000] {logging_mixin.py:188} INFO - [2026-09-07T05:05:54.350+0000] {dagbag.py:545} INFO - Filling up the DagBag from /opt/airflow/dags/netflix_dag.py
[2026-09-07T05:05:54.463+0000] {processor.py:840} INFO - DAG(s) 'netflix_etl_pipeline' retrieved from /opt/airflow/dags/netflix_dag.py
[2026-09-07T05:05:54.751+0000] {logging_mixin.py:188} INFO - [2026-09-07T05:05:54.751+0000] {dag.py:3089} INFO - Sync 1 DAGs
[2026-09-07T05:05:54.955+0000] {logging_mixin.py:188} INFO - [2026-09-07T05:05:54.954+0000] {dag.py:3947} INFO - Setting next_dagrun for netflix_etl_pipeline to 2026-09-06 00:00:00+00:00, run_after=2026-09-07 00:00:00+00:00
[2026-09-07T05:05:55.221+0000] {processor.py:183} INFO - Processing /opt/airflow/dags/netflix_dag.py took 0.910 seconds
[2026-09-07T05:06:26.766+0000] {processor.py:161} INFO - Started process (PID=2283) to work on /opt/airflow/dags/netflix_dag.py
[2026-09-07T05:06:26.795+0000] {processor.py:830} INFO - Processing file /opt/airflow/dags/netflix_dag.py for tasks to queue
[2026-09-07T05:06:26.842+0000] {logging_mixin.py:188} INFO - [2026-09-07T05:06:26.841+0000] {dagbag.py:545} INFO - Filling up the DagBag from /opt/airflow/dags/netflix_dag.py
[2026-09-07T05:06:27.309+0000] {processor.py:840} INFO - DAG(s) 'netflix_etl_pipeline' retrieved from /opt/airflow/dags/netflix_dag.py
[2026-09-07T05:06:27.456+0000] {logging_mixin.py:188} INFO - [2026-09-07T05:06:27.456+0000] {dag.py:3089} INFO - Sync 1 DAGs
[2026-09-07T05:06:27.668+0000] {logging_mixin.py:188} INFO - [2026-09-07T05:06:27.668+0000] {dag.py:3947} INFO - Setting next_dagrun for netflix_etl_pipeline to 2026-09-06 00:00:00+00:00, run_after=2026-09-07 00:00:00+00:00
[2026-09-07T05:06:27.900+0000] {processor.py:183} INFO - Processing /opt/airflow/dags/netflix_dag.py took 1.170 seconds
[2026-09-07T05:06:59.067+0000] {processor.py:161} INFO - Started process (PID=2294) to work on /opt/airflow/dags/netflix_dag.py
[2026-09-07T05:06:59.094+0000] {processor.py:830} INFO - Processing file /opt/airflow/dags/netflix_dag.py for tasks to queue
[2026-09-07T05:06:59.105+0000] {logging_mixin.py:188} INFO - [2026-09-07T05:06:59.104+0000] {dagbag.py:545} INFO - Filling up the DagBag from /opt/airflow/dags/netflix_dag.py
[2026-09-07T05:06:59.186+0000] {processor.py:840} INFO - DAG(s) 'netflix_etl_pipeline' retrieved from /opt/airflow/dags/netflix_dag.py
[2026-09-07T05:06:59.491+0000] {logging_mixin.py:188} INFO - [2026-09-07T05:06:59.490+0000] {dag.py:3089} INFO - Sync 1 DAGs
[2026-09-07T05:06:59.676+0000] {logging_mixin.py:188} INFO - [2026-09-07T05:06:59.675+0000] {dag.py:3947} INFO - Setting next_dagrun for netflix_etl_pipeline to 2026-09-06 00:00:00+00:00, run_after=2026-09-07 00:00:00+00:00
[2026-09-07T05:06:59.778+0000] {processor.py:183} INFO - Processing /opt/airflow/dags/netflix_dag.py took 0.748 seconds
[2026-09-07T05:07:30.959+0000] {processor.py:161} INFO - Started process (PID=2311) to work on /opt/airflow/dags/netflix_dag.py
[2026-09-07T05:07:30.981+0000] {processor.py:830} INFO - Processing file /opt/airflow/dags/netflix_dag.py for tasks to queue
[2026-09-07T05:07:31.011+0000] {logging_mixin.py:188} INFO - [2026-09-07T05:07:31.010+0000] {dagbag.py:545} INFO - Filling up the DagBag from /opt/airflow/dags/netflix_dag.py
[2026-09-07T05:07:31.660+0000] {processor.py:840} INFO - DAG(s) 'netflix_etl_pipeline' retrieved from /opt/airflow/dags/netflix_dag.py
[2026-09-07T05:07:31.914+0000] {logging_mixin.py:188} INFO - [2026-09-07T05:07:31.913+0000] {dag.py:3089} INFO - Sync 1 DAGs
[2026-09-07T05:07:32.068+0000] {logging_mixin.py:188} INFO - [2026-09-07T05:07:32.067+0000] {dag.py:3947} INFO - Setting next_dagrun for netflix_etl_pipeline to 2026-09-06 00:00:00+00:00, run_after=2026-09-07 00:00:00+00:00
[2026-09-07T05:07:32.283+0000] {processor.py:183} INFO - Processing /opt/airflow/dags/netflix_dag.py took 1.358 seconds
[2026-09-07T05:08:04.706+0000] {processor.py:161} INFO - Started process (PID=2322) to work on /opt/airflow/dags/netflix_dag.py
[2026-09-07T05:08:04.728+0000] {processor.py:830} INFO - Processing file /opt/airflow/dags/netflix_dag.py for tasks to queue
[2026-09-07T05:08:04.767+0000] {logging_mixin.py:188} INFO - [2026-09-07T05:08:04.766+0000] {dagbag.py:545} INFO - Filling up the DagBag from /opt/airflow/dags/netflix_dag.py
[2026-09-07T05:08:06.070+0000] {processor.py:840} INFO - DAG(s) 'netflix_etl_pipeline' retrieved from /opt/airflow/dags/netflix_dag.py
[2026-09-07T05:08:06.365+0000] {logging_mixin.py:188} INFO - [2026-09-07T05:08:06.364+0000] {dag.py:3089} INFO - Sync 1 DAGs
[2026-09-07T05:08:06.544+0000] {logging_mixin.py:188} INFO - [2026-09-07T05:08:06.544+0000] {dag.py:3947} INFO - Setting next_dagrun for netflix_etl_pipeline to 2026-09-06 00:00:00+00:00, run_after=2026-09-07 00:00:00+00:00
[2026-09-07T05:08:06.772+0000] {processor.py:183} INFO - Processing /opt/airflow/dags/netflix_dag.py took 2.104 seconds
[2026-09-07T05:08:40.562+0000] {processor.py:161} INFO - Started process (PID=2333) to work on /opt/airflow/dags/netflix_dag.py
[2026-09-07T05:08:40.638+0000] {processor.py:830} INFO - Processing file /opt/airflow/dags/netflix_dag.py for tasks to queue
[2026-09-07T05:08:40.762+0000] {logging_mixin.py:188} INFO - [2026-09-07T05:08:40.761+0000] {dagbag.py:545} INFO - Filling up the DagBag from /opt/airflow/dags/netflix_dag.py
[2026-09-07T05:08:41.055+0000] {processor.py:840} INFO - DAG(s) 'netflix_etl_pipeline' retrieved from /opt/airflow/dags/netflix_dag.py
[2026-09-07T05:08:41.369+0000] {logging_mixin.py:188} INFO - [2026-09-07T05:08:41.368+0000] {dag.py:3089} INFO - Sync 1 DAGs
[2026-09-07T05:08:41.676+0000] {logging_mixin.py:188} INFO - [2026-09-07T05:08:41.676+0000] {dag.py:3947} INFO - Setting next_dagrun for netflix_etl_pipeline to 2026-09-06 00:00:00+00:00, run_after=2026-09-07 00:00:00+00:00
[2026-09-07T05:08:41.975+0000] {processor.py:183} INFO - Processing /opt/airflow/dags/netflix_dag.py took 1.565 seconds
[2026-09-07T05:09:13.818+0000] {processor.py:161} INFO - Started process (PID=2344) to work on /opt/airflow/dags/netflix_dag.py
[2026-09-07T05:09:13.849+0000] {processor.py:830} INFO - Processing file /opt/airflow/dags/netflix_dag.py for tasks to queue
[2026-09-07T05:09:13.905+0000] {logging_mixin.py:188} INFO - [2026-09-07T05:09:13.904+0000] {dagbag.py:545} INFO - Filling up the DagBag from /opt/airflow/dags/netflix_dag.py
[2026-09-07T05:09:14.016+0000] {processor.py:840} INFO - DAG(s) 'netflix_etl_pipeline' retrieved from /opt/airflow/dags/netflix_dag.py
[2026-09-07T05:09:14.271+0000] {logging_mixin.py:188} INFO - [2026-09-07T05:09:14.270+0000] {dag.py:3089} INFO - Sync 1 DAGs
[2026-09-07T05:09:14.553+0000] {logging_mixin.py:188} INFO - [2026-09-07T05:09:14.552+0000] {dag.py:3947} INFO - Setting next_dagrun for netflix_etl_pipeline to 2026-09-06 00:00:00+00:00, run_after=2026-09-07 00:00:00+00:00
[2026-09-07T05:09:14.739+0000] {processor.py:183} INFO - Processing /opt/airflow/dags/netflix_dag.py took 0.960 seconds
[2026-09-07T05:09:45.761+0000] {processor.py:161} INFO - Started process (PID=2355) to work on /opt/airflow/dags/netflix_dag.py
[2026-09-07T05:09:45.769+0000] {processor.py:830} INFO - Processing file /opt/airflow/dags/netflix_dag.py for tasks to queue
[2026-09-07T05:09:45.807+0000] {logging_mixin.py:188} INFO - [2026-09-07T05:09:45.806+0000] {dagbag.py:545} INFO - Filling up the DagBag from /opt/airflow/dags/netflix_dag.py
[2026-09-07T05:09:46.521+0000] {processor.py:840} INFO - DAG(s) 'netflix_etl_pipeline' retrieved from /opt/airflow/dags/netflix_dag.py
[2026-09-07T05:09:46.738+0000] {logging_mixin.py:188} INFO - [2026-09-07T05:09:46.737+0000] {dag.py:3089} INFO - Sync 1 DAGs
[2026-09-07T05:09:46.911+0000] {logging_mixin.py:188} INFO - [2026-09-07T05:09:46.910+0000] {dag.py:3947} INFO - Setting next_dagrun for netflix_etl_pipeline to 2026-09-06 00:00:00+00:00, run_after=2026-09-07 00:00:00+00:00
[2026-09-07T05:09:47.225+0000] {processor.py:183} INFO - Processing /opt/airflow/dags/netflix_dag.py took 1.505 seconds
[2026-09-07T05:10:18.645+0000] {processor.py:161} INFO - Started process (PID=2367) to work on /opt/airflow/dags/netflix_dag.py
[2026-09-07T05:10:18.667+0000] {processor.py:830} INFO - Processing file /opt/airflow/dags/netflix_dag.py for tasks to queue
[2026-09-07T05:10:18.703+0000] {logging_mixin.py:188} INFO - [2026-09-07T05:10:18.702+0000] {dagbag.py:545} INFO - Filling up the DagBag from /opt/airflow/dags/netflix_dag.py
[2026-09-07T05:10:19.441+0000] {processor.py:840} INFO - DAG(s) 'netflix_etl_pipeline' retrieved from /opt/airflow/dags/netflix_dag.py
[2026-09-07T05:10:19.683+0000] {logging_mixin.py:188} INFO - [2026-09-07T05:10:19.683+0000] {dag.py:3089} INFO - Sync 1 DAGs
[2026-09-07T05:10:19.870+0000] {logging_mixin.py:188} INFO - [2026-09-07T05:10:19.869+0000] {dag.py:3947} INFO - Setting next_dagrun for netflix_etl_pipeline to 2026-09-06 00:00:00+00:00, run_after=2026-09-07 00:00:00+00:00
[2026-09-07T05:10:20.007+0000] {processor.py:183} INFO - Processing /opt/airflow/dags/netflix_dag.py took 1.402 seconds
[2026-09-07T05:10:50.769+0000] {processor.py:161} INFO - Started process (PID=2378) to work on /opt/airflow/dags/netflix_dag.py
[2026-09-07T05:10:50.772+0000] {processor.py:830} INFO - Processing file /opt/airflow/dags/netflix_dag.py for tasks to queue
[2026-09-07T05:10:50.778+0000] {logging_mixin.py:188} INFO - [2026-09-07T05:10:50.777+0000] {dagbag.py:545} INFO - Filling up the DagBag from /opt/airflow/dags/netflix_dag.py
[2026-09-07T05:10:50.828+0000] {processor.py:840} INFO - DAG(s) 'netflix_etl_pipeline' retrieved from /opt/airflow/dags/netflix_dag.py
[2026-09-07T05:10:51.038+0000] {logging_mixin.py:188} INFO - [2026-09-07T05:10:51.037+0000] {dag.py:3089} INFO - Sync 1 DAGs
[2026-09-07T05:10:51.330+0000] {logging_mixin.py:188} INFO - [2026-09-07T05:10:51.329+0000] {dag.py:3947} INFO - Setting next_dagrun for netflix_etl_pipeline to 2026-09-06 00:00:00+00:00, run_after=2026-09-07 00:00:00+00:00
[2026-09-07T05:10:51.578+0000] {processor.py:183} INFO - Processing /opt/airflow/dags/netflix_dag.py took 0.827 seconds
[2026-09-07T05:11:22.426+0000] {processor.py:161} INFO - Started process (PID=2389) to work on /opt/airflow/dags/netflix_dag.py
[2026-09-07T05:11:22.430+0000] {processor.py:830} INFO - Processing file /opt/airflow/dags/netflix_dag.py for tasks to queue
[2026-09-07T05:11:22.437+0000] {logging_mixin.py:188} INFO - [2026-09-07T05:11:22.436+0000] {dagbag.py:545} INFO - Filling up the DagBag from /opt/airflow/dags/netflix_dag.py
[2026-09-07T05:11:22.813+0000] {processor.py:840} INFO - DAG(s) 'netflix_etl_pipeline' retrieved from /opt/airflow/dags/netflix_dag.py
[2026-09-07T05:11:23.215+0000] {logging_mixin.py:188} INFO - [2026-09-07T05:11:23.214+0000] {dag.py:3089} INFO - Sync 1 DAGs
[2026-09-07T05:11:23.427+0000] {logging_mixin.py:188} INFO - [2026-09-07T05:11:23.417+0000] {dag.py:3947} INFO - Setting next_dagrun for netflix_etl_pipeline to 2026-09-06 00:00:00+00:00, run_after=2026-09-07 00:00:00+00:00
[2026-09-07T05:11:23.610+0000] {processor.py:183} INFO - Processing /opt/airflow/dags/netflix_dag.py took 1.203 seconds
[2026-09-07T05:11:54.332+0000] {processor.py:161} INFO - Started process (PID=2400) to work on /opt/airflow/dags/netflix_dag.py
[2026-09-07T05:11:54.336+0000] {processor.py:830} INFO - Processing file /opt/airflow/dags/netflix_dag.py for tasks to queue
[2026-09-07T05:11:54.343+0000] {logging_mixin.py:188} INFO - [2026-09-07T05:11:54.342+0000] {dagbag.py:545} INFO - Filling up the DagBag from /opt/airflow/dags/netflix_dag.py
[2026-09-07T05:11:54.395+0000] {processor.py:840} INFO - DAG(s) 'netflix_etl_pipeline' retrieved from /opt/airflow/dags/netflix_dag.py
[2026-09-07T05:11:54.546+0000] {logging_mixin.py:188} INFO - [2026-09-07T05:11:54.546+0000] {dag.py:3089} INFO - Sync 1 DAGs
[2026-09-07T05:11:54.753+0000] {logging_mixin.py:188} INFO - [2026-09-07T05:11:54.752+0000] {dag.py:3947} INFO - Setting next_dagrun for netflix_etl_pipeline to 2026-09-06 00:00:00+00:00, run_after=2026-09-07 00:00:00+00:00
[2026-09-07T05:11:54.970+0000] {processor.py:183} INFO - Processing /opt/airflow/dags/netflix_dag.py took 0.660 seconds
[2026-09-07T05:12:25.801+0000] {processor.py:161} INFO - Started process (PID=2411) to work on /opt/airflow/dags/netflix_dag.py
[2026-09-07T05:12:25.804+0000] {processor.py:830} INFO - Processing file /opt/airflow/dags/netflix_dag.py for tasks to queue
[2026-09-07T05:12:25.809+0000] {logging_mixin.py:188} INFO - [2026-09-07T05:12:25.808+0000] {dagbag.py:545} INFO - Filling up the DagBag from /opt/airflow/dags/netflix_dag.py
[2026-09-07T05:12:25.860+0000] {processor.py:840} INFO - DAG(s) 'netflix_etl_pipeline' retrieved from /opt/airflow/dags/netflix_dag.py
[2026-09-07T05:12:25.939+0000] {logging_mixin.py:188} INFO - [2026-09-07T05:12:25.938+0000] {dag.py:3089} INFO - Sync 1 DAGs
[2026-09-07T05:12:25.991+0000] {logging_mixin.py:188} INFO - [2026-09-07T05:12:25.991+0000] {dag.py:3947} INFO - Setting next_dagrun for netflix_etl_pipeline to 2026-09-06 00:00:00+00:00, run_after=2026-09-07 00:00:00+00:00
[2026-09-07T05:12:26.035+0000] {processor.py:183} INFO - Processing /opt/airflow/dags/netflix_dag.py took 0.252 seconds
[2026-09-07T05:12:58.672+0000] {processor.py:161} INFO - Started process (PID=2422) to work on /opt/airflow/dags/netflix_dag.py
[2026-09-07T05:12:59.595+0000] {processor.py:830} INFO - Processing file /opt/airflow/dags/netflix_dag.py for tasks to queue
[2026-09-07T05:12:59.601+0000] {logging_mixin.py:188} INFO - [2026-09-07T05:12:59.600+0000] {dagbag.py:545} INFO - Filling up the DagBag from /opt/airflow/dags/netflix_dag.py
[2026-09-07T05:12:59.687+0000] {processor.py:840} INFO - DAG(s) 'netflix_etl_pipeline' retrieved from /opt/airflow/dags/netflix_dag.py
[2026-09-07T05:12:59.987+0000] {logging_mixin.py:188} INFO - [2026-09-07T05:12:59.986+0000] {dag.py:3089} INFO - Sync 1 DAGs
[2026-09-07T05:13:00.208+0000] {logging_mixin.py:188} INFO - [2026-09-07T05:13:00.208+0000] {dag.py:3947} INFO - Setting next_dagrun for netflix_etl_pipeline to 2026-09-06 00:00:00+00:00, run_after=2026-09-07 00:00:00+00:00
[2026-09-07T05:13:00.591+0000] {processor.py:183} INFO - Processing /opt/airflow/dags/netflix_dag.py took 1.930 seconds
[2026-09-07T05:13:31.514+0000] {processor.py:161} INFO - Started process (PID=2433) to work on /opt/airflow/dags/netflix_dag.py
[2026-09-07T05:13:31.516+0000] {processor.py:830} INFO - Processing file /opt/airflow/dags/netflix_dag.py for tasks to queue
[2026-09-07T05:13:31.522+0000] {logging_mixin.py:188} INFO - [2026-09-07T05:13:31.522+0000] {dagbag.py:545} INFO - Filling up the DagBag from /opt/airflow/dags/netflix_dag.py
[2026-09-07T05:13:31.584+0000] {processor.py:840} INFO - DAG(s) 'netflix_etl_pipeline' retrieved from /opt/airflow/dags/netflix_dag.py
[2026-09-07T05:13:31.841+0000] {logging_mixin.py:188} INFO - [2026-09-07T05:13:31.841+0000] {dag.py:3089} INFO - Sync 1 DAGs
[2026-09-07T05:13:32.068+0000] {logging_mixin.py:188} INFO - [2026-09-07T05:13:32.067+0000] {dag.py:3947} INFO - Setting next_dagrun for netflix_etl_pipeline to 2026-09-06 00:00:00+00:00, run_after=2026-09-07 00:00:00+00:00
[2026-09-07T05:13:32.263+0000] {processor.py:183} INFO - Processing /opt/airflow/dags/netflix_dag.py took 0.767 seconds
[2026-09-07T05:14:04.627+0000] {processor.py:161} INFO - Started process (PID=2444) to work on /opt/airflow/dags/netflix_dag.py
[2026-09-07T05:14:04.677+0000] {processor.py:830} INFO - Processing file /opt/airflow/dags/netflix_dag.py for tasks to queue
[2026-09-07T05:14:04.735+0000] {logging_mixin.py:188} INFO - [2026-09-07T05:14:04.733+0000] {dagbag.py:545} INFO - Filling up the DagBag from /opt/airflow/dags/netflix_dag.py
[2026-09-07T05:14:04.834+0000] {processor.py:840} INFO - DAG(s) 'netflix_etl_pipeline' retrieved from /opt/airflow/dags/netflix_dag.py
[2026-09-07T05:14:04.926+0000] {logging_mixin.py:188} INFO - [2026-09-07T05:14:04.926+0000] {dag.py:3089} INFO - Sync 1 DAGs
[2026-09-07T05:14:05.035+0000] {logging_mixin.py:188} INFO - [2026-09-07T05:14:05.034+0000] {dag.py:3947} INFO - Setting next_dagrun for netflix_etl_pipeline to 2026-09-06 00:00:00+00:00, run_after=2026-09-07 00:00:00+00:00
[2026-09-07T05:14:05.287+0000] {processor.py:183} INFO - Processing /opt/airflow/dags/netflix_dag.py took 0.693 seconds
[2026-09-07T05:14:36.025+0000] {processor.py:161} INFO - Started process (PID=2456) to work on /opt/airflow/dags/netflix_dag.py
[2026-09-07T05:14:36.029+0000] {processor.py:830} INFO - Processing file /opt/airflow/dags/netflix_dag.py for tasks to queue
[2026-09-07T05:14:36.037+0000] {logging_mixin.py:188} INFO - [2026-09-07T05:14:36.035+0000] {dagbag.py:545} INFO - Filling up the DagBag from /opt/airflow/dags/netflix_dag.py
[2026-09-07T05:14:36.088+0000] {processor.py:840} INFO - DAG(s) 'netflix_etl_pipeline' retrieved from /opt/airflow/dags/netflix_dag.py
[2026-09-07T05:14:36.283+0000] {logging_mixin.py:188} INFO - [2026-09-07T05:14:36.282+0000] {dag.py:3089} INFO - Sync 1 DAGs
[2026-09-07T05:14:36.511+0000] {logging_mixin.py:188} INFO - [2026-09-07T05:14:36.510+0000] {dag.py:3947} INFO - Setting next_dagrun for netflix_etl_pipeline to 2026-09-06 00:00:00+00:00, run_after=2026-09-07 00:00:00+00:00
[2026-09-07T05:14:36.806+0000] {processor.py:183} INFO - Processing /opt/airflow/dags/netflix_dag.py took 0.801 seconds
[2026-09-07T05:15:07.771+0000] {processor.py:161} INFO - Started process (PID=2467) to work on /opt/airflow/dags/netflix_dag.py
[2026-09-07T05:15:07.774+0000] {processor.py:830} INFO - Processing file /opt/airflow/dags/netflix_dag.py for tasks to queue
[2026-09-07T05:15:07.779+0000] {logging_mixin.py:188} INFO - [2026-09-07T05:15:07.778+0000] {dagbag.py:545} INFO - Filling up the DagBag from /opt/airflow/dags/netflix_dag.py
[2026-09-07T05:15:07.846+0000] {processor.py:840} INFO - DAG(s) 'netflix_etl_pipeline' retrieved from /opt/airflow/dags/netflix_dag.py
[2026-09-07T05:15:08.078+0000] {logging_mixin.py:188} INFO - [2026-09-07T05:15:08.077+0000] {dag.py:3089} INFO - Sync 1 DAGs
[2026-09-07T05:15:08.286+0000] {logging_mixin.py:188} INFO - [2026-09-07T05:15:08.286+0000] {dag.py:3947} INFO - Setting next_dagrun for netflix_etl_pipeline to 2026-09-06 00:00:00+00:00, run_after=2026-09-07 00:00:00+00:00
[2026-09-07T05:15:08.536+0000] {processor.py:183} INFO - Processing /opt/airflow/dags/netflix_dag.py took 0.782 seconds
[2026-09-07T05:15:38.908+0000] {processor.py:161} INFO - Started process (PID=2484) to work on /opt/airflow/dags/netflix_dag.py
[2026-09-07T05:15:38.911+0000] {processor.py:830} INFO - Processing file /opt/airflow/dags/netflix_dag.py for tasks to queue
[2026-09-07T05:15:38.916+0000] {logging_mixin.py:188} INFO - [2026-09-07T05:15:38.916+0000] {dagbag.py:545} INFO - Filling up the DagBag from /opt/airflow/dags/netflix_dag.py
[2026-09-07T05:15:38.970+0000] {processor.py:840} INFO - DAG(s) 'netflix_etl_pipeline' retrieved from /opt/airflow/dags/netflix_dag.py
[2026-09-07T05:15:39.050+0000] {logging_mixin.py:188} INFO - [2026-09-07T05:15:39.050+0000] {dag.py:3089} INFO - Sync 1 DAGs
[2026-09-07T05:15:39.101+0000] {logging_mixin.py:188} INFO - [2026-09-07T05:15:39.101+0000] {dag.py:3947} INFO - Setting next_dagrun for netflix_etl_pipeline to 2026-09-06 00:00:00+00:00, run_after=2026-09-07 00:00:00+00:00
[2026-09-07T05:15:39.144+0000] {processor.py:183} INFO - Processing /opt/airflow/dags/netflix_dag.py took 0.250 seconds
[2026-09-07T05:16:09.962+0000] {processor.py:161} INFO - Started process (PID=2495) to work on /opt/airflow/dags/netflix_dag.py
[2026-09-07T05:16:09.972+0000] {processor.py:830} INFO - Processing file /opt/airflow/dags/netflix_dag.py for tasks to queue
[2026-09-07T05:16:09.980+0000] {logging_mixin.py:188} INFO - [2026-09-07T05:16:09.979+0000] {dagbag.py:545} INFO - Filling up the DagBag from /opt/airflow/dags/netflix_dag.py
[2026-09-07T05:16:10.035+0000] {processor.py:840} INFO - DAG(s) 'netflix_etl_pipeline' retrieved from /opt/airflow/dags/netflix_dag.py
[2026-09-07T05:16:10.322+0000] {logging_mixin.py:188} INFO - [2026-09-07T05:16:10.321+0000] {dag.py:3089} INFO - Sync 1 DAGs
[2026-09-07T05:16:10.496+0000] {logging_mixin.py:188} INFO - [2026-09-07T05:16:10.496+0000] {dag.py:3947} INFO - Setting next_dagrun for netflix_etl_pipeline to 2026-09-06 00:00:00+00:00, run_after=2026-09-07 00:00:00+00:00
[2026-09-07T05:16:10.771+0000] {processor.py:183} INFO - Processing /opt/airflow/dags/netflix_dag.py took 0.857 seconds
[2026-09-07T05:16:41.792+0000] {processor.py:161} INFO - Started process (PID=2506) to work on /opt/airflow/dags/netflix_dag.py
[2026-09-07T05:16:41.808+0000] {processor.py:830} INFO - Processing file /opt/airflow/dags/netflix_dag.py for tasks to queue
[2026-09-07T05:16:41.840+0000] {logging_mixin.py:188} INFO - [2026-09-07T05:16:41.839+0000] {dagbag.py:545} INFO - Filling up the DagBag from /opt/airflow/dags/netflix_dag.py
[2026-09-07T05:16:41.962+0000] {processor.py:840} INFO - DAG(s) 'netflix_etl_pipeline' retrieved from /opt/airflow/dags/netflix_dag.py
[2026-09-07T05:16:42.090+0000] {logging_mixin.py:188} INFO - [2026-09-07T05:16:42.089+0000] {dag.py:3089} INFO - Sync 1 DAGs
[2026-09-07T05:16:42.168+0000] {logging_mixin.py:188} INFO - [2026-09-07T05:16:42.167+0000] {dag.py:3947} INFO - Setting next_dagrun for netflix_etl_pipeline to 2026-09-06 00:00:00+00:00, run_after=2026-09-07 00:00:00+00:00
[2026-09-07T05:16:42.428+0000] {processor.py:183} INFO - Processing /opt/airflow/dags/netflix_dag.py took 0.673 seconds
[2026-09-07T05:17:13.088+0000] {processor.py:161} INFO - Started process (PID=2517) to work on /opt/airflow/dags/netflix_dag.py
[2026-09-07T05:17:13.092+0000] {processor.py:830} INFO - Processing file /opt/airflow/dags/netflix_dag.py for tasks to queue
[2026-09-07T05:17:13.099+0000] {logging_mixin.py:188} INFO - [2026-09-07T05:17:13.097+0000] {dagbag.py:545} INFO - Filling up the DagBag from /opt/airflow/dags/netflix_dag.py
[2026-09-07T05:17:13.363+0000] {processor.py:840} INFO - DAG(s) 'netflix_etl_pipeline' retrieved from /opt/airflow/dags/netflix_dag.py
[2026-09-07T05:17:13.568+0000] {logging_mixin.py:188} INFO - [2026-09-07T05:17:13.567+0000] {dag.py:3089} INFO - Sync 1 DAGs
[2026-09-07T05:17:13.661+0000] {logging_mixin.py:188} INFO - [2026-09-07T05:17:13.660+0000] {dag.py:3947} INFO - Setting next_dagrun for netflix_etl_pipeline to 2026-09-06 00:00:00+00:00, run_after=2026-09-07 00:00:00+00:00
[2026-09-07T05:17:13.863+0000] {processor.py:183} INFO - Processing /opt/airflow/dags/netflix_dag.py took 0.792 seconds
[2026-09-07T05:17:45.032+0000] {processor.py:161} INFO - Started process (PID=2528) to work on /opt/airflow/dags/netflix_dag.py
[2026-09-07T05:17:45.084+0000] {processor.py:830} INFO - Processing file /opt/airflow/dags/netflix_dag.py for tasks to queue
[2026-09-07T05:17:45.124+0000] {logging_mixin.py:188} INFO - [2026-09-07T05:17:45.123+0000] {dagbag.py:545} INFO - Filling up the DagBag from /opt/airflow/dags/netflix_dag.py
[2026-09-07T05:17:45.801+0000] {processor.py:840} INFO - DAG(s) 'netflix_etl_pipeline' retrieved from /opt/airflow/dags/netflix_dag.py
[2026-09-07T05:17:46.078+0000] {logging_mixin.py:188} INFO - [2026-09-07T05:17:46.077+0000] {dag.py:3089} INFO - Sync 1 DAGs
[2026-09-07T05:17:46.261+0000] {logging_mixin.py:188} INFO - [2026-09-07T05:17:46.260+0000] {dag.py:3947} INFO - Setting next_dagrun for netflix_etl_pipeline to 2026-09-06 00:00:00+00:00, run_after=2026-09-07 00:00:00+00:00
[2026-09-07T05:17:46.428+0000] {processor.py:183} INFO - Processing /opt/airflow/dags/netflix_dag.py took 1.434 seconds
[2026-09-07T05:18:17.482+0000] {processor.py:161} INFO - Started process (PID=2539) to work on /opt/airflow/dags/netflix_dag.py
[2026-09-07T05:18:17.495+0000] {processor.py:830} INFO - Processing file /opt/airflow/dags/netflix_dag.py for tasks to queue
[2026-09-07T05:18:17.513+0000] {logging_mixin.py:188} INFO - [2026-09-07T05:18:17.512+0000] {dagbag.py:545} INFO - Filling up the DagBag from /opt/airflow/dags/netflix_dag.py
[2026-09-07T05:18:18.384+0000] {processor.py:840} INFO - DAG(s) 'netflix_etl_pipeline' retrieved from /opt/airflow/dags/netflix_dag.py
[2026-09-07T05:18:18.579+0000] {logging_mixin.py:188} INFO - [2026-09-07T05:18:18.579+0000] {dag.py:3089} INFO - Sync 1 DAGs
[2026-09-07T05:18:18.644+0000] {logging_mixin.py:188} INFO - [2026-09-07T05:18:18.644+0000] {dag.py:3947} INFO - Setting next_dagrun for netflix_etl_pipeline to 2026-09-06 00:00:00+00:00, run_after=2026-09-07 00:00:00+00:00
[2026-09-07T05:18:18.810+0000] {processor.py:183} INFO - Processing /opt/airflow/dags/netflix_dag.py took 1.367 seconds
[2026-09-07T05:18:49.344+0000] {processor.py:161} INFO - Started process (PID=2550) to work on /opt/airflow/dags/netflix_dag.py
[2026-09-07T05:18:49.356+0000] {processor.py:830} INFO - Processing file /opt/airflow/dags/netflix_dag.py for tasks to queue
[2026-09-07T05:18:49.366+0000] {logging_mixin.py:188} INFO - [2026-09-07T05:18:49.365+0000] {dagbag.py:545} INFO - Filling up the DagBag from /opt/airflow/dags/netflix_dag.py
[2026-09-07T05:18:50.472+0000] {processor.py:840} INFO - DAG(s) 'netflix_etl_pipeline' retrieved from /opt/airflow/dags/netflix_dag.py
[2026-09-07T05:18:50.692+0000] {logging_mixin.py:188} INFO - [2026-09-07T05:18:50.691+0000] {dag.py:3089} INFO - Sync 1 DAGs
[2026-09-07T05:18:50.925+0000] {logging_mixin.py:188} INFO - [2026-09-07T05:18:50.925+0000] {dag.py:3947} INFO - Setting next_dagrun for netflix_etl_pipeline to 2026-09-06 00:00:00+00:00, run_after=2026-09-07 00:00:00+00:00
[2026-09-07T05:18:51.203+0000] {processor.py:183} INFO - Processing /opt/airflow/dags/netflix_dag.py took 1.912 seconds
[2026-09-07T05:19:23.697+0000] {processor.py:161} INFO - Started process (PID=2562) to work on /opt/airflow/dags/netflix_dag.py
[2026-09-07T05:19:23.703+0000] {processor.py:830} INFO - Processing file /opt/airflow/dags/netflix_dag.py for tasks to queue
[2026-09-07T05:19:23.724+0000] {logging_mixin.py:188} INFO - [2026-09-07T05:19:23.723+0000] {dagbag.py:545} INFO - Filling up the DagBag from /opt/airflow/dags/netflix_dag.py
[2026-09-07T05:19:23.877+0000] {processor.py:840} INFO - DAG(s) 'netflix_etl_pipeline' retrieved from /opt/airflow/dags/netflix_dag.py
[2026-09-07T05:19:24.144+0000] {logging_mixin.py:188} INFO - [2026-09-07T05:19:24.143+0000] {dag.py:3089} INFO - Sync 1 DAGs
[2026-09-07T05:19:24.389+0000] {logging_mixin.py:188} INFO - [2026-09-07T05:19:24.389+0000] {dag.py:3947} INFO - Setting next_dagrun for netflix_etl_pipeline to 2026-09-06 00:00:00+00:00, run_after=2026-09-07 00:00:00+00:00
[2026-09-07T05:19:24.653+0000] {processor.py:183} INFO - Processing /opt/airflow/dags/netflix_dag.py took 0.994 seconds
[2026-09-07T05:19:55.052+0000] {processor.py:161} INFO - Started process (PID=2573) to work on /opt/airflow/dags/netflix_dag.py
[2026-09-07T05:19:55.056+0000] {processor.py:830} INFO - Processing file /opt/airflow/dags/netflix_dag.py for tasks to queue
[2026-09-07T05:19:55.062+0000] {logging_mixin.py:188} INFO - [2026-09-07T05:19:55.061+0000] {dagbag.py:545} INFO - Filling up the DagBag from /opt/airflow/dags/netflix_dag.py
[2026-09-07T05:19:55.118+0000] {processor.py:840} INFO - DAG(s) 'netflix_etl_pipeline' retrieved from /opt/airflow/dags/netflix_dag.py
[2026-09-07T05:19:55.233+0000] {logging_mixin.py:188} INFO - [2026-09-07T05:19:55.233+0000] {dag.py:3089} INFO - Sync 1 DAGs
[2026-09-07T05:19:55.287+0000] {logging_mixin.py:188} INFO - [2026-09-07T05:19:55.286+0000] {dag.py:3947} INFO - Setting next_dagrun for netflix_etl_pipeline to 2026-09-06 00:00:00+00:00, run_after=2026-09-07 00:00:00+00:00
[2026-09-07T05:19:55.331+0000] {processor.py:183} INFO - Processing /opt/airflow/dags/netflix_dag.py took 0.300 seconds
[2026-09-07T05:20:26.607+0000] {processor.py:161} INFO - Started process (PID=2584) to work on /opt/airflow/dags/netflix_dag.py
[2026-09-07T05:20:26.642+0000] {processor.py:830} INFO - Processing file /opt/airflow/dags/netflix_dag.py for tasks to queue
[2026-09-07T05:20:26.678+0000] {logging_mixin.py:188} INFO - [2026-09-07T05:20:26.677+0000] {dagbag.py:545} INFO - Filling up the DagBag from /opt/airflow/dags/netflix_dag.py
[2026-09-07T05:20:27.468+0000] {processor.py:840} INFO - DAG(s) 'netflix_etl_pipeline' retrieved from /opt/airflow/dags/netflix_dag.py
[2026-09-07T05:20:27.739+0000] {logging_mixin.py:188} INFO - [2026-09-07T05:20:27.738+0000] {dag.py:3089} INFO - Sync 1 DAGs
[2026-09-07T05:20:27.959+0000] {logging_mixin.py:188} INFO - [2026-09-07T05:20:27.959+0000] {dag.py:3947} INFO - Setting next_dagrun for netflix_etl_pipeline to 2026-09-06 00:00:00+00:00, run_after=2026-09-07 00:00:00+00:00
[2026-09-07T05:20:28.117+0000] {processor.py:183} INFO - Processing /opt/airflow/dags/netflix_dag.py took 1.581 seconds
[2026-09-07T05:20:59.754+0000] {processor.py:161} INFO - Started process (PID=2595) to work on /opt/airflow/dags/netflix_dag.py
[2026-09-07T05:20:59.764+0000] {processor.py:830} INFO - Processing file /opt/airflow/dags/netflix_dag.py for tasks to queue
[2026-09-07T05:20:59.771+0000] {logging_mixin.py:188} INFO - [2026-09-07T05:20:59.770+0000] {dagbag.py:545} INFO - Filling up the DagBag from /opt/airflow/dags/netflix_dag.py
[2026-09-07T05:20:59.842+0000] {processor.py:840} INFO - DAG(s) 'netflix_etl_pipeline' retrieved from /opt/airflow/dags/netflix_dag.py
[2026-09-07T05:21:00.199+0000] {logging_mixin.py:188} INFO - [2026-09-07T05:21:00.198+0000] {dag.py:3089} INFO - Sync 1 DAGs
[2026-09-07T05:21:00.477+0000] {logging_mixin.py:188} INFO - [2026-09-07T05:21:00.477+0000] {dag.py:3947} INFO - Setting next_dagrun for netflix_etl_pipeline to 2026-09-06 00:00:00+00:00, run_after=2026-09-07 00:00:00+00:00
[2026-09-07T05:21:00.748+0000] {processor.py:183} INFO - Processing /opt/airflow/dags/netflix_dag.py took 1.026 seconds
[2026-09-07T05:21:31.880+0000] {processor.py:161} INFO - Started process (PID=2606) to work on /opt/airflow/dags/netflix_dag.py
[2026-09-07T05:21:31.884+0000] {processor.py:830} INFO - Processing file /opt/airflow/dags/netflix_dag.py for tasks to queue
[2026-09-07T05:21:31.897+0000] {logging_mixin.py:188} INFO - [2026-09-07T05:21:31.896+0000] {dagbag.py:545} INFO - Filling up the DagBag from /opt/airflow/dags/netflix_dag.py
[2026-09-07T05:21:31.986+0000] {processor.py:840} INFO - DAG(s) 'netflix_etl_pipeline' retrieved from /opt/airflow/dags/netflix_dag.py
[2026-09-07T05:21:32.231+0000] {logging_mixin.py:188} INFO - [2026-09-07T05:21:32.229+0000] {dag.py:3089} INFO - Sync 1 DAGs
[2026-09-07T05:21:32.672+0000] {logging_mixin.py:188} INFO - [2026-09-07T05:21:32.672+0000] {dag.py:3947} INFO - Setting next_dagrun for netflix_etl_pipeline to 2026-09-06 00:00:00+00:00, run_after=2026-09-07 00:00:00+00:00
[2026-09-07T05:21:33.030+0000] {processor.py:183} INFO - Processing /opt/airflow/dags/netflix_dag.py took 1.187 seconds
[2026-09-07T05:22:05.549+0000] {processor.py:161} INFO - Started process (PID=2617) to work on /opt/airflow/dags/netflix_dag.py
[2026-09-07T05:22:05.612+0000] {processor.py:830} INFO - Processing file /opt/airflow/dags/netflix_dag.py for tasks to queue
[2026-09-07T05:22:05.661+0000] {logging_mixin.py:188} INFO - [2026-09-07T05:22:05.660+0000] {dagbag.py:545} INFO - Filling up the DagBag from /opt/airflow/dags/netflix_dag.py
[2026-09-07T05:22:06.891+0000] {processor.py:840} INFO - DAG(s) 'netflix_etl_pipeline' retrieved from /opt/airflow/dags/netflix_dag.py
[2026-09-07T05:22:07.043+0000] {logging_mixin.py:188} INFO - [2026-09-07T05:22:07.043+0000] {dag.py:3089} INFO - Sync 1 DAGs
[2026-09-07T05:22:07.118+0000] {logging_mixin.py:188} INFO - [2026-09-07T05:22:07.117+0000] {dag.py:3947} INFO - Setting next_dagrun for netflix_etl_pipeline to 2026-09-06 00:00:00+00:00, run_after=2026-09-07 00:00:00+00:00
[2026-09-07T05:22:07.399+0000] {processor.py:183} INFO - Processing /opt/airflow/dags/netflix_dag.py took 1.876 seconds
[2026-09-07T05:22:39.817+0000] {processor.py:161} INFO - Started process (PID=2628) to work on /opt/airflow/dags/netflix_dag.py
[2026-09-07T05:22:39.851+0000] {processor.py:830} INFO - Processing file /opt/airflow/dags/netflix_dag.py for tasks to queue
[2026-09-07T05:22:39.895+0000] {logging_mixin.py:188} INFO - [2026-09-07T05:22:39.894+0000] {dagbag.py:545} INFO - Filling up the DagBag from /opt/airflow/dags/netflix_dag.py
[2026-09-07T05:22:41.297+0000] {processor.py:840} INFO - DAG(s) 'netflix_etl_pipeline' retrieved from /opt/airflow/dags/netflix_dag.py
[2026-09-07T05:22:41.619+0000] {logging_mixin.py:188} INFO - [2026-09-07T05:22:41.619+0000] {dag.py:3089} INFO - Sync 1 DAGs
[2026-09-07T05:22:41.815+0000] {logging_mixin.py:188} INFO - [2026-09-07T05:22:41.814+0000] {dag.py:3947} INFO - Setting next_dagrun for netflix_etl_pipeline to 2026-09-06 00:00:00+00:00, run_after=2026-09-07 00:00:00+00:00
[2026-09-07T05:22:42.038+0000] {processor.py:183} INFO - Processing /opt/airflow/dags/netflix_dag.py took 2.259 seconds
[2026-09-07T05:23:13.728+0000] {processor.py:161} INFO - Started process (PID=2639) to work on /opt/airflow/dags/netflix_dag.py
[2026-09-07T05:23:13.750+0000] {processor.py:830} INFO - Processing file /opt/airflow/dags/netflix_dag.py for tasks to queue
[2026-09-07T05:23:13.778+0000] {logging_mixin.py:188} INFO - [2026-09-07T05:23:13.777+0000] {dagbag.py:545} INFO - Filling up the DagBag from /opt/airflow/dags/netflix_dag.py
[2026-09-07T05:23:14.340+0000] {processor.py:840} INFO - DAG(s) 'netflix_etl_pipeline' retrieved from /opt/airflow/dags/netflix_dag.py
[2026-09-07T05:23:14.490+0000] {logging_mixin.py:188} INFO - [2026-09-07T05:23:14.489+0000] {dag.py:3089} INFO - Sync 1 DAGs
[2026-09-07T05:23:14.725+0000] {logging_mixin.py:188} INFO - [2026-09-07T05:23:14.714+0000] {dag.py:3947} INFO - Setting next_dagrun for netflix_etl_pipeline to 2026-09-06 00:00:00+00:00, run_after=2026-09-07 00:00:00+00:00
[2026-09-07T05:23:14.932+0000] {processor.py:183} INFO - Processing /opt/airflow/dags/netflix_dag.py took 1.232 seconds
[2026-09-07T05:23:46.689+0000] {processor.py:161} INFO - Started process (PID=2657) to work on /opt/airflow/dags/netflix_dag.py
[2026-09-07T05:23:46.692+0000] {processor.py:830} INFO - Processing file /opt/airflow/dags/netflix_dag.py for tasks to queue
[2026-09-07T05:23:46.697+0000] {logging_mixin.py:188} INFO - [2026-09-07T05:23:46.696+0000] {dagbag.py:545} INFO - Filling up the DagBag from /opt/airflow/dags/netflix_dag.py
[2026-09-07T05:23:46.753+0000] {processor.py:840} INFO - DAG(s) 'netflix_etl_pipeline' retrieved from /opt/airflow/dags/netflix_dag.py
[2026-09-07T05:23:47.140+0000] {logging_mixin.py:188} INFO - [2026-09-07T05:23:47.139+0000] {dag.py:3089} INFO - Sync 1 DAGs
[2026-09-07T05:23:47.188+0000] {logging_mixin.py:188} INFO - [2026-09-07T05:23:47.187+0000] {dag.py:3947} INFO - Setting next_dagrun for netflix_etl_pipeline to 2026-09-06 00:00:00+00:00, run_after=2026-09-07 00:00:00+00:00
[2026-09-07T05:23:48.162+0000] {processor.py:183} INFO - Processing /opt/airflow/dags/netflix_dag.py took 1.485 seconds
[2026-09-07T05:24:18.869+0000] {processor.py:161} INFO - Started process (PID=2668) to work on /opt/airflow/dags/netflix_dag.py
[2026-09-07T05:24:18.876+0000] {processor.py:830} INFO - Processing file /opt/airflow/dags/netflix_dag.py for tasks to queue
[2026-09-07T05:24:18.883+0000] {logging_mixin.py:188} INFO - [2026-09-07T05:24:18.882+0000] {dagbag.py:545} INFO - Filling up the DagBag from /opt/airflow/dags/netflix_dag.py
[2026-09-07T05:24:18.938+0000] {processor.py:840} INFO - DAG(s) 'netflix_etl_pipeline' retrieved from /opt/airflow/dags/netflix_dag.py
[2026-09-07T05:24:19.205+0000] {logging_mixin.py:188} INFO - [2026-09-07T05:24:19.193+0000] {dag.py:3089} INFO - Sync 1 DAGs
[2026-09-07T05:24:19.420+0000] {logging_mixin.py:188} INFO - [2026-09-07T05:24:19.420+0000] {dag.py:3947} INFO - Setting next_dagrun for netflix_etl_pipeline to 2026-09-06 00:00:00+00:00, run_after=2026-09-07 00:00:00+00:00
[2026-09-07T05:24:19.686+0000] {processor.py:183} INFO - Processing /opt/airflow/dags/netflix_dag.py took 0.838 seconds
[2026-09-07T05:24:50.161+0000] {processor.py:161} INFO - Started process (PID=2679) to work on /opt/airflow/dags/netflix_dag.py
[2026-09-07T05:24:50.165+0000] {processor.py:830} INFO - Processing file /opt/airflow/dags/netflix_dag.py for tasks to queue
[2026-09-07T05:24:50.170+0000] {logging_mixin.py:188} INFO - [2026-09-07T05:24:50.170+0000] {dagbag.py:545} INFO - Filling up the DagBag from /opt/airflow/dags/netflix_dag.py
[2026-09-07T05:24:50.214+0000] {processor.py:840} INFO - DAG(s) 'netflix_etl_pipeline' retrieved from /opt/airflow/dags/netflix_dag.py
[2026-09-07T05:24:50.410+0000] {logging_mixin.py:188} INFO - [2026-09-07T05:24:50.409+0000] {dag.py:3089} INFO - Sync 1 DAGs
[2026-09-07T05:24:50.621+0000] {logging_mixin.py:188} INFO - [2026-09-07T05:24:50.621+0000] {dag.py:3947} INFO - Setting next_dagrun for netflix_etl_pipeline to 2026-09-06 00:00:00+00:00, run_after=2026-09-07 00:00:00+00:00
[2026-09-07T05:24:50.904+0000] {processor.py:183} INFO - Processing /opt/airflow/dags/netflix_dag.py took 0.763 seconds
[2026-09-07T05:25:22.435+0000] {processor.py:161} INFO - Started process (PID=2690) to work on /opt/airflow/dags/netflix_dag.py
[2026-09-07T05:25:22.445+0000] {processor.py:830} INFO - Processing file /opt/airflow/dags/netflix_dag.py for tasks to queue
[2026-09-07T05:25:22.481+0000] {logging_mixin.py:188} INFO - [2026-09-07T05:25:22.480+0000] {dagbag.py:545} INFO - Filling up the DagBag from /opt/airflow/dags/netflix_dag.py
[2026-09-07T05:25:22.885+0000] {processor.py:840} INFO - DAG(s) 'netflix_etl_pipeline' retrieved from /opt/airflow/dags/netflix_dag.py
[2026-09-07T05:25:22.969+0000] {logging_mixin.py:188} INFO - [2026-09-07T05:25:22.969+0000] {dag.py:3089} INFO - Sync 1 DAGs
[2026-09-07T05:25:23.027+0000] {logging_mixin.py:188} INFO - [2026-09-07T05:25:23.026+0000] {dag.py:3947} INFO - Setting next_dagrun for netflix_etl_pipeline to 2026-09-06 00:00:00+00:00, run_after=2026-09-07 00:00:00+00:00
[2026-09-07T05:25:23.177+0000] {processor.py:183} INFO - Processing /opt/airflow/dags/netflix_dag.py took 0.780 seconds
[2026-09-07T05:25:53.930+0000] {processor.py:161} INFO - Started process (PID=2701) to work on /opt/airflow/dags/netflix_dag.py
[2026-09-07T05:25:53.934+0000] {processor.py:830} INFO - Processing file /opt/airflow/dags/netflix_dag.py for tasks to queue
[2026-09-07T05:25:53.939+0000] {logging_mixin.py:188} INFO - [2026-09-07T05:25:53.938+0000] {dagbag.py:545} INFO - Filling up the DagBag from /opt/airflow/dags/netflix_dag.py
[2026-09-07T05:25:53.993+0000] {processor.py:840} INFO - DAG(s) 'netflix_etl_pipeline' retrieved from /opt/airflow/dags/netflix_dag.py
[2026-09-07T05:25:54.068+0000] {logging_mixin.py:188} INFO - [2026-09-07T05:25:54.068+0000] {dag.py:3089} INFO - Sync 1 DAGs
[2026-09-07T05:25:54.118+0000] {logging_mixin.py:188} INFO - [2026-09-07T05:25:54.118+0000] {dag.py:3947} INFO - Setting next_dagrun for netflix_etl_pipeline to 2026-09-06 00:00:00+00:00, run_after=2026-09-07 00:00:00+00:00
[2026-09-07T05:25:54.163+0000] {processor.py:183} INFO - Processing /opt/airflow/dags/netflix_dag.py took 0.248 seconds
[2026-09-07T05:26:25.811+0000] {processor.py:161} INFO - Started process (PID=2712) to work on /opt/airflow/dags/netflix_dag.py
[2026-09-07T05:26:25.848+0000] {processor.py:830} INFO - Processing file /opt/airflow/dags/netflix_dag.py for tasks to queue
[2026-09-07T05:26:25.883+0000] {logging_mixin.py:188} INFO - [2026-09-07T05:26:25.882+0000] {dagbag.py:545} INFO - Filling up the DagBag from /opt/airflow/dags/netflix_dag.py
[2026-09-07T05:26:26.376+0000] {processor.py:840} INFO - DAG(s) 'netflix_etl_pipeline' retrieved from /opt/airflow/dags/netflix_dag.py
[2026-09-07T05:26:26.490+0000] {logging_mixin.py:188} INFO - [2026-09-07T05:26:26.490+0000] {dag.py:3089} INFO - Sync 1 DAGs
[2026-09-07T05:26:26.549+0000] {logging_mixin.py:188} INFO - [2026-09-07T05:26:26.548+0000] {dag.py:3947} INFO - Setting next_dagrun for netflix_etl_pipeline to 2026-09-06 00:00:00+00:00, run_after=2026-09-07 00:00:00+00:00
[2026-09-07T05:26:26.593+0000] {processor.py:183} INFO - Processing /opt/airflow/dags/netflix_dag.py took 0.821 seconds
[2026-09-07T05:26:57.118+0000] {processor.py:161} INFO - Started process (PID=2723) to work on /opt/airflow/dags/netflix_dag.py
[2026-09-07T05:26:57.123+0000] {processor.py:830} INFO - Processing file /opt/airflow/dags/netflix_dag.py for tasks to queue
[2026-09-07T05:26:57.130+0000] {logging_mixin.py:188} INFO - [2026-09-07T05:26:57.129+0000] {dagbag.py:545} INFO - Filling up the DagBag from /opt/airflow/dags/netflix_dag.py
[2026-09-07T05:26:57.188+0000] {processor.py:840} INFO - DAG(s) 'netflix_etl_pipeline' retrieved from /opt/airflow/dags/netflix_dag.py
[2026-09-07T05:26:57.290+0000] {logging_mixin.py:188} INFO - [2026-09-07T05:26:57.290+0000] {dag.py:3089} INFO - Sync 1 DAGs
[2026-09-07T05:26:57.470+0000] {logging_mixin.py:188} INFO - [2026-09-07T05:26:57.470+0000] {dag.py:3947} INFO - Setting next_dagrun for netflix_etl_pipeline to 2026-09-06 00:00:00+00:00, run_after=2026-09-07 00:00:00+00:00
[2026-09-07T05:26:57.637+0000] {processor.py:183} INFO - Processing /opt/airflow/dags/netflix_dag.py took 0.555 seconds
[2026-09-07T05:27:28.725+0000] {processor.py:161} INFO - Started process (PID=2734) to work on /opt/airflow/dags/netflix_dag.py
[2026-09-07T05:27:28.740+0000] {processor.py:830} INFO - Processing file /opt/airflow/dags/netflix_dag.py for tasks to queue
[2026-09-07T05:27:28.767+0000] {logging_mixin.py:188} INFO - [2026-09-07T05:27:28.766+0000] {dagbag.py:545} INFO - Filling up the DagBag from /opt/airflow/dags/netflix_dag.py
[2026-09-07T05:27:29.447+0000] {processor.py:840} INFO - DAG(s) 'netflix_etl_pipeline' retrieved from /opt/airflow/dags/netflix_dag.py
[2026-09-07T05:27:29.721+0000] {logging_mixin.py:188} INFO - [2026-09-07T05:27:29.720+0000] {dag.py:3089} INFO - Sync 1 DAGs
[2026-09-07T05:27:29.938+0000] {logging_mixin.py:188} INFO - [2026-09-07T05:27:29.927+0000] {dag.py:3947} INFO - Setting next_dagrun for netflix_etl_pipeline to 2026-09-06 00:00:00+00:00, run_after=2026-09-07 00:00:00+00:00
[2026-09-07T05:27:30.046+0000] {processor.py:183} INFO - Processing /opt/airflow/dags/netflix_dag.py took 1.357 seconds
[2026-09-07T05:28:00.533+0000] {processor.py:161} INFO - Started process (PID=2745) to work on /opt/airflow/dags/netflix_dag.py
[2026-09-07T05:28:00.545+0000] {processor.py:830} INFO - Processing file /opt/airflow/dags/netflix_dag.py for tasks to queue
[2026-09-07T05:28:00.553+0000] {logging_mixin.py:188} INFO - [2026-09-07T05:28:00.552+0000] {dagbag.py:545} INFO - Filling up the DagBag from /opt/airflow/dags/netflix_dag.py
[2026-09-07T05:28:00.619+0000] {processor.py:840} INFO - DAG(s) 'netflix_etl_pipeline' retrieved from /opt/airflow/dags/netflix_dag.py
[2026-09-07T05:28:00.702+0000] {logging_mixin.py:188} INFO - [2026-09-07T05:28:00.702+0000] {dag.py:3089} INFO - Sync 1 DAGs
[2026-09-07T05:28:00.754+0000] {logging_mixin.py:188} INFO - [2026-09-07T05:28:00.753+0000] {dag.py:3947} INFO - Setting next_dagrun for netflix_etl_pipeline to 2026-09-06 00:00:00+00:00, run_after=2026-09-07 00:00:00+00:00
[2026-09-07T05:28:00.941+0000] {processor.py:183} INFO - Processing /opt/airflow/dags/netflix_dag.py took 0.463 seconds
[2026-09-07T05:28:32.727+0000] {processor.py:161} INFO - Started process (PID=2756) to work on /opt/airflow/dags/netflix_dag.py
[2026-09-07T05:28:32.746+0000] {processor.py:830} INFO - Processing file /opt/airflow/dags/netflix_dag.py for tasks to queue
[2026-09-07T05:28:32.771+0000] {logging_mixin.py:188} INFO - [2026-09-07T05:28:32.770+0000] {dagbag.py:545} INFO - Filling up the DagBag from /opt/airflow/dags/netflix_dag.py
[2026-09-07T05:28:33.454+0000] {processor.py:840} INFO - DAG(s) 'netflix_etl_pipeline' retrieved from /opt/airflow/dags/netflix_dag.py
[2026-09-07T05:28:33.675+0000] {logging_mixin.py:188} INFO - [2026-09-07T05:28:33.675+0000] {dag.py:3089} INFO - Sync 1 DAGs
[2026-09-07T05:28:33.841+0000] {logging_mixin.py:188} INFO - [2026-09-07T05:28:33.841+0000] {dag.py:3947} INFO - Setting next_dagrun for netflix_etl_pipeline to 2026-09-06 00:00:00+00:00, run_after=2026-09-07 00:00:00+00:00
[2026-09-07T05:28:34.052+0000] {processor.py:183} INFO - Processing /opt/airflow/dags/netflix_dag.py took 1.350 seconds
[2026-09-07T05:29:04.862+0000] {processor.py:161} INFO - Started process (PID=2767) to work on /opt/airflow/dags/netflix_dag.py
[2026-09-07T05:29:04.868+0000] {processor.py:830} INFO - Processing file /opt/airflow/dags/netflix_dag.py for tasks to queue
[2026-09-07T05:29:04.880+0000] {logging_mixin.py:188} INFO - [2026-09-07T05:29:04.879+0000] {dagbag.py:545} INFO - Filling up the DagBag from /opt/airflow/dags/netflix_dag.py
[2026-09-07T05:29:04.935+0000] {processor.py:840} INFO - DAG(s) 'netflix_etl_pipeline' retrieved from /opt/airflow/dags/netflix_dag.py
[2026-09-07T05:29:05.123+0000] {logging_mixin.py:188} INFO - [2026-09-07T05:29:05.112+0000] {dag.py:3089} INFO - Sync 1 DAGs
[2026-09-07T05:29:05.314+0000] {logging_mixin.py:188} INFO - [2026-09-07T05:29:05.314+0000] {dag.py:3947} INFO - Setting next_dagrun for netflix_etl_pipeline to 2026-09-06 00:00:00+00:00, run_after=2026-09-07 00:00:00+00:00
[2026-09-07T05:29:05.510+0000] {processor.py:183} INFO - Processing /opt/airflow/dags/netflix_dag.py took 0.668 seconds
[2026-09-07T05:29:36.675+0000] {processor.py:161} INFO - Started process (PID=2778) to work on /opt/airflow/dags/netflix_dag.py
[2026-09-07T05:29:36.703+0000] {processor.py:830} INFO - Processing file /opt/airflow/dags/netflix_dag.py for tasks to queue
[2026-09-07T05:29:36.733+0000] {logging_mixin.py:188} INFO - [2026-09-07T05:29:36.731+0000] {dagbag.py:545} INFO - Filling up the DagBag from /opt/airflow/dags/netflix_dag.py
[2026-09-07T05:29:37.265+0000] {processor.py:840} INFO - DAG(s) 'netflix_etl_pipeline' retrieved from /opt/airflow/dags/netflix_dag.py
[2026-09-07T05:29:37.382+0000] {logging_mixin.py:188} INFO - [2026-09-07T05:29:37.381+0000] {dag.py:3089} INFO - Sync 1 DAGs
[2026-09-07T05:29:37.440+0000] {logging_mixin.py:188} INFO - [2026-09-07T05:29:37.440+0000] {dag.py:3947} INFO - Setting next_dagrun for netflix_etl_pipeline to 2026-09-06 00:00:00+00:00, run_after=2026-09-07 00:00:00+00:00
[2026-09-07T05:29:37.571+0000] {processor.py:183} INFO - Processing /opt/airflow/dags/netflix_dag.py took 0.937 seconds
[2026-09-07T05:30:08.848+0000] {processor.py:161} INFO - Started process (PID=2789) to work on /opt/airflow/dags/netflix_dag.py
[2026-09-07T05:30:08.852+0000] {processor.py:830} INFO - Processing file /opt/airflow/dags/netflix_dag.py for tasks to queue
[2026-09-07T05:30:08.862+0000] {logging_mixin.py:188} INFO - [2026-09-07T05:30:08.861+0000] {dagbag.py:545} INFO - Filling up the DagBag from /opt/airflow/dags/netflix_dag.py
[2026-09-07T05:30:08.912+0000] {processor.py:840} INFO - DAG(s) 'netflix_etl_pipeline' retrieved from /opt/airflow/dags/netflix_dag.py
[2026-09-07T05:30:08.998+0000] {logging_mixin.py:188} INFO - [2026-09-07T05:30:08.997+0000] {dag.py:3089} INFO - Sync 1 DAGs
[2026-09-07T05:30:09.048+0000] {logging_mixin.py:188} INFO - [2026-09-07T05:30:09.048+0000] {dag.py:3947} INFO - Setting next_dagrun for netflix_etl_pipeline to 2026-09-06 00:00:00+00:00, run_after=2026-09-07 00:00:00+00:00
[2026-09-07T05:30:09.174+0000] {processor.py:183} INFO - Processing /opt/airflow/dags/netflix_dag.py took 0.351 seconds
[2026-09-07T05:30:39.694+0000] {processor.py:161} INFO - Started process (PID=2800) to work on /opt/airflow/dags/netflix_dag.py
[2026-09-07T05:30:39.697+0000] {processor.py:830} INFO - Processing file /opt/airflow/dags/netflix_dag.py for tasks to queue
[2026-09-07T05:30:39.703+0000] {logging_mixin.py:188} INFO - [2026-09-07T05:30:39.702+0000] {dagbag.py:545} INFO - Filling up the DagBag from /opt/airflow/dags/netflix_dag.py
[2026-09-07T05:30:39.750+0000] {processor.py:840} INFO - DAG(s) 'netflix_etl_pipeline' retrieved from /opt/airflow/dags/netflix_dag.py
[2026-09-07T05:30:39.849+0000] {logging_mixin.py:188} INFO - [2026-09-07T05:30:39.848+0000] {dag.py:3089} INFO - Sync 1 DAGs
[2026-09-07T05:30:39.911+0000] {logging_mixin.py:188} INFO - [2026-09-07T05:30:39.911+0000] {dag.py:3947} INFO - Setting next_dagrun for netflix_etl_pipeline to 2026-09-06 00:00:00+00:00, run_after=2026-09-07 00:00:00+00:00
[2026-09-07T05:30:39.965+0000] {processor.py:183} INFO - Processing /opt/airflow/dags/netflix_dag.py took 0.284 seconds
[2026-09-07T05:31:10.992+0000] {processor.py:161} INFO - Started process (PID=2811) to work on /opt/airflow/dags/netflix_dag.py
[2026-09-07T05:31:11.007+0000] {processor.py:830} INFO - Processing file /opt/airflow/dags/netflix_dag.py for tasks to queue
[2026-09-07T05:31:11.021+0000] {logging_mixin.py:188} INFO - [2026-09-07T05:31:11.019+0000] {dagbag.py:545} INFO - Filling up the DagBag from /opt/airflow/dags/netflix_dag.py
[2026-09-07T05:31:11.193+0000] {processor.py:840} INFO - DAG(s) 'netflix_etl_pipeline' retrieved from /opt/airflow/dags/netflix_dag.py
[2026-09-07T05:31:11.330+0000] {logging_mixin.py:188} INFO - [2026-09-07T05:31:11.329+0000] {dag.py:3089} INFO - Sync 1 DAGs
[2026-09-07T05:31:11.425+0000] {logging_mixin.py:188} INFO - [2026-09-07T05:31:11.425+0000] {dag.py:3947} INFO - Setting next_dagrun for netflix_etl_pipeline to 2026-09-06 00:00:00+00:00, run_after=2026-09-07 00:00:00+00:00
[2026-09-07T05:31:11.653+0000] {processor.py:183} INFO - Processing /opt/airflow/dags/netflix_dag.py took 0.710 seconds
[2026-09-07T05:31:43.118+0000] {processor.py:161} INFO - Started process (PID=2822) to work on /opt/airflow/dags/netflix_dag.py
[2026-09-07T05:31:43.147+0000] {processor.py:830} INFO - Processing file /opt/airflow/dags/netflix_dag.py for tasks to queue
[2026-09-07T05:31:43.174+0000] {logging_mixin.py:188} INFO - [2026-09-07T05:31:43.172+0000] {dagbag.py:545} INFO - Filling up the DagBag from /opt/airflow/dags/netflix_dag.py
[2026-09-07T05:31:43.915+0000] {processor.py:840} INFO - DAG(s) 'netflix_etl_pipeline' retrieved from /opt/airflow/dags/netflix_dag.py
[2026-09-07T05:31:44.163+0000] {logging_mixin.py:188} INFO - [2026-09-07T05:31:44.163+0000] {dag.py:3089} INFO - Sync 1 DAGs
[2026-09-07T05:31:44.330+0000] {logging_mixin.py:188} INFO - [2026-09-07T05:31:44.330+0000] {dag.py:3947} INFO - Setting next_dagrun for netflix_etl_pipeline to 2026-09-06 00:00:00+00:00, run_after=2026-09-07 00:00:00+00:00
[2026-09-07T05:31:44.600+0000] {processor.py:183} INFO - Processing /opt/airflow/dags/netflix_dag.py took 1.521 seconds
[2026-09-07T05:32:16.418+0000] {processor.py:161} INFO - Started process (PID=2833) to work on /opt/airflow/dags/netflix_dag.py
[2026-09-07T05:32:16.448+0000] {processor.py:830} INFO - Processing file /opt/airflow/dags/netflix_dag.py for tasks to queue
[2026-09-07T05:32:16.494+0000] {logging_mixin.py:188} INFO - [2026-09-07T05:32:16.492+0000] {dagbag.py:545} INFO - Filling up the DagBag from /opt/airflow/dags/netflix_dag.py
[2026-09-07T05:32:17.420+0000] {processor.py:840} INFO - DAG(s) 'netflix_etl_pipeline' retrieved from /opt/airflow/dags/netflix_dag.py
[2026-09-07T05:32:17.697+0000] {logging_mixin.py:188} INFO - [2026-09-07T05:32:17.696+0000] {dag.py:3089} INFO - Sync 1 DAGs
[2026-09-07T05:32:17.914+0000] {logging_mixin.py:188} INFO - [2026-09-07T05:32:17.913+0000] {dag.py:3947} INFO - Setting next_dagrun for netflix_etl_pipeline to 2026-09-06 00:00:00+00:00, run_after=2026-09-07 00:00:00+00:00
[2026-09-07T05:32:18.204+0000] {processor.py:183} INFO - Processing /opt/airflow/dags/netflix_dag.py took 1.820 seconds
[2026-09-07T05:32:49.647+0000] {processor.py:161} INFO - Started process (PID=2844) to work on /opt/airflow/dags/netflix_dag.py
[2026-09-07T05:32:49.678+0000] {processor.py:830} INFO - Processing file /opt/airflow/dags/netflix_dag.py for tasks to queue
[2026-09-07T05:32:49.722+0000] {logging_mixin.py:188} INFO - [2026-09-07T05:32:49.721+0000] {dagbag.py:545} INFO - Filling up the DagBag from /opt/airflow/dags/netflix_dag.py
[2026-09-07T05:32:50.062+0000] {processor.py:840} INFO - DAG(s) 'netflix_etl_pipeline' retrieved from /opt/airflow/dags/netflix_dag.py
[2026-09-07T05:32:50.173+0000] {logging_mixin.py:188} INFO - [2026-09-07T05:32:50.173+0000] {dag.py:3089} INFO - Sync 1 DAGs
[2026-09-07T05:32:50.243+0000] {logging_mixin.py:188} INFO - [2026-09-07T05:32:50.243+0000] {dag.py:3947} INFO - Setting next_dagrun for netflix_etl_pipeline to 2026-09-06 00:00:00+00:00, run_after=2026-09-07 00:00:00+00:00
[2026-09-07T05:32:50.288+0000] {processor.py:183} INFO - Processing /opt/airflow/dags/netflix_dag.py took 0.670 seconds
[2026-09-07T05:33:21.315+0000] {processor.py:161} INFO - Started process (PID=2855) to work on /opt/airflow/dags/netflix_dag.py
[2026-09-07T05:33:21.322+0000] {processor.py:830} INFO - Processing file /opt/airflow/dags/netflix_dag.py for tasks to queue
[2026-09-07T05:33:21.337+0000] {logging_mixin.py:188} INFO - [2026-09-07T05:33:21.336+0000] {dagbag.py:545} INFO - Filling up the DagBag from /opt/airflow/dags/netflix_dag.py
[2026-09-07T05:33:21.391+0000] {processor.py:840} INFO - DAG(s) 'netflix_etl_pipeline' retrieved from /opt/airflow/dags/netflix_dag.py
[2026-09-07T05:33:21.482+0000] {logging_mixin.py:188} INFO - [2026-09-07T05:33:21.482+0000] {dag.py:3089} INFO - Sync 1 DAGs
[2026-09-07T05:33:21.587+0000] {logging_mixin.py:188} INFO - [2026-09-07T05:33:21.587+0000] {dag.py:3947} INFO - Setting next_dagrun for netflix_etl_pipeline to 2026-09-06 00:00:00+00:00, run_after=2026-09-07 00:00:00+00:00
[2026-09-07T05:33:22.135+0000] {processor.py:183} INFO - Processing /opt/airflow/dags/netflix_dag.py took 0.857 seconds
[2026-09-07T05:33:53.921+0000] {processor.py:161} INFO - Started process (PID=2866) to work on /opt/airflow/dags/netflix_dag.py
[2026-09-07T05:33:53.947+0000] {processor.py:830} INFO - Processing file /opt/airflow/dags/netflix_dag.py for tasks to queue
[2026-09-07T05:33:53.996+0000] {logging_mixin.py:188} INFO - [2026-09-07T05:33:53.995+0000] {dagbag.py:545} INFO - Filling up the DagBag from /opt/airflow/dags/netflix_dag.py
[2026-09-07T05:33:54.774+0000] {processor.py:840} INFO - DAG(s) 'netflix_etl_pipeline' retrieved from /opt/airflow/dags/netflix_dag.py
[2026-09-07T05:33:54.910+0000] {logging_mixin.py:188} INFO - [2026-09-07T05:33:54.909+0000] {dag.py:3089} INFO - Sync 1 DAGs
[2026-09-07T05:33:54.988+0000] {logging_mixin.py:188} INFO - [2026-09-07T05:33:54.987+0000] {dag.py:3947} INFO - Setting next_dagrun for netflix_etl_pipeline to 2026-09-06 00:00:00+00:00, run_after=2026-09-07 00:00:00+00:00
[2026-09-07T05:33:55.058+0000] {processor.py:183} INFO - Processing /opt/airflow/dags/netflix_dag.py took 1.201 seconds
[2026-09-07T05:34:25.952+0000] {processor.py:161} INFO - Started process (PID=2883) to work on /opt/airflow/dags/netflix_dag.py
[2026-09-07T05:34:25.957+0000] {processor.py:830} INFO - Processing file /opt/airflow/dags/netflix_dag.py for tasks to queue
[2026-09-07T05:34:25.964+0000] {logging_mixin.py:188} INFO - [2026-09-07T05:34:25.963+0000] {dagbag.py:545} INFO - Filling up the DagBag from /opt/airflow/dags/netflix_dag.py
[2026-09-07T05:34:26.025+0000] {processor.py:840} INFO - DAG(s) 'netflix_etl_pipeline' retrieved from /opt/airflow/dags/netflix_dag.py
[2026-09-07T05:34:26.103+0000] {logging_mixin.py:188} INFO - [2026-09-07T05:34:26.102+0000] {dag.py:3089} INFO - Sync 1 DAGs
[2026-09-07T05:34:26.260+0000] {logging_mixin.py:188} INFO - [2026-09-07T05:34:26.260+0000] {dag.py:3947} INFO - Setting next_dagrun for netflix_etl_pipeline to 2026-09-06 00:00:00+00:00, run_after=2026-09-07 00:00:00+00:00
[2026-09-07T05:34:26.459+0000] {processor.py:183} INFO - Processing /opt/airflow/dags/netflix_dag.py took 0.528 seconds
[2026-09-07T05:34:57.476+0000] {processor.py:161} INFO - Started process (PID=2894) to work on /opt/airflow/dags/netflix_dag.py
[2026-09-07T05:34:57.479+0000] {processor.py:830} INFO - Processing file /opt/airflow/dags/netflix_dag.py for tasks to queue
[2026-09-07T05:34:57.484+0000] {logging_mixin.py:188} INFO - [2026-09-07T05:34:57.483+0000] {dagbag.py:545} INFO - Filling up the DagBag from /opt/airflow/dags/netflix_dag.py
[2026-09-07T05:34:57.532+0000] {processor.py:840} INFO - DAG(s) 'netflix_etl_pipeline' retrieved from /opt/airflow/dags/netflix_dag.py
[2026-09-07T05:34:57.606+0000] {logging_mixin.py:188} INFO - [2026-09-07T05:34:57.606+0000] {dag.py:3089} INFO - Sync 1 DAGs
[2026-09-07T05:34:57.660+0000] {logging_mixin.py:188} INFO - [2026-09-07T05:34:57.659+0000] {dag.py:3947} INFO - Setting next_dagrun for netflix_etl_pipeline to 2026-09-06 00:00:00+00:00, run_after=2026-09-07 00:00:00+00:00
[2026-09-07T05:34:57.702+0000] {processor.py:183} INFO - Processing /opt/airflow/dags/netflix_dag.py took 0.248 seconds
[2026-09-07T05:35:29.313+0000] {processor.py:161} INFO - Started process (PID=2905) to work on /opt/airflow/dags/netflix_dag.py
[2026-09-07T05:35:29.359+0000] {processor.py:830} INFO - Processing file /opt/airflow/dags/netflix_dag.py for tasks to queue
[2026-09-07T05:35:29.376+0000] {logging_mixin.py:188} INFO - [2026-09-07T05:35:29.375+0000] {dagbag.py:545} INFO - Filling up the DagBag from /opt/airflow/dags/netflix_dag.py
[2026-09-07T05:35:29.914+0000] {processor.py:840} INFO - DAG(s) 'netflix_etl_pipeline' retrieved from /opt/airflow/dags/netflix_dag.py
[2026-09-07T05:35:30.023+0000] {logging_mixin.py:188} INFO - [2026-09-07T05:35:30.023+0000] {dag.py:3089} INFO - Sync 1 DAGs
[2026-09-07T05:35:30.090+0000] {logging_mixin.py:188} INFO - [2026-09-07T05:35:30.089+0000] {dag.py:3947} INFO - Setting next_dagrun for netflix_etl_pipeline to 2026-09-06 00:00:00+00:00, run_after=2026-09-07 00:00:00+00:00
[2026-09-07T05:35:30.824+0000] {processor.py:183} INFO - Processing /opt/airflow/dags/netflix_dag.py took 1.563 seconds
[2026-09-07T05:36:03.060+0000] {processor.py:161} INFO - Started process (PID=2916) to work on /opt/airflow/dags/netflix_dag.py
[2026-09-07T05:36:03.107+0000] {processor.py:830} INFO - Processing file /opt/airflow/dags/netflix_dag.py for tasks to queue
[2026-09-07T05:36:03.144+0000] {logging_mixin.py:188} INFO - [2026-09-07T05:36:03.143+0000] {dagbag.py:545} INFO - Filling up the DagBag from /opt/airflow/dags/netflix_dag.py
[2026-09-07T05:36:04.005+0000] {processor.py:840} INFO - DAG(s) 'netflix_etl_pipeline' retrieved from /opt/airflow/dags/netflix_dag.py
[2026-09-07T05:36:04.277+0000] {logging_mixin.py:188} INFO - [2026-09-07T05:36:04.276+0000] {dag.py:3089} INFO - Sync 1 DAGs
[2026-09-07T05:36:04.481+0000] {logging_mixin.py:188} INFO - [2026-09-07T05:36:04.472+0000] {dag.py:3947} INFO - Setting next_dagrun for netflix_etl_pipeline to 2026-09-06 00:00:00+00:00, run_after=2026-09-07 00:00:00+00:00
[2026-09-07T05:36:04.677+0000] {processor.py:183} INFO - Processing /opt/airflow/dags/netflix_dag.py took 1.666 seconds
[2026-09-07T05:36:36.076+0000] {processor.py:161} INFO - Started process (PID=2927) to work on /opt/airflow/dags/netflix_dag.py
[2026-09-07T05:36:36.094+0000] {processor.py:830} INFO - Processing file /opt/airflow/dags/netflix_dag.py for tasks to queue
[2026-09-07T05:36:36.136+0000] {logging_mixin.py:188} INFO - [2026-09-07T05:36:36.135+0000] {dagbag.py:545} INFO - Filling up the DagBag from /opt/airflow/dags/netflix_dag.py
[2026-09-07T05:36:37.200+0000] {processor.py:840} INFO - DAG(s) 'netflix_etl_pipeline' retrieved from /opt/airflow/dags/netflix_dag.py
[2026-09-07T05:36:37.441+0000] {logging_mixin.py:188} INFO - [2026-09-07T05:36:37.440+0000] {dag.py:3089} INFO - Sync 1 DAGs
[2026-09-07T05:36:37.648+0000] {logging_mixin.py:188} INFO - [2026-09-07T05:36:37.638+0000] {dag.py:3947} INFO - Setting next_dagrun for netflix_etl_pipeline to 2026-09-06 00:00:00+00:00, run_after=2026-09-07 00:00:00+00:00
[2026-09-07T05:36:37.835+0000] {processor.py:183} INFO - Processing /opt/airflow/dags/netflix_dag.py took 1.954 seconds
[2026-09-07T05:37:09.041+0000] {processor.py:161} INFO - Started process (PID=2938) to work on /opt/airflow/dags/netflix_dag.py
[2026-09-07T05:37:09.078+0000] {processor.py:830} INFO - Processing file /opt/airflow/dags/netflix_dag.py for tasks to queue
[2026-09-07T05:37:09.113+0000] {logging_mixin.py:188} INFO - [2026-09-07T05:37:09.112+0000] {dagbag.py:545} INFO - Filling up the DagBag from /opt/airflow/dags/netflix_dag.py
[2026-09-07T05:37:09.776+0000] {processor.py:840} INFO - DAG(s) 'netflix_etl_pipeline' retrieved from /opt/airflow/dags/netflix_dag.py
[2026-09-07T05:37:09.909+0000] {logging_mixin.py:188} INFO - [2026-09-07T05:37:09.908+0000] {dag.py:3089} INFO - Sync 1 DAGs
[2026-09-07T05:37:09.963+0000] {logging_mixin.py:188} INFO - [2026-09-07T05:37:09.962+0000] {dag.py:3947} INFO - Setting next_dagrun for netflix_etl_pipeline to 2026-09-06 00:00:00+00:00, run_after=2026-09-07 00:00:00+00:00
[2026-09-07T05:37:10.037+0000] {processor.py:183} INFO - Processing /opt/airflow/dags/netflix_dag.py took 1.022 seconds
[2026-09-07T05:37:40.858+0000] {processor.py:161} INFO - Started process (PID=2949) to work on /opt/airflow/dags/netflix_dag.py
[2026-09-07T05:37:40.865+0000] {processor.py:830} INFO - Processing file /opt/airflow/dags/netflix_dag.py for tasks to queue
[2026-09-07T05:37:40.877+0000] {logging_mixin.py:188} INFO - [2026-09-07T05:37:40.875+0000] {dagbag.py:545} INFO - Filling up the DagBag from /opt/airflow/dags/netflix_dag.py
[2026-09-07T05:37:40.931+0000] {processor.py:840} INFO - DAG(s) 'netflix_etl_pipeline' retrieved from /opt/airflow/dags/netflix_dag.py
[2026-09-07T05:37:41.017+0000] {logging_mixin.py:188} INFO - [2026-09-07T05:37:41.016+0000] {dag.py:3089} INFO - Sync 1 DAGs
[2026-09-07T05:37:41.070+0000] {logging_mixin.py:188} INFO - [2026-09-07T05:37:41.069+0000] {dag.py:3947} INFO - Setting next_dagrun for netflix_etl_pipeline to 2026-09-06 00:00:00+00:00, run_after=2026-09-07 00:00:00+00:00
[2026-09-07T05:37:41.147+0000] {processor.py:183} INFO - Processing /opt/airflow/dags/netflix_dag.py took 0.312 seconds
[2026-09-07T05:38:12.275+0000] {processor.py:161} INFO - Started process (PID=2960) to work on /opt/airflow/dags/netflix_dag.py
[2026-09-07T05:38:12.279+0000] {processor.py:830} INFO - Processing file /opt/airflow/dags/netflix_dag.py for tasks to queue
[2026-09-07T05:38:12.295+0000] {logging_mixin.py:188} INFO - [2026-09-07T05:38:12.294+0000] {dagbag.py:545} INFO - Filling up the DagBag from /opt/airflow/dags/netflix_dag.py
[2026-09-07T05:38:12.393+0000] {processor.py:840} INFO - DAG(s) 'netflix_etl_pipeline' retrieved from /opt/airflow/dags/netflix_dag.py
[2026-09-07T05:38:12.637+0000] {logging_mixin.py:188} INFO - [2026-09-07T05:38:12.637+0000] {dag.py:3089} INFO - Sync 1 DAGs
[2026-09-07T05:38:13.018+0000] {logging_mixin.py:188} INFO - [2026-09-07T05:38:13.018+0000] {dag.py:3947} INFO - Setting next_dagrun for netflix_etl_pipeline to 2026-09-06 00:00:00+00:00, run_after=2026-09-07 00:00:00+00:00
[2026-09-07T05:38:13.415+0000] {processor.py:183} INFO - Processing /opt/airflow/dags/netflix_dag.py took 1.178 seconds
[2026-09-07T05:38:44.058+0000] {processor.py:161} INFO - Started process (PID=2971) to work on /opt/airflow/dags/netflix_dag.py
[2026-09-07T05:38:44.061+0000] {processor.py:830} INFO - Processing file /opt/airflow/dags/netflix_dag.py for tasks to queue
[2026-09-07T05:38:44.070+0000] {logging_mixin.py:188} INFO - [2026-09-07T05:38:44.068+0000] {dagbag.py:545} INFO - Filling up the DagBag from /opt/airflow/dags/netflix_dag.py
[2026-09-07T05:38:44.125+0000] {processor.py:840} INFO - DAG(s) 'netflix_etl_pipeline' retrieved from /opt/airflow/dags/netflix_dag.py
[2026-09-07T05:38:44.236+0000] {logging_mixin.py:188} INFO - [2026-09-07T05:38:44.235+0000] {dag.py:3089} INFO - Sync 1 DAGs
[2026-09-07T05:38:44.321+0000] {logging_mixin.py:188} INFO - [2026-09-07T05:38:44.319+0000] {dag.py:3947} INFO - Setting next_dagrun for netflix_etl_pipeline to 2026-09-06 00:00:00+00:00, run_after=2026-09-07 00:00:00+00:00
[2026-09-07T05:38:44.388+0000] {processor.py:183} INFO - Processing /opt/airflow/dags/netflix_dag.py took 0.353 seconds
[2026-09-07T05:39:15.471+0000] {processor.py:161} INFO - Started process (PID=2982) to work on /opt/airflow/dags/netflix_dag.py
[2026-09-07T05:39:15.524+0000] {processor.py:830} INFO - Processing file /opt/airflow/dags/netflix_dag.py for tasks to queue
[2026-09-07T05:39:15.565+0000] {logging_mixin.py:188} INFO - [2026-09-07T05:39:15.564+0000] {dagbag.py:545} INFO - Filling up the DagBag from /opt/airflow/dags/netflix_dag.py
[2026-09-07T05:39:16.351+0000] {processor.py:840} INFO - DAG(s) 'netflix_etl_pipeline' retrieved from /opt/airflow/dags/netflix_dag.py
[2026-09-07T05:39:16.600+0000] {logging_mixin.py:188} INFO - [2026-09-07T05:39:16.589+0000] {dag.py:3089} INFO - Sync 1 DAGs
[2026-09-07T05:39:16.836+0000] {logging_mixin.py:188} INFO - [2026-09-07T05:39:16.835+0000] {dag.py:3947} INFO - Setting next_dagrun for netflix_etl_pipeline to 2026-09-06 00:00:00+00:00, run_after=2026-09-07 00:00:00+00:00
[2026-09-07T05:39:17.149+0000] {processor.py:183} INFO - Processing /opt/airflow/dags/netflix_dag.py took 1.716 seconds
[2026-09-07T05:39:48.557+0000] {processor.py:161} INFO - Started process (PID=2993) to work on /opt/airflow/dags/netflix_dag.py
[2026-09-07T05:39:48.578+0000] {processor.py:830} INFO - Processing file /opt/airflow/dags/netflix_dag.py for tasks to queue
[2026-09-07T05:39:48.602+0000] {logging_mixin.py:188} INFO - [2026-09-07T05:39:48.600+0000] {dagbag.py:545} INFO - Filling up the DagBag from /opt/airflow/dags/netflix_dag.py
[2026-09-07T05:39:49.303+0000] {processor.py:840} INFO - DAG(s) 'netflix_etl_pipeline' retrieved from /opt/airflow/dags/netflix_dag.py
[2026-09-07T05:39:49.555+0000] {logging_mixin.py:188} INFO - [2026-09-07T05:39:49.554+0000] {dag.py:3089} INFO - Sync 1 DAGs
[2026-09-07T05:39:49.733+0000] {logging_mixin.py:188} INFO - [2026-09-07T05:39:49.732+0000] {dag.py:3947} INFO - Setting next_dagrun for netflix_etl_pipeline to 2026-09-06 00:00:00+00:00, run_after=2026-09-07 00:00:00+00:00
[2026-09-07T05:39:49.908+0000] {processor.py:183} INFO - Processing /opt/airflow/dags/netflix_dag.py took 1.387 seconds
[2026-09-07T05:40:21.092+0000] {processor.py:161} INFO - Started process (PID=3004) to work on /opt/airflow/dags/netflix_dag.py
[2026-09-07T05:40:21.098+0000] {processor.py:830} INFO - Processing file /opt/airflow/dags/netflix_dag.py for tasks to queue
[2026-09-07T05:40:21.116+0000] {logging_mixin.py:188} INFO - [2026-09-07T05:40:21.115+0000] {dagbag.py:545} INFO - Filling up the DagBag from /opt/airflow/dags/netflix_dag.py
[2026-09-07T05:40:21.198+0000] {processor.py:840} INFO - DAG(s) 'netflix_etl_pipeline' retrieved from /opt/airflow/dags/netflix_dag.py
[2026-09-07T05:40:21.283+0000] {logging_mixin.py:188} INFO - [2026-09-07T05:40:21.283+0000] {dag.py:3089} INFO - Sync 1 DAGs
[2026-09-07T05:40:21.336+0000] {logging_mixin.py:188} INFO - [2026-09-07T05:40:21.335+0000] {dag.py:3947} INFO - Setting next_dagrun for netflix_etl_pipeline to 2026-09-06 00:00:00+00:00, run_after=2026-09-07 00:00:00+00:00
[2026-09-07T05:40:21.579+0000] {processor.py:183} INFO - Processing /opt/airflow/dags/netflix_dag.py took 0.524 seconds
[2026-09-07T05:40:53.167+0000] {processor.py:161} INFO - Started process (PID=3015) to work on /opt/airflow/dags/netflix_dag.py
[2026-09-07T05:40:53.220+0000] {processor.py:830} INFO - Processing file /opt/airflow/dags/netflix_dag.py for tasks to queue
[2026-09-07T05:40:53.269+0000] {logging_mixin.py:188} INFO - [2026-09-07T05:40:53.268+0000] {dagbag.py:545} INFO - Filling up the DagBag from /opt/airflow/dags/netflix_dag.py
[2026-09-07T05:40:54.351+0000] {processor.py:840} INFO - DAG(s) 'netflix_etl_pipeline' retrieved from /opt/airflow/dags/netflix_dag.py
[2026-09-07T05:40:54.659+0000] {logging_mixin.py:188} INFO - [2026-09-07T05:40:54.659+0000] {dag.py:3089} INFO - Sync 1 DAGs
[2026-09-07T05:40:54.858+0000] {logging_mixin.py:188} INFO - [2026-09-07T05:40:54.858+0000] {dag.py:3947} INFO - Setting next_dagrun for netflix_etl_pipeline to 2026-09-06 00:00:00+00:00, run_after=2026-09-07 00:00:00+00:00
[2026-09-07T05:40:54.979+0000] {processor.py:183} INFO - Processing /opt/airflow/dags/netflix_dag.py took 1.853 seconds
[2026-09-07T05:41:26.189+0000] {processor.py:161} INFO - Started process (PID=3026) to work on /opt/airflow/dags/netflix_dag.py
[2026-09-07T05:41:26.211+0000] {processor.py:830} INFO - Processing file /opt/airflow/dags/netflix_dag.py for tasks to queue
[2026-09-07T05:41:26.250+0000] {logging_mixin.py:188} INFO - [2026-09-07T05:41:26.249+0000] {dagbag.py:545} INFO - Filling up the DagBag from /opt/airflow/dags/netflix_dag.py
[2026-09-07T05:41:26.952+0000] {processor.py:840} INFO - DAG(s) 'netflix_etl_pipeline' retrieved from /opt/airflow/dags/netflix_dag.py
[2026-09-07T05:41:27.211+0000] {logging_mixin.py:188} INFO - [2026-09-07T05:41:27.210+0000] {dag.py:3089} INFO - Sync 1 DAGs
[2026-09-07T05:41:27.374+0000] {logging_mixin.py:188} INFO - [2026-09-07T05:41:27.373+0000] {dag.py:3947} INFO - Setting next_dagrun for netflix_etl_pipeline to 2026-09-06 00:00:00+00:00, run_after=2026-09-07 00:00:00+00:00
[2026-09-07T05:41:27.446+0000] {processor.py:183} INFO - Processing /opt/airflow/dags/netflix_dag.py took 1.294 seconds
[2026-09-07T05:41:57.676+0000] {processor.py:161} INFO - Started process (PID=3037) to work on /opt/airflow/dags/netflix_dag.py
[2026-09-07T05:41:57.680+0000] {processor.py:830} INFO - Processing file /opt/airflow/dags/netflix_dag.py for tasks to queue
[2026-09-07T05:41:57.686+0000] {logging_mixin.py:188} INFO - [2026-09-07T05:41:57.685+0000] {dagbag.py:545} INFO - Filling up the DagBag from /opt/airflow/dags/netflix_dag.py
[2026-09-07T05:41:57.739+0000] {processor.py:840} INFO - DAG(s) 'netflix_etl_pipeline' retrieved from /opt/airflow/dags/netflix_dag.py
[2026-09-07T05:41:57.842+0000] {logging_mixin.py:188} INFO - [2026-09-07T05:41:57.842+0000] {dag.py:3089} INFO - Sync 1 DAGs
[2026-09-07T05:41:57.907+0000] {logging_mixin.py:188} INFO - [2026-09-07T05:41:57.906+0000] {dag.py:3947} INFO - Setting next_dagrun for netflix_etl_pipeline to 2026-09-06 00:00:00+00:00, run_after=2026-09-07 00:00:00+00:00
[2026-09-07T05:41:57.952+0000] {processor.py:183} INFO - Processing /opt/airflow/dags/netflix_dag.py took 0.290 seconds
[2026-09-07T05:42:29.180+0000] {processor.py:161} INFO - Started process (PID=3048) to work on /opt/airflow/dags/netflix_dag.py
[2026-09-07T05:42:29.201+0000] {processor.py:830} INFO - Processing file /opt/airflow/dags/netflix_dag.py for tasks to queue
[2026-09-07T05:42:29.231+0000] {logging_mixin.py:188} INFO - [2026-09-07T05:42:29.229+0000] {dagbag.py:545} INFO - Filling up the DagBag from /opt/airflow/dags/netflix_dag.py
[2026-09-07T05:42:29.382+0000] {processor.py:840} INFO - DAG(s) 'netflix_etl_pipeline' retrieved from /opt/airflow/dags/netflix_dag.py
[2026-09-07T05:42:29.484+0000] {logging_mixin.py:188} INFO - [2026-09-07T05:42:29.483+0000] {dag.py:3089} INFO - Sync 1 DAGs
[2026-09-07T05:42:29.548+0000] {logging_mixin.py:188} INFO - [2026-09-07T05:42:29.548+0000] {dag.py:3947} INFO - Setting next_dagrun for netflix_etl_pipeline to 2026-09-06 00:00:00+00:00, run_after=2026-09-07 00:00:00+00:00
[2026-09-07T05:42:29.596+0000] {processor.py:183} INFO - Processing /opt/airflow/dags/netflix_dag.py took 0.453 seconds
[2026-09-07T05:43:00.906+0000] {processor.py:161} INFO - Started process (PID=3059) to work on /opt/airflow/dags/netflix_dag.py
[2026-09-07T05:43:00.950+0000] {processor.py:830} INFO - Processing file /opt/airflow/dags/netflix_dag.py for tasks to queue
[2026-09-07T05:43:00.988+0000] {logging_mixin.py:188} INFO - [2026-09-07T05:43:00.987+0000] {dagbag.py:545} INFO - Filling up the DagBag from /opt/airflow/dags/netflix_dag.py
[2026-09-07T05:43:02.642+0000] {processor.py:840} INFO - DAG(s) 'netflix_etl_pipeline' retrieved from /opt/airflow/dags/netflix_dag.py
[2026-09-07T05:43:02.829+0000] {logging_mixin.py:188} INFO - [2026-09-07T05:43:02.828+0000] {dag.py:3089} INFO - Sync 1 DAGs
[2026-09-07T05:43:02.943+0000] {logging_mixin.py:188} INFO - [2026-09-07T05:43:02.942+0000] {dag.py:3947} INFO - Setting next_dagrun for netflix_etl_pipeline to 2026-09-06 00:00:00+00:00, run_after=2026-09-07 00:00:00+00:00
[2026-09-07T05:43:03.063+0000] {processor.py:183} INFO - Processing /opt/airflow/dags/netflix_dag.py took 2.196 seconds
[2026-09-07T05:43:34.548+0000] {processor.py:161} INFO - Started process (PID=3076) to work on /opt/airflow/dags/netflix_dag.py
[2026-09-07T05:43:34.610+0000] {processor.py:830} INFO - Processing file /opt/airflow/dags/netflix_dag.py for tasks to queue
[2026-09-07T05:43:34.645+0000] {logging_mixin.py:188} INFO - [2026-09-07T05:43:34.643+0000] {dagbag.py:545} INFO - Filling up the DagBag from /opt/airflow/dags/netflix_dag.py
[2026-09-07T05:43:34.759+0000] {processor.py:840} INFO - DAG(s) 'netflix_etl_pipeline' retrieved from /opt/airflow/dags/netflix_dag.py
[2026-09-07T05:43:34.873+0000] {logging_mixin.py:188} INFO - [2026-09-07T05:43:34.873+0000] {dag.py:3089} INFO - Sync 1 DAGs
[2026-09-07T05:43:34.927+0000] {logging_mixin.py:188} INFO - [2026-09-07T05:43:34.926+0000] {dag.py:3947} INFO - Setting next_dagrun for netflix_etl_pipeline to 2026-09-06 00:00:00+00:00, run_after=2026-09-07 00:00:00+00:00
[2026-09-07T05:43:34.986+0000] {processor.py:183} INFO - Processing /opt/airflow/dags/netflix_dag.py took 0.476 seconds
[2026-09-07T05:44:06.000+0000] {processor.py:161} INFO - Started process (PID=3088) to work on /opt/airflow/dags/netflix_dag.py
[2026-09-07T05:44:06.058+0000] {processor.py:830} INFO - Processing file /opt/airflow/dags/netflix_dag.py for tasks to queue
[2026-09-07T05:44:06.101+0000] {logging_mixin.py:188} INFO - [2026-09-07T05:44:06.100+0000] {dagbag.py:545} INFO - Filling up the DagBag from /opt/airflow/dags/netflix_dag.py
[2026-09-07T05:44:06.754+0000] {processor.py:840} INFO - DAG(s) 'netflix_etl_pipeline' retrieved from /opt/airflow/dags/netflix_dag.py
[2026-09-07T05:44:06.837+0000] {logging_mixin.py:188} INFO - [2026-09-07T05:44:06.837+0000] {dag.py:3089} INFO - Sync 1 DAGs
[2026-09-07T05:44:06.984+0000] {logging_mixin.py:188} INFO - [2026-09-07T05:44:06.983+0000] {dag.py:3947} INFO - Setting next_dagrun for netflix_etl_pipeline to 2026-09-06 00:00:00+00:00, run_after=2026-09-07 00:00:00+00:00
[2026-09-07T05:44:07.243+0000] {processor.py:183} INFO - Processing /opt/airflow/dags/netflix_dag.py took 1.291 seconds
[2026-09-07T05:44:38.520+0000] {processor.py:161} INFO - Started process (PID=3099) to work on /opt/airflow/dags/netflix_dag.py
[2026-09-07T05:44:38.523+0000] {processor.py:830} INFO - Processing file /opt/airflow/dags/netflix_dag.py for tasks to queue
[2026-09-07T05:44:38.528+0000] {logging_mixin.py:188} INFO - [2026-09-07T05:44:38.527+0000] {dagbag.py:545} INFO - Filling up the DagBag from /opt/airflow/dags/netflix_dag.py
[2026-09-07T05:44:38.574+0000] {processor.py:840} INFO - DAG(s) 'netflix_etl_pipeline' retrieved from /opt/airflow/dags/netflix_dag.py
[2026-09-07T05:44:38.822+0000] {logging_mixin.py:188} INFO - [2026-09-07T05:44:38.821+0000] {dag.py:3089} INFO - Sync 1 DAGs
[2026-09-07T05:44:39.038+0000] {logging_mixin.py:188} INFO - [2026-09-07T05:44:39.037+0000] {dag.py:3947} INFO - Setting next_dagrun for netflix_etl_pipeline to 2026-09-06 00:00:00+00:00, run_after=2026-09-07 00:00:00+00:00
[2026-09-07T05:44:39.347+0000] {processor.py:183} INFO - Processing /opt/airflow/dags/netflix_dag.py took 0.847 seconds
[2026-09-07T05:45:09.607+0000] {processor.py:161} INFO - Started process (PID=3110) to work on /opt/airflow/dags/netflix_dag.py
[2026-09-07T05:45:09.610+0000] {processor.py:830} INFO - Processing file /opt/airflow/dags/netflix_dag.py for tasks to queue
[2026-09-07T05:45:09.616+0000] {logging_mixin.py:188} INFO - [2026-09-07T05:45:09.615+0000] {dagbag.py:545} INFO - Filling up the DagBag from /opt/airflow/dags/netflix_dag.py
[2026-09-07T05:45:09.670+0000] {processor.py:840} INFO - DAG(s) 'netflix_etl_pipeline' retrieved from /opt/airflow/dags/netflix_dag.py
[2026-09-07T05:45:09.775+0000] {logging_mixin.py:188} INFO - [2026-09-07T05:45:09.774+0000] {dag.py:3089} INFO - Sync 1 DAGs
[2026-09-07T05:45:09.839+0000] {logging_mixin.py:188} INFO - [2026-09-07T05:45:09.838+0000] {dag.py:3947} INFO - Setting next_dagrun for netflix_etl_pipeline to 2026-09-06 00:00:00+00:00, run_after=2026-09-07 00:00:00+00:00
[2026-09-07T05:45:09.880+0000] {processor.py:183} INFO - Processing /opt/airflow/dags/netflix_dag.py took 0.287 seconds
[2026-09-07T05:45:40.586+0000] {processor.py:161} INFO - Started process (PID=3121) to work on /opt/airflow/dags/netflix_dag.py
[2026-09-07T05:45:40.619+0000] {processor.py:830} INFO - Processing file /opt/airflow/dags/netflix_dag.py for tasks to queue
[2026-09-07T05:45:40.648+0000] {logging_mixin.py:188} INFO - [2026-09-07T05:45:40.647+0000] {dagbag.py:545} INFO - Filling up the DagBag from /opt/airflow/dags/netflix_dag.py
[2026-09-07T05:45:41.594+0000] {processor.py:840} INFO - DAG(s) 'netflix_etl_pipeline' retrieved from /opt/airflow/dags/netflix_dag.py
[2026-09-07T05:45:41.868+0000] {logging_mixin.py:188} INFO - [2026-09-07T05:45:41.868+0000] {dag.py:3089} INFO - Sync 1 DAGs
[2026-09-07T05:45:42.065+0000] {logging_mixin.py:188} INFO - [2026-09-07T05:45:42.065+0000] {dag.py:3947} INFO - Setting next_dagrun for netflix_etl_pipeline to 2026-09-06 00:00:00+00:00, run_after=2026-09-07 00:00:00+00:00
[2026-09-07T05:45:42.322+0000] {processor.py:183} INFO - Processing /opt/airflow/dags/netflix_dag.py took 1.772 seconds
[2026-09-07T05:46:12.786+0000] {processor.py:161} INFO - Started process (PID=3133) to work on /opt/airflow/dags/netflix_dag.py
[2026-09-07T05:46:12.791+0000] {processor.py:830} INFO - Processing file /opt/airflow/dags/netflix_dag.py for tasks to queue
[2026-09-07T05:46:12.802+0000] {logging_mixin.py:188} INFO - [2026-09-07T05:46:12.800+0000] {dagbag.py:545} INFO - Filling up the DagBag from /opt/airflow/dags/netflix_dag.py
[2026-09-07T05:46:12.860+0000] {processor.py:840} INFO - DAG(s) 'netflix_etl_pipeline' retrieved from /opt/airflow/dags/netflix_dag.py
[2026-09-07T05:46:13.088+0000] {logging_mixin.py:188} INFO - [2026-09-07T05:46:13.087+0000] {dag.py:3089} INFO - Sync 1 DAGs
[2026-09-07T05:46:13.296+0000] {logging_mixin.py:188} INFO - [2026-09-07T05:46:13.287+0000] {dag.py:3947} INFO - Setting next_dagrun for netflix_etl_pipeline to 2026-09-06 00:00:00+00:00, run_after=2026-09-07 00:00:00+00:00
[2026-09-07T05:46:13.568+0000] {processor.py:183} INFO - Processing /opt/airflow/dags/netflix_dag.py took 0.803 seconds
[2026-09-07T05:46:44.966+0000] {processor.py:161} INFO - Started process (PID=3144) to work on /opt/airflow/dags/netflix_dag.py
[2026-09-07T05:46:45.080+0000] {processor.py:830} INFO - Processing file /opt/airflow/dags/netflix_dag.py for tasks to queue
[2026-09-07T05:46:45.135+0000] {logging_mixin.py:188} INFO - [2026-09-07T05:46:45.134+0000] {dagbag.py:545} INFO - Filling up the DagBag from /opt/airflow/dags/netflix_dag.py
[2026-09-07T05:46:45.273+0000] {processor.py:840} INFO - DAG(s) 'netflix_etl_pipeline' retrieved from /opt/airflow/dags/netflix_dag.py
[2026-09-07T05:46:45.382+0000] {logging_mixin.py:188} INFO - [2026-09-07T05:46:45.381+0000] {dag.py:3089} INFO - Sync 1 DAGs
[2026-09-07T05:46:45.595+0000] {logging_mixin.py:188} INFO - [2026-09-07T05:46:45.594+0000] {dag.py:3947} INFO - Setting next_dagrun for netflix_etl_pipeline to 2026-09-06 00:00:00+00:00, run_after=2026-09-07 00:00:00+00:00
[2026-09-07T05:46:45.801+0000] {processor.py:183} INFO - Processing /opt/airflow/dags/netflix_dag.py took 0.874 seconds
[2026-09-07T05:47:17.147+0000] {processor.py:161} INFO - Started process (PID=3155) to work on /opt/airflow/dags/netflix_dag.py
[2026-09-07T05:47:17.150+0000] {processor.py:830} INFO - Processing file /opt/airflow/dags/netflix_dag.py for tasks to queue
[2026-09-07T05:47:17.158+0000] {logging_mixin.py:188} INFO - [2026-09-07T05:47:17.157+0000] {dagbag.py:545} INFO - Filling up the DagBag from /opt/airflow/dags/netflix_dag.py
[2026-09-07T05:47:17.216+0000] {processor.py:840} INFO - DAG(s) 'netflix_etl_pipeline' retrieved from /opt/airflow/dags/netflix_dag.py
[2026-09-07T05:47:17.305+0000] {logging_mixin.py:188} INFO - [2026-09-07T05:47:17.305+0000] {dag.py:3089} INFO - Sync 1 DAGs
[2026-09-07T05:47:17.411+0000] {logging_mixin.py:188} INFO - [2026-09-07T05:47:17.410+0000] {dag.py:3947} INFO - Setting next_dagrun for netflix_etl_pipeline to 2026-09-06 00:00:00+00:00, run_after=2026-09-07 00:00:00+00:00
[2026-09-07T05:47:17.602+0000] {processor.py:183} INFO - Processing /opt/airflow/dags/netflix_dag.py took 0.481 seconds
[2026-09-07T05:47:48.154+0000] {processor.py:161} INFO - Started process (PID=3167) to work on /opt/airflow/dags/netflix_dag.py
[2026-09-07T05:47:48.159+0000] {processor.py:830} INFO - Processing file /opt/airflow/dags/netflix_dag.py for tasks to queue
[2026-09-07T05:47:48.167+0000] {logging_mixin.py:188} INFO - [2026-09-07T05:47:48.166+0000] {dagbag.py:545} INFO - Filling up the DagBag from /opt/airflow/dags/netflix_dag.py
[2026-09-07T05:47:48.247+0000] {processor.py:840} INFO - DAG(s) 'netflix_etl_pipeline' retrieved from /opt/airflow/dags/netflix_dag.py
[2026-09-07T05:47:48.354+0000] {logging_mixin.py:188} INFO - [2026-09-07T05:47:48.343+0000] {dag.py:3089} INFO - Sync 1 DAGs
[2026-09-07T05:47:48.575+0000] {logging_mixin.py:188} INFO - [2026-09-07T05:47:48.574+0000] {dag.py:3947} INFO - Setting next_dagrun for netflix_etl_pipeline to 2026-09-06 00:00:00+00:00, run_after=2026-09-07 00:00:00+00:00
[2026-09-07T05:47:48.794+0000] {processor.py:183} INFO - Processing /opt/airflow/dags/netflix_dag.py took 0.676 seconds
[2026-09-07T05:48:18.971+0000] {processor.py:161} INFO - Started process (PID=3178) to work on /opt/airflow/dags/netflix_dag.py
[2026-09-07T05:48:18.975+0000] {processor.py:830} INFO - Processing file /opt/airflow/dags/netflix_dag.py for tasks to queue
[2026-09-07T05:48:18.981+0000] {logging_mixin.py:188} INFO - [2026-09-07T05:48:18.980+0000] {dagbag.py:545} INFO - Filling up the DagBag from /opt/airflow/dags/netflix_dag.py
[2026-09-07T05:48:19.039+0000] {processor.py:840} INFO - DAG(s) 'netflix_etl_pipeline' retrieved from /opt/airflow/dags/netflix_dag.py
[2026-09-07T05:48:19.119+0000] {logging_mixin.py:188} INFO - [2026-09-07T05:48:19.119+0000] {dag.py:3089} INFO - Sync 1 DAGs
[2026-09-07T05:48:19.176+0000] {logging_mixin.py:188} INFO - [2026-09-07T05:48:19.176+0000] {dag.py:3947} INFO - Setting next_dagrun for netflix_etl_pipeline to 2026-09-06 00:00:00+00:00, run_after=2026-09-07 00:00:00+00:00
[2026-09-07T05:48:19.222+0000] {processor.py:183} INFO - Processing /opt/airflow/dags/netflix_dag.py took 0.269 seconds
[2026-09-07T05:48:49.782+0000] {processor.py:161} INFO - Started process (PID=3189) to work on /opt/airflow/dags/netflix_dag.py
[2026-09-07T05:48:49.785+0000] {processor.py:830} INFO - Processing file /opt/airflow/dags/netflix_dag.py for tasks to queue
[2026-09-07T05:48:49.792+0000] {logging_mixin.py:188} INFO - [2026-09-07T05:48:49.791+0000] {dagbag.py:545} INFO - Filling up the DagBag from /opt/airflow/dags/netflix_dag.py
[2026-09-07T05:48:50.536+0000] {processor.py:840} INFO - DAG(s) 'netflix_etl_pipeline' retrieved from /opt/airflow/dags/netflix_dag.py
[2026-09-07T05:48:50.831+0000] {logging_mixin.py:188} INFO - [2026-09-07T05:48:50.830+0000] {dag.py:3089} INFO - Sync 1 DAGs
[2026-09-07T05:48:50.968+0000] {logging_mixin.py:188} INFO - [2026-09-07T05:48:50.968+0000] {dag.py:3947} INFO - Setting next_dagrun for netflix_etl_pipeline to 2026-09-06 00:00:00+00:00, run_after=2026-09-07 00:00:00+00:00
[2026-09-07T05:48:51.021+0000] {processor.py:183} INFO - Processing /opt/airflow/dags/netflix_dag.py took 1.254 seconds
[2026-09-07T05:49:22.917+0000] {processor.py:161} INFO - Started process (PID=3200) to work on /opt/airflow/dags/netflix_dag.py
[2026-09-07T05:49:22.936+0000] {processor.py:830} INFO - Processing file /opt/airflow/dags/netflix_dag.py for tasks to queue
[2026-09-07T05:49:22.984+0000] {logging_mixin.py:188} INFO - [2026-09-07T05:49:22.983+0000] {dagbag.py:545} INFO - Filling up the DagBag from /opt/airflow/dags/netflix_dag.py
[2026-09-07T05:49:23.156+0000] {processor.py:840} INFO - DAG(s) 'netflix_etl_pipeline' retrieved from /opt/airflow/dags/netflix_dag.py
[2026-09-07T05:49:23.237+0000] {logging_mixin.py:188} INFO - [2026-09-07T05:49:23.237+0000] {dag.py:3089} INFO - Sync 1 DAGs
[2026-09-07T05:49:23.296+0000] {logging_mixin.py:188} INFO - [2026-09-07T05:49:23.296+0000] {dag.py:3947} INFO - Setting next_dagrun for netflix_etl_pipeline to 2026-09-06 00:00:00+00:00, run_after=2026-09-07 00:00:00+00:00
[2026-09-07T05:49:23.339+0000] {processor.py:183} INFO - Processing /opt/airflow/dags/netflix_dag.py took 0.448 seconds
[2026-09-07T05:49:54.535+0000] {processor.py:161} INFO - Started process (PID=3210) to work on /opt/airflow/dags/netflix_dag.py
[2026-09-07T05:49:54.560+0000] {processor.py:830} INFO - Processing file /opt/airflow/dags/netflix_dag.py for tasks to queue
[2026-09-07T05:49:54.595+0000] {logging_mixin.py:188} INFO - [2026-09-07T05:49:54.594+0000] {dagbag.py:545} INFO - Filling up the DagBag from /opt/airflow/dags/netflix_dag.py
[2026-09-07T05:49:55.082+0000] {processor.py:840} INFO - DAG(s) 'netflix_etl_pipeline' retrieved from /opt/airflow/dags/netflix_dag.py
[2026-09-07T05:49:55.188+0000] {logging_mixin.py:188} INFO - [2026-09-07T05:49:55.188+0000] {dag.py:3089} INFO - Sync 1 DAGs
[2026-09-07T05:49:55.378+0000] {logging_mixin.py:188} INFO - [2026-09-07T05:49:55.377+0000] {dag.py:3947} INFO - Setting next_dagrun for netflix_etl_pipeline to 2026-09-06 00:00:00+00:00, run_after=2026-09-07 00:00:00+00:00
[2026-09-07T05:49:55.661+0000] {processor.py:183} INFO - Processing /opt/airflow/dags/netflix_dag.py took 1.153 seconds
[2026-09-07T05:50:27.021+0000] {processor.py:161} INFO - Started process (PID=3221) to work on /opt/airflow/dags/netflix_dag.py
[2026-09-07T05:50:27.064+0000] {processor.py:830} INFO - Processing file /opt/airflow/dags/netflix_dag.py for tasks to queue
[2026-09-07T05:50:27.105+0000] {logging_mixin.py:188} INFO - [2026-09-07T05:50:27.103+0000] {dagbag.py:545} INFO - Filling up the DagBag from /opt/airflow/dags/netflix_dag.py
[2026-09-07T05:50:28.164+0000] {processor.py:840} INFO - DAG(s) 'netflix_etl_pipeline' retrieved from /opt/airflow/dags/netflix_dag.py
[2026-09-07T05:50:28.454+0000] {logging_mixin.py:188} INFO - [2026-09-07T05:50:28.453+0000] {dag.py:3089} INFO - Sync 1 DAGs
[2026-09-07T05:50:28.692+0000] {logging_mixin.py:188} INFO - [2026-09-07T05:50:28.692+0000] {dag.py:3947} INFO - Setting next_dagrun for netflix_etl_pipeline to 2026-09-06 00:00:00+00:00, run_after=2026-09-07 00:00:00+00:00
[2026-09-07T05:50:28.933+0000] {processor.py:183} INFO - Processing /opt/airflow/dags/netflix_dag.py took 1.952 seconds
[2026-09-07T05:51:00.873+0000] {processor.py:161} INFO - Started process (PID=3232) to work on /opt/airflow/dags/netflix_dag.py
[2026-09-07T05:51:00.877+0000] {processor.py:830} INFO - Processing file /opt/airflow/dags/netflix_dag.py for tasks to queue
[2026-09-07T05:51:00.885+0000] {logging_mixin.py:188} INFO - [2026-09-07T05:51:00.884+0000] {dagbag.py:545} INFO - Filling up the DagBag from /opt/airflow/dags/netflix_dag.py
[2026-09-07T05:51:00.964+0000] {processor.py:840} INFO - DAG(s) 'netflix_etl_pipeline' retrieved from /opt/airflow/dags/netflix_dag.py
[2026-09-07T05:51:01.107+0000] {logging_mixin.py:188} INFO - [2026-09-07T05:51:01.107+0000] {dag.py:3089} INFO - Sync 1 DAGs
[2026-09-07T05:51:01.165+0000] {logging_mixin.py:188} INFO - [2026-09-07T05:51:01.165+0000] {dag.py:3947} INFO - Setting next_dagrun for netflix_etl_pipeline to 2026-09-06 00:00:00+00:00, run_after=2026-09-07 00:00:00+00:00
[2026-09-07T05:51:01.319+0000] {processor.py:183} INFO - Processing /opt/airflow/dags/netflix_dag.py took 0.474 seconds
[2026-09-07T05:51:32.054+0000] {processor.py:161} INFO - Started process (PID=3243) to work on /opt/airflow/dags/netflix_dag.py
[2026-09-07T05:51:32.058+0000] {processor.py:830} INFO - Processing file /opt/airflow/dags/netflix_dag.py for tasks to queue
[2026-09-07T05:51:32.063+0000] {logging_mixin.py:188} INFO - [2026-09-07T05:51:32.062+0000] {dagbag.py:545} INFO - Filling up the DagBag from /opt/airflow/dags/netflix_dag.py
[2026-09-07T05:51:32.115+0000] {processor.py:840} INFO - DAG(s) 'netflix_etl_pipeline' retrieved from /opt/airflow/dags/netflix_dag.py
[2026-09-07T05:51:32.193+0000] {logging_mixin.py:188} INFO - [2026-09-07T05:51:32.193+0000] {dag.py:3089} INFO - Sync 1 DAGs
[2026-09-07T05:51:32.244+0000] {logging_mixin.py:188} INFO - [2026-09-07T05:51:32.243+0000] {dag.py:3947} INFO - Setting next_dagrun for netflix_etl_pipeline to 2026-09-06 00:00:00+00:00, run_after=2026-09-07 00:00:00+00:00
[2026-09-07T05:51:32.288+0000] {processor.py:183} INFO - Processing /opt/airflow/dags/netflix_dag.py took 0.247 seconds
[2026-09-07T05:52:04.043+0000] {processor.py:161} INFO - Started process (PID=3254) to work on /opt/airflow/dags/netflix_dag.py
[2026-09-07T05:52:04.049+0000] {processor.py:830} INFO - Processing file /opt/airflow/dags/netflix_dag.py for tasks to queue
[2026-09-07T05:52:04.062+0000] {logging_mixin.py:188} INFO - [2026-09-07T05:52:04.061+0000] {dagbag.py:545} INFO - Filling up the DagBag from /opt/airflow/dags/netflix_dag.py
[2026-09-07T05:52:04.139+0000] {processor.py:840} INFO - DAG(s) 'netflix_etl_pipeline' retrieved from /opt/airflow/dags/netflix_dag.py
[2026-09-07T05:52:04.318+0000] {logging_mixin.py:188} INFO - [2026-09-07T05:52:04.318+0000] {dag.py:3089} INFO - Sync 1 DAGs
[2026-09-07T05:52:04.630+0000] {logging_mixin.py:188} INFO - [2026-09-07T05:52:04.630+0000] {dag.py:3947} INFO - Setting next_dagrun for netflix_etl_pipeline to 2026-09-06 00:00:00+00:00, run_after=2026-09-07 00:00:00+00:00
[2026-09-07T05:52:04.963+0000] {processor.py:183} INFO - Processing /opt/airflow/dags/netflix_dag.py took 0.945 seconds
[2026-09-07T05:52:36.654+0000] {processor.py:161} INFO - Started process (PID=3265) to work on /opt/airflow/dags/netflix_dag.py
[2026-09-07T05:52:36.677+0000] {processor.py:830} INFO - Processing file /opt/airflow/dags/netflix_dag.py for tasks to queue
[2026-09-07T05:52:36.708+0000] {logging_mixin.py:188} INFO - [2026-09-07T05:52:36.707+0000] {dagbag.py:545} INFO - Filling up the DagBag from /opt/airflow/dags/netflix_dag.py
[2026-09-07T05:52:37.234+0000] {processor.py:840} INFO - DAG(s) 'netflix_etl_pipeline' retrieved from /opt/airflow/dags/netflix_dag.py
[2026-09-07T05:52:37.353+0000] {logging_mixin.py:188} INFO - [2026-09-07T05:52:37.353+0000] {dag.py:3089} INFO - Sync 1 DAGs
[2026-09-07T05:52:37.460+0000] {logging_mixin.py:188} INFO - [2026-09-07T05:52:37.460+0000] {dag.py:3947} INFO - Setting next_dagrun for netflix_etl_pipeline to 2026-09-06 00:00:00+00:00, run_after=2026-09-07 00:00:00+00:00
[2026-09-07T05:52:37.647+0000] {processor.py:183} INFO - Processing /opt/airflow/dags/netflix_dag.py took 1.027 seconds
[2026-09-07T05:53:08.321+0000] {processor.py:161} INFO - Started process (PID=3282) to work on /opt/airflow/dags/netflix_dag.py
[2026-09-07T05:53:08.324+0000] {processor.py:830} INFO - Processing file /opt/airflow/dags/netflix_dag.py for tasks to queue
[2026-09-07T05:53:08.329+0000] {logging_mixin.py:188} INFO - [2026-09-07T05:53:08.328+0000] {dagbag.py:545} INFO - Filling up the DagBag from /opt/airflow/dags/netflix_dag.py
[2026-09-07T05:53:08.379+0000] {processor.py:840} INFO - DAG(s) 'netflix_etl_pipeline' retrieved from /opt/airflow/dags/netflix_dag.py
[2026-09-07T05:53:08.526+0000] {logging_mixin.py:188} INFO - [2026-09-07T05:53:08.525+0000] {dag.py:3089} INFO - Sync 1 DAGs
[2026-09-07T05:53:08.761+0000] {logging_mixin.py:188} INFO - [2026-09-07T05:53:08.761+0000] {dag.py:3947} INFO - Setting next_dagrun for netflix_etl_pipeline to 2026-09-06 00:00:00+00:00, run_after=2026-09-07 00:00:00+00:00
[2026-09-07T05:53:08.984+0000] {processor.py:183} INFO - Processing /opt/airflow/dags/netflix_dag.py took 0.683 seconds
[2026-09-07T05:53:40.696+0000] {processor.py:161} INFO - Started process (PID=3293) to work on /opt/airflow/dags/netflix_dag.py
[2026-09-07T05:53:40.717+0000] {processor.py:830} INFO - Processing file /opt/airflow/dags/netflix_dag.py for tasks to queue
[2026-09-07T05:53:40.749+0000] {logging_mixin.py:188} INFO - [2026-09-07T05:53:40.748+0000] {dagbag.py:545} INFO - Filling up the DagBag from /opt/airflow/dags/netflix_dag.py
[2026-09-07T05:53:40.981+0000] {processor.py:840} INFO - DAG(s) 'netflix_etl_pipeline' retrieved from /opt/airflow/dags/netflix_dag.py
[2026-09-07T05:53:41.086+0000] {logging_mixin.py:188} INFO - [2026-09-07T05:53:41.086+0000] {dag.py:3089} INFO - Sync 1 DAGs
[2026-09-07T05:53:41.142+0000] {logging_mixin.py:188} INFO - [2026-09-07T05:53:41.142+0000] {dag.py:3947} INFO - Setting next_dagrun for netflix_etl_pipeline to 2026-09-06 00:00:00+00:00, run_after=2026-09-07 00:00:00+00:00
[2026-09-07T05:53:41.204+0000] {processor.py:183} INFO - Processing /opt/airflow/dags/netflix_dag.py took 0.548 seconds
[2026-09-07T05:54:11.772+0000] {processor.py:161} INFO - Started process (PID=3304) to work on /opt/airflow/dags/netflix_dag.py
[2026-09-07T05:54:11.775+0000] {processor.py:830} INFO - Processing file /opt/airflow/dags/netflix_dag.py for tasks to queue
[2026-09-07T05:54:11.781+0000] {logging_mixin.py:188} INFO - [2026-09-07T05:54:11.780+0000] {dagbag.py:545} INFO - Filling up the DagBag from /opt/airflow/dags/netflix_dag.py
[2026-09-07T05:54:11.829+0000] {processor.py:840} INFO - DAG(s) 'netflix_etl_pipeline' retrieved from /opt/airflow/dags/netflix_dag.py
[2026-09-07T05:54:11.941+0000] {logging_mixin.py:188} INFO - [2026-09-07T05:54:11.940+0000] {dag.py:3089} INFO - Sync 1 DAGs
[2026-09-07T05:54:12.165+0000] {logging_mixin.py:188} INFO - [2026-09-07T05:54:12.164+0000] {dag.py:3947} INFO - Setting next_dagrun for netflix_etl_pipeline to 2026-09-06 00:00:00+00:00, run_after=2026-09-07 00:00:00+00:00
[2026-09-07T05:54:12.352+0000] {processor.py:183} INFO - Processing /opt/airflow/dags/netflix_dag.py took 0.595 seconds
[2026-09-07T05:54:43.062+0000] {processor.py:161} INFO - Started process (PID=3315) to work on /opt/airflow/dags/netflix_dag.py
[2026-09-07T05:54:43.065+0000] {processor.py:830} INFO - Processing file /opt/airflow/dags/netflix_dag.py for tasks to queue
[2026-09-07T05:54:43.070+0000] {logging_mixin.py:188} INFO - [2026-09-07T05:54:43.069+0000] {dagbag.py:545} INFO - Filling up the DagBag from /opt/airflow/dags/netflix_dag.py
[2026-09-07T05:54:43.122+0000] {processor.py:840} INFO - DAG(s) 'netflix_etl_pipeline' retrieved from /opt/airflow/dags/netflix_dag.py
[2026-09-07T05:54:43.203+0000] {logging_mixin.py:188} INFO - [2026-09-07T05:54:43.203+0000] {dag.py:3089} INFO - Sync 1 DAGs
[2026-09-07T05:54:43.260+0000] {logging_mixin.py:188} INFO - [2026-09-07T05:54:43.260+0000] {dag.py:3947} INFO - Setting next_dagrun for netflix_etl_pipeline to 2026-09-06 00:00:00+00:00, run_after=2026-09-07 00:00:00+00:00
[2026-09-07T05:54:43.305+0000] {processor.py:183} INFO - Processing /opt/airflow/dags/netflix_dag.py took 0.258 seconds
[2026-09-07T05:55:15.261+0000] {processor.py:161} INFO - Started process (PID=3326) to work on /opt/airflow/dags/netflix_dag.py
[2026-09-07T05:55:15.314+0000] {processor.py:830} INFO - Processing file /opt/airflow/dags/netflix_dag.py for tasks to queue
[2026-09-07T05:55:15.344+0000] {logging_mixin.py:188} INFO - [2026-09-07T05:55:15.342+0000] {dagbag.py:545} INFO - Filling up the DagBag from /opt/airflow/dags/netflix_dag.py
[2026-09-07T05:55:15.838+0000] {processor.py:840} INFO - DAG(s) 'netflix_etl_pipeline' retrieved from /opt/airflow/dags/netflix_dag.py
[2026-09-07T05:55:15.961+0000] {logging_mixin.py:188} INFO - [2026-09-07T05:55:15.960+0000] {dag.py:3089} INFO - Sync 1 DAGs
[2026-09-07T05:55:16.026+0000] {logging_mixin.py:188} INFO - [2026-09-07T05:55:16.025+0000] {dag.py:3947} INFO - Setting next_dagrun for netflix_etl_pipeline to 2026-09-06 00:00:00+00:00, run_after=2026-09-07 00:00:00+00:00
[2026-09-07T05:55:16.076+0000] {processor.py:183} INFO - Processing /opt/airflow/dags/netflix_dag.py took 0.853 seconds
[2026-09-07T05:55:47.140+0000] {processor.py:161} INFO - Started process (PID=3338) to work on /opt/airflow/dags/netflix_dag.py
[2026-09-07T05:55:47.167+0000] {processor.py:830} INFO - Processing file /opt/airflow/dags/netflix_dag.py for tasks to queue
[2026-09-07T05:55:47.183+0000] {logging_mixin.py:188} INFO - [2026-09-07T05:55:47.182+0000] {dagbag.py:545} INFO - Filling up the DagBag from /opt/airflow/dags/netflix_dag.py
[2026-09-07T05:55:47.857+0000] {processor.py:840} INFO - DAG(s) 'netflix_etl_pipeline' retrieved from /opt/airflow/dags/netflix_dag.py
[2026-09-07T05:55:48.082+0000] {logging_mixin.py:188} INFO - [2026-09-07T05:55:48.081+0000] {dag.py:3089} INFO - Sync 1 DAGs
[2026-09-07T05:55:48.275+0000] {logging_mixin.py:188} INFO - [2026-09-07T05:55:48.274+0000] {dag.py:3947} INFO - Setting next_dagrun for netflix_etl_pipeline to 2026-09-06 00:00:00+00:00, run_after=2026-09-07 00:00:00+00:00
[2026-09-07T05:55:48.447+0000] {processor.py:183} INFO - Processing /opt/airflow/dags/netflix_dag.py took 1.334 seconds
[2026-09-07T05:56:19.887+0000] {processor.py:161} INFO - Started process (PID=3349) to work on /opt/airflow/dags/netflix_dag.py
[2026-09-07T05:56:19.911+0000] {processor.py:830} INFO - Processing file /opt/airflow/dags/netflix_dag.py for tasks to queue
[2026-09-07T05:56:19.949+0000] {logging_mixin.py:188} INFO - [2026-09-07T05:56:19.948+0000] {dagbag.py:545} INFO - Filling up the DagBag from /opt/airflow/dags/netflix_dag.py
[2026-09-07T05:56:20.031+0000] {processor.py:840} INFO - DAG(s) 'netflix_etl_pipeline' retrieved from /opt/airflow/dags/netflix_dag.py
[2026-09-07T05:56:20.117+0000] {logging_mixin.py:188} INFO - [2026-09-07T05:56:20.117+0000] {dag.py:3089} INFO - Sync 1 DAGs
[2026-09-07T05:56:20.177+0000] {logging_mixin.py:188} INFO - [2026-09-07T05:56:20.176+0000] {dag.py:3947} INFO - Setting next_dagrun for netflix_etl_pipeline to 2026-09-06 00:00:00+00:00, run_after=2026-09-07 00:00:00+00:00
[2026-09-07T05:56:20.228+0000] {processor.py:183} INFO - Processing /opt/airflow/dags/netflix_dag.py took 0.379 seconds
[2026-09-07T05:56:51.459+0000] {processor.py:161} INFO - Started process (PID=3360) to work on /opt/airflow/dags/netflix_dag.py
[2026-09-07T05:56:51.463+0000] {processor.py:830} INFO - Processing file /opt/airflow/dags/netflix_dag.py for tasks to queue
[2026-09-07T05:56:51.470+0000] {logging_mixin.py:188} INFO - [2026-09-07T05:56:51.469+0000] {dagbag.py:545} INFO - Filling up the DagBag from /opt/airflow/dags/netflix_dag.py
[2026-09-07T05:56:51.543+0000] {processor.py:840} INFO - DAG(s) 'netflix_etl_pipeline' retrieved from /opt/airflow/dags/netflix_dag.py
[2026-09-07T05:56:51.791+0000] {logging_mixin.py:188} INFO - [2026-09-07T05:56:51.790+0000] {dag.py:3089} INFO - Sync 1 DAGs
[2026-09-07T05:56:52.001+0000] {logging_mixin.py:188} INFO - [2026-09-07T05:56:51.992+0000] {dag.py:3947} INFO - Setting next_dagrun for netflix_etl_pipeline to 2026-09-06 00:00:00+00:00, run_after=2026-09-07 00:00:00+00:00
[2026-09-07T05:56:52.208+0000] {processor.py:183} INFO - Processing /opt/airflow/dags/netflix_dag.py took 0.778 seconds
[2026-09-07T05:57:22.607+0000] {processor.py:161} INFO - Started process (PID=3371) to work on /opt/airflow/dags/netflix_dag.py
[2026-09-07T05:57:22.611+0000] {processor.py:830} INFO - Processing file /opt/airflow/dags/netflix_dag.py for tasks to queue
[2026-09-07T05:57:22.618+0000] {logging_mixin.py:188} INFO - [2026-09-07T05:57:22.617+0000] {dagbag.py:545} INFO - Filling up the DagBag from /opt/airflow/dags/netflix_dag.py
[2026-09-07T05:57:22.673+0000] {processor.py:840} INFO - DAG(s) 'netflix_etl_pipeline' retrieved from /opt/airflow/dags/netflix_dag.py
[2026-09-07T05:57:22.758+0000] {logging_mixin.py:188} INFO - [2026-09-07T05:57:22.758+0000] {dag.py:3089} INFO - Sync 1 DAGs
[2026-09-07T05:57:22.812+0000] {logging_mixin.py:188} INFO - [2026-09-07T05:57:22.811+0000] {dag.py:3947} INFO - Setting next_dagrun for netflix_etl_pipeline to 2026-09-06 00:00:00+00:00, run_after=2026-09-07 00:00:00+00:00
[2026-09-07T05:57:23.436+0000] {processor.py:183} INFO - Processing /opt/airflow/dags/netflix_dag.py took 0.847 seconds
[2026-09-07T05:57:55.084+0000] {processor.py:161} INFO - Started process (PID=3382) to work on /opt/airflow/dags/netflix_dag.py
[2026-09-07T05:57:55.179+0000] {processor.py:830} INFO - Processing file /opt/airflow/dags/netflix_dag.py for tasks to queue
[2026-09-07T05:57:55.272+0000] {logging_mixin.py:188} INFO - [2026-09-07T05:57:55.270+0000] {dagbag.py:545} INFO - Filling up the DagBag from /opt/airflow/dags/netflix_dag.py
[2026-09-07T05:57:56.338+0000] {processor.py:840} INFO - DAG(s) 'netflix_etl_pipeline' retrieved from /opt/airflow/dags/netflix_dag.py
[2026-09-07T05:57:56.657+0000] {logging_mixin.py:188} INFO - [2026-09-07T05:57:56.645+0000] {dag.py:3089} INFO - Sync 1 DAGs
[2026-09-07T05:57:56.906+0000] {logging_mixin.py:188} INFO - [2026-09-07T05:57:56.905+0000] {dag.py:3947} INFO - Setting next_dagrun for netflix_etl_pipeline to 2026-09-06 00:00:00+00:00, run_after=2026-09-07 00:00:00+00:00
[2026-09-07T05:57:57.035+0000] {processor.py:183} INFO - Processing /opt/airflow/dags/netflix_dag.py took 1.991 seconds
[2026-09-07T05:58:27.657+0000] {processor.py:161} INFO - Started process (PID=3393) to work on /opt/airflow/dags/netflix_dag.py
[2026-09-07T05:58:27.670+0000] {processor.py:830} INFO - Processing file /opt/airflow/dags/netflix_dag.py for tasks to queue
[2026-09-07T05:58:27.676+0000] {logging_mixin.py:188} INFO - [2026-09-07T05:58:27.675+0000] {dagbag.py:545} INFO - Filling up the DagBag from /opt/airflow/dags/netflix_dag.py
[2026-09-07T05:58:27.790+0000] {processor.py:840} INFO - DAG(s) 'netflix_etl_pipeline' retrieved from /opt/airflow/dags/netflix_dag.py
[2026-09-07T05:58:28.036+0000] {logging_mixin.py:188} INFO - [2026-09-07T05:58:28.036+0000] {dag.py:3089} INFO - Sync 1 DAGs
[2026-09-07T05:58:28.230+0000] {logging_mixin.py:188} INFO - [2026-09-07T05:58:28.229+0000] {dag.py:3947} INFO - Setting next_dagrun for netflix_etl_pipeline to 2026-09-06 00:00:00+00:00, run_after=2026-09-07 00:00:00+00:00
[2026-09-07T05:58:28.455+0000] {processor.py:183} INFO - Processing /opt/airflow/dags/netflix_dag.py took 0.821 seconds
[2026-09-07T05:59:00.404+0000] {processor.py:161} INFO - Started process (PID=3404) to work on /opt/airflow/dags/netflix_dag.py
[2026-09-07T05:59:00.447+0000] {processor.py:830} INFO - Processing file /opt/airflow/dags/netflix_dag.py for tasks to queue
[2026-09-07T05:59:00.481+0000] {logging_mixin.py:188} INFO - [2026-09-07T05:59:00.480+0000] {dagbag.py:545} INFO - Filling up the DagBag from /opt/airflow/dags/netflix_dag.py
[2026-09-07T05:59:01.573+0000] {processor.py:840} INFO - DAG(s) 'netflix_etl_pipeline' retrieved from /opt/airflow/dags/netflix_dag.py
[2026-09-07T05:59:01.826+0000] {logging_mixin.py:188} INFO - [2026-09-07T05:59:01.825+0000] {dag.py:3089} INFO - Sync 1 DAGs
[2026-09-07T05:59:02.002+0000] {logging_mixin.py:188} INFO - [2026-09-07T05:59:02.002+0000] {dag.py:3947} INFO - Setting next_dagrun for netflix_etl_pipeline to 2026-09-06 00:00:00+00:00, run_after=2026-09-07 00:00:00+00:00
[2026-09-07T05:59:02.258+0000] {processor.py:183} INFO - Processing /opt/airflow/dags/netflix_dag.py took 1.880 seconds
[2026-09-07T05:59:33.546+0000] {processor.py:161} INFO - Started process (PID=3415) to work on /opt/airflow/dags/netflix_dag.py
[2026-09-07T05:59:33.585+0000] {processor.py:830} INFO - Processing file /opt/airflow/dags/netflix_dag.py for tasks to queue
[2026-09-07T05:59:33.621+0000] {logging_mixin.py:188} INFO - [2026-09-07T05:59:33.620+0000] {dagbag.py:545} INFO - Filling up the DagBag from /opt/airflow/dags/netflix_dag.py
[2026-09-07T05:59:34.376+0000] {processor.py:840} INFO - DAG(s) 'netflix_etl_pipeline' retrieved from /opt/airflow/dags/netflix_dag.py
[2026-09-07T05:59:34.650+0000] {logging_mixin.py:188} INFO - [2026-09-07T05:59:34.649+0000] {dag.py:3089} INFO - Sync 1 DAGs
[2026-09-07T05:59:34.867+0000] {logging_mixin.py:188} INFO - [2026-09-07T05:59:34.866+0000] {dag.py:3947} INFO - Setting next_dagrun for netflix_etl_pipeline to 2026-09-06 00:00:00+00:00, run_after=2026-09-07 00:00:00+00:00
[2026-09-07T05:59:35.077+0000] {processor.py:183} INFO - Processing /opt/airflow/dags/netflix_dag.py took 1.558 seconds
[2026-09-07T06:00:06.665+0000] {processor.py:161} INFO - Started process (PID=3426) to work on /opt/airflow/dags/netflix_dag.py
[2026-09-07T06:00:06.699+0000] {processor.py:830} INFO - Processing file /opt/airflow/dags/netflix_dag.py for tasks to queue
[2026-09-07T06:00:06.735+0000] {logging_mixin.py:188} INFO - [2026-09-07T06:00:06.733+0000] {dagbag.py:545} INFO - Filling up the DagBag from /opt/airflow/dags/netflix_dag.py
[2026-09-07T06:00:06.832+0000] {processor.py:840} INFO - DAG(s) 'netflix_etl_pipeline' retrieved from /opt/airflow/dags/netflix_dag.py
[2026-09-07T06:00:07.014+0000] {logging_mixin.py:188} INFO - [2026-09-07T06:00:07.014+0000] {dag.py:3089} INFO - Sync 1 DAGs
[2026-09-07T06:00:07.255+0000] {logging_mixin.py:188} INFO - [2026-09-07T06:00:07.254+0000] {dag.py:3947} INFO - Setting next_dagrun for netflix_etl_pipeline to 2026-09-06 00:00:00+00:00, run_after=2026-09-07 00:00:00+00:00
[2026-09-07T06:00:07.585+0000] {processor.py:183} INFO - Processing /opt/airflow/dags/netflix_dag.py took 0.965 seconds
[2026-09-07T06:00:38.839+0000] {processor.py:161} INFO - Started process (PID=3437) to work on /opt/airflow/dags/netflix_dag.py
[2026-09-07T06:00:38.866+0000] {processor.py:830} INFO - Processing file /opt/airflow/dags/netflix_dag.py for tasks to queue
[2026-09-07T06:00:38.901+0000] {logging_mixin.py:188} INFO - [2026-09-07T06:00:38.900+0000] {dagbag.py:545} INFO - Filling up the DagBag from /opt/airflow/dags/netflix_dag.py
[2026-09-07T06:00:39.414+0000] {processor.py:840} INFO - DAG(s) 'netflix_etl_pipeline' retrieved from /opt/airflow/dags/netflix_dag.py
[2026-09-07T06:00:39.672+0000] {logging_mixin.py:188} INFO - [2026-09-07T06:00:39.671+0000] {dag.py:3089} INFO - Sync 1 DAGs
[2026-09-07T06:00:39.766+0000] {logging_mixin.py:188} INFO - [2026-09-07T06:00:39.765+0000] {dag.py:3947} INFO - Setting next_dagrun for netflix_etl_pipeline to 2026-09-06 00:00:00+00:00, run_after=2026-09-07 00:00:00+00:00
[2026-09-07T06:00:39.822+0000] {processor.py:183} INFO - Processing /opt/airflow/dags/netflix_dag.py took 1.015 seconds
[2026-09-07T06:01:10.520+0000] {processor.py:161} INFO - Started process (PID=3448) to work on /opt/airflow/dags/netflix_dag.py
[2026-09-07T06:01:10.528+0000] {processor.py:830} INFO - Processing file /opt/airflow/dags/netflix_dag.py for tasks to queue
[2026-09-07T06:01:10.542+0000] {logging_mixin.py:188} INFO - [2026-09-07T06:01:10.540+0000] {dagbag.py:545} INFO - Filling up the DagBag from /opt/airflow/dags/netflix_dag.py
[2026-09-07T06:01:10.598+0000] {processor.py:840} INFO - DAG(s) 'netflix_etl_pipeline' retrieved from /opt/airflow/dags/netflix_dag.py
[2026-09-07T06:01:10.757+0000] {logging_mixin.py:188} INFO - [2026-09-07T06:01:10.756+0000] {dag.py:3089} INFO - Sync 1 DAGs
[2026-09-07T06:01:10.992+0000] {logging_mixin.py:188} INFO - [2026-09-07T06:01:10.991+0000] {dag.py:3947} INFO - Setting next_dagrun for netflix_etl_pipeline to 2026-09-06 00:00:00+00:00, run_after=2026-09-07 00:00:00+00:00
[2026-09-07T06:01:11.341+0000] {processor.py:183} INFO - Processing /opt/airflow/dags/netflix_dag.py took 0.859 seconds
[2026-09-07T06:01:42.313+0000] {processor.py:161} INFO - Started process (PID=3459) to work on /opt/airflow/dags/netflix_dag.py
[2026-09-07T06:01:42.318+0000] {processor.py:830} INFO - Processing file /opt/airflow/dags/netflix_dag.py for tasks to queue
[2026-09-07T06:01:42.323+0000] {logging_mixin.py:188} INFO - [2026-09-07T06:01:42.323+0000] {dagbag.py:545} INFO - Filling up the DagBag from /opt/airflow/dags/netflix_dag.py
[2026-09-07T06:01:42.386+0000] {processor.py:840} INFO - DAG(s) 'netflix_etl_pipeline' retrieved from /opt/airflow/dags/netflix_dag.py
[2026-09-07T06:01:42.473+0000] {logging_mixin.py:188} INFO - [2026-09-07T06:01:42.472+0000] {dag.py:3089} INFO - Sync 1 DAGs
[2026-09-07T06:01:42.525+0000] {logging_mixin.py:188} INFO - [2026-09-07T06:01:42.525+0000] {dag.py:3947} INFO - Setting next_dagrun for netflix_etl_pipeline to 2026-09-06 00:00:00+00:00, run_after=2026-09-07 00:00:00+00:00
[2026-09-07T06:01:42.576+0000] {processor.py:183} INFO - Processing /opt/airflow/dags/netflix_dag.py took 0.280 seconds
[2026-09-07T06:02:12.896+0000] {processor.py:161} INFO - Started process (PID=3470) to work on /opt/airflow/dags/netflix_dag.py
[2026-09-07T06:02:12.899+0000] {processor.py:830} INFO - Processing file /opt/airflow/dags/netflix_dag.py for tasks to queue
[2026-09-07T06:02:12.905+0000] {logging_mixin.py:188} INFO - [2026-09-07T06:02:12.904+0000] {dagbag.py:545} INFO - Filling up the DagBag from /opt/airflow/dags/netflix_dag.py
[2026-09-07T06:02:12.954+0000] {processor.py:840} INFO - DAG(s) 'netflix_etl_pipeline' retrieved from /opt/airflow/dags/netflix_dag.py
[2026-09-07T06:02:13.036+0000] {logging_mixin.py:188} INFO - [2026-09-07T06:02:13.035+0000] {dag.py:3089} INFO - Sync 1 DAGs
[2026-09-07T06:02:13.102+0000] {logging_mixin.py:188} INFO - [2026-09-07T06:02:13.101+0000] {dag.py:3947} INFO - Setting next_dagrun for netflix_etl_pipeline to 2026-09-06 00:00:00+00:00, run_after=2026-09-07 00:00:00+00:00
[2026-09-07T06:02:13.166+0000] {processor.py:183} INFO - Processing /opt/airflow/dags/netflix_dag.py took 0.282 seconds
[2026-09-07T06:02:43.486+0000] {processor.py:161} INFO - Started process (PID=3481) to work on /opt/airflow/dags/netflix_dag.py
[2026-09-07T06:02:43.490+0000] {processor.py:830} INFO - Processing file /opt/airflow/dags/netflix_dag.py for tasks to queue
[2026-09-07T06:02:43.498+0000] {logging_mixin.py:188} INFO - [2026-09-07T06:02:43.497+0000] {dagbag.py:545} INFO - Filling up the DagBag from /opt/airflow/dags/netflix_dag.py
[2026-09-07T06:02:43.557+0000] {processor.py:840} INFO - DAG(s) 'netflix_etl_pipeline' retrieved from /opt/airflow/dags/netflix_dag.py
[2026-09-07T06:02:43.636+0000] {logging_mixin.py:188} INFO - [2026-09-07T06:02:43.635+0000] {dag.py:3089} INFO - Sync 1 DAGs
[2026-09-07T06:02:43.693+0000] {logging_mixin.py:188} INFO - [2026-09-07T06:02:43.692+0000] {dag.py:3947} INFO - Setting next_dagrun for netflix_etl_pipeline to 2026-09-06 00:00:00+00:00, run_after=2026-09-07 00:00:00+00:00
[2026-09-07T06:02:43.737+0000] {processor.py:183} INFO - Processing /opt/airflow/dags/netflix_dag.py took 0.265 seconds
[2026-09-07T06:03:14.130+0000] {processor.py:161} INFO - Started process (PID=3492) to work on /opt/airflow/dags/netflix_dag.py
[2026-09-07T06:03:14.133+0000] {processor.py:830} INFO - Processing file /opt/airflow/dags/netflix_dag.py for tasks to queue
[2026-09-07T06:03:14.140+0000] {logging_mixin.py:188} INFO - [2026-09-07T06:03:14.138+0000] {dagbag.py:545} INFO - Filling up the DagBag from /opt/airflow/dags/netflix_dag.py
[2026-09-07T06:03:14.195+0000] {processor.py:840} INFO - DAG(s) 'netflix_etl_pipeline' retrieved from /opt/airflow/dags/netflix_dag.py
[2026-09-07T06:03:14.279+0000] {logging_mixin.py:188} INFO - [2026-09-07T06:03:14.279+0000] {dag.py:3089} INFO - Sync 1 DAGs
[2026-09-07T06:03:14.330+0000] {logging_mixin.py:188} INFO - [2026-09-07T06:03:14.330+0000] {dag.py:3947} INFO - Setting next_dagrun for netflix_etl_pipeline to 2026-09-06 00:00:00+00:00, run_after=2026-09-07 00:00:00+00:00
[2026-09-07T06:03:14.374+0000] {processor.py:183} INFO - Processing /opt/airflow/dags/netflix_dag.py took 0.257 seconds
[2026-09-07T06:03:44.651+0000] {processor.py:161} INFO - Started process (PID=3503) to work on /opt/airflow/dags/netflix_dag.py
[2026-09-07T06:03:44.655+0000] {processor.py:830} INFO - Processing file /opt/airflow/dags/netflix_dag.py for tasks to queue
[2026-09-07T06:03:44.659+0000] {logging_mixin.py:188} INFO - [2026-09-07T06:03:44.658+0000] {dagbag.py:545} INFO - Filling up the DagBag from /opt/airflow/dags/netflix_dag.py
[2026-09-07T06:03:44.693+0000] {processor.py:840} INFO - DAG(s) 'netflix_etl_pipeline' retrieved from /opt/airflow/dags/netflix_dag.py
[2026-09-07T06:03:44.753+0000] {logging_mixin.py:188} INFO - [2026-09-07T06:03:44.753+0000] {dag.py:3089} INFO - Sync 1 DAGs
[2026-09-07T06:03:44.792+0000] {logging_mixin.py:188} INFO - [2026-09-07T06:03:44.791+0000] {dag.py:3947} INFO - Setting next_dagrun for netflix_etl_pipeline to 2026-09-06 00:00:00+00:00, run_after=2026-09-07 00:00:00+00:00
[2026-09-07T06:03:44.825+0000] {processor.py:183} INFO - Processing /opt/airflow/dags/netflix_dag.py took 0.186 seconds
[2026-09-07T06:04:15.079+0000] {processor.py:161} INFO - Started process (PID=3520) to work on /opt/airflow/dags/netflix_dag.py
[2026-09-07T06:04:15.081+0000] {processor.py:830} INFO - Processing file /opt/airflow/dags/netflix_dag.py for tasks to queue
[2026-09-07T06:04:15.084+0000] {logging_mixin.py:188} INFO - [2026-09-07T06:04:15.084+0000] {dagbag.py:545} INFO - Filling up the DagBag from /opt/airflow/dags/netflix_dag.py
[2026-09-07T06:04:15.113+0000] {processor.py:840} INFO - DAG(s) 'netflix_etl_pipeline' retrieved from /opt/airflow/dags/netflix_dag.py
[2026-09-07T06:04:15.154+0000] {logging_mixin.py:188} INFO - [2026-09-07T06:04:15.154+0000] {dag.py:3089} INFO - Sync 1 DAGs
[2026-09-07T06:04:15.179+0000] {logging_mixin.py:188} INFO - [2026-09-07T06:04:15.179+0000] {dag.py:3947} INFO - Setting next_dagrun for netflix_etl_pipeline to 2026-09-06 00:00:00+00:00, run_after=2026-09-07 00:00:00+00:00
[2026-09-07T06:04:15.205+0000] {processor.py:183} INFO - Processing /opt/airflow/dags/netflix_dag.py took 0.133 seconds
[2026-09-07T06:04:45.315+0000] {processor.py:161} INFO - Started process (PID=3531) to work on /opt/airflow/dags/netflix_dag.py
[2026-09-07T06:04:45.317+0000] {processor.py:830} INFO - Processing file /opt/airflow/dags/netflix_dag.py for tasks to queue
[2026-09-07T06:04:45.320+0000] {logging_mixin.py:188} INFO - [2026-09-07T06:04:45.320+0000] {dagbag.py:545} INFO - Filling up the DagBag from /opt/airflow/dags/netflix_dag.py
[2026-09-07T06:04:45.349+0000] {processor.py:840} INFO - DAG(s) 'netflix_etl_pipeline' retrieved from /opt/airflow/dags/netflix_dag.py
[2026-09-07T06:04:45.388+0000] {logging_mixin.py:188} INFO - [2026-09-07T06:04:45.388+0000] {dag.py:3089} INFO - Sync 1 DAGs
[2026-09-07T06:04:45.411+0000] {logging_mixin.py:188} INFO - [2026-09-07T06:04:45.411+0000] {dag.py:3947} INFO - Setting next_dagrun for netflix_etl_pipeline to 2026-09-06 00:00:00+00:00, run_after=2026-09-07 00:00:00+00:00
[2026-09-07T06:04:45.438+0000] {processor.py:183} INFO - Processing /opt/airflow/dags/netflix_dag.py took 0.131 seconds
[2026-09-07T06:05:15.703+0000] {processor.py:161} INFO - Started process (PID=3542) to work on /opt/airflow/dags/netflix_dag.py
[2026-09-07T06:05:15.707+0000] {processor.py:830} INFO - Processing file /opt/airflow/dags/netflix_dag.py for tasks to queue
[2026-09-07T06:05:15.713+0000] {logging_mixin.py:188} INFO - [2026-09-07T06:05:15.712+0000] {dagbag.py:545} INFO - Filling up the DagBag from /opt/airflow/dags/netflix_dag.py
[2026-09-07T06:05:15.764+0000] {processor.py:840} INFO - DAG(s) 'netflix_etl_pipeline' retrieved from /opt/airflow/dags/netflix_dag.py
[2026-09-07T06:05:15.838+0000] {logging_mixin.py:188} INFO - [2026-09-07T06:05:15.838+0000] {dag.py:3089} INFO - Sync 1 DAGs
[2026-09-07T06:05:15.889+0000] {logging_mixin.py:188} INFO - [2026-09-07T06:05:15.888+0000] {dag.py:3947} INFO - Setting next_dagrun for netflix_etl_pipeline to 2026-09-06 00:00:00+00:00, run_after=2026-09-07 00:00:00+00:00
[2026-09-07T06:05:15.933+0000] {processor.py:183} INFO - Processing /opt/airflow/dags/netflix_dag.py took 0.244 seconds
[2026-09-07T06:05:46.229+0000] {processor.py:161} INFO - Started process (PID=3553) to work on /opt/airflow/dags/netflix_dag.py
[2026-09-07T06:05:46.233+0000] {processor.py:830} INFO - Processing file /opt/airflow/dags/netflix_dag.py for tasks to queue
[2026-09-07T06:05:46.238+0000] {logging_mixin.py:188} INFO - [2026-09-07T06:05:46.237+0000] {dagbag.py:545} INFO - Filling up the DagBag from /opt/airflow/dags/netflix_dag.py
[2026-09-07T06:05:46.292+0000] {processor.py:840} INFO - DAG(s) 'netflix_etl_pipeline' retrieved from /opt/airflow/dags/netflix_dag.py
[2026-09-07T06:05:46.369+0000] {logging_mixin.py:188} INFO - [2026-09-07T06:05:46.369+0000] {dag.py:3089} INFO - Sync 1 DAGs
[2026-09-07T06:05:46.420+0000] {logging_mixin.py:188} INFO - [2026-09-07T06:05:46.419+0000] {dag.py:3947} INFO - Setting next_dagrun for netflix_etl_pipeline to 2026-09-06 00:00:00+00:00, run_after=2026-09-07 00:00:00+00:00
[2026-09-07T06:05:46.462+0000] {processor.py:183} INFO - Processing /opt/airflow/dags/netflix_dag.py took 0.249 seconds
[2026-09-07T06:06:16.756+0000] {processor.py:161} INFO - Started process (PID=3564) to work on /opt/airflow/dags/netflix_dag.py
[2026-09-07T06:06:16.760+0000] {processor.py:830} INFO - Processing file /opt/airflow/dags/netflix_dag.py for tasks to queue
[2026-09-07T06:06:16.766+0000] {logging_mixin.py:188} INFO - [2026-09-07T06:06:16.764+0000] {dagbag.py:545} INFO - Filling up the DagBag from /opt/airflow/dags/netflix_dag.py
[2026-09-07T06:06:16.817+0000] {processor.py:840} INFO - DAG(s) 'netflix_etl_pipeline' retrieved from /opt/airflow/dags/netflix_dag.py
[2026-09-07T06:06:16.906+0000] {logging_mixin.py:188} INFO - [2026-09-07T06:06:16.905+0000] {dag.py:3089} INFO - Sync 1 DAGs
[2026-09-07T06:06:16.954+0000] {logging_mixin.py:188} INFO - [2026-09-07T06:06:16.954+0000] {dag.py:3947} INFO - Setting next_dagrun for netflix_etl_pipeline to 2026-09-06 00:00:00+00:00, run_after=2026-09-07 00:00:00+00:00
[2026-09-07T06:06:16.996+0000] {processor.py:183} INFO - Processing /opt/airflow/dags/netflix_dag.py took 0.255 seconds
[2026-09-07T06:06:47.297+0000] {processor.py:161} INFO - Started process (PID=3575) to work on /opt/airflow/dags/netflix_dag.py
[2026-09-07T06:06:47.300+0000] {processor.py:830} INFO - Processing file /opt/airflow/dags/netflix_dag.py for tasks to queue
[2026-09-07T06:06:47.307+0000] {logging_mixin.py:188} INFO - [2026-09-07T06:06:47.306+0000] {dagbag.py:545} INFO - Filling up the DagBag from /opt/airflow/dags/netflix_dag.py
[2026-09-07T06:06:47.362+0000] {processor.py:840} INFO - DAG(s) 'netflix_etl_pipeline' retrieved from /opt/airflow/dags/netflix_dag.py
[2026-09-07T06:06:47.458+0000] {logging_mixin.py:188} INFO - [2026-09-07T06:06:47.457+0000] {dag.py:3089} INFO - Sync 1 DAGs
[2026-09-07T06:06:47.546+0000] {logging_mixin.py:188} INFO - [2026-09-07T06:06:47.545+0000] {dag.py:3947} INFO - Setting next_dagrun for netflix_etl_pipeline to 2026-09-06 00:00:00+00:00, run_after=2026-09-07 00:00:00+00:00
[2026-09-07T06:06:47.595+0000] {processor.py:183} INFO - Processing /opt/airflow/dags/netflix_dag.py took 0.312 seconds
[2026-09-07T06:07:18.427+0000] {processor.py:161} INFO - Started process (PID=3586) to work on /opt/airflow/dags/netflix_dag.py
[2026-09-07T06:07:18.428+0000] {processor.py:830} INFO - Processing file /opt/airflow/dags/netflix_dag.py for tasks to queue
[2026-09-07T06:07:18.431+0000] {logging_mixin.py:188} INFO - [2026-09-07T06:07:18.430+0000] {dagbag.py:545} INFO - Filling up the DagBag from /opt/airflow/dags/netflix_dag.py
[2026-09-07T06:07:18.455+0000] {processor.py:840} INFO - DAG(s) 'netflix_etl_pipeline' retrieved from /opt/airflow/dags/netflix_dag.py
[2026-09-07T06:07:18.492+0000] {logging_mixin.py:188} INFO - [2026-09-07T06:07:18.492+0000] {dag.py:3089} INFO - Sync 1 DAGs
[2026-09-07T06:07:18.514+0000] {logging_mixin.py:188} INFO - [2026-09-07T06:07:18.514+0000] {dag.py:3947} INFO - Setting next_dagrun for netflix_etl_pipeline to 2026-09-06 00:00:00+00:00, run_after=2026-09-07 00:00:00+00:00
[2026-09-07T06:07:18.550+0000] {processor.py:183} INFO - Processing /opt/airflow/dags/netflix_dag.py took 0.150 seconds
[2026-09-07T06:07:48.782+0000] {processor.py:161} INFO - Started process (PID=3597) to work on /opt/airflow/dags/netflix_dag.py
[2026-09-07T06:07:48.785+0000] {processor.py:830} INFO - Processing file /opt/airflow/dags/netflix_dag.py for tasks to queue
[2026-09-07T06:07:48.790+0000] {logging_mixin.py:188} INFO - [2026-09-07T06:07:48.790+0000] {dagbag.py:545} INFO - Filling up the DagBag from /opt/airflow/dags/netflix_dag.py
[2026-09-07T06:07:48.841+0000] {processor.py:840} INFO - DAG(s) 'netflix_etl_pipeline' retrieved from /opt/airflow/dags/netflix_dag.py
[2026-09-07T06:07:48.917+0000] {logging_mixin.py:188} INFO - [2026-09-07T06:07:48.917+0000] {dag.py:3089} INFO - Sync 1 DAGs
[2026-09-07T06:07:48.987+0000] {logging_mixin.py:188} INFO - [2026-09-07T06:07:48.986+0000] {dag.py:3947} INFO - Setting next_dagrun for netflix_etl_pipeline to 2026-09-06 00:00:00+00:00, run_after=2026-09-07 00:00:00+00:00
[2026-09-07T06:07:49.038+0000] {processor.py:183} INFO - Processing /opt/airflow/dags/netflix_dag.py took 0.269 seconds
[2026-09-07T06:08:19.300+0000] {processor.py:161} INFO - Started process (PID=3608) to work on /opt/airflow/dags/netflix_dag.py
[2026-09-07T06:08:19.302+0000] {processor.py:830} INFO - Processing file /opt/airflow/dags/netflix_dag.py for tasks to queue
[2026-09-07T06:08:19.305+0000] {logging_mixin.py:188} INFO - [2026-09-07T06:08:19.305+0000] {dagbag.py:545} INFO - Filling up the DagBag from /opt/airflow/dags/netflix_dag.py
[2026-09-07T06:08:19.336+0000] {processor.py:840} INFO - DAG(s) 'netflix_etl_pipeline' retrieved from /opt/airflow/dags/netflix_dag.py
[2026-09-07T06:08:19.374+0000] {logging_mixin.py:188} INFO - [2026-09-07T06:08:19.374+0000] {dag.py:3089} INFO - Sync 1 DAGs
[2026-09-07T06:08:19.446+0000] {logging_mixin.py:188} INFO - [2026-09-07T06:08:19.445+0000] {dag.py:3947} INFO - Setting next_dagrun for netflix_etl_pipeline to 2026-09-06 00:00:00+00:00, run_after=2026-09-07 00:00:00+00:00
[2026-09-07T06:08:19.531+0000] {processor.py:183} INFO - Processing /opt/airflow/dags/netflix_dag.py took 0.238 seconds
[2026-09-07T06:08:49.771+0000] {processor.py:161} INFO - Started process (PID=3619) to work on /opt/airflow/dags/netflix_dag.py
[2026-09-07T06:08:49.773+0000] {processor.py:830} INFO - Processing file /opt/airflow/dags/netflix_dag.py for tasks to queue
[2026-09-07T06:08:49.777+0000] {logging_mixin.py:188} INFO - [2026-09-07T06:08:49.777+0000] {dagbag.py:545} INFO - Filling up the DagBag from /opt/airflow/dags/netflix_dag.py
[2026-09-07T06:08:49.803+0000] {processor.py:840} INFO - DAG(s) 'netflix_etl_pipeline' retrieved from /opt/airflow/dags/netflix_dag.py
[2026-09-07T06:08:49.876+0000] {logging_mixin.py:188} INFO - [2026-09-07T06:08:49.875+0000] {dag.py:3089} INFO - Sync 1 DAGs
[2026-09-07T06:08:49.967+0000] {logging_mixin.py:188} INFO - [2026-09-07T06:08:49.967+0000] {dag.py:3947} INFO - Setting next_dagrun for netflix_etl_pipeline to 2026-09-06 00:00:00+00:00, run_after=2026-09-07 00:00:00+00:00
[2026-09-07T06:08:50.056+0000] {processor.py:183} INFO - Processing /opt/airflow/dags/netflix_dag.py took 0.295 seconds
[2026-09-07T06:09:20.416+0000] {processor.py:161} INFO - Started process (PID=3630) to work on /opt/airflow/dags/netflix_dag.py
[2026-09-07T06:09:20.418+0000] {processor.py:830} INFO - Processing file /opt/airflow/dags/netflix_dag.py for tasks to queue
[2026-09-07T06:09:20.420+0000] {logging_mixin.py:188} INFO - [2026-09-07T06:09:20.420+0000] {dagbag.py:545} INFO - Filling up the DagBag from /opt/airflow/dags/netflix_dag.py
[2026-09-07T06:09:20.447+0000] {processor.py:840} INFO - DAG(s) 'netflix_etl_pipeline' retrieved from /opt/airflow/dags/netflix_dag.py
[2026-09-07T06:09:20.484+0000] {logging_mixin.py:188} INFO - [2026-09-07T06:09:20.484+0000] {dag.py:3089} INFO - Sync 1 DAGs
[2026-09-07T06:09:20.510+0000] {logging_mixin.py:188} INFO - [2026-09-07T06:09:20.510+0000] {dag.py:3947} INFO - Setting next_dagrun for netflix_etl_pipeline to 2026-09-06 00:00:00+00:00, run_after=2026-09-07 00:00:00+00:00
[2026-09-07T06:09:20.533+0000] {processor.py:183} INFO - Processing /opt/airflow/dags/netflix_dag.py took 0.124 seconds
[2026-09-07T06:09:50.641+0000] {processor.py:161} INFO - Started process (PID=3641) to work on /opt/airflow/dags/netflix_dag.py
[2026-09-07T06:09:50.644+0000] {processor.py:830} INFO - Processing file /opt/airflow/dags/netflix_dag.py for tasks to queue
[2026-09-07T06:09:50.647+0000] {logging_mixin.py:188} INFO - [2026-09-07T06:09:50.646+0000] {dagbag.py:545} INFO - Filling up the DagBag from /opt/airflow/dags/netflix_dag.py
[2026-09-07T06:09:50.674+0000] {processor.py:840} INFO - DAG(s) 'netflix_etl_pipeline' retrieved from /opt/airflow/dags/netflix_dag.py
[2026-09-07T06:09:50.714+0000] {logging_mixin.py:188} INFO - [2026-09-07T06:09:50.714+0000] {dag.py:3089} INFO - Sync 1 DAGs
[2026-09-07T06:09:50.740+0000] {logging_mixin.py:188} INFO - [2026-09-07T06:09:50.739+0000] {dag.py:3947} INFO - Setting next_dagrun for netflix_etl_pipeline to 2026-09-06 00:00:00+00:00, run_after=2026-09-07 00:00:00+00:00
[2026-09-07T06:09:50.766+0000] {processor.py:183} INFO - Processing /opt/airflow/dags/netflix_dag.py took 0.131 seconds
[2026-09-07T06:10:21.087+0000] {processor.py:161} INFO - Started process (PID=3652) to work on /opt/airflow/dags/netflix_dag.py
[2026-09-07T06:10:21.091+0000] {processor.py:830} INFO - Processing file /opt/airflow/dags/netflix_dag.py for tasks to queue
[2026-09-07T06:10:21.096+0000] {logging_mixin.py:188} INFO - [2026-09-07T06:10:21.095+0000] {dagbag.py:545} INFO - Filling up the DagBag from /opt/airflow/dags/netflix_dag.py
[2026-09-07T06:10:21.148+0000] {processor.py:840} INFO - DAG(s) 'netflix_etl_pipeline' retrieved from /opt/airflow/dags/netflix_dag.py
[2026-09-07T06:10:21.222+0000] {logging_mixin.py:188} INFO - [2026-09-07T06:10:21.221+0000] {dag.py:3089} INFO - Sync 1 DAGs
[2026-09-07T06:10:21.272+0000] {logging_mixin.py:188} INFO - [2026-09-07T06:10:21.272+0000] {dag.py:3947} INFO - Setting next_dagrun for netflix_etl_pipeline to 2026-09-06 00:00:00+00:00, run_after=2026-09-07 00:00:00+00:00
[2026-09-07T06:10:21.315+0000] {processor.py:183} INFO - Processing /opt/airflow/dags/netflix_dag.py took 0.242 seconds
[2026-09-07T06:10:51.568+0000] {processor.py:161} INFO - Started process (PID=3664) to work on /opt/airflow/dags/netflix_dag.py
[2026-09-07T06:10:51.569+0000] {processor.py:830} INFO - Processing file /opt/airflow/dags/netflix_dag.py for tasks to queue
[2026-09-07T06:10:51.572+0000] {logging_mixin.py:188} INFO - [2026-09-07T06:10:51.571+0000] {dagbag.py:545} INFO - Filling up the DagBag from /opt/airflow/dags/netflix_dag.py
[2026-09-07T06:10:51.597+0000] {processor.py:840} INFO - DAG(s) 'netflix_etl_pipeline' retrieved from /opt/airflow/dags/netflix_dag.py
[2026-09-07T06:10:52.199+0000] {logging_mixin.py:188} INFO - [2026-09-07T06:10:52.199+0000] {dag.py:3089} INFO - Sync 1 DAGs
[2026-09-07T06:10:52.221+0000] {logging_mixin.py:188} INFO - [2026-09-07T06:10:52.221+0000] {dag.py:3947} INFO - Setting next_dagrun for netflix_etl_pipeline to 2026-09-06 00:00:00+00:00, run_after=2026-09-07 00:00:00+00:00
[2026-09-07T06:10:52.600+0000] {processor.py:183} INFO - Processing /opt/airflow/dags/netflix_dag.py took 1.040 seconds
[2026-09-07T06:11:22.848+0000] {processor.py:161} INFO - Started process (PID=3675) to work on /opt/airflow/dags/netflix_dag.py
[2026-09-07T06:11:22.851+0000] {processor.py:830} INFO - Processing file /opt/airflow/dags/netflix_dag.py for tasks to queue
[2026-09-07T06:11:22.857+0000] {logging_mixin.py:188} INFO - [2026-09-07T06:11:22.856+0000] {dagbag.py:545} INFO - Filling up the DagBag from /opt/airflow/dags/netflix_dag.py
[2026-09-07T06:11:22.909+0000] {processor.py:840} INFO - DAG(s) 'netflix_etl_pipeline' retrieved from /opt/airflow/dags/netflix_dag.py
[2026-09-07T06:11:22.979+0000] {logging_mixin.py:188} INFO - [2026-09-07T06:11:22.979+0000] {dag.py:3089} INFO - Sync 1 DAGs
[2026-09-07T06:11:23.028+0000] {logging_mixin.py:188} INFO - [2026-09-07T06:11:23.028+0000] {dag.py:3947} INFO - Setting next_dagrun for netflix_etl_pipeline to 2026-09-06 00:00:00+00:00, run_after=2026-09-07 00:00:00+00:00
[2026-09-07T06:11:23.073+0000] {processor.py:183} INFO - Processing /opt/airflow/dags/netflix_dag.py took 0.239 seconds
[2026-09-07T06:11:53.313+0000] {processor.py:161} INFO - Started process (PID=3686) to work on /opt/airflow/dags/netflix_dag.py
[2026-09-07T06:11:53.315+0000] {processor.py:830} INFO - Processing file /opt/airflow/dags/netflix_dag.py for tasks to queue
[2026-09-07T06:11:53.318+0000] {logging_mixin.py:188} INFO - [2026-09-07T06:11:53.318+0000] {dagbag.py:545} INFO - Filling up the DagBag from /opt/airflow/dags/netflix_dag.py
[2026-09-07T06:11:53.343+0000] {processor.py:840} INFO - DAG(s) 'netflix_etl_pipeline' retrieved from /opt/airflow/dags/netflix_dag.py
[2026-09-07T06:11:53.380+0000] {logging_mixin.py:188} INFO - [2026-09-07T06:11:53.380+0000] {dag.py:3089} INFO - Sync 1 DAGs
[2026-09-07T06:11:53.403+0000] {logging_mixin.py:188} INFO - [2026-09-07T06:11:53.403+0000] {dag.py:3947} INFO - Setting next_dagrun for netflix_etl_pipeline to 2026-09-06 00:00:00+00:00, run_after=2026-09-07 00:00:00+00:00
[2026-09-07T06:11:53.426+0000] {processor.py:183} INFO - Processing /opt/airflow/dags/netflix_dag.py took 0.120 seconds
[2026-09-07T06:12:23.511+0000] {processor.py:161} INFO - Started process (PID=3697) to work on /opt/airflow/dags/netflix_dag.py
[2026-09-07T06:12:23.513+0000] {processor.py:830} INFO - Processing file /opt/airflow/dags/netflix_dag.py for tasks to queue
[2026-09-07T06:12:23.515+0000] {logging_mixin.py:188} INFO - [2026-09-07T06:12:23.515+0000] {dagbag.py:545} INFO - Filling up the DagBag from /opt/airflow/dags/netflix_dag.py
[2026-09-07T06:12:23.539+0000] {processor.py:840} INFO - DAG(s) 'netflix_etl_pipeline' retrieved from /opt/airflow/dags/netflix_dag.py
[2026-09-07T06:12:23.575+0000] {logging_mixin.py:188} INFO - [2026-09-07T06:12:23.575+0000] {dag.py:3089} INFO - Sync 1 DAGs
[2026-09-07T06:12:23.599+0000] {logging_mixin.py:188} INFO - [2026-09-07T06:12:23.599+0000] {dag.py:3947} INFO - Setting next_dagrun for netflix_etl_pipeline to 2026-09-06 00:00:00+00:00, run_after=2026-09-07 00:00:00+00:00
[2026-09-07T06:12:23.622+0000] {processor.py:183} INFO - Processing /opt/airflow/dags/netflix_dag.py took 0.118 seconds
[2026-09-07T06:12:53.832+0000] {processor.py:161} INFO - Started process (PID=3708) to work on /opt/airflow/dags/netflix_dag.py
[2026-09-07T06:12:53.835+0000] {processor.py:830} INFO - Processing file /opt/airflow/dags/netflix_dag.py for tasks to queue
[2026-09-07T06:12:53.838+0000] {logging_mixin.py:188} INFO - [2026-09-07T06:12:53.838+0000] {dagbag.py:545} INFO - Filling up the DagBag from /opt/airflow/dags/netflix_dag.py
[2026-09-07T06:12:53.865+0000] {processor.py:840} INFO - DAG(s) 'netflix_etl_pipeline' retrieved from /opt/airflow/dags/netflix_dag.py
[2026-09-07T06:12:53.901+0000] {logging_mixin.py:188} INFO - [2026-09-07T06:12:53.901+0000] {dag.py:3089} INFO - Sync 1 DAGs
[2026-09-07T06:12:53.923+0000] {logging_mixin.py:188} INFO - [2026-09-07T06:12:53.923+0000] {dag.py:3947} INFO - Setting next_dagrun for netflix_etl_pipeline to 2026-09-06 00:00:00+00:00, run_after=2026-09-07 00:00:00+00:00
[2026-09-07T06:12:53.954+0000] {processor.py:183} INFO - Processing /opt/airflow/dags/netflix_dag.py took 0.128 seconds
[2026-09-07T06:13:24.045+0000] {processor.py:161} INFO - Started process (PID=3719) to work on /opt/airflow/dags/netflix_dag.py
[2026-09-07T06:13:24.047+0000] {processor.py:830} INFO - Processing file /opt/airflow/dags/netflix_dag.py for tasks to queue
[2026-09-07T06:13:24.050+0000] {logging_mixin.py:188} INFO - [2026-09-07T06:13:24.049+0000] {dagbag.py:545} INFO - Filling up the DagBag from /opt/airflow/dags/netflix_dag.py
[2026-09-07T06:13:24.073+0000] {processor.py:840} INFO - DAG(s) 'netflix_etl_pipeline' retrieved from /opt/airflow/dags/netflix_dag.py
[2026-09-07T06:13:24.108+0000] {logging_mixin.py:188} INFO - [2026-09-07T06:13:24.108+0000] {dag.py:3089} INFO - Sync 1 DAGs
[2026-09-07T06:13:24.129+0000] {logging_mixin.py:188} INFO - [2026-09-07T06:13:24.128+0000] {dag.py:3947} INFO - Setting next_dagrun for netflix_etl_pipeline to 2026-09-06 00:00:00+00:00, run_after=2026-09-07 00:00:00+00:00
[2026-09-07T06:13:24.150+0000] {processor.py:183} INFO - Processing /opt/airflow/dags/netflix_dag.py took 0.111 seconds
[2026-09-07T06:13:54.385+0000] {processor.py:161} INFO - Started process (PID=3731) to work on /opt/airflow/dags/netflix_dag.py
[2026-09-07T06:13:54.387+0000] {processor.py:830} INFO - Processing file /opt/airflow/dags/netflix_dag.py for tasks to queue
[2026-09-07T06:13:54.390+0000] {logging_mixin.py:188} INFO - [2026-09-07T06:13:54.389+0000] {dagbag.py:545} INFO - Filling up the DagBag from /opt/airflow/dags/netflix_dag.py
[2026-09-07T06:13:54.417+0000] {processor.py:840} INFO - DAG(s) 'netflix_etl_pipeline' retrieved from /opt/airflow/dags/netflix_dag.py
[2026-09-07T06:13:54.455+0000] {logging_mixin.py:188} INFO - [2026-09-07T06:13:54.455+0000] {dag.py:3089} INFO - Sync 1 DAGs
[2026-09-07T06:13:54.476+0000] {logging_mixin.py:188} INFO - [2026-09-07T06:13:54.475+0000] {dag.py:3947} INFO - Setting next_dagrun for netflix_etl_pipeline to 2026-09-06 00:00:00+00:00, run_after=2026-09-07 00:00:00+00:00
[2026-09-07T06:13:54.497+0000] {processor.py:183} INFO - Processing /opt/airflow/dags/netflix_dag.py took 0.118 seconds
[2026-09-07T06:14:24.606+0000] {processor.py:161} INFO - Started process (PID=3742) to work on /opt/airflow/dags/netflix_dag.py
[2026-09-07T06:14:24.608+0000] {processor.py:830} INFO - Processing file /opt/airflow/dags/netflix_dag.py for tasks to queue
[2026-09-07T06:14:24.612+0000] {logging_mixin.py:188} INFO - [2026-09-07T06:14:24.611+0000] {dagbag.py:545} INFO - Filling up the DagBag from /opt/airflow/dags/netflix_dag.py
[2026-09-07T06:14:24.637+0000] {processor.py:840} INFO - DAG(s) 'netflix_etl_pipeline' retrieved from /opt/airflow/dags/netflix_dag.py
[2026-09-07T06:14:24.677+0000] {logging_mixin.py:188} INFO - [2026-09-07T06:14:24.677+0000] {dag.py:3089} INFO - Sync 1 DAGs
[2026-09-07T06:14:24.700+0000] {logging_mixin.py:188} INFO - [2026-09-07T06:14:24.700+0000] {dag.py:3947} INFO - Setting next_dagrun for netflix_etl_pipeline to 2026-09-06 00:00:00+00:00, run_after=2026-09-07 00:00:00+00:00
[2026-09-07T06:14:24.722+0000] {processor.py:183} INFO - Processing /opt/airflow/dags/netflix_dag.py took 0.124 seconds
[2026-09-07T06:14:54.901+0000] {processor.py:161} INFO - Started process (PID=3753) to work on /opt/airflow/dags/netflix_dag.py
[2026-09-07T06:14:54.903+0000] {processor.py:830} INFO - Processing file /opt/airflow/dags/netflix_dag.py for tasks to queue
[2026-09-07T06:14:54.905+0000] {logging_mixin.py:188} INFO - [2026-09-07T06:14:54.905+0000] {dagbag.py:545} INFO - Filling up the DagBag from /opt/airflow/dags/netflix_dag.py
[2026-09-07T06:14:54.932+0000] {processor.py:840} INFO - DAG(s) 'netflix_etl_pipeline' retrieved from /opt/airflow/dags/netflix_dag.py
[2026-09-07T06:14:54.968+0000] {logging_mixin.py:188} INFO - [2026-09-07T06:14:54.968+0000] {dag.py:3089} INFO - Sync 1 DAGs
[2026-09-07T06:14:54.990+0000] {logging_mixin.py:188} INFO - [2026-09-07T06:14:54.990+0000] {dag.py:3947} INFO - Setting next_dagrun for netflix_etl_pipeline to 2026-09-06 00:00:00+00:00, run_after=2026-09-07 00:00:00+00:00
[2026-09-07T06:14:55.012+0000] {processor.py:183} INFO - Processing /opt/airflow/dags/netflix_dag.py took 0.117 seconds
[2026-09-07T06:15:25.131+0000] {processor.py:161} INFO - Started process (PID=3764) to work on /opt/airflow/dags/netflix_dag.py
[2026-09-07T06:15:25.133+0000] {processor.py:830} INFO - Processing file /opt/airflow/dags/netflix_dag.py for tasks to queue
[2026-09-07T06:15:25.135+0000] {logging_mixin.py:188} INFO - [2026-09-07T06:15:25.135+0000] {dagbag.py:545} INFO - Filling up the DagBag from /opt/airflow/dags/netflix_dag.py
[2026-09-07T06:15:25.162+0000] {processor.py:840} INFO - DAG(s) 'netflix_etl_pipeline' retrieved from /opt/airflow/dags/netflix_dag.py
[2026-09-07T06:15:25.200+0000] {logging_mixin.py:188} INFO - [2026-09-07T06:15:25.200+0000] {dag.py:3089} INFO - Sync 1 DAGs
[2026-09-07T06:15:25.222+0000] {logging_mixin.py:188} INFO - [2026-09-07T06:15:25.222+0000] {dag.py:3947} INFO - Setting next_dagrun for netflix_etl_pipeline to 2026-09-06 00:00:00+00:00, run_after=2026-09-07 00:00:00+00:00
[2026-09-07T06:15:25.245+0000] {processor.py:183} INFO - Processing /opt/airflow/dags/netflix_dag.py took 0.123 seconds
[2026-09-07T06:15:55.419+0000] {processor.py:161} INFO - Started process (PID=3775) to work on /opt/airflow/dags/netflix_dag.py
[2026-09-07T06:15:55.421+0000] {processor.py:830} INFO - Processing file /opt/airflow/dags/netflix_dag.py for tasks to queue
[2026-09-07T06:15:55.423+0000] {logging_mixin.py:188} INFO - [2026-09-07T06:15:55.423+0000] {dagbag.py:545} INFO - Filling up the DagBag from /opt/airflow/dags/netflix_dag.py
[2026-09-07T06:15:55.448+0000] {processor.py:840} INFO - DAG(s) 'netflix_etl_pipeline' retrieved from /opt/airflow/dags/netflix_dag.py
[2026-09-07T06:15:55.485+0000] {logging_mixin.py:188} INFO - [2026-09-07T06:15:55.484+0000] {dag.py:3089} INFO - Sync 1 DAGs
[2026-09-07T06:15:55.506+0000] {logging_mixin.py:188} INFO - [2026-09-07T06:15:55.506+0000] {dag.py:3947} INFO - Setting next_dagrun for netflix_etl_pipeline to 2026-09-06 00:00:00+00:00, run_after=2026-09-07 00:00:00+00:00
[2026-09-07T06:15:55.529+0000] {processor.py:183} INFO - Processing /opt/airflow/dags/netflix_dag.py took 0.117 seconds
[2026-09-07T06:16:25.691+0000] {processor.py:161} INFO - Started process (PID=3786) to work on /opt/airflow/dags/netflix_dag.py
[2026-09-07T06:16:25.695+0000] {processor.py:830} INFO - Processing file /opt/airflow/dags/netflix_dag.py for tasks to queue
[2026-09-07T06:16:25.700+0000] {logging_mixin.py:188} INFO - [2026-09-07T06:16:25.699+0000] {dagbag.py:545} INFO - Filling up the DagBag from /opt/airflow/dags/netflix_dag.py
[2026-09-07T06:16:25.753+0000] {processor.py:840} INFO - DAG(s) 'netflix_etl_pipeline' retrieved from /opt/airflow/dags/netflix_dag.py
[2026-09-07T06:16:25.825+0000] {logging_mixin.py:188} INFO - [2026-09-07T06:16:25.825+0000] {dag.py:3089} INFO - Sync 1 DAGs
[2026-09-07T06:16:25.872+0000] {logging_mixin.py:188} INFO - [2026-09-07T06:16:25.872+0000] {dag.py:3947} INFO - Setting next_dagrun for netflix_etl_pipeline to 2026-09-06 00:00:00+00:00, run_after=2026-09-07 00:00:00+00:00
[2026-09-07T06:16:25.915+0000] {processor.py:183} INFO - Processing /opt/airflow/dags/netflix_dag.py took 0.239 seconds
[2026-09-07T06:16:56.138+0000] {processor.py:161} INFO - Started process (PID=3797) to work on /opt/airflow/dags/netflix_dag.py
[2026-09-07T06:16:56.140+0000] {processor.py:830} INFO - Processing file /opt/airflow/dags/netflix_dag.py for tasks to queue
[2026-09-07T06:16:56.143+0000] {logging_mixin.py:188} INFO - [2026-09-07T06:16:56.142+0000] {dagbag.py:545} INFO - Filling up the DagBag from /opt/airflow/dags/netflix_dag.py
[2026-09-07T06:16:56.168+0000] {processor.py:840} INFO - DAG(s) 'netflix_etl_pipeline' retrieved from /opt/airflow/dags/netflix_dag.py
[2026-09-07T06:16:56.206+0000] {logging_mixin.py:188} INFO - [2026-09-07T06:16:56.206+0000] {dag.py:3089} INFO - Sync 1 DAGs
[2026-09-07T06:16:56.229+0000] {logging_mixin.py:188} INFO - [2026-09-07T06:16:56.229+0000] {dag.py:3947} INFO - Setting next_dagrun for netflix_etl_pipeline to 2026-09-06 00:00:00+00:00, run_after=2026-09-07 00:00:00+00:00
[2026-09-07T06:16:56.253+0000] {processor.py:183} INFO - Processing /opt/airflow/dags/netflix_dag.py took 0.122 seconds
[2026-09-07T06:17:26.326+0000] {processor.py:161} INFO - Started process (PID=3808) to work on /opt/airflow/dags/netflix_dag.py
[2026-09-07T06:17:26.328+0000] {processor.py:830} INFO - Processing file /opt/airflow/dags/netflix_dag.py for tasks to queue
[2026-09-07T06:17:26.330+0000] {logging_mixin.py:188} INFO - [2026-09-07T06:17:26.330+0000] {dagbag.py:545} INFO - Filling up the DagBag from /opt/airflow/dags/netflix_dag.py
[2026-09-07T06:17:26.356+0000] {processor.py:840} INFO - DAG(s) 'netflix_etl_pipeline' retrieved from /opt/airflow/dags/netflix_dag.py
[2026-09-07T06:17:26.392+0000] {logging_mixin.py:188} INFO - [2026-09-07T06:17:26.391+0000] {dag.py:3089} INFO - Sync 1 DAGs
[2026-09-07T06:17:26.415+0000] {logging_mixin.py:188} INFO - [2026-09-07T06:17:26.415+0000] {dag.py:3947} INFO - Setting next_dagrun for netflix_etl_pipeline to 2026-09-06 00:00:00+00:00, run_after=2026-09-07 00:00:00+00:00
[2026-09-07T06:17:26.438+0000] {processor.py:183} INFO - Processing /opt/airflow/dags/netflix_dag.py took 0.119 seconds
[2026-09-07T06:17:56.642+0000] {processor.py:161} INFO - Started process (PID=3819) to work on /opt/airflow/dags/netflix_dag.py
[2026-09-07T06:17:56.644+0000] {processor.py:830} INFO - Processing file /opt/airflow/dags/netflix_dag.py for tasks to queue
[2026-09-07T06:17:56.646+0000] {logging_mixin.py:188} INFO - [2026-09-07T06:17:56.646+0000] {dagbag.py:545} INFO - Filling up the DagBag from /opt/airflow/dags/netflix_dag.py
[2026-09-07T06:17:56.671+0000] {processor.py:840} INFO - DAG(s) 'netflix_etl_pipeline' retrieved from /opt/airflow/dags/netflix_dag.py
[2026-09-07T06:17:56.705+0000] {logging_mixin.py:188} INFO - [2026-09-07T06:17:56.705+0000] {dag.py:3089} INFO - Sync 1 DAGs
[2026-09-07T06:17:56.727+0000] {logging_mixin.py:188} INFO - [2026-09-07T06:17:56.727+0000] {dag.py:3947} INFO - Setting next_dagrun for netflix_etl_pipeline to 2026-09-06 00:00:00+00:00, run_after=2026-09-07 00:00:00+00:00
[2026-09-07T06:17:56.749+0000] {processor.py:183} INFO - Processing /opt/airflow/dags/netflix_dag.py took 0.112 seconds
[2026-09-07T06:18:26.871+0000] {processor.py:161} INFO - Started process (PID=3830) to work on /opt/airflow/dags/netflix_dag.py
[2026-09-07T06:18:26.873+0000] {processor.py:830} INFO - Processing file /opt/airflow/dags/netflix_dag.py for tasks to queue
[2026-09-07T06:18:26.875+0000] {logging_mixin.py:188} INFO - [2026-09-07T06:18:26.875+0000] {dagbag.py:545} INFO - Filling up the DagBag from /opt/airflow/dags/netflix_dag.py
[2026-09-07T06:18:26.897+0000] {processor.py:840} INFO - DAG(s) 'netflix_etl_pipeline' retrieved from /opt/airflow/dags/netflix_dag.py
[2026-09-07T06:18:26.935+0000] {logging_mixin.py:188} INFO - [2026-09-07T06:18:26.935+0000] {dag.py:3089} INFO - Sync 1 DAGs
[2026-09-07T06:18:26.957+0000] {logging_mixin.py:188} INFO - [2026-09-07T06:18:26.957+0000] {dag.py:3947} INFO - Setting next_dagrun for netflix_etl_pipeline to 2026-09-06 00:00:00+00:00, run_after=2026-09-07 00:00:00+00:00
[2026-09-07T06:18:26.978+0000] {processor.py:183} INFO - Processing /opt/airflow/dags/netflix_dag.py took 0.113 seconds
[2026-09-07T06:18:57.464+0000] {processor.py:161} INFO - Started process (PID=3841) to work on /opt/airflow/dags/netflix_dag.py
[2026-09-07T06:18:57.471+0000] {processor.py:830} INFO - Processing file /opt/airflow/dags/netflix_dag.py for tasks to queue
[2026-09-07T06:18:57.485+0000] {logging_mixin.py:188} INFO - [2026-09-07T06:18:57.484+0000] {dagbag.py:545} INFO - Filling up the DagBag from /opt/airflow/dags/netflix_dag.py
[2026-09-07T06:18:57.636+0000] {processor.py:840} INFO - DAG(s) 'netflix_etl_pipeline' retrieved from /opt/airflow/dags/netflix_dag.py
[2026-09-07T06:18:58.124+0000] {logging_mixin.py:188} INFO - [2026-09-07T06:18:58.123+0000] {dag.py:3089} INFO - Sync 1 DAGs
[2026-09-07T06:18:58.604+0000] {logging_mixin.py:188} INFO - [2026-09-07T06:18:58.603+0000] {dag.py:3947} INFO - Setting next_dagrun for netflix_etl_pipeline to 2026-09-06 00:00:00+00:00, run_after=2026-09-07 00:00:00+00:00
[2026-09-07T06:18:58.864+0000] {processor.py:183} INFO - Processing /opt/airflow/dags/netflix_dag.py took 1.466 seconds
[2026-09-07T06:19:29.093+0000] {processor.py:161} INFO - Started process (PID=3852) to work on /opt/airflow/dags/netflix_dag.py
[2026-09-07T06:19:29.096+0000] {processor.py:830} INFO - Processing file /opt/airflow/dags/netflix_dag.py for tasks to queue
[2026-09-07T06:19:29.103+0000] {logging_mixin.py:188} INFO - [2026-09-07T06:19:29.101+0000] {dagbag.py:545} INFO - Filling up the DagBag from /opt/airflow/dags/netflix_dag.py
[2026-09-07T06:19:29.157+0000] {processor.py:840} INFO - DAG(s) 'netflix_etl_pipeline' retrieved from /opt/airflow/dags/netflix_dag.py
[2026-09-07T06:19:29.373+0000] {logging_mixin.py:188} INFO - [2026-09-07T06:19:29.373+0000] {dag.py:3089} INFO - Sync 1 DAGs
[2026-09-07T06:19:29.438+0000] {logging_mixin.py:188} INFO - [2026-09-07T06:19:29.437+0000] {dag.py:3947} INFO - Setting next_dagrun for netflix_etl_pipeline to 2026-09-06 00:00:00+00:00, run_after=2026-09-07 00:00:00+00:00
[2026-09-07T06:19:29.500+0000] {processor.py:183} INFO - Processing /opt/airflow/dags/netflix_dag.py took 0.422 seconds
[2026-09-07T06:19:59.741+0000] {processor.py:161} INFO - Started process (PID=3863) to work on /opt/airflow/dags/netflix_dag.py
[2026-09-07T06:19:59.743+0000] {processor.py:830} INFO - Processing file /opt/airflow/dags/netflix_dag.py for tasks to queue
[2026-09-07T06:19:59.748+0000] {logging_mixin.py:188} INFO - [2026-09-07T06:19:59.747+0000] {dagbag.py:545} INFO - Filling up the DagBag from /opt/airflow/dags/netflix_dag.py
[2026-09-07T06:19:59.784+0000] {processor.py:840} INFO - DAG(s) 'netflix_etl_pipeline' retrieved from /opt/airflow/dags/netflix_dag.py
[2026-09-07T06:19:59.865+0000] {logging_mixin.py:188} INFO - [2026-09-07T06:19:59.865+0000] {dag.py:3089} INFO - Sync 1 DAGs
[2026-09-07T06:19:59.892+0000] {logging_mixin.py:188} INFO - [2026-09-07T06:19:59.892+0000] {dag.py:3947} INFO - Setting next_dagrun for netflix_etl_pipeline to 2026-09-06 00:00:00+00:00, run_after=2026-09-07 00:00:00+00:00
[2026-09-07T06:19:59.929+0000] {processor.py:183} INFO - Processing /opt/airflow/dags/netflix_dag.py took 0.210 seconds
[2026-09-07T06:20:30.143+0000] {processor.py:161} INFO - Started process (PID=3874) to work on /opt/airflow/dags/netflix_dag.py
[2026-09-07T06:20:30.145+0000] {processor.py:830} INFO - Processing file /opt/airflow/dags/netflix_dag.py for tasks to queue
[2026-09-07T06:20:30.148+0000] {logging_mixin.py:188} INFO - [2026-09-07T06:20:30.147+0000] {dagbag.py:545} INFO - Filling up the DagBag from /opt/airflow/dags/netflix_dag.py
[2026-09-07T06:20:30.183+0000] {processor.py:840} INFO - DAG(s) 'netflix_etl_pipeline' retrieved from /opt/airflow/dags/netflix_dag.py
[2026-09-07T06:20:30.220+0000] {logging_mixin.py:188} INFO - [2026-09-07T06:20:30.219+0000] {dag.py:3089} INFO - Sync 1 DAGs
[2026-09-07T06:20:30.243+0000] {logging_mixin.py:188} INFO - [2026-09-07T06:20:30.243+0000] {dag.py:3947} INFO - Setting next_dagrun for netflix_etl_pipeline to 2026-09-06 00:00:00+00:00, run_after=2026-09-07 00:00:00+00:00
[2026-09-07T06:20:30.266+0000] {processor.py:183} INFO - Processing /opt/airflow/dags/netflix_dag.py took 0.130 seconds
[2026-09-07T06:21:00.330+0000] {processor.py:161} INFO - Started process (PID=3886) to work on /opt/airflow/dags/netflix_dag.py
[2026-09-07T06:21:00.332+0000] {processor.py:830} INFO - Processing file /opt/airflow/dags/netflix_dag.py for tasks to queue
[2026-09-07T06:21:00.334+0000] {logging_mixin.py:188} INFO - [2026-09-07T06:21:00.334+0000] {dagbag.py:545} INFO - Filling up the DagBag from /opt/airflow/dags/netflix_dag.py
[2026-09-07T06:21:00.358+0000] {processor.py:840} INFO - DAG(s) 'netflix_etl_pipeline' retrieved from /opt/airflow/dags/netflix_dag.py
[2026-09-07T06:21:00.393+0000] {logging_mixin.py:188} INFO - [2026-09-07T06:21:00.393+0000] {dag.py:3089} INFO - Sync 1 DAGs
[2026-09-07T06:21:00.434+0000] {logging_mixin.py:188} INFO - [2026-09-07T06:21:00.434+0000] {dag.py:3947} INFO - Setting next_dagrun for netflix_etl_pipeline to 2026-09-06 00:00:00+00:00, run_after=2026-09-07 00:00:00+00:00
[2026-09-07T06:21:00.457+0000] {processor.py:183} INFO - Processing /opt/airflow/dags/netflix_dag.py took 0.133 seconds
[2026-09-07T06:21:30.661+0000] {processor.py:161} INFO - Started process (PID=3897) to work on /opt/airflow/dags/netflix_dag.py
[2026-09-07T06:21:30.663+0000] {processor.py:830} INFO - Processing file /opt/airflow/dags/netflix_dag.py for tasks to queue
[2026-09-07T06:21:30.666+0000] {logging_mixin.py:188} INFO - [2026-09-07T06:21:30.665+0000] {dagbag.py:545} INFO - Filling up the DagBag from /opt/airflow/dags/netflix_dag.py
[2026-09-07T06:21:30.690+0000] {processor.py:840} INFO - DAG(s) 'netflix_etl_pipeline' retrieved from /opt/airflow/dags/netflix_dag.py
[2026-09-07T06:21:30.726+0000] {logging_mixin.py:188} INFO - [2026-09-07T06:21:30.726+0000] {dag.py:3089} INFO - Sync 1 DAGs
[2026-09-07T06:21:30.751+0000] {logging_mixin.py:188} INFO - [2026-09-07T06:21:30.751+0000] {dag.py:3947} INFO - Setting next_dagrun for netflix_etl_pipeline to 2026-09-06 00:00:00+00:00, run_after=2026-09-07 00:00:00+00:00
[2026-09-07T06:21:30.772+0000] {processor.py:183} INFO - Processing /opt/airflow/dags/netflix_dag.py took 0.117 seconds
[2026-09-07T06:22:00.866+0000] {processor.py:161} INFO - Started process (PID=3908) to work on /opt/airflow/dags/netflix_dag.py
[2026-09-07T06:22:00.868+0000] {processor.py:830} INFO - Processing file /opt/airflow/dags/netflix_dag.py for tasks to queue
[2026-09-07T06:22:00.871+0000] {logging_mixin.py:188} INFO - [2026-09-07T06:22:00.871+0000] {dagbag.py:545} INFO - Filling up the DagBag from /opt/airflow/dags/netflix_dag.py
[2026-09-07T06:22:00.898+0000] {processor.py:840} INFO - DAG(s) 'netflix_etl_pipeline' retrieved from /opt/airflow/dags/netflix_dag.py
[2026-09-07T06:22:00.933+0000] {logging_mixin.py:188} INFO - [2026-09-07T06:22:00.933+0000] {dag.py:3089} INFO - Sync 1 DAGs
[2026-09-07T06:22:00.954+0000] {logging_mixin.py:188} INFO - [2026-09-07T06:22:00.954+0000] {dag.py:3947} INFO - Setting next_dagrun for netflix_etl_pipeline to 2026-09-06 00:00:00+00:00, run_after=2026-09-07 00:00:00+00:00
[2026-09-07T06:22:00.976+0000] {processor.py:183} INFO - Processing /opt/airflow/dags/netflix_dag.py took 0.117 seconds
[2026-09-07T06:22:31.188+0000] {processor.py:161} INFO - Started process (PID=3920) to work on /opt/airflow/dags/netflix_dag.py
[2026-09-07T06:22:31.195+0000] {processor.py:830} INFO - Processing file /opt/airflow/dags/netflix_dag.py for tasks to queue
[2026-09-07T06:22:31.205+0000] {logging_mixin.py:188} INFO - [2026-09-07T06:22:31.203+0000] {dagbag.py:545} INFO - Filling up the DagBag from /opt/airflow/dags/netflix_dag.py
[2026-09-07T06:22:31.239+0000] {processor.py:840} INFO - DAG(s) 'netflix_etl_pipeline' retrieved from /opt/airflow/dags/netflix_dag.py
[2026-09-07T06:22:31.273+0000] {logging_mixin.py:188} INFO - [2026-09-07T06:22:31.273+0000] {dag.py:3089} INFO - Sync 1 DAGs
[2026-09-07T06:22:31.295+0000] {logging_mixin.py:188} INFO - [2026-09-07T06:22:31.295+0000] {dag.py:3947} INFO - Setting next_dagrun for netflix_etl_pipeline to 2026-09-06 00:00:00+00:00, run_after=2026-09-07 00:00:00+00:00
[2026-09-07T06:22:31.318+0000] {processor.py:183} INFO - Processing /opt/airflow/dags/netflix_dag.py took 0.158 seconds
[2026-09-07T06:23:01.367+0000] {processor.py:161} INFO - Started process (PID=3931) to work on /opt/airflow/dags/netflix_dag.py
[2026-09-07T06:23:01.369+0000] {processor.py:830} INFO - Processing file /opt/airflow/dags/netflix_dag.py for tasks to queue
[2026-09-07T06:23:01.372+0000] {logging_mixin.py:188} INFO - [2026-09-07T06:23:01.371+0000] {dagbag.py:545} INFO - Filling up the DagBag from /opt/airflow/dags/netflix_dag.py
[2026-09-07T06:23:01.395+0000] {processor.py:840} INFO - DAG(s) 'netflix_etl_pipeline' retrieved from /opt/airflow/dags/netflix_dag.py
[2026-09-07T06:23:01.431+0000] {logging_mixin.py:188} INFO - [2026-09-07T06:23:01.431+0000] {dag.py:3089} INFO - Sync 1 DAGs
[2026-09-07T06:23:01.453+0000] {logging_mixin.py:188} INFO - [2026-09-07T06:23:01.453+0000] {dag.py:3947} INFO - Setting next_dagrun for netflix_etl_pipeline to 2026-09-06 00:00:00+00:00, run_after=2026-09-07 00:00:00+00:00
[2026-09-07T06:23:01.476+0000] {processor.py:183} INFO - Processing /opt/airflow/dags/netflix_dag.py took 0.115 seconds
[2026-09-07T06:23:31.703+0000] {processor.py:161} INFO - Started process (PID=3942) to work on /opt/airflow/dags/netflix_dag.py
[2026-09-07T06:23:31.704+0000] {processor.py:830} INFO - Processing file /opt/airflow/dags/netflix_dag.py for tasks to queue
[2026-09-07T06:23:31.707+0000] {logging_mixin.py:188} INFO - [2026-09-07T06:23:31.706+0000] {dagbag.py:545} INFO - Filling up the DagBag from /opt/airflow/dags/netflix_dag.py
[2026-09-07T06:23:31.733+0000] {processor.py:840} INFO - DAG(s) 'netflix_etl_pipeline' retrieved from /opt/airflow/dags/netflix_dag.py
[2026-09-07T06:23:31.765+0000] {logging_mixin.py:188} INFO - [2026-09-07T06:23:31.765+0000] {dag.py:3089} INFO - Sync 1 DAGs
[2026-09-07T06:23:31.786+0000] {logging_mixin.py:188} INFO - [2026-09-07T06:23:31.786+0000] {dag.py:3947} INFO - Setting next_dagrun for netflix_etl_pipeline to 2026-09-06 00:00:00+00:00, run_after=2026-09-07 00:00:00+00:00
[2026-09-07T06:23:31.810+0000] {processor.py:183} INFO - Processing /opt/airflow/dags/netflix_dag.py took 0.113 seconds
[2026-09-07T06:24:01.952+0000] {processor.py:161} INFO - Started process (PID=3953) to work on /opt/airflow/dags/netflix_dag.py
[2026-09-07T06:24:01.954+0000] {processor.py:830} INFO - Processing file /opt/airflow/dags/netflix_dag.py for tasks to queue
[2026-09-07T06:24:01.957+0000] {logging_mixin.py:188} INFO - [2026-09-07T06:24:01.957+0000] {dagbag.py:545} INFO - Filling up the DagBag from /opt/airflow/dags/netflix_dag.py
[2026-09-07T06:24:01.985+0000] {processor.py:840} INFO - DAG(s) 'netflix_etl_pipeline' retrieved from /opt/airflow/dags/netflix_dag.py
[2026-09-07T06:24:02.020+0000] {logging_mixin.py:188} INFO - [2026-09-07T06:24:02.020+0000] {dag.py:3089} INFO - Sync 1 DAGs
[2026-09-07T06:24:02.043+0000] {logging_mixin.py:188} INFO - [2026-09-07T06:24:02.042+0000] {dag.py:3947} INFO - Setting next_dagrun for netflix_etl_pipeline to 2026-09-06 00:00:00+00:00, run_after=2026-09-07 00:00:00+00:00
[2026-09-07T06:24:02.065+0000] {processor.py:183} INFO - Processing /opt/airflow/dags/netflix_dag.py took 0.120 seconds
[2026-09-07T06:24:32.204+0000] {processor.py:161} INFO - Started process (PID=3964) to work on /opt/airflow/dags/netflix_dag.py
[2026-09-07T06:24:32.206+0000] {processor.py:830} INFO - Processing file /opt/airflow/dags/netflix_dag.py for tasks to queue
[2026-09-07T06:24:32.209+0000] {logging_mixin.py:188} INFO - [2026-09-07T06:24:32.208+0000] {dagbag.py:545} INFO - Filling up the DagBag from /opt/airflow/dags/netflix_dag.py
[2026-09-07T06:24:32.233+0000] {processor.py:840} INFO - DAG(s) 'netflix_etl_pipeline' retrieved from /opt/airflow/dags/netflix_dag.py
[2026-09-07T06:24:32.269+0000] {logging_mixin.py:188} INFO - [2026-09-07T06:24:32.268+0000] {dag.py:3089} INFO - Sync 1 DAGs
[2026-09-07T06:24:32.290+0000] {logging_mixin.py:188} INFO - [2026-09-07T06:24:32.290+0000] {dag.py:3947} INFO - Setting next_dagrun for netflix_etl_pipeline to 2026-09-06 00:00:00+00:00, run_after=2026-09-07 00:00:00+00:00
[2026-09-07T06:24:32.311+0000] {processor.py:183} INFO - Processing /opt/airflow/dags/netflix_dag.py took 0.113 seconds
[2026-09-07T06:25:02.506+0000] {processor.py:161} INFO - Started process (PID=3975) to work on /opt/airflow/dags/netflix_dag.py
[2026-09-07T06:25:02.509+0000] {processor.py:830} INFO - Processing file /opt/airflow/dags/netflix_dag.py for tasks to queue
[2026-09-07T06:25:02.514+0000] {logging_mixin.py:188} INFO - [2026-09-07T06:25:02.514+0000] {dagbag.py:545} INFO - Filling up the DagBag from /opt/airflow/dags/netflix_dag.py
[2026-09-07T06:25:02.565+0000] {processor.py:840} INFO - DAG(s) 'netflix_etl_pipeline' retrieved from /opt/airflow/dags/netflix_dag.py
[2026-09-07T06:25:02.639+0000] {logging_mixin.py:188} INFO - [2026-09-07T06:25:02.638+0000] {dag.py:3089} INFO - Sync 1 DAGs
[2026-09-07T06:25:02.688+0000] {logging_mixin.py:188} INFO - [2026-09-07T06:25:02.688+0000] {dag.py:3947} INFO - Setting next_dagrun for netflix_etl_pipeline to 2026-09-06 00:00:00+00:00, run_after=2026-09-07 00:00:00+00:00
[2026-09-07T06:25:02.728+0000] {processor.py:183} INFO - Processing /opt/airflow/dags/netflix_dag.py took 0.237 seconds
[2026-09-07T06:25:32.951+0000] {processor.py:161} INFO - Started process (PID=3986) to work on /opt/airflow/dags/netflix_dag.py
[2026-09-07T06:25:32.953+0000] {processor.py:830} INFO - Processing file /opt/airflow/dags/netflix_dag.py for tasks to queue
[2026-09-07T06:25:32.956+0000] {logging_mixin.py:188} INFO - [2026-09-07T06:25:32.956+0000] {dagbag.py:545} INFO - Filling up the DagBag from /opt/airflow/dags/netflix_dag.py
[2026-09-07T06:25:32.976+0000] {processor.py:840} INFO - DAG(s) 'netflix_etl_pipeline' retrieved from /opt/airflow/dags/netflix_dag.py
[2026-09-07T06:25:33.010+0000] {logging_mixin.py:188} INFO - [2026-09-07T06:25:33.009+0000] {dag.py:3089} INFO - Sync 1 DAGs
[2026-09-07T06:25:33.030+0000] {logging_mixin.py:188} INFO - [2026-09-07T06:25:33.030+0000] {dag.py:3947} INFO - Setting next_dagrun for netflix_etl_pipeline to 2026-09-06 00:00:00+00:00, run_after=2026-09-07 00:00:00+00:00
[2026-09-07T06:25:33.051+0000] {processor.py:183} INFO - Processing /opt/airflow/dags/netflix_dag.py took 0.106 seconds
[2026-09-07T06:26:03.181+0000] {processor.py:161} INFO - Started process (PID=3997) to work on /opt/airflow/dags/netflix_dag.py
[2026-09-07T06:26:03.184+0000] {processor.py:830} INFO - Processing file /opt/airflow/dags/netflix_dag.py for tasks to queue
[2026-09-07T06:26:03.190+0000] {logging_mixin.py:188} INFO - [2026-09-07T06:26:03.189+0000] {dagbag.py:545} INFO - Filling up the DagBag from /opt/airflow/dags/netflix_dag.py
[2026-09-07T06:26:03.237+0000] {processor.py:840} INFO - DAG(s) 'netflix_etl_pipeline' retrieved from /opt/airflow/dags/netflix_dag.py
[2026-09-07T06:26:03.301+0000] {logging_mixin.py:188} INFO - [2026-09-07T06:26:03.301+0000] {dag.py:3089} INFO - Sync 1 DAGs
[2026-09-07T06:26:03.344+0000] {logging_mixin.py:188} INFO - [2026-09-07T06:26:03.343+0000] {dag.py:3947} INFO - Setting next_dagrun for netflix_etl_pipeline to 2026-09-06 00:00:00+00:00, run_after=2026-09-07 00:00:00+00:00
[2026-09-07T06:26:03.388+0000] {processor.py:183} INFO - Processing /opt/airflow/dags/netflix_dag.py took 0.220 seconds
[2026-09-07T06:26:33.610+0000] {processor.py:161} INFO - Started process (PID=4008) to work on /opt/airflow/dags/netflix_dag.py
[2026-09-07T06:26:33.612+0000] {processor.py:830} INFO - Processing file /opt/airflow/dags/netflix_dag.py for tasks to queue
[2026-09-07T06:26:33.614+0000] {logging_mixin.py:188} INFO - [2026-09-07T06:26:33.614+0000] {dagbag.py:545} INFO - Filling up the DagBag from /opt/airflow/dags/netflix_dag.py
[2026-09-07T06:26:33.639+0000] {processor.py:840} INFO - DAG(s) 'netflix_etl_pipeline' retrieved from /opt/airflow/dags/netflix_dag.py
[2026-09-07T06:26:33.676+0000] {logging_mixin.py:188} INFO - [2026-09-07T06:26:33.676+0000] {dag.py:3089} INFO - Sync 1 DAGs
[2026-09-07T06:26:33.698+0000] {logging_mixin.py:188} INFO - [2026-09-07T06:26:33.698+0000] {dag.py:3947} INFO - Setting next_dagrun for netflix_etl_pipeline to 2026-09-06 00:00:00+00:00, run_after=2026-09-07 00:00:00+00:00
[2026-09-07T06:26:33.720+0000] {processor.py:183} INFO - Processing /opt/airflow/dags/netflix_dag.py took 0.118 seconds
[2026-09-07T06:27:03.802+0000] {processor.py:161} INFO - Started process (PID=4019) to work on /opt/airflow/dags/netflix_dag.py
[2026-09-07T06:27:03.804+0000] {processor.py:830} INFO - Processing file /opt/airflow/dags/netflix_dag.py for tasks to queue
[2026-09-07T06:27:03.807+0000] {logging_mixin.py:188} INFO - [2026-09-07T06:27:03.807+0000] {dagbag.py:545} INFO - Filling up the DagBag from /opt/airflow/dags/netflix_dag.py
[2026-09-07T06:27:03.835+0000] {processor.py:840} INFO - DAG(s) 'netflix_etl_pipeline' retrieved from /opt/airflow/dags/netflix_dag.py
[2026-09-07T06:27:03.871+0000] {logging_mixin.py:188} INFO - [2026-09-07T06:27:03.870+0000] {dag.py:3089} INFO - Sync 1 DAGs
[2026-09-07T06:27:03.894+0000] {logging_mixin.py:188} INFO - [2026-09-07T06:27:03.894+0000] {dag.py:3947} INFO - Setting next_dagrun for netflix_etl_pipeline to 2026-09-06 00:00:00+00:00, run_after=2026-09-07 00:00:00+00:00
[2026-09-07T06:27:03.916+0000] {processor.py:183} INFO - Processing /opt/airflow/dags/netflix_dag.py took 0.122 seconds
[2026-09-07T06:27:34.142+0000] {processor.py:161} INFO - Started process (PID=4030) to work on /opt/airflow/dags/netflix_dag.py
[2026-09-07T06:27:34.144+0000] {processor.py:830} INFO - Processing file /opt/airflow/dags/netflix_dag.py for tasks to queue
[2026-09-07T06:27:34.146+0000] {logging_mixin.py:188} INFO - [2026-09-07T06:27:34.146+0000] {dagbag.py:545} INFO - Filling up the DagBag from /opt/airflow/dags/netflix_dag.py
[2026-09-07T06:27:34.173+0000] {processor.py:840} INFO - DAG(s) 'netflix_etl_pipeline' retrieved from /opt/airflow/dags/netflix_dag.py
[2026-09-07T06:27:34.213+0000] {logging_mixin.py:188} INFO - [2026-09-07T06:27:34.212+0000] {dag.py:3089} INFO - Sync 1 DAGs
[2026-09-07T06:27:34.234+0000] {logging_mixin.py:188} INFO - [2026-09-07T06:27:34.234+0000] {dag.py:3947} INFO - Setting next_dagrun for netflix_etl_pipeline to 2026-09-06 00:00:00+00:00, run_after=2026-09-07 00:00:00+00:00
[2026-09-07T06:27:34.303+0000] {processor.py:183} INFO - Processing /opt/airflow/dags/netflix_dag.py took 0.169 seconds
[2026-09-07T06:28:04.545+0000] {processor.py:161} INFO - Started process (PID=4041) to work on /opt/airflow/dags/netflix_dag.py
[2026-09-07T06:28:04.548+0000] {processor.py:830} INFO - Processing file /opt/airflow/dags/netflix_dag.py for tasks to queue
[2026-09-07T06:28:04.553+0000] {logging_mixin.py:188} INFO - [2026-09-07T06:28:04.552+0000] {dagbag.py:545} INFO - Filling up the DagBag from /opt/airflow/dags/netflix_dag.py
[2026-09-07T06:28:04.599+0000] {processor.py:840} INFO - DAG(s) 'netflix_etl_pipeline' retrieved from /opt/airflow/dags/netflix_dag.py
[2026-09-07T06:28:04.705+0000] {logging_mixin.py:188} INFO - [2026-09-07T06:28:04.704+0000] {dag.py:3089} INFO - Sync 1 DAGs
[2026-09-07T06:28:04.784+0000] {logging_mixin.py:188} INFO - [2026-09-07T06:28:04.783+0000] {dag.py:3947} INFO - Setting next_dagrun for netflix_etl_pipeline to 2026-09-06 00:00:00+00:00, run_after=2026-09-07 00:00:00+00:00
[2026-09-07T06:28:04.839+0000] {processor.py:183} INFO - Processing /opt/airflow/dags/netflix_dag.py took 0.306 seconds
[2026-09-07T06:28:35.079+0000] {processor.py:161} INFO - Started process (PID=4052) to work on /opt/airflow/dags/netflix_dag.py
[2026-09-07T06:28:35.081+0000] {processor.py:830} INFO - Processing file /opt/airflow/dags/netflix_dag.py for tasks to queue
[2026-09-07T06:28:35.084+0000] {logging_mixin.py:188} INFO - [2026-09-07T06:28:35.084+0000] {dagbag.py:545} INFO - Filling up the DagBag from /opt/airflow/dags/netflix_dag.py
[2026-09-07T06:28:35.108+0000] {processor.py:840} INFO - DAG(s) 'netflix_etl_pipeline' retrieved from /opt/airflow/dags/netflix_dag.py
[2026-09-07T06:28:35.148+0000] {logging_mixin.py:188} INFO - [2026-09-07T06:28:35.148+0000] {dag.py:3089} INFO - Sync 1 DAGs
[2026-09-07T06:28:35.171+0000] {logging_mixin.py:188} INFO - [2026-09-07T06:28:35.171+0000] {dag.py:3947} INFO - Setting next_dagrun for netflix_etl_pipeline to 2026-09-06 00:00:00+00:00, run_after=2026-09-07 00:00:00+00:00
[2026-09-07T06:28:35.195+0000] {processor.py:183} INFO - Processing /opt/airflow/dags/netflix_dag.py took 0.124 seconds
[2026-09-07T06:29:05.326+0000] {processor.py:161} INFO - Started process (PID=4063) to work on /opt/airflow/dags/netflix_dag.py
[2026-09-07T06:29:05.328+0000] {processor.py:830} INFO - Processing file /opt/airflow/dags/netflix_dag.py for tasks to queue
[2026-09-07T06:29:05.330+0000] {logging_mixin.py:188} INFO - [2026-09-07T06:29:05.330+0000] {dagbag.py:545} INFO - Filling up the DagBag from /opt/airflow/dags/netflix_dag.py
[2026-09-07T06:29:05.364+0000] {processor.py:840} INFO - DAG(s) 'netflix_etl_pipeline' retrieved from /opt/airflow/dags/netflix_dag.py
[2026-09-07T06:29:05.420+0000] {logging_mixin.py:188} INFO - [2026-09-07T06:29:05.420+0000] {dag.py:3089} INFO - Sync 1 DAGs
[2026-09-07T06:29:05.441+0000] {logging_mixin.py:188} INFO - [2026-09-07T06:29:05.440+0000] {dag.py:3947} INFO - Setting next_dagrun for netflix_etl_pipeline to 2026-09-06 00:00:00+00:00, run_after=2026-09-07 00:00:00+00:00
[2026-09-07T06:29:05.463+0000] {processor.py:183} INFO - Processing /opt/airflow/dags/netflix_dag.py took 0.144 seconds
[2026-09-07T06:29:35.598+0000] {processor.py:161} INFO - Started process (PID=4074) to work on /opt/airflow/dags/netflix_dag.py
[2026-09-07T06:29:35.599+0000] {processor.py:830} INFO - Processing file /opt/airflow/dags/netflix_dag.py for tasks to queue
[2026-09-07T06:29:35.602+0000] {logging_mixin.py:188} INFO - [2026-09-07T06:29:35.602+0000] {dagbag.py:545} INFO - Filling up the DagBag from /opt/airflow/dags/netflix_dag.py
[2026-09-07T06:29:35.627+0000] {processor.py:840} INFO - DAG(s) 'netflix_etl_pipeline' retrieved from /opt/airflow/dags/netflix_dag.py
[2026-09-07T06:29:35.667+0000] {logging_mixin.py:188} INFO - [2026-09-07T06:29:35.666+0000] {dag.py:3089} INFO - Sync 1 DAGs
[2026-09-07T06:29:35.690+0000] {logging_mixin.py:188} INFO - [2026-09-07T06:29:35.690+0000] {dag.py:3947} INFO - Setting next_dagrun for netflix_etl_pipeline to 2026-09-06 00:00:00+00:00, run_after=2026-09-07 00:00:00+00:00
[2026-09-07T06:29:35.714+0000] {processor.py:183} INFO - Processing /opt/airflow/dags/netflix_dag.py took 0.122 seconds
[2026-09-07T06:30:05.859+0000] {processor.py:161} INFO - Started process (PID=4086) to work on /opt/airflow/dags/netflix_dag.py
[2026-09-07T06:30:05.861+0000] {processor.py:830} INFO - Processing file /opt/airflow/dags/netflix_dag.py for tasks to queue
[2026-09-07T06:30:05.864+0000] {logging_mixin.py:188} INFO - [2026-09-07T06:30:05.863+0000] {dagbag.py:545} INFO - Filling up the DagBag from /opt/airflow/dags/netflix_dag.py
[2026-09-07T06:30:05.892+0000] {processor.py:840} INFO - DAG(s) 'netflix_etl_pipeline' retrieved from /opt/airflow/dags/netflix_dag.py
[2026-09-07T06:30:05.928+0000] {logging_mixin.py:188} INFO - [2026-09-07T06:30:05.928+0000] {dag.py:3089} INFO - Sync 1 DAGs
[2026-09-07T06:30:05.950+0000] {logging_mixin.py:188} INFO - [2026-09-07T06:30:05.950+0000] {dag.py:3947} INFO - Setting next_dagrun for netflix_etl_pipeline to 2026-09-06 00:00:00+00:00, run_after=2026-09-07 00:00:00+00:00
[2026-09-07T06:30:05.973+0000] {processor.py:183} INFO - Processing /opt/airflow/dags/netflix_dag.py took 0.121 seconds
[2026-09-07T06:30:36.106+0000] {processor.py:161} INFO - Started process (PID=4097) to work on /opt/airflow/dags/netflix_dag.py
[2026-09-07T06:30:36.108+0000] {processor.py:830} INFO - Processing file /opt/airflow/dags/netflix_dag.py for tasks to queue
[2026-09-07T06:30:36.111+0000] {logging_mixin.py:188} INFO - [2026-09-07T06:30:36.110+0000] {dagbag.py:545} INFO - Filling up the DagBag from /opt/airflow/dags/netflix_dag.py
[2026-09-07T06:30:36.135+0000] {processor.py:840} INFO - DAG(s) 'netflix_etl_pipeline' retrieved from /opt/airflow/dags/netflix_dag.py
[2026-09-07T06:30:36.170+0000] {logging_mixin.py:188} INFO - [2026-09-07T06:30:36.170+0000] {dag.py:3089} INFO - Sync 1 DAGs
[2026-09-07T06:30:36.192+0000] {logging_mixin.py:188} INFO - [2026-09-07T06:30:36.192+0000] {dag.py:3947} INFO - Setting next_dagrun for netflix_etl_pipeline to 2026-09-06 00:00:00+00:00, run_after=2026-09-07 00:00:00+00:00
[2026-09-07T06:30:36.214+0000] {processor.py:183} INFO - Processing /opt/airflow/dags/netflix_dag.py took 0.115 seconds
[2026-09-07T06:31:06.381+0000] {processor.py:161} INFO - Started process (PID=4109) to work on /opt/airflow/dags/netflix_dag.py
[2026-09-07T06:31:06.383+0000] {processor.py:830} INFO - Processing file /opt/airflow/dags/netflix_dag.py for tasks to queue
[2026-09-07T06:31:06.386+0000] {logging_mixin.py:188} INFO - [2026-09-07T06:31:06.386+0000] {dagbag.py:545} INFO - Filling up the DagBag from /opt/airflow/dags/netflix_dag.py
[2026-09-07T06:31:06.414+0000] {processor.py:840} INFO - DAG(s) 'netflix_etl_pipeline' retrieved from /opt/airflow/dags/netflix_dag.py
[2026-09-07T06:31:06.448+0000] {logging_mixin.py:188} INFO - [2026-09-07T06:31:06.448+0000] {dag.py:3089} INFO - Sync 1 DAGs
[2026-09-07T06:31:06.470+0000] {logging_mixin.py:188} INFO - [2026-09-07T06:31:06.470+0000] {dag.py:3947} INFO - Setting next_dagrun for netflix_etl_pipeline to 2026-09-06 00:00:00+00:00, run_after=2026-09-07 00:00:00+00:00
[2026-09-07T06:31:06.491+0000] {processor.py:183} INFO - Processing /opt/airflow/dags/netflix_dag.py took 0.118 seconds
[2026-09-07T06:31:36.663+0000] {processor.py:161} INFO - Started process (PID=4120) to work on /opt/airflow/dags/netflix_dag.py
[2026-09-07T06:31:36.667+0000] {processor.py:830} INFO - Processing file /opt/airflow/dags/netflix_dag.py for tasks to queue
[2026-09-07T06:31:36.673+0000] {logging_mixin.py:188} INFO - [2026-09-07T06:31:36.672+0000] {dagbag.py:545} INFO - Filling up the DagBag from /opt/airflow/dags/netflix_dag.py
[2026-09-07T06:31:36.730+0000] {processor.py:840} INFO - DAG(s) 'netflix_etl_pipeline' retrieved from /opt/airflow/dags/netflix_dag.py
[2026-09-07T06:31:36.820+0000] {logging_mixin.py:188} INFO - [2026-09-07T06:31:36.819+0000] {dag.py:3089} INFO - Sync 1 DAGs
[2026-09-07T06:31:36.870+0000] {logging_mixin.py:188} INFO - [2026-09-07T06:31:36.869+0000] {dag.py:3947} INFO - Setting next_dagrun for netflix_etl_pipeline to 2026-09-06 00:00:00+00:00, run_after=2026-09-07 00:00:00+00:00
[2026-09-07T06:31:36.911+0000] {processor.py:183} INFO - Processing /opt/airflow/dags/netflix_dag.py took 0.262 seconds
[2026-09-07T06:32:07.138+0000] {processor.py:161} INFO - Started process (PID=4131) to work on /opt/airflow/dags/netflix_dag.py
[2026-09-07T06:32:07.140+0000] {processor.py:830} INFO - Processing file /opt/airflow/dags/netflix_dag.py for tasks to queue
[2026-09-07T06:32:07.143+0000] {logging_mixin.py:188} INFO - [2026-09-07T06:32:07.143+0000] {dagbag.py:545} INFO - Filling up the DagBag from /opt/airflow/dags/netflix_dag.py
[2026-09-07T06:32:07.171+0000] {processor.py:840} INFO - DAG(s) 'netflix_etl_pipeline' retrieved from /opt/airflow/dags/netflix_dag.py
[2026-09-07T06:32:07.208+0000] {logging_mixin.py:188} INFO - [2026-09-07T06:32:07.208+0000] {dag.py:3089} INFO - Sync 1 DAGs
[2026-09-07T06:32:07.230+0000] {logging_mixin.py:188} INFO - [2026-09-07T06:32:07.230+0000] {dag.py:3947} INFO - Setting next_dagrun for netflix_etl_pipeline to 2026-09-06 00:00:00+00:00, run_after=2026-09-07 00:00:00+00:00
[2026-09-07T06:32:07.253+0000] {processor.py:183} INFO - Processing /opt/airflow/dags/netflix_dag.py took 0.123 seconds
[2026-09-07T06:32:37.340+0000] {processor.py:161} INFO - Started process (PID=4142) to work on /opt/airflow/dags/netflix_dag.py
[2026-09-07T06:32:37.342+0000] {processor.py:830} INFO - Processing file /opt/airflow/dags/netflix_dag.py for tasks to queue
[2026-09-07T06:32:37.345+0000] {logging_mixin.py:188} INFO - [2026-09-07T06:32:37.344+0000] {dagbag.py:545} INFO - Filling up the DagBag from /opt/airflow/dags/netflix_dag.py
[2026-09-07T06:32:37.375+0000] {processor.py:840} INFO - DAG(s) 'netflix_etl_pipeline' retrieved from /opt/airflow/dags/netflix_dag.py
[2026-09-07T06:32:37.430+0000] {logging_mixin.py:188} INFO - [2026-09-07T06:32:37.430+0000] {dag.py:3089} INFO - Sync 1 DAGs
[2026-09-07T06:32:37.454+0000] {logging_mixin.py:188} INFO - [2026-09-07T06:32:37.454+0000] {dag.py:3947} INFO - Setting next_dagrun for netflix_etl_pipeline to 2026-09-06 00:00:00+00:00, run_after=2026-09-07 00:00:00+00:00
[2026-09-07T06:32:37.474+0000] {processor.py:183} INFO - Processing /opt/airflow/dags/netflix_dag.py took 0.143 seconds
[2026-09-07T06:33:07.666+0000] {processor.py:161} INFO - Started process (PID=4153) to work on /opt/airflow/dags/netflix_dag.py
[2026-09-07T06:33:07.668+0000] {processor.py:830} INFO - Processing file /opt/airflow/dags/netflix_dag.py for tasks to queue
[2026-09-07T06:33:07.671+0000] {logging_mixin.py:188} INFO - [2026-09-07T06:33:07.671+0000] {dagbag.py:545} INFO - Filling up the DagBag from /opt/airflow/dags/netflix_dag.py
[2026-09-07T06:33:07.699+0000] {processor.py:840} INFO - DAG(s) 'netflix_etl_pipeline' retrieved from /opt/airflow/dags/netflix_dag.py
[2026-09-07T06:33:07.735+0000] {logging_mixin.py:188} INFO - [2026-09-07T06:33:07.734+0000] {dag.py:3089} INFO - Sync 1 DAGs
[2026-09-07T06:33:07.757+0000] {logging_mixin.py:188} INFO - [2026-09-07T06:33:07.757+0000] {dag.py:3947} INFO - Setting next_dagrun for netflix_etl_pipeline to 2026-09-06 00:00:00+00:00, run_after=2026-09-07 00:00:00+00:00
[2026-09-07T06:33:07.779+0000] {processor.py:183} INFO - Processing /opt/airflow/dags/netflix_dag.py took 0.120 seconds
[2026-09-07T06:33:37.878+0000] {processor.py:161} INFO - Started process (PID=4164) to work on /opt/airflow/dags/netflix_dag.py
[2026-09-07T06:33:37.880+0000] {processor.py:830} INFO - Processing file /opt/airflow/dags/netflix_dag.py for tasks to queue
[2026-09-07T06:33:37.883+0000] {logging_mixin.py:188} INFO - [2026-09-07T06:33:37.882+0000] {dagbag.py:545} INFO - Filling up the DagBag from /opt/airflow/dags/netflix_dag.py
[2026-09-07T06:33:37.933+0000] {processor.py:840} INFO - DAG(s) 'netflix_etl_pipeline' retrieved from /opt/airflow/dags/netflix_dag.py
[2026-09-07T06:33:37.996+0000] {logging_mixin.py:188} INFO - [2026-09-07T06:33:37.996+0000] {dag.py:3089} INFO - Sync 1 DAGs
[2026-09-07T06:33:38.019+0000] {logging_mixin.py:188} INFO - [2026-09-07T06:33:38.019+0000] {dag.py:3947} INFO - Setting next_dagrun for netflix_etl_pipeline to 2026-09-06 00:00:00+00:00, run_after=2026-09-07 00:00:00+00:00
[2026-09-07T06:33:38.041+0000] {processor.py:183} INFO - Processing /opt/airflow/dags/netflix_dag.py took 0.171 seconds
[2026-09-07T06:34:08.210+0000] {processor.py:161} INFO - Started process (PID=4175) to work on /opt/airflow/dags/netflix_dag.py
[2026-09-07T06:34:08.211+0000] {processor.py:830} INFO - Processing file /opt/airflow/dags/netflix_dag.py for tasks to queue
[2026-09-07T06:34:08.215+0000] {logging_mixin.py:188} INFO - [2026-09-07T06:34:08.215+0000] {dagbag.py:545} INFO - Filling up the DagBag from /opt/airflow/dags/netflix_dag.py
[2026-09-07T06:34:08.241+0000] {processor.py:840} INFO - DAG(s) 'netflix_etl_pipeline' retrieved from /opt/airflow/dags/netflix_dag.py
[2026-09-07T06:34:08.278+0000] {logging_mixin.py:188} INFO - [2026-09-07T06:34:08.277+0000] {dag.py:3089} INFO - Sync 1 DAGs
[2026-09-07T06:34:08.299+0000] {logging_mixin.py:188} INFO - [2026-09-07T06:34:08.299+0000] {dag.py:3947} INFO - Setting next_dagrun for netflix_etl_pipeline to 2026-09-06 00:00:00+00:00, run_after=2026-09-07 00:00:00+00:00
[2026-09-07T06:34:08.320+0000] {processor.py:183} INFO - Processing /opt/airflow/dags/netflix_dag.py took 0.117 seconds
[2026-09-07T06:34:38.436+0000] {processor.py:161} INFO - Started process (PID=4186) to work on /opt/airflow/dags/netflix_dag.py
[2026-09-07T06:34:38.438+0000] {processor.py:830} INFO - Processing file /opt/airflow/dags/netflix_dag.py for tasks to queue
[2026-09-07T06:34:38.441+0000] {logging_mixin.py:188} INFO - [2026-09-07T06:34:38.440+0000] {dagbag.py:545} INFO - Filling up the DagBag from /opt/airflow/dags/netflix_dag.py
[2026-09-07T06:34:38.467+0000] {processor.py:840} INFO - DAG(s) 'netflix_etl_pipeline' retrieved from /opt/airflow/dags/netflix_dag.py
[2026-09-07T06:34:38.503+0000] {logging_mixin.py:188} INFO - [2026-09-07T06:34:38.503+0000] {dag.py:3089} INFO - Sync 1 DAGs
[2026-09-07T06:34:38.525+0000] {logging_mixin.py:188} INFO - [2026-09-07T06:34:38.525+0000] {dag.py:3947} INFO - Setting next_dagrun for netflix_etl_pipeline to 2026-09-06 00:00:00+00:00, run_after=2026-09-07 00:00:00+00:00
[2026-09-07T06:34:38.548+0000] {processor.py:183} INFO - Processing /opt/airflow/dags/netflix_dag.py took 0.120 seconds
[2026-09-07T06:35:08.714+0000] {processor.py:161} INFO - Started process (PID=4197) to work on /opt/airflow/dags/netflix_dag.py
[2026-09-07T06:35:08.715+0000] {processor.py:830} INFO - Processing file /opt/airflow/dags/netflix_dag.py for tasks to queue
[2026-09-07T06:35:08.718+0000] {logging_mixin.py:188} INFO - [2026-09-07T06:35:08.718+0000] {dagbag.py:545} INFO - Filling up the DagBag from /opt/airflow/dags/netflix_dag.py
[2026-09-07T06:35:08.746+0000] {processor.py:840} INFO - DAG(s) 'netflix_etl_pipeline' retrieved from /opt/airflow/dags/netflix_dag.py
[2026-09-07T06:35:08.782+0000] {logging_mixin.py:188} INFO - [2026-09-07T06:35:08.782+0000] {dag.py:3089} INFO - Sync 1 DAGs
[2026-09-07T06:35:08.804+0000] {logging_mixin.py:188} INFO - [2026-09-07T06:35:08.804+0000] {dag.py:3947} INFO - Setting next_dagrun for netflix_etl_pipeline to 2026-09-06 00:00:00+00:00, run_after=2026-09-07 00:00:00+00:00
[2026-09-07T06:35:08.828+0000] {processor.py:183} INFO - Processing /opt/airflow/dags/netflix_dag.py took 0.121 seconds
[2026-09-07T06:35:38.943+0000] {processor.py:161} INFO - Started process (PID=4208) to work on /opt/airflow/dags/netflix_dag.py
[2026-09-07T06:35:38.944+0000] {processor.py:830} INFO - Processing file /opt/airflow/dags/netflix_dag.py for tasks to queue
[2026-09-07T06:35:38.948+0000] {logging_mixin.py:188} INFO - [2026-09-07T06:35:38.947+0000] {dagbag.py:545} INFO - Filling up the DagBag from /opt/airflow/dags/netflix_dag.py
[2026-09-07T06:35:38.985+0000] {processor.py:840} INFO - DAG(s) 'netflix_etl_pipeline' retrieved from /opt/airflow/dags/netflix_dag.py
[2026-09-07T06:35:39.038+0000] {logging_mixin.py:188} INFO - [2026-09-07T06:35:39.037+0000] {dag.py:3089} INFO - Sync 1 DAGs
[2026-09-07T06:35:39.061+0000] {logging_mixin.py:188} INFO - [2026-09-07T06:35:39.061+0000] {dag.py:3947} INFO - Setting next_dagrun for netflix_etl_pipeline to 2026-09-06 00:00:00+00:00, run_after=2026-09-07 00:00:00+00:00
[2026-09-07T06:35:39.083+0000] {processor.py:183} INFO - Processing /opt/airflow/dags/netflix_dag.py took 0.148 seconds
[2026-09-07T06:36:09.231+0000] {processor.py:161} INFO - Started process (PID=4219) to work on /opt/airflow/dags/netflix_dag.py
[2026-09-07T06:36:09.233+0000] {processor.py:830} INFO - Processing file /opt/airflow/dags/netflix_dag.py for tasks to queue
[2026-09-07T06:36:09.236+0000] {logging_mixin.py:188} INFO - [2026-09-07T06:36:09.236+0000] {dagbag.py:545} INFO - Filling up the DagBag from /opt/airflow/dags/netflix_dag.py
[2026-09-07T06:36:09.260+0000] {processor.py:840} INFO - DAG(s) 'netflix_etl_pipeline' retrieved from /opt/airflow/dags/netflix_dag.py
[2026-09-07T06:36:09.297+0000] {logging_mixin.py:188} INFO - [2026-09-07T06:36:09.297+0000] {dag.py:3089} INFO - Sync 1 DAGs
[2026-09-07T06:36:09.322+0000] {logging_mixin.py:188} INFO - [2026-09-07T06:36:09.322+0000] {dag.py:3947} INFO - Setting next_dagrun for netflix_etl_pipeline to 2026-09-06 00:00:00+00:00, run_after=2026-09-07 00:00:00+00:00
[2026-09-07T06:36:09.343+0000] {processor.py:183} INFO - Processing /opt/airflow/dags/netflix_dag.py took 0.119 seconds
[2026-09-07T06:36:39.480+0000] {processor.py:161} INFO - Started process (PID=4230) to work on /opt/airflow/dags/netflix_dag.py
[2026-09-07T06:36:39.482+0000] {processor.py:830} INFO - Processing file /opt/airflow/dags/netflix_dag.py for tasks to queue
[2026-09-07T06:36:39.485+0000] {logging_mixin.py:188} INFO - [2026-09-07T06:36:39.485+0000] {dagbag.py:545} INFO - Filling up the DagBag from /opt/airflow/dags/netflix_dag.py
[2026-09-07T06:36:39.513+0000] {processor.py:840} INFO - DAG(s) 'netflix_etl_pipeline' retrieved from /opt/airflow/dags/netflix_dag.py
[2026-09-07T06:36:39.548+0000] {logging_mixin.py:188} INFO - [2026-09-07T06:36:39.548+0000] {dag.py:3089} INFO - Sync 1 DAGs
[2026-09-07T06:36:39.570+0000] {logging_mixin.py:188} INFO - [2026-09-07T06:36:39.570+0000] {dag.py:3947} INFO - Setting next_dagrun for netflix_etl_pipeline to 2026-09-06 00:00:00+00:00, run_after=2026-09-07 00:00:00+00:00
[2026-09-07T06:36:39.591+0000] {processor.py:183} INFO - Processing /opt/airflow/dags/netflix_dag.py took 0.118 seconds
[2026-09-07T06:37:09.769+0000] {processor.py:161} INFO - Started process (PID=4241) to work on /opt/airflow/dags/netflix_dag.py
[2026-09-07T06:37:09.771+0000] {processor.py:830} INFO - Processing file /opt/airflow/dags/netflix_dag.py for tasks to queue
[2026-09-07T06:37:09.774+0000] {logging_mixin.py:188} INFO - [2026-09-07T06:37:09.773+0000] {dagbag.py:545} INFO - Filling up the DagBag from /opt/airflow/dags/netflix_dag.py
[2026-09-07T06:37:09.798+0000] {processor.py:840} INFO - DAG(s) 'netflix_etl_pipeline' retrieved from /opt/airflow/dags/netflix_dag.py
[2026-09-07T06:37:09.834+0000] {logging_mixin.py:188} INFO - [2026-09-07T06:37:09.834+0000] {dag.py:3089} INFO - Sync 1 DAGs
[2026-09-07T06:37:09.856+0000] {logging_mixin.py:188} INFO - [2026-09-07T06:37:09.856+0000] {dag.py:3947} INFO - Setting next_dagrun for netflix_etl_pipeline to 2026-09-06 00:00:00+00:00, run_after=2026-09-07 00:00:00+00:00
[2026-09-07T06:37:09.878+0000] {processor.py:183} INFO - Processing /opt/airflow/dags/netflix_dag.py took 0.116 seconds
[2026-09-07T06:37:39.997+0000] {processor.py:161} INFO - Started process (PID=4252) to work on /opt/airflow/dags/netflix_dag.py
[2026-09-07T06:37:39.999+0000] {processor.py:830} INFO - Processing file /opt/airflow/dags/netflix_dag.py for tasks to queue
[2026-09-07T06:37:40.003+0000] {logging_mixin.py:188} INFO - [2026-09-07T06:37:40.002+0000] {dagbag.py:545} INFO - Filling up the DagBag from /opt/airflow/dags/netflix_dag.py
[2026-09-07T06:37:40.028+0000] {processor.py:840} INFO - DAG(s) 'netflix_etl_pipeline' retrieved from /opt/airflow/dags/netflix_dag.py
[2026-09-07T06:37:40.067+0000] {logging_mixin.py:188} INFO - [2026-09-07T06:37:40.066+0000] {dag.py:3089} INFO - Sync 1 DAGs
[2026-09-07T06:37:40.088+0000] {logging_mixin.py:188} INFO - [2026-09-07T06:37:40.088+0000] {dag.py:3947} INFO - Setting next_dagrun for netflix_etl_pipeline to 2026-09-06 00:00:00+00:00, run_after=2026-09-07 00:00:00+00:00
[2026-09-07T06:37:40.112+0000] {processor.py:183} INFO - Processing /opt/airflow/dags/netflix_dag.py took 0.121 seconds
[2026-09-07T06:38:10.282+0000] {processor.py:161} INFO - Started process (PID=4263) to work on /opt/airflow/dags/netflix_dag.py
[2026-09-07T06:38:10.283+0000] {processor.py:830} INFO - Processing file /opt/airflow/dags/netflix_dag.py for tasks to queue
[2026-09-07T06:38:10.287+0000] {logging_mixin.py:188} INFO - [2026-09-07T06:38:10.286+0000] {dagbag.py:545} INFO - Filling up the DagBag from /opt/airflow/dags/netflix_dag.py
[2026-09-07T06:38:10.313+0000] {processor.py:840} INFO - DAG(s) 'netflix_etl_pipeline' retrieved from /opt/airflow/dags/netflix_dag.py
[2026-09-07T06:38:10.349+0000] {logging_mixin.py:188} INFO - [2026-09-07T06:38:10.349+0000] {dag.py:3089} INFO - Sync 1 DAGs
[2026-09-07T06:38:10.370+0000] {logging_mixin.py:188} INFO - [2026-09-07T06:38:10.370+0000] {dag.py:3947} INFO - Setting next_dagrun for netflix_etl_pipeline to 2026-09-06 00:00:00+00:00, run_after=2026-09-07 00:00:00+00:00
[2026-09-07T06:38:10.393+0000] {processor.py:183} INFO - Processing /opt/airflow/dags/netflix_dag.py took 0.119 seconds
[2026-09-07T06:38:40.510+0000] {processor.py:161} INFO - Started process (PID=4274) to work on /opt/airflow/dags/netflix_dag.py
[2026-09-07T06:38:40.512+0000] {processor.py:830} INFO - Processing file /opt/airflow/dags/netflix_dag.py for tasks to queue
[2026-09-07T06:38:40.515+0000] {logging_mixin.py:188} INFO - [2026-09-07T06:38:40.515+0000] {dagbag.py:545} INFO - Filling up the DagBag from /opt/airflow/dags/netflix_dag.py
[2026-09-07T06:38:40.540+0000] {processor.py:840} INFO - DAG(s) 'netflix_etl_pipeline' retrieved from /opt/airflow/dags/netflix_dag.py
[2026-09-07T06:38:40.576+0000] {logging_mixin.py:188} INFO - [2026-09-07T06:38:40.576+0000] {dag.py:3089} INFO - Sync 1 DAGs
[2026-09-07T06:38:40.599+0000] {logging_mixin.py:188} INFO - [2026-09-07T06:38:40.599+0000] {dag.py:3947} INFO - Setting next_dagrun for netflix_etl_pipeline to 2026-09-06 00:00:00+00:00, run_after=2026-09-07 00:00:00+00:00
[2026-09-07T06:38:40.623+0000] {processor.py:183} INFO - Processing /opt/airflow/dags/netflix_dag.py took 0.120 seconds
[2026-09-07T06:39:10.841+0000] {processor.py:161} INFO - Started process (PID=4285) to work on /opt/airflow/dags/netflix_dag.py
[2026-09-07T06:39:10.843+0000] {processor.py:830} INFO - Processing file /opt/airflow/dags/netflix_dag.py for tasks to queue
[2026-09-07T06:39:10.846+0000] {logging_mixin.py:188} INFO - [2026-09-07T06:39:10.845+0000] {dagbag.py:545} INFO - Filling up the DagBag from /opt/airflow/dags/netflix_dag.py
[2026-09-07T06:39:10.875+0000] {processor.py:840} INFO - DAG(s) 'netflix_etl_pipeline' retrieved from /opt/airflow/dags/netflix_dag.py
[2026-09-07T06:39:10.912+0000] {logging_mixin.py:188} INFO - [2026-09-07T06:39:10.911+0000] {dag.py:3089} INFO - Sync 1 DAGs
[2026-09-07T06:39:10.933+0000] {logging_mixin.py:188} INFO - [2026-09-07T06:39:10.933+0000] {dag.py:3947} INFO - Setting next_dagrun for netflix_etl_pipeline to 2026-09-06 00:00:00+00:00, run_after=2026-09-07 00:00:00+00:00
[2026-09-07T06:39:10.954+0000] {processor.py:183} INFO - Processing /opt/airflow/dags/netflix_dag.py took 0.119 seconds
[2026-09-07T06:39:41.037+0000] {processor.py:161} INFO - Started process (PID=4297) to work on /opt/airflow/dags/netflix_dag.py
[2026-09-07T06:39:41.039+0000] {processor.py:830} INFO - Processing file /opt/airflow/dags/netflix_dag.py for tasks to queue
[2026-09-07T06:39:41.042+0000] {logging_mixin.py:188} INFO - [2026-09-07T06:39:41.041+0000] {dagbag.py:545} INFO - Filling up the DagBag from /opt/airflow/dags/netflix_dag.py
[2026-09-07T06:39:41.068+0000] {processor.py:840} INFO - DAG(s) 'netflix_etl_pipeline' retrieved from /opt/airflow/dags/netflix_dag.py
[2026-09-07T06:39:41.103+0000] {logging_mixin.py:188} INFO - [2026-09-07T06:39:41.103+0000] {dag.py:3089} INFO - Sync 1 DAGs
[2026-09-07T06:39:41.125+0000] {logging_mixin.py:188} INFO - [2026-09-07T06:39:41.125+0000] {dag.py:3947} INFO - Setting next_dagrun for netflix_etl_pipeline to 2026-09-06 00:00:00+00:00, run_after=2026-09-07 00:00:00+00:00
[2026-09-07T06:39:41.151+0000] {processor.py:183} INFO - Processing /opt/airflow/dags/netflix_dag.py took 0.120 seconds
[2026-09-07T06:40:11.341+0000] {processor.py:161} INFO - Started process (PID=4308) to work on /opt/airflow/dags/netflix_dag.py
[2026-09-07T06:40:11.343+0000] {processor.py:830} INFO - Processing file /opt/airflow/dags/netflix_dag.py for tasks to queue
[2026-09-07T06:40:11.346+0000] {logging_mixin.py:188} INFO - [2026-09-07T06:40:11.346+0000] {dagbag.py:545} INFO - Filling up the DagBag from /opt/airflow/dags/netflix_dag.py
[2026-09-07T06:40:11.373+0000] {processor.py:840} INFO - DAG(s) 'netflix_etl_pipeline' retrieved from /opt/airflow/dags/netflix_dag.py
[2026-09-07T06:40:11.408+0000] {logging_mixin.py:188} INFO - [2026-09-07T06:40:11.408+0000] {dag.py:3089} INFO - Sync 1 DAGs
[2026-09-07T06:40:11.429+0000] {logging_mixin.py:188} INFO - [2026-09-07T06:40:11.429+0000] {dag.py:3947} INFO - Setting next_dagrun for netflix_etl_pipeline to 2026-09-06 00:00:00+00:00, run_after=2026-09-07 00:00:00+00:00
[2026-09-07T06:40:11.450+0000] {processor.py:183} INFO - Processing /opt/airflow/dags/netflix_dag.py took 0.116 seconds
[2026-09-07T06:40:41.550+0000] {processor.py:161} INFO - Started process (PID=4319) to work on /opt/airflow/dags/netflix_dag.py
[2026-09-07T06:40:41.552+0000] {processor.py:830} INFO - Processing file /opt/airflow/dags/netflix_dag.py for tasks to queue
[2026-09-07T06:40:41.554+0000] {logging_mixin.py:188} INFO - [2026-09-07T06:40:41.554+0000] {dagbag.py:545} INFO - Filling up the DagBag from /opt/airflow/dags/netflix_dag.py
[2026-09-07T06:40:41.582+0000] {processor.py:840} INFO - DAG(s) 'netflix_etl_pipeline' retrieved from /opt/airflow/dags/netflix_dag.py
[2026-09-07T06:40:41.619+0000] {logging_mixin.py:188} INFO - [2026-09-07T06:40:41.619+0000] {dag.py:3089} INFO - Sync 1 DAGs
[2026-09-07T06:40:41.642+0000] {logging_mixin.py:188} INFO - [2026-09-07T06:40:41.642+0000] {dag.py:3947} INFO - Setting next_dagrun for netflix_etl_pipeline to 2026-09-06 00:00:00+00:00, run_after=2026-09-07 00:00:00+00:00
[2026-09-07T06:40:41.664+0000] {processor.py:183} INFO - Processing /opt/airflow/dags/netflix_dag.py took 0.122 seconds
[2026-09-07T06:41:11.854+0000] {processor.py:161} INFO - Started process (PID=4330) to work on /opt/airflow/dags/netflix_dag.py
[2026-09-07T06:41:11.856+0000] {processor.py:830} INFO - Processing file /opt/airflow/dags/netflix_dag.py for tasks to queue
[2026-09-07T06:41:11.858+0000] {logging_mixin.py:188} INFO - [2026-09-07T06:41:11.858+0000] {dagbag.py:545} INFO - Filling up the DagBag from /opt/airflow/dags/netflix_dag.py
[2026-09-07T06:41:11.883+0000] {processor.py:840} INFO - DAG(s) 'netflix_etl_pipeline' retrieved from /opt/airflow/dags/netflix_dag.py
[2026-09-07T06:41:11.915+0000] {logging_mixin.py:188} INFO - [2026-09-07T06:41:11.915+0000] {dag.py:3089} INFO - Sync 1 DAGs
[2026-09-07T06:41:11.937+0000] {logging_mixin.py:188} INFO - [2026-09-07T06:41:11.937+0000] {dag.py:3947} INFO - Setting next_dagrun for netflix_etl_pipeline to 2026-09-06 00:00:00+00:00, run_after=2026-09-07 00:00:00+00:00
[2026-09-07T06:41:11.957+0000] {processor.py:183} INFO - Processing /opt/airflow/dags/netflix_dag.py took 0.108 seconds
[2026-09-07T06:41:42.051+0000] {processor.py:161} INFO - Started process (PID=4341) to work on /opt/airflow/dags/netflix_dag.py
[2026-09-07T06:41:42.053+0000] {processor.py:830} INFO - Processing file /opt/airflow/dags/netflix_dag.py for tasks to queue
[2026-09-07T06:41:42.055+0000] {logging_mixin.py:188} INFO - [2026-09-07T06:41:42.055+0000] {dagbag.py:545} INFO - Filling up the DagBag from /opt/airflow/dags/netflix_dag.py
[2026-09-07T06:41:42.078+0000] {processor.py:840} INFO - DAG(s) 'netflix_etl_pipeline' retrieved from /opt/airflow/dags/netflix_dag.py
[2026-09-07T06:41:42.111+0000] {logging_mixin.py:188} INFO - [2026-09-07T06:41:42.111+0000] {dag.py:3089} INFO - Sync 1 DAGs
[2026-09-07T06:41:42.133+0000] {logging_mixin.py:188} INFO - [2026-09-07T06:41:42.133+0000] {dag.py:3947} INFO - Setting next_dagrun for netflix_etl_pipeline to 2026-09-06 00:00:00+00:00, run_after=2026-09-07 00:00:00+00:00
[2026-09-07T06:41:42.155+0000] {processor.py:183} INFO - Processing /opt/airflow/dags/netflix_dag.py took 0.110 seconds
[2026-09-07T06:42:12.355+0000] {processor.py:161} INFO - Started process (PID=4352) to work on /opt/airflow/dags/netflix_dag.py
[2026-09-07T06:42:12.356+0000] {processor.py:830} INFO - Processing file /opt/airflow/dags/netflix_dag.py for tasks to queue
[2026-09-07T06:42:12.359+0000] {logging_mixin.py:188} INFO - [2026-09-07T06:42:12.358+0000] {dagbag.py:545} INFO - Filling up the DagBag from /opt/airflow/dags/netflix_dag.py
[2026-09-07T06:42:12.380+0000] {processor.py:840} INFO - DAG(s) 'netflix_etl_pipeline' retrieved from /opt/airflow/dags/netflix_dag.py
[2026-09-07T06:42:12.415+0000] {logging_mixin.py:188} INFO - [2026-09-07T06:42:12.414+0000] {dag.py:3089} INFO - Sync 1 DAGs
[2026-09-07T06:42:12.437+0000] {logging_mixin.py:188} INFO - [2026-09-07T06:42:12.436+0000] {dag.py:3947} INFO - Setting next_dagrun for netflix_etl_pipeline to 2026-09-06 00:00:00+00:00, run_after=2026-09-07 00:00:00+00:00
[2026-09-07T06:42:12.459+0000] {processor.py:183} INFO - Processing /opt/airflow/dags/netflix_dag.py took 0.110 seconds
[2026-09-07T06:42:42.557+0000] {processor.py:161} INFO - Started process (PID=4363) to work on /opt/airflow/dags/netflix_dag.py
[2026-09-07T06:42:42.559+0000] {processor.py:830} INFO - Processing file /opt/airflow/dags/netflix_dag.py for tasks to queue
[2026-09-07T06:42:42.562+0000] {logging_mixin.py:188} INFO - [2026-09-07T06:42:42.562+0000] {dagbag.py:545} INFO - Filling up the DagBag from /opt/airflow/dags/netflix_dag.py
[2026-09-07T06:42:42.589+0000] {processor.py:840} INFO - DAG(s) 'netflix_etl_pipeline' retrieved from /opt/airflow/dags/netflix_dag.py
[2026-09-07T06:42:42.626+0000] {logging_mixin.py:188} INFO - [2026-09-07T06:42:42.625+0000] {dag.py:3089} INFO - Sync 1 DAGs
[2026-09-07T06:42:42.649+0000] {logging_mixin.py:188} INFO - [2026-09-07T06:42:42.648+0000] {dag.py:3947} INFO - Setting next_dagrun for netflix_etl_pipeline to 2026-09-06 00:00:00+00:00, run_after=2026-09-07 00:00:00+00:00
[2026-09-07T06:42:42.670+0000] {processor.py:183} INFO - Processing /opt/airflow/dags/netflix_dag.py took 0.121 seconds
[2026-09-07T06:43:12.847+0000] {processor.py:161} INFO - Started process (PID=4374) to work on /opt/airflow/dags/netflix_dag.py
[2026-09-07T06:43:12.849+0000] {processor.py:830} INFO - Processing file /opt/airflow/dags/netflix_dag.py for tasks to queue
[2026-09-07T06:43:12.852+0000] {logging_mixin.py:188} INFO - [2026-09-07T06:43:12.851+0000] {dagbag.py:545} INFO - Filling up the DagBag from /opt/airflow/dags/netflix_dag.py
[2026-09-07T06:43:12.878+0000] {processor.py:840} INFO - DAG(s) 'netflix_etl_pipeline' retrieved from /opt/airflow/dags/netflix_dag.py
[2026-09-07T06:43:12.912+0000] {logging_mixin.py:188} INFO - [2026-09-07T06:43:12.912+0000] {dag.py:3089} INFO - Sync 1 DAGs
[2026-09-07T06:43:12.934+0000] {logging_mixin.py:188} INFO - [2026-09-07T06:43:12.933+0000] {dag.py:3947} INFO - Setting next_dagrun for netflix_etl_pipeline to 2026-09-06 00:00:00+00:00, run_after=2026-09-07 00:00:00+00:00
[2026-09-07T06:43:12.956+0000] {processor.py:183} INFO - Processing /opt/airflow/dags/netflix_dag.py took 0.115 seconds
[2026-09-07T06:43:43.095+0000] {processor.py:161} INFO - Started process (PID=4385) to work on /opt/airflow/dags/netflix_dag.py
[2026-09-07T06:43:43.098+0000] {processor.py:830} INFO - Processing file /opt/airflow/dags/netflix_dag.py for tasks to queue
[2026-09-07T06:43:43.103+0000] {logging_mixin.py:188} INFO - [2026-09-07T06:43:43.102+0000] {dagbag.py:545} INFO - Filling up the DagBag from /opt/airflow/dags/netflix_dag.py
[2026-09-07T06:43:43.152+0000] {processor.py:840} INFO - DAG(s) 'netflix_etl_pipeline' retrieved from /opt/airflow/dags/netflix_dag.py
[2026-09-07T06:43:43.221+0000] {logging_mixin.py:188} INFO - [2026-09-07T06:43:43.221+0000] {dag.py:3089} INFO - Sync 1 DAGs
[2026-09-07T06:43:43.266+0000] {logging_mixin.py:188} INFO - [2026-09-07T06:43:43.265+0000] {dag.py:3947} INFO - Setting next_dagrun for netflix_etl_pipeline to 2026-09-06 00:00:00+00:00, run_after=2026-09-07 00:00:00+00:00
[2026-09-07T06:43:43.307+0000] {processor.py:183} INFO - Processing /opt/airflow/dags/netflix_dag.py took 0.227 seconds
[2026-09-07T06:44:13.399+0000] {processor.py:161} INFO - Started process (PID=4396) to work on /opt/airflow/dags/netflix_dag.py
[2026-09-07T06:44:13.400+0000] {processor.py:830} INFO - Processing file /opt/airflow/dags/netflix_dag.py for tasks to queue
[2026-09-07T06:44:13.404+0000] {logging_mixin.py:188} INFO - [2026-09-07T06:44:13.404+0000] {dagbag.py:545} INFO - Filling up the DagBag from /opt/airflow/dags/netflix_dag.py
[2026-09-07T06:44:13.431+0000] {processor.py:840} INFO - DAG(s) 'netflix_etl_pipeline' retrieved from /opt/airflow/dags/netflix_dag.py
[2026-09-07T06:44:13.472+0000] {logging_mixin.py:188} INFO - [2026-09-07T06:44:13.471+0000] {dag.py:3089} INFO - Sync 1 DAGs
[2026-09-07T06:44:13.501+0000] {logging_mixin.py:188} INFO - [2026-09-07T06:44:13.501+0000] {dag.py:3947} INFO - Setting next_dagrun for netflix_etl_pipeline to 2026-09-06 00:00:00+00:00, run_after=2026-09-07 00:00:00+00:00
[2026-09-07T06:44:13.525+0000] {processor.py:183} INFO - Processing /opt/airflow/dags/netflix_dag.py took 0.133 seconds
[2026-09-07T06:44:43.728+0000] {processor.py:161} INFO - Started process (PID=4407) to work on /opt/airflow/dags/netflix_dag.py
[2026-09-07T06:44:43.730+0000] {processor.py:830} INFO - Processing file /opt/airflow/dags/netflix_dag.py for tasks to queue
[2026-09-07T06:44:43.733+0000] {logging_mixin.py:188} INFO - [2026-09-07T06:44:43.732+0000] {dagbag.py:545} INFO - Filling up the DagBag from /opt/airflow/dags/netflix_dag.py
[2026-09-07T06:44:43.754+0000] {processor.py:840} INFO - DAG(s) 'netflix_etl_pipeline' retrieved from /opt/airflow/dags/netflix_dag.py
[2026-09-07T06:44:43.789+0000] {logging_mixin.py:188} INFO - [2026-09-07T06:44:43.789+0000] {dag.py:3089} INFO - Sync 1 DAGs
[2026-09-07T06:44:43.815+0000] {logging_mixin.py:188} INFO - [2026-09-07T06:44:43.814+0000] {dag.py:3947} INFO - Setting next_dagrun for netflix_etl_pipeline to 2026-09-06 00:00:00+00:00, run_after=2026-09-07 00:00:00+00:00
[2026-09-07T06:44:43.838+0000] {processor.py:183} INFO - Processing /opt/airflow/dags/netflix_dag.py took 0.118 seconds
[2026-09-07T06:45:13.936+0000] {processor.py:161} INFO - Started process (PID=4418) to work on /opt/airflow/dags/netflix_dag.py
[2026-09-07T06:45:13.938+0000] {processor.py:830} INFO - Processing file /opt/airflow/dags/netflix_dag.py for tasks to queue
[2026-09-07T06:45:13.940+0000] {logging_mixin.py:188} INFO - [2026-09-07T06:45:13.940+0000] {dagbag.py:545} INFO - Filling up the DagBag from /opt/airflow/dags/netflix_dag.py
[2026-09-07T06:45:13.964+0000] {processor.py:840} INFO - DAG(s) 'netflix_etl_pipeline' retrieved from /opt/airflow/dags/netflix_dag.py
[2026-09-07T06:45:14.003+0000] {logging_mixin.py:188} INFO - [2026-09-07T06:45:14.002+0000] {dag.py:3089} INFO - Sync 1 DAGs
[2026-09-07T06:45:14.025+0000] {logging_mixin.py:188} INFO - [2026-09-07T06:45:14.025+0000] {dag.py:3947} INFO - Setting next_dagrun for netflix_etl_pipeline to 2026-09-06 00:00:00+00:00, run_after=2026-09-07 00:00:00+00:00
[2026-09-07T06:45:14.047+0000] {processor.py:183} INFO - Processing /opt/airflow/dags/netflix_dag.py took 0.117 seconds
[2026-09-07T06:45:44.334+0000] {processor.py:161} INFO - Started process (PID=4429) to work on /opt/airflow/dags/netflix_dag.py
[2026-09-07T06:45:44.336+0000] {processor.py:830} INFO - Processing file /opt/airflow/dags/netflix_dag.py for tasks to queue
[2026-09-07T06:45:44.339+0000] {logging_mixin.py:188} INFO - [2026-09-07T06:45:44.339+0000] {dagbag.py:545} INFO - Filling up the DagBag from /opt/airflow/dags/netflix_dag.py
[2026-09-07T06:45:44.367+0000] {processor.py:840} INFO - DAG(s) 'netflix_etl_pipeline' retrieved from /opt/airflow/dags/netflix_dag.py
[2026-09-07T06:45:44.410+0000] {logging_mixin.py:188} INFO - [2026-09-07T06:45:44.410+0000] {dag.py:3089} INFO - Sync 1 DAGs
[2026-09-07T06:45:44.435+0000] {logging_mixin.py:188} INFO - [2026-09-07T06:45:44.435+0000] {dag.py:3947} INFO - Setting next_dagrun for netflix_etl_pipeline to 2026-09-06 00:00:00+00:00, run_after=2026-09-07 00:00:00+00:00
[2026-09-07T06:45:44.465+0000] {processor.py:183} INFO - Processing /opt/airflow/dags/netflix_dag.py took 0.138 seconds
[2026-09-07T06:46:14.553+0000] {processor.py:161} INFO - Started process (PID=4440) to work on /opt/airflow/dags/netflix_dag.py
[2026-09-07T06:46:14.555+0000] {processor.py:830} INFO - Processing file /opt/airflow/dags/netflix_dag.py for tasks to queue
[2026-09-07T06:46:14.558+0000] {logging_mixin.py:188} INFO - [2026-09-07T06:46:14.557+0000] {dagbag.py:545} INFO - Filling up the DagBag from /opt/airflow/dags/netflix_dag.py
[2026-09-07T06:46:14.587+0000] {processor.py:840} INFO - DAG(s) 'netflix_etl_pipeline' retrieved from /opt/airflow/dags/netflix_dag.py
[2026-09-07T06:46:14.624+0000] {logging_mixin.py:188} INFO - [2026-09-07T06:46:14.624+0000] {dag.py:3089} INFO - Sync 1 DAGs
[2026-09-07T06:46:14.646+0000] {logging_mixin.py:188} INFO - [2026-09-07T06:46:14.646+0000] {dag.py:3947} INFO - Setting next_dagrun for netflix_etl_pipeline to 2026-09-06 00:00:00+00:00, run_after=2026-09-07 00:00:00+00:00
[2026-09-07T06:46:14.669+0000] {processor.py:183} INFO - Processing /opt/airflow/dags/netflix_dag.py took 0.123 seconds
[2026-09-07T06:46:44.877+0000] {processor.py:161} INFO - Started process (PID=4451) to work on /opt/airflow/dags/netflix_dag.py
[2026-09-07T06:46:44.879+0000] {processor.py:830} INFO - Processing file /opt/airflow/dags/netflix_dag.py for tasks to queue
[2026-09-07T06:46:44.881+0000] {logging_mixin.py:188} INFO - [2026-09-07T06:46:44.881+0000] {dagbag.py:545} INFO - Filling up the DagBag from /opt/airflow/dags/netflix_dag.py
[2026-09-07T06:46:44.919+0000] {processor.py:840} INFO - DAG(s) 'netflix_etl_pipeline' retrieved from /opt/airflow/dags/netflix_dag.py
[2026-09-07T06:46:44.962+0000] {logging_mixin.py:188} INFO - [2026-09-07T06:46:44.962+0000] {dag.py:3089} INFO - Sync 1 DAGs
[2026-09-07T06:46:44.986+0000] {logging_mixin.py:188} INFO - [2026-09-07T06:46:44.986+0000] {dag.py:3947} INFO - Setting next_dagrun for netflix_etl_pipeline to 2026-09-06 00:00:00+00:00, run_after=2026-09-07 00:00:00+00:00
[2026-09-07T06:46:45.008+0000] {processor.py:183} INFO - Processing /opt/airflow/dags/netflix_dag.py took 0.137 seconds
[2026-09-07T06:47:15.081+0000] {processor.py:161} INFO - Started process (PID=4462) to work on /opt/airflow/dags/netflix_dag.py
[2026-09-07T06:47:15.083+0000] {processor.py:830} INFO - Processing file /opt/airflow/dags/netflix_dag.py for tasks to queue
[2026-09-07T06:47:15.086+0000] {logging_mixin.py:188} INFO - [2026-09-07T06:47:15.085+0000] {dagbag.py:545} INFO - Filling up the DagBag from /opt/airflow/dags/netflix_dag.py
[2026-09-07T06:47:15.111+0000] {processor.py:840} INFO - DAG(s) 'netflix_etl_pipeline' retrieved from /opt/airflow/dags/netflix_dag.py
[2026-09-07T06:47:15.146+0000] {logging_mixin.py:188} INFO - [2026-09-07T06:47:15.146+0000] {dag.py:3089} INFO - Sync 1 DAGs
[2026-09-07T06:47:15.168+0000] {logging_mixin.py:188} INFO - [2026-09-07T06:47:15.168+0000] {dag.py:3947} INFO - Setting next_dagrun for netflix_etl_pipeline to 2026-09-06 00:00:00+00:00, run_after=2026-09-07 00:00:00+00:00
[2026-09-07T06:47:15.191+0000] {processor.py:183} INFO - Processing /opt/airflow/dags/netflix_dag.py took 0.117 seconds
[2026-09-07T06:47:45.500+0000] {processor.py:161} INFO - Started process (PID=4473) to work on /opt/airflow/dags/netflix_dag.py
[2026-09-07T06:47:45.502+0000] {processor.py:830} INFO - Processing file /opt/airflow/dags/netflix_dag.py for tasks to queue
[2026-09-07T06:47:45.505+0000] {logging_mixin.py:188} INFO - [2026-09-07T06:47:45.505+0000] {dagbag.py:545} INFO - Filling up the DagBag from /opt/airflow/dags/netflix_dag.py
[2026-09-07T06:47:45.540+0000] {processor.py:840} INFO - DAG(s) 'netflix_etl_pipeline' retrieved from /opt/airflow/dags/netflix_dag.py
[2026-09-07T06:47:45.575+0000] {logging_mixin.py:188} INFO - [2026-09-07T06:47:45.574+0000] {dag.py:3089} INFO - Sync 1 DAGs
[2026-09-07T06:47:45.597+0000] {logging_mixin.py:188} INFO - [2026-09-07T06:47:45.597+0000] {dag.py:3947} INFO - Setting next_dagrun for netflix_etl_pipeline to 2026-09-06 00:00:00+00:00, run_after=2026-09-07 00:00:00+00:00
[2026-09-07T06:47:45.618+0000] {processor.py:183} INFO - Processing /opt/airflow/dags/netflix_dag.py took 0.124 seconds
[2026-09-07T06:48:15.690+0000] {processor.py:161} INFO - Started process (PID=4484) to work on /opt/airflow/dags/netflix_dag.py
[2026-09-07T06:48:15.692+0000] {processor.py:830} INFO - Processing file /opt/airflow/dags/netflix_dag.py for tasks to queue
[2026-09-07T06:48:15.695+0000] {logging_mixin.py:188} INFO - [2026-09-07T06:48:15.694+0000] {dagbag.py:545} INFO - Filling up the DagBag from /opt/airflow/dags/netflix_dag.py
[2026-09-07T06:48:15.722+0000] {processor.py:840} INFO - DAG(s) 'netflix_etl_pipeline' retrieved from /opt/airflow/dags/netflix_dag.py
[2026-09-07T06:48:15.757+0000] {logging_mixin.py:188} INFO - [2026-09-07T06:48:15.757+0000] {dag.py:3089} INFO - Sync 1 DAGs
[2026-09-07T06:48:15.779+0000] {logging_mixin.py:188} INFO - [2026-09-07T06:48:15.779+0000] {dag.py:3947} INFO - Setting next_dagrun for netflix_etl_pipeline to 2026-09-06 00:00:00+00:00, run_after=2026-09-07 00:00:00+00:00
[2026-09-07T06:48:15.802+0000] {processor.py:183} INFO - Processing /opt/airflow/dags/netflix_dag.py took 0.120 seconds
[2026-09-07T06:48:46.003+0000] {processor.py:161} INFO - Started process (PID=4495) to work on /opt/airflow/dags/netflix_dag.py
[2026-09-07T06:48:46.005+0000] {processor.py:830} INFO - Processing file /opt/airflow/dags/netflix_dag.py for tasks to queue
[2026-09-07T06:48:46.007+0000] {logging_mixin.py:188} INFO - [2026-09-07T06:48:46.007+0000] {dagbag.py:545} INFO - Filling up the DagBag from /opt/airflow/dags/netflix_dag.py
[2026-09-07T06:48:46.079+0000] {processor.py:840} INFO - DAG(s) 'netflix_etl_pipeline' retrieved from /opt/airflow/dags/netflix_dag.py
[2026-09-07T06:48:46.129+0000] {logging_mixin.py:188} INFO - [2026-09-07T06:48:46.128+0000] {dag.py:3089} INFO - Sync 1 DAGs
[2026-09-07T06:48:46.150+0000] {logging_mixin.py:188} INFO - [2026-09-07T06:48:46.150+0000] {dag.py:3947} INFO - Setting next_dagrun for netflix_etl_pipeline to 2026-09-06 00:00:00+00:00, run_after=2026-09-07 00:00:00+00:00
[2026-09-07T06:48:46.171+0000] {processor.py:183} INFO - Processing /opt/airflow/dags/netflix_dag.py took 0.173 seconds
[2026-09-07T06:49:16.418+0000] {processor.py:161} INFO - Started process (PID=4506) to work on /opt/airflow/dags/netflix_dag.py
[2026-09-07T06:49:16.420+0000] {processor.py:830} INFO - Processing file /opt/airflow/dags/netflix_dag.py for tasks to queue
[2026-09-07T06:49:16.423+0000] {logging_mixin.py:188} INFO - [2026-09-07T06:49:16.423+0000] {dagbag.py:545} INFO - Filling up the DagBag from /opt/airflow/dags/netflix_dag.py
[2026-09-07T06:49:16.458+0000] {processor.py:840} INFO - DAG(s) 'netflix_etl_pipeline' retrieved from /opt/airflow/dags/netflix_dag.py
[2026-09-07T06:49:16.504+0000] {logging_mixin.py:188} INFO - [2026-09-07T06:49:16.504+0000] {dag.py:3089} INFO - Sync 1 DAGs
[2026-09-07T06:49:16.551+0000] {logging_mixin.py:188} INFO - [2026-09-07T06:49:16.551+0000] {dag.py:3947} INFO - Setting next_dagrun for netflix_etl_pipeline to 2026-09-06 00:00:00+00:00, run_after=2026-09-07 00:00:00+00:00
[2026-09-07T06:49:16.574+0000] {processor.py:183} INFO - Processing /opt/airflow/dags/netflix_dag.py took 0.163 seconds
[2026-09-07T06:49:46.780+0000] {processor.py:161} INFO - Started process (PID=4517) to work on /opt/airflow/dags/netflix_dag.py
[2026-09-07T06:49:46.782+0000] {processor.py:830} INFO - Processing file /opt/airflow/dags/netflix_dag.py for tasks to queue
[2026-09-07T06:49:46.785+0000] {logging_mixin.py:188} INFO - [2026-09-07T06:49:46.785+0000] {dagbag.py:545} INFO - Filling up the DagBag from /opt/airflow/dags/netflix_dag.py
[2026-09-07T06:49:46.812+0000] {processor.py:840} INFO - DAG(s) 'netflix_etl_pipeline' retrieved from /opt/airflow/dags/netflix_dag.py
[2026-09-07T06:49:46.849+0000] {logging_mixin.py:188} INFO - [2026-09-07T06:49:46.849+0000] {dag.py:3089} INFO - Sync 1 DAGs
[2026-09-07T06:49:46.871+0000] {logging_mixin.py:188} INFO - [2026-09-07T06:49:46.871+0000] {dag.py:3947} INFO - Setting next_dagrun for netflix_etl_pipeline to 2026-09-06 00:00:00+00:00, run_after=2026-09-07 00:00:00+00:00
[2026-09-07T06:49:46.894+0000] {processor.py:183} INFO - Processing /opt/airflow/dags/netflix_dag.py took 0.121 seconds
[2026-09-07T06:50:16.968+0000] {processor.py:161} INFO - Started process (PID=4528) to work on /opt/airflow/dags/netflix_dag.py
[2026-09-07T06:50:16.969+0000] {processor.py:830} INFO - Processing file /opt/airflow/dags/netflix_dag.py for tasks to queue
[2026-09-07T06:50:16.973+0000] {logging_mixin.py:188} INFO - [2026-09-07T06:50:16.973+0000] {dagbag.py:545} INFO - Filling up the DagBag from /opt/airflow/dags/netflix_dag.py
[2026-09-07T06:50:16.994+0000] {processor.py:840} INFO - DAG(s) 'netflix_etl_pipeline' retrieved from /opt/airflow/dags/netflix_dag.py
[2026-09-07T06:50:17.040+0000] {logging_mixin.py:188} INFO - [2026-09-07T06:50:17.039+0000] {dag.py:3089} INFO - Sync 1 DAGs
[2026-09-07T06:50:17.073+0000] {logging_mixin.py:188} INFO - [2026-09-07T06:50:17.073+0000] {dag.py:3947} INFO - Setting next_dagrun for netflix_etl_pipeline to 2026-09-06 00:00:00+00:00, run_after=2026-09-07 00:00:00+00:00
[2026-09-07T06:50:17.096+0000] {processor.py:183} INFO - Processing /opt/airflow/dags/netflix_dag.py took 0.137 seconds
[2026-09-07T06:50:47.281+0000] {processor.py:161} INFO - Started process (PID=4540) to work on /opt/airflow/dags/netflix_dag.py
[2026-09-07T06:50:47.283+0000] {processor.py:830} INFO - Processing file /opt/airflow/dags/netflix_dag.py for tasks to queue
[2026-09-07T06:50:47.286+0000] {logging_mixin.py:188} INFO - [2026-09-07T06:50:47.286+0000] {dagbag.py:545} INFO - Filling up the DagBag from /opt/airflow/dags/netflix_dag.py
[2026-09-07T06:50:47.310+0000] {processor.py:840} INFO - DAG(s) 'netflix_etl_pipeline' retrieved from /opt/airflow/dags/netflix_dag.py
[2026-09-07T06:50:47.349+0000] {logging_mixin.py:188} INFO - [2026-09-07T06:50:47.349+0000] {dag.py:3089} INFO - Sync 1 DAGs
[2026-09-07T06:50:47.377+0000] {logging_mixin.py:188} INFO - [2026-09-07T06:50:47.377+0000] {dag.py:3947} INFO - Setting next_dagrun for netflix_etl_pipeline to 2026-09-06 00:00:00+00:00, run_after=2026-09-07 00:00:00+00:00
[2026-09-07T06:50:47.403+0000] {processor.py:183} INFO - Processing /opt/airflow/dags/netflix_dag.py took 0.128 seconds
[2026-09-07T06:51:17.495+0000] {processor.py:161} INFO - Started process (PID=4551) to work on /opt/airflow/dags/netflix_dag.py
[2026-09-07T06:51:17.496+0000] {processor.py:830} INFO - Processing file /opt/airflow/dags/netflix_dag.py for tasks to queue
[2026-09-07T06:51:17.500+0000] {logging_mixin.py:188} INFO - [2026-09-07T06:51:17.500+0000] {dagbag.py:545} INFO - Filling up the DagBag from /opt/airflow/dags/netflix_dag.py
[2026-09-07T06:51:17.527+0000] {processor.py:840} INFO - DAG(s) 'netflix_etl_pipeline' retrieved from /opt/airflow/dags/netflix_dag.py
[2026-09-07T06:51:17.571+0000] {logging_mixin.py:188} INFO - [2026-09-07T06:51:17.571+0000] {dag.py:3089} INFO - Sync 1 DAGs
[2026-09-07T06:51:17.597+0000] {logging_mixin.py:188} INFO - [2026-09-07T06:51:17.596+0000] {dag.py:3947} INFO - Setting next_dagrun for netflix_etl_pipeline to 2026-09-06 00:00:00+00:00, run_after=2026-09-07 00:00:00+00:00
[2026-09-07T06:51:17.619+0000] {processor.py:183} INFO - Processing /opt/airflow/dags/netflix_dag.py took 0.132 seconds
[2026-09-07T06:51:47.802+0000] {processor.py:161} INFO - Started process (PID=4562) to work on /opt/airflow/dags/netflix_dag.py
[2026-09-07T06:51:47.804+0000] {processor.py:830} INFO - Processing file /opt/airflow/dags/netflix_dag.py for tasks to queue
[2026-09-07T06:51:47.807+0000] {logging_mixin.py:188} INFO - [2026-09-07T06:51:47.807+0000] {dagbag.py:545} INFO - Filling up the DagBag from /opt/airflow/dags/netflix_dag.py
[2026-09-07T06:51:47.833+0000] {processor.py:840} INFO - DAG(s) 'netflix_etl_pipeline' retrieved from /opt/airflow/dags/netflix_dag.py
[2026-09-07T06:51:47.866+0000] {logging_mixin.py:188} INFO - [2026-09-07T06:51:47.866+0000] {dag.py:3089} INFO - Sync 1 DAGs
[2026-09-07T06:51:47.887+0000] {logging_mixin.py:188} INFO - [2026-09-07T06:51:47.886+0000] {dag.py:3947} INFO - Setting next_dagrun for netflix_etl_pipeline to 2026-09-06 00:00:00+00:00, run_after=2026-09-07 00:00:00+00:00
[2026-09-07T06:51:47.908+0000] {processor.py:183} INFO - Processing /opt/airflow/dags/netflix_dag.py took 0.111 seconds
[2026-09-07T06:52:18.016+0000] {processor.py:161} INFO - Started process (PID=4574) to work on /opt/airflow/dags/netflix_dag.py
[2026-09-07T06:52:18.018+0000] {processor.py:830} INFO - Processing file /opt/airflow/dags/netflix_dag.py for tasks to queue
[2026-09-07T06:52:18.021+0000] {logging_mixin.py:188} INFO - [2026-09-07T06:52:18.020+0000] {dagbag.py:545} INFO - Filling up the DagBag from /opt/airflow/dags/netflix_dag.py
[2026-09-07T06:52:18.046+0000] {processor.py:840} INFO - DAG(s) 'netflix_etl_pipeline' retrieved from /opt/airflow/dags/netflix_dag.py
[2026-09-07T06:52:18.083+0000] {logging_mixin.py:188} INFO - [2026-09-07T06:52:18.082+0000] {dag.py:3089} INFO - Sync 1 DAGs
[2026-09-07T06:52:18.104+0000] {logging_mixin.py:188} INFO - [2026-09-07T06:52:18.104+0000] {dag.py:3947} INFO - Setting next_dagrun for netflix_etl_pipeline to 2026-09-06 00:00:00+00:00, run_after=2026-09-07 00:00:00+00:00
[2026-09-07T06:52:18.126+0000] {processor.py:183} INFO - Processing /opt/airflow/dags/netflix_dag.py took 0.117 seconds
[2026-09-07T06:52:48.301+0000] {processor.py:161} INFO - Started process (PID=4585) to work on /opt/airflow/dags/netflix_dag.py
[2026-09-07T06:52:48.303+0000] {processor.py:830} INFO - Processing file /opt/airflow/dags/netflix_dag.py for tasks to queue
[2026-09-07T06:52:48.306+0000] {logging_mixin.py:188} INFO - [2026-09-07T06:52:48.305+0000] {dagbag.py:545} INFO - Filling up the DagBag from /opt/airflow/dags/netflix_dag.py
[2026-09-07T06:52:48.328+0000] {processor.py:840} INFO - DAG(s) 'netflix_etl_pipeline' retrieved from /opt/airflow/dags/netflix_dag.py
[2026-09-07T06:52:48.364+0000] {logging_mixin.py:188} INFO - [2026-09-07T06:52:48.364+0000] {dag.py:3089} INFO - Sync 1 DAGs
[2026-09-07T06:52:48.386+0000] {logging_mixin.py:188} INFO - [2026-09-07T06:52:48.386+0000] {dag.py:3947} INFO - Setting next_dagrun for netflix_etl_pipeline to 2026-09-06 00:00:00+00:00, run_after=2026-09-07 00:00:00+00:00
[2026-09-07T06:52:48.408+0000] {processor.py:183} INFO - Processing /opt/airflow/dags/netflix_dag.py took 0.114 seconds
[2026-09-07T06:53:18.524+0000] {processor.py:161} INFO - Started process (PID=4597) to work on /opt/airflow/dags/netflix_dag.py
[2026-09-07T06:53:18.526+0000] {processor.py:830} INFO - Processing file /opt/airflow/dags/netflix_dag.py for tasks to queue
[2026-09-07T06:53:18.529+0000] {logging_mixin.py:188} INFO - [2026-09-07T06:53:18.528+0000] {dagbag.py:545} INFO - Filling up the DagBag from /opt/airflow/dags/netflix_dag.py
[2026-09-07T06:53:18.552+0000] {processor.py:840} INFO - DAG(s) 'netflix_etl_pipeline' retrieved from /opt/airflow/dags/netflix_dag.py
[2026-09-07T06:53:18.589+0000] {logging_mixin.py:188} INFO - [2026-09-07T06:53:18.588+0000] {dag.py:3089} INFO - Sync 1 DAGs
[2026-09-07T06:53:18.611+0000] {logging_mixin.py:188} INFO - [2026-09-07T06:53:18.610+0000] {dag.py:3947} INFO - Setting next_dagrun for netflix_etl_pipeline to 2026-09-06 00:00:00+00:00, run_after=2026-09-07 00:00:00+00:00
[2026-09-07T06:53:18.632+0000] {processor.py:183} INFO - Processing /opt/airflow/dags/netflix_dag.py took 0.114 seconds
[2026-09-07T06:53:48.809+0000] {processor.py:161} INFO - Started process (PID=4608) to work on /opt/airflow/dags/netflix_dag.py
[2026-09-07T06:53:48.810+0000] {processor.py:830} INFO - Processing file /opt/airflow/dags/netflix_dag.py for tasks to queue
[2026-09-07T06:53:48.813+0000] {logging_mixin.py:188} INFO - [2026-09-07T06:53:48.813+0000] {dagbag.py:545} INFO - Filling up the DagBag from /opt/airflow/dags/netflix_dag.py
[2026-09-07T06:53:48.839+0000] {processor.py:840} INFO - DAG(s) 'netflix_etl_pipeline' retrieved from /opt/airflow/dags/netflix_dag.py
[2026-09-07T06:53:48.875+0000] {logging_mixin.py:188} INFO - [2026-09-07T06:53:48.874+0000] {dag.py:3089} INFO - Sync 1 DAGs
[2026-09-07T06:53:48.899+0000] {logging_mixin.py:188} INFO - [2026-09-07T06:53:48.899+0000] {dag.py:3947} INFO - Setting next_dagrun for netflix_etl_pipeline to 2026-09-06 00:00:00+00:00, run_after=2026-09-07 00:00:00+00:00
[2026-09-07T06:53:48.921+0000] {processor.py:183} INFO - Processing /opt/airflow/dags/netflix_dag.py took 0.121 seconds
[2026-09-07T06:54:19.065+0000] {processor.py:161} INFO - Started process (PID=4619) to work on /opt/airflow/dags/netflix_dag.py
[2026-09-07T06:54:19.066+0000] {processor.py:830} INFO - Processing file /opt/airflow/dags/netflix_dag.py for tasks to queue
[2026-09-07T06:54:19.069+0000] {logging_mixin.py:188} INFO - [2026-09-07T06:54:19.069+0000] {dagbag.py:545} INFO - Filling up the DagBag from /opt/airflow/dags/netflix_dag.py
[2026-09-07T06:54:19.094+0000] {processor.py:840} INFO - DAG(s) 'netflix_etl_pipeline' retrieved from /opt/airflow/dags/netflix_dag.py
[2026-09-07T06:54:19.129+0000] {logging_mixin.py:188} INFO - [2026-09-07T06:54:19.129+0000] {dag.py:3089} INFO - Sync 1 DAGs
[2026-09-07T06:54:19.149+0000] {logging_mixin.py:188} INFO - [2026-09-07T06:54:19.149+0000] {dag.py:3947} INFO - Setting next_dagrun for netflix_etl_pipeline to 2026-09-06 00:00:00+00:00, run_after=2026-09-07 00:00:00+00:00
[2026-09-07T06:54:19.170+0000] {processor.py:183} INFO - Processing /opt/airflow/dags/netflix_dag.py took 0.111 seconds
[2026-09-07T06:54:49.306+0000] {processor.py:161} INFO - Started process (PID=4630) to work on /opt/airflow/dags/netflix_dag.py
[2026-09-07T06:54:49.308+0000] {processor.py:830} INFO - Processing file /opt/airflow/dags/netflix_dag.py for tasks to queue
[2026-09-07T06:54:49.311+0000] {logging_mixin.py:188} INFO - [2026-09-07T06:54:49.310+0000] {dagbag.py:545} INFO - Filling up the DagBag from /opt/airflow/dags/netflix_dag.py
[2026-09-07T06:54:49.336+0000] {processor.py:840} INFO - DAG(s) 'netflix_etl_pipeline' retrieved from /opt/airflow/dags/netflix_dag.py
[2026-09-07T06:54:49.369+0000] {logging_mixin.py:188} INFO - [2026-09-07T06:54:49.369+0000] {dag.py:3089} INFO - Sync 1 DAGs
[2026-09-07T06:54:49.389+0000] {logging_mixin.py:188} INFO - [2026-09-07T06:54:49.389+0000] {dag.py:3947} INFO - Setting next_dagrun for netflix_etl_pipeline to 2026-09-06 00:00:00+00:00, run_after=2026-09-07 00:00:00+00:00
[2026-09-07T06:54:49.410+0000] {processor.py:183} INFO - Processing /opt/airflow/dags/netflix_dag.py took 0.110 seconds
[2026-09-07T06:55:19.569+0000] {processor.py:161} INFO - Started process (PID=4641) to work on /opt/airflow/dags/netflix_dag.py
[2026-09-07T06:55:19.570+0000] {processor.py:830} INFO - Processing file /opt/airflow/dags/netflix_dag.py for tasks to queue
[2026-09-07T06:55:19.573+0000] {logging_mixin.py:188} INFO - [2026-09-07T06:55:19.572+0000] {dagbag.py:545} INFO - Filling up the DagBag from /opt/airflow/dags/netflix_dag.py
[2026-09-07T06:55:19.606+0000] {processor.py:840} INFO - DAG(s) 'netflix_etl_pipeline' retrieved from /opt/airflow/dags/netflix_dag.py
[2026-09-07T06:55:19.648+0000] {logging_mixin.py:188} INFO - [2026-09-07T06:55:19.648+0000] {dag.py:3089} INFO - Sync 1 DAGs
[2026-09-07T06:55:19.669+0000] {logging_mixin.py:188} INFO - [2026-09-07T06:55:19.669+0000] {dag.py:3947} INFO - Setting next_dagrun for netflix_etl_pipeline to 2026-09-06 00:00:00+00:00, run_after=2026-09-07 00:00:00+00:00
[2026-09-07T06:55:19.689+0000] {processor.py:183} INFO - Processing /opt/airflow/dags/netflix_dag.py took 0.126 seconds
[2026-09-07T06:55:49.855+0000] {processor.py:161} INFO - Started process (PID=4652) to work on /opt/airflow/dags/netflix_dag.py
[2026-09-07T06:55:49.858+0000] {processor.py:830} INFO - Processing file /opt/airflow/dags/netflix_dag.py for tasks to queue
[2026-09-07T06:55:49.864+0000] {logging_mixin.py:188} INFO - [2026-09-07T06:55:49.863+0000] {dagbag.py:545} INFO - Filling up the DagBag from /opt/airflow/dags/netflix_dag.py
[2026-09-07T06:55:49.914+0000] {processor.py:840} INFO - DAG(s) 'netflix_etl_pipeline' retrieved from /opt/airflow/dags/netflix_dag.py
[2026-09-07T06:55:49.983+0000] {logging_mixin.py:188} INFO - [2026-09-07T06:55:49.982+0000] {dag.py:3089} INFO - Sync 1 DAGs
[2026-09-07T06:55:50.027+0000] {logging_mixin.py:188} INFO - [2026-09-07T06:55:50.026+0000] {dag.py:3947} INFO - Setting next_dagrun for netflix_etl_pipeline to 2026-09-06 00:00:00+00:00, run_after=2026-09-07 00:00:00+00:00
[2026-09-07T06:55:50.066+0000] {processor.py:183} INFO - Processing /opt/airflow/dags/netflix_dag.py took 0.227 seconds
[2026-09-07T06:56:20.279+0000] {processor.py:161} INFO - Started process (PID=4663) to work on /opt/airflow/dags/netflix_dag.py
[2026-09-07T06:56:20.281+0000] {processor.py:830} INFO - Processing file /opt/airflow/dags/netflix_dag.py for tasks to queue
[2026-09-07T06:56:20.283+0000] {logging_mixin.py:188} INFO - [2026-09-07T06:56:20.283+0000] {dagbag.py:545} INFO - Filling up the DagBag from /opt/airflow/dags/netflix_dag.py
[2026-09-07T06:56:20.307+0000] {processor.py:840} INFO - DAG(s) 'netflix_etl_pipeline' retrieved from /opt/airflow/dags/netflix_dag.py
[2026-09-07T06:56:20.340+0000] {logging_mixin.py:188} INFO - [2026-09-07T06:56:20.340+0000] {dag.py:3089} INFO - Sync 1 DAGs
[2026-09-07T06:56:20.361+0000] {logging_mixin.py:188} INFO - [2026-09-07T06:56:20.361+0000] {dag.py:3947} INFO - Setting next_dagrun for netflix_etl_pipeline to 2026-09-06 00:00:00+00:00, run_after=2026-09-07 00:00:00+00:00
[2026-09-07T06:56:20.382+0000] {processor.py:183} INFO - Processing /opt/airflow/dags/netflix_dag.py took 0.108 seconds
[2026-09-07T06:56:50.464+0000] {processor.py:161} INFO - Started process (PID=4674) to work on /opt/airflow/dags/netflix_dag.py
[2026-09-07T06:56:50.465+0000] {processor.py:830} INFO - Processing file /opt/airflow/dags/netflix_dag.py for tasks to queue
[2026-09-07T06:56:50.468+0000] {logging_mixin.py:188} INFO - [2026-09-07T06:56:50.467+0000] {dagbag.py:545} INFO - Filling up the DagBag from /opt/airflow/dags/netflix_dag.py
[2026-09-07T06:56:50.488+0000] {processor.py:840} INFO - DAG(s) 'netflix_etl_pipeline' retrieved from /opt/airflow/dags/netflix_dag.py
[2026-09-07T06:56:50.526+0000] {logging_mixin.py:188} INFO - [2026-09-07T06:56:50.526+0000] {dag.py:3089} INFO - Sync 1 DAGs
[2026-09-07T06:56:50.553+0000] {logging_mixin.py:188} INFO - [2026-09-07T06:56:50.552+0000] {dag.py:3947} INFO - Setting next_dagrun for netflix_etl_pipeline to 2026-09-06 00:00:00+00:00, run_after=2026-09-07 00:00:00+00:00
[2026-09-07T06:56:50.574+0000] {processor.py:183} INFO - Processing /opt/airflow/dags/netflix_dag.py took 0.117 seconds
[2026-09-07T06:57:20.771+0000] {processor.py:161} INFO - Started process (PID=4685) to work on /opt/airflow/dags/netflix_dag.py
[2026-09-07T06:57:20.773+0000] {processor.py:830} INFO - Processing file /opt/airflow/dags/netflix_dag.py for tasks to queue
[2026-09-07T06:57:20.776+0000] {logging_mixin.py:188} INFO - [2026-09-07T06:57:20.775+0000] {dagbag.py:545} INFO - Filling up the DagBag from /opt/airflow/dags/netflix_dag.py
[2026-09-07T06:57:20.797+0000] {processor.py:840} INFO - DAG(s) 'netflix_etl_pipeline' retrieved from /opt/airflow/dags/netflix_dag.py
[2026-09-07T06:57:20.837+0000] {logging_mixin.py:188} INFO - [2026-09-07T06:57:20.837+0000] {dag.py:3089} INFO - Sync 1 DAGs
[2026-09-07T06:57:20.862+0000] {logging_mixin.py:188} INFO - [2026-09-07T06:57:20.862+0000] {dag.py:3947} INFO - Setting next_dagrun for netflix_etl_pipeline to 2026-09-06 00:00:00+00:00, run_after=2026-09-07 00:00:00+00:00
[2026-09-07T06:57:20.885+0000] {processor.py:183} INFO - Processing /opt/airflow/dags/netflix_dag.py took 0.120 seconds
[2026-09-07T06:57:50.970+0000] {processor.py:161} INFO - Started process (PID=4696) to work on /opt/airflow/dags/netflix_dag.py
[2026-09-07T06:57:50.972+0000] {processor.py:830} INFO - Processing file /opt/airflow/dags/netflix_dag.py for tasks to queue
[2026-09-07T06:57:50.975+0000] {logging_mixin.py:188} INFO - [2026-09-07T06:57:50.974+0000] {dagbag.py:545} INFO - Filling up the DagBag from /opt/airflow/dags/netflix_dag.py
[2026-09-07T06:57:51.000+0000] {processor.py:840} INFO - DAG(s) 'netflix_etl_pipeline' retrieved from /opt/airflow/dags/netflix_dag.py
[2026-09-07T06:57:51.035+0000] {logging_mixin.py:188} INFO - [2026-09-07T06:57:51.035+0000] {dag.py:3089} INFO - Sync 1 DAGs
[2026-09-07T06:57:51.059+0000] {logging_mixin.py:188} INFO - [2026-09-07T06:57:51.058+0000] {dag.py:3947} INFO - Setting next_dagrun for netflix_etl_pipeline to 2026-09-06 00:00:00+00:00, run_after=2026-09-07 00:00:00+00:00
[2026-09-07T06:57:51.079+0000] {processor.py:183} INFO - Processing /opt/airflow/dags/netflix_dag.py took 0.115 seconds
[2026-09-07T06:58:21.274+0000] {processor.py:161} INFO - Started process (PID=4707) to work on /opt/airflow/dags/netflix_dag.py
[2026-09-07T06:58:21.276+0000] {processor.py:830} INFO - Processing file /opt/airflow/dags/netflix_dag.py for tasks to queue
[2026-09-07T06:58:21.279+0000] {logging_mixin.py:188} INFO - [2026-09-07T06:58:21.279+0000] {dagbag.py:545} INFO - Filling up the DagBag from /opt/airflow/dags/netflix_dag.py
[2026-09-07T06:58:21.309+0000] {processor.py:840} INFO - DAG(s) 'netflix_etl_pipeline' retrieved from /opt/airflow/dags/netflix_dag.py
[2026-09-07T06:58:21.345+0000] {logging_mixin.py:188} INFO - [2026-09-07T06:58:21.345+0000] {dag.py:3089} INFO - Sync 1 DAGs
[2026-09-07T06:58:21.367+0000] {logging_mixin.py:188} INFO - [2026-09-07T06:58:21.366+0000] {dag.py:3947} INFO - Setting next_dagrun for netflix_etl_pipeline to 2026-09-06 00:00:00+00:00, run_after=2026-09-07 00:00:00+00:00
[2026-09-07T06:58:21.389+0000] {processor.py:183} INFO - Processing /opt/airflow/dags/netflix_dag.py took 0.121 seconds
[2026-09-07T06:58:51.489+0000] {processor.py:161} INFO - Started process (PID=4718) to work on /opt/airflow/dags/netflix_dag.py
[2026-09-07T06:58:51.491+0000] {processor.py:830} INFO - Processing file /opt/airflow/dags/netflix_dag.py for tasks to queue
[2026-09-07T06:58:51.494+0000] {logging_mixin.py:188} INFO - [2026-09-07T06:58:51.494+0000] {dagbag.py:545} INFO - Filling up the DagBag from /opt/airflow/dags/netflix_dag.py
[2026-09-07T06:58:51.521+0000] {processor.py:840} INFO - DAG(s) 'netflix_etl_pipeline' retrieved from /opt/airflow/dags/netflix_dag.py
[2026-09-07T06:58:51.560+0000] {logging_mixin.py:188} INFO - [2026-09-07T06:58:51.560+0000] {dag.py:3089} INFO - Sync 1 DAGs
[2026-09-07T06:58:51.583+0000] {logging_mixin.py:188} INFO - [2026-09-07T06:58:51.583+0000] {dag.py:3947} INFO - Setting next_dagrun for netflix_etl_pipeline to 2026-09-06 00:00:00+00:00, run_after=2026-09-07 00:00:00+00:00
[2026-09-07T06:58:51.605+0000] {processor.py:183} INFO - Processing /opt/airflow/dags/netflix_dag.py took 0.124 seconds
[2026-09-07T06:59:21.827+0000] {processor.py:161} INFO - Started process (PID=4729) to work on /opt/airflow/dags/netflix_dag.py
[2026-09-07T06:59:21.828+0000] {processor.py:830} INFO - Processing file /opt/airflow/dags/netflix_dag.py for tasks to queue
[2026-09-07T06:59:21.831+0000] {logging_mixin.py:188} INFO - [2026-09-07T06:59:21.831+0000] {dagbag.py:545} INFO - Filling up the DagBag from /opt/airflow/dags/netflix_dag.py
[2026-09-07T06:59:21.854+0000] {processor.py:840} INFO - DAG(s) 'netflix_etl_pipeline' retrieved from /opt/airflow/dags/netflix_dag.py
[2026-09-07T06:59:21.886+0000] {logging_mixin.py:188} INFO - [2026-09-07T06:59:21.886+0000] {dag.py:3089} INFO - Sync 1 DAGs
[2026-09-07T06:59:21.907+0000] {logging_mixin.py:188} INFO - [2026-09-07T06:59:21.907+0000] {dag.py:3947} INFO - Setting next_dagrun for netflix_etl_pipeline to 2026-09-06 00:00:00+00:00, run_after=2026-09-07 00:00:00+00:00
[2026-09-07T06:59:21.927+0000] {processor.py:183} INFO - Processing /opt/airflow/dags/netflix_dag.py took 0.106 seconds
[2026-09-07T06:59:52.028+0000] {processor.py:161} INFO - Started process (PID=4740) to work on /opt/airflow/dags/netflix_dag.py
[2026-09-07T06:59:52.030+0000] {processor.py:830} INFO - Processing file /opt/airflow/dags/netflix_dag.py for tasks to queue
[2026-09-07T06:59:52.033+0000] {logging_mixin.py:188} INFO - [2026-09-07T06:59:52.032+0000] {dagbag.py:545} INFO - Filling up the DagBag from /opt/airflow/dags/netflix_dag.py
[2026-09-07T06:59:52.056+0000] {processor.py:840} INFO - DAG(s) 'netflix_etl_pipeline' retrieved from /opt/airflow/dags/netflix_dag.py
[2026-09-07T06:59:52.091+0000] {logging_mixin.py:188} INFO - [2026-09-07T06:59:52.091+0000] {dag.py:3089} INFO - Sync 1 DAGs
[2026-09-07T06:59:52.113+0000] {logging_mixin.py:188} INFO - [2026-09-07T06:59:52.112+0000] {dag.py:3947} INFO - Setting next_dagrun for netflix_etl_pipeline to 2026-09-06 00:00:00+00:00, run_after=2026-09-07 00:00:00+00:00
[2026-09-07T06:59:52.134+0000] {processor.py:183} INFO - Processing /opt/airflow/dags/netflix_dag.py took 0.112 seconds
[2026-09-07T07:00:22.329+0000] {processor.py:161} INFO - Started process (PID=4751) to work on /opt/airflow/dags/netflix_dag.py
[2026-09-07T07:00:22.331+0000] {processor.py:830} INFO - Processing file /opt/airflow/dags/netflix_dag.py for tasks to queue
[2026-09-07T07:00:22.333+0000] {logging_mixin.py:188} INFO - [2026-09-07T07:00:22.333+0000] {dagbag.py:545} INFO - Filling up the DagBag from /opt/airflow/dags/netflix_dag.py
[2026-09-07T07:00:22.355+0000] {processor.py:840} INFO - DAG(s) 'netflix_etl_pipeline' retrieved from /opt/airflow/dags/netflix_dag.py
[2026-09-07T07:00:22.388+0000] {logging_mixin.py:188} INFO - [2026-09-07T07:00:22.388+0000] {dag.py:3089} INFO - Sync 1 DAGs
[2026-09-07T07:00:22.410+0000] {logging_mixin.py:188} INFO - [2026-09-07T07:00:22.410+0000] {dag.py:3947} INFO - Setting next_dagrun for netflix_etl_pipeline to 2026-09-06 00:00:00+00:00, run_after=2026-09-07 00:00:00+00:00
[2026-09-07T07:00:22.432+0000] {processor.py:183} INFO - Processing /opt/airflow/dags/netflix_dag.py took 0.108 seconds
[2026-09-07T07:00:52.537+0000] {processor.py:161} INFO - Started process (PID=4762) to work on /opt/airflow/dags/netflix_dag.py
[2026-09-07T07:00:52.539+0000] {processor.py:830} INFO - Processing file /opt/airflow/dags/netflix_dag.py for tasks to queue
[2026-09-07T07:00:52.542+0000] {logging_mixin.py:188} INFO - [2026-09-07T07:00:52.542+0000] {dagbag.py:545} INFO - Filling up the DagBag from /opt/airflow/dags/netflix_dag.py
[2026-09-07T07:00:52.565+0000] {processor.py:840} INFO - DAG(s) 'netflix_etl_pipeline' retrieved from /opt/airflow/dags/netflix_dag.py
[2026-09-07T07:00:52.601+0000] {logging_mixin.py:188} INFO - [2026-09-07T07:00:52.600+0000] {dag.py:3089} INFO - Sync 1 DAGs
[2026-09-07T07:00:52.622+0000] {logging_mixin.py:188} INFO - [2026-09-07T07:00:52.622+0000] {dag.py:3947} INFO - Setting next_dagrun for netflix_etl_pipeline to 2026-09-06 00:00:00+00:00, run_after=2026-09-07 00:00:00+00:00
[2026-09-07T07:00:52.645+0000] {processor.py:183} INFO - Processing /opt/airflow/dags/netflix_dag.py took 0.113 seconds
[2026-09-07T07:01:22.818+0000] {processor.py:161} INFO - Started process (PID=4773) to work on /opt/airflow/dags/netflix_dag.py
[2026-09-07T07:01:22.820+0000] {processor.py:830} INFO - Processing file /opt/airflow/dags/netflix_dag.py for tasks to queue
[2026-09-07T07:01:22.824+0000] {logging_mixin.py:188} INFO - [2026-09-07T07:01:22.823+0000] {dagbag.py:545} INFO - Filling up the DagBag from /opt/airflow/dags/netflix_dag.py
[2026-09-07T07:01:22.848+0000] {processor.py:840} INFO - DAG(s) 'netflix_etl_pipeline' retrieved from /opt/airflow/dags/netflix_dag.py
[2026-09-07T07:01:22.882+0000] {logging_mixin.py:188} INFO - [2026-09-07T07:01:22.881+0000] {dag.py:3089} INFO - Sync 1 DAGs
[2026-09-07T07:01:22.903+0000] {logging_mixin.py:188} INFO - [2026-09-07T07:01:22.903+0000] {dag.py:3947} INFO - Setting next_dagrun for netflix_etl_pipeline to 2026-09-06 00:00:00+00:00, run_after=2026-09-07 00:00:00+00:00
[2026-09-07T07:01:22.925+0000] {processor.py:183} INFO - Processing /opt/airflow/dags/netflix_dag.py took 0.113 seconds
[2026-09-07T07:01:53.028+0000] {processor.py:161} INFO - Started process (PID=4784) to work on /opt/airflow/dags/netflix_dag.py
[2026-09-07T07:01:53.030+0000] {processor.py:830} INFO - Processing file /opt/airflow/dags/netflix_dag.py for tasks to queue
[2026-09-07T07:01:53.033+0000] {logging_mixin.py:188} INFO - [2026-09-07T07:01:53.033+0000] {dagbag.py:545} INFO - Filling up the DagBag from /opt/airflow/dags/netflix_dag.py
[2026-09-07T07:01:53.060+0000] {processor.py:840} INFO - DAG(s) 'netflix_etl_pipeline' retrieved from /opt/airflow/dags/netflix_dag.py
[2026-09-07T07:01:53.101+0000] {logging_mixin.py:188} INFO - [2026-09-07T07:01:53.101+0000] {dag.py:3089} INFO - Sync 1 DAGs
[2026-09-07T07:01:53.124+0000] {logging_mixin.py:188} INFO - [2026-09-07T07:01:53.124+0000] {dag.py:3947} INFO - Setting next_dagrun for netflix_etl_pipeline to 2026-09-06 00:00:00+00:00, run_after=2026-09-07 00:00:00+00:00
[2026-09-07T07:01:53.147+0000] {processor.py:183} INFO - Processing /opt/airflow/dags/netflix_dag.py took 0.126 seconds
[2026-09-07T07:02:23.317+0000] {processor.py:161} INFO - Started process (PID=4795) to work on /opt/airflow/dags/netflix_dag.py
[2026-09-07T07:02:23.319+0000] {processor.py:830} INFO - Processing file /opt/airflow/dags/netflix_dag.py for tasks to queue
[2026-09-07T07:02:23.322+0000] {logging_mixin.py:188} INFO - [2026-09-07T07:02:23.322+0000] {dagbag.py:545} INFO - Filling up the DagBag from /opt/airflow/dags/netflix_dag.py
[2026-09-07T07:02:23.344+0000] {processor.py:840} INFO - DAG(s) 'netflix_etl_pipeline' retrieved from /opt/airflow/dags/netflix_dag.py
[2026-09-07T07:02:23.379+0000] {logging_mixin.py:188} INFO - [2026-09-07T07:02:23.379+0000] {dag.py:3089} INFO - Sync 1 DAGs
[2026-09-07T07:02:23.401+0000] {logging_mixin.py:188} INFO - [2026-09-07T07:02:23.401+0000] {dag.py:3947} INFO - Setting next_dagrun for netflix_etl_pipeline to 2026-09-06 00:00:00+00:00, run_after=2026-09-07 00:00:00+00:00
[2026-09-07T07:02:23.422+0000] {processor.py:183} INFO - Processing /opt/airflow/dags/netflix_dag.py took 0.113 seconds
[2026-09-07T07:02:53.529+0000] {processor.py:161} INFO - Started process (PID=4806) to work on /opt/airflow/dags/netflix_dag.py
[2026-09-07T07:02:53.530+0000] {processor.py:830} INFO - Processing file /opt/airflow/dags/netflix_dag.py for tasks to queue
[2026-09-07T07:02:53.533+0000] {logging_mixin.py:188} INFO - [2026-09-07T07:02:53.533+0000] {dagbag.py:545} INFO - Filling up the DagBag from /opt/airflow/dags/netflix_dag.py
[2026-09-07T07:02:53.559+0000] {processor.py:840} INFO - DAG(s) 'netflix_etl_pipeline' retrieved from /opt/airflow/dags/netflix_dag.py
[2026-09-07T07:02:53.596+0000] {logging_mixin.py:188} INFO - [2026-09-07T07:02:53.595+0000] {dag.py:3089} INFO - Sync 1 DAGs
[2026-09-07T07:02:53.617+0000] {logging_mixin.py:188} INFO - [2026-09-07T07:02:53.617+0000] {dag.py:3947} INFO - Setting next_dagrun for netflix_etl_pipeline to 2026-09-06 00:00:00+00:00, run_after=2026-09-07 00:00:00+00:00
[2026-09-07T07:02:53.639+0000] {processor.py:183} INFO - Processing /opt/airflow/dags/netflix_dag.py took 0.118 seconds
[2026-09-07T07:03:23.812+0000] {processor.py:161} INFO - Started process (PID=4817) to work on /opt/airflow/dags/netflix_dag.py
[2026-09-07T07:03:23.814+0000] {processor.py:830} INFO - Processing file /opt/airflow/dags/netflix_dag.py for tasks to queue
[2026-09-07T07:03:23.816+0000] {logging_mixin.py:188} INFO - [2026-09-07T07:03:23.816+0000] {dagbag.py:545} INFO - Filling up the DagBag from /opt/airflow/dags/netflix_dag.py
[2026-09-07T07:03:23.838+0000] {processor.py:840} INFO - DAG(s) 'netflix_etl_pipeline' retrieved from /opt/airflow/dags/netflix_dag.py
[2026-09-07T07:03:23.871+0000] {logging_mixin.py:188} INFO - [2026-09-07T07:03:23.871+0000] {dag.py:3089} INFO - Sync 1 DAGs
[2026-09-07T07:03:23.892+0000] {logging_mixin.py:188} INFO - [2026-09-07T07:03:23.892+0000] {dag.py:3947} INFO - Setting next_dagrun for netflix_etl_pipeline to 2026-09-06 00:00:00+00:00, run_after=2026-09-07 00:00:00+00:00
[2026-09-07T07:03:23.913+0000] {processor.py:183} INFO - Processing /opt/airflow/dags/netflix_dag.py took 0.106 seconds
[2026-09-07T07:03:54.022+0000] {processor.py:161} INFO - Started process (PID=4828) to work on /opt/airflow/dags/netflix_dag.py
[2026-09-07T07:03:54.024+0000] {processor.py:830} INFO - Processing file /opt/airflow/dags/netflix_dag.py for tasks to queue
[2026-09-07T07:03:54.026+0000] {logging_mixin.py:188} INFO - [2026-09-07T07:03:54.026+0000] {dagbag.py:545} INFO - Filling up the DagBag from /opt/airflow/dags/netflix_dag.py
[2026-09-07T07:03:54.052+0000] {processor.py:840} INFO - DAG(s) 'netflix_etl_pipeline' retrieved from /opt/airflow/dags/netflix_dag.py
[2026-09-07T07:03:54.087+0000] {logging_mixin.py:188} INFO - [2026-09-07T07:03:54.087+0000] {dag.py:3089} INFO - Sync 1 DAGs
[2026-09-07T07:03:54.107+0000] {logging_mixin.py:188} INFO - [2026-09-07T07:03:54.107+0000] {dag.py:3947} INFO - Setting next_dagrun for netflix_etl_pipeline to 2026-09-06 00:00:00+00:00, run_after=2026-09-07 00:00:00+00:00
[2026-09-07T07:03:54.128+0000] {processor.py:183} INFO - Processing /opt/airflow/dags/netflix_dag.py took 0.112 seconds
[2026-09-07T07:04:24.344+0000] {processor.py:161} INFO - Started process (PID=4839) to work on /opt/airflow/dags/netflix_dag.py
[2026-09-07T07:04:24.346+0000] {processor.py:830} INFO - Processing file /opt/airflow/dags/netflix_dag.py for tasks to queue
[2026-09-07T07:04:24.348+0000] {logging_mixin.py:188} INFO - [2026-09-07T07:04:24.348+0000] {dagbag.py:545} INFO - Filling up the DagBag from /opt/airflow/dags/netflix_dag.py
[2026-09-07T07:04:24.373+0000] {processor.py:840} INFO - DAG(s) 'netflix_etl_pipeline' retrieved from /opt/airflow/dags/netflix_dag.py
[2026-09-07T07:04:24.407+0000] {logging_mixin.py:188} INFO - [2026-09-07T07:04:24.407+0000] {dag.py:3089} INFO - Sync 1 DAGs
[2026-09-07T07:04:24.428+0000] {logging_mixin.py:188} INFO - [2026-09-07T07:04:24.428+0000] {dag.py:3947} INFO - Setting next_dagrun for netflix_etl_pipeline to 2026-09-06 00:00:00+00:00, run_after=2026-09-07 00:00:00+00:00
[2026-09-07T07:04:24.451+0000] {processor.py:183} INFO - Processing /opt/airflow/dags/netflix_dag.py took 0.114 seconds
[2026-09-07T07:04:54.547+0000] {processor.py:161} INFO - Started process (PID=4850) to work on /opt/airflow/dags/netflix_dag.py
[2026-09-07T07:04:54.549+0000] {processor.py:830} INFO - Processing file /opt/airflow/dags/netflix_dag.py for tasks to queue
[2026-09-07T07:04:54.551+0000] {logging_mixin.py:188} INFO - [2026-09-07T07:04:54.551+0000] {dagbag.py:545} INFO - Filling up the DagBag from /opt/airflow/dags/netflix_dag.py
[2026-09-07T07:04:54.576+0000] {processor.py:840} INFO - DAG(s) 'netflix_etl_pipeline' retrieved from /opt/airflow/dags/netflix_dag.py
[2026-09-07T07:04:54.612+0000] {logging_mixin.py:188} INFO - [2026-09-07T07:04:54.612+0000] {dag.py:3089} INFO - Sync 1 DAGs
[2026-09-07T07:04:54.636+0000] {logging_mixin.py:188} INFO - [2026-09-07T07:04:54.635+0000] {dag.py:3947} INFO - Setting next_dagrun for netflix_etl_pipeline to 2026-09-06 00:00:00+00:00, run_after=2026-09-07 00:00:00+00:00
[2026-09-07T07:04:54.657+0000] {processor.py:183} INFO - Processing /opt/airflow/dags/netflix_dag.py took 0.116 seconds
[2026-09-07T07:05:24.851+0000] {processor.py:161} INFO - Started process (PID=4861) to work on /opt/airflow/dags/netflix_dag.py
[2026-09-07T07:05:24.853+0000] {processor.py:830} INFO - Processing file /opt/airflow/dags/netflix_dag.py for tasks to queue
[2026-09-07T07:05:24.855+0000] {logging_mixin.py:188} INFO - [2026-09-07T07:05:24.855+0000] {dagbag.py:545} INFO - Filling up the DagBag from /opt/airflow/dags/netflix_dag.py
[2026-09-07T07:05:24.881+0000] {processor.py:840} INFO - DAG(s) 'netflix_etl_pipeline' retrieved from /opt/airflow/dags/netflix_dag.py
[2026-09-07T07:05:24.916+0000] {logging_mixin.py:188} INFO - [2026-09-07T07:05:24.915+0000] {dag.py:3089} INFO - Sync 1 DAGs
[2026-09-07T07:05:24.938+0000] {logging_mixin.py:188} INFO - [2026-09-07T07:05:24.938+0000] {dag.py:3947} INFO - Setting next_dagrun for netflix_etl_pipeline to 2026-09-06 00:00:00+00:00, run_after=2026-09-07 00:00:00+00:00
[2026-09-07T07:05:24.959+0000] {processor.py:183} INFO - Processing /opt/airflow/dags/netflix_dag.py took 0.115 seconds
[2026-09-07T07:05:55.060+0000] {processor.py:161} INFO - Started process (PID=4873) to work on /opt/airflow/dags/netflix_dag.py
[2026-09-07T07:05:55.061+0000] {processor.py:830} INFO - Processing file /opt/airflow/dags/netflix_dag.py for tasks to queue
[2026-09-07T07:05:55.064+0000] {logging_mixin.py:188} INFO - [2026-09-07T07:05:55.064+0000] {dagbag.py:545} INFO - Filling up the DagBag from /opt/airflow/dags/netflix_dag.py
[2026-09-07T07:05:55.091+0000] {processor.py:840} INFO - DAG(s) 'netflix_etl_pipeline' retrieved from /opt/airflow/dags/netflix_dag.py
[2026-09-07T07:05:55.127+0000] {logging_mixin.py:188} INFO - [2026-09-07T07:05:55.126+0000] {dag.py:3089} INFO - Sync 1 DAGs
[2026-09-07T07:05:55.150+0000] {logging_mixin.py:188} INFO - [2026-09-07T07:05:55.150+0000] {dag.py:3947} INFO - Setting next_dagrun for netflix_etl_pipeline to 2026-09-06 00:00:00+00:00, run_after=2026-09-07 00:00:00+00:00
[2026-09-07T07:05:55.172+0000] {processor.py:183} INFO - Processing /opt/airflow/dags/netflix_dag.py took 0.120 seconds
[2026-09-07T07:06:25.366+0000] {processor.py:161} INFO - Started process (PID=4884) to work on /opt/airflow/dags/netflix_dag.py
[2026-09-07T07:06:25.369+0000] {processor.py:830} INFO - Processing file /opt/airflow/dags/netflix_dag.py for tasks to queue
[2026-09-07T07:06:25.374+0000] {logging_mixin.py:188} INFO - [2026-09-07T07:06:25.374+0000] {dagbag.py:545} INFO - Filling up the DagBag from /opt/airflow/dags/netflix_dag.py
[2026-09-07T07:06:25.398+0000] {processor.py:840} INFO - DAG(s) 'netflix_etl_pipeline' retrieved from /opt/airflow/dags/netflix_dag.py
[2026-09-07T07:06:25.432+0000] {logging_mixin.py:188} INFO - [2026-09-07T07:06:25.431+0000] {dag.py:3089} INFO - Sync 1 DAGs
[2026-09-07T07:06:25.452+0000] {logging_mixin.py:188} INFO - [2026-09-07T07:06:25.452+0000] {dag.py:3947} INFO - Setting next_dagrun for netflix_etl_pipeline to 2026-09-06 00:00:00+00:00, run_after=2026-09-07 00:00:00+00:00
[2026-09-07T07:06:25.474+0000] {processor.py:183} INFO - Processing /opt/airflow/dags/netflix_dag.py took 0.116 seconds
[2026-09-07T07:06:55.574+0000] {processor.py:161} INFO - Started process (PID=4895) to work on /opt/airflow/dags/netflix_dag.py
[2026-09-07T07:06:55.576+0000] {processor.py:830} INFO - Processing file /opt/airflow/dags/netflix_dag.py for tasks to queue
[2026-09-07T07:06:55.579+0000] {logging_mixin.py:188} INFO - [2026-09-07T07:06:55.579+0000] {dagbag.py:545} INFO - Filling up the DagBag from /opt/airflow/dags/netflix_dag.py
[2026-09-07T07:06:55.616+0000] {processor.py:840} INFO - DAG(s) 'netflix_etl_pipeline' retrieved from /opt/airflow/dags/netflix_dag.py
[2026-09-07T07:06:55.656+0000] {logging_mixin.py:188} INFO - [2026-09-07T07:06:55.656+0000] {dag.py:3089} INFO - Sync 1 DAGs
[2026-09-07T07:06:55.678+0000] {logging_mixin.py:188} INFO - [2026-09-07T07:06:55.677+0000] {dag.py:3947} INFO - Setting next_dagrun for netflix_etl_pipeline to 2026-09-06 00:00:00+00:00, run_after=2026-09-07 00:00:00+00:00
[2026-09-07T07:06:55.698+0000] {processor.py:183} INFO - Processing /opt/airflow/dags/netflix_dag.py took 0.134 seconds
[2026-09-07T07:07:25.865+0000] {processor.py:161} INFO - Started process (PID=4906) to work on /opt/airflow/dags/netflix_dag.py
[2026-09-07T07:07:25.868+0000] {processor.py:830} INFO - Processing file /opt/airflow/dags/netflix_dag.py for tasks to queue
[2026-09-07T07:07:25.870+0000] {logging_mixin.py:188} INFO - [2026-09-07T07:07:25.870+0000] {dagbag.py:545} INFO - Filling up the DagBag from /opt/airflow/dags/netflix_dag.py
[2026-09-07T07:07:25.897+0000] {processor.py:840} INFO - DAG(s) 'netflix_etl_pipeline' retrieved from /opt/airflow/dags/netflix_dag.py
[2026-09-07T07:07:25.934+0000] {logging_mixin.py:188} INFO - [2026-09-07T07:07:25.934+0000] {dag.py:3089} INFO - Sync 1 DAGs
[2026-09-07T07:07:25.960+0000] {logging_mixin.py:188} INFO - [2026-09-07T07:07:25.959+0000] {dag.py:3947} INFO - Setting next_dagrun for netflix_etl_pipeline to 2026-09-06 00:00:00+00:00, run_after=2026-09-07 00:00:00+00:00
[2026-09-07T07:07:26.289+0000] {processor.py:183} INFO - Processing /opt/airflow/dags/netflix_dag.py took 0.432 seconds
[2026-09-07T07:07:56.501+0000] {processor.py:161} INFO - Started process (PID=4917) to work on /opt/airflow/dags/netflix_dag.py
[2026-09-07T07:07:56.503+0000] {processor.py:830} INFO - Processing file /opt/airflow/dags/netflix_dag.py for tasks to queue
[2026-09-07T07:07:56.506+0000] {logging_mixin.py:188} INFO - [2026-09-07T07:07:56.505+0000] {dagbag.py:545} INFO - Filling up the DagBag from /opt/airflow/dags/netflix_dag.py
[2026-09-07T07:07:56.531+0000] {processor.py:840} INFO - DAG(s) 'netflix_etl_pipeline' retrieved from /opt/airflow/dags/netflix_dag.py
[2026-09-07T07:07:56.567+0000] {logging_mixin.py:188} INFO - [2026-09-07T07:07:56.567+0000] {dag.py:3089} INFO - Sync 1 DAGs
[2026-09-07T07:07:56.590+0000] {logging_mixin.py:188} INFO - [2026-09-07T07:07:56.590+0000] {dag.py:3947} INFO - Setting next_dagrun for netflix_etl_pipeline to 2026-09-06 00:00:00+00:00, run_after=2026-09-07 00:00:00+00:00
[2026-09-07T07:07:56.612+0000] {processor.py:183} INFO - Processing /opt/airflow/dags/netflix_dag.py took 0.118 seconds
[2026-09-07T07:08:26.699+0000] {processor.py:161} INFO - Started process (PID=4928) to work on /opt/airflow/dags/netflix_dag.py
[2026-09-07T07:08:26.701+0000] {processor.py:830} INFO - Processing file /opt/airflow/dags/netflix_dag.py for tasks to queue
[2026-09-07T07:08:26.704+0000] {logging_mixin.py:188} INFO - [2026-09-07T07:08:26.703+0000] {dagbag.py:545} INFO - Filling up the DagBag from /opt/airflow/dags/netflix_dag.py
[2026-09-07T07:08:26.728+0000] {processor.py:840} INFO - DAG(s) 'netflix_etl_pipeline' retrieved from /opt/airflow/dags/netflix_dag.py
[2026-09-07T07:08:26.764+0000] {logging_mixin.py:188} INFO - [2026-09-07T07:08:26.764+0000] {dag.py:3089} INFO - Sync 1 DAGs
[2026-09-07T07:08:26.787+0000] {logging_mixin.py:188} INFO - [2026-09-07T07:08:26.787+0000] {dag.py:3947} INFO - Setting next_dagrun for netflix_etl_pipeline to 2026-09-06 00:00:00+00:00, run_after=2026-09-07 00:00:00+00:00
[2026-09-07T07:08:26.810+0000] {processor.py:183} INFO - Processing /opt/airflow/dags/netflix_dag.py took 0.119 seconds
[2026-09-07T07:08:57.007+0000] {processor.py:161} INFO - Started process (PID=4940) to work on /opt/airflow/dags/netflix_dag.py
[2026-09-07T07:08:57.009+0000] {processor.py:830} INFO - Processing file /opt/airflow/dags/netflix_dag.py for tasks to queue
[2026-09-07T07:08:57.013+0000] {logging_mixin.py:188} INFO - [2026-09-07T07:08:57.013+0000] {dagbag.py:545} INFO - Filling up the DagBag from /opt/airflow/dags/netflix_dag.py
[2026-09-07T07:08:57.036+0000] {processor.py:840} INFO - DAG(s) 'netflix_etl_pipeline' retrieved from /opt/airflow/dags/netflix_dag.py
[2026-09-07T07:08:57.080+0000] {logging_mixin.py:188} INFO - [2026-09-07T07:08:57.080+0000] {dag.py:3089} INFO - Sync 1 DAGs
[2026-09-07T07:08:57.109+0000] {logging_mixin.py:188} INFO - [2026-09-07T07:08:57.109+0000] {dag.py:3947} INFO - Setting next_dagrun for netflix_etl_pipeline to 2026-09-06 00:00:00+00:00, run_after=2026-09-07 00:00:00+00:00
[2026-09-07T07:08:57.131+0000] {processor.py:183} INFO - Processing /opt/airflow/dags/netflix_dag.py took 0.131 seconds
[2026-09-07T07:09:27.211+0000] {processor.py:161} INFO - Started process (PID=4951) to work on /opt/airflow/dags/netflix_dag.py
[2026-09-07T07:09:27.212+0000] {processor.py:830} INFO - Processing file /opt/airflow/dags/netflix_dag.py for tasks to queue
[2026-09-07T07:09:27.217+0000] {logging_mixin.py:188} INFO - [2026-09-07T07:09:27.217+0000] {dagbag.py:545} INFO - Filling up the DagBag from /opt/airflow/dags/netflix_dag.py
[2026-09-07T07:09:27.238+0000] {processor.py:840} INFO - DAG(s) 'netflix_etl_pipeline' retrieved from /opt/airflow/dags/netflix_dag.py
[2026-09-07T07:09:27.282+0000] {logging_mixin.py:188} INFO - [2026-09-07T07:09:27.282+0000] {dag.py:3089} INFO - Sync 1 DAGs
[2026-09-07T07:09:27.310+0000] {logging_mixin.py:188} INFO - [2026-09-07T07:09:27.309+0000] {dag.py:3947} INFO - Setting next_dagrun for netflix_etl_pipeline to 2026-09-06 00:00:00+00:00, run_after=2026-09-07 00:00:00+00:00
[2026-09-07T07:09:27.335+0000] {processor.py:183} INFO - Processing /opt/airflow/dags/netflix_dag.py took 0.133 seconds
[2026-09-07T07:09:57.555+0000] {processor.py:161} INFO - Started process (PID=4962) to work on /opt/airflow/dags/netflix_dag.py
[2026-09-07T07:09:57.557+0000] {processor.py:830} INFO - Processing file /opt/airflow/dags/netflix_dag.py for tasks to queue
[2026-09-07T07:09:57.560+0000] {logging_mixin.py:188} INFO - [2026-09-07T07:09:57.560+0000] {dagbag.py:545} INFO - Filling up the DagBag from /opt/airflow/dags/netflix_dag.py
[2026-09-07T07:09:57.587+0000] {processor.py:840} INFO - DAG(s) 'netflix_etl_pipeline' retrieved from /opt/airflow/dags/netflix_dag.py
[2026-09-07T07:09:57.622+0000] {logging_mixin.py:188} INFO - [2026-09-07T07:09:57.622+0000] {dag.py:3089} INFO - Sync 1 DAGs
[2026-09-07T07:09:57.644+0000] {logging_mixin.py:188} INFO - [2026-09-07T07:09:57.644+0000] {dag.py:3947} INFO - Setting next_dagrun for netflix_etl_pipeline to 2026-09-06 00:00:00+00:00, run_after=2026-09-07 00:00:00+00:00
[2026-09-07T07:09:57.667+0000] {processor.py:183} INFO - Processing /opt/airflow/dags/netflix_dag.py took 0.118 seconds
[2026-09-07T07:10:27.759+0000] {processor.py:161} INFO - Started process (PID=4973) to work on /opt/airflow/dags/netflix_dag.py
[2026-09-07T07:10:27.761+0000] {processor.py:830} INFO - Processing file /opt/airflow/dags/netflix_dag.py for tasks to queue
[2026-09-07T07:10:27.763+0000] {logging_mixin.py:188} INFO - [2026-09-07T07:10:27.763+0000] {dagbag.py:545} INFO - Filling up the DagBag from /opt/airflow/dags/netflix_dag.py
[2026-09-07T07:10:27.788+0000] {processor.py:840} INFO - DAG(s) 'netflix_etl_pipeline' retrieved from /opt/airflow/dags/netflix_dag.py
[2026-09-07T07:10:27.823+0000] {logging_mixin.py:188} INFO - [2026-09-07T07:10:27.823+0000] {dag.py:3089} INFO - Sync 1 DAGs
[2026-09-07T07:10:27.846+0000] {logging_mixin.py:188} INFO - [2026-09-07T07:10:27.846+0000] {dag.py:3947} INFO - Setting next_dagrun for netflix_etl_pipeline to 2026-09-06 00:00:00+00:00, run_after=2026-09-07 00:00:00+00:00
[2026-09-07T07:10:27.871+0000] {processor.py:183} INFO - Processing /opt/airflow/dags/netflix_dag.py took 0.118 seconds
[2026-09-07T07:10:58.055+0000] {processor.py:161} INFO - Started process (PID=4990) to work on /opt/airflow/dags/netflix_dag.py
[2026-09-07T07:10:58.056+0000] {processor.py:830} INFO - Processing file /opt/airflow/dags/netflix_dag.py for tasks to queue
[2026-09-07T07:10:58.060+0000] {logging_mixin.py:188} INFO - [2026-09-07T07:10:58.059+0000] {dagbag.py:545} INFO - Filling up the DagBag from /opt/airflow/dags/netflix_dag.py
[2026-09-07T07:10:58.085+0000] {processor.py:840} INFO - DAG(s) 'netflix_etl_pipeline' retrieved from /opt/airflow/dags/netflix_dag.py
[2026-09-07T07:10:58.120+0000] {logging_mixin.py:188} INFO - [2026-09-07T07:10:58.120+0000] {dag.py:3089} INFO - Sync 1 DAGs
[2026-09-07T07:10:58.142+0000] {logging_mixin.py:188} INFO - [2026-09-07T07:10:58.142+0000] {dag.py:3947} INFO - Setting next_dagrun for netflix_etl_pipeline to 2026-09-06 00:00:00+00:00, run_after=2026-09-07 00:00:00+00:00
[2026-09-07T07:10:58.164+0000] {processor.py:183} INFO - Processing /opt/airflow/dags/netflix_dag.py took 0.116 seconds
[2026-09-07T07:11:28.248+0000] {processor.py:161} INFO - Started process (PID=5002) to work on /opt/airflow/dags/netflix_dag.py
[2026-09-07T07:11:28.249+0000] {processor.py:830} INFO - Processing file /opt/airflow/dags/netflix_dag.py for tasks to queue
[2026-09-07T07:11:28.252+0000] {logging_mixin.py:188} INFO - [2026-09-07T07:11:28.252+0000] {dagbag.py:545} INFO - Filling up the DagBag from /opt/airflow/dags/netflix_dag.py
[2026-09-07T07:11:28.274+0000] {processor.py:840} INFO - DAG(s) 'netflix_etl_pipeline' retrieved from /opt/airflow/dags/netflix_dag.py
[2026-09-07T07:11:28.311+0000] {logging_mixin.py:188} INFO - [2026-09-07T07:11:28.311+0000] {dag.py:3089} INFO - Sync 1 DAGs
[2026-09-07T07:11:28.334+0000] {logging_mixin.py:188} INFO - [2026-09-07T07:11:28.334+0000] {dag.py:3947} INFO - Setting next_dagrun for netflix_etl_pipeline to 2026-09-06 00:00:00+00:00, run_after=2026-09-07 00:00:00+00:00
[2026-09-07T07:11:28.355+0000] {processor.py:183} INFO - Processing /opt/airflow/dags/netflix_dag.py took 0.114 seconds
[2026-09-07T07:11:58.543+0000] {processor.py:161} INFO - Started process (PID=5013) to work on /opt/airflow/dags/netflix_dag.py
[2026-09-07T07:11:58.544+0000] {processor.py:830} INFO - Processing file /opt/airflow/dags/netflix_dag.py for tasks to queue
[2026-09-07T07:11:58.548+0000] {logging_mixin.py:188} INFO - [2026-09-07T07:11:58.547+0000] {dagbag.py:545} INFO - Filling up the DagBag from /opt/airflow/dags/netflix_dag.py
[2026-09-07T07:11:58.571+0000] {processor.py:840} INFO - DAG(s) 'netflix_etl_pipeline' retrieved from /opt/airflow/dags/netflix_dag.py
[2026-09-07T07:11:58.608+0000] {logging_mixin.py:188} INFO - [2026-09-07T07:11:58.608+0000] {dag.py:3089} INFO - Sync 1 DAGs
[2026-09-07T07:11:58.633+0000] {logging_mixin.py:188} INFO - [2026-09-07T07:11:58.633+0000] {dag.py:3947} INFO - Setting next_dagrun for netflix_etl_pipeline to 2026-09-06 00:00:00+00:00, run_after=2026-09-07 00:00:00+00:00
[2026-09-07T07:11:58.655+0000] {processor.py:183} INFO - Processing /opt/airflow/dags/netflix_dag.py took 0.119 seconds
[2026-09-07T07:12:28.740+0000] {processor.py:161} INFO - Started process (PID=5024) to work on /opt/airflow/dags/netflix_dag.py
[2026-09-07T07:12:28.741+0000] {processor.py:830} INFO - Processing file /opt/airflow/dags/netflix_dag.py for tasks to queue
[2026-09-07T07:12:28.745+0000] {logging_mixin.py:188} INFO - [2026-09-07T07:12:28.744+0000] {dagbag.py:545} INFO - Filling up the DagBag from /opt/airflow/dags/netflix_dag.py
[2026-09-07T07:12:28.772+0000] {processor.py:840} INFO - DAG(s) 'netflix_etl_pipeline' retrieved from /opt/airflow/dags/netflix_dag.py
[2026-09-07T07:12:28.808+0000] {logging_mixin.py:188} INFO - [2026-09-07T07:12:28.808+0000] {dag.py:3089} INFO - Sync 1 DAGs
[2026-09-07T07:12:28.831+0000] {logging_mixin.py:188} INFO - [2026-09-07T07:12:28.831+0000] {dag.py:3947} INFO - Setting next_dagrun for netflix_etl_pipeline to 2026-09-06 00:00:00+00:00, run_after=2026-09-07 00:00:00+00:00
[2026-09-07T07:12:28.854+0000] {processor.py:183} INFO - Processing /opt/airflow/dags/netflix_dag.py took 0.120 seconds
[2026-09-07T07:12:59.043+0000] {processor.py:161} INFO - Started process (PID=5035) to work on /opt/airflow/dags/netflix_dag.py
[2026-09-07T07:12:59.045+0000] {processor.py:830} INFO - Processing file /opt/airflow/dags/netflix_dag.py for tasks to queue
[2026-09-07T07:12:59.049+0000] {logging_mixin.py:188} INFO - [2026-09-07T07:12:59.049+0000] {dagbag.py:545} INFO - Filling up the DagBag from /opt/airflow/dags/netflix_dag.py
[2026-09-07T07:12:59.074+0000] {processor.py:840} INFO - DAG(s) 'netflix_etl_pipeline' retrieved from /opt/airflow/dags/netflix_dag.py
[2026-09-07T07:12:59.109+0000] {logging_mixin.py:188} INFO - [2026-09-07T07:12:59.109+0000] {dag.py:3089} INFO - Sync 1 DAGs
[2026-09-07T07:12:59.130+0000] {logging_mixin.py:188} INFO - [2026-09-07T07:12:59.130+0000] {dag.py:3947} INFO - Setting next_dagrun for netflix_etl_pipeline to 2026-09-06 00:00:00+00:00, run_after=2026-09-07 00:00:00+00:00
[2026-09-07T07:12:59.153+0000] {processor.py:183} INFO - Processing /opt/airflow/dags/netflix_dag.py took 0.116 seconds
[2026-09-07T07:13:29.242+0000] {processor.py:161} INFO - Started process (PID=5046) to work on /opt/airflow/dags/netflix_dag.py
[2026-09-07T07:13:29.243+0000] {processor.py:830} INFO - Processing file /opt/airflow/dags/netflix_dag.py for tasks to queue
[2026-09-07T07:13:29.246+0000] {logging_mixin.py:188} INFO - [2026-09-07T07:13:29.246+0000] {dagbag.py:545} INFO - Filling up the DagBag from /opt/airflow/dags/netflix_dag.py
[2026-09-07T07:13:29.273+0000] {processor.py:840} INFO - DAG(s) 'netflix_etl_pipeline' retrieved from /opt/airflow/dags/netflix_dag.py
[2026-09-07T07:13:29.309+0000] {logging_mixin.py:188} INFO - [2026-09-07T07:13:29.309+0000] {dag.py:3089} INFO - Sync 1 DAGs
[2026-09-07T07:13:29.332+0000] {logging_mixin.py:188} INFO - [2026-09-07T07:13:29.331+0000] {dag.py:3947} INFO - Setting next_dagrun for netflix_etl_pipeline to 2026-09-06 00:00:00+00:00, run_after=2026-09-07 00:00:00+00:00
[2026-09-07T07:13:29.355+0000] {processor.py:183} INFO - Processing /opt/airflow/dags/netflix_dag.py took 0.119 seconds
[2026-09-07T07:13:59.574+0000] {processor.py:161} INFO - Started process (PID=5057) to work on /opt/airflow/dags/netflix_dag.py
[2026-09-07T07:13:59.576+0000] {processor.py:830} INFO - Processing file /opt/airflow/dags/netflix_dag.py for tasks to queue
[2026-09-07T07:13:59.579+0000] {logging_mixin.py:188} INFO - [2026-09-07T07:13:59.578+0000] {dagbag.py:545} INFO - Filling up the DagBag from /opt/airflow/dags/netflix_dag.py
[2026-09-07T07:13:59.604+0000] {processor.py:840} INFO - DAG(s) 'netflix_etl_pipeline' retrieved from /opt/airflow/dags/netflix_dag.py
[2026-09-07T07:13:59.638+0000] {logging_mixin.py:188} INFO - [2026-09-07T07:13:59.638+0000] {dag.py:3089} INFO - Sync 1 DAGs
[2026-09-07T07:13:59.660+0000] {logging_mixin.py:188} INFO - [2026-09-07T07:13:59.660+0000] {dag.py:3947} INFO - Setting next_dagrun for netflix_etl_pipeline to 2026-09-06 00:00:00+00:00, run_after=2026-09-07 00:00:00+00:00
[2026-09-07T07:13:59.682+0000] {processor.py:183} INFO - Processing /opt/airflow/dags/netflix_dag.py took 0.115 seconds
[2026-09-07T07:14:29.772+0000] {processor.py:161} INFO - Started process (PID=5068) to work on /opt/airflow/dags/netflix_dag.py
[2026-09-07T07:14:29.774+0000] {processor.py:830} INFO - Processing file /opt/airflow/dags/netflix_dag.py for tasks to queue
[2026-09-07T07:14:29.776+0000] {logging_mixin.py:188} INFO - [2026-09-07T07:14:29.776+0000] {dagbag.py:545} INFO - Filling up the DagBag from /opt/airflow/dags/netflix_dag.py
[2026-09-07T07:14:29.797+0000] {processor.py:840} INFO - DAG(s) 'netflix_etl_pipeline' retrieved from /opt/airflow/dags/netflix_dag.py
[2026-09-07T07:14:29.832+0000] {logging_mixin.py:188} INFO - [2026-09-07T07:14:29.831+0000] {dag.py:3089} INFO - Sync 1 DAGs
[2026-09-07T07:14:29.854+0000] {logging_mixin.py:188} INFO - [2026-09-07T07:14:29.854+0000] {dag.py:3947} INFO - Setting next_dagrun for netflix_etl_pipeline to 2026-09-06 00:00:00+00:00, run_after=2026-09-07 00:00:00+00:00
[2026-09-07T07:14:29.876+0000] {processor.py:183} INFO - Processing /opt/airflow/dags/netflix_dag.py took 0.110 seconds
[2026-09-07T07:15:00.079+0000] {processor.py:161} INFO - Started process (PID=5079) to work on /opt/airflow/dags/netflix_dag.py
[2026-09-07T07:15:00.081+0000] {processor.py:830} INFO - Processing file /opt/airflow/dags/netflix_dag.py for tasks to queue
[2026-09-07T07:15:00.083+0000] {logging_mixin.py:188} INFO - [2026-09-07T07:15:00.083+0000] {dagbag.py:545} INFO - Filling up the DagBag from /opt/airflow/dags/netflix_dag.py
[2026-09-07T07:15:00.110+0000] {processor.py:840} INFO - DAG(s) 'netflix_etl_pipeline' retrieved from /opt/airflow/dags/netflix_dag.py
[2026-09-07T07:15:00.144+0000] {logging_mixin.py:188} INFO - [2026-09-07T07:15:00.144+0000] {dag.py:3089} INFO - Sync 1 DAGs
[2026-09-07T07:15:00.166+0000] {logging_mixin.py:188} INFO - [2026-09-07T07:15:00.166+0000] {dag.py:3947} INFO - Setting next_dagrun for netflix_etl_pipeline to 2026-09-06 00:00:00+00:00, run_after=2026-09-07 00:00:00+00:00
[2026-09-07T07:15:00.188+0000] {processor.py:183} INFO - Processing /opt/airflow/dags/netflix_dag.py took 0.116 seconds
[2026-09-07T07:15:30.280+0000] {processor.py:161} INFO - Started process (PID=5090) to work on /opt/airflow/dags/netflix_dag.py
[2026-09-07T07:15:30.281+0000] {processor.py:830} INFO - Processing file /opt/airflow/dags/netflix_dag.py for tasks to queue
[2026-09-07T07:15:30.284+0000] {logging_mixin.py:188} INFO - [2026-09-07T07:15:30.284+0000] {dagbag.py:545} INFO - Filling up the DagBag from /opt/airflow/dags/netflix_dag.py
[2026-09-07T07:15:30.310+0000] {processor.py:840} INFO - DAG(s) 'netflix_etl_pipeline' retrieved from /opt/airflow/dags/netflix_dag.py
[2026-09-07T07:15:30.345+0000] {logging_mixin.py:188} INFO - [2026-09-07T07:15:30.345+0000] {dag.py:3089} INFO - Sync 1 DAGs
[2026-09-07T07:15:30.371+0000] {logging_mixin.py:188} INFO - [2026-09-07T07:15:30.370+0000] {dag.py:3947} INFO - Setting next_dagrun for netflix_etl_pipeline to 2026-09-06 00:00:00+00:00, run_after=2026-09-07 00:00:00+00:00
[2026-09-07T07:15:30.391+0000] {processor.py:183} INFO - Processing /opt/airflow/dags/netflix_dag.py took 0.117 seconds
[2026-09-07T07:16:00.582+0000] {processor.py:161} INFO - Started process (PID=5101) to work on /opt/airflow/dags/netflix_dag.py
[2026-09-07T07:16:00.584+0000] {processor.py:830} INFO - Processing file /opt/airflow/dags/netflix_dag.py for tasks to queue
[2026-09-07T07:16:00.587+0000] {logging_mixin.py:188} INFO - [2026-09-07T07:16:00.586+0000] {dagbag.py:545} INFO - Filling up the DagBag from /opt/airflow/dags/netflix_dag.py
[2026-09-07T07:16:00.608+0000] {processor.py:840} INFO - DAG(s) 'netflix_etl_pipeline' retrieved from /opt/airflow/dags/netflix_dag.py
[2026-09-07T07:16:00.640+0000] {logging_mixin.py:188} INFO - [2026-09-07T07:16:00.640+0000] {dag.py:3089} INFO - Sync 1 DAGs
[2026-09-07T07:16:00.661+0000] {logging_mixin.py:188} INFO - [2026-09-07T07:16:00.661+0000] {dag.py:3947} INFO - Setting next_dagrun for netflix_etl_pipeline to 2026-09-06 00:00:00+00:00, run_after=2026-09-07 00:00:00+00:00
[2026-09-07T07:16:00.682+0000] {processor.py:183} INFO - Processing /opt/airflow/dags/netflix_dag.py took 0.106 seconds
[2026-09-07T07:16:30.797+0000] {processor.py:161} INFO - Started process (PID=5112) to work on /opt/airflow/dags/netflix_dag.py
[2026-09-07T07:16:30.799+0000] {processor.py:830} INFO - Processing file /opt/airflow/dags/netflix_dag.py for tasks to queue
[2026-09-07T07:16:30.801+0000] {logging_mixin.py:188} INFO - [2026-09-07T07:16:30.801+0000] {dagbag.py:545} INFO - Filling up the DagBag from /opt/airflow/dags/netflix_dag.py
[2026-09-07T07:16:30.826+0000] {processor.py:840} INFO - DAG(s) 'netflix_etl_pipeline' retrieved from /opt/airflow/dags/netflix_dag.py
[2026-09-07T07:16:30.867+0000] {logging_mixin.py:188} INFO - [2026-09-07T07:16:30.867+0000] {dag.py:3089} INFO - Sync 1 DAGs
[2026-09-07T07:16:30.888+0000] {logging_mixin.py:188} INFO - [2026-09-07T07:16:30.888+0000] {dag.py:3947} INFO - Setting next_dagrun for netflix_etl_pipeline to 2026-09-06 00:00:00+00:00, run_after=2026-09-07 00:00:00+00:00
[2026-09-07T07:16:30.911+0000] {processor.py:183} INFO - Processing /opt/airflow/dags/netflix_dag.py took 0.122 seconds
[2026-09-07T07:17:01.081+0000] {processor.py:161} INFO - Started process (PID=5123) to work on /opt/airflow/dags/netflix_dag.py
[2026-09-07T07:17:01.083+0000] {processor.py:830} INFO - Processing file /opt/airflow/dags/netflix_dag.py for tasks to queue
[2026-09-07T07:17:01.086+0000] {logging_mixin.py:188} INFO - [2026-09-07T07:17:01.085+0000] {dagbag.py:545} INFO - Filling up the DagBag from /opt/airflow/dags/netflix_dag.py
[2026-09-07T07:17:01.111+0000] {processor.py:840} INFO - DAG(s) 'netflix_etl_pipeline' retrieved from /opt/airflow/dags/netflix_dag.py
[2026-09-07T07:17:01.156+0000] {logging_mixin.py:188} INFO - [2026-09-07T07:17:01.156+0000] {dag.py:3089} INFO - Sync 1 DAGs
[2026-09-07T07:17:01.179+0000] {logging_mixin.py:188} INFO - [2026-09-07T07:17:01.178+0000] {dag.py:3947} INFO - Setting next_dagrun for netflix_etl_pipeline to 2026-09-06 00:00:00+00:00, run_after=2026-09-07 00:00:00+00:00
[2026-09-07T07:17:01.202+0000] {processor.py:183} INFO - Processing /opt/airflow/dags/netflix_dag.py took 0.129 seconds
[2026-09-07T07:17:31.308+0000] {processor.py:161} INFO - Started process (PID=5134) to work on /opt/airflow/dags/netflix_dag.py
[2026-09-07T07:17:31.309+0000] {processor.py:830} INFO - Processing file /opt/airflow/dags/netflix_dag.py for tasks to queue
[2026-09-07T07:17:31.312+0000] {logging_mixin.py:188} INFO - [2026-09-07T07:17:31.312+0000] {dagbag.py:545} INFO - Filling up the DagBag from /opt/airflow/dags/netflix_dag.py
[2026-09-07T07:17:31.336+0000] {processor.py:840} INFO - DAG(s) 'netflix_etl_pipeline' retrieved from /opt/airflow/dags/netflix_dag.py
[2026-09-07T07:17:31.373+0000] {logging_mixin.py:188} INFO - [2026-09-07T07:17:31.372+0000] {dag.py:3089} INFO - Sync 1 DAGs
[2026-09-07T07:17:31.396+0000] {logging_mixin.py:188} INFO - [2026-09-07T07:17:31.396+0000] {dag.py:3947} INFO - Setting next_dagrun for netflix_etl_pipeline to 2026-09-06 00:00:00+00:00, run_after=2026-09-07 00:00:00+00:00
[2026-09-07T07:17:31.418+0000] {processor.py:183} INFO - Processing /opt/airflow/dags/netflix_dag.py took 0.118 seconds
[2026-09-07T07:18:01.631+0000] {processor.py:161} INFO - Started process (PID=5145) to work on /opt/airflow/dags/netflix_dag.py
[2026-09-07T07:18:01.633+0000] {processor.py:830} INFO - Processing file /opt/airflow/dags/netflix_dag.py for tasks to queue
[2026-09-07T07:18:01.635+0000] {logging_mixin.py:188} INFO - [2026-09-07T07:18:01.635+0000] {dagbag.py:545} INFO - Filling up the DagBag from /opt/airflow/dags/netflix_dag.py
[2026-09-07T07:18:01.663+0000] {processor.py:840} INFO - DAG(s) 'netflix_etl_pipeline' retrieved from /opt/airflow/dags/netflix_dag.py
[2026-09-07T07:18:01.699+0000] {logging_mixin.py:188} INFO - [2026-09-07T07:18:01.698+0000] {dag.py:3089} INFO - Sync 1 DAGs
[2026-09-07T07:18:01.722+0000] {logging_mixin.py:188} INFO - [2026-09-07T07:18:01.721+0000] {dag.py:3947} INFO - Setting next_dagrun for netflix_etl_pipeline to 2026-09-06 00:00:00+00:00, run_after=2026-09-07 00:00:00+00:00
[2026-09-07T07:18:01.746+0000] {processor.py:183} INFO - Processing /opt/airflow/dags/netflix_dag.py took 0.123 seconds
[2026-09-07T07:18:31.925+0000] {processor.py:161} INFO - Started process (PID=5156) to work on /opt/airflow/dags/netflix_dag.py
[2026-09-07T07:18:31.927+0000] {processor.py:830} INFO - Processing file /opt/airflow/dags/netflix_dag.py for tasks to queue
[2026-09-07T07:18:31.930+0000] {logging_mixin.py:188} INFO - [2026-09-07T07:18:31.930+0000] {dagbag.py:545} INFO - Filling up the DagBag from /opt/airflow/dags/netflix_dag.py
[2026-09-07T07:18:31.957+0000] {processor.py:840} INFO - DAG(s) 'netflix_etl_pipeline' retrieved from /opt/airflow/dags/netflix_dag.py
[2026-09-07T07:18:31.996+0000] {logging_mixin.py:188} INFO - [2026-09-07T07:18:31.995+0000] {dag.py:3089} INFO - Sync 1 DAGs
[2026-09-07T07:18:32.018+0000] {logging_mixin.py:188} INFO - [2026-09-07T07:18:32.018+0000] {dag.py:3947} INFO - Setting next_dagrun for netflix_etl_pipeline to 2026-09-06 00:00:00+00:00, run_after=2026-09-07 00:00:00+00:00
[2026-09-07T07:18:32.040+0000] {processor.py:183} INFO - Processing /opt/airflow/dags/netflix_dag.py took 0.122 seconds
[2026-09-07T07:19:02.276+0000] {processor.py:161} INFO - Started process (PID=5167) to work on /opt/airflow/dags/netflix_dag.py
[2026-09-07T07:19:02.279+0000] {processor.py:830} INFO - Processing file /opt/airflow/dags/netflix_dag.py for tasks to queue
[2026-09-07T07:19:02.284+0000] {logging_mixin.py:188} INFO - [2026-09-07T07:19:02.284+0000] {dagbag.py:545} INFO - Filling up the DagBag from /opt/airflow/dags/netflix_dag.py
[2026-09-07T07:19:02.336+0000] {processor.py:840} INFO - DAG(s) 'netflix_etl_pipeline' retrieved from /opt/airflow/dags/netflix_dag.py
[2026-09-07T07:19:02.408+0000] {logging_mixin.py:188} INFO - [2026-09-07T07:19:02.408+0000] {dag.py:3089} INFO - Sync 1 DAGs
[2026-09-07T07:19:02.454+0000] {logging_mixin.py:188} INFO - [2026-09-07T07:19:02.453+0000] {dag.py:3947} INFO - Setting next_dagrun for netflix_etl_pipeline to 2026-09-06 00:00:00+00:00, run_after=2026-09-07 00:00:00+00:00
[2026-09-07T07:19:02.494+0000] {processor.py:183} INFO - Processing /opt/airflow/dags/netflix_dag.py took 0.233 seconds
[2026-09-07T07:19:32.776+0000] {processor.py:161} INFO - Started process (PID=5178) to work on /opt/airflow/dags/netflix_dag.py
[2026-09-07T07:19:32.779+0000] {processor.py:830} INFO - Processing file /opt/airflow/dags/netflix_dag.py for tasks to queue
[2026-09-07T07:19:32.784+0000] {logging_mixin.py:188} INFO - [2026-09-07T07:19:32.783+0000] {dagbag.py:545} INFO - Filling up the DagBag from /opt/airflow/dags/netflix_dag.py
[2026-09-07T07:19:32.834+0000] {processor.py:840} INFO - DAG(s) 'netflix_etl_pipeline' retrieved from /opt/airflow/dags/netflix_dag.py
[2026-09-07T07:19:32.907+0000] {logging_mixin.py:188} INFO - [2026-09-07T07:19:32.906+0000] {dag.py:3089} INFO - Sync 1 DAGs
[2026-09-07T07:19:32.951+0000] {logging_mixin.py:188} INFO - [2026-09-07T07:19:32.951+0000] {dag.py:3947} INFO - Setting next_dagrun for netflix_etl_pipeline to 2026-09-06 00:00:00+00:00, run_after=2026-09-07 00:00:00+00:00
[2026-09-07T07:19:32.996+0000] {processor.py:183} INFO - Processing /opt/airflow/dags/netflix_dag.py took 0.235 seconds
[2026-09-07T07:20:03.228+0000] {processor.py:161} INFO - Started process (PID=5189) to work on /opt/airflow/dags/netflix_dag.py
[2026-09-07T07:20:03.230+0000] {processor.py:830} INFO - Processing file /opt/airflow/dags/netflix_dag.py for tasks to queue
[2026-09-07T07:20:03.233+0000] {logging_mixin.py:188} INFO - [2026-09-07T07:20:03.232+0000] {dagbag.py:545} INFO - Filling up the DagBag from /opt/airflow/dags/netflix_dag.py
[2026-09-07T07:20:03.258+0000] {processor.py:840} INFO - DAG(s) 'netflix_etl_pipeline' retrieved from /opt/airflow/dags/netflix_dag.py
[2026-09-07T07:20:03.302+0000] {logging_mixin.py:188} INFO - [2026-09-07T07:20:03.301+0000] {dag.py:3089} INFO - Sync 1 DAGs
[2026-09-07T07:20:03.326+0000] {logging_mixin.py:188} INFO - [2026-09-07T07:20:03.326+0000] {dag.py:3947} INFO - Setting next_dagrun for netflix_etl_pipeline to 2026-09-06 00:00:00+00:00, run_after=2026-09-07 00:00:00+00:00
[2026-09-07T07:20:03.354+0000] {processor.py:183} INFO - Processing /opt/airflow/dags/netflix_dag.py took 0.133 seconds
[2026-09-07T07:20:33.435+0000] {processor.py:161} INFO - Started process (PID=5201) to work on /opt/airflow/dags/netflix_dag.py
[2026-09-07T07:20:33.438+0000] {processor.py:830} INFO - Processing file /opt/airflow/dags/netflix_dag.py for tasks to queue
[2026-09-07T07:20:33.441+0000] {logging_mixin.py:188} INFO - [2026-09-07T07:20:33.440+0000] {dagbag.py:545} INFO - Filling up the DagBag from /opt/airflow/dags/netflix_dag.py
[2026-09-07T07:20:33.477+0000] {processor.py:840} INFO - DAG(s) 'netflix_etl_pipeline' retrieved from /opt/airflow/dags/netflix_dag.py
[2026-09-07T07:20:33.559+0000] {logging_mixin.py:188} INFO - [2026-09-07T07:20:33.559+0000] {dag.py:3089} INFO - Sync 1 DAGs
[2026-09-07T07:20:33.586+0000] {logging_mixin.py:188} INFO - [2026-09-07T07:20:33.586+0000] {dag.py:3947} INFO - Setting next_dagrun for netflix_etl_pipeline to 2026-09-06 00:00:00+00:00, run_after=2026-09-07 00:00:00+00:00
[2026-09-07T07:20:33.610+0000] {processor.py:183} INFO - Processing /opt/airflow/dags/netflix_dag.py took 0.186 seconds
[2026-09-07T07:21:03.806+0000] {processor.py:161} INFO - Started process (PID=5212) to work on /opt/airflow/dags/netflix_dag.py
[2026-09-07T07:21:03.809+0000] {processor.py:830} INFO - Processing file /opt/airflow/dags/netflix_dag.py for tasks to queue
[2026-09-07T07:21:03.813+0000] {logging_mixin.py:188} INFO - [2026-09-07T07:21:03.813+0000] {dagbag.py:545} INFO - Filling up the DagBag from /opt/airflow/dags/netflix_dag.py
[2026-09-07T07:21:03.861+0000] {processor.py:840} INFO - DAG(s) 'netflix_etl_pipeline' retrieved from /opt/airflow/dags/netflix_dag.py
[2026-09-07T07:21:03.960+0000] {logging_mixin.py:188} INFO - [2026-09-07T07:21:03.960+0000] {dag.py:3089} INFO - Sync 1 DAGs
[2026-09-07T07:21:04.017+0000] {logging_mixin.py:188} INFO - [2026-09-07T07:21:04.017+0000] {dag.py:3947} INFO - Setting next_dagrun for netflix_etl_pipeline to 2026-09-06 00:00:00+00:00, run_after=2026-09-07 00:00:00+00:00
[2026-09-07T07:21:04.061+0000] {processor.py:183} INFO - Processing /opt/airflow/dags/netflix_dag.py took 0.267 seconds
[2026-09-07T07:21:34.331+0000] {processor.py:161} INFO - Started process (PID=5223) to work on /opt/airflow/dags/netflix_dag.py
[2026-09-07T07:21:34.334+0000] {processor.py:830} INFO - Processing file /opt/airflow/dags/netflix_dag.py for tasks to queue
[2026-09-07T07:21:34.339+0000] {logging_mixin.py:188} INFO - [2026-09-07T07:21:34.338+0000] {dagbag.py:545} INFO - Filling up the DagBag from /opt/airflow/dags/netflix_dag.py
[2026-09-07T07:21:34.383+0000] {processor.py:840} INFO - DAG(s) 'netflix_etl_pipeline' retrieved from /opt/airflow/dags/netflix_dag.py
[2026-09-07T07:21:34.460+0000] {logging_mixin.py:188} INFO - [2026-09-07T07:21:34.459+0000] {dag.py:3089} INFO - Sync 1 DAGs
[2026-09-07T07:21:34.513+0000] {logging_mixin.py:188} INFO - [2026-09-07T07:21:34.513+0000] {dag.py:3947} INFO - Setting next_dagrun for netflix_etl_pipeline to 2026-09-06 00:00:00+00:00, run_after=2026-09-07 00:00:00+00:00
[2026-09-07T07:21:34.560+0000] {processor.py:183} INFO - Processing /opt/airflow/dags/netflix_dag.py took 0.243 seconds
[2026-09-07T07:22:04.832+0000] {processor.py:161} INFO - Started process (PID=5234) to work on /opt/airflow/dags/netflix_dag.py
[2026-09-07T07:22:04.834+0000] {processor.py:830} INFO - Processing file /opt/airflow/dags/netflix_dag.py for tasks to queue
[2026-09-07T07:22:04.839+0000] {logging_mixin.py:188} INFO - [2026-09-07T07:22:04.838+0000] {dagbag.py:545} INFO - Filling up the DagBag from /opt/airflow/dags/netflix_dag.py
[2026-09-07T07:22:04.886+0000] {processor.py:840} INFO - DAG(s) 'netflix_etl_pipeline' retrieved from /opt/airflow/dags/netflix_dag.py
[2026-09-07T07:22:04.956+0000] {logging_mixin.py:188} INFO - [2026-09-07T07:22:04.956+0000] {dag.py:3089} INFO - Sync 1 DAGs
[2026-09-07T07:22:05.002+0000] {logging_mixin.py:188} INFO - [2026-09-07T07:22:05.001+0000] {dag.py:3947} INFO - Setting next_dagrun for netflix_etl_pipeline to 2026-09-06 00:00:00+00:00, run_after=2026-09-07 00:00:00+00:00
[2026-09-07T07:22:05.028+0000] {processor.py:183} INFO - Processing /opt/airflow/dags/netflix_dag.py took 0.209 seconds
[2026-09-07T07:22:35.261+0000] {processor.py:161} INFO - Started process (PID=5245) to work on /opt/airflow/dags/netflix_dag.py
[2026-09-07T07:22:35.262+0000] {processor.py:830} INFO - Processing file /opt/airflow/dags/netflix_dag.py for tasks to queue
[2026-09-07T07:22:35.265+0000] {logging_mixin.py:188} INFO - [2026-09-07T07:22:35.264+0000] {dagbag.py:545} INFO - Filling up the DagBag from /opt/airflow/dags/netflix_dag.py
[2026-09-07T07:22:35.303+0000] {processor.py:840} INFO - DAG(s) 'netflix_etl_pipeline' retrieved from /opt/airflow/dags/netflix_dag.py
[2026-09-07T07:22:35.356+0000] {logging_mixin.py:188} INFO - [2026-09-07T07:22:35.356+0000] {dag.py:3089} INFO - Sync 1 DAGs
[2026-09-07T07:22:35.378+0000] {logging_mixin.py:188} INFO - [2026-09-07T07:22:35.378+0000] {dag.py:3947} INFO - Setting next_dagrun for netflix_etl_pipeline to 2026-09-06 00:00:00+00:00, run_after=2026-09-07 00:00:00+00:00
[2026-09-07T07:22:35.401+0000] {processor.py:183} INFO - Processing /opt/airflow/dags/netflix_dag.py took 0.147 seconds
[2026-09-07T07:23:05.468+0000] {processor.py:161} INFO - Started process (PID=5256) to work on /opt/airflow/dags/netflix_dag.py
[2026-09-07T07:23:05.470+0000] {processor.py:830} INFO - Processing file /opt/airflow/dags/netflix_dag.py for tasks to queue
[2026-09-07T07:23:05.473+0000] {logging_mixin.py:188} INFO - [2026-09-07T07:23:05.472+0000] {dagbag.py:545} INFO - Filling up the DagBag from /opt/airflow/dags/netflix_dag.py
[2026-09-07T07:23:05.508+0000] {processor.py:840} INFO - DAG(s) 'netflix_etl_pipeline' retrieved from /opt/airflow/dags/netflix_dag.py
[2026-09-07T07:23:05.565+0000] {logging_mixin.py:188} INFO - [2026-09-07T07:23:05.565+0000] {dag.py:3089} INFO - Sync 1 DAGs
[2026-09-07T07:23:05.590+0000] {logging_mixin.py:188} INFO - [2026-09-07T07:23:05.590+0000] {dag.py:3947} INFO - Setting next_dagrun for netflix_etl_pipeline to 2026-09-06 00:00:00+00:00, run_after=2026-09-07 00:00:00+00:00
[2026-09-07T07:23:05.612+0000] {processor.py:183} INFO - Processing /opt/airflow/dags/netflix_dag.py took 0.152 seconds
[2026-09-07T07:23:35.817+0000] {processor.py:161} INFO - Started process (PID=5267) to work on /opt/airflow/dags/netflix_dag.py
[2026-09-07T07:23:35.818+0000] {processor.py:830} INFO - Processing file /opt/airflow/dags/netflix_dag.py for tasks to queue
[2026-09-07T07:23:35.821+0000] {logging_mixin.py:188} INFO - [2026-09-07T07:23:35.821+0000] {dagbag.py:545} INFO - Filling up the DagBag from /opt/airflow/dags/netflix_dag.py
[2026-09-07T07:23:35.844+0000] {processor.py:840} INFO - DAG(s) 'netflix_etl_pipeline' retrieved from /opt/airflow/dags/netflix_dag.py
[2026-09-07T07:23:35.877+0000] {logging_mixin.py:188} INFO - [2026-09-07T07:23:35.877+0000] {dag.py:3089} INFO - Sync 1 DAGs
[2026-09-07T07:23:35.897+0000] {logging_mixin.py:188} INFO - [2026-09-07T07:23:35.897+0000] {dag.py:3947} INFO - Setting next_dagrun for netflix_etl_pipeline to 2026-09-06 00:00:00+00:00, run_after=2026-09-07 00:00:00+00:00
[2026-09-07T07:23:35.919+0000] {processor.py:183} INFO - Processing /opt/airflow/dags/netflix_dag.py took 0.108 seconds
[2026-09-07T07:24:06.060+0000] {processor.py:161} INFO - Started process (PID=5278) to work on /opt/airflow/dags/netflix_dag.py
[2026-09-07T07:24:06.062+0000] {processor.py:830} INFO - Processing file /opt/airflow/dags/netflix_dag.py for tasks to queue
[2026-09-07T07:24:06.065+0000] {logging_mixin.py:188} INFO - [2026-09-07T07:24:06.065+0000] {dagbag.py:545} INFO - Filling up the DagBag from /opt/airflow/dags/netflix_dag.py
[2026-09-07T07:24:06.089+0000] {processor.py:840} INFO - DAG(s) 'netflix_etl_pipeline' retrieved from /opt/airflow/dags/netflix_dag.py
[2026-09-07T07:24:06.128+0000] {logging_mixin.py:188} INFO - [2026-09-07T07:24:06.127+0000] {dag.py:3089} INFO - Sync 1 DAGs
[2026-09-07T07:24:06.170+0000] {logging_mixin.py:188} INFO - [2026-09-07T07:24:06.170+0000] {dag.py:3947} INFO - Setting next_dagrun for netflix_etl_pipeline to 2026-09-06 00:00:00+00:00, run_after=2026-09-07 00:00:00+00:00
[2026-09-07T07:24:06.193+0000] {processor.py:183} INFO - Processing /opt/airflow/dags/netflix_dag.py took 0.139 seconds
[2026-09-07T07:24:36.321+0000] {processor.py:161} INFO - Started process (PID=5289) to work on /opt/airflow/dags/netflix_dag.py
[2026-09-07T07:24:36.323+0000] {processor.py:830} INFO - Processing file /opt/airflow/dags/netflix_dag.py for tasks to queue
[2026-09-07T07:24:36.327+0000] {logging_mixin.py:188} INFO - [2026-09-07T07:24:36.326+0000] {dagbag.py:545} INFO - Filling up the DagBag from /opt/airflow/dags/netflix_dag.py
[2026-09-07T07:24:36.360+0000] {processor.py:840} INFO - DAG(s) 'netflix_etl_pipeline' retrieved from /opt/airflow/dags/netflix_dag.py
[2026-09-07T07:24:36.411+0000] {logging_mixin.py:188} INFO - [2026-09-07T07:24:36.411+0000] {dag.py:3089} INFO - Sync 1 DAGs
[2026-09-07T07:24:36.433+0000] {logging_mixin.py:188} INFO - [2026-09-07T07:24:36.433+0000] {dag.py:3947} INFO - Setting next_dagrun for netflix_etl_pipeline to 2026-09-06 00:00:00+00:00, run_after=2026-09-07 00:00:00+00:00
[2026-09-07T07:24:36.455+0000] {processor.py:183} INFO - Processing /opt/airflow/dags/netflix_dag.py took 0.143 seconds
[2026-09-07T07:25:06.593+0000] {processor.py:161} INFO - Started process (PID=5300) to work on /opt/airflow/dags/netflix_dag.py
[2026-09-07T07:25:06.595+0000] {processor.py:830} INFO - Processing file /opt/airflow/dags/netflix_dag.py for tasks to queue
[2026-09-07T07:25:06.598+0000] {logging_mixin.py:188} INFO - [2026-09-07T07:25:06.598+0000] {dagbag.py:545} INFO - Filling up the DagBag from /opt/airflow/dags/netflix_dag.py
[2026-09-07T07:25:06.624+0000] {processor.py:840} INFO - DAG(s) 'netflix_etl_pipeline' retrieved from /opt/airflow/dags/netflix_dag.py
[2026-09-07T07:25:06.660+0000] {logging_mixin.py:188} INFO - [2026-09-07T07:25:06.659+0000] {dag.py:3089} INFO - Sync 1 DAGs
[2026-09-07T07:25:06.682+0000] {logging_mixin.py:188} INFO - [2026-09-07T07:25:06.681+0000] {dag.py:3947} INFO - Setting next_dagrun for netflix_etl_pipeline to 2026-09-06 00:00:00+00:00, run_after=2026-09-07 00:00:00+00:00
[2026-09-07T07:25:06.704+0000] {processor.py:183} INFO - Processing /opt/airflow/dags/netflix_dag.py took 0.119 seconds
[2026-09-07T07:25:36.850+0000] {processor.py:161} INFO - Started process (PID=5311) to work on /opt/airflow/dags/netflix_dag.py
[2026-09-07T07:25:36.852+0000] {processor.py:830} INFO - Processing file /opt/airflow/dags/netflix_dag.py for tasks to queue
[2026-09-07T07:25:36.855+0000] {logging_mixin.py:188} INFO - [2026-09-07T07:25:36.855+0000] {dagbag.py:545} INFO - Filling up the DagBag from /opt/airflow/dags/netflix_dag.py
[2026-09-07T07:25:36.880+0000] {processor.py:840} INFO - DAG(s) 'netflix_etl_pipeline' retrieved from /opt/airflow/dags/netflix_dag.py
[2026-09-07T07:25:36.917+0000] {logging_mixin.py:188} INFO - [2026-09-07T07:25:36.917+0000] {dag.py:3089} INFO - Sync 1 DAGs
[2026-09-07T07:25:36.940+0000] {logging_mixin.py:188} INFO - [2026-09-07T07:25:36.940+0000] {dag.py:3947} INFO - Setting next_dagrun for netflix_etl_pipeline to 2026-09-06 00:00:00+00:00, run_after=2026-09-07 00:00:00+00:00
[2026-09-07T07:25:36.965+0000] {processor.py:183} INFO - Processing /opt/airflow/dags/netflix_dag.py took 0.121 seconds
[2026-09-07T07:26:07.099+0000] {processor.py:161} INFO - Started process (PID=5322) to work on /opt/airflow/dags/netflix_dag.py
[2026-09-07T07:26:07.100+0000] {processor.py:830} INFO - Processing file /opt/airflow/dags/netflix_dag.py for tasks to queue
[2026-09-07T07:26:07.103+0000] {logging_mixin.py:188} INFO - [2026-09-07T07:26:07.103+0000] {dagbag.py:545} INFO - Filling up the DagBag from /opt/airflow/dags/netflix_dag.py
[2026-09-07T07:26:07.126+0000] {processor.py:840} INFO - DAG(s) 'netflix_etl_pipeline' retrieved from /opt/airflow/dags/netflix_dag.py
[2026-09-07T07:26:07.162+0000] {logging_mixin.py:188} INFO - [2026-09-07T07:26:07.162+0000] {dag.py:3089} INFO - Sync 1 DAGs
[2026-09-07T07:26:07.184+0000] {logging_mixin.py:188} INFO - [2026-09-07T07:26:07.184+0000] {dag.py:3947} INFO - Setting next_dagrun for netflix_etl_pipeline to 2026-09-06 00:00:00+00:00, run_after=2026-09-07 00:00:00+00:00
[2026-09-07T07:26:07.206+0000] {processor.py:183} INFO - Processing /opt/airflow/dags/netflix_dag.py took 0.113 seconds
[2026-09-07T07:26:37.359+0000] {processor.py:161} INFO - Started process (PID=5333) to work on /opt/airflow/dags/netflix_dag.py
[2026-09-07T07:26:37.360+0000] {processor.py:830} INFO - Processing file /opt/airflow/dags/netflix_dag.py for tasks to queue
[2026-09-07T07:26:37.363+0000] {logging_mixin.py:188} INFO - [2026-09-07T07:26:37.363+0000] {dagbag.py:545} INFO - Filling up the DagBag from /opt/airflow/dags/netflix_dag.py
[2026-09-07T07:26:37.387+0000] {processor.py:840} INFO - DAG(s) 'netflix_etl_pipeline' retrieved from /opt/airflow/dags/netflix_dag.py
[2026-09-07T07:26:37.422+0000] {logging_mixin.py:188} INFO - [2026-09-07T07:26:37.422+0000] {dag.py:3089} INFO - Sync 1 DAGs
[2026-09-07T07:26:37.443+0000] {logging_mixin.py:188} INFO - [2026-09-07T07:26:37.443+0000] {dag.py:3947} INFO - Setting next_dagrun for netflix_etl_pipeline to 2026-09-06 00:00:00+00:00, run_after=2026-09-07 00:00:00+00:00
[2026-09-07T07:26:37.466+0000] {processor.py:183} INFO - Processing /opt/airflow/dags/netflix_dag.py took 0.113 seconds
[2026-09-07T07:27:07.608+0000] {processor.py:161} INFO - Started process (PID=5344) to work on /opt/airflow/dags/netflix_dag.py
[2026-09-07T07:27:07.610+0000] {processor.py:830} INFO - Processing file /opt/airflow/dags/netflix_dag.py for tasks to queue
[2026-09-07T07:27:07.612+0000] {logging_mixin.py:188} INFO - [2026-09-07T07:27:07.612+0000] {dagbag.py:545} INFO - Filling up the DagBag from /opt/airflow/dags/netflix_dag.py
[2026-09-07T07:27:07.639+0000] {processor.py:840} INFO - DAG(s) 'netflix_etl_pipeline' retrieved from /opt/airflow/dags/netflix_dag.py
[2026-09-07T07:27:07.679+0000] {logging_mixin.py:188} INFO - [2026-09-07T07:27:07.679+0000] {dag.py:3089} INFO - Sync 1 DAGs
[2026-09-07T07:27:07.707+0000] {logging_mixin.py:188} INFO - [2026-09-07T07:27:07.707+0000] {dag.py:3947} INFO - Setting next_dagrun for netflix_etl_pipeline to 2026-09-06 00:00:00+00:00, run_after=2026-09-07 00:00:00+00:00
[2026-09-07T07:27:07.731+0000] {processor.py:183} INFO - Processing /opt/airflow/dags/netflix_dag.py took 0.132 seconds
[2026-09-07T07:27:37.876+0000] {processor.py:161} INFO - Started process (PID=5356) to work on /opt/airflow/dags/netflix_dag.py
[2026-09-07T07:27:37.878+0000] {processor.py:830} INFO - Processing file /opt/airflow/dags/netflix_dag.py for tasks to queue
[2026-09-07T07:27:37.881+0000] {logging_mixin.py:188} INFO - [2026-09-07T07:27:37.881+0000] {dagbag.py:545} INFO - Filling up the DagBag from /opt/airflow/dags/netflix_dag.py
[2026-09-07T07:27:37.902+0000] {processor.py:840} INFO - DAG(s) 'netflix_etl_pipeline' retrieved from /opt/airflow/dags/netflix_dag.py
[2026-09-07T07:27:37.937+0000] {logging_mixin.py:188} INFO - [2026-09-07T07:27:37.937+0000] {dag.py:3089} INFO - Sync 1 DAGs
[2026-09-07T07:27:37.959+0000] {logging_mixin.py:188} INFO - [2026-09-07T07:27:37.958+0000] {dag.py:3947} INFO - Setting next_dagrun for netflix_etl_pipeline to 2026-09-06 00:00:00+00:00, run_after=2026-09-07 00:00:00+00:00
[2026-09-07T07:27:37.984+0000] {processor.py:183} INFO - Processing /opt/airflow/dags/netflix_dag.py took 0.114 seconds
[2026-09-07T07:28:08.178+0000] {processor.py:161} INFO - Started process (PID=5367) to work on /opt/airflow/dags/netflix_dag.py
[2026-09-07T07:28:08.182+0000] {processor.py:830} INFO - Processing file /opt/airflow/dags/netflix_dag.py for tasks to queue
[2026-09-07T07:28:08.188+0000] {logging_mixin.py:188} INFO - [2026-09-07T07:28:08.188+0000] {dagbag.py:545} INFO - Filling up the DagBag from /opt/airflow/dags/netflix_dag.py
[2026-09-07T07:28:08.242+0000] {processor.py:840} INFO - DAG(s) 'netflix_etl_pipeline' retrieved from /opt/airflow/dags/netflix_dag.py
[2026-09-07T07:28:08.322+0000] {logging_mixin.py:188} INFO - [2026-09-07T07:28:08.321+0000] {dag.py:3089} INFO - Sync 1 DAGs
[2026-09-07T07:28:08.369+0000] {logging_mixin.py:188} INFO - [2026-09-07T07:28:08.369+0000] {dag.py:3947} INFO - Setting next_dagrun for netflix_etl_pipeline to 2026-09-06 00:00:00+00:00, run_after=2026-09-07 00:00:00+00:00
[2026-09-07T07:28:08.393+0000] {processor.py:183} INFO - Processing /opt/airflow/dags/netflix_dag.py took 0.227 seconds
[2026-09-07T07:28:38.620+0000] {processor.py:161} INFO - Started process (PID=5378) to work on /opt/airflow/dags/netflix_dag.py
[2026-09-07T07:28:38.623+0000] {processor.py:830} INFO - Processing file /opt/airflow/dags/netflix_dag.py for tasks to queue
[2026-09-07T07:28:38.626+0000] {logging_mixin.py:188} INFO - [2026-09-07T07:28:38.625+0000] {dagbag.py:545} INFO - Filling up the DagBag from /opt/airflow/dags/netflix_dag.py
[2026-09-07T07:28:38.653+0000] {processor.py:840} INFO - DAG(s) 'netflix_etl_pipeline' retrieved from /opt/airflow/dags/netflix_dag.py
[2026-09-07T07:28:38.695+0000] {logging_mixin.py:188} INFO - [2026-09-07T07:28:38.695+0000] {dag.py:3089} INFO - Sync 1 DAGs
[2026-09-07T07:28:38.720+0000] {logging_mixin.py:188} INFO - [2026-09-07T07:28:38.720+0000] {dag.py:3947} INFO - Setting next_dagrun for netflix_etl_pipeline to 2026-09-06 00:00:00+00:00, run_after=2026-09-07 00:00:00+00:00
[2026-09-07T07:28:38.745+0000] {processor.py:183} INFO - Processing /opt/airflow/dags/netflix_dag.py took 0.131 seconds
[2026-09-07T07:29:08.901+0000] {processor.py:161} INFO - Started process (PID=5389) to work on /opt/airflow/dags/netflix_dag.py
[2026-09-07T07:29:08.903+0000] {processor.py:830} INFO - Processing file /opt/airflow/dags/netflix_dag.py for tasks to queue
[2026-09-07T07:29:08.906+0000] {logging_mixin.py:188} INFO - [2026-09-07T07:29:08.905+0000] {dagbag.py:545} INFO - Filling up the DagBag from /opt/airflow/dags/netflix_dag.py
[2026-09-07T07:29:08.932+0000] {processor.py:840} INFO - DAG(s) 'netflix_etl_pipeline' retrieved from /opt/airflow/dags/netflix_dag.py
[2026-09-07T07:29:08.977+0000] {logging_mixin.py:188} INFO - [2026-09-07T07:29:08.977+0000] {dag.py:3089} INFO - Sync 1 DAGs
[2026-09-07T07:29:09.002+0000] {logging_mixin.py:188} INFO - [2026-09-07T07:29:09.002+0000] {dag.py:3947} INFO - Setting next_dagrun for netflix_etl_pipeline to 2026-09-06 00:00:00+00:00, run_after=2026-09-07 00:00:00+00:00
[2026-09-07T07:29:09.025+0000] {processor.py:183} INFO - Processing /opt/airflow/dags/netflix_dag.py took 0.132 seconds
[2026-09-07T07:29:39.172+0000] {processor.py:161} INFO - Started process (PID=5400) to work on /opt/airflow/dags/netflix_dag.py
[2026-09-07T07:29:39.174+0000] {processor.py:830} INFO - Processing file /opt/airflow/dags/netflix_dag.py for tasks to queue
[2026-09-07T07:29:39.177+0000] {logging_mixin.py:188} INFO - [2026-09-07T07:29:39.177+0000] {dagbag.py:545} INFO - Filling up the DagBag from /opt/airflow/dags/netflix_dag.py
[2026-09-07T07:29:39.206+0000] {processor.py:840} INFO - DAG(s) 'netflix_etl_pipeline' retrieved from /opt/airflow/dags/netflix_dag.py
[2026-09-07T07:29:39.245+0000] {logging_mixin.py:188} INFO - [2026-09-07T07:29:39.245+0000] {dag.py:3089} INFO - Sync 1 DAGs
[2026-09-07T07:29:39.269+0000] {logging_mixin.py:188} INFO - [2026-09-07T07:29:39.268+0000] {dag.py:3947} INFO - Setting next_dagrun for netflix_etl_pipeline to 2026-09-06 00:00:00+00:00, run_after=2026-09-07 00:00:00+00:00
[2026-09-07T07:29:39.296+0000] {processor.py:183} INFO - Processing /opt/airflow/dags/netflix_dag.py took 0.132 seconds
[2026-09-07T07:30:09.436+0000] {processor.py:161} INFO - Started process (PID=5411) to work on /opt/airflow/dags/netflix_dag.py
[2026-09-07T07:30:09.438+0000] {processor.py:830} INFO - Processing file /opt/airflow/dags/netflix_dag.py for tasks to queue
[2026-09-07T07:30:09.442+0000] {logging_mixin.py:188} INFO - [2026-09-07T07:30:09.441+0000] {dagbag.py:545} INFO - Filling up the DagBag from /opt/airflow/dags/netflix_dag.py
[2026-09-07T07:30:09.468+0000] {processor.py:840} INFO - DAG(s) 'netflix_etl_pipeline' retrieved from /opt/airflow/dags/netflix_dag.py
[2026-09-07T07:30:09.510+0000] {logging_mixin.py:188} INFO - [2026-09-07T07:30:09.510+0000] {dag.py:3089} INFO - Sync 1 DAGs
[2026-09-07T07:30:09.537+0000] {logging_mixin.py:188} INFO - [2026-09-07T07:30:09.536+0000] {dag.py:3947} INFO - Setting next_dagrun for netflix_etl_pipeline to 2026-09-06 00:00:00+00:00, run_after=2026-09-07 00:00:00+00:00
[2026-09-07T07:30:09.566+0000] {processor.py:183} INFO - Processing /opt/airflow/dags/netflix_dag.py took 0.137 seconds
[2026-09-07T07:30:39.862+0000] {processor.py:161} INFO - Started process (PID=5422) to work on /opt/airflow/dags/netflix_dag.py
[2026-09-07T07:30:39.866+0000] {processor.py:830} INFO - Processing file /opt/airflow/dags/netflix_dag.py for tasks to queue
[2026-09-07T07:30:39.872+0000] {logging_mixin.py:188} INFO - [2026-09-07T07:30:39.871+0000] {dagbag.py:545} INFO - Filling up the DagBag from /opt/airflow/dags/netflix_dag.py
[2026-09-07T07:30:39.926+0000] {processor.py:840} INFO - DAG(s) 'netflix_etl_pipeline' retrieved from /opt/airflow/dags/netflix_dag.py
[2026-09-07T07:30:40.003+0000] {logging_mixin.py:188} INFO - [2026-09-07T07:30:40.002+0000] {dag.py:3089} INFO - Sync 1 DAGs
[2026-09-07T07:30:40.057+0000] {logging_mixin.py:188} INFO - [2026-09-07T07:30:40.056+0000] {dag.py:3947} INFO - Setting next_dagrun for netflix_etl_pipeline to 2026-09-06 00:00:00+00:00, run_after=2026-09-07 00:00:00+00:00
[2026-09-07T07:30:40.107+0000] {processor.py:183} INFO - Processing /opt/airflow/dags/netflix_dag.py took 0.261 seconds
[2026-09-07T07:31:10.369+0000] {processor.py:161} INFO - Started process (PID=5434) to work on /opt/airflow/dags/netflix_dag.py
[2026-09-07T07:31:10.370+0000] {processor.py:830} INFO - Processing file /opt/airflow/dags/netflix_dag.py for tasks to queue
[2026-09-07T07:31:10.373+0000] {logging_mixin.py:188} INFO - [2026-09-07T07:31:10.373+0000] {dagbag.py:545} INFO - Filling up the DagBag from /opt/airflow/dags/netflix_dag.py
[2026-09-07T07:31:10.404+0000] {processor.py:840} INFO - DAG(s) 'netflix_etl_pipeline' retrieved from /opt/airflow/dags/netflix_dag.py
[2026-09-07T07:31:10.446+0000] {logging_mixin.py:188} INFO - [2026-09-07T07:31:10.446+0000] {dag.py:3089} INFO - Sync 1 DAGs
[2026-09-07T07:31:10.471+0000] {logging_mixin.py:188} INFO - [2026-09-07T07:31:10.471+0000] {dag.py:3947} INFO - Setting next_dagrun for netflix_etl_pipeline to 2026-09-06 00:00:00+00:00, run_after=2026-09-07 00:00:00+00:00
[2026-09-07T07:31:10.498+0000] {processor.py:183} INFO - Processing /opt/airflow/dags/netflix_dag.py took 0.136 seconds
[2026-09-07T07:31:40.587+0000] {processor.py:161} INFO - Started process (PID=5445) to work on /opt/airflow/dags/netflix_dag.py
[2026-09-07T07:31:40.589+0000] {processor.py:830} INFO - Processing file /opt/airflow/dags/netflix_dag.py for tasks to queue
[2026-09-07T07:31:40.592+0000] {logging_mixin.py:188} INFO - [2026-09-07T07:31:40.592+0000] {dagbag.py:545} INFO - Filling up the DagBag from /opt/airflow/dags/netflix_dag.py
[2026-09-07T07:31:40.616+0000] {processor.py:840} INFO - DAG(s) 'netflix_etl_pipeline' retrieved from /opt/airflow/dags/netflix_dag.py
[2026-09-07T07:31:40.654+0000] {logging_mixin.py:188} INFO - [2026-09-07T07:31:40.653+0000] {dag.py:3089} INFO - Sync 1 DAGs
[2026-09-07T07:31:40.680+0000] {logging_mixin.py:188} INFO - [2026-09-07T07:31:40.679+0000] {dag.py:3947} INFO - Setting next_dagrun for netflix_etl_pipeline to 2026-09-06 00:00:00+00:00, run_after=2026-09-07 00:00:00+00:00
[2026-09-07T07:31:40.706+0000] {processor.py:183} INFO - Processing /opt/airflow/dags/netflix_dag.py took 0.125 seconds
[2026-09-07T07:32:10.947+0000] {processor.py:161} INFO - Started process (PID=5456) to work on /opt/airflow/dags/netflix_dag.py
[2026-09-07T07:32:10.949+0000] {processor.py:830} INFO - Processing file /opt/airflow/dags/netflix_dag.py for tasks to queue
[2026-09-07T07:32:10.951+0000] {logging_mixin.py:188} INFO - [2026-09-07T07:32:10.951+0000] {dagbag.py:545} INFO - Filling up the DagBag from /opt/airflow/dags/netflix_dag.py
[2026-09-07T07:32:10.978+0000] {processor.py:840} INFO - DAG(s) 'netflix_etl_pipeline' retrieved from /opt/airflow/dags/netflix_dag.py
[2026-09-07T07:32:11.024+0000] {logging_mixin.py:188} INFO - [2026-09-07T07:32:11.023+0000] {dag.py:3089} INFO - Sync 1 DAGs
[2026-09-07T07:32:11.073+0000] {logging_mixin.py:188} INFO - [2026-09-07T07:32:11.072+0000] {dag.py:3947} INFO - Setting next_dagrun for netflix_etl_pipeline to 2026-09-06 00:00:00+00:00, run_after=2026-09-07 00:00:00+00:00
[2026-09-07T07:32:11.115+0000] {processor.py:183} INFO - Processing /opt/airflow/dags/netflix_dag.py took 0.175 seconds
[2026-09-07T07:32:41.185+0000] {processor.py:161} INFO - Started process (PID=5468) to work on /opt/airflow/dags/netflix_dag.py
[2026-09-07T07:32:41.187+0000] {processor.py:830} INFO - Processing file /opt/airflow/dags/netflix_dag.py for tasks to queue
[2026-09-07T07:32:41.190+0000] {logging_mixin.py:188} INFO - [2026-09-07T07:32:41.189+0000] {dagbag.py:545} INFO - Filling up the DagBag from /opt/airflow/dags/netflix_dag.py
[2026-09-07T07:32:41.215+0000] {processor.py:840} INFO - DAG(s) 'netflix_etl_pipeline' retrieved from /opt/airflow/dags/netflix_dag.py
[2026-09-07T07:32:41.269+0000] {logging_mixin.py:188} INFO - [2026-09-07T07:32:41.269+0000] {dag.py:3089} INFO - Sync 1 DAGs
[2026-09-07T07:32:41.295+0000] {logging_mixin.py:188} INFO - [2026-09-07T07:32:41.295+0000] {dag.py:3947} INFO - Setting next_dagrun for netflix_etl_pipeline to 2026-09-06 00:00:00+00:00, run_after=2026-09-07 00:00:00+00:00
[2026-09-07T07:32:41.322+0000] {processor.py:183} INFO - Processing /opt/airflow/dags/netflix_dag.py took 0.149 seconds
[2026-09-07T07:33:11.578+0000] {processor.py:161} INFO - Started process (PID=5479) to work on /opt/airflow/dags/netflix_dag.py
[2026-09-07T07:33:11.580+0000] {processor.py:830} INFO - Processing file /opt/airflow/dags/netflix_dag.py for tasks to queue
[2026-09-07T07:33:11.584+0000] {logging_mixin.py:188} INFO - [2026-09-07T07:33:11.583+0000] {dagbag.py:545} INFO - Filling up the DagBag from /opt/airflow/dags/netflix_dag.py
[2026-09-07T07:33:11.615+0000] {processor.py:840} INFO - DAG(s) 'netflix_etl_pipeline' retrieved from /opt/airflow/dags/netflix_dag.py
[2026-09-07T07:33:11.654+0000] {logging_mixin.py:188} INFO - [2026-09-07T07:33:11.654+0000] {dag.py:3089} INFO - Sync 1 DAGs
[2026-09-07T07:33:11.682+0000] {logging_mixin.py:188} INFO - [2026-09-07T07:33:11.682+0000] {dag.py:3947} INFO - Setting next_dagrun for netflix_etl_pipeline to 2026-09-06 00:00:00+00:00, run_after=2026-09-07 00:00:00+00:00
[2026-09-07T07:33:11.707+0000] {processor.py:183} INFO - Processing /opt/airflow/dags/netflix_dag.py took 0.136 seconds
[2026-09-07T07:33:41.847+0000] {processor.py:161} INFO - Started process (PID=5491) to work on /opt/airflow/dags/netflix_dag.py
[2026-09-07T07:33:41.849+0000] {processor.py:830} INFO - Processing file /opt/airflow/dags/netflix_dag.py for tasks to queue
[2026-09-07T07:33:41.852+0000] {logging_mixin.py:188} INFO - [2026-09-07T07:33:41.852+0000] {dagbag.py:545} INFO - Filling up the DagBag from /opt/airflow/dags/netflix_dag.py
[2026-09-07T07:33:41.883+0000] {processor.py:840} INFO - DAG(s) 'netflix_etl_pipeline' retrieved from /opt/airflow/dags/netflix_dag.py
[2026-09-07T07:33:41.924+0000] {logging_mixin.py:188} INFO - [2026-09-07T07:33:41.923+0000] {dag.py:3089} INFO - Sync 1 DAGs
[2026-09-07T07:33:41.949+0000] {logging_mixin.py:188} INFO - [2026-09-07T07:33:41.949+0000] {dag.py:3947} INFO - Setting next_dagrun for netflix_etl_pipeline to 2026-09-06 00:00:00+00:00, run_after=2026-09-07 00:00:00+00:00
[2026-09-07T07:33:41.974+0000] {processor.py:183} INFO - Processing /opt/airflow/dags/netflix_dag.py took 0.136 seconds
[2026-09-07T07:34:12.194+0000] {processor.py:161} INFO - Started process (PID=5502) to work on /opt/airflow/dags/netflix_dag.py
[2026-09-07T07:34:12.196+0000] {processor.py:830} INFO - Processing file /opt/airflow/dags/netflix_dag.py for tasks to queue
[2026-09-07T07:34:12.199+0000] {logging_mixin.py:188} INFO - [2026-09-07T07:34:12.199+0000] {dagbag.py:545} INFO - Filling up the DagBag from /opt/airflow/dags/netflix_dag.py
[2026-09-07T07:34:12.229+0000] {processor.py:840} INFO - DAG(s) 'netflix_etl_pipeline' retrieved from /opt/airflow/dags/netflix_dag.py
[2026-09-07T07:34:12.268+0000] {logging_mixin.py:188} INFO - [2026-09-07T07:34:12.268+0000] {dag.py:3089} INFO - Sync 1 DAGs
[2026-09-07T07:34:12.293+0000] {logging_mixin.py:188} INFO - [2026-09-07T07:34:12.293+0000] {dag.py:3947} INFO - Setting next_dagrun for netflix_etl_pipeline to 2026-09-06 00:00:00+00:00, run_after=2026-09-07 00:00:00+00:00
[2026-09-07T07:34:12.320+0000] {processor.py:183} INFO - Processing /opt/airflow/dags/netflix_dag.py took 0.134 seconds
[2026-09-07T07:34:42.426+0000] {processor.py:161} INFO - Started process (PID=5513) to work on /opt/airflow/dags/netflix_dag.py
[2026-09-07T07:34:42.428+0000] {processor.py:830} INFO - Processing file /opt/airflow/dags/netflix_dag.py for tasks to queue
[2026-09-07T07:34:42.430+0000] {logging_mixin.py:188} INFO - [2026-09-07T07:34:42.430+0000] {dagbag.py:545} INFO - Filling up the DagBag from /opt/airflow/dags/netflix_dag.py
[2026-09-07T07:34:42.461+0000] {processor.py:840} INFO - DAG(s) 'netflix_etl_pipeline' retrieved from /opt/airflow/dags/netflix_dag.py
[2026-09-07T07:34:42.500+0000] {logging_mixin.py:188} INFO - [2026-09-07T07:34:42.500+0000] {dag.py:3089} INFO - Sync 1 DAGs
[2026-09-07T07:34:42.528+0000] {logging_mixin.py:188} INFO - [2026-09-07T07:34:42.528+0000] {dag.py:3947} INFO - Setting next_dagrun for netflix_etl_pipeline to 2026-09-06 00:00:00+00:00, run_after=2026-09-07 00:00:00+00:00
[2026-09-07T07:34:42.553+0000] {processor.py:183} INFO - Processing /opt/airflow/dags/netflix_dag.py took 0.135 seconds
[2026-09-07T07:35:12.765+0000] {processor.py:161} INFO - Started process (PID=5524) to work on /opt/airflow/dags/netflix_dag.py
[2026-09-07T07:35:12.768+0000] {processor.py:830} INFO - Processing file /opt/airflow/dags/netflix_dag.py for tasks to queue
[2026-09-07T07:35:12.771+0000] {logging_mixin.py:188} INFO - [2026-09-07T07:35:12.771+0000] {dagbag.py:545} INFO - Filling up the DagBag from /opt/airflow/dags/netflix_dag.py
[2026-09-07T07:35:12.797+0000] {processor.py:840} INFO - DAG(s) 'netflix_etl_pipeline' retrieved from /opt/airflow/dags/netflix_dag.py
[2026-09-07T07:35:12.836+0000] {logging_mixin.py:188} INFO - [2026-09-07T07:35:12.835+0000] {dag.py:3089} INFO - Sync 1 DAGs
[2026-09-07T07:35:12.863+0000] {logging_mixin.py:188} INFO - [2026-09-07T07:35:12.862+0000] {dag.py:3947} INFO - Setting next_dagrun for netflix_etl_pipeline to 2026-09-06 00:00:00+00:00, run_after=2026-09-07 00:00:00+00:00
[2026-09-07T07:35:12.890+0000] {processor.py:183} INFO - Processing /opt/airflow/dags/netflix_dag.py took 0.132 seconds
[2026-09-07T07:35:43.049+0000] {processor.py:161} INFO - Started process (PID=5535) to work on /opt/airflow/dags/netflix_dag.py
[2026-09-07T07:35:43.053+0000] {processor.py:830} INFO - Processing file /opt/airflow/dags/netflix_dag.py for tasks to queue
[2026-09-07T07:35:43.059+0000] {logging_mixin.py:188} INFO - [2026-09-07T07:35:43.058+0000] {dagbag.py:545} INFO - Filling up the DagBag from /opt/airflow/dags/netflix_dag.py
[2026-09-07T07:35:43.113+0000] {processor.py:840} INFO - DAG(s) 'netflix_etl_pipeline' retrieved from /opt/airflow/dags/netflix_dag.py
[2026-09-07T07:35:43.189+0000] {logging_mixin.py:188} INFO - [2026-09-07T07:35:43.188+0000] {dag.py:3089} INFO - Sync 1 DAGs
[2026-09-07T07:35:43.240+0000] {logging_mixin.py:188} INFO - [2026-09-07T07:35:43.240+0000] {dag.py:3947} INFO - Setting next_dagrun for netflix_etl_pipeline to 2026-09-06 00:00:00+00:00, run_after=2026-09-07 00:00:00+00:00
[2026-09-07T07:35:43.285+0000] {processor.py:183} INFO - Processing /opt/airflow/dags/netflix_dag.py took 0.252 seconds
[2026-09-07T07:36:13.405+0000] {processor.py:161} INFO - Started process (PID=5547) to work on /opt/airflow/dags/netflix_dag.py
[2026-09-07T07:36:13.408+0000] {processor.py:830} INFO - Processing file /opt/airflow/dags/netflix_dag.py for tasks to queue
[2026-09-07T07:36:13.413+0000] {logging_mixin.py:188} INFO - [2026-09-07T07:36:13.412+0000] {dagbag.py:545} INFO - Filling up the DagBag from /opt/airflow/dags/netflix_dag.py
[2026-09-07T07:36:13.468+0000] {processor.py:840} INFO - DAG(s) 'netflix_etl_pipeline' retrieved from /opt/airflow/dags/netflix_dag.py
[2026-09-07T07:36:13.545+0000] {logging_mixin.py:188} INFO - [2026-09-07T07:36:13.545+0000] {dag.py:3089} INFO - Sync 1 DAGs
[2026-09-07T07:36:13.595+0000] {logging_mixin.py:188} INFO - [2026-09-07T07:36:13.595+0000] {dag.py:3947} INFO - Setting next_dagrun for netflix_etl_pipeline to 2026-09-06 00:00:00+00:00, run_after=2026-09-07 00:00:00+00:00
[2026-09-07T07:36:13.641+0000] {processor.py:183} INFO - Processing /opt/airflow/dags/netflix_dag.py took 0.250 seconds
[2026-09-07T07:36:43.757+0000] {processor.py:161} INFO - Started process (PID=5558) to work on /opt/airflow/dags/netflix_dag.py
[2026-09-07T07:36:43.759+0000] {processor.py:830} INFO - Processing file /opt/airflow/dags/netflix_dag.py for tasks to queue
[2026-09-07T07:36:43.761+0000] {logging_mixin.py:188} INFO - [2026-09-07T07:36:43.761+0000] {dagbag.py:545} INFO - Filling up the DagBag from /opt/airflow/dags/netflix_dag.py
[2026-09-07T07:36:43.785+0000] {processor.py:840} INFO - DAG(s) 'netflix_etl_pipeline' retrieved from /opt/airflow/dags/netflix_dag.py
[2026-09-07T07:36:43.824+0000] {logging_mixin.py:188} INFO - [2026-09-07T07:36:43.824+0000] {dag.py:3089} INFO - Sync 1 DAGs
[2026-09-07T07:36:43.850+0000] {logging_mixin.py:188} INFO - [2026-09-07T07:36:43.850+0000] {dag.py:3947} INFO - Setting next_dagrun for netflix_etl_pipeline to 2026-09-06 00:00:00+00:00, run_after=2026-09-07 00:00:00+00:00
[2026-09-07T07:36:43.874+0000] {processor.py:183} INFO - Processing /opt/airflow/dags/netflix_dag.py took 0.123 seconds
[2026-09-07T07:37:14.091+0000] {processor.py:161} INFO - Started process (PID=5569) to work on /opt/airflow/dags/netflix_dag.py
[2026-09-07T07:37:14.093+0000] {processor.py:830} INFO - Processing file /opt/airflow/dags/netflix_dag.py for tasks to queue
[2026-09-07T07:37:14.095+0000] {logging_mixin.py:188} INFO - [2026-09-07T07:37:14.095+0000] {dagbag.py:545} INFO - Filling up the DagBag from /opt/airflow/dags/netflix_dag.py
[2026-09-07T07:37:14.119+0000] {processor.py:840} INFO - DAG(s) 'netflix_etl_pipeline' retrieved from /opt/airflow/dags/netflix_dag.py
[2026-09-07T07:37:14.158+0000] {logging_mixin.py:188} INFO - [2026-09-07T07:37:14.158+0000] {dag.py:3089} INFO - Sync 1 DAGs
[2026-09-07T07:37:14.182+0000] {logging_mixin.py:188} INFO - [2026-09-07T07:37:14.182+0000] {dag.py:3947} INFO - Setting next_dagrun for netflix_etl_pipeline to 2026-09-06 00:00:00+00:00, run_after=2026-09-07 00:00:00+00:00
[2026-09-07T07:37:14.208+0000] {processor.py:183} INFO - Processing /opt/airflow/dags/netflix_dag.py took 0.123 seconds
[2026-09-07T07:37:44.311+0000] {processor.py:161} INFO - Started process (PID=5580) to work on /opt/airflow/dags/netflix_dag.py
[2026-09-07T07:37:44.313+0000] {processor.py:830} INFO - Processing file /opt/airflow/dags/netflix_dag.py for tasks to queue
[2026-09-07T07:37:44.316+0000] {logging_mixin.py:188} INFO - [2026-09-07T07:37:44.315+0000] {dagbag.py:545} INFO - Filling up the DagBag from /opt/airflow/dags/netflix_dag.py
[2026-09-07T07:37:44.345+0000] {processor.py:840} INFO - DAG(s) 'netflix_etl_pipeline' retrieved from /opt/airflow/dags/netflix_dag.py
[2026-09-07T07:37:44.395+0000] {logging_mixin.py:188} INFO - [2026-09-07T07:37:44.395+0000] {dag.py:3089} INFO - Sync 1 DAGs
[2026-09-07T07:37:44.434+0000] {logging_mixin.py:188} INFO - [2026-09-07T07:37:44.434+0000] {dag.py:3947} INFO - Setting next_dagrun for netflix_etl_pipeline to 2026-09-06 00:00:00+00:00, run_after=2026-09-07 00:00:00+00:00
[2026-09-07T07:37:44.466+0000] {processor.py:183} INFO - Processing /opt/airflow/dags/netflix_dag.py took 0.162 seconds
[2026-09-07T07:38:14.651+0000] {processor.py:161} INFO - Started process (PID=5591) to work on /opt/airflow/dags/netflix_dag.py
[2026-09-07T07:38:14.653+0000] {processor.py:830} INFO - Processing file /opt/airflow/dags/netflix_dag.py for tasks to queue
[2026-09-07T07:38:14.656+0000] {logging_mixin.py:188} INFO - [2026-09-07T07:38:14.656+0000] {dagbag.py:545} INFO - Filling up the DagBag from /opt/airflow/dags/netflix_dag.py
[2026-09-07T07:38:14.683+0000] {processor.py:840} INFO - DAG(s) 'netflix_etl_pipeline' retrieved from /opt/airflow/dags/netflix_dag.py
[2026-09-07T07:38:14.723+0000] {logging_mixin.py:188} INFO - [2026-09-07T07:38:14.722+0000] {dag.py:3089} INFO - Sync 1 DAGs
[2026-09-07T07:38:14.746+0000] {logging_mixin.py:188} INFO - [2026-09-07T07:38:14.746+0000] {dag.py:3947} INFO - Setting next_dagrun for netflix_etl_pipeline to 2026-09-06 00:00:00+00:00, run_after=2026-09-07 00:00:00+00:00
[2026-09-07T07:38:14.771+0000] {processor.py:183} INFO - Processing /opt/airflow/dags/netflix_dag.py took 0.126 seconds
[2026-09-07T07:38:44.870+0000] {processor.py:161} INFO - Started process (PID=5602) to work on /opt/airflow/dags/netflix_dag.py
[2026-09-07T07:38:44.872+0000] {processor.py:830} INFO - Processing file /opt/airflow/dags/netflix_dag.py for tasks to queue
[2026-09-07T07:38:44.875+0000] {logging_mixin.py:188} INFO - [2026-09-07T07:38:44.875+0000] {dagbag.py:545} INFO - Filling up the DagBag from /opt/airflow/dags/netflix_dag.py
[2026-09-07T07:38:44.904+0000] {processor.py:840} INFO - DAG(s) 'netflix_etl_pipeline' retrieved from /opt/airflow/dags/netflix_dag.py
[2026-09-07T07:38:44.942+0000] {logging_mixin.py:188} INFO - [2026-09-07T07:38:44.942+0000] {dag.py:3089} INFO - Sync 1 DAGs
[2026-09-07T07:38:44.969+0000] {logging_mixin.py:188} INFO - [2026-09-07T07:38:44.968+0000] {dag.py:3947} INFO - Setting next_dagrun for netflix_etl_pipeline to 2026-09-06 00:00:00+00:00, run_after=2026-09-07 00:00:00+00:00
[2026-09-07T07:38:44.994+0000] {processor.py:183} INFO - Processing /opt/airflow/dags/netflix_dag.py took 0.132 seconds
[2026-09-07T07:39:15.245+0000] {processor.py:161} INFO - Started process (PID=5613) to work on /opt/airflow/dags/netflix_dag.py
[2026-09-07T07:39:15.247+0000] {processor.py:830} INFO - Processing file /opt/airflow/dags/netflix_dag.py for tasks to queue
[2026-09-07T07:39:15.251+0000] {logging_mixin.py:188} INFO - [2026-09-07T07:39:15.250+0000] {dagbag.py:545} INFO - Filling up the DagBag from /opt/airflow/dags/netflix_dag.py
[2026-09-07T07:39:15.274+0000] {processor.py:840} INFO - DAG(s) 'netflix_etl_pipeline' retrieved from /opt/airflow/dags/netflix_dag.py
[2026-09-07T07:39:15.313+0000] {logging_mixin.py:188} INFO - [2026-09-07T07:39:15.312+0000] {dag.py:3089} INFO - Sync 1 DAGs
[2026-09-07T07:39:15.337+0000] {logging_mixin.py:188} INFO - [2026-09-07T07:39:15.337+0000] {dag.py:3947} INFO - Setting next_dagrun for netflix_etl_pipeline to 2026-09-06 00:00:00+00:00, run_after=2026-09-07 00:00:00+00:00
[2026-09-07T07:39:15.361+0000] {processor.py:183} INFO - Processing /opt/airflow/dags/netflix_dag.py took 0.123 seconds
[2026-09-07T07:39:45.467+0000] {processor.py:161} INFO - Started process (PID=5624) to work on /opt/airflow/dags/netflix_dag.py
[2026-09-07T07:39:45.469+0000] {processor.py:830} INFO - Processing file /opt/airflow/dags/netflix_dag.py for tasks to queue
[2026-09-07T07:39:45.473+0000] {logging_mixin.py:188} INFO - [2026-09-07T07:39:45.473+0000] {dagbag.py:545} INFO - Filling up the DagBag from /opt/airflow/dags/netflix_dag.py
[2026-09-07T07:39:45.502+0000] {processor.py:840} INFO - DAG(s) 'netflix_etl_pipeline' retrieved from /opt/airflow/dags/netflix_dag.py
[2026-09-07T07:39:45.549+0000] {logging_mixin.py:188} INFO - [2026-09-07T07:39:45.549+0000] {dag.py:3089} INFO - Sync 1 DAGs
[2026-09-07T07:39:45.576+0000] {logging_mixin.py:188} INFO - [2026-09-07T07:39:45.576+0000] {dag.py:3947} INFO - Setting next_dagrun for netflix_etl_pipeline to 2026-09-06 00:00:00+00:00, run_after=2026-09-07 00:00:00+00:00
[2026-09-07T07:39:45.603+0000] {processor.py:183} INFO - Processing /opt/airflow/dags/netflix_dag.py took 0.144 seconds
[2026-09-07T07:40:15.803+0000] {processor.py:161} INFO - Started process (PID=5635) to work on /opt/airflow/dags/netflix_dag.py
[2026-09-07T07:40:15.805+0000] {processor.py:830} INFO - Processing file /opt/airflow/dags/netflix_dag.py for tasks to queue
[2026-09-07T07:40:15.808+0000] {logging_mixin.py:188} INFO - [2026-09-07T07:40:15.808+0000] {dagbag.py:545} INFO - Filling up the DagBag from /opt/airflow/dags/netflix_dag.py
[2026-09-07T07:40:15.835+0000] {processor.py:840} INFO - DAG(s) 'netflix_etl_pipeline' retrieved from /opt/airflow/dags/netflix_dag.py
[2026-09-07T07:40:15.875+0000] {logging_mixin.py:188} INFO - [2026-09-07T07:40:15.875+0000] {dag.py:3089} INFO - Sync 1 DAGs
[2026-09-07T07:40:15.899+0000] {logging_mixin.py:188} INFO - [2026-09-07T07:40:15.899+0000] {dag.py:3947} INFO - Setting next_dagrun for netflix_etl_pipeline to 2026-09-06 00:00:00+00:00, run_after=2026-09-07 00:00:00+00:00
[2026-09-07T07:40:15.924+0000] {processor.py:183} INFO - Processing /opt/airflow/dags/netflix_dag.py took 0.128 seconds
[2026-09-07T07:40:46.095+0000] {processor.py:161} INFO - Started process (PID=5646) to work on /opt/airflow/dags/netflix_dag.py
[2026-09-07T07:40:46.098+0000] {processor.py:830} INFO - Processing file /opt/airflow/dags/netflix_dag.py for tasks to queue
[2026-09-07T07:40:46.104+0000] {logging_mixin.py:188} INFO - [2026-09-07T07:40:46.104+0000] {dagbag.py:545} INFO - Filling up the DagBag from /opt/airflow/dags/netflix_dag.py
[2026-09-07T07:40:46.154+0000] {processor.py:840} INFO - DAG(s) 'netflix_etl_pipeline' retrieved from /opt/airflow/dags/netflix_dag.py
[2026-09-07T07:40:46.224+0000] {logging_mixin.py:188} INFO - [2026-09-07T07:40:46.223+0000] {dag.py:3089} INFO - Sync 1 DAGs
[2026-09-07T07:40:46.271+0000] {logging_mixin.py:188} INFO - [2026-09-07T07:40:46.271+0000] {dag.py:3947} INFO - Setting next_dagrun for netflix_etl_pipeline to 2026-09-06 00:00:00+00:00, run_after=2026-09-07 00:00:00+00:00
[2026-09-07T07:40:46.315+0000] {processor.py:183} INFO - Processing /opt/airflow/dags/netflix_dag.py took 0.233 seconds
[2026-09-07T07:41:16.546+0000] {processor.py:161} INFO - Started process (PID=5657) to work on /opt/airflow/dags/netflix_dag.py
[2026-09-07T07:41:16.548+0000] {processor.py:830} INFO - Processing file /opt/airflow/dags/netflix_dag.py for tasks to queue
[2026-09-07T07:41:16.552+0000] {logging_mixin.py:188} INFO - [2026-09-07T07:41:16.551+0000] {dagbag.py:545} INFO - Filling up the DagBag from /opt/airflow/dags/netflix_dag.py
[2026-09-07T07:41:16.579+0000] {processor.py:840} INFO - DAG(s) 'netflix_etl_pipeline' retrieved from /opt/airflow/dags/netflix_dag.py
[2026-09-07T07:41:16.619+0000] {logging_mixin.py:188} INFO - [2026-09-07T07:41:16.618+0000] {dag.py:3089} INFO - Sync 1 DAGs
[2026-09-07T07:41:16.643+0000] {logging_mixin.py:188} INFO - [2026-09-07T07:41:16.643+0000] {dag.py:3947} INFO - Setting next_dagrun for netflix_etl_pipeline to 2026-09-06 00:00:00+00:00, run_after=2026-09-07 00:00:00+00:00
[2026-09-07T07:41:16.667+0000] {processor.py:183} INFO - Processing /opt/airflow/dags/netflix_dag.py took 0.129 seconds
[2026-09-07T07:41:46.769+0000] {processor.py:161} INFO - Started process (PID=5668) to work on /opt/airflow/dags/netflix_dag.py
[2026-09-07T07:41:46.772+0000] {processor.py:830} INFO - Processing file /opt/airflow/dags/netflix_dag.py for tasks to queue
[2026-09-07T07:41:46.775+0000] {logging_mixin.py:188} INFO - [2026-09-07T07:41:46.775+0000] {dagbag.py:545} INFO - Filling up the DagBag from /opt/airflow/dags/netflix_dag.py
[2026-09-07T07:41:46.803+0000] {processor.py:840} INFO - DAG(s) 'netflix_etl_pipeline' retrieved from /opt/airflow/dags/netflix_dag.py
[2026-09-07T07:41:46.843+0000] {logging_mixin.py:188} INFO - [2026-09-07T07:41:46.843+0000] {dag.py:3089} INFO - Sync 1 DAGs
[2026-09-07T07:41:46.869+0000] {logging_mixin.py:188} INFO - [2026-09-07T07:41:46.869+0000] {dag.py:3947} INFO - Setting next_dagrun for netflix_etl_pipeline to 2026-09-06 00:00:00+00:00, run_after=2026-09-07 00:00:00+00:00
[2026-09-07T07:41:46.895+0000] {processor.py:183} INFO - Processing /opt/airflow/dags/netflix_dag.py took 0.135 seconds
[2026-09-07T07:42:17.118+0000] {processor.py:161} INFO - Started process (PID=5679) to work on /opt/airflow/dags/netflix_dag.py
[2026-09-07T07:42:17.120+0000] {processor.py:830} INFO - Processing file /opt/airflow/dags/netflix_dag.py for tasks to queue
[2026-09-07T07:42:17.123+0000] {logging_mixin.py:188} INFO - [2026-09-07T07:42:17.123+0000] {dagbag.py:545} INFO - Filling up the DagBag from /opt/airflow/dags/netflix_dag.py
[2026-09-07T07:42:17.152+0000] {processor.py:840} INFO - DAG(s) 'netflix_etl_pipeline' retrieved from /opt/airflow/dags/netflix_dag.py
[2026-09-07T07:42:17.190+0000] {logging_mixin.py:188} INFO - [2026-09-07T07:42:17.189+0000] {dag.py:3089} INFO - Sync 1 DAGs
[2026-09-07T07:42:17.250+0000] {logging_mixin.py:188} INFO - [2026-09-07T07:42:17.250+0000] {dag.py:3947} INFO - Setting next_dagrun for netflix_etl_pipeline to 2026-09-06 00:00:00+00:00, run_after=2026-09-07 00:00:00+00:00
[2026-09-07T07:42:17.276+0000] {processor.py:183} INFO - Processing /opt/airflow/dags/netflix_dag.py took 0.166 seconds
[2026-09-07T07:42:47.464+0000] {processor.py:161} INFO - Started process (PID=5690) to work on /opt/airflow/dags/netflix_dag.py
[2026-09-07T07:42:47.467+0000] {processor.py:830} INFO - Processing file /opt/airflow/dags/netflix_dag.py for tasks to queue
[2026-09-07T07:42:47.473+0000] {logging_mixin.py:188} INFO - [2026-09-07T07:42:47.473+0000] {dagbag.py:545} INFO - Filling up the DagBag from /opt/airflow/dags/netflix_dag.py
[2026-09-07T07:42:47.502+0000] {processor.py:840} INFO - DAG(s) 'netflix_etl_pipeline' retrieved from /opt/airflow/dags/netflix_dag.py
[2026-09-07T07:42:47.540+0000] {logging_mixin.py:188} INFO - [2026-09-07T07:42:47.540+0000] {dag.py:3089} INFO - Sync 1 DAGs
[2026-09-07T07:42:47.566+0000] {logging_mixin.py:188} INFO - [2026-09-07T07:42:47.566+0000] {dag.py:3947} INFO - Setting next_dagrun for netflix_etl_pipeline to 2026-09-06 00:00:00+00:00, run_after=2026-09-07 00:00:00+00:00
[2026-09-07T07:42:47.871+0000] {processor.py:183} INFO - Processing /opt/airflow/dags/netflix_dag.py took 0.418 seconds
[2026-09-07T07:43:18.321+0000] {processor.py:161} INFO - Started process (PID=5701) to work on /opt/airflow/dags/netflix_dag.py
[2026-09-07T07:43:18.324+0000] {processor.py:830} INFO - Processing file /opt/airflow/dags/netflix_dag.py for tasks to queue
[2026-09-07T07:43:18.331+0000] {logging_mixin.py:188} INFO - [2026-09-07T07:43:18.330+0000] {dagbag.py:545} INFO - Filling up the DagBag from /opt/airflow/dags/netflix_dag.py
[2026-09-07T07:43:18.384+0000] {processor.py:840} INFO - DAG(s) 'netflix_etl_pipeline' retrieved from /opt/airflow/dags/netflix_dag.py
[2026-09-07T07:43:18.461+0000] {logging_mixin.py:188} INFO - [2026-09-07T07:43:18.461+0000] {dag.py:3089} INFO - Sync 1 DAGs
[2026-09-07T07:43:18.512+0000] {logging_mixin.py:188} INFO - [2026-09-07T07:43:18.511+0000] {dag.py:3947} INFO - Setting next_dagrun for netflix_etl_pipeline to 2026-09-06 00:00:00+00:00, run_after=2026-09-07 00:00:00+00:00
[2026-09-07T07:43:18.557+0000] {processor.py:183} INFO - Processing /opt/airflow/dags/netflix_dag.py took 0.251 seconds
[2026-09-07T07:43:48.833+0000] {processor.py:161} INFO - Started process (PID=5712) to work on /opt/airflow/dags/netflix_dag.py
[2026-09-07T07:43:48.836+0000] {processor.py:830} INFO - Processing file /opt/airflow/dags/netflix_dag.py for tasks to queue
[2026-09-07T07:43:48.841+0000] {logging_mixin.py:188} INFO - [2026-09-07T07:43:48.840+0000] {dagbag.py:545} INFO - Filling up the DagBag from /opt/airflow/dags/netflix_dag.py
[2026-09-07T07:43:48.893+0000] {processor.py:840} INFO - DAG(s) 'netflix_etl_pipeline' retrieved from /opt/airflow/dags/netflix_dag.py
[2026-09-07T07:43:48.968+0000] {logging_mixin.py:188} INFO - [2026-09-07T07:43:48.968+0000] {dag.py:3089} INFO - Sync 1 DAGs
[2026-09-07T07:43:49.020+0000] {logging_mixin.py:188} INFO - [2026-09-07T07:43:49.020+0000] {dag.py:3947} INFO - Setting next_dagrun for netflix_etl_pipeline to 2026-09-06 00:00:00+00:00, run_after=2026-09-07 00:00:00+00:00
[2026-09-07T07:43:49.068+0000] {processor.py:183} INFO - Processing /opt/airflow/dags/netflix_dag.py took 0.248 seconds
[2026-09-07T07:44:19.410+0000] {processor.py:161} INFO - Started process (PID=5723) to work on /opt/airflow/dags/netflix_dag.py
[2026-09-07T07:44:19.414+0000] {processor.py:830} INFO - Processing file /opt/airflow/dags/netflix_dag.py for tasks to queue
[2026-09-07T07:44:19.422+0000] {logging_mixin.py:188} INFO - [2026-09-07T07:44:19.421+0000] {dagbag.py:545} INFO - Filling up the DagBag from /opt/airflow/dags/netflix_dag.py
[2026-09-07T07:44:19.489+0000] {processor.py:840} INFO - DAG(s) 'netflix_etl_pipeline' retrieved from /opt/airflow/dags/netflix_dag.py
[2026-09-07T07:44:19.578+0000] {logging_mixin.py:188} INFO - [2026-09-07T07:44:19.577+0000] {dag.py:3089} INFO - Sync 1 DAGs
[2026-09-07T07:44:19.640+0000] {logging_mixin.py:188} INFO - [2026-09-07T07:44:19.640+0000] {dag.py:3947} INFO - Setting next_dagrun for netflix_etl_pipeline to 2026-09-06 00:00:00+00:00, run_after=2026-09-07 00:00:00+00:00
[2026-09-07T07:44:19.695+0000] {processor.py:183} INFO - Processing /opt/airflow/dags/netflix_dag.py took 0.304 seconds
[2026-09-07T07:44:49.991+0000] {processor.py:161} INFO - Started process (PID=5735) to work on /opt/airflow/dags/netflix_dag.py
[2026-09-07T07:44:49.994+0000] {processor.py:830} INFO - Processing file /opt/airflow/dags/netflix_dag.py for tasks to queue
[2026-09-07T07:44:49.999+0000] {logging_mixin.py:188} INFO - [2026-09-07T07:44:49.998+0000] {dagbag.py:545} INFO - Filling up the DagBag from /opt/airflow/dags/netflix_dag.py
[2026-09-07T07:44:50.050+0000] {processor.py:840} INFO - DAG(s) 'netflix_etl_pipeline' retrieved from /opt/airflow/dags/netflix_dag.py
[2026-09-07T07:44:50.122+0000] {logging_mixin.py:188} INFO - [2026-09-07T07:44:50.122+0000] {dag.py:3089} INFO - Sync 1 DAGs
[2026-09-07T07:44:50.168+0000] {logging_mixin.py:188} INFO - [2026-09-07T07:44:50.168+0000] {dag.py:3947} INFO - Setting next_dagrun for netflix_etl_pipeline to 2026-09-06 00:00:00+00:00, run_after=2026-09-07 00:00:00+00:00
[2026-09-07T07:44:50.210+0000] {processor.py:183} INFO - Processing /opt/airflow/dags/netflix_dag.py took 0.233 seconds
[2026-09-07T07:45:20.515+0000] {processor.py:161} INFO - Started process (PID=5746) to work on /opt/airflow/dags/netflix_dag.py
[2026-09-07T07:45:20.519+0000] {processor.py:830} INFO - Processing file /opt/airflow/dags/netflix_dag.py for tasks to queue
[2026-09-07T07:45:20.524+0000] {logging_mixin.py:188} INFO - [2026-09-07T07:45:20.523+0000] {dagbag.py:545} INFO - Filling up the DagBag from /opt/airflow/dags/netflix_dag.py
[2026-09-07T07:45:20.577+0000] {processor.py:840} INFO - DAG(s) 'netflix_etl_pipeline' retrieved from /opt/airflow/dags/netflix_dag.py
[2026-09-07T07:45:20.662+0000] {logging_mixin.py:188} INFO - [2026-09-07T07:45:20.661+0000] {dag.py:3089} INFO - Sync 1 DAGs
[2026-09-07T07:45:20.719+0000] {logging_mixin.py:188} INFO - [2026-09-07T07:45:20.719+0000] {dag.py:3947} INFO - Setting next_dagrun for netflix_etl_pipeline to 2026-09-06 00:00:00+00:00, run_after=2026-09-07 00:00:00+00:00
[2026-09-07T07:45:20.769+0000] {processor.py:183} INFO - Processing /opt/airflow/dags/netflix_dag.py took 0.274 seconds
[2026-09-07T07:45:51.014+0000] {processor.py:161} INFO - Started process (PID=5757) to work on /opt/airflow/dags/netflix_dag.py
[2026-09-07T07:45:51.016+0000] {processor.py:830} INFO - Processing file /opt/airflow/dags/netflix_dag.py for tasks to queue
[2026-09-07T07:45:51.020+0000] {logging_mixin.py:188} INFO - [2026-09-07T07:45:51.019+0000] {dagbag.py:545} INFO - Filling up the DagBag from /opt/airflow/dags/netflix_dag.py
[2026-09-07T07:45:51.048+0000] {processor.py:840} INFO - DAG(s) 'netflix_etl_pipeline' retrieved from /opt/airflow/dags/netflix_dag.py
[2026-09-07T07:45:51.089+0000] {logging_mixin.py:188} INFO - [2026-09-07T07:45:51.089+0000] {dag.py:3089} INFO - Sync 1 DAGs
[2026-09-07T07:45:51.114+0000] {logging_mixin.py:188} INFO - [2026-09-07T07:45:51.114+0000] {dag.py:3947} INFO - Setting next_dagrun for netflix_etl_pipeline to 2026-09-06 00:00:00+00:00, run_after=2026-09-07 00:00:00+00:00
[2026-09-07T07:45:51.138+0000] {processor.py:183} INFO - Processing /opt/airflow/dags/netflix_dag.py took 0.133 seconds
[2026-09-07T07:46:21.246+0000] {processor.py:161} INFO - Started process (PID=5768) to work on /opt/airflow/dags/netflix_dag.py
[2026-09-07T07:46:21.248+0000] {processor.py:830} INFO - Processing file /opt/airflow/dags/netflix_dag.py for tasks to queue
[2026-09-07T07:46:21.251+0000] {logging_mixin.py:188} INFO - [2026-09-07T07:46:21.251+0000] {dagbag.py:545} INFO - Filling up the DagBag from /opt/airflow/dags/netflix_dag.py
[2026-09-07T07:46:21.278+0000] {processor.py:840} INFO - DAG(s) 'netflix_etl_pipeline' retrieved from /opt/airflow/dags/netflix_dag.py
[2026-09-07T07:46:21.317+0000] {logging_mixin.py:188} INFO - [2026-09-07T07:46:21.316+0000] {dag.py:3089} INFO - Sync 1 DAGs
[2026-09-07T07:46:21.341+0000] {logging_mixin.py:188} INFO - [2026-09-07T07:46:21.341+0000] {dag.py:3947} INFO - Setting next_dagrun for netflix_etl_pipeline to 2026-09-06 00:00:00+00:00, run_after=2026-09-07 00:00:00+00:00
[2026-09-07T07:46:21.366+0000] {processor.py:183} INFO - Processing /opt/airflow/dags/netflix_dag.py took 0.127 seconds
[2026-09-07T07:46:51.644+0000] {processor.py:161} INFO - Started process (PID=5779) to work on /opt/airflow/dags/netflix_dag.py
[2026-09-07T07:46:51.646+0000] {processor.py:830} INFO - Processing file /opt/airflow/dags/netflix_dag.py for tasks to queue
[2026-09-07T07:46:51.651+0000] {logging_mixin.py:188} INFO - [2026-09-07T07:46:51.651+0000] {dagbag.py:545} INFO - Filling up the DagBag from /opt/airflow/dags/netflix_dag.py
[2026-09-07T07:46:51.698+0000] {processor.py:840} INFO - DAG(s) 'netflix_etl_pipeline' retrieved from /opt/airflow/dags/netflix_dag.py
[2026-09-07T07:46:51.766+0000] {logging_mixin.py:188} INFO - [2026-09-07T07:46:51.766+0000] {dag.py:3089} INFO - Sync 1 DAGs
[2026-09-07T07:46:51.813+0000] {logging_mixin.py:188} INFO - [2026-09-07T07:46:51.812+0000] {dag.py:3947} INFO - Setting next_dagrun for netflix_etl_pipeline to 2026-09-06 00:00:00+00:00, run_after=2026-09-07 00:00:00+00:00
[2026-09-07T07:46:51.852+0000] {processor.py:183} INFO - Processing /opt/airflow/dags/netflix_dag.py took 0.220 seconds
[2026-09-07T07:47:22.144+0000] {processor.py:161} INFO - Started process (PID=5790) to work on /opt/airflow/dags/netflix_dag.py
[2026-09-07T07:47:22.149+0000] {processor.py:830} INFO - Processing file /opt/airflow/dags/netflix_dag.py for tasks to queue
[2026-09-07T07:47:22.155+0000] {logging_mixin.py:188} INFO - [2026-09-07T07:47:22.154+0000] {dagbag.py:545} INFO - Filling up the DagBag from /opt/airflow/dags/netflix_dag.py
[2026-09-07T07:47:22.202+0000] {processor.py:840} INFO - DAG(s) 'netflix_etl_pipeline' retrieved from /opt/airflow/dags/netflix_dag.py
[2026-09-07T07:47:22.280+0000] {logging_mixin.py:188} INFO - [2026-09-07T07:47:22.280+0000] {dag.py:3089} INFO - Sync 1 DAGs
[2026-09-07T07:47:22.332+0000] {logging_mixin.py:188} INFO - [2026-09-07T07:47:22.332+0000] {dag.py:3947} INFO - Setting next_dagrun for netflix_etl_pipeline to 2026-09-06 00:00:00+00:00, run_after=2026-09-07 00:00:00+00:00
[2026-09-07T07:47:22.374+0000] {processor.py:183} INFO - Processing /opt/airflow/dags/netflix_dag.py took 0.246 seconds
[2026-09-07T07:47:52.604+0000] {processor.py:161} INFO - Started process (PID=5801) to work on /opt/airflow/dags/netflix_dag.py
[2026-09-07T07:47:52.606+0000] {processor.py:830} INFO - Processing file /opt/airflow/dags/netflix_dag.py for tasks to queue
[2026-09-07T07:47:52.608+0000] {logging_mixin.py:188} INFO - [2026-09-07T07:47:52.608+0000] {dagbag.py:545} INFO - Filling up the DagBag from /opt/airflow/dags/netflix_dag.py
[2026-09-07T07:47:52.634+0000] {processor.py:840} INFO - DAG(s) 'netflix_etl_pipeline' retrieved from /opt/airflow/dags/netflix_dag.py
[2026-09-07T07:47:52.672+0000] {logging_mixin.py:188} INFO - [2026-09-07T07:47:52.672+0000] {dag.py:3089} INFO - Sync 1 DAGs
[2026-09-07T07:47:52.693+0000] {logging_mixin.py:188} INFO - [2026-09-07T07:47:52.693+0000] {dag.py:3947} INFO - Setting next_dagrun for netflix_etl_pipeline to 2026-09-06 00:00:00+00:00, run_after=2026-09-07 00:00:00+00:00
[2026-09-07T07:47:52.716+0000] {processor.py:183} INFO - Processing /opt/airflow/dags/netflix_dag.py took 0.118 seconds
[2026-09-07T07:48:22.805+0000] {processor.py:161} INFO - Started process (PID=5813) to work on /opt/airflow/dags/netflix_dag.py
[2026-09-07T07:48:22.806+0000] {processor.py:830} INFO - Processing file /opt/airflow/dags/netflix_dag.py for tasks to queue
[2026-09-07T07:48:22.809+0000] {logging_mixin.py:188} INFO - [2026-09-07T07:48:22.809+0000] {dagbag.py:545} INFO - Filling up the DagBag from /opt/airflow/dags/netflix_dag.py
[2026-09-07T07:48:22.835+0000] {processor.py:840} INFO - DAG(s) 'netflix_etl_pipeline' retrieved from /opt/airflow/dags/netflix_dag.py
[2026-09-07T07:48:22.872+0000] {logging_mixin.py:188} INFO - [2026-09-07T07:48:22.872+0000] {dag.py:3089} INFO - Sync 1 DAGs
[2026-09-07T07:48:22.895+0000] {logging_mixin.py:188} INFO - [2026-09-07T07:48:22.895+0000] {dag.py:3947} INFO - Setting next_dagrun for netflix_etl_pipeline to 2026-09-06 00:00:00+00:00, run_after=2026-09-07 00:00:00+00:00
[2026-09-07T07:48:22.917+0000] {processor.py:183} INFO - Processing /opt/airflow/dags/netflix_dag.py took 0.120 seconds
[2026-09-07T07:48:53.119+0000] {processor.py:161} INFO - Started process (PID=5824) to work on /opt/airflow/dags/netflix_dag.py
[2026-09-07T07:48:53.120+0000] {processor.py:830} INFO - Processing file /opt/airflow/dags/netflix_dag.py for tasks to queue
[2026-09-07T07:48:53.123+0000] {logging_mixin.py:188} INFO - [2026-09-07T07:48:53.123+0000] {dagbag.py:545} INFO - Filling up the DagBag from /opt/airflow/dags/netflix_dag.py
[2026-09-07T07:48:53.149+0000] {processor.py:840} INFO - DAG(s) 'netflix_etl_pipeline' retrieved from /opt/airflow/dags/netflix_dag.py
[2026-09-07T07:48:53.184+0000] {logging_mixin.py:188} INFO - [2026-09-07T07:48:53.184+0000] {dag.py:3089} INFO - Sync 1 DAGs
[2026-09-07T07:48:53.205+0000] {logging_mixin.py:188} INFO - [2026-09-07T07:48:53.205+0000] {dag.py:3947} INFO - Setting next_dagrun for netflix_etl_pipeline to 2026-09-06 00:00:00+00:00, run_after=2026-09-07 00:00:00+00:00
[2026-09-07T07:48:53.226+0000] {processor.py:183} INFO - Processing /opt/airflow/dags/netflix_dag.py took 0.114 seconds
[2026-09-07T07:49:23.329+0000] {processor.py:161} INFO - Started process (PID=5835) to work on /opt/airflow/dags/netflix_dag.py
[2026-09-07T07:49:23.331+0000] {processor.py:830} INFO - Processing file /opt/airflow/dags/netflix_dag.py for tasks to queue
[2026-09-07T07:49:23.334+0000] {logging_mixin.py:188} INFO - [2026-09-07T07:49:23.333+0000] {dagbag.py:545} INFO - Filling up the DagBag from /opt/airflow/dags/netflix_dag.py
[2026-09-07T07:49:23.363+0000] {processor.py:840} INFO - DAG(s) 'netflix_etl_pipeline' retrieved from /opt/airflow/dags/netflix_dag.py
[2026-09-07T07:49:23.399+0000] {logging_mixin.py:188} INFO - [2026-09-07T07:49:23.398+0000] {dag.py:3089} INFO - Sync 1 DAGs
[2026-09-07T07:49:23.420+0000] {logging_mixin.py:188} INFO - [2026-09-07T07:49:23.420+0000] {dag.py:3947} INFO - Setting next_dagrun for netflix_etl_pipeline to 2026-09-06 00:00:00+00:00, run_after=2026-09-07 00:00:00+00:00
[2026-09-07T07:49:23.444+0000] {processor.py:183} INFO - Processing /opt/airflow/dags/netflix_dag.py took 0.121 seconds
[2026-09-07T07:49:53.662+0000] {processor.py:161} INFO - Started process (PID=5846) to work on /opt/airflow/dags/netflix_dag.py
[2026-09-07T07:49:53.664+0000] {processor.py:830} INFO - Processing file /opt/airflow/dags/netflix_dag.py for tasks to queue
[2026-09-07T07:49:53.666+0000] {logging_mixin.py:188} INFO - [2026-09-07T07:49:53.666+0000] {dagbag.py:545} INFO - Filling up the DagBag from /opt/airflow/dags/netflix_dag.py
[2026-09-07T07:49:53.690+0000] {processor.py:840} INFO - DAG(s) 'netflix_etl_pipeline' retrieved from /opt/airflow/dags/netflix_dag.py
[2026-09-07T07:49:53.725+0000] {logging_mixin.py:188} INFO - [2026-09-07T07:49:53.725+0000] {dag.py:3089} INFO - Sync 1 DAGs
[2026-09-07T07:49:53.753+0000] {logging_mixin.py:188} INFO - [2026-09-07T07:49:53.753+0000] {dag.py:3947} INFO - Setting next_dagrun for netflix_etl_pipeline to 2026-09-06 00:00:00+00:00, run_after=2026-09-07 00:00:00+00:00
[2026-09-07T07:49:53.774+0000] {processor.py:183} INFO - Processing /opt/airflow/dags/netflix_dag.py took 0.117 seconds
[2026-09-07T07:50:23.863+0000] {processor.py:161} INFO - Started process (PID=5857) to work on /opt/airflow/dags/netflix_dag.py
[2026-09-07T07:50:23.865+0000] {processor.py:830} INFO - Processing file /opt/airflow/dags/netflix_dag.py for tasks to queue
[2026-09-07T07:50:23.868+0000] {logging_mixin.py:188} INFO - [2026-09-07T07:50:23.868+0000] {dagbag.py:545} INFO - Filling up the DagBag from /opt/airflow/dags/netflix_dag.py
[2026-09-07T07:50:23.897+0000] {processor.py:840} INFO - DAG(s) 'netflix_etl_pipeline' retrieved from /opt/airflow/dags/netflix_dag.py
[2026-09-07T07:50:23.936+0000] {logging_mixin.py:188} INFO - [2026-09-07T07:50:23.936+0000] {dag.py:3089} INFO - Sync 1 DAGs
[2026-09-07T07:50:23.960+0000] {logging_mixin.py:188} INFO - [2026-09-07T07:50:23.960+0000] {dag.py:3947} INFO - Setting next_dagrun for netflix_etl_pipeline to 2026-09-06 00:00:00+00:00, run_after=2026-09-07 00:00:00+00:00
[2026-09-07T07:50:23.982+0000] {processor.py:183} INFO - Processing /opt/airflow/dags/netflix_dag.py took 0.125 seconds
[2026-09-07T07:50:54.172+0000] {processor.py:161} INFO - Started process (PID=5869) to work on /opt/airflow/dags/netflix_dag.py
[2026-09-07T07:50:54.174+0000] {processor.py:830} INFO - Processing file /opt/airflow/dags/netflix_dag.py for tasks to queue
[2026-09-07T07:50:54.178+0000] {logging_mixin.py:188} INFO - [2026-09-07T07:50:54.177+0000] {dagbag.py:545} INFO - Filling up the DagBag from /opt/airflow/dags/netflix_dag.py
[2026-09-07T07:50:54.203+0000] {processor.py:840} INFO - DAG(s) 'netflix_etl_pipeline' retrieved from /opt/airflow/dags/netflix_dag.py
[2026-09-07T07:50:54.247+0000] {logging_mixin.py:188} INFO - [2026-09-07T07:50:54.247+0000] {dag.py:3089} INFO - Sync 1 DAGs
[2026-09-07T07:50:54.272+0000] {logging_mixin.py:188} INFO - [2026-09-07T07:50:54.272+0000] {dag.py:3947} INFO - Setting next_dagrun for netflix_etl_pipeline to 2026-09-06 00:00:00+00:00, run_after=2026-09-07 00:00:00+00:00
[2026-09-07T07:50:54.294+0000] {processor.py:183} INFO - Processing /opt/airflow/dags/netflix_dag.py took 0.129 seconds
[2026-09-07T07:51:24.375+0000] {processor.py:161} INFO - Started process (PID=5880) to work on /opt/airflow/dags/netflix_dag.py
[2026-09-07T07:51:24.376+0000] {processor.py:830} INFO - Processing file /opt/airflow/dags/netflix_dag.py for tasks to queue
[2026-09-07T07:51:24.379+0000] {logging_mixin.py:188} INFO - [2026-09-07T07:51:24.379+0000] {dagbag.py:545} INFO - Filling up the DagBag from /opt/airflow/dags/netflix_dag.py
[2026-09-07T07:51:24.402+0000] {processor.py:840} INFO - DAG(s) 'netflix_etl_pipeline' retrieved from /opt/airflow/dags/netflix_dag.py
[2026-09-07T07:51:24.438+0000] {logging_mixin.py:188} INFO - [2026-09-07T07:51:24.438+0000] {dag.py:3089} INFO - Sync 1 DAGs
[2026-09-07T07:51:24.460+0000] {logging_mixin.py:188} INFO - [2026-09-07T07:51:24.460+0000] {dag.py:3947} INFO - Setting next_dagrun for netflix_etl_pipeline to 2026-09-06 00:00:00+00:00, run_after=2026-09-07 00:00:00+00:00
[2026-09-07T07:51:24.483+0000] {processor.py:183} INFO - Processing /opt/airflow/dags/netflix_dag.py took 0.114 seconds
[2026-09-07T07:51:54.703+0000] {processor.py:161} INFO - Started process (PID=5891) to work on /opt/airflow/dags/netflix_dag.py
[2026-09-07T07:51:54.705+0000] {processor.py:830} INFO - Processing file /opt/airflow/dags/netflix_dag.py for tasks to queue
[2026-09-07T07:51:54.707+0000] {logging_mixin.py:188} INFO - [2026-09-07T07:51:54.707+0000] {dagbag.py:545} INFO - Filling up the DagBag from /opt/airflow/dags/netflix_dag.py
[2026-09-07T07:51:54.734+0000] {processor.py:840} INFO - DAG(s) 'netflix_etl_pipeline' retrieved from /opt/airflow/dags/netflix_dag.py
[2026-09-07T07:51:54.769+0000] {logging_mixin.py:188} INFO - [2026-09-07T07:51:54.769+0000] {dag.py:3089} INFO - Sync 1 DAGs
[2026-09-07T07:51:54.791+0000] {logging_mixin.py:188} INFO - [2026-09-07T07:51:54.790+0000] {dag.py:3947} INFO - Setting next_dagrun for netflix_etl_pipeline to 2026-09-06 00:00:00+00:00, run_after=2026-09-07 00:00:00+00:00
[2026-09-07T07:51:54.813+0000] {processor.py:183} INFO - Processing /opt/airflow/dags/netflix_dag.py took 0.118 seconds
[2026-09-07T07:52:24.896+0000] {processor.py:161} INFO - Started process (PID=5902) to work on /opt/airflow/dags/netflix_dag.py
[2026-09-07T07:52:24.898+0000] {processor.py:830} INFO - Processing file /opt/airflow/dags/netflix_dag.py for tasks to queue
[2026-09-07T07:52:24.901+0000] {logging_mixin.py:188} INFO - [2026-09-07T07:52:24.901+0000] {dagbag.py:545} INFO - Filling up the DagBag from /opt/airflow/dags/netflix_dag.py
[2026-09-07T07:52:24.929+0000] {processor.py:840} INFO - DAG(s) 'netflix_etl_pipeline' retrieved from /opt/airflow/dags/netflix_dag.py
[2026-09-07T07:52:24.963+0000] {logging_mixin.py:188} INFO - [2026-09-07T07:52:24.963+0000] {dag.py:3089} INFO - Sync 1 DAGs
[2026-09-07T07:52:24.986+0000] {logging_mixin.py:188} INFO - [2026-09-07T07:52:24.986+0000] {dag.py:3947} INFO - Setting next_dagrun for netflix_etl_pipeline to 2026-09-06 00:00:00+00:00, run_after=2026-09-07 00:00:00+00:00
[2026-09-07T07:52:25.009+0000] {processor.py:183} INFO - Processing /opt/airflow/dags/netflix_dag.py took 0.119 seconds
[2026-09-07T07:52:55.210+0000] {processor.py:161} INFO - Started process (PID=5913) to work on /opt/airflow/dags/netflix_dag.py
[2026-09-07T07:52:55.211+0000] {processor.py:830} INFO - Processing file /opt/airflow/dags/netflix_dag.py for tasks to queue
[2026-09-07T07:52:55.214+0000] {logging_mixin.py:188} INFO - [2026-09-07T07:52:55.214+0000] {dagbag.py:545} INFO - Filling up the DagBag from /opt/airflow/dags/netflix_dag.py
[2026-09-07T07:52:55.237+0000] {processor.py:840} INFO - DAG(s) 'netflix_etl_pipeline' retrieved from /opt/airflow/dags/netflix_dag.py
[2026-09-07T07:52:55.273+0000] {logging_mixin.py:188} INFO - [2026-09-07T07:52:55.272+0000] {dag.py:3089} INFO - Sync 1 DAGs
[2026-09-07T07:52:55.295+0000] {logging_mixin.py:188} INFO - [2026-09-07T07:52:55.295+0000] {dag.py:3947} INFO - Setting next_dagrun for netflix_etl_pipeline to 2026-09-06 00:00:00+00:00, run_after=2026-09-07 00:00:00+00:00
[2026-09-07T07:52:55.318+0000] {processor.py:183} INFO - Processing /opt/airflow/dags/netflix_dag.py took 0.114 seconds
[2026-09-07T07:53:25.417+0000] {processor.py:161} INFO - Started process (PID=5924) to work on /opt/airflow/dags/netflix_dag.py
[2026-09-07T07:53:25.419+0000] {processor.py:830} INFO - Processing file /opt/airflow/dags/netflix_dag.py for tasks to queue
[2026-09-07T07:53:25.423+0000] {logging_mixin.py:188} INFO - [2026-09-07T07:53:25.422+0000] {dagbag.py:545} INFO - Filling up the DagBag from /opt/airflow/dags/netflix_dag.py
[2026-09-07T07:53:25.446+0000] {processor.py:840} INFO - DAG(s) 'netflix_etl_pipeline' retrieved from /opt/airflow/dags/netflix_dag.py
[2026-09-07T07:53:25.484+0000] {logging_mixin.py:188} INFO - [2026-09-07T07:53:25.484+0000] {dag.py:3089} INFO - Sync 1 DAGs
[2026-09-07T07:53:25.507+0000] {logging_mixin.py:188} INFO - [2026-09-07T07:53:25.507+0000] {dag.py:3947} INFO - Setting next_dagrun for netflix_etl_pipeline to 2026-09-06 00:00:00+00:00, run_after=2026-09-07 00:00:00+00:00
[2026-09-07T07:53:25.529+0000] {processor.py:183} INFO - Processing /opt/airflow/dags/netflix_dag.py took 0.119 seconds
[2026-09-07T07:53:55.727+0000] {processor.py:161} INFO - Started process (PID=5935) to work on /opt/airflow/dags/netflix_dag.py
[2026-09-07T07:53:55.729+0000] {processor.py:830} INFO - Processing file /opt/airflow/dags/netflix_dag.py for tasks to queue
[2026-09-07T07:53:55.733+0000] {logging_mixin.py:188} INFO - [2026-09-07T07:53:55.732+0000] {dagbag.py:545} INFO - Filling up the DagBag from /opt/airflow/dags/netflix_dag.py
[2026-09-07T07:53:55.753+0000] {processor.py:840} INFO - DAG(s) 'netflix_etl_pipeline' retrieved from /opt/airflow/dags/netflix_dag.py
[2026-09-07T07:53:55.790+0000] {logging_mixin.py:188} INFO - [2026-09-07T07:53:55.789+0000] {dag.py:3089} INFO - Sync 1 DAGs
[2026-09-07T07:53:55.811+0000] {logging_mixin.py:188} INFO - [2026-09-07T07:53:55.811+0000] {dag.py:3947} INFO - Setting next_dagrun for netflix_etl_pipeline to 2026-09-06 00:00:00+00:00, run_after=2026-09-07 00:00:00+00:00
[2026-09-07T07:53:55.834+0000] {processor.py:183} INFO - Processing /opt/airflow/dags/netflix_dag.py took 0.113 seconds
[2026-09-07T07:54:25.964+0000] {processor.py:161} INFO - Started process (PID=5946) to work on /opt/airflow/dags/netflix_dag.py
[2026-09-07T07:54:25.966+0000] {processor.py:830} INFO - Processing file /opt/airflow/dags/netflix_dag.py for tasks to queue
[2026-09-07T07:54:25.969+0000] {logging_mixin.py:188} INFO - [2026-09-07T07:54:25.968+0000] {dagbag.py:545} INFO - Filling up the DagBag from /opt/airflow/dags/netflix_dag.py
[2026-09-07T07:54:26.004+0000] {processor.py:840} INFO - DAG(s) 'netflix_etl_pipeline' retrieved from /opt/airflow/dags/netflix_dag.py
[2026-09-07T07:54:26.055+0000] {logging_mixin.py:188} INFO - [2026-09-07T07:54:26.055+0000] {dag.py:3089} INFO - Sync 1 DAGs
[2026-09-07T07:54:26.078+0000] {logging_mixin.py:188} INFO - [2026-09-07T07:54:26.078+0000] {dag.py:3947} INFO - Setting next_dagrun for netflix_etl_pipeline to 2026-09-06 00:00:00+00:00, run_after=2026-09-07 00:00:00+00:00
[2026-09-07T07:54:26.101+0000] {processor.py:183} INFO - Processing /opt/airflow/dags/netflix_dag.py took 0.145 seconds
[2026-09-07T07:54:56.235+0000] {processor.py:161} INFO - Started process (PID=5957) to work on /opt/airflow/dags/netflix_dag.py
[2026-09-07T07:54:56.237+0000] {processor.py:830} INFO - Processing file /opt/airflow/dags/netflix_dag.py for tasks to queue
[2026-09-07T07:54:56.240+0000] {logging_mixin.py:188} INFO - [2026-09-07T07:54:56.239+0000] {dagbag.py:545} INFO - Filling up the DagBag from /opt/airflow/dags/netflix_dag.py
[2026-09-07T07:54:56.270+0000] {processor.py:840} INFO - DAG(s) 'netflix_etl_pipeline' retrieved from /opt/airflow/dags/netflix_dag.py
[2026-09-07T07:54:56.308+0000] {logging_mixin.py:188} INFO - [2026-09-07T07:54:56.308+0000] {dag.py:3089} INFO - Sync 1 DAGs
[2026-09-07T07:54:56.332+0000] {logging_mixin.py:188} INFO - [2026-09-07T07:54:56.332+0000] {dag.py:3947} INFO - Setting next_dagrun for netflix_etl_pipeline to 2026-09-06 00:00:00+00:00, run_after=2026-09-07 00:00:00+00:00
[2026-09-07T07:54:56.357+0000] {processor.py:183} INFO - Processing /opt/airflow/dags/netflix_dag.py took 0.129 seconds
[2026-09-07T07:55:26.490+0000] {processor.py:161} INFO - Started process (PID=5969) to work on /opt/airflow/dags/netflix_dag.py
[2026-09-07T07:55:26.492+0000] {processor.py:830} INFO - Processing file /opt/airflow/dags/netflix_dag.py for tasks to queue
[2026-09-07T07:55:26.494+0000] {logging_mixin.py:188} INFO - [2026-09-07T07:55:26.494+0000] {dagbag.py:545} INFO - Filling up the DagBag from /opt/airflow/dags/netflix_dag.py
[2026-09-07T07:55:26.516+0000] {processor.py:840} INFO - DAG(s) 'netflix_etl_pipeline' retrieved from /opt/airflow/dags/netflix_dag.py
[2026-09-07T07:55:26.558+0000] {logging_mixin.py:188} INFO - [2026-09-07T07:55:26.558+0000] {dag.py:3089} INFO - Sync 1 DAGs
[2026-09-07T07:55:26.588+0000] {logging_mixin.py:188} INFO - [2026-09-07T07:55:26.588+0000] {dag.py:3947} INFO - Setting next_dagrun for netflix_etl_pipeline to 2026-09-06 00:00:00+00:00, run_after=2026-09-07 00:00:00+00:00
[2026-09-07T07:55:26.613+0000] {processor.py:183} INFO - Processing /opt/airflow/dags/netflix_dag.py took 0.129 seconds
[2026-09-07T07:55:56.748+0000] {processor.py:161} INFO - Started process (PID=5980) to work on /opt/airflow/dags/netflix_dag.py
[2026-09-07T07:55:56.750+0000] {processor.py:830} INFO - Processing file /opt/airflow/dags/netflix_dag.py for tasks to queue
[2026-09-07T07:55:56.753+0000] {logging_mixin.py:188} INFO - [2026-09-07T07:55:56.752+0000] {dagbag.py:545} INFO - Filling up the DagBag from /opt/airflow/dags/netflix_dag.py
[2026-09-07T07:55:56.778+0000] {processor.py:840} INFO - DAG(s) 'netflix_etl_pipeline' retrieved from /opt/airflow/dags/netflix_dag.py
[2026-09-07T07:55:56.823+0000] {logging_mixin.py:188} INFO - [2026-09-07T07:55:56.822+0000] {dag.py:3089} INFO - Sync 1 DAGs
[2026-09-07T07:55:56.847+0000] {logging_mixin.py:188} INFO - [2026-09-07T07:55:56.847+0000] {dag.py:3947} INFO - Setting next_dagrun for netflix_etl_pipeline to 2026-09-06 00:00:00+00:00, run_after=2026-09-07 00:00:00+00:00
[2026-09-07T07:55:56.870+0000] {processor.py:183} INFO - Processing /opt/airflow/dags/netflix_dag.py took 0.129 seconds
[2026-09-07T07:56:27.001+0000] {processor.py:161} INFO - Started process (PID=5991) to work on /opt/airflow/dags/netflix_dag.py
[2026-09-07T07:56:27.003+0000] {processor.py:830} INFO - Processing file /opt/airflow/dags/netflix_dag.py for tasks to queue
[2026-09-07T07:56:27.005+0000] {logging_mixin.py:188} INFO - [2026-09-07T07:56:27.005+0000] {dagbag.py:545} INFO - Filling up the DagBag from /opt/airflow/dags/netflix_dag.py
[2026-09-07T07:56:27.032+0000] {processor.py:840} INFO - DAG(s) 'netflix_etl_pipeline' retrieved from /opt/airflow/dags/netflix_dag.py
[2026-09-07T07:56:27.068+0000] {logging_mixin.py:188} INFO - [2026-09-07T07:56:27.068+0000] {dag.py:3089} INFO - Sync 1 DAGs
[2026-09-07T07:56:27.092+0000] {logging_mixin.py:188} INFO - [2026-09-07T07:56:27.092+0000] {dag.py:3947} INFO - Setting next_dagrun for netflix_etl_pipeline to 2026-09-06 00:00:00+00:00, run_after=2026-09-07 00:00:00+00:00
[2026-09-07T07:56:27.116+0000] {processor.py:183} INFO - Processing /opt/airflow/dags/netflix_dag.py took 0.120 seconds
[2026-09-07T07:56:57.258+0000] {processor.py:161} INFO - Started process (PID=6002) to work on /opt/airflow/dags/netflix_dag.py
[2026-09-07T07:56:57.260+0000] {processor.py:830} INFO - Processing file /opt/airflow/dags/netflix_dag.py for tasks to queue
[2026-09-07T07:56:57.262+0000] {logging_mixin.py:188} INFO - [2026-09-07T07:56:57.262+0000] {dagbag.py:545} INFO - Filling up the DagBag from /opt/airflow/dags/netflix_dag.py
[2026-09-07T07:56:57.288+0000] {processor.py:840} INFO - DAG(s) 'netflix_etl_pipeline' retrieved from /opt/airflow/dags/netflix_dag.py
[2026-09-07T07:56:57.329+0000] {logging_mixin.py:188} INFO - [2026-09-07T07:56:57.329+0000] {dag.py:3089} INFO - Sync 1 DAGs
[2026-09-07T07:56:57.355+0000] {logging_mixin.py:188} INFO - [2026-09-07T07:56:57.354+0000] {dag.py:3947} INFO - Setting next_dagrun for netflix_etl_pipeline to 2026-09-06 00:00:00+00:00, run_after=2026-09-07 00:00:00+00:00
[2026-09-07T07:56:57.377+0000] {processor.py:183} INFO - Processing /opt/airflow/dags/netflix_dag.py took 0.125 seconds
[2026-09-07T07:57:27.502+0000] {processor.py:161} INFO - Started process (PID=6013) to work on /opt/airflow/dags/netflix_dag.py
[2026-09-07T07:57:27.503+0000] {processor.py:830} INFO - Processing file /opt/airflow/dags/netflix_dag.py for tasks to queue
[2026-09-07T07:57:27.506+0000] {logging_mixin.py:188} INFO - [2026-09-07T07:57:27.506+0000] {dagbag.py:545} INFO - Filling up the DagBag from /opt/airflow/dags/netflix_dag.py
[2026-09-07T07:57:27.537+0000] {processor.py:840} INFO - DAG(s) 'netflix_etl_pipeline' retrieved from /opt/airflow/dags/netflix_dag.py
[2026-09-07T07:57:27.572+0000] {logging_mixin.py:188} INFO - [2026-09-07T07:57:27.572+0000] {dag.py:3089} INFO - Sync 1 DAGs
[2026-09-07T07:57:27.594+0000] {logging_mixin.py:188} INFO - [2026-09-07T07:57:27.594+0000] {dag.py:3947} INFO - Setting next_dagrun for netflix_etl_pipeline to 2026-09-06 00:00:00+00:00, run_after=2026-09-07 00:00:00+00:00
[2026-09-07T07:57:27.617+0000] {processor.py:183} INFO - Processing /opt/airflow/dags/netflix_dag.py took 0.122 seconds
[2026-09-07T07:57:57.763+0000] {processor.py:161} INFO - Started process (PID=6024) to work on /opt/airflow/dags/netflix_dag.py
[2026-09-07T07:57:57.765+0000] {processor.py:830} INFO - Processing file /opt/airflow/dags/netflix_dag.py for tasks to queue
[2026-09-07T07:57:57.768+0000] {logging_mixin.py:188} INFO - [2026-09-07T07:57:57.768+0000] {dagbag.py:545} INFO - Filling up the DagBag from /opt/airflow/dags/netflix_dag.py
[2026-09-07T07:57:57.791+0000] {processor.py:840} INFO - DAG(s) 'netflix_etl_pipeline' retrieved from /opt/airflow/dags/netflix_dag.py
[2026-09-07T07:57:57.830+0000] {logging_mixin.py:188} INFO - [2026-09-07T07:57:57.829+0000] {dag.py:3089} INFO - Sync 1 DAGs
[2026-09-07T07:57:57.853+0000] {logging_mixin.py:188} INFO - [2026-09-07T07:57:57.852+0000] {dag.py:3947} INFO - Setting next_dagrun for netflix_etl_pipeline to 2026-09-06 00:00:00+00:00, run_after=2026-09-07 00:00:00+00:00
[2026-09-07T07:57:57.876+0000] {processor.py:183} INFO - Processing /opt/airflow/dags/netflix_dag.py took 0.119 seconds
[2026-09-07T07:58:28.012+0000] {processor.py:161} INFO - Started process (PID=6035) to work on /opt/airflow/dags/netflix_dag.py
[2026-09-07T07:58:28.014+0000] {processor.py:830} INFO - Processing file /opt/airflow/dags/netflix_dag.py for tasks to queue
[2026-09-07T07:58:28.017+0000] {logging_mixin.py:188} INFO - [2026-09-07T07:58:28.016+0000] {dagbag.py:545} INFO - Filling up the DagBag from /opt/airflow/dags/netflix_dag.py
[2026-09-07T07:58:28.040+0000] {processor.py:840} INFO - DAG(s) 'netflix_etl_pipeline' retrieved from /opt/airflow/dags/netflix_dag.py
[2026-09-07T07:58:28.076+0000] {logging_mixin.py:188} INFO - [2026-09-07T07:58:28.075+0000] {dag.py:3089} INFO - Sync 1 DAGs
[2026-09-07T07:58:28.097+0000] {logging_mixin.py:188} INFO - [2026-09-07T07:58:28.097+0000] {dag.py:3947} INFO - Setting next_dagrun for netflix_etl_pipeline to 2026-09-06 00:00:00+00:00, run_after=2026-09-07 00:00:00+00:00
[2026-09-07T07:58:28.119+0000] {processor.py:183} INFO - Processing /opt/airflow/dags/netflix_dag.py took 0.115 seconds
[2026-09-07T07:58:58.287+0000] {processor.py:161} INFO - Started process (PID=6046) to work on /opt/airflow/dags/netflix_dag.py
[2026-09-07T07:58:58.289+0000] {processor.py:830} INFO - Processing file /opt/airflow/dags/netflix_dag.py for tasks to queue
[2026-09-07T07:58:58.292+0000] {logging_mixin.py:188} INFO - [2026-09-07T07:58:58.292+0000] {dagbag.py:545} INFO - Filling up the DagBag from /opt/airflow/dags/netflix_dag.py
[2026-09-07T07:58:58.316+0000] {processor.py:840} INFO - DAG(s) 'netflix_etl_pipeline' retrieved from /opt/airflow/dags/netflix_dag.py
[2026-09-07T07:58:58.358+0000] {logging_mixin.py:188} INFO - [2026-09-07T07:58:58.357+0000] {dag.py:3089} INFO - Sync 1 DAGs
[2026-09-07T07:58:58.381+0000] {logging_mixin.py:188} INFO - [2026-09-07T07:58:58.380+0000] {dag.py:3947} INFO - Setting next_dagrun for netflix_etl_pipeline to 2026-09-06 00:00:00+00:00, run_after=2026-09-07 00:00:00+00:00
[2026-09-07T07:58:58.403+0000] {processor.py:183} INFO - Processing /opt/airflow/dags/netflix_dag.py took 0.124 seconds
[2026-09-07T07:59:28.547+0000] {processor.py:161} INFO - Started process (PID=6057) to work on /opt/airflow/dags/netflix_dag.py
[2026-09-07T07:59:28.549+0000] {processor.py:830} INFO - Processing file /opt/airflow/dags/netflix_dag.py for tasks to queue
[2026-09-07T07:59:28.551+0000] {logging_mixin.py:188} INFO - [2026-09-07T07:59:28.551+0000] {dagbag.py:545} INFO - Filling up the DagBag from /opt/airflow/dags/netflix_dag.py
[2026-09-07T07:59:28.575+0000] {processor.py:840} INFO - DAG(s) 'netflix_etl_pipeline' retrieved from /opt/airflow/dags/netflix_dag.py
[2026-09-07T07:59:28.608+0000] {logging_mixin.py:188} INFO - [2026-09-07T07:59:28.608+0000] {dag.py:3089} INFO - Sync 1 DAGs
[2026-09-07T07:59:28.632+0000] {logging_mixin.py:188} INFO - [2026-09-07T07:59:28.631+0000] {dag.py:3947} INFO - Setting next_dagrun for netflix_etl_pipeline to 2026-09-06 00:00:00+00:00, run_after=2026-09-07 00:00:00+00:00
[2026-09-07T07:59:28.653+0000] {processor.py:183} INFO - Processing /opt/airflow/dags/netflix_dag.py took 0.112 seconds
[2026-09-07T07:59:58.794+0000] {processor.py:161} INFO - Started process (PID=6068) to work on /opt/airflow/dags/netflix_dag.py
[2026-09-07T07:59:58.796+0000] {processor.py:830} INFO - Processing file /opt/airflow/dags/netflix_dag.py for tasks to queue
[2026-09-07T07:59:58.799+0000] {logging_mixin.py:188} INFO - [2026-09-07T07:59:58.799+0000] {dagbag.py:545} INFO - Filling up the DagBag from /opt/airflow/dags/netflix_dag.py
[2026-09-07T07:59:58.829+0000] {processor.py:840} INFO - DAG(s) 'netflix_etl_pipeline' retrieved from /opt/airflow/dags/netflix_dag.py
[2026-09-07T07:59:58.864+0000] {logging_mixin.py:188} INFO - [2026-09-07T07:59:58.863+0000] {dag.py:3089} INFO - Sync 1 DAGs
[2026-09-07T07:59:58.885+0000] {logging_mixin.py:188} INFO - [2026-09-07T07:59:58.885+0000] {dag.py:3947} INFO - Setting next_dagrun for netflix_etl_pipeline to 2026-09-06 00:00:00+00:00, run_after=2026-09-07 00:00:00+00:00
[2026-09-07T07:59:58.907+0000] {processor.py:183} INFO - Processing /opt/airflow/dags/netflix_dag.py took 0.119 seconds
[2026-09-07T08:00:29.061+0000] {processor.py:161} INFO - Started process (PID=6079) to work on /opt/airflow/dags/netflix_dag.py
[2026-09-07T08:00:29.063+0000] {processor.py:830} INFO - Processing file /opt/airflow/dags/netflix_dag.py for tasks to queue
[2026-09-07T08:00:29.066+0000] {logging_mixin.py:188} INFO - [2026-09-07T08:00:29.066+0000] {dagbag.py:545} INFO - Filling up the DagBag from /opt/airflow/dags/netflix_dag.py
[2026-09-07T08:00:29.096+0000] {processor.py:840} INFO - DAG(s) 'netflix_etl_pipeline' retrieved from /opt/airflow/dags/netflix_dag.py
[2026-09-07T08:00:29.131+0000] {logging_mixin.py:188} INFO - [2026-09-07T08:00:29.130+0000] {dag.py:3089} INFO - Sync 1 DAGs
[2026-09-07T08:00:29.152+0000] {logging_mixin.py:188} INFO - [2026-09-07T08:00:29.152+0000] {dag.py:3947} INFO - Setting next_dagrun for netflix_etl_pipeline to 2026-09-06 00:00:00+00:00, run_after=2026-09-07 00:00:00+00:00
[2026-09-07T08:00:29.176+0000] {processor.py:183} INFO - Processing /opt/airflow/dags/netflix_dag.py took 0.123 seconds
[2026-09-07T08:00:59.309+0000] {processor.py:161} INFO - Started process (PID=6091) to work on /opt/airflow/dags/netflix_dag.py
[2026-09-07T08:00:59.311+0000] {processor.py:830} INFO - Processing file /opt/airflow/dags/netflix_dag.py for tasks to queue
[2026-09-07T08:00:59.314+0000] {logging_mixin.py:188} INFO - [2026-09-07T08:00:59.314+0000] {dagbag.py:545} INFO - Filling up the DagBag from /opt/airflow/dags/netflix_dag.py
[2026-09-07T08:00:59.339+0000] {processor.py:840} INFO - DAG(s) 'netflix_etl_pipeline' retrieved from /opt/airflow/dags/netflix_dag.py
[2026-09-07T08:00:59.377+0000] {logging_mixin.py:188} INFO - [2026-09-07T08:00:59.377+0000] {dag.py:3089} INFO - Sync 1 DAGs
[2026-09-07T08:00:59.399+0000] {logging_mixin.py:188} INFO - [2026-09-07T08:00:59.399+0000] {dag.py:3947} INFO - Setting next_dagrun for netflix_etl_pipeline to 2026-09-06 00:00:00+00:00, run_after=2026-09-07 00:00:00+00:00
[2026-09-07T08:00:59.422+0000] {processor.py:183} INFO - Processing /opt/airflow/dags/netflix_dag.py took 0.120 seconds
[2026-09-07T08:01:29.571+0000] {processor.py:161} INFO - Started process (PID=6102) to work on /opt/airflow/dags/netflix_dag.py
[2026-09-07T08:01:29.573+0000] {processor.py:830} INFO - Processing file /opt/airflow/dags/netflix_dag.py for tasks to queue
[2026-09-07T08:01:29.576+0000] {logging_mixin.py:188} INFO - [2026-09-07T08:01:29.575+0000] {dagbag.py:545} INFO - Filling up the DagBag from /opt/airflow/dags/netflix_dag.py
[2026-09-07T08:01:29.601+0000] {processor.py:840} INFO - DAG(s) 'netflix_etl_pipeline' retrieved from /opt/airflow/dags/netflix_dag.py
[2026-09-07T08:01:29.637+0000] {logging_mixin.py:188} INFO - [2026-09-07T08:01:29.637+0000] {dag.py:3089} INFO - Sync 1 DAGs
[2026-09-07T08:01:29.661+0000] {logging_mixin.py:188} INFO - [2026-09-07T08:01:29.661+0000] {dag.py:3947} INFO - Setting next_dagrun for netflix_etl_pipeline to 2026-09-06 00:00:00+00:00, run_after=2026-09-07 00:00:00+00:00
[2026-09-07T08:01:29.690+0000] {processor.py:183} INFO - Processing /opt/airflow/dags/netflix_dag.py took 0.125 seconds
[2026-09-07T08:01:59.812+0000] {processor.py:161} INFO - Started process (PID=6113) to work on /opt/airflow/dags/netflix_dag.py
[2026-09-07T08:01:59.814+0000] {processor.py:830} INFO - Processing file /opt/airflow/dags/netflix_dag.py for tasks to queue
[2026-09-07T08:01:59.817+0000] {logging_mixin.py:188} INFO - [2026-09-07T08:01:59.816+0000] {dagbag.py:545} INFO - Filling up the DagBag from /opt/airflow/dags/netflix_dag.py
[2026-09-07T08:01:59.837+0000] {processor.py:840} INFO - DAG(s) 'netflix_etl_pipeline' retrieved from /opt/airflow/dags/netflix_dag.py
[2026-09-07T08:01:59.880+0000] {logging_mixin.py:188} INFO - [2026-09-07T08:01:59.880+0000] {dag.py:3089} INFO - Sync 1 DAGs
[2026-09-07T08:01:59.911+0000] {logging_mixin.py:188} INFO - [2026-09-07T08:01:59.911+0000] {dag.py:3947} INFO - Setting next_dagrun for netflix_etl_pipeline to 2026-09-06 00:00:00+00:00, run_after=2026-09-07 00:00:00+00:00
[2026-09-07T08:01:59.935+0000] {processor.py:183} INFO - Processing /opt/airflow/dags/netflix_dag.py took 0.132 seconds
[2026-09-07T08:02:30.087+0000] {processor.py:161} INFO - Started process (PID=6124) to work on /opt/airflow/dags/netflix_dag.py
[2026-09-07T08:02:30.089+0000] {processor.py:830} INFO - Processing file /opt/airflow/dags/netflix_dag.py for tasks to queue
[2026-09-07T08:02:30.092+0000] {logging_mixin.py:188} INFO - [2026-09-07T08:02:30.091+0000] {dagbag.py:545} INFO - Filling up the DagBag from /opt/airflow/dags/netflix_dag.py
[2026-09-07T08:02:30.115+0000] {processor.py:840} INFO - DAG(s) 'netflix_etl_pipeline' retrieved from /opt/airflow/dags/netflix_dag.py
[2026-09-07T08:02:30.152+0000] {logging_mixin.py:188} INFO - [2026-09-07T08:02:30.152+0000] {dag.py:3089} INFO - Sync 1 DAGs
[2026-09-07T08:02:30.184+0000] {logging_mixin.py:188} INFO - [2026-09-07T08:02:30.183+0000] {dag.py:3947} INFO - Setting next_dagrun for netflix_etl_pipeline to 2026-09-06 00:00:00+00:00, run_after=2026-09-07 00:00:00+00:00
[2026-09-07T08:02:30.212+0000] {processor.py:183} INFO - Processing /opt/airflow/dags/netflix_dag.py took 0.130 seconds
[2026-09-07T08:03:00.334+0000] {processor.py:161} INFO - Started process (PID=6135) to work on /opt/airflow/dags/netflix_dag.py
[2026-09-07T08:03:00.336+0000] {processor.py:830} INFO - Processing file /opt/airflow/dags/netflix_dag.py for tasks to queue
[2026-09-07T08:03:00.338+0000] {logging_mixin.py:188} INFO - [2026-09-07T08:03:00.338+0000] {dagbag.py:545} INFO - Filling up the DagBag from /opt/airflow/dags/netflix_dag.py
[2026-09-07T08:03:00.363+0000] {processor.py:840} INFO - DAG(s) 'netflix_etl_pipeline' retrieved from /opt/airflow/dags/netflix_dag.py
[2026-09-07T08:03:00.401+0000] {logging_mixin.py:188} INFO - [2026-09-07T08:03:00.401+0000] {dag.py:3089} INFO - Sync 1 DAGs
[2026-09-07T08:03:00.432+0000] {logging_mixin.py:188} INFO - [2026-09-07T08:03:00.432+0000] {dag.py:3947} INFO - Setting next_dagrun for netflix_etl_pipeline to 2026-09-06 00:00:00+00:00, run_after=2026-09-07 00:00:00+00:00
[2026-09-07T08:03:00.454+0000] {processor.py:183} INFO - Processing /opt/airflow/dags/netflix_dag.py took 0.127 seconds
[2026-09-07T08:03:30.601+0000] {processor.py:161} INFO - Started process (PID=6146) to work on /opt/airflow/dags/netflix_dag.py
[2026-09-07T08:03:30.603+0000] {processor.py:830} INFO - Processing file /opt/airflow/dags/netflix_dag.py for tasks to queue
[2026-09-07T08:03:30.605+0000] {logging_mixin.py:188} INFO - [2026-09-07T08:03:30.605+0000] {dagbag.py:545} INFO - Filling up the DagBag from /opt/airflow/dags/netflix_dag.py
[2026-09-07T08:03:30.634+0000] {processor.py:840} INFO - DAG(s) 'netflix_etl_pipeline' retrieved from /opt/airflow/dags/netflix_dag.py
[2026-09-07T08:03:30.669+0000] {logging_mixin.py:188} INFO - [2026-09-07T08:03:30.669+0000] {dag.py:3089} INFO - Sync 1 DAGs
[2026-09-07T08:03:30.698+0000] {logging_mixin.py:188} INFO - [2026-09-07T08:03:30.697+0000] {dag.py:3947} INFO - Setting next_dagrun for netflix_etl_pipeline to 2026-09-06 00:00:00+00:00, run_after=2026-09-07 00:00:00+00:00
[2026-09-07T08:03:30.719+0000] {processor.py:183} INFO - Processing /opt/airflow/dags/netflix_dag.py took 0.124 seconds
[2026-09-07T08:04:00.843+0000] {processor.py:161} INFO - Started process (PID=6157) to work on /opt/airflow/dags/netflix_dag.py
[2026-09-07T08:04:00.844+0000] {processor.py:830} INFO - Processing file /opt/airflow/dags/netflix_dag.py for tasks to queue
[2026-09-07T08:04:00.847+0000] {logging_mixin.py:188} INFO - [2026-09-07T08:04:00.847+0000] {dagbag.py:545} INFO - Filling up the DagBag from /opt/airflow/dags/netflix_dag.py
[2026-09-07T08:04:00.876+0000] {processor.py:840} INFO - DAG(s) 'netflix_etl_pipeline' retrieved from /opt/airflow/dags/netflix_dag.py
[2026-09-07T08:04:00.912+0000] {logging_mixin.py:188} INFO - [2026-09-07T08:04:00.912+0000] {dag.py:3089} INFO - Sync 1 DAGs
[2026-09-07T08:04:00.941+0000] {logging_mixin.py:188} INFO - [2026-09-07T08:04:00.940+0000] {dag.py:3947} INFO - Setting next_dagrun for netflix_etl_pipeline to 2026-09-06 00:00:00+00:00, run_after=2026-09-07 00:00:00+00:00
[2026-09-07T08:04:00.965+0000] {processor.py:183} INFO - Processing /opt/airflow/dags/netflix_dag.py took 0.130 seconds
[2026-09-07T08:04:31.153+0000] {processor.py:161} INFO - Started process (PID=6168) to work on /opt/airflow/dags/netflix_dag.py
[2026-09-07T08:04:31.155+0000] {processor.py:830} INFO - Processing file /opt/airflow/dags/netflix_dag.py for tasks to queue
[2026-09-07T08:04:31.158+0000] {logging_mixin.py:188} INFO - [2026-09-07T08:04:31.158+0000] {dagbag.py:545} INFO - Filling up the DagBag from /opt/airflow/dags/netflix_dag.py
[2026-09-07T08:04:31.182+0000] {processor.py:840} INFO - DAG(s) 'netflix_etl_pipeline' retrieved from /opt/airflow/dags/netflix_dag.py
[2026-09-07T08:04:31.222+0000] {logging_mixin.py:188} INFO - [2026-09-07T08:04:31.222+0000] {dag.py:3089} INFO - Sync 1 DAGs
[2026-09-07T08:04:31.247+0000] {logging_mixin.py:188} INFO - [2026-09-07T08:04:31.247+0000] {dag.py:3947} INFO - Setting next_dagrun for netflix_etl_pipeline to 2026-09-06 00:00:00+00:00, run_after=2026-09-07 00:00:00+00:00
[2026-09-07T08:04:31.272+0000] {processor.py:183} INFO - Processing /opt/airflow/dags/netflix_dag.py took 0.126 seconds
[2026-09-07T08:05:01.364+0000] {processor.py:161} INFO - Started process (PID=6179) to work on /opt/airflow/dags/netflix_dag.py
[2026-09-07T08:05:01.366+0000] {processor.py:830} INFO - Processing file /opt/airflow/dags/netflix_dag.py for tasks to queue
[2026-09-07T08:05:01.369+0000] {logging_mixin.py:188} INFO - [2026-09-07T08:05:01.368+0000] {dagbag.py:545} INFO - Filling up the DagBag from /opt/airflow/dags/netflix_dag.py
[2026-09-07T08:05:01.391+0000] {processor.py:840} INFO - DAG(s) 'netflix_etl_pipeline' retrieved from /opt/airflow/dags/netflix_dag.py
[2026-09-07T08:05:01.427+0000] {logging_mixin.py:188} INFO - [2026-09-07T08:05:01.426+0000] {dag.py:3089} INFO - Sync 1 DAGs
[2026-09-07T08:05:01.450+0000] {logging_mixin.py:188} INFO - [2026-09-07T08:05:01.449+0000] {dag.py:3947} INFO - Setting next_dagrun for netflix_etl_pipeline to 2026-09-06 00:00:00+00:00, run_after=2026-09-07 00:00:00+00:00
[2026-09-07T08:05:01.477+0000] {processor.py:183} INFO - Processing /opt/airflow/dags/netflix_dag.py took 0.119 seconds
[2026-09-07T08:05:31.668+0000] {processor.py:161} INFO - Started process (PID=6190) to work on /opt/airflow/dags/netflix_dag.py
[2026-09-07T08:05:31.670+0000] {processor.py:830} INFO - Processing file /opt/airflow/dags/netflix_dag.py for tasks to queue
[2026-09-07T08:05:31.673+0000] {logging_mixin.py:188} INFO - [2026-09-07T08:05:31.673+0000] {dagbag.py:545} INFO - Filling up the DagBag from /opt/airflow/dags/netflix_dag.py
[2026-09-07T08:05:31.698+0000] {processor.py:840} INFO - DAG(s) 'netflix_etl_pipeline' retrieved from /opt/airflow/dags/netflix_dag.py
[2026-09-07T08:05:31.744+0000] {logging_mixin.py:188} INFO - [2026-09-07T08:05:31.744+0000] {dag.py:3089} INFO - Sync 1 DAGs
[2026-09-07T08:05:31.769+0000] {logging_mixin.py:188} INFO - [2026-09-07T08:05:31.769+0000] {dag.py:3947} INFO - Setting next_dagrun for netflix_etl_pipeline to 2026-09-06 00:00:00+00:00, run_after=2026-09-07 00:00:00+00:00
[2026-09-07T08:05:31.792+0000] {processor.py:183} INFO - Processing /opt/airflow/dags/netflix_dag.py took 0.131 seconds
[2026-09-07T08:06:01.875+0000] {processor.py:161} INFO - Started process (PID=6201) to work on /opt/airflow/dags/netflix_dag.py
[2026-09-07T08:06:01.877+0000] {processor.py:830} INFO - Processing file /opt/airflow/dags/netflix_dag.py for tasks to queue
[2026-09-07T08:06:01.880+0000] {logging_mixin.py:188} INFO - [2026-09-07T08:06:01.880+0000] {dagbag.py:545} INFO - Filling up the DagBag from /opt/airflow/dags/netflix_dag.py
[2026-09-07T08:06:01.908+0000] {processor.py:840} INFO - DAG(s) 'netflix_etl_pipeline' retrieved from /opt/airflow/dags/netflix_dag.py
[2026-09-07T08:06:01.946+0000] {logging_mixin.py:188} INFO - [2026-09-07T08:06:01.946+0000] {dag.py:3089} INFO - Sync 1 DAGs
[2026-09-07T08:06:01.969+0000] {logging_mixin.py:188} INFO - [2026-09-07T08:06:01.969+0000] {dag.py:3947} INFO - Setting next_dagrun for netflix_etl_pipeline to 2026-09-06 00:00:00+00:00, run_after=2026-09-07 00:00:00+00:00
[2026-09-07T08:06:01.990+0000] {processor.py:183} INFO - Processing /opt/airflow/dags/netflix_dag.py took 0.124 seconds
[2026-09-07T08:06:32.175+0000] {processor.py:161} INFO - Started process (PID=6212) to work on /opt/airflow/dags/netflix_dag.py
[2026-09-07T08:06:32.177+0000] {processor.py:830} INFO - Processing file /opt/airflow/dags/netflix_dag.py for tasks to queue
[2026-09-07T08:06:32.181+0000] {logging_mixin.py:188} INFO - [2026-09-07T08:06:32.180+0000] {dagbag.py:545} INFO - Filling up the DagBag from /opt/airflow/dags/netflix_dag.py
[2026-09-07T08:06:32.205+0000] {processor.py:840} INFO - DAG(s) 'netflix_etl_pipeline' retrieved from /opt/airflow/dags/netflix_dag.py
[2026-09-07T08:06:32.242+0000] {logging_mixin.py:188} INFO - [2026-09-07T08:06:32.242+0000] {dag.py:3089} INFO - Sync 1 DAGs
[2026-09-07T08:06:32.270+0000] {logging_mixin.py:188} INFO - [2026-09-07T08:06:32.270+0000] {dag.py:3947} INFO - Setting next_dagrun for netflix_etl_pipeline to 2026-09-06 00:00:00+00:00, run_after=2026-09-07 00:00:00+00:00
[2026-09-07T08:06:32.292+0000] {processor.py:183} INFO - Processing /opt/airflow/dags/netflix_dag.py took 0.124 seconds
[2026-09-07T08:07:02.382+0000] {processor.py:161} INFO - Started process (PID=6223) to work on /opt/airflow/dags/netflix_dag.py
[2026-09-07T08:07:02.384+0000] {processor.py:830} INFO - Processing file /opt/airflow/dags/netflix_dag.py for tasks to queue
[2026-09-07T08:07:02.387+0000] {logging_mixin.py:188} INFO - [2026-09-07T08:07:02.387+0000] {dagbag.py:545} INFO - Filling up the DagBag from /opt/airflow/dags/netflix_dag.py
[2026-09-07T08:07:02.414+0000] {processor.py:840} INFO - DAG(s) 'netflix_etl_pipeline' retrieved from /opt/airflow/dags/netflix_dag.py
[2026-09-07T08:07:02.449+0000] {logging_mixin.py:188} INFO - [2026-09-07T08:07:02.448+0000] {dag.py:3089} INFO - Sync 1 DAGs
[2026-09-07T08:07:02.472+0000] {logging_mixin.py:188} INFO - [2026-09-07T08:07:02.471+0000] {dag.py:3947} INFO - Setting next_dagrun for netflix_etl_pipeline to 2026-09-06 00:00:00+00:00, run_after=2026-09-07 00:00:00+00:00
[2026-09-07T08:07:02.495+0000] {processor.py:183} INFO - Processing /opt/airflow/dags/netflix_dag.py took 0.120 seconds
[2026-09-07T08:07:32.689+0000] {processor.py:161} INFO - Started process (PID=6234) to work on /opt/airflow/dags/netflix_dag.py
[2026-09-07T08:07:32.691+0000] {processor.py:830} INFO - Processing file /opt/airflow/dags/netflix_dag.py for tasks to queue
[2026-09-07T08:07:32.694+0000] {logging_mixin.py:188} INFO - [2026-09-07T08:07:32.694+0000] {dagbag.py:545} INFO - Filling up the DagBag from /opt/airflow/dags/netflix_dag.py
[2026-09-07T08:07:32.719+0000] {processor.py:840} INFO - DAG(s) 'netflix_etl_pipeline' retrieved from /opt/airflow/dags/netflix_dag.py
[2026-09-07T08:07:32.758+0000] {logging_mixin.py:188} INFO - [2026-09-07T08:07:32.758+0000] {dag.py:3089} INFO - Sync 1 DAGs
[2026-09-07T08:07:32.780+0000] {logging_mixin.py:188} INFO - [2026-09-07T08:07:32.780+0000] {dag.py:3947} INFO - Setting next_dagrun for netflix_etl_pipeline to 2026-09-06 00:00:00+00:00, run_after=2026-09-07 00:00:00+00:00
[2026-09-07T08:07:32.806+0000] {processor.py:183} INFO - Processing /opt/airflow/dags/netflix_dag.py took 0.125 seconds
[2026-09-07T08:08:02.935+0000] {processor.py:161} INFO - Started process (PID=6245) to work on /opt/airflow/dags/netflix_dag.py
[2026-09-07T08:08:02.939+0000] {processor.py:830} INFO - Processing file /opt/airflow/dags/netflix_dag.py for tasks to queue
[2026-09-07T08:08:02.944+0000] {logging_mixin.py:188} INFO - [2026-09-07T08:08:02.944+0000] {dagbag.py:545} INFO - Filling up the DagBag from /opt/airflow/dags/netflix_dag.py
[2026-09-07T08:08:02.998+0000] {processor.py:840} INFO - DAG(s) 'netflix_etl_pipeline' retrieved from /opt/airflow/dags/netflix_dag.py
[2026-09-07T08:08:03.077+0000] {logging_mixin.py:188} INFO - [2026-09-07T08:08:03.077+0000] {dag.py:3089} INFO - Sync 1 DAGs
[2026-09-07T08:08:03.123+0000] {logging_mixin.py:188} INFO - [2026-09-07T08:08:03.123+0000] {dag.py:3947} INFO - Setting next_dagrun for netflix_etl_pipeline to 2026-09-06 00:00:00+00:00, run_after=2026-09-07 00:00:00+00:00
[2026-09-07T08:08:03.166+0000] {processor.py:183} INFO - Processing /opt/airflow/dags/netflix_dag.py took 0.247 seconds
[2026-09-07T08:08:33.380+0000] {processor.py:161} INFO - Started process (PID=6257) to work on /opt/airflow/dags/netflix_dag.py
[2026-09-07T08:08:33.382+0000] {processor.py:830} INFO - Processing file /opt/airflow/dags/netflix_dag.py for tasks to queue
[2026-09-07T08:08:33.385+0000] {logging_mixin.py:188} INFO - [2026-09-07T08:08:33.384+0000] {dagbag.py:545} INFO - Filling up the DagBag from /opt/airflow/dags/netflix_dag.py
[2026-09-07T08:08:33.420+0000] {processor.py:840} INFO - DAG(s) 'netflix_etl_pipeline' retrieved from /opt/airflow/dags/netflix_dag.py
[2026-09-07T08:08:33.465+0000] {logging_mixin.py:188} INFO - [2026-09-07T08:08:33.465+0000] {dag.py:3089} INFO - Sync 1 DAGs
[2026-09-07T08:08:33.517+0000] {logging_mixin.py:188} INFO - [2026-09-07T08:08:33.517+0000] {dag.py:3947} INFO - Setting next_dagrun for netflix_etl_pipeline to 2026-09-06 00:00:00+00:00, run_after=2026-09-07 00:00:00+00:00
[2026-09-07T08:08:33.572+0000] {processor.py:183} INFO - Processing /opt/airflow/dags/netflix_dag.py took 0.199 seconds
[2026-09-07T08:09:03.692+0000] {processor.py:161} INFO - Started process (PID=6268) to work on /opt/airflow/dags/netflix_dag.py
[2026-09-07T08:09:03.696+0000] {processor.py:830} INFO - Processing file /opt/airflow/dags/netflix_dag.py for tasks to queue
[2026-09-07T08:09:03.701+0000] {logging_mixin.py:188} INFO - [2026-09-07T08:09:03.700+0000] {dagbag.py:545} INFO - Filling up the DagBag from /opt/airflow/dags/netflix_dag.py
[2026-09-07T08:09:03.765+0000] {processor.py:840} INFO - DAG(s) 'netflix_etl_pipeline' retrieved from /opt/airflow/dags/netflix_dag.py
[2026-09-07T08:09:03.841+0000] {logging_mixin.py:188} INFO - [2026-09-07T08:09:03.841+0000] {dag.py:3089} INFO - Sync 1 DAGs
[2026-09-07T08:09:03.899+0000] {logging_mixin.py:188} INFO - [2026-09-07T08:09:03.899+0000] {dag.py:3947} INFO - Setting next_dagrun for netflix_etl_pipeline to 2026-09-06 00:00:00+00:00, run_after=2026-09-07 00:00:00+00:00
[2026-09-07T08:09:03.951+0000] {processor.py:183} INFO - Processing /opt/airflow/dags/netflix_dag.py took 0.280 seconds
[2026-09-07T08:09:34.179+0000] {processor.py:161} INFO - Started process (PID=6279) to work on /opt/airflow/dags/netflix_dag.py
[2026-09-07T08:09:34.181+0000] {processor.py:830} INFO - Processing file /opt/airflow/dags/netflix_dag.py for tasks to queue
[2026-09-07T08:09:34.183+0000] {logging_mixin.py:188} INFO - [2026-09-07T08:09:34.183+0000] {dagbag.py:545} INFO - Filling up the DagBag from /opt/airflow/dags/netflix_dag.py
[2026-09-07T08:09:34.216+0000] {processor.py:840} INFO - DAG(s) 'netflix_etl_pipeline' retrieved from /opt/airflow/dags/netflix_dag.py
[2026-09-07T08:09:34.266+0000] {logging_mixin.py:188} INFO - [2026-09-07T08:09:34.266+0000] {dag.py:3089} INFO - Sync 1 DAGs
[2026-09-07T08:09:34.292+0000] {logging_mixin.py:188} INFO - [2026-09-07T08:09:34.292+0000] {dag.py:3947} INFO - Setting next_dagrun for netflix_etl_pipeline to 2026-09-06 00:00:00+00:00, run_after=2026-09-07 00:00:00+00:00
[2026-09-07T08:09:34.315+0000] {processor.py:183} INFO - Processing /opt/airflow/dags/netflix_dag.py took 0.146 seconds
[2026-09-07T08:10:04.409+0000] {processor.py:161} INFO - Started process (PID=6290) to work on /opt/airflow/dags/netflix_dag.py
[2026-09-07T08:10:04.413+0000] {processor.py:830} INFO - Processing file /opt/airflow/dags/netflix_dag.py for tasks to queue
[2026-09-07T08:10:04.418+0000] {logging_mixin.py:188} INFO - [2026-09-07T08:10:04.417+0000] {dagbag.py:545} INFO - Filling up the DagBag from /opt/airflow/dags/netflix_dag.py
[2026-09-07T08:10:04.475+0000] {processor.py:840} INFO - DAG(s) 'netflix_etl_pipeline' retrieved from /opt/airflow/dags/netflix_dag.py
[2026-09-07T08:10:04.558+0000] {logging_mixin.py:188} INFO - [2026-09-07T08:10:04.558+0000] {dag.py:3089} INFO - Sync 1 DAGs
[2026-09-07T08:10:04.615+0000] {logging_mixin.py:188} INFO - [2026-09-07T08:10:04.614+0000] {dag.py:3947} INFO - Setting next_dagrun for netflix_etl_pipeline to 2026-09-06 00:00:00+00:00, run_after=2026-09-07 00:00:00+00:00
[2026-09-07T08:10:04.656+0000] {processor.py:183} INFO - Processing /opt/airflow/dags/netflix_dag.py took 0.263 seconds
[2026-09-07T08:10:34.877+0000] {processor.py:161} INFO - Started process (PID=6301) to work on /opt/airflow/dags/netflix_dag.py
[2026-09-07T08:10:34.880+0000] {processor.py:830} INFO - Processing file /opt/airflow/dags/netflix_dag.py for tasks to queue
[2026-09-07T08:10:34.883+0000] {logging_mixin.py:188} INFO - [2026-09-07T08:10:34.882+0000] {dagbag.py:545} INFO - Filling up the DagBag from /opt/airflow/dags/netflix_dag.py
[2026-09-07T08:10:34.909+0000] {processor.py:840} INFO - DAG(s) 'netflix_etl_pipeline' retrieved from /opt/airflow/dags/netflix_dag.py
[2026-09-07T08:10:34.947+0000] {logging_mixin.py:188} INFO - [2026-09-07T08:10:34.946+0000] {dag.py:3089} INFO - Sync 1 DAGs
[2026-09-07T08:10:34.970+0000] {logging_mixin.py:188} INFO - [2026-09-07T08:10:34.970+0000] {dag.py:3947} INFO - Setting next_dagrun for netflix_etl_pipeline to 2026-09-06 00:00:00+00:00, run_after=2026-09-07 00:00:00+00:00
[2026-09-07T08:10:34.992+0000] {processor.py:183} INFO - Processing /opt/airflow/dags/netflix_dag.py took 0.124 seconds
[2026-09-07T08:11:05.068+0000] {processor.py:161} INFO - Started process (PID=6312) to work on /opt/airflow/dags/netflix_dag.py
[2026-09-07T08:11:05.070+0000] {processor.py:830} INFO - Processing file /opt/airflow/dags/netflix_dag.py for tasks to queue
[2026-09-07T08:11:05.073+0000] {logging_mixin.py:188} INFO - [2026-09-07T08:11:05.073+0000] {dagbag.py:545} INFO - Filling up the DagBag from /opt/airflow/dags/netflix_dag.py
[2026-09-07T08:11:05.099+0000] {processor.py:840} INFO - DAG(s) 'netflix_etl_pipeline' retrieved from /opt/airflow/dags/netflix_dag.py
[2026-09-07T08:11:05.140+0000] {logging_mixin.py:188} INFO - [2026-09-07T08:11:05.140+0000] {dag.py:3089} INFO - Sync 1 DAGs
[2026-09-07T08:11:05.164+0000] {logging_mixin.py:188} INFO - [2026-09-07T08:11:05.164+0000] {dag.py:3947} INFO - Setting next_dagrun for netflix_etl_pipeline to 2026-09-06 00:00:00+00:00, run_after=2026-09-07 00:00:00+00:00
[2026-09-07T08:11:05.185+0000] {processor.py:183} INFO - Processing /opt/airflow/dags/netflix_dag.py took 0.125 seconds
[2026-09-07T08:11:35.378+0000] {processor.py:161} INFO - Started process (PID=6323) to work on /opt/airflow/dags/netflix_dag.py
[2026-09-07T08:11:35.380+0000] {processor.py:830} INFO - Processing file /opt/airflow/dags/netflix_dag.py for tasks to queue
[2026-09-07T08:11:35.383+0000] {logging_mixin.py:188} INFO - [2026-09-07T08:11:35.382+0000] {dagbag.py:545} INFO - Filling up the DagBag from /opt/airflow/dags/netflix_dag.py
[2026-09-07T08:11:35.411+0000] {processor.py:840} INFO - DAG(s) 'netflix_etl_pipeline' retrieved from /opt/airflow/dags/netflix_dag.py
[2026-09-07T08:11:35.448+0000] {logging_mixin.py:188} INFO - [2026-09-07T08:11:35.448+0000] {dag.py:3089} INFO - Sync 1 DAGs
[2026-09-07T08:11:35.470+0000] {logging_mixin.py:188} INFO - [2026-09-07T08:11:35.470+0000] {dag.py:3947} INFO - Setting next_dagrun for netflix_etl_pipeline to 2026-09-06 00:00:00+00:00, run_after=2026-09-07 00:00:00+00:00
[2026-09-07T08:11:35.491+0000] {processor.py:183} INFO - Processing /opt/airflow/dags/netflix_dag.py took 0.121 seconds
[2026-09-07T08:12:05.575+0000] {processor.py:161} INFO - Started process (PID=6334) to work on /opt/airflow/dags/netflix_dag.py
[2026-09-07T08:12:05.577+0000] {processor.py:830} INFO - Processing file /opt/airflow/dags/netflix_dag.py for tasks to queue
[2026-09-07T08:12:05.580+0000] {logging_mixin.py:188} INFO - [2026-09-07T08:12:05.580+0000] {dagbag.py:545} INFO - Filling up the DagBag from /opt/airflow/dags/netflix_dag.py
[2026-09-07T08:12:05.605+0000] {processor.py:840} INFO - DAG(s) 'netflix_etl_pipeline' retrieved from /opt/airflow/dags/netflix_dag.py
[2026-09-07T08:12:05.648+0000] {logging_mixin.py:188} INFO - [2026-09-07T08:12:05.648+0000] {dag.py:3089} INFO - Sync 1 DAGs
[2026-09-07T08:12:05.674+0000] {logging_mixin.py:188} INFO - [2026-09-07T08:12:05.674+0000] {dag.py:3947} INFO - Setting next_dagrun for netflix_etl_pipeline to 2026-09-06 00:00:00+00:00, run_after=2026-09-07 00:00:00+00:00
[2026-09-07T08:12:05.699+0000] {processor.py:183} INFO - Processing /opt/airflow/dags/netflix_dag.py took 0.131 seconds
[2026-09-07T08:12:35.878+0000] {processor.py:161} INFO - Started process (PID=6346) to work on /opt/airflow/dags/netflix_dag.py
[2026-09-07T08:12:35.880+0000] {processor.py:830} INFO - Processing file /opt/airflow/dags/netflix_dag.py for tasks to queue
[2026-09-07T08:12:35.883+0000] {logging_mixin.py:188} INFO - [2026-09-07T08:12:35.882+0000] {dagbag.py:545} INFO - Filling up the DagBag from /opt/airflow/dags/netflix_dag.py
[2026-09-07T08:12:35.913+0000] {processor.py:840} INFO - DAG(s) 'netflix_etl_pipeline' retrieved from /opt/airflow/dags/netflix_dag.py
[2026-09-07T08:12:35.951+0000] {logging_mixin.py:188} INFO - [2026-09-07T08:12:35.951+0000] {dag.py:3089} INFO - Sync 1 DAGs
[2026-09-07T08:12:35.979+0000] {logging_mixin.py:188} INFO - [2026-09-07T08:12:35.979+0000] {dag.py:3947} INFO - Setting next_dagrun for netflix_etl_pipeline to 2026-09-06 00:00:00+00:00, run_after=2026-09-07 00:00:00+00:00
[2026-09-07T08:12:36.004+0000] {processor.py:183} INFO - Processing /opt/airflow/dags/netflix_dag.py took 0.133 seconds
[2026-09-07T08:13:06.090+0000] {processor.py:161} INFO - Started process (PID=6357) to work on /opt/airflow/dags/netflix_dag.py
[2026-09-07T08:13:06.091+0000] {processor.py:830} INFO - Processing file /opt/airflow/dags/netflix_dag.py for tasks to queue
[2026-09-07T08:13:06.094+0000] {logging_mixin.py:188} INFO - [2026-09-07T08:13:06.094+0000] {dagbag.py:545} INFO - Filling up the DagBag from /opt/airflow/dags/netflix_dag.py
[2026-09-07T08:13:06.123+0000] {processor.py:840} INFO - DAG(s) 'netflix_etl_pipeline' retrieved from /opt/airflow/dags/netflix_dag.py
[2026-09-07T08:13:06.158+0000] {logging_mixin.py:188} INFO - [2026-09-07T08:13:06.157+0000] {dag.py:3089} INFO - Sync 1 DAGs
[2026-09-07T08:13:06.180+0000] {logging_mixin.py:188} INFO - [2026-09-07T08:13:06.180+0000] {dag.py:3947} INFO - Setting next_dagrun for netflix_etl_pipeline to 2026-09-06 00:00:00+00:00, run_after=2026-09-07 00:00:00+00:00
[2026-09-07T08:13:06.207+0000] {processor.py:183} INFO - Processing /opt/airflow/dags/netflix_dag.py took 0.125 seconds
[2026-09-07T08:13:36.388+0000] {processor.py:161} INFO - Started process (PID=6368) to work on /opt/airflow/dags/netflix_dag.py
[2026-09-07T08:13:36.390+0000] {processor.py:830} INFO - Processing file /opt/airflow/dags/netflix_dag.py for tasks to queue
[2026-09-07T08:13:36.393+0000] {logging_mixin.py:188} INFO - [2026-09-07T08:13:36.393+0000] {dagbag.py:545} INFO - Filling up the DagBag from /opt/airflow/dags/netflix_dag.py
[2026-09-07T08:13:36.419+0000] {processor.py:840} INFO - DAG(s) 'netflix_etl_pipeline' retrieved from /opt/airflow/dags/netflix_dag.py
[2026-09-07T08:13:36.459+0000] {logging_mixin.py:188} INFO - [2026-09-07T08:13:36.458+0000] {dag.py:3089} INFO - Sync 1 DAGs
[2026-09-07T08:13:36.483+0000] {logging_mixin.py:188} INFO - [2026-09-07T08:13:36.483+0000] {dag.py:3947} INFO - Setting next_dagrun for netflix_etl_pipeline to 2026-09-06 00:00:00+00:00, run_after=2026-09-07 00:00:00+00:00
[2026-09-07T08:13:36.506+0000] {processor.py:183} INFO - Processing /opt/airflow/dags/netflix_dag.py took 0.125 seconds
[2026-09-07T08:14:06.673+0000] {processor.py:161} INFO - Started process (PID=6379) to work on /opt/airflow/dags/netflix_dag.py
[2026-09-07T08:14:06.675+0000] {processor.py:830} INFO - Processing file /opt/airflow/dags/netflix_dag.py for tasks to queue
[2026-09-07T08:14:06.679+0000] {logging_mixin.py:188} INFO - [2026-09-07T08:14:06.679+0000] {dagbag.py:545} INFO - Filling up the DagBag from /opt/airflow/dags/netflix_dag.py
[2026-09-07T08:14:06.705+0000] {processor.py:840} INFO - DAG(s) 'netflix_etl_pipeline' retrieved from /opt/airflow/dags/netflix_dag.py
[2026-09-07T08:14:06.746+0000] {logging_mixin.py:188} INFO - [2026-09-07T08:14:06.745+0000] {dag.py:3089} INFO - Sync 1 DAGs
[2026-09-07T08:14:06.772+0000] {logging_mixin.py:188} INFO - [2026-09-07T08:14:06.771+0000] {dag.py:3947} INFO - Setting next_dagrun for netflix_etl_pipeline to 2026-09-06 00:00:00+00:00, run_after=2026-09-07 00:00:00+00:00
[2026-09-07T08:14:06.797+0000] {processor.py:183} INFO - Processing /opt/airflow/dags/netflix_dag.py took 0.130 seconds
[2026-09-07T08:14:36.900+0000] {processor.py:161} INFO - Started process (PID=6390) to work on /opt/airflow/dags/netflix_dag.py
[2026-09-07T08:14:36.901+0000] {processor.py:830} INFO - Processing file /opt/airflow/dags/netflix_dag.py for tasks to queue
[2026-09-07T08:14:36.904+0000] {logging_mixin.py:188} INFO - [2026-09-07T08:14:36.904+0000] {dagbag.py:545} INFO - Filling up the DagBag from /opt/airflow/dags/netflix_dag.py
[2026-09-07T08:14:36.927+0000] {processor.py:840} INFO - DAG(s) 'netflix_etl_pipeline' retrieved from /opt/airflow/dags/netflix_dag.py
[2026-09-07T08:14:36.961+0000] {logging_mixin.py:188} INFO - [2026-09-07T08:14:36.961+0000] {dag.py:3089} INFO - Sync 1 DAGs
[2026-09-07T08:14:36.990+0000] {logging_mixin.py:188} INFO - [2026-09-07T08:14:36.990+0000] {dag.py:3947} INFO - Setting next_dagrun for netflix_etl_pipeline to 2026-09-06 00:00:00+00:00, run_after=2026-09-07 00:00:00+00:00
[2026-09-07T08:14:37.013+0000] {processor.py:183} INFO - Processing /opt/airflow/dags/netflix_dag.py took 0.119 seconds
[2026-09-07T08:15:07.195+0000] {processor.py:161} INFO - Started process (PID=6401) to work on /opt/airflow/dags/netflix_dag.py
[2026-09-07T08:15:07.197+0000] {processor.py:830} INFO - Processing file /opt/airflow/dags/netflix_dag.py for tasks to queue
[2026-09-07T08:15:07.200+0000] {logging_mixin.py:188} INFO - [2026-09-07T08:15:07.199+0000] {dagbag.py:545} INFO - Filling up the DagBag from /opt/airflow/dags/netflix_dag.py
[2026-09-07T08:15:07.224+0000] {processor.py:840} INFO - DAG(s) 'netflix_etl_pipeline' retrieved from /opt/airflow/dags/netflix_dag.py
[2026-09-07T08:15:07.265+0000] {logging_mixin.py:188} INFO - [2026-09-07T08:15:07.265+0000] {dag.py:3089} INFO - Sync 1 DAGs
[2026-09-07T08:15:07.292+0000] {logging_mixin.py:188} INFO - [2026-09-07T08:15:07.292+0000] {dag.py:3947} INFO - Setting next_dagrun for netflix_etl_pipeline to 2026-09-06 00:00:00+00:00, run_after=2026-09-07 00:00:00+00:00
[2026-09-07T08:15:07.318+0000] {processor.py:183} INFO - Processing /opt/airflow/dags/netflix_dag.py took 0.128 seconds
[2026-09-07T08:15:37.399+0000] {processor.py:161} INFO - Started process (PID=6412) to work on /opt/airflow/dags/netflix_dag.py
[2026-09-07T08:15:37.401+0000] {processor.py:830} INFO - Processing file /opt/airflow/dags/netflix_dag.py for tasks to queue
[2026-09-07T08:15:37.404+0000] {logging_mixin.py:188} INFO - [2026-09-07T08:15:37.404+0000] {dagbag.py:545} INFO - Filling up the DagBag from /opt/airflow/dags/netflix_dag.py
[2026-09-07T08:15:37.432+0000] {processor.py:840} INFO - DAG(s) 'netflix_etl_pipeline' retrieved from /opt/airflow/dags/netflix_dag.py
[2026-09-07T08:15:37.472+0000] {logging_mixin.py:188} INFO - [2026-09-07T08:15:37.472+0000] {dag.py:3089} INFO - Sync 1 DAGs
[2026-09-07T08:15:37.495+0000] {logging_mixin.py:188} INFO - [2026-09-07T08:15:37.495+0000] {dag.py:3947} INFO - Setting next_dagrun for netflix_etl_pipeline to 2026-09-06 00:00:00+00:00, run_after=2026-09-07 00:00:00+00:00
[2026-09-07T08:15:37.520+0000] {processor.py:183} INFO - Processing /opt/airflow/dags/netflix_dag.py took 0.128 seconds
[2026-09-07T08:16:07.713+0000] {processor.py:161} INFO - Started process (PID=6423) to work on /opt/airflow/dags/netflix_dag.py
[2026-09-07T08:16:07.715+0000] {processor.py:830} INFO - Processing file /opt/airflow/dags/netflix_dag.py for tasks to queue
[2026-09-07T08:16:07.719+0000] {logging_mixin.py:188} INFO - [2026-09-07T08:16:07.718+0000] {dagbag.py:545} INFO - Filling up the DagBag from /opt/airflow/dags/netflix_dag.py
[2026-09-07T08:16:07.745+0000] {processor.py:840} INFO - DAG(s) 'netflix_etl_pipeline' retrieved from /opt/airflow/dags/netflix_dag.py
[2026-09-07T08:16:07.781+0000] {logging_mixin.py:188} INFO - [2026-09-07T08:16:07.780+0000] {dag.py:3089} INFO - Sync 1 DAGs
[2026-09-07T08:16:07.810+0000] {logging_mixin.py:188} INFO - [2026-09-07T08:16:07.810+0000] {dag.py:3947} INFO - Setting next_dagrun for netflix_etl_pipeline to 2026-09-06 00:00:00+00:00, run_after=2026-09-07 00:00:00+00:00
[2026-09-07T08:16:07.834+0000] {processor.py:183} INFO - Processing /opt/airflow/dags/netflix_dag.py took 0.127 seconds
[2026-09-07T08:16:37.910+0000] {processor.py:161} INFO - Started process (PID=6434) to work on /opt/airflow/dags/netflix_dag.py
[2026-09-07T08:16:37.911+0000] {processor.py:830} INFO - Processing file /opt/airflow/dags/netflix_dag.py for tasks to queue
[2026-09-07T08:16:37.915+0000] {logging_mixin.py:188} INFO - [2026-09-07T08:16:37.914+0000] {dagbag.py:545} INFO - Filling up the DagBag from /opt/airflow/dags/netflix_dag.py
[2026-09-07T08:16:37.940+0000] {processor.py:840} INFO - DAG(s) 'netflix_etl_pipeline' retrieved from /opt/airflow/dags/netflix_dag.py
[2026-09-07T08:16:37.973+0000] {logging_mixin.py:188} INFO - [2026-09-07T08:16:37.973+0000] {dag.py:3089} INFO - Sync 1 DAGs
[2026-09-07T08:16:37.994+0000] {logging_mixin.py:188} INFO - [2026-09-07T08:16:37.994+0000] {dag.py:3947} INFO - Setting next_dagrun for netflix_etl_pipeline to 2026-09-06 00:00:00+00:00, run_after=2026-09-07 00:00:00+00:00
[2026-09-07T08:16:38.016+0000] {processor.py:183} INFO - Processing /opt/airflow/dags/netflix_dag.py took 0.112 seconds
[2026-09-07T08:17:08.233+0000] {processor.py:161} INFO - Started process (PID=6445) to work on /opt/airflow/dags/netflix_dag.py
[2026-09-07T08:17:08.235+0000] {processor.py:830} INFO - Processing file /opt/airflow/dags/netflix_dag.py for tasks to queue
[2026-09-07T08:17:08.238+0000] {logging_mixin.py:188} INFO - [2026-09-07T08:17:08.238+0000] {dagbag.py:545} INFO - Filling up the DagBag from /opt/airflow/dags/netflix_dag.py
[2026-09-07T08:17:08.265+0000] {processor.py:840} INFO - DAG(s) 'netflix_etl_pipeline' retrieved from /opt/airflow/dags/netflix_dag.py
[2026-09-07T08:17:08.303+0000] {logging_mixin.py:188} INFO - [2026-09-07T08:17:08.303+0000] {dag.py:3089} INFO - Sync 1 DAGs
[2026-09-07T08:17:08.329+0000] {logging_mixin.py:188} INFO - [2026-09-07T08:17:08.329+0000] {dag.py:3947} INFO - Setting next_dagrun for netflix_etl_pipeline to 2026-09-06 00:00:00+00:00, run_after=2026-09-07 00:00:00+00:00
[2026-09-07T08:17:08.352+0000] {processor.py:183} INFO - Processing /opt/airflow/dags/netflix_dag.py took 0.125 seconds
[2026-09-07T08:17:38.435+0000] {processor.py:161} INFO - Started process (PID=6456) to work on /opt/airflow/dags/netflix_dag.py
[2026-09-07T08:17:38.437+0000] {processor.py:830} INFO - Processing file /opt/airflow/dags/netflix_dag.py for tasks to queue
[2026-09-07T08:17:38.440+0000] {logging_mixin.py:188} INFO - [2026-09-07T08:17:38.440+0000] {dagbag.py:545} INFO - Filling up the DagBag from /opt/airflow/dags/netflix_dag.py
[2026-09-07T08:17:38.466+0000] {processor.py:840} INFO - DAG(s) 'netflix_etl_pipeline' retrieved from /opt/airflow/dags/netflix_dag.py
[2026-09-07T08:17:38.500+0000] {logging_mixin.py:188} INFO - [2026-09-07T08:17:38.500+0000] {dag.py:3089} INFO - Sync 1 DAGs
[2026-09-07T08:17:38.523+0000] {logging_mixin.py:188} INFO - [2026-09-07T08:17:38.523+0000] {dag.py:3947} INFO - Setting next_dagrun for netflix_etl_pipeline to 2026-09-06 00:00:00+00:00, run_after=2026-09-07 00:00:00+00:00
[2026-09-07T08:17:38.545+0000] {processor.py:183} INFO - Processing /opt/airflow/dags/netflix_dag.py took 0.116 seconds
[2026-09-07T08:18:08.744+0000] {processor.py:161} INFO - Started process (PID=6467) to work on /opt/airflow/dags/netflix_dag.py
[2026-09-07T08:18:08.745+0000] {processor.py:830} INFO - Processing file /opt/airflow/dags/netflix_dag.py for tasks to queue
[2026-09-07T08:18:08.748+0000] {logging_mixin.py:188} INFO - [2026-09-07T08:18:08.748+0000] {dagbag.py:545} INFO - Filling up the DagBag from /opt/airflow/dags/netflix_dag.py
[2026-09-07T08:18:08.775+0000] {processor.py:840} INFO - DAG(s) 'netflix_etl_pipeline' retrieved from /opt/airflow/dags/netflix_dag.py
[2026-09-07T08:18:08.809+0000] {logging_mixin.py:188} INFO - [2026-09-07T08:18:08.809+0000] {dag.py:3089} INFO - Sync 1 DAGs
[2026-09-07T08:18:08.830+0000] {logging_mixin.py:188} INFO - [2026-09-07T08:18:08.830+0000] {dag.py:3947} INFO - Setting next_dagrun for netflix_etl_pipeline to 2026-09-06 00:00:00+00:00, run_after=2026-09-07 00:00:00+00:00
[2026-09-07T08:18:08.857+0000] {processor.py:183} INFO - Processing /opt/airflow/dags/netflix_dag.py took 0.119 seconds
[2026-09-07T08:18:38.953+0000] {processor.py:161} INFO - Started process (PID=6478) to work on /opt/airflow/dags/netflix_dag.py
[2026-09-07T08:18:38.954+0000] {processor.py:830} INFO - Processing file /opt/airflow/dags/netflix_dag.py for tasks to queue
[2026-09-07T08:18:38.958+0000] {logging_mixin.py:188} INFO - [2026-09-07T08:18:38.957+0000] {dagbag.py:545} INFO - Filling up the DagBag from /opt/airflow/dags/netflix_dag.py
[2026-09-07T08:18:38.985+0000] {processor.py:840} INFO - DAG(s) 'netflix_etl_pipeline' retrieved from /opt/airflow/dags/netflix_dag.py
[2026-09-07T08:18:39.020+0000] {logging_mixin.py:188} INFO - [2026-09-07T08:18:39.020+0000] {dag.py:3089} INFO - Sync 1 DAGs
[2026-09-07T08:18:39.042+0000] {logging_mixin.py:188} INFO - [2026-09-07T08:18:39.042+0000] {dag.py:3947} INFO - Setting next_dagrun for netflix_etl_pipeline to 2026-09-06 00:00:00+00:00, run_after=2026-09-07 00:00:00+00:00
[2026-09-07T08:18:39.065+0000] {processor.py:183} INFO - Processing /opt/airflow/dags/netflix_dag.py took 0.119 seconds
[2026-09-07T08:19:09.282+0000] {processor.py:161} INFO - Started process (PID=6489) to work on /opt/airflow/dags/netflix_dag.py
[2026-09-07T08:19:09.284+0000] {processor.py:830} INFO - Processing file /opt/airflow/dags/netflix_dag.py for tasks to queue
[2026-09-07T08:19:09.287+0000] {logging_mixin.py:188} INFO - [2026-09-07T08:19:09.286+0000] {dagbag.py:545} INFO - Filling up the DagBag from /opt/airflow/dags/netflix_dag.py
[2026-09-07T08:19:09.313+0000] {processor.py:840} INFO - DAG(s) 'netflix_etl_pipeline' retrieved from /opt/airflow/dags/netflix_dag.py
[2026-09-07T08:19:09.348+0000] {logging_mixin.py:188} INFO - [2026-09-07T08:19:09.347+0000] {dag.py:3089} INFO - Sync 1 DAGs
[2026-09-07T08:19:09.374+0000] {logging_mixin.py:188} INFO - [2026-09-07T08:19:09.374+0000] {dag.py:3947} INFO - Setting next_dagrun for netflix_etl_pipeline to 2026-09-06 00:00:00+00:00, run_after=2026-09-07 00:00:00+00:00
[2026-09-07T08:19:09.399+0000] {processor.py:183} INFO - Processing /opt/airflow/dags/netflix_dag.py took 0.124 seconds
[2026-09-07T08:19:39.479+0000] {processor.py:161} INFO - Started process (PID=6500) to work on /opt/airflow/dags/netflix_dag.py
[2026-09-07T08:19:39.481+0000] {processor.py:830} INFO - Processing file /opt/airflow/dags/netflix_dag.py for tasks to queue
[2026-09-07T08:19:39.484+0000] {logging_mixin.py:188} INFO - [2026-09-07T08:19:39.483+0000] {dagbag.py:545} INFO - Filling up the DagBag from /opt/airflow/dags/netflix_dag.py
[2026-09-07T08:19:39.512+0000] {processor.py:840} INFO - DAG(s) 'netflix_etl_pipeline' retrieved from /opt/airflow/dags/netflix_dag.py
[2026-09-07T08:19:39.549+0000] {logging_mixin.py:188} INFO - [2026-09-07T08:19:39.548+0000] {dag.py:3089} INFO - Sync 1 DAGs
[2026-09-07T08:19:39.572+0000] {logging_mixin.py:188} INFO - [2026-09-07T08:19:39.572+0000] {dag.py:3947} INFO - Setting next_dagrun for netflix_etl_pipeline to 2026-09-06 00:00:00+00:00, run_after=2026-09-07 00:00:00+00:00
[2026-09-07T08:19:39.594+0000] {processor.py:183} INFO - Processing /opt/airflow/dags/netflix_dag.py took 0.122 seconds
[2026-09-07T08:20:09.790+0000] {processor.py:161} INFO - Started process (PID=6511) to work on /opt/airflow/dags/netflix_dag.py
[2026-09-07T08:20:09.791+0000] {processor.py:830} INFO - Processing file /opt/airflow/dags/netflix_dag.py for tasks to queue
[2026-09-07T08:20:09.794+0000] {logging_mixin.py:188} INFO - [2026-09-07T08:20:09.794+0000] {dagbag.py:545} INFO - Filling up the DagBag from /opt/airflow/dags/netflix_dag.py
[2026-09-07T08:20:09.817+0000] {processor.py:840} INFO - DAG(s) 'netflix_etl_pipeline' retrieved from /opt/airflow/dags/netflix_dag.py
[2026-09-07T08:20:09.849+0000] {logging_mixin.py:188} INFO - [2026-09-07T08:20:09.849+0000] {dag.py:3089} INFO - Sync 1 DAGs
[2026-09-07T08:20:09.870+0000] {logging_mixin.py:188} INFO - [2026-09-07T08:20:09.869+0000] {dag.py:3947} INFO - Setting next_dagrun for netflix_etl_pipeline to 2026-09-06 00:00:00+00:00, run_after=2026-09-07 00:00:00+00:00
[2026-09-07T08:20:09.890+0000] {processor.py:183} INFO - Processing /opt/airflow/dags/netflix_dag.py took 0.106 seconds
[2026-09-07T08:20:39.998+0000] {processor.py:161} INFO - Started process (PID=6522) to work on /opt/airflow/dags/netflix_dag.py
[2026-09-07T08:20:40.999+0000] {processor.py:830} INFO - Processing file /opt/airflow/dags/netflix_dag.py for tasks to queue
[2026-09-07T08:20:40.002+0000] {logging_mixin.py:188} INFO - [2026-09-07T08:20:40.002+0000] {dagbag.py:545} INFO - Filling up the DagBag from /opt/airflow/dags/netflix_dag.py
[2026-09-07T08:20:40.027+0000] {processor.py:840} INFO - DAG(s) 'netflix_etl_pipeline' retrieved from /opt/airflow/dags/netflix_dag.py
[2026-09-07T08:20:40.063+0000] {logging_mixin.py:188} INFO - [2026-09-07T08:20:40.063+0000] {dag.py:3089} INFO - Sync 1 DAGs
[2026-09-07T08:20:40.085+0000] {logging_mixin.py:188} INFO - [2026-09-07T08:20:40.085+0000] {dag.py:3947} INFO - Setting next_dagrun for netflix_etl_pipeline to 2026-09-06 00:00:00+00:00, run_after=2026-09-07 00:00:00+00:00
[2026-09-07T08:20:40.107+0000] {processor.py:183} INFO - Processing /opt/airflow/dags/netflix_dag.py took 0.117 seconds
[2026-09-07T08:21:10.277+0000] {processor.py:161} INFO - Started process (PID=6533) to work on /opt/airflow/dags/netflix_dag.py
[2026-09-07T08:21:10.279+0000] {processor.py:830} INFO - Processing file /opt/airflow/dags/netflix_dag.py for tasks to queue
[2026-09-07T08:21:10.281+0000] {logging_mixin.py:188} INFO - [2026-09-07T08:21:10.281+0000] {dagbag.py:545} INFO - Filling up the DagBag from /opt/airflow/dags/netflix_dag.py
[2026-09-07T08:21:10.302+0000] {processor.py:840} INFO - DAG(s) 'netflix_etl_pipeline' retrieved from /opt/airflow/dags/netflix_dag.py
[2026-09-07T08:21:10.341+0000] {logging_mixin.py:188} INFO - [2026-09-07T08:21:10.341+0000] {dag.py:3089} INFO - Sync 1 DAGs
[2026-09-07T08:21:10.364+0000] {logging_mixin.py:188} INFO - [2026-09-07T08:21:10.364+0000] {dag.py:3947} INFO - Setting next_dagrun for netflix_etl_pipeline to 2026-09-06 00:00:00+00:00, run_after=2026-09-07 00:00:00+00:00
[2026-09-07T08:21:10.385+0000] {processor.py:183} INFO - Processing /opt/airflow/dags/netflix_dag.py took 0.115 seconds
[2026-09-07T08:21:40.489+0000] {processor.py:161} INFO - Started process (PID=6544) to work on /opt/airflow/dags/netflix_dag.py
[2026-09-07T08:21:40.491+0000] {processor.py:830} INFO - Processing file /opt/airflow/dags/netflix_dag.py for tasks to queue
[2026-09-07T08:21:40.494+0000] {logging_mixin.py:188} INFO - [2026-09-07T08:21:40.494+0000] {dagbag.py:545} INFO - Filling up the DagBag from /opt/airflow/dags/netflix_dag.py
[2026-09-07T08:21:40.522+0000] {processor.py:840} INFO - DAG(s) 'netflix_etl_pipeline' retrieved from /opt/airflow/dags/netflix_dag.py
[2026-09-07T08:21:40.566+0000] {logging_mixin.py:188} INFO - [2026-09-07T08:21:40.566+0000] {dag.py:3089} INFO - Sync 1 DAGs
[2026-09-07T08:21:40.595+0000] {logging_mixin.py:188} INFO - [2026-09-07T08:21:40.595+0000] {dag.py:3947} INFO - Setting next_dagrun for netflix_etl_pipeline to 2026-09-06 00:00:00+00:00, run_after=2026-09-07 00:00:00+00:00
[2026-09-07T08:21:40.622+0000] {processor.py:183} INFO - Processing /opt/airflow/dags/netflix_dag.py took 0.140 seconds
[2026-09-07T08:22:10.778+0000] {processor.py:161} INFO - Started process (PID=6561) to work on /opt/airflow/dags/netflix_dag.py
[2026-09-07T08:22:10.780+0000] {processor.py:830} INFO - Processing file /opt/airflow/dags/netflix_dag.py for tasks to queue
[2026-09-07T08:22:10.783+0000] {logging_mixin.py:188} INFO - [2026-09-07T08:22:10.783+0000] {dagbag.py:545} INFO - Filling up the DagBag from /opt/airflow/dags/netflix_dag.py
[2026-09-07T08:22:10.810+0000] {processor.py:840} INFO - DAG(s) 'netflix_etl_pipeline' retrieved from /opt/airflow/dags/netflix_dag.py
[2026-09-07T08:22:10.845+0000] {logging_mixin.py:188} INFO - [2026-09-07T08:22:10.845+0000] {dag.py:3089} INFO - Sync 1 DAGs
[2026-09-07T08:22:10.868+0000] {logging_mixin.py:188} INFO - [2026-09-07T08:22:10.868+0000] {dag.py:3947} INFO - Setting next_dagrun for netflix_etl_pipeline to 2026-09-06 00:00:00+00:00, run_after=2026-09-07 00:00:00+00:00
[2026-09-07T08:22:10.889+0000] {processor.py:183} INFO - Processing /opt/airflow/dags/netflix_dag.py took 0.119 seconds
[2026-09-07T08:22:41.015+0000] {processor.py:161} INFO - Started process (PID=6572) to work on /opt/airflow/dags/netflix_dag.py
[2026-09-07T08:22:41.016+0000] {processor.py:830} INFO - Processing file /opt/airflow/dags/netflix_dag.py for tasks to queue
[2026-09-07T08:22:41.019+0000] {logging_mixin.py:188} INFO - [2026-09-07T08:22:41.018+0000] {dagbag.py:545} INFO - Filling up the DagBag from /opt/airflow/dags/netflix_dag.py
[2026-09-07T08:22:41.046+0000] {processor.py:840} INFO - DAG(s) 'netflix_etl_pipeline' retrieved from /opt/airflow/dags/netflix_dag.py
[2026-09-07T08:22:41.082+0000] {logging_mixin.py:188} INFO - [2026-09-07T08:22:41.082+0000] {dag.py:3089} INFO - Sync 1 DAGs
[2026-09-07T08:22:41.106+0000] {logging_mixin.py:188} INFO - [2026-09-07T08:22:41.106+0000] {dag.py:3947} INFO - Setting next_dagrun for netflix_etl_pipeline to 2026-09-06 00:00:00+00:00, run_after=2026-09-07 00:00:00+00:00
[2026-09-07T08:22:41.129+0000] {processor.py:183} INFO - Processing /opt/airflow/dags/netflix_dag.py took 0.120 seconds
[2026-09-07T08:23:11.430+0000] {processor.py:161} INFO - Started process (PID=6583) to work on /opt/airflow/dags/netflix_dag.py
[2026-09-07T08:23:11.433+0000] {processor.py:830} INFO - Processing file /opt/airflow/dags/netflix_dag.py for tasks to queue
[2026-09-07T08:23:11.438+0000] {logging_mixin.py:188} INFO - [2026-09-07T08:23:11.437+0000] {dagbag.py:545} INFO - Filling up the DagBag from /opt/airflow/dags/netflix_dag.py
[2026-09-07T08:23:11.484+0000] {processor.py:840} INFO - DAG(s) 'netflix_etl_pipeline' retrieved from /opt/airflow/dags/netflix_dag.py
[2026-09-07T08:23:11.571+0000] {logging_mixin.py:188} INFO - [2026-09-07T08:23:11.571+0000] {dag.py:3089} INFO - Sync 1 DAGs
[2026-09-07T08:23:11.619+0000] {logging_mixin.py:188} INFO - [2026-09-07T08:23:11.619+0000] {dag.py:3947} INFO - Setting next_dagrun for netflix_etl_pipeline to 2026-09-06 00:00:00+00:00, run_after=2026-09-07 00:00:00+00:00
[2026-09-07T08:23:11.659+0000] {processor.py:183} INFO - Processing /opt/airflow/dags/netflix_dag.py took 0.243 seconds
[2026-09-07T08:23:41.984+0000] {processor.py:161} INFO - Started process (PID=6594) to work on /opt/airflow/dags/netflix_dag.py
[2026-09-07T08:23:41.987+0000] {processor.py:830} INFO - Processing file /opt/airflow/dags/netflix_dag.py for tasks to queue
[2026-09-07T08:23:41.992+0000] {logging_mixin.py:188} INFO - [2026-09-07T08:23:41.991+0000] {dagbag.py:545} INFO - Filling up the DagBag from /opt/airflow/dags/netflix_dag.py
[2026-09-07T08:23:42.050+0000] {processor.py:840} INFO - DAG(s) 'netflix_etl_pipeline' retrieved from /opt/airflow/dags/netflix_dag.py
[2026-09-07T08:23:42.127+0000] {logging_mixin.py:188} INFO - [2026-09-07T08:23:42.127+0000] {dag.py:3089} INFO - Sync 1 DAGs
[2026-09-07T08:23:42.177+0000] {logging_mixin.py:188} INFO - [2026-09-07T08:23:42.177+0000] {dag.py:3947} INFO - Setting next_dagrun for netflix_etl_pipeline to 2026-09-06 00:00:00+00:00, run_after=2026-09-07 00:00:00+00:00
[2026-09-07T08:23:42.220+0000] {processor.py:183} INFO - Processing /opt/airflow/dags/netflix_dag.py took 0.252 seconds
[2026-09-07T08:24:12.733+0000] {processor.py:161} INFO - Started process (PID=6605) to work on /opt/airflow/dags/netflix_dag.py
[2026-09-07T08:24:12.736+0000] {processor.py:830} INFO - Processing file /opt/airflow/dags/netflix_dag.py for tasks to queue
[2026-09-07T08:24:12.741+0000] {logging_mixin.py:188} INFO - [2026-09-07T08:24:12.741+0000] {dagbag.py:545} INFO - Filling up the DagBag from /opt/airflow/dags/netflix_dag.py
[2026-09-07T08:24:12.791+0000] {processor.py:840} INFO - DAG(s) 'netflix_etl_pipeline' retrieved from /opt/airflow/dags/netflix_dag.py
[2026-09-07T08:24:12.861+0000] {logging_mixin.py:188} INFO - [2026-09-07T08:24:12.861+0000] {dag.py:3089} INFO - Sync 1 DAGs
[2026-09-07T08:24:12.908+0000] {logging_mixin.py:188} INFO - [2026-09-07T08:24:12.907+0000] {dag.py:3947} INFO - Setting next_dagrun for netflix_etl_pipeline to 2026-09-06 00:00:00+00:00, run_after=2026-09-07 00:00:00+00:00
[2026-09-07T08:24:12.948+0000] {processor.py:183} INFO - Processing /opt/airflow/dags/netflix_dag.py took 0.228 seconds
[2026-09-07T08:24:43.164+0000] {processor.py:161} INFO - Started process (PID=6616) to work on /opt/airflow/dags/netflix_dag.py
[2026-09-07T08:24:43.169+0000] {processor.py:830} INFO - Processing file /opt/airflow/dags/netflix_dag.py for tasks to queue
[2026-09-07T08:24:43.175+0000] {logging_mixin.py:188} INFO - [2026-09-07T08:24:43.174+0000] {dagbag.py:545} INFO - Filling up the DagBag from /opt/airflow/dags/netflix_dag.py
[2026-09-07T08:24:43.229+0000] {processor.py:840} INFO - DAG(s) 'netflix_etl_pipeline' retrieved from /opt/airflow/dags/netflix_dag.py
[2026-09-07T08:24:43.301+0000] {logging_mixin.py:188} INFO - [2026-09-07T08:24:43.301+0000] {dag.py:3089} INFO - Sync 1 DAGs
[2026-09-07T08:24:43.346+0000] {logging_mixin.py:188} INFO - [2026-09-07T08:24:43.345+0000] {dag.py:3947} INFO - Setting next_dagrun for netflix_etl_pipeline to 2026-09-06 00:00:00+00:00, run_after=2026-09-07 00:00:00+00:00
[2026-09-07T08:24:43.387+0000] {processor.py:183} INFO - Processing /opt/airflow/dags/netflix_dag.py took 0.238 seconds
[2026-09-07T08:25:13.901+0000] {processor.py:161} INFO - Started process (PID=6627) to work on /opt/airflow/dags/netflix_dag.py
[2026-09-07T08:25:13.903+0000] {processor.py:830} INFO - Processing file /opt/airflow/dags/netflix_dag.py for tasks to queue
[2026-09-07T08:25:13.908+0000] {logging_mixin.py:188} INFO - [2026-09-07T08:25:13.907+0000] {dagbag.py:545} INFO - Filling up the DagBag from /opt/airflow/dags/netflix_dag.py
[2026-09-07T08:25:13.954+0000] {processor.py:840} INFO - DAG(s) 'netflix_etl_pipeline' retrieved from /opt/airflow/dags/netflix_dag.py
[2026-09-07T08:25:14.019+0000] {logging_mixin.py:188} INFO - [2026-09-07T08:25:14.018+0000] {dag.py:3089} INFO - Sync 1 DAGs
[2026-09-07T08:25:14.062+0000] {logging_mixin.py:188} INFO - [2026-09-07T08:25:14.061+0000] {dag.py:3947} INFO - Setting next_dagrun for netflix_etl_pipeline to 2026-09-06 00:00:00+00:00, run_after=2026-09-07 00:00:00+00:00
[2026-09-07T08:25:14.098+0000] {processor.py:183} INFO - Processing /opt/airflow/dags/netflix_dag.py took 0.209 seconds
[2026-09-07T08:25:44.411+0000] {processor.py:161} INFO - Started process (PID=6638) to work on /opt/airflow/dags/netflix_dag.py
[2026-09-07T08:25:44.414+0000] {processor.py:830} INFO - Processing file /opt/airflow/dags/netflix_dag.py for tasks to queue
[2026-09-07T08:25:44.419+0000] {logging_mixin.py:188} INFO - [2026-09-07T08:25:44.419+0000] {dagbag.py:545} INFO - Filling up the DagBag from /opt/airflow/dags/netflix_dag.py
[2026-09-07T08:25:44.472+0000] {processor.py:840} INFO - DAG(s) 'netflix_etl_pipeline' retrieved from /opt/airflow/dags/netflix_dag.py
[2026-09-07T08:25:44.543+0000] {logging_mixin.py:188} INFO - [2026-09-07T08:25:44.543+0000] {dag.py:3089} INFO - Sync 1 DAGs
[2026-09-07T08:25:44.590+0000] {logging_mixin.py:188} INFO - [2026-09-07T08:25:44.590+0000] {dag.py:3947} INFO - Setting next_dagrun for netflix_etl_pipeline to 2026-09-06 00:00:00+00:00, run_after=2026-09-07 00:00:00+00:00
[2026-09-07T08:25:44.629+0000] {processor.py:183} INFO - Processing /opt/airflow/dags/netflix_dag.py took 0.233 seconds
[2026-09-07T08:26:15.121+0000] {processor.py:161} INFO - Started process (PID=6649) to work on /opt/airflow/dags/netflix_dag.py
[2026-09-07T08:26:15.124+0000] {processor.py:830} INFO - Processing file /opt/airflow/dags/netflix_dag.py for tasks to queue
[2026-09-07T08:26:15.129+0000] {logging_mixin.py:188} INFO - [2026-09-07T08:26:15.128+0000] {dagbag.py:545} INFO - Filling up the DagBag from /opt/airflow/dags/netflix_dag.py
[2026-09-07T08:26:15.179+0000] {processor.py:840} INFO - DAG(s) 'netflix_etl_pipeline' retrieved from /opt/airflow/dags/netflix_dag.py
[2026-09-07T08:26:15.249+0000] {logging_mixin.py:188} INFO - [2026-09-07T08:26:15.249+0000] {dag.py:3089} INFO - Sync 1 DAGs
[2026-09-07T08:26:15.294+0000] {logging_mixin.py:188} INFO - [2026-09-07T08:26:15.294+0000] {dag.py:3947} INFO - Setting next_dagrun for netflix_etl_pipeline to 2026-09-06 00:00:00+00:00, run_after=2026-09-07 00:00:00+00:00
[2026-09-07T08:26:15.335+0000] {processor.py:183} INFO - Processing /opt/airflow/dags/netflix_dag.py took 0.227 seconds
[2026-09-07T08:26:45.627+0000] {processor.py:161} INFO - Started process (PID=6661) to work on /opt/airflow/dags/netflix_dag.py
[2026-09-07T08:26:45.630+0000] {processor.py:830} INFO - Processing file /opt/airflow/dags/netflix_dag.py for tasks to queue
[2026-09-07T08:26:45.634+0000] {logging_mixin.py:188} INFO - [2026-09-07T08:26:45.633+0000] {dagbag.py:545} INFO - Filling up the DagBag from /opt/airflow/dags/netflix_dag.py
[2026-09-07T08:26:45.677+0000] {processor.py:840} INFO - DAG(s) 'netflix_etl_pipeline' retrieved from /opt/airflow/dags/netflix_dag.py
[2026-09-07T08:26:45.743+0000] {logging_mixin.py:188} INFO - [2026-09-07T08:26:45.743+0000] {dag.py:3089} INFO - Sync 1 DAGs
[2026-09-07T08:26:45.786+0000] {logging_mixin.py:188} INFO - [2026-09-07T08:26:45.785+0000] {dag.py:3947} INFO - Setting next_dagrun for netflix_etl_pipeline to 2026-09-06 00:00:00+00:00, run_after=2026-09-07 00:00:00+00:00
[2026-09-07T08:26:45.825+0000] {processor.py:183} INFO - Processing /opt/airflow/dags/netflix_dag.py took 0.210 seconds
[2026-09-07T08:27:16.360+0000] {processor.py:161} INFO - Started process (PID=6673) to work on /opt/airflow/dags/netflix_dag.py
[2026-09-07T08:27:16.363+0000] {processor.py:830} INFO - Processing file /opt/airflow/dags/netflix_dag.py for tasks to queue
[2026-09-07T08:27:16.368+0000] {logging_mixin.py:188} INFO - [2026-09-07T08:27:16.367+0000] {dagbag.py:545} INFO - Filling up the DagBag from /opt/airflow/dags/netflix_dag.py
[2026-09-07T08:27:16.417+0000] {processor.py:840} INFO - DAG(s) 'netflix_etl_pipeline' retrieved from /opt/airflow/dags/netflix_dag.py
[2026-09-07T08:27:16.486+0000] {logging_mixin.py:188} INFO - [2026-09-07T08:27:16.485+0000] {dag.py:3089} INFO - Sync 1 DAGs
[2026-09-07T08:27:16.529+0000] {logging_mixin.py:188} INFO - [2026-09-07T08:27:16.529+0000] {dag.py:3947} INFO - Setting next_dagrun for netflix_etl_pipeline to 2026-09-06 00:00:00+00:00, run_after=2026-09-07 00:00:00+00:00
[2026-09-07T08:27:16.570+0000] {processor.py:183} INFO - Processing /opt/airflow/dags/netflix_dag.py took 0.223 seconds
[2026-09-07T08:27:46.903+0000] {processor.py:161} INFO - Started process (PID=6684) to work on /opt/airflow/dags/netflix_dag.py
[2026-09-07T08:27:46.906+0000] {processor.py:830} INFO - Processing file /opt/airflow/dags/netflix_dag.py for tasks to queue
[2026-09-07T08:27:46.910+0000] {logging_mixin.py:188} INFO - [2026-09-07T08:27:46.910+0000] {dagbag.py:545} INFO - Filling up the DagBag from /opt/airflow/dags/netflix_dag.py
[2026-09-07T08:27:46.956+0000] {processor.py:840} INFO - DAG(s) 'netflix_etl_pipeline' retrieved from /opt/airflow/dags/netflix_dag.py
[2026-09-07T08:27:47.027+0000] {logging_mixin.py:188} INFO - [2026-09-07T08:27:47.026+0000] {dag.py:3089} INFO - Sync 1 DAGs
[2026-09-07T08:27:47.072+0000] {logging_mixin.py:188} INFO - [2026-09-07T08:27:47.071+0000] {dag.py:3947} INFO - Setting next_dagrun for netflix_etl_pipeline to 2026-09-06 00:00:00+00:00, run_after=2026-09-07 00:00:00+00:00
[2026-09-07T08:27:47.114+0000] {processor.py:183} INFO - Processing /opt/airflow/dags/netflix_dag.py took 0.224 seconds
[2026-09-07T08:28:17.503+0000] {processor.py:161} INFO - Started process (PID=6695) to work on /opt/airflow/dags/netflix_dag.py
[2026-09-07T08:28:17.506+0000] {processor.py:830} INFO - Processing file /opt/airflow/dags/netflix_dag.py for tasks to queue
[2026-09-07T08:28:17.511+0000] {logging_mixin.py:188} INFO - [2026-09-07T08:28:17.510+0000] {dagbag.py:545} INFO - Filling up the DagBag from /opt/airflow/dags/netflix_dag.py
[2026-09-07T08:28:17.560+0000] {processor.py:840} INFO - DAG(s) 'netflix_etl_pipeline' retrieved from /opt/airflow/dags/netflix_dag.py
[2026-09-07T08:28:17.634+0000] {logging_mixin.py:188} INFO - [2026-09-07T08:28:17.634+0000] {dag.py:3089} INFO - Sync 1 DAGs
[2026-09-07T08:28:17.684+0000] {logging_mixin.py:188} INFO - [2026-09-07T08:28:17.684+0000] {dag.py:3947} INFO - Setting next_dagrun for netflix_etl_pipeline to 2026-09-06 00:00:00+00:00, run_after=2026-09-07 00:00:00+00:00
[2026-09-07T08:28:17.731+0000] {processor.py:183} INFO - Processing /opt/airflow/dags/netflix_dag.py took 0.246 seconds
[2026-09-07T08:28:48.054+0000] {processor.py:161} INFO - Started process (PID=6706) to work on /opt/airflow/dags/netflix_dag.py
[2026-09-07T08:28:48.057+0000] {processor.py:830} INFO - Processing file /opt/airflow/dags/netflix_dag.py for tasks to queue
[2026-09-07T08:28:48.062+0000] {logging_mixin.py:188} INFO - [2026-09-07T08:28:48.061+0000] {dagbag.py:545} INFO - Filling up the DagBag from /opt/airflow/dags/netflix_dag.py
[2026-09-07T08:28:48.207+0000] {processor.py:840} INFO - DAG(s) 'netflix_etl_pipeline' retrieved from /opt/airflow/dags/netflix_dag.py
[2026-09-07T08:28:48.294+0000] {logging_mixin.py:188} INFO - [2026-09-07T08:28:48.293+0000] {dag.py:3089} INFO - Sync 1 DAGs
[2026-09-07T08:28:48.372+0000] {logging_mixin.py:188} INFO - [2026-09-07T08:28:48.371+0000] {dag.py:3947} INFO - Setting next_dagrun for netflix_etl_pipeline to 2026-09-06 00:00:00+00:00, run_after=2026-09-07 00:00:00+00:00
[2026-09-07T08:28:48.437+0000] {processor.py:183} INFO - Processing /opt/airflow/dags/netflix_dag.py took 0.395 seconds
[2026-09-07T08:29:18.834+0000] {processor.py:161} INFO - Started process (PID=6717) to work on /opt/airflow/dags/netflix_dag.py
[2026-09-07T08:29:18.837+0000] {processor.py:830} INFO - Processing file /opt/airflow/dags/netflix_dag.py for tasks to queue
[2026-09-07T08:29:18.842+0000] {logging_mixin.py:188} INFO - [2026-09-07T08:29:18.841+0000] {dagbag.py:545} INFO - Filling up the DagBag from /opt/airflow/dags/netflix_dag.py
[2026-09-07T08:29:18.913+0000] {processor.py:840} INFO - DAG(s) 'netflix_etl_pipeline' retrieved from /opt/airflow/dags/netflix_dag.py
[2026-09-07T08:29:18.989+0000] {logging_mixin.py:188} INFO - [2026-09-07T08:29:18.989+0000] {dag.py:3089} INFO - Sync 1 DAGs
[2026-09-07T08:29:19.066+0000] {logging_mixin.py:188} INFO - [2026-09-07T08:29:19.066+0000] {dag.py:3947} INFO - Setting next_dagrun for netflix_etl_pipeline to 2026-09-06 00:00:00+00:00, run_after=2026-09-07 00:00:00+00:00
[2026-09-07T08:29:19.142+0000] {processor.py:183} INFO - Processing /opt/airflow/dags/netflix_dag.py took 0.324 seconds
[2026-09-07T08:29:49.494+0000] {processor.py:161} INFO - Started process (PID=6729) to work on /opt/airflow/dags/netflix_dag.py
[2026-09-07T08:29:49.497+0000] {processor.py:830} INFO - Processing file /opt/airflow/dags/netflix_dag.py for tasks to queue
[2026-09-07T08:29:49.502+0000] {logging_mixin.py:188} INFO - [2026-09-07T08:29:49.501+0000] {dagbag.py:545} INFO - Filling up the DagBag from /opt/airflow/dags/netflix_dag.py
[2026-09-07T08:29:49.550+0000] {processor.py:840} INFO - DAG(s) 'netflix_etl_pipeline' retrieved from /opt/airflow/dags/netflix_dag.py
[2026-09-07T08:29:49.616+0000] {logging_mixin.py:188} INFO - [2026-09-07T08:29:49.616+0000] {dag.py:3089} INFO - Sync 1 DAGs
[2026-09-07T08:29:49.660+0000] {logging_mixin.py:188} INFO - [2026-09-07T08:29:49.659+0000] {dag.py:3947} INFO - Setting next_dagrun for netflix_etl_pipeline to 2026-09-06 00:00:00+00:00, run_after=2026-09-07 00:00:00+00:00
[2026-09-07T08:29:49.744+0000] {processor.py:183} INFO - Processing /opt/airflow/dags/netflix_dag.py took 0.280 seconds
[2026-09-07T08:30:20.177+0000] {processor.py:161} INFO - Started process (PID=6740) to work on /opt/airflow/dags/netflix_dag.py
[2026-09-07T08:30:20.180+0000] {processor.py:830} INFO - Processing file /opt/airflow/dags/netflix_dag.py for tasks to queue
[2026-09-07T08:30:20.186+0000] {logging_mixin.py:188} INFO - [2026-09-07T08:30:20.185+0000] {dagbag.py:545} INFO - Filling up the DagBag from /opt/airflow/dags/netflix_dag.py
[2026-09-07T08:30:20.238+0000] {processor.py:840} INFO - DAG(s) 'netflix_etl_pipeline' retrieved from /opt/airflow/dags/netflix_dag.py
[2026-09-07T08:30:20.312+0000] {logging_mixin.py:188} INFO - [2026-09-07T08:30:20.312+0000] {dag.py:3089} INFO - Sync 1 DAGs
[2026-09-07T08:30:20.357+0000] {logging_mixin.py:188} INFO - [2026-09-07T08:30:20.356+0000] {dag.py:3947} INFO - Setting next_dagrun for netflix_etl_pipeline to 2026-09-06 00:00:00+00:00, run_after=2026-09-07 00:00:00+00:00
[2026-09-07T08:30:20.396+0000] {processor.py:183} INFO - Processing /opt/airflow/dags/netflix_dag.py took 0.231 seconds
[2026-09-07T08:30:50.705+0000] {processor.py:161} INFO - Started process (PID=6752) to work on /opt/airflow/dags/netflix_dag.py
[2026-09-07T08:30:50.708+0000] {processor.py:830} INFO - Processing file /opt/airflow/dags/netflix_dag.py for tasks to queue
[2026-09-07T08:30:50.715+0000] {logging_mixin.py:188} INFO - [2026-09-07T08:30:50.714+0000] {dagbag.py:545} INFO - Filling up the DagBag from /opt/airflow/dags/netflix_dag.py
[2026-09-07T08:30:50.763+0000] {processor.py:840} INFO - DAG(s) 'netflix_etl_pipeline' retrieved from /opt/airflow/dags/netflix_dag.py
[2026-09-07T08:30:50.836+0000] {logging_mixin.py:188} INFO - [2026-09-07T08:30:50.836+0000] {dag.py:3089} INFO - Sync 1 DAGs
[2026-09-07T08:30:50.882+0000] {logging_mixin.py:188} INFO - [2026-09-07T08:30:50.881+0000] {dag.py:3947} INFO - Setting next_dagrun for netflix_etl_pipeline to 2026-09-06 00:00:00+00:00, run_after=2026-09-07 00:00:00+00:00
[2026-09-07T08:30:50.924+0000] {processor.py:183} INFO - Processing /opt/airflow/dags/netflix_dag.py took 0.234 seconds
[2026-09-07T08:31:21.350+0000] {processor.py:161} INFO - Started process (PID=6763) to work on /opt/airflow/dags/netflix_dag.py
[2026-09-07T08:31:21.355+0000] {processor.py:830} INFO - Processing file /opt/airflow/dags/netflix_dag.py for tasks to queue
[2026-09-07T08:31:21.360+0000] {logging_mixin.py:188} INFO - [2026-09-07T08:31:21.359+0000] {dagbag.py:545} INFO - Filling up the DagBag from /opt/airflow/dags/netflix_dag.py
[2026-09-07T08:31:21.409+0000] {processor.py:840} INFO - DAG(s) 'netflix_etl_pipeline' retrieved from /opt/airflow/dags/netflix_dag.py
[2026-09-07T08:31:21.481+0000] {logging_mixin.py:188} INFO - [2026-09-07T08:31:21.481+0000] {dag.py:3089} INFO - Sync 1 DAGs
[2026-09-07T08:31:21.529+0000] {logging_mixin.py:188} INFO - [2026-09-07T08:31:21.528+0000] {dag.py:3947} INFO - Setting next_dagrun for netflix_etl_pipeline to 2026-09-06 00:00:00+00:00, run_after=2026-09-07 00:00:00+00:00
[2026-09-07T08:31:21.569+0000] {processor.py:183} INFO - Processing /opt/airflow/dags/netflix_dag.py took 0.234 seconds
[2026-09-07T08:31:51.825+0000] {processor.py:161} INFO - Started process (PID=6774) to work on /opt/airflow/dags/netflix_dag.py
[2026-09-07T08:31:51.828+0000] {processor.py:830} INFO - Processing file /opt/airflow/dags/netflix_dag.py for tasks to queue
[2026-09-07T08:31:51.832+0000] {logging_mixin.py:188} INFO - [2026-09-07T08:31:51.832+0000] {dagbag.py:545} INFO - Filling up the DagBag from /opt/airflow/dags/netflix_dag.py
[2026-09-07T08:31:51.879+0000] {processor.py:840} INFO - DAG(s) 'netflix_etl_pipeline' retrieved from /opt/airflow/dags/netflix_dag.py
[2026-09-07T08:31:51.946+0000] {logging_mixin.py:188} INFO - [2026-09-07T08:31:51.945+0000] {dag.py:3089} INFO - Sync 1 DAGs
[2026-09-07T08:31:51.987+0000] {logging_mixin.py:188} INFO - [2026-09-07T08:31:51.987+0000] {dag.py:3947} INFO - Setting next_dagrun for netflix_etl_pipeline to 2026-09-06 00:00:00+00:00, run_after=2026-09-07 00:00:00+00:00
[2026-09-07T08:31:52.025+0000] {processor.py:183} INFO - Processing /opt/airflow/dags/netflix_dag.py took 0.212 seconds
[2026-09-07T08:32:22.557+0000] {processor.py:161} INFO - Started process (PID=6785) to work on /opt/airflow/dags/netflix_dag.py
[2026-09-07T08:32:22.560+0000] {processor.py:830} INFO - Processing file /opt/airflow/dags/netflix_dag.py for tasks to queue
[2026-09-07T08:32:22.565+0000] {logging_mixin.py:188} INFO - [2026-09-07T08:32:22.565+0000] {dagbag.py:545} INFO - Filling up the DagBag from /opt/airflow/dags/netflix_dag.py
[2026-09-07T08:32:22.617+0000] {processor.py:840} INFO - DAG(s) 'netflix_etl_pipeline' retrieved from /opt/airflow/dags/netflix_dag.py
[2026-09-07T08:32:22.686+0000] {logging_mixin.py:188} INFO - [2026-09-07T08:32:22.686+0000] {dag.py:3089} INFO - Sync 1 DAGs
[2026-09-07T08:32:22.735+0000] {logging_mixin.py:188} INFO - [2026-09-07T08:32:22.734+0000] {dag.py:3947} INFO - Setting next_dagrun for netflix_etl_pipeline to 2026-09-06 00:00:00+00:00, run_after=2026-09-07 00:00:00+00:00
[2026-09-07T08:32:22.773+0000] {processor.py:183} INFO - Processing /opt/airflow/dags/netflix_dag.py took 0.230 seconds
[2026-09-07T08:32:53.059+0000] {processor.py:161} INFO - Started process (PID=6797) to work on /opt/airflow/dags/netflix_dag.py
[2026-09-07T08:32:53.062+0000] {processor.py:830} INFO - Processing file /opt/airflow/dags/netflix_dag.py for tasks to queue
[2026-09-07T08:32:53.067+0000] {logging_mixin.py:188} INFO - [2026-09-07T08:32:53.067+0000] {dagbag.py:545} INFO - Filling up the DagBag from /opt/airflow/dags/netflix_dag.py
[2026-09-07T08:32:53.116+0000] {processor.py:840} INFO - DAG(s) 'netflix_etl_pipeline' retrieved from /opt/airflow/dags/netflix_dag.py
[2026-09-07T08:32:53.189+0000] {logging_mixin.py:188} INFO - [2026-09-07T08:32:53.189+0000] {dag.py:3089} INFO - Sync 1 DAGs
[2026-09-07T08:32:53.236+0000] {logging_mixin.py:188} INFO - [2026-09-07T08:32:53.235+0000] {dag.py:3947} INFO - Setting next_dagrun for netflix_etl_pipeline to 2026-09-06 00:00:00+00:00, run_after=2026-09-07 00:00:00+00:00
[2026-09-07T08:32:53.276+0000] {processor.py:183} INFO - Processing /opt/airflow/dags/netflix_dag.py took 0.231 seconds
[2026-09-07T08:33:23.791+0000] {processor.py:161} INFO - Started process (PID=6808) to work on /opt/airflow/dags/netflix_dag.py
[2026-09-07T08:33:23.794+0000] {processor.py:830} INFO - Processing file /opt/airflow/dags/netflix_dag.py for tasks to queue
[2026-09-07T08:33:23.799+0000] {logging_mixin.py:188} INFO - [2026-09-07T08:33:23.799+0000] {dagbag.py:545} INFO - Filling up the DagBag from /opt/airflow/dags/netflix_dag.py
[2026-09-07T08:33:23.849+0000] {processor.py:840} INFO - DAG(s) 'netflix_etl_pipeline' retrieved from /opt/airflow/dags/netflix_dag.py
[2026-09-07T08:33:23.919+0000] {logging_mixin.py:188} INFO - [2026-09-07T08:33:23.918+0000] {dag.py:3089} INFO - Sync 1 DAGs
[2026-09-07T08:33:23.964+0000] {logging_mixin.py:188} INFO - [2026-09-07T08:33:23.964+0000] {dag.py:3947} INFO - Setting next_dagrun for netflix_etl_pipeline to 2026-09-06 00:00:00+00:00, run_after=2026-09-07 00:00:00+00:00
[2026-09-07T08:33:24.002+0000] {processor.py:183} INFO - Processing /opt/airflow/dags/netflix_dag.py took 0.225 seconds
[2026-09-07T08:33:54.311+0000] {processor.py:161} INFO - Started process (PID=6820) to work on /opt/airflow/dags/netflix_dag.py
[2026-09-07T08:33:54.314+0000] {processor.py:830} INFO - Processing file /opt/airflow/dags/netflix_dag.py for tasks to queue
[2026-09-07T08:33:54.319+0000] {logging_mixin.py:188} INFO - [2026-09-07T08:33:54.318+0000] {dagbag.py:545} INFO - Filling up the DagBag from /opt/airflow/dags/netflix_dag.py
[2026-09-07T08:33:54.364+0000] {processor.py:840} INFO - DAG(s) 'netflix_etl_pipeline' retrieved from /opt/airflow/dags/netflix_dag.py
[2026-09-07T08:33:54.430+0000] {logging_mixin.py:188} INFO - [2026-09-07T08:33:54.430+0000] {dag.py:3089} INFO - Sync 1 DAGs
[2026-09-07T08:33:54.472+0000] {logging_mixin.py:188} INFO - [2026-09-07T08:33:54.472+0000] {dag.py:3947} INFO - Setting next_dagrun for netflix_etl_pipeline to 2026-09-06 00:00:00+00:00, run_after=2026-09-07 00:00:00+00:00
[2026-09-07T08:33:54.510+0000] {processor.py:183} INFO - Processing /opt/airflow/dags/netflix_dag.py took 0.210 seconds
[2026-09-07T08:34:25.098+0000] {processor.py:161} INFO - Started process (PID=6831) to work on /opt/airflow/dags/netflix_dag.py
[2026-09-07T08:34:25.101+0000] {processor.py:830} INFO - Processing file /opt/airflow/dags/netflix_dag.py for tasks to queue
[2026-09-07T08:34:25.106+0000] {logging_mixin.py:188} INFO - [2026-09-07T08:34:25.106+0000] {dagbag.py:545} INFO - Filling up the DagBag from /opt/airflow/dags/netflix_dag.py
[2026-09-07T08:34:25.159+0000] {processor.py:840} INFO - DAG(s) 'netflix_etl_pipeline' retrieved from /opt/airflow/dags/netflix_dag.py
[2026-09-07T08:34:25.230+0000] {logging_mixin.py:188} INFO - [2026-09-07T08:34:25.230+0000] {dag.py:3089} INFO - Sync 1 DAGs
[2026-09-07T08:34:25.276+0000] {logging_mixin.py:188} INFO - [2026-09-07T08:34:25.275+0000] {dag.py:3947} INFO - Setting next_dagrun for netflix_etl_pipeline to 2026-09-06 00:00:00+00:00, run_after=2026-09-07 00:00:00+00:00
[2026-09-07T08:34:25.317+0000] {processor.py:183} INFO - Processing /opt/airflow/dags/netflix_dag.py took 0.233 seconds
[2026-09-07T08:34:55.611+0000] {processor.py:161} INFO - Started process (PID=6842) to work on /opt/airflow/dags/netflix_dag.py
[2026-09-07T08:34:55.619+0000] {processor.py:830} INFO - Processing file /opt/airflow/dags/netflix_dag.py for tasks to queue
[2026-09-07T08:34:55.626+0000] {logging_mixin.py:188} INFO - [2026-09-07T08:34:55.625+0000] {dagbag.py:545} INFO - Filling up the DagBag from /opt/airflow/dags/netflix_dag.py
[2026-09-07T08:34:55.685+0000] {processor.py:840} INFO - DAG(s) 'netflix_etl_pipeline' retrieved from /opt/airflow/dags/netflix_dag.py
[2026-09-07T08:34:55.756+0000] {logging_mixin.py:188} INFO - [2026-09-07T08:34:55.756+0000] {dag.py:3089} INFO - Sync 1 DAGs
[2026-09-07T08:34:55.804+0000] {logging_mixin.py:188} INFO - [2026-09-07T08:34:55.804+0000] {dag.py:3947} INFO - Setting next_dagrun for netflix_etl_pipeline to 2026-09-06 00:00:00+00:00, run_after=2026-09-07 00:00:00+00:00
[2026-09-07T08:34:55.844+0000] {processor.py:183} INFO - Processing /opt/airflow/dags/netflix_dag.py took 0.254 seconds
[2026-09-07T08:35:26.296+0000] {processor.py:161} INFO - Started process (PID=6853) to work on /opt/airflow/dags/netflix_dag.py
[2026-09-07T08:35:26.298+0000] {processor.py:830} INFO - Processing file /opt/airflow/dags/netflix_dag.py for tasks to queue
[2026-09-07T08:35:26.303+0000] {logging_mixin.py:188} INFO - [2026-09-07T08:35:26.302+0000] {dagbag.py:545} INFO - Filling up the DagBag from /opt/airflow/dags/netflix_dag.py
[2026-09-07T08:35:26.349+0000] {processor.py:840} INFO - DAG(s) 'netflix_etl_pipeline' retrieved from /opt/airflow/dags/netflix_dag.py
[2026-09-07T08:35:26.424+0000] {logging_mixin.py:188} INFO - [2026-09-07T08:35:26.424+0000] {dag.py:3089} INFO - Sync 1 DAGs
[2026-09-07T08:35:26.477+0000] {logging_mixin.py:188} INFO - [2026-09-07T08:35:26.476+0000] {dag.py:3947} INFO - Setting next_dagrun for netflix_etl_pipeline to 2026-09-06 00:00:00+00:00, run_after=2026-09-07 00:00:00+00:00
[2026-09-07T08:35:26.523+0000] {processor.py:183} INFO - Processing /opt/airflow/dags/netflix_dag.py took 0.241 seconds
[2026-09-07T08:35:56.848+0000] {processor.py:161} INFO - Started process (PID=6864) to work on /opt/airflow/dags/netflix_dag.py
[2026-09-07T08:35:56.852+0000] {processor.py:830} INFO - Processing file /opt/airflow/dags/netflix_dag.py for tasks to queue
[2026-09-07T08:35:56.857+0000] {logging_mixin.py:188} INFO - [2026-09-07T08:35:56.856+0000] {dagbag.py:545} INFO - Filling up the DagBag from /opt/airflow/dags/netflix_dag.py
[2026-09-07T08:35:56.911+0000] {processor.py:840} INFO - DAG(s) 'netflix_etl_pipeline' retrieved from /opt/airflow/dags/netflix_dag.py
[2026-09-07T08:35:57.008+0000] {logging_mixin.py:188} INFO - [2026-09-07T08:35:57.007+0000] {dag.py:3089} INFO - Sync 1 DAGs
[2026-09-07T08:35:57.060+0000] {logging_mixin.py:188} INFO - [2026-09-07T08:35:57.060+0000] {dag.py:3947} INFO - Setting next_dagrun for netflix_etl_pipeline to 2026-09-06 00:00:00+00:00, run_after=2026-09-07 00:00:00+00:00
[2026-09-07T08:35:57.101+0000] {processor.py:183} INFO - Processing /opt/airflow/dags/netflix_dag.py took 0.267 seconds
[2026-09-07T08:36:27.509+0000] {processor.py:161} INFO - Started process (PID=6875) to work on /opt/airflow/dags/netflix_dag.py
[2026-09-07T08:36:27.513+0000] {processor.py:830} INFO - Processing file /opt/airflow/dags/netflix_dag.py for tasks to queue
[2026-09-07T08:36:27.520+0000] {logging_mixin.py:188} INFO - [2026-09-07T08:36:27.519+0000] {dagbag.py:545} INFO - Filling up the DagBag from /opt/airflow/dags/netflix_dag.py
[2026-09-07T08:36:27.565+0000] {processor.py:840} INFO - DAG(s) 'netflix_etl_pipeline' retrieved from /opt/airflow/dags/netflix_dag.py
[2026-09-07T08:36:27.634+0000] {logging_mixin.py:188} INFO - [2026-09-07T08:36:27.634+0000] {dag.py:3089} INFO - Sync 1 DAGs
[2026-09-07T08:36:27.676+0000] {logging_mixin.py:188} INFO - [2026-09-07T08:36:27.675+0000] {dag.py:3947} INFO - Setting next_dagrun for netflix_etl_pipeline to 2026-09-06 00:00:00+00:00, run_after=2026-09-07 00:00:00+00:00
[2026-09-07T08:36:27.721+0000] {processor.py:183} INFO - Processing /opt/airflow/dags/netflix_dag.py took 0.227 seconds
[2026-09-07T08:36:58.081+0000] {processor.py:161} INFO - Started process (PID=6886) to work on /opt/airflow/dags/netflix_dag.py
[2026-09-07T08:36:58.085+0000] {processor.py:830} INFO - Processing file /opt/airflow/dags/netflix_dag.py for tasks to queue
[2026-09-07T08:36:58.090+0000] {logging_mixin.py:188} INFO - [2026-09-07T08:36:58.090+0000] {dagbag.py:545} INFO - Filling up the DagBag from /opt/airflow/dags/netflix_dag.py
[2026-09-07T08:36:58.141+0000] {processor.py:840} INFO - DAG(s) 'netflix_etl_pipeline' retrieved from /opt/airflow/dags/netflix_dag.py
[2026-09-07T08:36:58.212+0000] {logging_mixin.py:188} INFO - [2026-09-07T08:36:58.211+0000] {dag.py:3089} INFO - Sync 1 DAGs
[2026-09-07T08:36:58.259+0000] {logging_mixin.py:188} INFO - [2026-09-07T08:36:58.259+0000] {dag.py:3947} INFO - Setting next_dagrun for netflix_etl_pipeline to 2026-09-06 00:00:00+00:00, run_after=2026-09-07 00:00:00+00:00
[2026-09-07T08:36:58.301+0000] {processor.py:183} INFO - Processing /opt/airflow/dags/netflix_dag.py took 0.235 seconds
[2026-09-07T08:37:28.716+0000] {processor.py:161} INFO - Started process (PID=6897) to work on /opt/airflow/dags/netflix_dag.py
[2026-09-07T08:37:28.718+0000] {processor.py:830} INFO - Processing file /opt/airflow/dags/netflix_dag.py for tasks to queue
[2026-09-07T08:37:28.723+0000] {logging_mixin.py:188} INFO - [2026-09-07T08:37:28.722+0000] {dagbag.py:545} INFO - Filling up the DagBag from /opt/airflow/dags/netflix_dag.py
[2026-09-07T08:37:28.772+0000] {processor.py:840} INFO - DAG(s) 'netflix_etl_pipeline' retrieved from /opt/airflow/dags/netflix_dag.py
[2026-09-07T08:37:28.837+0000] {logging_mixin.py:188} INFO - [2026-09-07T08:37:28.837+0000] {dag.py:3089} INFO - Sync 1 DAGs
[2026-09-07T08:37:28.880+0000] {logging_mixin.py:188} INFO - [2026-09-07T08:37:28.880+0000] {dag.py:3947} INFO - Setting next_dagrun for netflix_etl_pipeline to 2026-09-06 00:00:00+00:00, run_after=2026-09-07 00:00:00+00:00
[2026-09-07T08:37:28.917+0000] {processor.py:183} INFO - Processing /opt/airflow/dags/netflix_dag.py took 0.213 seconds
[2026-09-07T08:37:59.240+0000] {processor.py:161} INFO - Started process (PID=6909) to work on /opt/airflow/dags/netflix_dag.py
[2026-09-07T08:37:59.243+0000] {processor.py:830} INFO - Processing file /opt/airflow/dags/netflix_dag.py for tasks to queue
[2026-09-07T08:37:59.247+0000] {logging_mixin.py:188} INFO - [2026-09-07T08:37:59.247+0000] {dagbag.py:545} INFO - Filling up the DagBag from /opt/airflow/dags/netflix_dag.py
[2026-09-07T08:37:59.297+0000] {processor.py:840} INFO - DAG(s) 'netflix_etl_pipeline' retrieved from /opt/airflow/dags/netflix_dag.py
[2026-09-07T08:37:59.366+0000] {logging_mixin.py:188} INFO - [2026-09-07T08:37:59.366+0000] {dag.py:3089} INFO - Sync 1 DAGs
[2026-09-07T08:37:59.408+0000] {logging_mixin.py:188} INFO - [2026-09-07T08:37:59.407+0000] {dag.py:3947} INFO - Setting next_dagrun for netflix_etl_pipeline to 2026-09-06 00:00:00+00:00, run_after=2026-09-07 00:00:00+00:00
[2026-09-07T08:37:59.444+0000] {processor.py:183} INFO - Processing /opt/airflow/dags/netflix_dag.py took 0.217 seconds
[2026-09-07T08:38:29.815+0000] {processor.py:161} INFO - Started process (PID=6920) to work on /opt/airflow/dags/netflix_dag.py
[2026-09-07T08:38:29.818+0000] {processor.py:830} INFO - Processing file /opt/airflow/dags/netflix_dag.py for tasks to queue
[2026-09-07T08:38:29.823+0000] {logging_mixin.py:188} INFO - [2026-09-07T08:38:29.823+0000] {dagbag.py:545} INFO - Filling up the DagBag from /opt/airflow/dags/netflix_dag.py
[2026-09-07T08:38:29.877+0000] {processor.py:840} INFO - DAG(s) 'netflix_etl_pipeline' retrieved from /opt/airflow/dags/netflix_dag.py
[2026-09-07T08:38:29.947+0000] {logging_mixin.py:188} INFO - [2026-09-07T08:38:29.947+0000] {dag.py:3089} INFO - Sync 1 DAGs
[2026-09-07T08:38:29.992+0000] {logging_mixin.py:188} INFO - [2026-09-07T08:38:29.991+0000] {dag.py:3947} INFO - Setting next_dagrun for netflix_etl_pipeline to 2026-09-06 00:00:00+00:00, run_after=2026-09-07 00:00:00+00:00
[2026-09-07T08:38:30.030+0000] {processor.py:183} INFO - Processing /opt/airflow/dags/netflix_dag.py took 0.229 seconds
[2026-09-07T08:39:00.293+0000] {processor.py:161} INFO - Started process (PID=6931) to work on /opt/airflow/dags/netflix_dag.py
[2026-09-07T08:39:00.296+0000] {processor.py:830} INFO - Processing file /opt/airflow/dags/netflix_dag.py for tasks to queue
[2026-09-07T08:39:00.301+0000] {logging_mixin.py:188} INFO - [2026-09-07T08:39:00.300+0000] {dagbag.py:545} INFO - Filling up the DagBag from /opt/airflow/dags/netflix_dag.py
[2026-09-07T08:39:00.348+0000] {processor.py:840} INFO - DAG(s) 'netflix_etl_pipeline' retrieved from /opt/airflow/dags/netflix_dag.py
[2026-09-07T08:39:00.420+0000] {logging_mixin.py:188} INFO - [2026-09-07T08:39:00.420+0000] {dag.py:3089} INFO - Sync 1 DAGs
[2026-09-07T08:39:00.466+0000] {logging_mixin.py:188} INFO - [2026-09-07T08:39:00.466+0000] {dag.py:3947} INFO - Setting next_dagrun for netflix_etl_pipeline to 2026-09-06 00:00:00+00:00, run_after=2026-09-07 00:00:00+00:00
[2026-09-07T08:39:00.505+0000] {processor.py:183} INFO - Processing /opt/airflow/dags/netflix_dag.py took 0.228 seconds
[2026-09-07T08:39:31.006+0000] {processor.py:161} INFO - Started process (PID=6942) to work on /opt/airflow/dags/netflix_dag.py
[2026-09-07T08:39:31.009+0000] {processor.py:830} INFO - Processing file /opt/airflow/dags/netflix_dag.py for tasks to queue
[2026-09-07T08:39:31.014+0000] {logging_mixin.py:188} INFO - [2026-09-07T08:39:31.014+0000] {dagbag.py:545} INFO - Filling up the DagBag from /opt/airflow/dags/netflix_dag.py
[2026-09-07T08:39:31.075+0000] {processor.py:840} INFO - DAG(s) 'netflix_etl_pipeline' retrieved from /opt/airflow/dags/netflix_dag.py
[2026-09-07T08:39:31.167+0000] {logging_mixin.py:188} INFO - [2026-09-07T08:39:31.166+0000] {dag.py:3089} INFO - Sync 1 DAGs
[2026-09-07T08:39:31.221+0000] {logging_mixin.py:188} INFO - [2026-09-07T08:39:31.220+0000] {dag.py:3947} INFO - Setting next_dagrun for netflix_etl_pipeline to 2026-09-06 00:00:00+00:00, run_after=2026-09-07 00:00:00+00:00
[2026-09-07T08:39:31.260+0000] {processor.py:183} INFO - Processing /opt/airflow/dags/netflix_dag.py took 0.269 seconds
[2026-09-07T08:40:01.468+0000] {processor.py:161} INFO - Started process (PID=6954) to work on /opt/airflow/dags/netflix_dag.py
[2026-09-07T08:40:01.471+0000] {processor.py:830} INFO - Processing file /opt/airflow/dags/netflix_dag.py for tasks to queue
[2026-09-07T08:40:01.478+0000] {logging_mixin.py:188} INFO - [2026-09-07T08:40:01.477+0000] {dagbag.py:545} INFO - Filling up the DagBag from /opt/airflow/dags/netflix_dag.py
[2026-09-07T08:40:01.526+0000] {processor.py:840} INFO - DAG(s) 'netflix_etl_pipeline' retrieved from /opt/airflow/dags/netflix_dag.py
[2026-09-07T08:40:01.597+0000] {logging_mixin.py:188} INFO - [2026-09-07T08:40:01.596+0000] {dag.py:3089} INFO - Sync 1 DAGs
[2026-09-07T08:40:01.644+0000] {logging_mixin.py:188} INFO - [2026-09-07T08:40:01.643+0000] {dag.py:3947} INFO - Setting next_dagrun for netflix_etl_pipeline to 2026-09-06 00:00:00+00:00, run_after=2026-09-07 00:00:00+00:00
[2026-09-07T08:40:01.685+0000] {processor.py:183} INFO - Processing /opt/airflow/dags/netflix_dag.py took 0.231 seconds
[2026-09-07T08:40:32.287+0000] {processor.py:161} INFO - Started process (PID=6965) to work on /opt/airflow/dags/netflix_dag.py
[2026-09-07T08:40:32.290+0000] {processor.py:830} INFO - Processing file /opt/airflow/dags/netflix_dag.py for tasks to queue
[2026-09-07T08:40:32.296+0000] {logging_mixin.py:188} INFO - [2026-09-07T08:40:32.295+0000] {dagbag.py:545} INFO - Filling up the DagBag from /opt/airflow/dags/netflix_dag.py
[2026-09-07T08:40:32.345+0000] {processor.py:840} INFO - DAG(s) 'netflix_etl_pipeline' retrieved from /opt/airflow/dags/netflix_dag.py
[2026-09-07T08:40:32.417+0000] {logging_mixin.py:188} INFO - [2026-09-07T08:40:32.417+0000] {dag.py:3089} INFO - Sync 1 DAGs
[2026-09-07T08:40:32.463+0000] {logging_mixin.py:188} INFO - [2026-09-07T08:40:32.463+0000] {dag.py:3947} INFO - Setting next_dagrun for netflix_etl_pipeline to 2026-09-06 00:00:00+00:00, run_after=2026-09-07 00:00:00+00:00
[2026-09-07T08:40:32.504+0000] {processor.py:183} INFO - Processing /opt/airflow/dags/netflix_dag.py took 0.232 seconds
[2026-09-07T08:41:02.790+0000] {processor.py:161} INFO - Started process (PID=6976) to work on /opt/airflow/dags/netflix_dag.py
[2026-09-07T08:41:02.793+0000] {processor.py:830} INFO - Processing file /opt/airflow/dags/netflix_dag.py for tasks to queue
[2026-09-07T08:41:02.798+0000] {logging_mixin.py:188} INFO - [2026-09-07T08:41:02.798+0000] {dagbag.py:545} INFO - Filling up the DagBag from /opt/airflow/dags/netflix_dag.py
[2026-09-07T08:41:02.844+0000] {processor.py:840} INFO - DAG(s) 'netflix_etl_pipeline' retrieved from /opt/airflow/dags/netflix_dag.py
[2026-09-07T08:41:02.910+0000] {logging_mixin.py:188} INFO - [2026-09-07T08:41:02.910+0000] {dag.py:3089} INFO - Sync 1 DAGs
[2026-09-07T08:41:02.952+0000] {logging_mixin.py:188} INFO - [2026-09-07T08:41:02.952+0000] {dag.py:3947} INFO - Setting next_dagrun for netflix_etl_pipeline to 2026-09-06 00:00:00+00:00, run_after=2026-09-07 00:00:00+00:00
[2026-09-07T08:41:02.989+0000] {processor.py:183} INFO - Processing /opt/airflow/dags/netflix_dag.py took 0.211 seconds
[2026-09-07T08:41:33.505+0000] {processor.py:161} INFO - Started process (PID=6988) to work on /opt/airflow/dags/netflix_dag.py
[2026-09-07T08:41:33.508+0000] {processor.py:830} INFO - Processing file /opt/airflow/dags/netflix_dag.py for tasks to queue
[2026-09-07T08:41:33.514+0000] {logging_mixin.py:188} INFO - [2026-09-07T08:41:33.513+0000] {dagbag.py:545} INFO - Filling up the DagBag from /opt/airflow/dags/netflix_dag.py
[2026-09-07T08:41:33.564+0000] {processor.py:840} INFO - DAG(s) 'netflix_etl_pipeline' retrieved from /opt/airflow/dags/netflix_dag.py
[2026-09-07T08:41:33.632+0000] {logging_mixin.py:188} INFO - [2026-09-07T08:41:33.632+0000] {dag.py:3089} INFO - Sync 1 DAGs
[2026-09-07T08:41:33.677+0000] {logging_mixin.py:188} INFO - [2026-09-07T08:41:33.676+0000] {dag.py:3947} INFO - Setting next_dagrun for netflix_etl_pipeline to 2026-09-06 00:00:00+00:00, run_after=2026-09-07 00:00:00+00:00
[2026-09-07T08:41:33.715+0000] {processor.py:183} INFO - Processing /opt/airflow/dags/netflix_dag.py took 0.224 seconds
[2026-09-07T08:42:04.040+0000] {processor.py:161} INFO - Started process (PID=6999) to work on /opt/airflow/dags/netflix_dag.py
[2026-09-07T08:42:04.044+0000] {processor.py:830} INFO - Processing file /opt/airflow/dags/netflix_dag.py for tasks to queue
[2026-09-07T08:42:04.050+0000] {logging_mixin.py:188} INFO - [2026-09-07T08:42:04.049+0000] {dagbag.py:545} INFO - Filling up the DagBag from /opt/airflow/dags/netflix_dag.py
[2026-09-07T08:42:04.100+0000] {processor.py:840} INFO - DAG(s) 'netflix_etl_pipeline' retrieved from /opt/airflow/dags/netflix_dag.py
[2026-09-07T08:42:04.172+0000] {logging_mixin.py:188} INFO - [2026-09-07T08:42:04.171+0000] {dag.py:3089} INFO - Sync 1 DAGs
[2026-09-07T08:42:04.216+0000] {logging_mixin.py:188} INFO - [2026-09-07T08:42:04.216+0000] {dag.py:3947} INFO - Setting next_dagrun for netflix_etl_pipeline to 2026-09-06 00:00:00+00:00, run_after=2026-09-07 00:00:00+00:00
[2026-09-07T08:42:04.256+0000] {processor.py:183} INFO - Processing /opt/airflow/dags/netflix_dag.py took 0.230 seconds
[2026-09-07T08:42:34.711+0000] {processor.py:161} INFO - Started process (PID=7010) to work on /opt/airflow/dags/netflix_dag.py
[2026-09-07T08:42:34.716+0000] {processor.py:830} INFO - Processing file /opt/airflow/dags/netflix_dag.py for tasks to queue
[2026-09-07T08:42:34.726+0000] {logging_mixin.py:188} INFO - [2026-09-07T08:42:34.725+0000] {dagbag.py:545} INFO - Filling up the DagBag from /opt/airflow/dags/netflix_dag.py
[2026-09-07T08:42:34.777+0000] {processor.py:840} INFO - DAG(s) 'netflix_etl_pipeline' retrieved from /opt/airflow/dags/netflix_dag.py
[2026-09-07T08:42:34.869+0000] {logging_mixin.py:188} INFO - [2026-09-07T08:42:34.868+0000] {dag.py:3089} INFO - Sync 1 DAGs
[2026-09-07T08:42:34.913+0000] {logging_mixin.py:188} INFO - [2026-09-07T08:42:34.912+0000] {dag.py:3947} INFO - Setting next_dagrun for netflix_etl_pipeline to 2026-09-06 00:00:00+00:00, run_after=2026-09-07 00:00:00+00:00
[2026-09-07T08:42:34.953+0000] {processor.py:183} INFO - Processing /opt/airflow/dags/netflix_dag.py took 0.262 seconds
[2026-09-07T08:43:05.205+0000] {processor.py:161} INFO - Started process (PID=7021) to work on /opt/airflow/dags/netflix_dag.py
[2026-09-07T08:43:05.209+0000] {processor.py:830} INFO - Processing file /opt/airflow/dags/netflix_dag.py for tasks to queue
[2026-09-07T08:43:05.215+0000] {logging_mixin.py:188} INFO - [2026-09-07T08:43:05.215+0000] {dagbag.py:545} INFO - Filling up the DagBag from /opt/airflow/dags/netflix_dag.py
[2026-09-07T08:43:05.270+0000] {processor.py:840} INFO - DAG(s) 'netflix_etl_pipeline' retrieved from /opt/airflow/dags/netflix_dag.py
[2026-09-07T08:43:05.352+0000] {logging_mixin.py:188} INFO - [2026-09-07T08:43:05.352+0000] {dag.py:3089} INFO - Sync 1 DAGs
[2026-09-07T08:43:05.407+0000] {logging_mixin.py:188} INFO - [2026-09-07T08:43:05.407+0000] {dag.py:3947} INFO - Setting next_dagrun for netflix_etl_pipeline to 2026-09-06 00:00:00+00:00, run_after=2026-09-07 00:00:00+00:00
[2026-09-07T08:43:05.446+0000] {processor.py:183} INFO - Processing /opt/airflow/dags/netflix_dag.py took 0.257 seconds
[2026-09-07T08:43:35.677+0000] {processor.py:161} INFO - Started process (PID=7032) to work on /opt/airflow/dags/netflix_dag.py
[2026-09-07T08:43:35.680+0000] {processor.py:830} INFO - Processing file /opt/airflow/dags/netflix_dag.py for tasks to queue
[2026-09-07T08:43:35.685+0000] {logging_mixin.py:188} INFO - [2026-09-07T08:43:35.685+0000] {dagbag.py:545} INFO - Filling up the DagBag from /opt/airflow/dags/netflix_dag.py
[2026-09-07T08:43:35.731+0000] {processor.py:840} INFO - DAG(s) 'netflix_etl_pipeline' retrieved from /opt/airflow/dags/netflix_dag.py
[2026-09-07T08:43:35.803+0000] {logging_mixin.py:188} INFO - [2026-09-07T08:43:35.803+0000] {dag.py:3089} INFO - Sync 1 DAGs
[2026-09-07T08:43:35.853+0000] {logging_mixin.py:188} INFO - [2026-09-07T08:43:35.852+0000] {dag.py:3947} INFO - Setting next_dagrun for netflix_etl_pipeline to 2026-09-06 00:00:00+00:00, run_after=2026-09-07 00:00:00+00:00
[2026-09-07T08:43:35.895+0000] {processor.py:183} INFO - Processing /opt/airflow/dags/netflix_dag.py took 0.230 seconds
[2026-09-07T08:44:06.211+0000] {processor.py:161} INFO - Started process (PID=7043) to work on /opt/airflow/dags/netflix_dag.py
[2026-09-07T08:44:06.215+0000] {processor.py:830} INFO - Processing file /opt/airflow/dags/netflix_dag.py for tasks to queue
[2026-09-07T08:44:06.220+0000] {logging_mixin.py:188} INFO - [2026-09-07T08:44:06.219+0000] {dagbag.py:545} INFO - Filling up the DagBag from /opt/airflow/dags/netflix_dag.py
[2026-09-07T08:44:06.271+0000] {processor.py:840} INFO - DAG(s) 'netflix_etl_pipeline' retrieved from /opt/airflow/dags/netflix_dag.py
[2026-09-07T08:44:06.339+0000] {logging_mixin.py:188} INFO - [2026-09-07T08:44:06.339+0000] {dag.py:3089} INFO - Sync 1 DAGs
[2026-09-07T08:44:06.384+0000] {logging_mixin.py:188} INFO - [2026-09-07T08:44:06.384+0000] {dag.py:3947} INFO - Setting next_dagrun for netflix_etl_pipeline to 2026-09-06 00:00:00+00:00, run_after=2026-09-07 00:00:00+00:00
[2026-09-07T08:44:06.424+0000] {processor.py:183} INFO - Processing /opt/airflow/dags/netflix_dag.py took 0.227 seconds
[2026-09-07T08:44:36.700+0000] {processor.py:161} INFO - Started process (PID=7054) to work on /opt/airflow/dags/netflix_dag.py
[2026-09-07T08:44:36.702+0000] {processor.py:830} INFO - Processing file /opt/airflow/dags/netflix_dag.py for tasks to queue
[2026-09-07T08:44:36.708+0000] {logging_mixin.py:188} INFO - [2026-09-07T08:44:36.707+0000] {dagbag.py:545} INFO - Filling up the DagBag from /opt/airflow/dags/netflix_dag.py
[2026-09-07T08:44:36.755+0000] {processor.py:840} INFO - DAG(s) 'netflix_etl_pipeline' retrieved from /opt/airflow/dags/netflix_dag.py
[2026-09-07T08:44:36.861+0000] {logging_mixin.py:188} INFO - [2026-09-07T08:44:36.860+0000] {dag.py:3089} INFO - Sync 1 DAGs
[2026-09-07T08:44:36.915+0000] {logging_mixin.py:188} INFO - [2026-09-07T08:44:36.914+0000] {dag.py:3947} INFO - Setting next_dagrun for netflix_etl_pipeline to 2026-09-06 00:00:00+00:00, run_after=2026-09-07 00:00:00+00:00
[2026-09-07T08:44:36.962+0000] {processor.py:183} INFO - Processing /opt/airflow/dags/netflix_dag.py took 0.276 seconds
[2026-09-07T08:45:07.286+0000] {processor.py:161} INFO - Started process (PID=7065) to work on /opt/airflow/dags/netflix_dag.py
[2026-09-07T08:45:07.289+0000] {processor.py:830} INFO - Processing file /opt/airflow/dags/netflix_dag.py for tasks to queue
[2026-09-07T08:45:07.293+0000] {logging_mixin.py:188} INFO - [2026-09-07T08:45:07.293+0000] {dagbag.py:545} INFO - Filling up the DagBag from /opt/airflow/dags/netflix_dag.py
[2026-09-07T08:45:07.341+0000] {processor.py:840} INFO - DAG(s) 'netflix_etl_pipeline' retrieved from /opt/airflow/dags/netflix_dag.py
[2026-09-07T08:45:07.410+0000] {logging_mixin.py:188} INFO - [2026-09-07T08:45:07.409+0000] {dag.py:3089} INFO - Sync 1 DAGs
[2026-09-07T08:45:07.454+0000] {logging_mixin.py:188} INFO - [2026-09-07T08:45:07.453+0000] {dag.py:3947} INFO - Setting next_dagrun for netflix_etl_pipeline to 2026-09-06 00:00:00+00:00, run_after=2026-09-07 00:00:00+00:00
[2026-09-07T08:45:07.492+0000] {processor.py:183} INFO - Processing /opt/airflow/dags/netflix_dag.py took 0.218 seconds
[2026-09-07T08:45:37.929+0000] {processor.py:161} INFO - Started process (PID=7076) to work on /opt/airflow/dags/netflix_dag.py
[2026-09-07T08:45:37.932+0000] {processor.py:830} INFO - Processing file /opt/airflow/dags/netflix_dag.py for tasks to queue
[2026-09-07T08:45:37.936+0000] {logging_mixin.py:188} INFO - [2026-09-07T08:45:37.936+0000] {dagbag.py:545} INFO - Filling up the DagBag from /opt/airflow/dags/netflix_dag.py
[2026-09-07T08:45:37.982+0000] {processor.py:840} INFO - DAG(s) 'netflix_etl_pipeline' retrieved from /opt/airflow/dags/netflix_dag.py
[2026-09-07T08:45:38.045+0000] {logging_mixin.py:188} INFO - [2026-09-07T08:45:38.045+0000] {dag.py:3089} INFO - Sync 1 DAGs
[2026-09-07T08:45:38.098+0000] {logging_mixin.py:188} INFO - [2026-09-07T08:45:38.098+0000] {dag.py:3947} INFO - Setting next_dagrun for netflix_etl_pipeline to 2026-09-06 00:00:00+00:00, run_after=2026-09-07 00:00:00+00:00
[2026-09-07T08:45:38.137+0000] {processor.py:183} INFO - Processing /opt/airflow/dags/netflix_dag.py took 0.227 seconds
[2026-09-07T08:46:08.531+0000] {processor.py:161} INFO - Started process (PID=7087) to work on /opt/airflow/dags/netflix_dag.py
[2026-09-07T08:46:08.534+0000] {processor.py:830} INFO - Processing file /opt/airflow/dags/netflix_dag.py for tasks to queue
[2026-09-07T08:46:08.539+0000] {logging_mixin.py:188} INFO - [2026-09-07T08:46:08.539+0000] {dagbag.py:545} INFO - Filling up the DagBag from /opt/airflow/dags/netflix_dag.py
[2026-09-07T08:46:08.592+0000] {processor.py:840} INFO - DAG(s) 'netflix_etl_pipeline' retrieved from /opt/airflow/dags/netflix_dag.py
[2026-09-07T08:46:08.662+0000] {logging_mixin.py:188} INFO - [2026-09-07T08:46:08.662+0000] {dag.py:3089} INFO - Sync 1 DAGs
[2026-09-07T08:46:08.709+0000] {logging_mixin.py:188} INFO - [2026-09-07T08:46:08.709+0000] {dag.py:3947} INFO - Setting next_dagrun for netflix_etl_pipeline to 2026-09-06 00:00:00+00:00, run_after=2026-09-07 00:00:00+00:00
[2026-09-07T08:46:08.750+0000] {processor.py:183} INFO - Processing /opt/airflow/dags/netflix_dag.py took 0.235 seconds
[2026-09-07T08:46:39.060+0000] {processor.py:161} INFO - Started process (PID=7098) to work on /opt/airflow/dags/netflix_dag.py
[2026-09-07T08:46:39.063+0000] {processor.py:830} INFO - Processing file /opt/airflow/dags/netflix_dag.py for tasks to queue
[2026-09-07T08:46:39.068+0000] {logging_mixin.py:188} INFO - [2026-09-07T08:46:39.067+0000] {dagbag.py:545} INFO - Filling up the DagBag from /opt/airflow/dags/netflix_dag.py
[2026-09-07T08:46:39.120+0000] {processor.py:840} INFO - DAG(s) 'netflix_etl_pipeline' retrieved from /opt/airflow/dags/netflix_dag.py
[2026-09-07T08:46:39.194+0000] {logging_mixin.py:188} INFO - [2026-09-07T08:46:39.194+0000] {dag.py:3089} INFO - Sync 1 DAGs
[2026-09-07T08:46:39.240+0000] {logging_mixin.py:188} INFO - [2026-09-07T08:46:39.240+0000] {dag.py:3947} INFO - Setting next_dagrun for netflix_etl_pipeline to 2026-09-06 00:00:00+00:00, run_after=2026-09-07 00:00:00+00:00
[2026-09-07T08:46:39.284+0000] {processor.py:183} INFO - Processing /opt/airflow/dags/netflix_dag.py took 0.240 seconds
[2026-09-07T08:47:09.639+0000] {processor.py:161} INFO - Started process (PID=7109) to work on /opt/airflow/dags/netflix_dag.py
[2026-09-07T08:47:09.642+0000] {processor.py:830} INFO - Processing file /opt/airflow/dags/netflix_dag.py for tasks to queue
[2026-09-07T08:47:09.646+0000] {logging_mixin.py:188} INFO - [2026-09-07T08:47:09.646+0000] {dagbag.py:545} INFO - Filling up the DagBag from /opt/airflow/dags/netflix_dag.py
[2026-09-07T08:47:09.701+0000] {processor.py:840} INFO - DAG(s) 'netflix_etl_pipeline' retrieved from /opt/airflow/dags/netflix_dag.py
[2026-09-07T08:47:09.772+0000] {logging_mixin.py:188} INFO - [2026-09-07T08:47:09.772+0000] {dag.py:3089} INFO - Sync 1 DAGs
[2026-09-07T08:47:09.821+0000] {logging_mixin.py:188} INFO - [2026-09-07T08:47:09.821+0000] {dag.py:3947} INFO - Setting next_dagrun for netflix_etl_pipeline to 2026-09-06 00:00:00+00:00, run_after=2026-09-07 00:00:00+00:00
[2026-09-07T08:47:09.863+0000] {processor.py:183} INFO - Processing /opt/airflow/dags/netflix_dag.py took 0.237 seconds
[2026-09-07T08:47:40.217+0000] {processor.py:161} INFO - Started process (PID=7120) to work on /opt/airflow/dags/netflix_dag.py
[2026-09-07T08:47:40.220+0000] {processor.py:830} INFO - Processing file /opt/airflow/dags/netflix_dag.py for tasks to queue
[2026-09-07T08:47:40.224+0000] {logging_mixin.py:188} INFO - [2026-09-07T08:47:40.224+0000] {dagbag.py:545} INFO - Filling up the DagBag from /opt/airflow/dags/netflix_dag.py
[2026-09-07T08:47:40.272+0000] {processor.py:840} INFO - DAG(s) 'netflix_etl_pipeline' retrieved from /opt/airflow/dags/netflix_dag.py
[2026-09-07T08:47:40.345+0000] {logging_mixin.py:188} INFO - [2026-09-07T08:47:40.345+0000] {dag.py:3089} INFO - Sync 1 DAGs
[2026-09-07T08:47:40.390+0000] {logging_mixin.py:188} INFO - [2026-09-07T08:47:40.390+0000] {dag.py:3947} INFO - Setting next_dagrun for netflix_etl_pipeline to 2026-09-06 00:00:00+00:00, run_after=2026-09-07 00:00:00+00:00
[2026-09-07T08:47:40.430+0000] {processor.py:183} INFO - Processing /opt/airflow/dags/netflix_dag.py took 0.226 seconds
[2026-09-07T08:48:10.859+0000] {processor.py:161} INFO - Started process (PID=7131) to work on /opt/airflow/dags/netflix_dag.py
[2026-09-07T08:48:10.862+0000] {processor.py:830} INFO - Processing file /opt/airflow/dags/netflix_dag.py for tasks to queue
[2026-09-07T08:48:10.867+0000] {logging_mixin.py:188} INFO - [2026-09-07T08:48:10.866+0000] {dagbag.py:545} INFO - Filling up the DagBag from /opt/airflow/dags/netflix_dag.py
[2026-09-07T08:48:10.918+0000] {processor.py:840} INFO - DAG(s) 'netflix_etl_pipeline' retrieved from /opt/airflow/dags/netflix_dag.py
[2026-09-07T08:48:10.987+0000] {logging_mixin.py:188} INFO - [2026-09-07T08:48:10.987+0000] {dag.py:3089} INFO - Sync 1 DAGs
[2026-09-07T08:48:11.032+0000] {logging_mixin.py:188} INFO - [2026-09-07T08:48:11.032+0000] {dag.py:3947} INFO - Setting next_dagrun for netflix_etl_pipeline to 2026-09-06 00:00:00+00:00, run_after=2026-09-07 00:00:00+00:00
[2026-09-07T08:48:11.078+0000] {processor.py:183} INFO - Processing /opt/airflow/dags/netflix_dag.py took 0.235 seconds
[2026-09-07T08:48:41.495+0000] {processor.py:161} INFO - Started process (PID=7143) to work on /opt/airflow/dags/netflix_dag.py
[2026-09-07T08:48:41.498+0000] {processor.py:830} INFO - Processing file /opt/airflow/dags/netflix_dag.py for tasks to queue
[2026-09-07T08:48:41.502+0000] {logging_mixin.py:188} INFO - [2026-09-07T08:48:41.502+0000] {dagbag.py:545} INFO - Filling up the DagBag from /opt/airflow/dags/netflix_dag.py
[2026-09-07T08:48:41.548+0000] {processor.py:840} INFO - DAG(s) 'netflix_etl_pipeline' retrieved from /opt/airflow/dags/netflix_dag.py
[2026-09-07T08:48:41.620+0000] {logging_mixin.py:188} INFO - [2026-09-07T08:48:41.620+0000] {dag.py:3089} INFO - Sync 1 DAGs
[2026-09-07T08:48:41.665+0000] {logging_mixin.py:188} INFO - [2026-09-07T08:48:41.664+0000] {dag.py:3947} INFO - Setting next_dagrun for netflix_etl_pipeline to 2026-09-06 00:00:00+00:00, run_after=2026-09-07 00:00:00+00:00
[2026-09-07T08:48:41.707+0000] {processor.py:183} INFO - Processing /opt/airflow/dags/netflix_dag.py took 0.225 seconds
[2026-09-07T08:49:12.123+0000] {processor.py:161} INFO - Started process (PID=7154) to work on /opt/airflow/dags/netflix_dag.py
[2026-09-07T08:49:12.127+0000] {processor.py:830} INFO - Processing file /opt/airflow/dags/netflix_dag.py for tasks to queue
[2026-09-07T08:49:12.132+0000] {logging_mixin.py:188} INFO - [2026-09-07T08:49:12.131+0000] {dagbag.py:545} INFO - Filling up the DagBag from /opt/airflow/dags/netflix_dag.py
[2026-09-07T08:49:12.183+0000] {processor.py:840} INFO - DAG(s) 'netflix_etl_pipeline' retrieved from /opt/airflow/dags/netflix_dag.py
[2026-09-07T08:49:12.271+0000] {logging_mixin.py:188} INFO - [2026-09-07T08:49:12.270+0000] {dag.py:3089} INFO - Sync 1 DAGs
[2026-09-07T08:49:12.325+0000] {logging_mixin.py:188} INFO - [2026-09-07T08:49:12.325+0000] {dag.py:3947} INFO - Setting next_dagrun for netflix_etl_pipeline to 2026-09-06 00:00:00+00:00, run_after=2026-09-07 00:00:00+00:00
[2026-09-07T08:49:12.366+0000] {processor.py:183} INFO - Processing /opt/airflow/dags/netflix_dag.py took 0.258 seconds
[2026-09-07T08:49:42.922+0000] {processor.py:161} INFO - Started process (PID=7166) to work on /opt/airflow/dags/netflix_dag.py
[2026-09-07T08:49:42.925+0000] {processor.py:830} INFO - Processing file /opt/airflow/dags/netflix_dag.py for tasks to queue
[2026-09-07T08:49:42.929+0000] {logging_mixin.py:188} INFO - [2026-09-07T08:49:42.929+0000] {dagbag.py:545} INFO - Filling up the DagBag from /opt/airflow/dags/netflix_dag.py
[2026-09-07T08:49:42.975+0000] {processor.py:840} INFO - DAG(s) 'netflix_etl_pipeline' retrieved from /opt/airflow/dags/netflix_dag.py
[2026-09-07T08:49:43.041+0000] {logging_mixin.py:188} INFO - [2026-09-07T08:49:43.041+0000] {dag.py:3089} INFO - Sync 1 DAGs
[2026-09-07T08:49:43.084+0000] {logging_mixin.py:188} INFO - [2026-09-07T08:49:43.084+0000] {dag.py:3947} INFO - Setting next_dagrun for netflix_etl_pipeline to 2026-09-06 00:00:00+00:00, run_after=2026-09-07 00:00:00+00:00
[2026-09-07T08:49:43.123+0000] {processor.py:183} INFO - Processing /opt/airflow/dags/netflix_dag.py took 0.212 seconds
[2026-09-07T08:50:13.476+0000] {processor.py:161} INFO - Started process (PID=7177) to work on /opt/airflow/dags/netflix_dag.py
[2026-09-07T08:50:13.479+0000] {processor.py:830} INFO - Processing file /opt/airflow/dags/netflix_dag.py for tasks to queue
[2026-09-07T08:50:13.485+0000] {logging_mixin.py:188} INFO - [2026-09-07T08:50:13.484+0000] {dagbag.py:545} INFO - Filling up the DagBag from /opt/airflow/dags/netflix_dag.py
[2026-09-07T08:50:13.533+0000] {processor.py:840} INFO - DAG(s) 'netflix_etl_pipeline' retrieved from /opt/airflow/dags/netflix_dag.py
[2026-09-07T08:50:13.605+0000] {logging_mixin.py:188} INFO - [2026-09-07T08:50:13.605+0000] {dag.py:3089} INFO - Sync 1 DAGs
[2026-09-07T08:50:13.649+0000] {logging_mixin.py:188} INFO - [2026-09-07T08:50:13.649+0000] {dag.py:3947} INFO - Setting next_dagrun for netflix_etl_pipeline to 2026-09-06 00:00:00+00:00, run_after=2026-09-07 00:00:00+00:00
[2026-09-07T08:50:13.687+0000] {processor.py:183} INFO - Processing /opt/airflow/dags/netflix_dag.py took 0.226 seconds
[2026-09-07T08:50:44.119+0000] {processor.py:161} INFO - Started process (PID=7188) to work on /opt/airflow/dags/netflix_dag.py
[2026-09-07T08:50:44.122+0000] {processor.py:830} INFO - Processing file /opt/airflow/dags/netflix_dag.py for tasks to queue
[2026-09-07T08:50:44.127+0000] {logging_mixin.py:188} INFO - [2026-09-07T08:50:44.127+0000] {dagbag.py:545} INFO - Filling up the DagBag from /opt/airflow/dags/netflix_dag.py
[2026-09-07T08:50:44.176+0000] {processor.py:840} INFO - DAG(s) 'netflix_etl_pipeline' retrieved from /opt/airflow/dags/netflix_dag.py
[2026-09-07T08:50:44.246+0000] {logging_mixin.py:188} INFO - [2026-09-07T08:50:44.245+0000] {dag.py:3089} INFO - Sync 1 DAGs
[2026-09-07T08:50:44.291+0000] {logging_mixin.py:188} INFO - [2026-09-07T08:50:44.291+0000] {dag.py:3947} INFO - Setting next_dagrun for netflix_etl_pipeline to 2026-09-06 00:00:00+00:00, run_after=2026-09-07 00:00:00+00:00
[2026-09-07T08:50:44.331+0000] {processor.py:183} INFO - Processing /opt/airflow/dags/netflix_dag.py took 0.225 seconds
[2026-09-07T08:51:14.667+0000] {processor.py:161} INFO - Started process (PID=7199) to work on /opt/airflow/dags/netflix_dag.py
[2026-09-07T08:51:14.670+0000] {processor.py:830} INFO - Processing file /opt/airflow/dags/netflix_dag.py for tasks to queue
[2026-09-07T08:51:14.675+0000] {logging_mixin.py:188} INFO - [2026-09-07T08:51:14.674+0000] {dagbag.py:545} INFO - Filling up the DagBag from /opt/airflow/dags/netflix_dag.py
[2026-09-07T08:51:14.722+0000] {processor.py:840} INFO - DAG(s) 'netflix_etl_pipeline' retrieved from /opt/airflow/dags/netflix_dag.py
[2026-09-07T08:51:14.795+0000] {logging_mixin.py:188} INFO - [2026-09-07T08:51:14.795+0000] {dag.py:3089} INFO - Sync 1 DAGs
[2026-09-07T08:51:14.842+0000] {logging_mixin.py:188} INFO - [2026-09-07T08:51:14.842+0000] {dag.py:3947} INFO - Setting next_dagrun for netflix_etl_pipeline to 2026-09-06 00:00:00+00:00, run_after=2026-09-07 00:00:00+00:00
[2026-09-07T08:51:14.883+0000] {processor.py:183} INFO - Processing /opt/airflow/dags/netflix_dag.py took 0.232 seconds
[2026-09-07T08:51:45.251+0000] {processor.py:161} INFO - Started process (PID=7210) to work on /opt/airflow/dags/netflix_dag.py
[2026-09-07T08:51:45.254+0000] {processor.py:830} INFO - Processing file /opt/airflow/dags/netflix_dag.py for tasks to queue
[2026-09-07T08:51:45.259+0000] {logging_mixin.py:188} INFO - [2026-09-07T08:51:45.259+0000] {dagbag.py:545} INFO - Filling up the DagBag from /opt/airflow/dags/netflix_dag.py
[2026-09-07T08:51:45.308+0000] {processor.py:840} INFO - DAG(s) 'netflix_etl_pipeline' retrieved from /opt/airflow/dags/netflix_dag.py
[2026-09-07T08:51:45.377+0000] {logging_mixin.py:188} INFO - [2026-09-07T08:51:45.376+0000] {dag.py:3089} INFO - Sync 1 DAGs
[2026-09-07T08:51:45.421+0000] {logging_mixin.py:188} INFO - [2026-09-07T08:51:45.421+0000] {dag.py:3947} INFO - Setting next_dagrun for netflix_etl_pipeline to 2026-09-06 00:00:00+00:00, run_after=2026-09-07 00:00:00+00:00
[2026-09-07T08:51:45.463+0000] {processor.py:183} INFO - Processing /opt/airflow/dags/netflix_dag.py took 0.224 seconds
[2026-09-07T08:52:15.878+0000] {processor.py:161} INFO - Started process (PID=7221) to work on /opt/airflow/dags/netflix_dag.py
[2026-09-07T08:52:15.882+0000] {processor.py:830} INFO - Processing file /opt/airflow/dags/netflix_dag.py for tasks to queue
[2026-09-07T08:52:15.887+0000] {logging_mixin.py:188} INFO - [2026-09-07T08:52:15.886+0000] {dagbag.py:545} INFO - Filling up the DagBag from /opt/airflow/dags/netflix_dag.py
[2026-09-07T08:52:15.937+0000] {processor.py:840} INFO - DAG(s) 'netflix_etl_pipeline' retrieved from /opt/airflow/dags/netflix_dag.py
[2026-09-07T08:52:16.007+0000] {logging_mixin.py:188} INFO - [2026-09-07T08:52:16.006+0000] {dag.py:3089} INFO - Sync 1 DAGs
[2026-09-07T08:52:16.053+0000] {logging_mixin.py:188} INFO - [2026-09-07T08:52:16.053+0000] {dag.py:3947} INFO - Setting next_dagrun for netflix_etl_pipeline to 2026-09-06 00:00:00+00:00, run_after=2026-09-07 00:00:00+00:00
[2026-09-07T08:52:16.093+0000] {processor.py:183} INFO - Processing /opt/airflow/dags/netflix_dag.py took 0.231 seconds
[2026-09-07T08:52:46.473+0000] {processor.py:161} INFO - Started process (PID=7232) to work on /opt/airflow/dags/netflix_dag.py
[2026-09-07T08:52:46.476+0000] {processor.py:830} INFO - Processing file /opt/airflow/dags/netflix_dag.py for tasks to queue
[2026-09-07T08:52:46.481+0000] {logging_mixin.py:188} INFO - [2026-09-07T08:52:46.480+0000] {dagbag.py:545} INFO - Filling up the DagBag from /opt/airflow/dags/netflix_dag.py
[2026-09-07T08:52:46.527+0000] {processor.py:840} INFO - DAG(s) 'netflix_etl_pipeline' retrieved from /opt/airflow/dags/netflix_dag.py
[2026-09-07T08:52:46.597+0000] {logging_mixin.py:188} INFO - [2026-09-07T08:52:46.597+0000] {dag.py:3089} INFO - Sync 1 DAGs
[2026-09-07T08:52:46.643+0000] {logging_mixin.py:188} INFO - [2026-09-07T08:52:46.642+0000] {dag.py:3947} INFO - Setting next_dagrun for netflix_etl_pipeline to 2026-09-06 00:00:00+00:00, run_after=2026-09-07 00:00:00+00:00
[2026-09-07T08:52:46.683+0000] {processor.py:183} INFO - Processing /opt/airflow/dags/netflix_dag.py took 0.222 seconds
[2026-09-07T08:53:17.085+0000] {processor.py:161} INFO - Started process (PID=7243) to work on /opt/airflow/dags/netflix_dag.py
[2026-09-07T08:53:17.088+0000] {processor.py:830} INFO - Processing file /opt/airflow/dags/netflix_dag.py for tasks to queue
[2026-09-07T08:53:17.092+0000] {logging_mixin.py:188} INFO - [2026-09-07T08:53:17.091+0000] {dagbag.py:545} INFO - Filling up the DagBag from /opt/airflow/dags/netflix_dag.py
[2026-09-07T08:53:17.139+0000] {processor.py:840} INFO - DAG(s) 'netflix_etl_pipeline' retrieved from /opt/airflow/dags/netflix_dag.py
[2026-09-07T08:53:17.207+0000] {logging_mixin.py:188} INFO - [2026-09-07T08:53:17.206+0000] {dag.py:3089} INFO - Sync 1 DAGs
[2026-09-07T08:53:17.249+0000] {logging_mixin.py:188} INFO - [2026-09-07T08:53:17.249+0000] {dag.py:3947} INFO - Setting next_dagrun for netflix_etl_pipeline to 2026-09-06 00:00:00+00:00, run_after=2026-09-07 00:00:00+00:00
[2026-09-07T08:53:17.289+0000] {processor.py:183} INFO - Processing /opt/airflow/dags/netflix_dag.py took 0.217 seconds
[2026-09-07T08:53:47.702+0000] {processor.py:161} INFO - Started process (PID=7254) to work on /opt/airflow/dags/netflix_dag.py
[2026-09-07T08:53:47.706+0000] {processor.py:830} INFO - Processing file /opt/airflow/dags/netflix_dag.py for tasks to queue
[2026-09-07T08:53:47.711+0000] {logging_mixin.py:188} INFO - [2026-09-07T08:53:47.711+0000] {dagbag.py:545} INFO - Filling up the DagBag from /opt/airflow/dags/netflix_dag.py
[2026-09-07T08:53:47.763+0000] {processor.py:840} INFO - DAG(s) 'netflix_etl_pipeline' retrieved from /opt/airflow/dags/netflix_dag.py
[2026-09-07T08:53:47.835+0000] {logging_mixin.py:188} INFO - [2026-09-07T08:53:47.835+0000] {dag.py:3089} INFO - Sync 1 DAGs
[2026-09-07T08:53:47.883+0000] {logging_mixin.py:188} INFO - [2026-09-07T08:53:47.883+0000] {dag.py:3947} INFO - Setting next_dagrun for netflix_etl_pipeline to 2026-09-06 00:00:00+00:00, run_after=2026-09-07 00:00:00+00:00
[2026-09-07T08:53:47.922+0000] {processor.py:183} INFO - Processing /opt/airflow/dags/netflix_dag.py took 0.234 seconds
[2026-09-07T08:54:18.332+0000] {processor.py:161} INFO - Started process (PID=7265) to work on /opt/airflow/dags/netflix_dag.py
[2026-09-07T08:54:18.335+0000] {processor.py:830} INFO - Processing file /opt/airflow/dags/netflix_dag.py for tasks to queue
[2026-09-07T08:54:18.341+0000] {logging_mixin.py:188} INFO - [2026-09-07T08:54:18.340+0000] {dagbag.py:545} INFO - Filling up the DagBag from /opt/airflow/dags/netflix_dag.py
[2026-09-07T08:54:18.386+0000] {processor.py:840} INFO - DAG(s) 'netflix_etl_pipeline' retrieved from /opt/airflow/dags/netflix_dag.py
[2026-09-07T08:54:18.457+0000] {logging_mixin.py:188} INFO - [2026-09-07T08:54:18.457+0000] {dag.py:3089} INFO - Sync 1 DAGs
[2026-09-07T08:54:18.499+0000] {logging_mixin.py:188} INFO - [2026-09-07T08:54:18.499+0000] {dag.py:3947} INFO - Setting next_dagrun for netflix_etl_pipeline to 2026-09-06 00:00:00+00:00, run_after=2026-09-07 00:00:00+00:00
[2026-09-07T08:54:18.537+0000] {processor.py:183} INFO - Processing /opt/airflow/dags/netflix_dag.py took 0.216 seconds
[2026-09-07T08:54:48.998+0000] {processor.py:161} INFO - Started process (PID=7282) to work on /opt/airflow/dags/netflix_dag.py
[2026-09-07T08:54:49.001+0000] {processor.py:830} INFO - Processing file /opt/airflow/dags/netflix_dag.py for tasks to queue
[2026-09-07T08:54:49.008+0000] {logging_mixin.py:188} INFO - [2026-09-07T08:54:49.007+0000] {dagbag.py:545} INFO - Filling up the DagBag from /opt/airflow/dags/netflix_dag.py
[2026-09-07T08:54:49.057+0000] {processor.py:840} INFO - DAG(s) 'netflix_etl_pipeline' retrieved from /opt/airflow/dags/netflix_dag.py
[2026-09-07T08:54:49.127+0000] {logging_mixin.py:188} INFO - [2026-09-07T08:54:49.127+0000] {dag.py:3089} INFO - Sync 1 DAGs
[2026-09-07T08:54:49.172+0000] {logging_mixin.py:188} INFO - [2026-09-07T08:54:49.172+0000] {dag.py:3947} INFO - Setting next_dagrun for netflix_etl_pipeline to 2026-09-06 00:00:00+00:00, run_after=2026-09-07 00:00:00+00:00
[2026-09-07T08:54:49.214+0000] {processor.py:183} INFO - Processing /opt/airflow/dags/netflix_dag.py took 0.229 seconds
[2026-09-07T08:55:19.502+0000] {processor.py:161} INFO - Started process (PID=7293) to work on /opt/airflow/dags/netflix_dag.py
[2026-09-07T08:55:19.506+0000] {processor.py:830} INFO - Processing file /opt/airflow/dags/netflix_dag.py for tasks to queue
[2026-09-07T08:55:19.513+0000] {logging_mixin.py:188} INFO - [2026-09-07T08:55:19.512+0000] {dagbag.py:545} INFO - Filling up the DagBag from /opt/airflow/dags/netflix_dag.py
[2026-09-07T08:55:19.566+0000] {processor.py:840} INFO - DAG(s) 'netflix_etl_pipeline' retrieved from /opt/airflow/dags/netflix_dag.py
[2026-09-07T08:55:19.642+0000] {logging_mixin.py:188} INFO - [2026-09-07T08:55:19.641+0000] {dag.py:3089} INFO - Sync 1 DAGs
[2026-09-07T08:55:19.690+0000] {logging_mixin.py:188} INFO - [2026-09-07T08:55:19.689+0000] {dag.py:3947} INFO - Setting next_dagrun for netflix_etl_pipeline to 2026-09-06 00:00:00+00:00, run_after=2026-09-07 00:00:00+00:00
[2026-09-07T08:55:19.729+0000] {processor.py:183} INFO - Processing /opt/airflow/dags/netflix_dag.py took 0.242 seconds
[2026-09-07T08:55:50.168+0000] {processor.py:161} INFO - Started process (PID=7304) to work on /opt/airflow/dags/netflix_dag.py
[2026-09-07T08:55:50.171+0000] {processor.py:830} INFO - Processing file /opt/airflow/dags/netflix_dag.py for tasks to queue
[2026-09-07T08:55:50.177+0000] {logging_mixin.py:188} INFO - [2026-09-07T08:55:50.176+0000] {dagbag.py:545} INFO - Filling up the DagBag from /opt/airflow/dags/netflix_dag.py
[2026-09-07T08:55:50.223+0000] {processor.py:840} INFO - DAG(s) 'netflix_etl_pipeline' retrieved from /opt/airflow/dags/netflix_dag.py
[2026-09-07T08:55:50.291+0000] {logging_mixin.py:188} INFO - [2026-09-07T08:55:50.291+0000] {dag.py:3089} INFO - Sync 1 DAGs
[2026-09-07T08:55:50.337+0000] {logging_mixin.py:188} INFO - [2026-09-07T08:55:50.337+0000] {dag.py:3947} INFO - Setting next_dagrun for netflix_etl_pipeline to 2026-09-06 00:00:00+00:00, run_after=2026-09-07 00:00:00+00:00
[2026-09-07T08:55:50.377+0000] {processor.py:183} INFO - Processing /opt/airflow/dags/netflix_dag.py took 0.220 seconds
[2026-09-07T08:56:20.670+0000] {processor.py:161} INFO - Started process (PID=7315) to work on /opt/airflow/dags/netflix_dag.py
[2026-09-07T08:56:20.674+0000] {processor.py:830} INFO - Processing file /opt/airflow/dags/netflix_dag.py for tasks to queue
[2026-09-07T08:56:20.678+0000] {logging_mixin.py:188} INFO - [2026-09-07T08:56:20.677+0000] {dagbag.py:545} INFO - Filling up the DagBag from /opt/airflow/dags/netflix_dag.py
[2026-09-07T08:56:20.725+0000] {processor.py:840} INFO - DAG(s) 'netflix_etl_pipeline' retrieved from /opt/airflow/dags/netflix_dag.py
[2026-09-07T08:56:20.796+0000] {logging_mixin.py:188} INFO - [2026-09-07T08:56:20.795+0000] {dag.py:3089} INFO - Sync 1 DAGs
[2026-09-07T08:56:20.841+0000] {logging_mixin.py:188} INFO - [2026-09-07T08:56:20.840+0000] {dag.py:3947} INFO - Setting next_dagrun for netflix_etl_pipeline to 2026-09-06 00:00:00+00:00, run_after=2026-09-07 00:00:00+00:00
[2026-09-07T08:56:20.881+0000] {processor.py:183} INFO - Processing /opt/airflow/dags/netflix_dag.py took 0.224 seconds
[2026-09-07T08:56:51.337+0000] {processor.py:161} INFO - Started process (PID=7326) to work on /opt/airflow/dags/netflix_dag.py
[2026-09-07T08:56:51.340+0000] {processor.py:830} INFO - Processing file /opt/airflow/dags/netflix_dag.py for tasks to queue
[2026-09-07T08:56:51.346+0000] {logging_mixin.py:188} INFO - [2026-09-07T08:56:51.345+0000] {dagbag.py:545} INFO - Filling up the DagBag from /opt/airflow/dags/netflix_dag.py
[2026-09-07T08:56:51.405+0000] {processor.py:840} INFO - DAG(s) 'netflix_etl_pipeline' retrieved from /opt/airflow/dags/netflix_dag.py
[2026-09-07T08:56:51.489+0000] {logging_mixin.py:188} INFO - [2026-09-07T08:56:51.489+0000] {dag.py:3089} INFO - Sync 1 DAGs
[2026-09-07T08:56:51.537+0000] {logging_mixin.py:188} INFO - [2026-09-07T08:56:51.537+0000] {dag.py:3947} INFO - Setting next_dagrun for netflix_etl_pipeline to 2026-09-06 00:00:00+00:00, run_after=2026-09-07 00:00:00+00:00
[2026-09-07T08:56:51.578+0000] {processor.py:183} INFO - Processing /opt/airflow/dags/netflix_dag.py took 0.257 seconds
[2026-09-07T08:57:21.885+0000] {processor.py:161} INFO - Started process (PID=7337) to work on /opt/airflow/dags/netflix_dag.py
[2026-09-07T08:57:21.888+0000] {processor.py:830} INFO - Processing file /opt/airflow/dags/netflix_dag.py for tasks to queue
[2026-09-07T08:57:21.894+0000] {logging_mixin.py:188} INFO - [2026-09-07T08:57:21.893+0000] {dagbag.py:545} INFO - Filling up the DagBag from /opt/airflow/dags/netflix_dag.py
[2026-09-07T08:57:21.943+0000] {processor.py:840} INFO - DAG(s) 'netflix_etl_pipeline' retrieved from /opt/airflow/dags/netflix_dag.py
[2026-09-07T08:57:22.015+0000] {logging_mixin.py:188} INFO - [2026-09-07T08:57:22.014+0000] {dag.py:3089} INFO - Sync 1 DAGs
[2026-09-07T08:57:22.060+0000] {logging_mixin.py:188} INFO - [2026-09-07T08:57:22.059+0000] {dag.py:3947} INFO - Setting next_dagrun for netflix_etl_pipeline to 2026-09-06 00:00:00+00:00, run_after=2026-09-07 00:00:00+00:00
[2026-09-07T08:57:22.100+0000] {processor.py:183} INFO - Processing /opt/airflow/dags/netflix_dag.py took 0.230 seconds
[2026-09-07T08:57:52.666+0000] {processor.py:161} INFO - Started process (PID=7348) to work on /opt/airflow/dags/netflix_dag.py
[2026-09-07T08:57:52.669+0000] {processor.py:830} INFO - Processing file /opt/airflow/dags/netflix_dag.py for tasks to queue
[2026-09-07T08:57:52.675+0000] {logging_mixin.py:188} INFO - [2026-09-07T08:57:52.674+0000] {dagbag.py:545} INFO - Filling up the DagBag from /opt/airflow/dags/netflix_dag.py
[2026-09-07T08:57:52.727+0000] {processor.py:840} INFO - DAG(s) 'netflix_etl_pipeline' retrieved from /opt/airflow/dags/netflix_dag.py
[2026-09-07T08:57:52.799+0000] {logging_mixin.py:188} INFO - [2026-09-07T08:57:52.799+0000] {dag.py:3089} INFO - Sync 1 DAGs
[2026-09-07T08:57:52.848+0000] {logging_mixin.py:188} INFO - [2026-09-07T08:57:52.847+0000] {dag.py:3947} INFO - Setting next_dagrun for netflix_etl_pipeline to 2026-09-06 00:00:00+00:00, run_after=2026-09-07 00:00:00+00:00
[2026-09-07T08:57:52.893+0000] {processor.py:183} INFO - Processing /opt/airflow/dags/netflix_dag.py took 0.244 seconds
[2026-09-07T08:58:23.198+0000] {processor.py:161} INFO - Started process (PID=7359) to work on /opt/airflow/dags/netflix_dag.py
[2026-09-07T08:58:23.200+0000] {processor.py:830} INFO - Processing file /opt/airflow/dags/netflix_dag.py for tasks to queue
[2026-09-07T08:58:23.205+0000] {logging_mixin.py:188} INFO - [2026-09-07T08:58:23.204+0000] {dagbag.py:545} INFO - Filling up the DagBag from /opt/airflow/dags/netflix_dag.py
[2026-09-07T08:58:23.251+0000] {processor.py:840} INFO - DAG(s) 'netflix_etl_pipeline' retrieved from /opt/airflow/dags/netflix_dag.py
[2026-09-07T08:58:23.321+0000] {logging_mixin.py:188} INFO - [2026-09-07T08:58:23.320+0000] {dag.py:3089} INFO - Sync 1 DAGs
[2026-09-07T08:58:23.366+0000] {logging_mixin.py:188} INFO - [2026-09-07T08:58:23.365+0000] {dag.py:3947} INFO - Setting next_dagrun for netflix_etl_pipeline to 2026-09-06 00:00:00+00:00, run_after=2026-09-07 00:00:00+00:00
[2026-09-07T08:58:23.404+0000] {processor.py:183} INFO - Processing /opt/airflow/dags/netflix_dag.py took 0.219 seconds
[2026-09-07T08:58:53.922+0000] {processor.py:161} INFO - Started process (PID=7370) to work on /opt/airflow/dags/netflix_dag.py
[2026-09-07T08:58:53.926+0000] {processor.py:830} INFO - Processing file /opt/airflow/dags/netflix_dag.py for tasks to queue
[2026-09-07T08:58:53.931+0000] {logging_mixin.py:188} INFO - [2026-09-07T08:58:53.930+0000] {dagbag.py:545} INFO - Filling up the DagBag from /opt/airflow/dags/netflix_dag.py
[2026-09-07T08:58:53.980+0000] {processor.py:840} INFO - DAG(s) 'netflix_etl_pipeline' retrieved from /opt/airflow/dags/netflix_dag.py
[2026-09-07T08:58:54.053+0000] {logging_mixin.py:188} INFO - [2026-09-07T08:58:54.052+0000] {dag.py:3089} INFO - Sync 1 DAGs
[2026-09-07T08:58:54.100+0000] {logging_mixin.py:188} INFO - [2026-09-07T08:58:54.099+0000] {dag.py:3947} INFO - Setting next_dagrun for netflix_etl_pipeline to 2026-09-06 00:00:00+00:00, run_after=2026-09-07 00:00:00+00:00
[2026-09-07T08:58:54.139+0000] {processor.py:183} INFO - Processing /opt/airflow/dags/netflix_dag.py took 0.231 seconds
[2026-09-07T08:59:24.425+0000] {processor.py:161} INFO - Started process (PID=7381) to work on /opt/airflow/dags/netflix_dag.py
[2026-09-07T08:59:24.427+0000] {processor.py:830} INFO - Processing file /opt/airflow/dags/netflix_dag.py for tasks to queue
[2026-09-07T08:59:24.432+0000] {logging_mixin.py:188} INFO - [2026-09-07T08:59:24.431+0000] {dagbag.py:545} INFO - Filling up the DagBag from /opt/airflow/dags/netflix_dag.py
[2026-09-07T08:59:24.483+0000] {processor.py:840} INFO - DAG(s) 'netflix_etl_pipeline' retrieved from /opt/airflow/dags/netflix_dag.py
[2026-09-07T08:59:24.557+0000] {logging_mixin.py:188} INFO - [2026-09-07T08:59:24.557+0000] {dag.py:3089} INFO - Sync 1 DAGs
[2026-09-07T08:59:24.605+0000] {logging_mixin.py:188} INFO - [2026-09-07T08:59:24.604+0000] {dag.py:3947} INFO - Setting next_dagrun for netflix_etl_pipeline to 2026-09-06 00:00:00+00:00, run_after=2026-09-07 00:00:00+00:00
[2026-09-07T08:59:24.650+0000] {processor.py:183} INFO - Processing /opt/airflow/dags/netflix_dag.py took 0.237 seconds
[2026-09-07T08:59:54.910+0000] {processor.py:161} INFO - Started process (PID=7392) to work on /opt/airflow/dags/netflix_dag.py
[2026-09-07T08:59:54.913+0000] {processor.py:830} INFO - Processing file /opt/airflow/dags/netflix_dag.py for tasks to queue
[2026-09-07T08:59:54.919+0000] {logging_mixin.py:188} INFO - [2026-09-07T08:59:54.918+0000] {dagbag.py:545} INFO - Filling up the DagBag from /opt/airflow/dags/netflix_dag.py
[2026-09-07T08:59:54.968+0000] {processor.py:840} INFO - DAG(s) 'netflix_etl_pipeline' retrieved from /opt/airflow/dags/netflix_dag.py
[2026-09-07T08:59:55.039+0000] {logging_mixin.py:188} INFO - [2026-09-07T08:59:55.039+0000] {dag.py:3089} INFO - Sync 1 DAGs
[2026-09-07T08:59:55.084+0000] {logging_mixin.py:188} INFO - [2026-09-07T08:59:55.083+0000] {dag.py:3947} INFO - Setting next_dagrun for netflix_etl_pipeline to 2026-09-06 00:00:00+00:00, run_after=2026-09-07 00:00:00+00:00
[2026-09-07T08:59:55.124+0000] {processor.py:183} INFO - Processing /opt/airflow/dags/netflix_dag.py took 0.229 seconds
[2026-09-07T09:00:25.703+0000] {processor.py:161} INFO - Started process (PID=7403) to work on /opt/airflow/dags/netflix_dag.py
[2026-09-07T09:00:25.706+0000] {processor.py:830} INFO - Processing file /opt/airflow/dags/netflix_dag.py for tasks to queue
[2026-09-07T09:00:25.711+0000] {logging_mixin.py:188} INFO - [2026-09-07T09:00:25.710+0000] {dagbag.py:545} INFO - Filling up the DagBag from /opt/airflow/dags/netflix_dag.py
[2026-09-07T09:00:25.757+0000] {processor.py:840} INFO - DAG(s) 'netflix_etl_pipeline' retrieved from /opt/airflow/dags/netflix_dag.py
[2026-09-07T09:00:25.827+0000] {logging_mixin.py:188} INFO - [2026-09-07T09:00:25.827+0000] {dag.py:3089} INFO - Sync 1 DAGs
[2026-09-07T09:00:25.872+0000] {logging_mixin.py:188} INFO - [2026-09-07T09:00:25.872+0000] {dag.py:3947} INFO - Setting next_dagrun for netflix_etl_pipeline to 2026-09-06 00:00:00+00:00, run_after=2026-09-07 00:00:00+00:00
[2026-09-07T09:00:25.912+0000] {processor.py:183} INFO - Processing /opt/airflow/dags/netflix_dag.py took 0.225 seconds
[2026-09-07T09:00:56.279+0000] {processor.py:161} INFO - Started process (PID=7414) to work on /opt/airflow/dags/netflix_dag.py
[2026-09-07T09:00:56.282+0000] {processor.py:830} INFO - Processing file /opt/airflow/dags/netflix_dag.py for tasks to queue
[2026-09-07T09:00:56.288+0000] {logging_mixin.py:188} INFO - [2026-09-07T09:00:56.287+0000] {dagbag.py:545} INFO - Filling up the DagBag from /opt/airflow/dags/netflix_dag.py
[2026-09-07T09:00:56.339+0000] {processor.py:840} INFO - DAG(s) 'netflix_etl_pipeline' retrieved from /opt/airflow/dags/netflix_dag.py
[2026-09-07T09:00:56.408+0000] {logging_mixin.py:188} INFO - [2026-09-07T09:00:56.408+0000] {dag.py:3089} INFO - Sync 1 DAGs
[2026-09-07T09:00:56.453+0000] {logging_mixin.py:188} INFO - [2026-09-07T09:00:56.452+0000] {dag.py:3947} INFO - Setting next_dagrun for netflix_etl_pipeline to 2026-09-06 00:00:00+00:00, run_after=2026-09-07 00:00:00+00:00
[2026-09-07T09:00:56.493+0000] {processor.py:183} INFO - Processing /opt/airflow/dags/netflix_dag.py took 0.229 seconds
[2026-09-07T09:01:26.776+0000] {processor.py:161} INFO - Started process (PID=7425) to work on /opt/airflow/dags/netflix_dag.py
[2026-09-07T09:01:26.779+0000] {processor.py:830} INFO - Processing file /opt/airflow/dags/netflix_dag.py for tasks to queue
[2026-09-07T09:01:26.785+0000] {logging_mixin.py:188} INFO - [2026-09-07T09:01:26.784+0000] {dagbag.py:545} INFO - Filling up the DagBag from /opt/airflow/dags/netflix_dag.py
[2026-09-07T09:01:26.835+0000] {processor.py:840} INFO - DAG(s) 'netflix_etl_pipeline' retrieved from /opt/airflow/dags/netflix_dag.py
[2026-09-07T09:01:26.906+0000] {logging_mixin.py:188} INFO - [2026-09-07T09:01:26.906+0000] {dag.py:3089} INFO - Sync 1 DAGs
[2026-09-07T09:01:26.957+0000] {logging_mixin.py:188} INFO - [2026-09-07T09:01:26.956+0000] {dag.py:3947} INFO - Setting next_dagrun for netflix_etl_pipeline to 2026-09-06 00:00:00+00:00, run_after=2026-09-07 00:00:00+00:00
[2026-09-07T09:01:26.997+0000] {processor.py:183} INFO - Processing /opt/airflow/dags/netflix_dag.py took 0.235 seconds
[2026-09-07T09:01:57.470+0000] {processor.py:161} INFO - Started process (PID=7436) to work on /opt/airflow/dags/netflix_dag.py
[2026-09-07T09:01:57.473+0000] {processor.py:830} INFO - Processing file /opt/airflow/dags/netflix_dag.py for tasks to queue
[2026-09-07T09:01:57.478+0000] {logging_mixin.py:188} INFO - [2026-09-07T09:01:57.477+0000] {dagbag.py:545} INFO - Filling up the DagBag from /opt/airflow/dags/netflix_dag.py
[2026-09-07T09:01:57.522+0000] {processor.py:840} INFO - DAG(s) 'netflix_etl_pipeline' retrieved from /opt/airflow/dags/netflix_dag.py
[2026-09-07T09:01:57.592+0000] {logging_mixin.py:188} INFO - [2026-09-07T09:01:57.591+0000] {dag.py:3089} INFO - Sync 1 DAGs
[2026-09-07T09:01:57.636+0000] {logging_mixin.py:188} INFO - [2026-09-07T09:01:57.636+0000] {dag.py:3947} INFO - Setting next_dagrun for netflix_etl_pipeline to 2026-09-06 00:00:00+00:00, run_after=2026-09-07 00:00:00+00:00
[2026-09-07T09:01:57.677+0000] {processor.py:183} INFO - Processing /opt/airflow/dags/netflix_dag.py took 0.221 seconds
[2026-09-07T09:02:27.909+0000] {processor.py:161} INFO - Started process (PID=7447) to work on /opt/airflow/dags/netflix_dag.py
[2026-09-07T09:02:27.913+0000] {processor.py:830} INFO - Processing file /opt/airflow/dags/netflix_dag.py for tasks to queue
[2026-09-07T09:02:27.918+0000] {logging_mixin.py:188} INFO - [2026-09-07T09:02:27.917+0000] {dagbag.py:545} INFO - Filling up the DagBag from /opt/airflow/dags/netflix_dag.py
[2026-09-07T09:02:27.970+0000] {processor.py:840} INFO - DAG(s) 'netflix_etl_pipeline' retrieved from /opt/airflow/dags/netflix_dag.py
[2026-09-07T09:02:28.045+0000] {logging_mixin.py:188} INFO - [2026-09-07T09:02:28.044+0000] {dag.py:3089} INFO - Sync 1 DAGs
[2026-09-07T09:02:28.089+0000] {logging_mixin.py:188} INFO - [2026-09-07T09:02:28.089+0000] {dag.py:3947} INFO - Setting next_dagrun for netflix_etl_pipeline to 2026-09-06 00:00:00+00:00, run_after=2026-09-07 00:00:00+00:00
[2026-09-07T09:02:28.128+0000] {processor.py:183} INFO - Processing /opt/airflow/dags/netflix_dag.py took 0.235 seconds
[2026-09-07T09:02:58.660+0000] {processor.py:161} INFO - Started process (PID=7458) to work on /opt/airflow/dags/netflix_dag.py
[2026-09-07T09:02:58.664+0000] {processor.py:830} INFO - Processing file /opt/airflow/dags/netflix_dag.py for tasks to queue
[2026-09-07T09:02:58.669+0000] {logging_mixin.py:188} INFO - [2026-09-07T09:02:58.668+0000] {dagbag.py:545} INFO - Filling up the DagBag from /opt/airflow/dags/netflix_dag.py
[2026-09-07T09:02:58.718+0000] {processor.py:840} INFO - DAG(s) 'netflix_etl_pipeline' retrieved from /opt/airflow/dags/netflix_dag.py
[2026-09-07T09:02:58.789+0000] {logging_mixin.py:188} INFO - [2026-09-07T09:02:58.789+0000] {dag.py:3089} INFO - Sync 1 DAGs
[2026-09-07T09:02:58.834+0000] {logging_mixin.py:188} INFO - [2026-09-07T09:02:58.834+0000] {dag.py:3947} INFO - Setting next_dagrun for netflix_etl_pipeline to 2026-09-06 00:00:00+00:00, run_after=2026-09-07 00:00:00+00:00
[2026-09-07T09:02:58.874+0000] {processor.py:183} INFO - Processing /opt/airflow/dags/netflix_dag.py took 0.227 seconds
[2026-09-07T09:03:29.172+0000] {processor.py:161} INFO - Started process (PID=7469) to work on /opt/airflow/dags/netflix_dag.py
[2026-09-07T09:03:29.176+0000] {processor.py:830} INFO - Processing file /opt/airflow/dags/netflix_dag.py for tasks to queue
[2026-09-07T09:03:29.182+0000] {logging_mixin.py:188} INFO - [2026-09-07T09:03:29.181+0000] {dagbag.py:545} INFO - Filling up the DagBag from /opt/airflow/dags/netflix_dag.py
[2026-09-07T09:03:29.230+0000] {processor.py:840} INFO - DAG(s) 'netflix_etl_pipeline' retrieved from /opt/airflow/dags/netflix_dag.py
[2026-09-07T09:03:29.315+0000] {logging_mixin.py:188} INFO - [2026-09-07T09:03:29.315+0000] {dag.py:3089} INFO - Sync 1 DAGs
[2026-09-07T09:03:29.361+0000] {logging_mixin.py:188} INFO - [2026-09-07T09:03:29.361+0000] {dag.py:3947} INFO - Setting next_dagrun for netflix_etl_pipeline to 2026-09-06 00:00:00+00:00, run_after=2026-09-07 00:00:00+00:00
[2026-09-07T09:03:29.401+0000] {processor.py:183} INFO - Processing /opt/airflow/dags/netflix_dag.py took 0.245 seconds
[2026-09-07T09:03:59.852+0000] {processor.py:161} INFO - Started process (PID=7480) to work on /opt/airflow/dags/netflix_dag.py
[2026-09-07T09:03:59.856+0000] {processor.py:830} INFO - Processing file /opt/airflow/dags/netflix_dag.py for tasks to queue
[2026-09-07T09:03:59.862+0000] {logging_mixin.py:188} INFO - [2026-09-07T09:03:59.861+0000] {dagbag.py:545} INFO - Filling up the DagBag from /opt/airflow/dags/netflix_dag.py
[2026-09-07T09:03:59.912+0000] {processor.py:840} INFO - DAG(s) 'netflix_etl_pipeline' retrieved from /opt/airflow/dags/netflix_dag.py
[2026-09-07T09:03:59.981+0000] {logging_mixin.py:188} INFO - [2026-09-07T09:03:59.981+0000] {dag.py:3089} INFO - Sync 1 DAGs
[2026-09-07T09:04:00.030+0000] {logging_mixin.py:188} INFO - [2026-09-07T09:04:00.030+0000] {dag.py:3947} INFO - Setting next_dagrun for netflix_etl_pipeline to 2026-09-06 00:00:00+00:00, run_after=2026-09-07 00:00:00+00:00
[2026-09-07T09:04:00.071+0000] {processor.py:183} INFO - Processing /opt/airflow/dags/netflix_dag.py took 0.235 seconds
[2026-09-07T09:04:30.547+0000] {processor.py:161} INFO - Started process (PID=7491) to work on /opt/airflow/dags/netflix_dag.py
[2026-09-07T09:04:30.550+0000] {processor.py:830} INFO - Processing file /opt/airflow/dags/netflix_dag.py for tasks to queue
[2026-09-07T09:04:30.556+0000] {logging_mixin.py:188} INFO - [2026-09-07T09:04:30.556+0000] {dagbag.py:545} INFO - Filling up the DagBag from /opt/airflow/dags/netflix_dag.py
[2026-09-07T09:04:30.602+0000] {processor.py:840} INFO - DAG(s) 'netflix_etl_pipeline' retrieved from /opt/airflow/dags/netflix_dag.py
[2026-09-07T09:04:30.681+0000] {logging_mixin.py:188} INFO - [2026-09-07T09:04:30.680+0000] {dag.py:3089} INFO - Sync 1 DAGs
[2026-09-07T09:04:30.735+0000] {logging_mixin.py:188} INFO - [2026-09-07T09:04:30.734+0000] {dag.py:3947} INFO - Setting next_dagrun for netflix_etl_pipeline to 2026-09-06 00:00:00+00:00, run_after=2026-09-07 00:00:00+00:00
[2026-09-07T09:04:30.775+0000] {processor.py:183} INFO - Processing /opt/airflow/dags/netflix_dag.py took 0.242 seconds
[2026-09-07T09:05:01.081+0000] {processor.py:161} INFO - Started process (PID=7502) to work on /opt/airflow/dags/netflix_dag.py
[2026-09-07T09:05:01.084+0000] {processor.py:830} INFO - Processing file /opt/airflow/dags/netflix_dag.py for tasks to queue
[2026-09-07T09:05:01.091+0000] {logging_mixin.py:188} INFO - [2026-09-07T09:05:01.090+0000] {dagbag.py:545} INFO - Filling up the DagBag from /opt/airflow/dags/netflix_dag.py
[2026-09-07T09:05:01.140+0000] {processor.py:840} INFO - DAG(s) 'netflix_etl_pipeline' retrieved from /opt/airflow/dags/netflix_dag.py
[2026-09-07T09:05:01.215+0000] {logging_mixin.py:188} INFO - [2026-09-07T09:05:01.214+0000] {dag.py:3089} INFO - Sync 1 DAGs
[2026-09-07T09:05:01.264+0000] {logging_mixin.py:188} INFO - [2026-09-07T09:05:01.264+0000] {dag.py:3947} INFO - Setting next_dagrun for netflix_etl_pipeline to 2026-09-06 00:00:00+00:00, run_after=2026-09-07 00:00:00+00:00
[2026-09-07T09:05:01.304+0000] {processor.py:183} INFO - Processing /opt/airflow/dags/netflix_dag.py took 0.238 seconds
[2026-09-07T09:05:31.836+0000] {processor.py:161} INFO - Started process (PID=7514) to work on /opt/airflow/dags/netflix_dag.py
[2026-09-07T09:05:31.839+0000] {processor.py:830} INFO - Processing file /opt/airflow/dags/netflix_dag.py for tasks to queue
[2026-09-07T09:05:31.845+0000] {logging_mixin.py:188} INFO - [2026-09-07T09:05:31.844+0000] {dagbag.py:545} INFO - Filling up the DagBag from /opt/airflow/dags/netflix_dag.py
[2026-09-07T09:05:31.896+0000] {processor.py:840} INFO - DAG(s) 'netflix_etl_pipeline' retrieved from /opt/airflow/dags/netflix_dag.py
[2026-09-07T09:05:31.965+0000] {logging_mixin.py:188} INFO - [2026-09-07T09:05:31.965+0000] {dag.py:3089} INFO - Sync 1 DAGs
[2026-09-07T09:05:32.010+0000] {logging_mixin.py:188} INFO - [2026-09-07T09:05:32.010+0000] {dag.py:3947} INFO - Setting next_dagrun for netflix_etl_pipeline to 2026-09-06 00:00:00+00:00, run_after=2026-09-07 00:00:00+00:00
[2026-09-07T09:05:32.051+0000] {processor.py:183} INFO - Processing /opt/airflow/dags/netflix_dag.py took 0.228 seconds
[2026-09-07T09:06:02.224+0000] {processor.py:161} INFO - Started process (PID=7525) to work on /opt/airflow/dags/netflix_dag.py
[2026-09-07T09:06:02.228+0000] {processor.py:830} INFO - Processing file /opt/airflow/dags/netflix_dag.py for tasks to queue
[2026-09-07T09:06:02.234+0000] {logging_mixin.py:188} INFO - [2026-09-07T09:06:02.233+0000] {dagbag.py:545} INFO - Filling up the DagBag from /opt/airflow/dags/netflix_dag.py
[2026-09-07T09:06:02.284+0000] {processor.py:840} INFO - DAG(s) 'netflix_etl_pipeline' retrieved from /opt/airflow/dags/netflix_dag.py
[2026-09-07T09:06:02.354+0000] {logging_mixin.py:188} INFO - [2026-09-07T09:06:02.354+0000] {dag.py:3089} INFO - Sync 1 DAGs
[2026-09-07T09:06:02.400+0000] {logging_mixin.py:188} INFO - [2026-09-07T09:06:02.399+0000] {dag.py:3947} INFO - Setting next_dagrun for netflix_etl_pipeline to 2026-09-06 00:00:00+00:00, run_after=2026-09-07 00:00:00+00:00
[2026-09-07T09:06:02.438+0000] {processor.py:183} INFO - Processing /opt/airflow/dags/netflix_dag.py took 0.229 seconds
[2026-09-07T09:06:32.968+0000] {processor.py:161} INFO - Started process (PID=7536) to work on /opt/airflow/dags/netflix_dag.py
[2026-09-07T09:06:32.971+0000] {processor.py:830} INFO - Processing file /opt/airflow/dags/netflix_dag.py for tasks to queue
[2026-09-07T09:06:32.978+0000] {logging_mixin.py:188} INFO - [2026-09-07T09:06:32.977+0000] {dagbag.py:545} INFO - Filling up the DagBag from /opt/airflow/dags/netflix_dag.py
[2026-09-07T09:06:33.027+0000] {processor.py:840} INFO - DAG(s) 'netflix_etl_pipeline' retrieved from /opt/airflow/dags/netflix_dag.py
[2026-09-07T09:06:33.095+0000] {logging_mixin.py:188} INFO - [2026-09-07T09:06:33.095+0000] {dag.py:3089} INFO - Sync 1 DAGs
[2026-09-07T09:06:33.141+0000] {logging_mixin.py:188} INFO - [2026-09-07T09:06:33.141+0000] {dag.py:3947} INFO - Setting next_dagrun for netflix_etl_pipeline to 2026-09-06 00:00:00+00:00, run_after=2026-09-07 00:00:00+00:00
[2026-09-07T09:06:33.179+0000] {processor.py:183} INFO - Processing /opt/airflow/dags/netflix_dag.py took 0.225 seconds
[2026-09-07T09:07:03.494+0000] {processor.py:161} INFO - Started process (PID=7547) to work on /opt/airflow/dags/netflix_dag.py
[2026-09-07T09:07:03.498+0000] {processor.py:830} INFO - Processing file /opt/airflow/dags/netflix_dag.py for tasks to queue
[2026-09-07T09:07:03.504+0000] {logging_mixin.py:188} INFO - [2026-09-07T09:07:03.503+0000] {dagbag.py:545} INFO - Filling up the DagBag from /opt/airflow/dags/netflix_dag.py
[2026-09-07T09:07:03.558+0000] {processor.py:840} INFO - DAG(s) 'netflix_etl_pipeline' retrieved from /opt/airflow/dags/netflix_dag.py
[2026-09-07T09:07:03.629+0000] {logging_mixin.py:188} INFO - [2026-09-07T09:07:03.629+0000] {dag.py:3089} INFO - Sync 1 DAGs
[2026-09-07T09:07:03.674+0000] {logging_mixin.py:188} INFO - [2026-09-07T09:07:03.673+0000] {dag.py:3947} INFO - Setting next_dagrun for netflix_etl_pipeline to 2026-09-06 00:00:00+00:00, run_after=2026-09-07 00:00:00+00:00
[2026-09-07T09:07:03.716+0000] {processor.py:183} INFO - Processing /opt/airflow/dags/netflix_dag.py took 0.236 seconds
[2026-09-07T09:07:34.194+0000] {processor.py:161} INFO - Started process (PID=7558) to work on /opt/airflow/dags/netflix_dag.py
[2026-09-07T09:07:34.197+0000] {processor.py:830} INFO - Processing file /opt/airflow/dags/netflix_dag.py for tasks to queue
[2026-09-07T09:07:34.204+0000] {logging_mixin.py:188} INFO - [2026-09-07T09:07:34.203+0000] {dagbag.py:545} INFO - Filling up the DagBag from /opt/airflow/dags/netflix_dag.py
[2026-09-07T09:07:34.249+0000] {processor.py:840} INFO - DAG(s) 'netflix_etl_pipeline' retrieved from /opt/airflow/dags/netflix_dag.py
[2026-09-07T09:07:34.332+0000] {logging_mixin.py:188} INFO - [2026-09-07T09:07:34.331+0000] {dag.py:3089} INFO - Sync 1 DAGs
[2026-09-07T09:07:34.386+0000] {logging_mixin.py:188} INFO - [2026-09-07T09:07:34.386+0000] {dag.py:3947} INFO - Setting next_dagrun for netflix_etl_pipeline to 2026-09-06 00:00:00+00:00, run_after=2026-09-07 00:00:00+00:00
[2026-09-07T09:07:34.429+0000] {processor.py:183} INFO - Processing /opt/airflow/dags/netflix_dag.py took 0.248 seconds
[2026-09-07T09:08:04.749+0000] {processor.py:161} INFO - Started process (PID=7570) to work on /opt/airflow/dags/netflix_dag.py
[2026-09-07T09:08:04.753+0000] {processor.py:830} INFO - Processing file /opt/airflow/dags/netflix_dag.py for tasks to queue
[2026-09-07T09:08:04.758+0000] {logging_mixin.py:188} INFO - [2026-09-07T09:08:04.757+0000] {dagbag.py:545} INFO - Filling up the DagBag from /opt/airflow/dags/netflix_dag.py
[2026-09-07T09:08:04.806+0000] {processor.py:840} INFO - DAG(s) 'netflix_etl_pipeline' retrieved from /opt/airflow/dags/netflix_dag.py
[2026-09-07T09:08:04.878+0000] {logging_mixin.py:188} INFO - [2026-09-07T09:08:04.877+0000] {dag.py:3089} INFO - Sync 1 DAGs
[2026-09-07T09:08:04.923+0000] {logging_mixin.py:188} INFO - [2026-09-07T09:08:04.923+0000] {dag.py:3947} INFO - Setting next_dagrun for netflix_etl_pipeline to 2026-09-06 00:00:00+00:00, run_after=2026-09-07 00:00:00+00:00
[2026-09-07T09:08:04.961+0000] {processor.py:183} INFO - Processing /opt/airflow/dags/netflix_dag.py took 0.229 seconds
[2026-09-07T09:08:35.145+0000] {processor.py:161} INFO - Started process (PID=7582) to work on /opt/airflow/dags/netflix_dag.py
[2026-09-07T09:08:35.148+0000] {processor.py:830} INFO - Processing file /opt/airflow/dags/netflix_dag.py for tasks to queue
[2026-09-07T09:08:35.154+0000] {logging_mixin.py:188} INFO - [2026-09-07T09:08:35.153+0000] {dagbag.py:545} INFO - Filling up the DagBag from /opt/airflow/dags/netflix_dag.py
[2026-09-07T09:08:35.206+0000] {processor.py:840} INFO - DAG(s) 'netflix_etl_pipeline' retrieved from /opt/airflow/dags/netflix_dag.py
[2026-09-07T09:08:35.284+0000] {logging_mixin.py:188} INFO - [2026-09-07T09:08:35.283+0000] {dag.py:3089} INFO - Sync 1 DAGs
[2026-09-07T09:08:35.332+0000] {logging_mixin.py:188} INFO - [2026-09-07T09:08:35.331+0000] {dag.py:3947} INFO - Setting next_dagrun for netflix_etl_pipeline to 2026-09-06 00:00:00+00:00, run_after=2026-09-07 00:00:00+00:00
[2026-09-07T09:08:35.372+0000] {processor.py:183} INFO - Processing /opt/airflow/dags/netflix_dag.py took 0.248 seconds
[2026-09-07T09:09:05.706+0000] {processor.py:161} INFO - Started process (PID=7593) to work on /opt/airflow/dags/netflix_dag.py
[2026-09-07T09:09:05.709+0000] {processor.py:830} INFO - Processing file /opt/airflow/dags/netflix_dag.py for tasks to queue
[2026-09-07T09:09:05.713+0000] {logging_mixin.py:188} INFO - [2026-09-07T09:09:05.713+0000] {dagbag.py:545} INFO - Filling up the DagBag from /opt/airflow/dags/netflix_dag.py
[2026-09-07T09:09:05.761+0000] {processor.py:840} INFO - DAG(s) 'netflix_etl_pipeline' retrieved from /opt/airflow/dags/netflix_dag.py
[2026-09-07T09:09:05.829+0000] {logging_mixin.py:188} INFO - [2026-09-07T09:09:05.828+0000] {dag.py:3089} INFO - Sync 1 DAGs
[2026-09-07T09:09:05.871+0000] {logging_mixin.py:188} INFO - [2026-09-07T09:09:05.871+0000] {dag.py:3947} INFO - Setting next_dagrun for netflix_etl_pipeline to 2026-09-06 00:00:00+00:00, run_after=2026-09-07 00:00:00+00:00
[2026-09-07T09:09:05.924+0000] {processor.py:183} INFO - Processing /opt/airflow/dags/netflix_dag.py took 0.231 seconds
[2026-09-07T09:09:36.214+0000] {processor.py:161} INFO - Started process (PID=7604) to work on /opt/airflow/dags/netflix_dag.py
[2026-09-07T09:09:36.217+0000] {processor.py:830} INFO - Processing file /opt/airflow/dags/netflix_dag.py for tasks to queue
[2026-09-07T09:09:36.221+0000] {logging_mixin.py:188} INFO - [2026-09-07T09:09:36.220+0000] {dagbag.py:545} INFO - Filling up the DagBag from /opt/airflow/dags/netflix_dag.py
[2026-09-07T09:09:36.268+0000] {processor.py:840} INFO - DAG(s) 'netflix_etl_pipeline' retrieved from /opt/airflow/dags/netflix_dag.py
[2026-09-07T09:09:36.336+0000] {logging_mixin.py:188} INFO - [2026-09-07T09:09:36.336+0000] {dag.py:3089} INFO - Sync 1 DAGs
[2026-09-07T09:09:36.378+0000] {logging_mixin.py:188} INFO - [2026-09-07T09:09:36.378+0000] {dag.py:3947} INFO - Setting next_dagrun for netflix_etl_pipeline to 2026-09-06 00:00:00+00:00, run_after=2026-09-07 00:00:00+00:00
[2026-09-07T09:09:36.418+0000] {processor.py:183} INFO - Processing /opt/airflow/dags/netflix_dag.py took 0.215 seconds
[2026-09-07T09:10:06.703+0000] {processor.py:161} INFO - Started process (PID=7615) to work on /opt/airflow/dags/netflix_dag.py
[2026-09-07T09:10:06.705+0000] {processor.py:830} INFO - Processing file /opt/airflow/dags/netflix_dag.py for tasks to queue
[2026-09-07T09:10:06.711+0000] {logging_mixin.py:188} INFO - [2026-09-07T09:10:06.710+0000] {dagbag.py:545} INFO - Filling up the DagBag from /opt/airflow/dags/netflix_dag.py
[2026-09-07T09:10:06.759+0000] {processor.py:840} INFO - DAG(s) 'netflix_etl_pipeline' retrieved from /opt/airflow/dags/netflix_dag.py
[2026-09-07T09:10:06.827+0000] {logging_mixin.py:188} INFO - [2026-09-07T09:10:06.827+0000] {dag.py:3089} INFO - Sync 1 DAGs
[2026-09-07T09:10:06.883+0000] {logging_mixin.py:188} INFO - [2026-09-07T09:10:06.882+0000] {dag.py:3947} INFO - Setting next_dagrun for netflix_etl_pipeline to 2026-09-06 00:00:00+00:00, run_after=2026-09-07 00:00:00+00:00
[2026-09-07T09:10:06.923+0000] {processor.py:183} INFO - Processing /opt/airflow/dags/netflix_dag.py took 0.232 seconds
[2026-09-07T09:10:37.298+0000] {processor.py:161} INFO - Started process (PID=7626) to work on /opt/airflow/dags/netflix_dag.py
[2026-09-07T09:10:37.301+0000] {processor.py:830} INFO - Processing file /opt/airflow/dags/netflix_dag.py for tasks to queue
[2026-09-07T09:10:37.306+0000] {logging_mixin.py:188} INFO - [2026-09-07T09:10:37.305+0000] {dagbag.py:545} INFO - Filling up the DagBag from /opt/airflow/dags/netflix_dag.py
[2026-09-07T09:10:37.356+0000] {processor.py:840} INFO - DAG(s) 'netflix_etl_pipeline' retrieved from /opt/airflow/dags/netflix_dag.py
[2026-09-07T09:10:37.426+0000] {logging_mixin.py:188} INFO - [2026-09-07T09:10:37.426+0000] {dag.py:3089} INFO - Sync 1 DAGs
[2026-09-07T09:10:37.472+0000] {logging_mixin.py:188} INFO - [2026-09-07T09:10:37.472+0000] {dag.py:3947} INFO - Setting next_dagrun for netflix_etl_pipeline to 2026-09-06 00:00:00+00:00, run_after=2026-09-07 00:00:00+00:00
[2026-09-07T09:10:37.512+0000] {processor.py:183} INFO - Processing /opt/airflow/dags/netflix_dag.py took 0.229 seconds
[2026-09-07T09:11:07.738+0000] {processor.py:161} INFO - Started process (PID=7637) to work on /opt/airflow/dags/netflix_dag.py
[2026-09-07T09:11:07.741+0000] {processor.py:830} INFO - Processing file /opt/airflow/dags/netflix_dag.py for tasks to queue
[2026-09-07T09:11:07.745+0000] {logging_mixin.py:188} INFO - [2026-09-07T09:11:07.745+0000] {dagbag.py:545} INFO - Filling up the DagBag from /opt/airflow/dags/netflix_dag.py
[2026-09-07T09:11:07.791+0000] {processor.py:840} INFO - DAG(s) 'netflix_etl_pipeline' retrieved from /opt/airflow/dags/netflix_dag.py
[2026-09-07T09:11:07.857+0000] {logging_mixin.py:188} INFO - [2026-09-07T09:11:07.857+0000] {dag.py:3089} INFO - Sync 1 DAGs
[2026-09-07T09:11:07.901+0000] {logging_mixin.py:188} INFO - [2026-09-07T09:11:07.900+0000] {dag.py:3947} INFO - Setting next_dagrun for netflix_etl_pipeline to 2026-09-06 00:00:00+00:00, run_after=2026-09-07 00:00:00+00:00
[2026-09-07T09:11:07.945+0000] {processor.py:183} INFO - Processing /opt/airflow/dags/netflix_dag.py took 0.218 seconds
[2026-09-07T09:11:38.526+0000] {processor.py:161} INFO - Started process (PID=7648) to work on /opt/airflow/dags/netflix_dag.py
[2026-09-07T09:11:38.529+0000] {processor.py:830} INFO - Processing file /opt/airflow/dags/netflix_dag.py for tasks to queue
[2026-09-07T09:11:38.534+0000] {logging_mixin.py:188} INFO - [2026-09-07T09:11:38.533+0000] {dagbag.py:545} INFO - Filling up the DagBag from /opt/airflow/dags/netflix_dag.py
[2026-09-07T09:11:38.584+0000] {processor.py:840} INFO - DAG(s) 'netflix_etl_pipeline' retrieved from /opt/airflow/dags/netflix_dag.py
[2026-09-07T09:11:38.654+0000] {logging_mixin.py:188} INFO - [2026-09-07T09:11:38.654+0000] {dag.py:3089} INFO - Sync 1 DAGs
[2026-09-07T09:11:38.699+0000] {logging_mixin.py:188} INFO - [2026-09-07T09:11:38.699+0000] {dag.py:3947} INFO - Setting next_dagrun for netflix_etl_pipeline to 2026-09-06 00:00:00+00:00, run_after=2026-09-07 00:00:00+00:00
[2026-09-07T09:11:38.740+0000] {processor.py:183} INFO - Processing /opt/airflow/dags/netflix_dag.py took 0.227 seconds
[2026-09-07T09:12:09.039+0000] {processor.py:161} INFO - Started process (PID=7659) to work on /opt/airflow/dags/netflix_dag.py
[2026-09-07T09:12:09.042+0000] {processor.py:830} INFO - Processing file /opt/airflow/dags/netflix_dag.py for tasks to queue
[2026-09-07T09:12:09.047+0000] {logging_mixin.py:188} INFO - [2026-09-07T09:12:09.046+0000] {dagbag.py:545} INFO - Filling up the DagBag from /opt/airflow/dags/netflix_dag.py
[2026-09-07T09:12:09.095+0000] {processor.py:840} INFO - DAG(s) 'netflix_etl_pipeline' retrieved from /opt/airflow/dags/netflix_dag.py
[2026-09-07T09:12:09.163+0000] {logging_mixin.py:188} INFO - [2026-09-07T09:12:09.163+0000] {dag.py:3089} INFO - Sync 1 DAGs
[2026-09-07T09:12:09.205+0000] {logging_mixin.py:188} INFO - [2026-09-07T09:12:09.205+0000] {dag.py:3947} INFO - Setting next_dagrun for netflix_etl_pipeline to 2026-09-06 00:00:00+00:00, run_after=2026-09-07 00:00:00+00:00
[2026-09-07T09:12:09.244+0000] {processor.py:183} INFO - Processing /opt/airflow/dags/netflix_dag.py took 0.219 seconds
[2026-09-07T09:12:39.673+0000] {processor.py:161} INFO - Started process (PID=7670) to work on /opt/airflow/dags/netflix_dag.py
[2026-09-07T09:12:39.676+0000] {processor.py:830} INFO - Processing file /opt/airflow/dags/netflix_dag.py for tasks to queue
[2026-09-07T09:12:39.680+0000] {logging_mixin.py:188} INFO - [2026-09-07T09:12:39.680+0000] {dagbag.py:545} INFO - Filling up the DagBag from /opt/airflow/dags/netflix_dag.py
[2026-09-07T09:12:39.728+0000] {processor.py:840} INFO - DAG(s) 'netflix_etl_pipeline' retrieved from /opt/airflow/dags/netflix_dag.py
[2026-09-07T09:12:39.797+0000] {logging_mixin.py:188} INFO - [2026-09-07T09:12:39.797+0000] {dag.py:3089} INFO - Sync 1 DAGs
[2026-09-07T09:12:39.841+0000] {logging_mixin.py:188} INFO - [2026-09-07T09:12:39.841+0000] {dag.py:3947} INFO - Setting next_dagrun for netflix_etl_pipeline to 2026-09-06 00:00:00+00:00, run_after=2026-09-07 00:00:00+00:00
[2026-09-07T09:12:39.883+0000] {processor.py:183} INFO - Processing /opt/airflow/dags/netflix_dag.py took 0.224 seconds
[2026-09-07T09:13:10.250+0000] {processor.py:161} INFO - Started process (PID=7681) to work on /opt/airflow/dags/netflix_dag.py
[2026-09-07T09:13:10.254+0000] {processor.py:830} INFO - Processing file /opt/airflow/dags/netflix_dag.py for tasks to queue
[2026-09-07T09:13:10.259+0000] {logging_mixin.py:188} INFO - [2026-09-07T09:13:10.258+0000] {dagbag.py:545} INFO - Filling up the DagBag from /opt/airflow/dags/netflix_dag.py
[2026-09-07T09:13:10.312+0000] {processor.py:840} INFO - DAG(s) 'netflix_etl_pipeline' retrieved from /opt/airflow/dags/netflix_dag.py
[2026-09-07T09:13:10.387+0000] {logging_mixin.py:188} INFO - [2026-09-07T09:13:10.387+0000] {dag.py:3089} INFO - Sync 1 DAGs
[2026-09-07T09:13:10.432+0000] {logging_mixin.py:188} INFO - [2026-09-07T09:13:10.432+0000] {dag.py:3947} INFO - Setting next_dagrun for netflix_etl_pipeline to 2026-09-06 00:00:00+00:00, run_after=2026-09-07 00:00:00+00:00
[2026-09-07T09:13:10.472+0000] {processor.py:183} INFO - Processing /opt/airflow/dags/netflix_dag.py took 0.236 seconds
[2026-09-07T09:13:40.879+0000] {processor.py:161} INFO - Started process (PID=7692) to work on /opt/airflow/dags/netflix_dag.py
[2026-09-07T09:13:40.882+0000] {processor.py:830} INFO - Processing file /opt/airflow/dags/netflix_dag.py for tasks to queue
[2026-09-07T09:13:40.887+0000] {logging_mixin.py:188} INFO - [2026-09-07T09:13:40.887+0000] {dagbag.py:545} INFO - Filling up the DagBag from /opt/airflow/dags/netflix_dag.py
[2026-09-07T09:13:40.935+0000] {processor.py:840} INFO - DAG(s) 'netflix_etl_pipeline' retrieved from /opt/airflow/dags/netflix_dag.py
[2026-09-07T09:13:41.014+0000] {logging_mixin.py:188} INFO - [2026-09-07T09:13:41.013+0000] {dag.py:3089} INFO - Sync 1 DAGs
[2026-09-07T09:13:41.064+0000] {logging_mixin.py:188} INFO - [2026-09-07T09:13:41.063+0000] {dag.py:3947} INFO - Setting next_dagrun for netflix_etl_pipeline to 2026-09-06 00:00:00+00:00, run_after=2026-09-07 00:00:00+00:00
[2026-09-07T09:13:41.111+0000] {processor.py:183} INFO - Processing /opt/airflow/dags/netflix_dag.py took 0.250 seconds
[2026-09-07T09:14:11.697+0000] {processor.py:161} INFO - Started process (PID=7703) to work on /opt/airflow/dags/netflix_dag.py
[2026-09-07T09:14:11.700+0000] {processor.py:830} INFO - Processing file /opt/airflow/dags/netflix_dag.py for tasks to queue
[2026-09-07T09:14:11.705+0000] {logging_mixin.py:188} INFO - [2026-09-07T09:14:11.705+0000] {dagbag.py:545} INFO - Filling up the DagBag from /opt/airflow/dags/netflix_dag.py
[2026-09-07T09:14:11.750+0000] {processor.py:840} INFO - DAG(s) 'netflix_etl_pipeline' retrieved from /opt/airflow/dags/netflix_dag.py
[2026-09-07T09:14:11.814+0000] {logging_mixin.py:188} INFO - [2026-09-07T09:14:11.814+0000] {dag.py:3089} INFO - Sync 1 DAGs
[2026-09-07T09:14:11.855+0000] {logging_mixin.py:188} INFO - [2026-09-07T09:14:11.855+0000] {dag.py:3947} INFO - Setting next_dagrun for netflix_etl_pipeline to 2026-09-06 00:00:00+00:00, run_after=2026-09-07 00:00:00+00:00
[2026-09-07T09:14:11.891+0000] {processor.py:183} INFO - Processing /opt/airflow/dags/netflix_dag.py took 0.206 seconds
[2026-09-07T09:14:42.206+0000] {processor.py:161} INFO - Started process (PID=7714) to work on /opt/airflow/dags/netflix_dag.py
[2026-09-07T09:14:42.209+0000] {processor.py:830} INFO - Processing file /opt/airflow/dags/netflix_dag.py for tasks to queue
[2026-09-07T09:14:42.215+0000] {logging_mixin.py:188} INFO - [2026-09-07T09:14:42.214+0000] {dagbag.py:545} INFO - Filling up the DagBag from /opt/airflow/dags/netflix_dag.py
[2026-09-07T09:14:42.261+0000] {processor.py:840} INFO - DAG(s) 'netflix_etl_pipeline' retrieved from /opt/airflow/dags/netflix_dag.py
[2026-09-07T09:14:42.329+0000] {logging_mixin.py:188} INFO - [2026-09-07T09:14:42.328+0000] {dag.py:3089} INFO - Sync 1 DAGs
[2026-09-07T09:14:42.370+0000] {logging_mixin.py:188} INFO - [2026-09-07T09:14:42.369+0000] {dag.py:3947} INFO - Setting next_dagrun for netflix_etl_pipeline to 2026-09-06 00:00:00+00:00, run_after=2026-09-07 00:00:00+00:00
[2026-09-07T09:14:42.407+0000] {processor.py:183} INFO - Processing /opt/airflow/dags/netflix_dag.py took 0.213 seconds
[2026-09-07T09:15:12.932+0000] {processor.py:161} INFO - Started process (PID=7725) to work on /opt/airflow/dags/netflix_dag.py
[2026-09-07T09:15:12.935+0000] {processor.py:830} INFO - Processing file /opt/airflow/dags/netflix_dag.py for tasks to queue
[2026-09-07T09:15:12.940+0000] {logging_mixin.py:188} INFO - [2026-09-07T09:15:12.939+0000] {dagbag.py:545} INFO - Filling up the DagBag from /opt/airflow/dags/netflix_dag.py
[2026-09-07T09:15:12.987+0000] {processor.py:840} INFO - DAG(s) 'netflix_etl_pipeline' retrieved from /opt/airflow/dags/netflix_dag.py
[2026-09-07T09:15:13.057+0000] {logging_mixin.py:188} INFO - [2026-09-07T09:15:13.056+0000] {dag.py:3089} INFO - Sync 1 DAGs
[2026-09-07T09:15:13.101+0000] {logging_mixin.py:188} INFO - [2026-09-07T09:15:13.101+0000] {dag.py:3947} INFO - Setting next_dagrun for netflix_etl_pipeline to 2026-09-06 00:00:00+00:00, run_after=2026-09-07 00:00:00+00:00
[2026-09-07T09:15:13.140+0000] {processor.py:183} INFO - Processing /opt/airflow/dags/netflix_dag.py took 0.220 seconds
[2026-09-07T09:15:43.382+0000] {processor.py:161} INFO - Started process (PID=7736) to work on /opt/airflow/dags/netflix_dag.py
[2026-09-07T09:15:43.385+0000] {processor.py:830} INFO - Processing file /opt/airflow/dags/netflix_dag.py for tasks to queue
[2026-09-07T09:15:43.389+0000] {logging_mixin.py:188} INFO - [2026-09-07T09:15:43.389+0000] {dagbag.py:545} INFO - Filling up the DagBag from /opt/airflow/dags/netflix_dag.py
[2026-09-07T09:15:43.435+0000] {processor.py:840} INFO - DAG(s) 'netflix_etl_pipeline' retrieved from /opt/airflow/dags/netflix_dag.py
[2026-09-07T09:15:43.503+0000] {logging_mixin.py:188} INFO - [2026-09-07T09:15:43.503+0000] {dag.py:3089} INFO - Sync 1 DAGs
[2026-09-07T09:15:43.545+0000] {logging_mixin.py:188} INFO - [2026-09-07T09:15:43.544+0000] {dag.py:3947} INFO - Setting next_dagrun for netflix_etl_pipeline to 2026-09-06 00:00:00+00:00, run_after=2026-09-07 00:00:00+00:00
[2026-09-07T09:15:43.585+0000] {processor.py:183} INFO - Processing /opt/airflow/dags/netflix_dag.py took 0.215 seconds
[2026-09-07T09:16:14.016+0000] {processor.py:161} INFO - Started process (PID=7747) to work on /opt/airflow/dags/netflix_dag.py
[2026-09-07T09:16:14.019+0000] {processor.py:830} INFO - Processing file /opt/airflow/dags/netflix_dag.py for tasks to queue
[2026-09-07T09:16:14.025+0000] {logging_mixin.py:188} INFO - [2026-09-07T09:16:14.024+0000] {dagbag.py:545} INFO - Filling up the DagBag from /opt/airflow/dags/netflix_dag.py
[2026-09-07T09:16:14.074+0000] {processor.py:840} INFO - DAG(s) 'netflix_etl_pipeline' retrieved from /opt/airflow/dags/netflix_dag.py
[2026-09-07T09:16:14.143+0000] {logging_mixin.py:188} INFO - [2026-09-07T09:16:14.142+0000] {dag.py:3089} INFO - Sync 1 DAGs
[2026-09-07T09:16:14.190+0000] {logging_mixin.py:188} INFO - [2026-09-07T09:16:14.190+0000] {dag.py:3947} INFO - Setting next_dagrun for netflix_etl_pipeline to 2026-09-06 00:00:00+00:00, run_after=2026-09-07 00:00:00+00:00
[2026-09-07T09:16:14.231+0000] {processor.py:183} INFO - Processing /opt/airflow/dags/netflix_dag.py took 0.230 seconds
[2026-09-07T09:16:44.512+0000] {processor.py:161} INFO - Started process (PID=7758) to work on /opt/airflow/dags/netflix_dag.py
[2026-09-07T09:16:44.515+0000] {processor.py:830} INFO - Processing file /opt/airflow/dags/netflix_dag.py for tasks to queue
[2026-09-07T09:16:44.520+0000] {logging_mixin.py:188} INFO - [2026-09-07T09:16:44.519+0000] {dagbag.py:545} INFO - Filling up the DagBag from /opt/airflow/dags/netflix_dag.py
[2026-09-07T09:16:44.565+0000] {processor.py:840} INFO - DAG(s) 'netflix_etl_pipeline' retrieved from /opt/airflow/dags/netflix_dag.py
[2026-09-07T09:16:44.632+0000] {logging_mixin.py:188} INFO - [2026-09-07T09:16:44.631+0000] {dag.py:3089} INFO - Sync 1 DAGs
[2026-09-07T09:16:44.675+0000] {logging_mixin.py:188} INFO - [2026-09-07T09:16:44.674+0000] {dag.py:3947} INFO - Setting next_dagrun for netflix_etl_pipeline to 2026-09-06 00:00:00+00:00, run_after=2026-09-07 00:00:00+00:00
[2026-09-07T09:16:44.715+0000] {processor.py:183} INFO - Processing /opt/airflow/dags/netflix_dag.py took 0.215 seconds
[2026-09-07T09:17:15.209+0000] {processor.py:161} INFO - Started process (PID=7769) to work on /opt/airflow/dags/netflix_dag.py
[2026-09-07T09:17:15.212+0000] {processor.py:830} INFO - Processing file /opt/airflow/dags/netflix_dag.py for tasks to queue
[2026-09-07T09:17:15.218+0000] {logging_mixin.py:188} INFO - [2026-09-07T09:17:15.217+0000] {dagbag.py:545} INFO - Filling up the DagBag from /opt/airflow/dags/netflix_dag.py
[2026-09-07T09:17:15.268+0000] {processor.py:840} INFO - DAG(s) 'netflix_etl_pipeline' retrieved from /opt/airflow/dags/netflix_dag.py
[2026-09-07T09:17:15.337+0000] {logging_mixin.py:188} INFO - [2026-09-07T09:17:15.337+0000] {dag.py:3089} INFO - Sync 1 DAGs
[2026-09-07T09:17:15.382+0000] {logging_mixin.py:188} INFO - [2026-09-07T09:17:15.381+0000] {dag.py:3947} INFO - Setting next_dagrun for netflix_etl_pipeline to 2026-09-06 00:00:00+00:00, run_after=2026-09-07 00:00:00+00:00
[2026-09-07T09:17:15.421+0000] {processor.py:183} INFO - Processing /opt/airflow/dags/netflix_dag.py took 0.225 seconds
[2026-09-07T09:17:45.738+0000] {processor.py:161} INFO - Started process (PID=7781) to work on /opt/airflow/dags/netflix_dag.py
[2026-09-07T09:17:45.742+0000] {processor.py:830} INFO - Processing file /opt/airflow/dags/netflix_dag.py for tasks to queue
[2026-09-07T09:17:45.748+0000] {logging_mixin.py:188} INFO - [2026-09-07T09:17:45.748+0000] {dagbag.py:545} INFO - Filling up the DagBag from /opt/airflow/dags/netflix_dag.py
[2026-09-07T09:17:45.799+0000] {processor.py:840} INFO - DAG(s) 'netflix_etl_pipeline' retrieved from /opt/airflow/dags/netflix_dag.py
[2026-09-07T09:17:45.867+0000] {logging_mixin.py:188} INFO - [2026-09-07T09:17:45.867+0000] {dag.py:3089} INFO - Sync 1 DAGs
[2026-09-07T09:17:45.911+0000] {logging_mixin.py:188} INFO - [2026-09-07T09:17:45.911+0000] {dag.py:3947} INFO - Setting next_dagrun for netflix_etl_pipeline to 2026-09-06 00:00:00+00:00, run_after=2026-09-07 00:00:00+00:00
[2026-09-07T09:17:45.951+0000] {processor.py:183} INFO - Processing /opt/airflow/dags/netflix_dag.py took 0.227 seconds
[2026-09-07T09:18:16.375+0000] {processor.py:161} INFO - Started process (PID=7792) to work on /opt/airflow/dags/netflix_dag.py
[2026-09-07T09:18:16.378+0000] {processor.py:830} INFO - Processing file /opt/airflow/dags/netflix_dag.py for tasks to queue
[2026-09-07T09:18:16.385+0000] {logging_mixin.py:188} INFO - [2026-09-07T09:18:16.384+0000] {dagbag.py:545} INFO - Filling up the DagBag from /opt/airflow/dags/netflix_dag.py
[2026-09-07T09:18:16.435+0000] {processor.py:840} INFO - DAG(s) 'netflix_etl_pipeline' retrieved from /opt/airflow/dags/netflix_dag.py
[2026-09-07T09:18:16.505+0000] {logging_mixin.py:188} INFO - [2026-09-07T09:18:16.505+0000] {dag.py:3089} INFO - Sync 1 DAGs
[2026-09-07T09:18:16.551+0000] {logging_mixin.py:188} INFO - [2026-09-07T09:18:16.551+0000] {dag.py:3947} INFO - Setting next_dagrun for netflix_etl_pipeline to 2026-09-06 00:00:00+00:00, run_after=2026-09-07 00:00:00+00:00
[2026-09-07T09:18:16.593+0000] {processor.py:183} INFO - Processing /opt/airflow/dags/netflix_dag.py took 0.234 seconds
[2026-09-07T09:18:46.938+0000] {processor.py:161} INFO - Started process (PID=7803) to work on /opt/airflow/dags/netflix_dag.py
[2026-09-07T09:18:46.942+0000] {processor.py:830} INFO - Processing file /opt/airflow/dags/netflix_dag.py for tasks to queue
[2026-09-07T09:18:46.949+0000] {logging_mixin.py:188} INFO - [2026-09-07T09:18:46.948+0000] {dagbag.py:545} INFO - Filling up the DagBag from /opt/airflow/dags/netflix_dag.py
[2026-09-07T09:18:47.000+0000] {processor.py:840} INFO - DAG(s) 'netflix_etl_pipeline' retrieved from /opt/airflow/dags/netflix_dag.py
[2026-09-07T09:18:47.072+0000] {logging_mixin.py:188} INFO - [2026-09-07T09:18:47.072+0000] {dag.py:3089} INFO - Sync 1 DAGs
[2026-09-07T09:18:47.115+0000] {logging_mixin.py:188} INFO - [2026-09-07T09:18:47.115+0000] {dag.py:3947} INFO - Setting next_dagrun for netflix_etl_pipeline to 2026-09-06 00:00:00+00:00, run_after=2026-09-07 00:00:00+00:00
[2026-09-07T09:18:47.155+0000] {processor.py:183} INFO - Processing /opt/airflow/dags/netflix_dag.py took 0.234 seconds
[2026-09-07T09:19:17.605+0000] {processor.py:161} INFO - Started process (PID=7814) to work on /opt/airflow/dags/netflix_dag.py
[2026-09-07T09:19:17.608+0000] {processor.py:830} INFO - Processing file /opt/airflow/dags/netflix_dag.py for tasks to queue
[2026-09-07T09:19:17.613+0000] {logging_mixin.py:188} INFO - [2026-09-07T09:19:17.612+0000] {dagbag.py:545} INFO - Filling up the DagBag from /opt/airflow/dags/netflix_dag.py
[2026-09-07T09:19:17.662+0000] {processor.py:840} INFO - DAG(s) 'netflix_etl_pipeline' retrieved from /opt/airflow/dags/netflix_dag.py
[2026-09-07T09:19:17.732+0000] {logging_mixin.py:188} INFO - [2026-09-07T09:19:17.732+0000] {dag.py:3089} INFO - Sync 1 DAGs
[2026-09-07T09:19:17.779+0000] {logging_mixin.py:188} INFO - [2026-09-07T09:19:17.779+0000] {dag.py:3947} INFO - Setting next_dagrun for netflix_etl_pipeline to 2026-09-06 00:00:00+00:00, run_after=2026-09-07 00:00:00+00:00
[2026-09-07T09:19:17.820+0000] {processor.py:183} INFO - Processing /opt/airflow/dags/netflix_dag.py took 0.230 seconds
[2026-09-07T09:19:48.345+0000] {processor.py:161} INFO - Started process (PID=7825) to work on /opt/airflow/dags/netflix_dag.py
[2026-09-07T09:19:48.348+0000] {processor.py:830} INFO - Processing file /opt/airflow/dags/netflix_dag.py for tasks to queue
[2026-09-07T09:19:48.353+0000] {logging_mixin.py:188} INFO - [2026-09-07T09:19:48.353+0000] {dagbag.py:545} INFO - Filling up the DagBag from /opt/airflow/dags/netflix_dag.py
[2026-09-07T09:19:48.403+0000] {processor.py:840} INFO - DAG(s) 'netflix_etl_pipeline' retrieved from /opt/airflow/dags/netflix_dag.py
[2026-09-07T09:19:48.472+0000] {logging_mixin.py:188} INFO - [2026-09-07T09:19:48.471+0000] {dag.py:3089} INFO - Sync 1 DAGs
[2026-09-07T09:19:48.516+0000] {logging_mixin.py:188} INFO - [2026-09-07T09:19:48.515+0000] {dag.py:3947} INFO - Setting next_dagrun for netflix_etl_pipeline to 2026-09-06 00:00:00+00:00, run_after=2026-09-07 00:00:00+00:00
[2026-09-07T09:19:48.554+0000] {processor.py:183} INFO - Processing /opt/airflow/dags/netflix_dag.py took 0.223 seconds
[2026-09-07T09:20:18.852+0000] {processor.py:161} INFO - Started process (PID=7836) to work on /opt/airflow/dags/netflix_dag.py
[2026-09-07T09:20:18.855+0000] {processor.py:830} INFO - Processing file /opt/airflow/dags/netflix_dag.py for tasks to queue
[2026-09-07T09:20:18.860+0000] {logging_mixin.py:188} INFO - [2026-09-07T09:20:18.859+0000] {dagbag.py:545} INFO - Filling up the DagBag from /opt/airflow/dags/netflix_dag.py
[2026-09-07T09:20:18.906+0000] {processor.py:840} INFO - DAG(s) 'netflix_etl_pipeline' retrieved from /opt/airflow/dags/netflix_dag.py
[2026-09-07T09:20:18.976+0000] {logging_mixin.py:188} INFO - [2026-09-07T09:20:18.976+0000] {dag.py:3089} INFO - Sync 1 DAGs
[2026-09-07T09:20:19.022+0000] {logging_mixin.py:188} INFO - [2026-09-07T09:20:19.022+0000] {dag.py:3947} INFO - Setting next_dagrun for netflix_etl_pipeline to 2026-09-06 00:00:00+00:00, run_after=2026-09-07 00:00:00+00:00
[2026-09-07T09:20:19.063+0000] {processor.py:183} INFO - Processing /opt/airflow/dags/netflix_dag.py took 0.222 seconds
[2026-09-07T09:20:49.579+0000] {processor.py:161} INFO - Started process (PID=7847) to work on /opt/airflow/dags/netflix_dag.py
[2026-09-07T09:20:49.582+0000] {processor.py:830} INFO - Processing file /opt/airflow/dags/netflix_dag.py for tasks to queue
[2026-09-07T09:20:49.587+0000] {logging_mixin.py:188} INFO - [2026-09-07T09:20:49.587+0000] {dagbag.py:545} INFO - Filling up the DagBag from /opt/airflow/dags/netflix_dag.py
[2026-09-07T09:20:49.637+0000] {processor.py:840} INFO - DAG(s) 'netflix_etl_pipeline' retrieved from /opt/airflow/dags/netflix_dag.py
[2026-09-07T09:20:49.705+0000] {logging_mixin.py:188} INFO - [2026-09-07T09:20:49.704+0000] {dag.py:3089} INFO - Sync 1 DAGs
[2026-09-07T09:20:49.750+0000] {logging_mixin.py:188} INFO - [2026-09-07T09:20:49.749+0000] {dag.py:3947} INFO - Setting next_dagrun for netflix_etl_pipeline to 2026-09-06 00:00:00+00:00, run_after=2026-09-07 00:00:00+00:00
[2026-09-07T09:20:49.790+0000] {processor.py:183} INFO - Processing /opt/airflow/dags/netflix_dag.py took 0.225 seconds
[2026-09-07T09:21:20.060+0000] {processor.py:161} INFO - Started process (PID=7858) to work on /opt/airflow/dags/netflix_dag.py
[2026-09-07T09:21:20.062+0000] {processor.py:830} INFO - Processing file /opt/airflow/dags/netflix_dag.py for tasks to queue
[2026-09-07T09:21:20.067+0000] {logging_mixin.py:188} INFO - [2026-09-07T09:21:20.066+0000] {dagbag.py:545} INFO - Filling up the DagBag from /opt/airflow/dags/netflix_dag.py
[2026-09-07T09:21:20.114+0000] {processor.py:840} INFO - DAG(s) 'netflix_etl_pipeline' retrieved from /opt/airflow/dags/netflix_dag.py
[2026-09-07T09:21:20.179+0000] {logging_mixin.py:188} INFO - [2026-09-07T09:21:20.179+0000] {dag.py:3089} INFO - Sync 1 DAGs
[2026-09-07T09:21:20.222+0000] {logging_mixin.py:188} INFO - [2026-09-07T09:21:20.222+0000] {dag.py:3947} INFO - Setting next_dagrun for netflix_etl_pipeline to 2026-09-06 00:00:00+00:00, run_after=2026-09-07 00:00:00+00:00
[2026-09-07T09:21:20.260+0000] {processor.py:183} INFO - Processing /opt/airflow/dags/netflix_dag.py took 0.212 seconds
[2026-09-07T09:21:50.821+0000] {processor.py:161} INFO - Started process (PID=7869) to work on /opt/airflow/dags/netflix_dag.py
[2026-09-07T09:21:50.824+0000] {processor.py:830} INFO - Processing file /opt/airflow/dags/netflix_dag.py for tasks to queue
[2026-09-07T09:21:50.829+0000] {logging_mixin.py:188} INFO - [2026-09-07T09:21:50.828+0000] {dagbag.py:545} INFO - Filling up the DagBag from /opt/airflow/dags/netflix_dag.py
[2026-09-07T09:21:50.882+0000] {processor.py:840} INFO - DAG(s) 'netflix_etl_pipeline' retrieved from /opt/airflow/dags/netflix_dag.py
[2026-09-07T09:21:50.953+0000] {logging_mixin.py:188} INFO - [2026-09-07T09:21:50.953+0000] {dag.py:3089} INFO - Sync 1 DAGs
[2026-09-07T09:21:51.049+0000] {logging_mixin.py:188} INFO - [2026-09-07T09:21:51.048+0000] {dag.py:3947} INFO - Setting next_dagrun for netflix_etl_pipeline to 2026-09-06 00:00:00+00:00, run_after=2026-09-07 00:00:00+00:00
[2026-09-07T09:21:51.144+0000] {processor.py:183} INFO - Processing /opt/airflow/dags/netflix_dag.py took 0.336 seconds
[2026-09-07T09:22:21.317+0000] {processor.py:161} INFO - Started process (PID=7880) to work on /opt/airflow/dags/netflix_dag.py
[2026-09-07T09:22:21.320+0000] {processor.py:830} INFO - Processing file /opt/airflow/dags/netflix_dag.py for tasks to queue
[2026-09-07T09:22:21.325+0000] {logging_mixin.py:188} INFO - [2026-09-07T09:22:21.324+0000] {dagbag.py:545} INFO - Filling up the DagBag from /opt/airflow/dags/netflix_dag.py
[2026-09-07T09:22:21.375+0000] {processor.py:840} INFO - DAG(s) 'netflix_etl_pipeline' retrieved from /opt/airflow/dags/netflix_dag.py
[2026-09-07T09:22:21.449+0000] {logging_mixin.py:188} INFO - [2026-09-07T09:22:21.449+0000] {dag.py:3089} INFO - Sync 1 DAGs
[2026-09-07T09:22:21.571+0000] {logging_mixin.py:188} INFO - [2026-09-07T09:22:21.570+0000] {dag.py:3947} INFO - Setting next_dagrun for netflix_etl_pipeline to 2026-09-06 00:00:00+00:00, run_after=2026-09-07 00:00:00+00:00
[2026-09-07T09:22:21.618+0000] {processor.py:183} INFO - Processing /opt/airflow/dags/netflix_dag.py took 0.316 seconds
[2026-09-07T09:22:52.188+0000] {processor.py:161} INFO - Started process (PID=7891) to work on /opt/airflow/dags/netflix_dag.py
[2026-09-07T09:22:52.192+0000] {processor.py:830} INFO - Processing file /opt/airflow/dags/netflix_dag.py for tasks to queue
[2026-09-07T09:22:52.197+0000] {logging_mixin.py:188} INFO - [2026-09-07T09:22:52.196+0000] {dagbag.py:545} INFO - Filling up the DagBag from /opt/airflow/dags/netflix_dag.py
[2026-09-07T09:22:52.245+0000] {processor.py:840} INFO - DAG(s) 'netflix_etl_pipeline' retrieved from /opt/airflow/dags/netflix_dag.py
[2026-09-07T09:22:52.315+0000] {logging_mixin.py:188} INFO - [2026-09-07T09:22:52.315+0000] {dag.py:3089} INFO - Sync 1 DAGs
[2026-09-07T09:22:52.360+0000] {logging_mixin.py:188} INFO - [2026-09-07T09:22:52.360+0000] {dag.py:3947} INFO - Setting next_dagrun for netflix_etl_pipeline to 2026-09-06 00:00:00+00:00, run_after=2026-09-07 00:00:00+00:00
[2026-09-07T09:22:52.400+0000] {processor.py:183} INFO - Processing /opt/airflow/dags/netflix_dag.py took 0.225 seconds
[2026-09-07T09:23:22.704+0000] {processor.py:161} INFO - Started process (PID=7902) to work on /opt/airflow/dags/netflix_dag.py
[2026-09-07T09:23:22.706+0000] {processor.py:830} INFO - Processing file /opt/airflow/dags/netflix_dag.py for tasks to queue
[2026-09-07T09:23:22.711+0000] {logging_mixin.py:188} INFO - [2026-09-07T09:23:22.710+0000] {dagbag.py:545} INFO - Filling up the DagBag from /opt/airflow/dags/netflix_dag.py
[2026-09-07T09:23:22.758+0000] {processor.py:840} INFO - DAG(s) 'netflix_etl_pipeline' retrieved from /opt/airflow/dags/netflix_dag.py
[2026-09-07T09:23:22.824+0000] {logging_mixin.py:188} INFO - [2026-09-07T09:23:22.823+0000] {dag.py:3089} INFO - Sync 1 DAGs
[2026-09-07T09:23:22.868+0000] {logging_mixin.py:188} INFO - [2026-09-07T09:23:22.868+0000] {dag.py:3947} INFO - Setting next_dagrun for netflix_etl_pipeline to 2026-09-06 00:00:00+00:00, run_after=2026-09-07 00:00:00+00:00
[2026-09-07T09:23:22.905+0000] {processor.py:183} INFO - Processing /opt/airflow/dags/netflix_dag.py took 0.213 seconds
[2026-09-07T09:23:53.412+0000] {processor.py:161} INFO - Started process (PID=7913) to work on /opt/airflow/dags/netflix_dag.py
[2026-09-07T09:23:53.415+0000] {processor.py:830} INFO - Processing file /opt/airflow/dags/netflix_dag.py for tasks to queue
[2026-09-07T09:23:53.420+0000] {logging_mixin.py:188} INFO - [2026-09-07T09:23:53.419+0000] {dagbag.py:545} INFO - Filling up the DagBag from /opt/airflow/dags/netflix_dag.py
[2026-09-07T09:23:53.472+0000] {processor.py:840} INFO - DAG(s) 'netflix_etl_pipeline' retrieved from /opt/airflow/dags/netflix_dag.py
[2026-09-07T09:23:53.543+0000] {logging_mixin.py:188} INFO - [2026-09-07T09:23:53.542+0000] {dag.py:3089} INFO - Sync 1 DAGs
[2026-09-07T09:23:53.587+0000] {logging_mixin.py:188} INFO - [2026-09-07T09:23:53.587+0000] {dag.py:3947} INFO - Setting next_dagrun for netflix_etl_pipeline to 2026-09-06 00:00:00+00:00, run_after=2026-09-07 00:00:00+00:00
[2026-09-07T09:23:53.626+0000] {processor.py:183} INFO - Processing /opt/airflow/dags/netflix_dag.py took 0.227 seconds
[2026-09-07T09:24:24.115+0000] {processor.py:161} INFO - Started process (PID=7924) to work on /opt/airflow/dags/netflix_dag.py
[2026-09-07T09:24:24.118+0000] {processor.py:830} INFO - Processing file /opt/airflow/dags/netflix_dag.py for tasks to queue
[2026-09-07T09:24:24.123+0000] {logging_mixin.py:188} INFO - [2026-09-07T09:24:24.122+0000] {dagbag.py:545} INFO - Filling up the DagBag from /opt/airflow/dags/netflix_dag.py
[2026-09-07T09:24:24.175+0000] {processor.py:840} INFO - DAG(s) 'netflix_etl_pipeline' retrieved from /opt/airflow/dags/netflix_dag.py
[2026-09-07T09:24:24.244+0000] {logging_mixin.py:188} INFO - [2026-09-07T09:24:24.244+0000] {dag.py:3089} INFO - Sync 1 DAGs
[2026-09-07T09:24:24.289+0000] {logging_mixin.py:188} INFO - [2026-09-07T09:24:24.289+0000] {dag.py:3947} INFO - Setting next_dagrun for netflix_etl_pipeline to 2026-09-06 00:00:00+00:00, run_after=2026-09-07 00:00:00+00:00
[2026-09-07T09:24:24.329+0000] {processor.py:183} INFO - Processing /opt/airflow/dags/netflix_dag.py took 0.230 seconds
[2026-09-07T09:24:54.580+0000] {processor.py:161} INFO - Started process (PID=7935) to work on /opt/airflow/dags/netflix_dag.py
[2026-09-07T09:24:54.583+0000] {processor.py:830} INFO - Processing file /opt/airflow/dags/netflix_dag.py for tasks to queue
[2026-09-07T09:24:54.587+0000] {logging_mixin.py:188} INFO - [2026-09-07T09:24:54.586+0000] {dagbag.py:545} INFO - Filling up the DagBag from /opt/airflow/dags/netflix_dag.py
[2026-09-07T09:24:54.629+0000] {processor.py:840} INFO - DAG(s) 'netflix_etl_pipeline' retrieved from /opt/airflow/dags/netflix_dag.py
[2026-09-07T09:24:54.696+0000] {logging_mixin.py:188} INFO - [2026-09-07T09:24:54.696+0000] {dag.py:3089} INFO - Sync 1 DAGs
[2026-09-07T09:24:54.738+0000] {logging_mixin.py:188} INFO - [2026-09-07T09:24:54.737+0000] {dag.py:3947} INFO - Setting next_dagrun for netflix_etl_pipeline to 2026-09-06 00:00:00+00:00, run_after=2026-09-07 00:00:00+00:00
[2026-09-07T09:24:54.776+0000] {processor.py:183} INFO - Processing /opt/airflow/dags/netflix_dag.py took 0.209 seconds
