[2026-09-06T02:33:25.857+0000] {processor.py:161} INFO - Started process (PID=196) to work on /opt/airflow/dags/netflix_dag.py
[2026-09-06T02:33:25.868+0000] {processor.py:830} INFO - Processing file /opt/airflow/dags/netflix_dag.py for tasks to queue
[2026-09-06T02:33:25.880+0000] {logging_mixin.py:188} INFO - [2026-09-06T02:33:25.878+0000] {dagbag.py:545} INFO - Filling up the DagBag from /opt/airflow/dags/netflix_dag.py
[2026-09-06T02:33:25.967+0000] {processor.py:840} INFO - DAG(s) 'netflix_etl_pipeline' retrieved from /opt/airflow/dags/netflix_dag.py
[2026-09-06T02:33:27.082+0000] {logging_mixin.py:188} INFO - [2026-09-06T02:33:27.081+0000] {dag.py:3089} INFO - Sync 1 DAGs
[2026-09-06T02:33:28.527+0000] {logging_mixin.py:188} INFO - [2026-09-06T02:33:28.526+0000] {dag.py:3947} INFO - Setting next_dagrun for netflix_etl_pipeline to 2026-09-05 00:00:00+00:00, run_after=2026-09-06 00:00:00+00:00
[2026-09-06T02:33:28.660+0000] {processor.py:183} INFO - Processing /opt/airflow/dags/netflix_dag.py took 2.847 seconds
[2026-09-06T02:33:59.178+0000] {processor.py:161} INFO - Started process (PID=207) to work on /opt/airflow/dags/netflix_dag.py
[2026-09-06T02:33:59.185+0000] {processor.py:830} INFO - Processing file /opt/airflow/dags/netflix_dag.py for tasks to queue
[2026-09-06T02:33:59.193+0000] {logging_mixin.py:188} INFO - [2026-09-06T02:33:59.192+0000] {dagbag.py:545} INFO - Filling up the DagBag from /opt/airflow/dags/netflix_dag.py
[2026-09-06T02:33:59.258+0000] {processor.py:840} INFO - DAG(s) 'netflix_etl_pipeline' retrieved from /opt/airflow/dags/netflix_dag.py
[2026-09-06T02:33:59.370+0000] {logging_mixin.py:188} INFO - [2026-09-06T02:33:59.370+0000] {dag.py:3089} INFO - Sync 1 DAGs
[2026-09-06T02:33:59.447+0000] {logging_mixin.py:188} INFO - [2026-09-06T02:33:59.446+0000] {dag.py:3947} INFO - Setting next_dagrun for netflix_etl_pipeline to 2026-09-05 00:00:00+00:00, run_after=2026-09-06 00:00:00+00:00
[2026-09-06T02:33:59.499+0000] {processor.py:183} INFO - Processing /opt/airflow/dags/netflix_dag.py took 0.343 seconds
[2026-09-06T02:34:29.637+0000] {processor.py:161} INFO - Started process (PID=218) to work on /opt/airflow/dags/netflix_dag.py
[2026-09-06T02:34:29.639+0000] {processor.py:830} INFO - Processing file /opt/airflow/dags/netflix_dag.py for tasks to queue
[2026-09-06T02:34:29.642+0000] {logging_mixin.py:188} INFO - [2026-09-06T02:34:29.642+0000] {dagbag.py:545} INFO - Filling up the DagBag from /opt/airflow/dags/netflix_dag.py
[2026-09-06T02:34:29.669+0000] {processor.py:840} INFO - DAG(s) 'netflix_etl_pipeline' retrieved from /opt/airflow/dags/netflix_dag.py
[2026-09-06T02:34:29.723+0000] {logging_mixin.py:188} INFO - [2026-09-06T02:34:29.722+0000] {dag.py:3089} INFO - Sync 1 DAGs
[2026-09-06T02:34:29.756+0000] {logging_mixin.py:188} INFO - [2026-09-06T02:34:29.756+0000] {dag.py:3947} INFO - Setting next_dagrun for netflix_etl_pipeline to 2026-09-05 00:00:00+00:00, run_after=2026-09-06 00:00:00+00:00
[2026-09-06T02:34:29.788+0000] {processor.py:183} INFO - Processing /opt/airflow/dags/netflix_dag.py took 0.160 seconds
[2026-09-06T02:35:00.067+0000] {processor.py:161} INFO - Started process (PID=229) to work on /opt/airflow/dags/netflix_dag.py
[2026-09-06T02:35:00.069+0000] {processor.py:830} INFO - Processing file /opt/airflow/dags/netflix_dag.py for tasks to queue
[2026-09-06T02:35:00.074+0000] {logging_mixin.py:188} INFO - [2026-09-06T02:35:00.073+0000] {dagbag.py:545} INFO - Filling up the DagBag from /opt/airflow/dags/netflix_dag.py
[2026-09-06T02:35:00.098+0000] {processor.py:840} INFO - DAG(s) 'netflix_etl_pipeline' retrieved from /opt/airflow/dags/netflix_dag.py
[2026-09-06T02:35:00.148+0000] {logging_mixin.py:188} INFO - [2026-09-06T02:35:00.148+0000] {dag.py:3089} INFO - Sync 1 DAGs
[2026-09-06T02:35:00.178+0000] {logging_mixin.py:188} INFO - [2026-09-06T02:35:00.177+0000] {dag.py:3947} INFO - Setting next_dagrun for netflix_etl_pipeline to 2026-09-05 00:00:00+00:00, run_after=2026-09-06 00:00:00+00:00
[2026-09-06T02:35:00.204+0000] {processor.py:183} INFO - Processing /opt/airflow/dags/netflix_dag.py took 0.146 seconds
[2026-09-06T02:35:30.324+0000] {processor.py:161} INFO - Started process (PID=241) to work on /opt/airflow/dags/netflix_dag.py
[2026-09-06T02:35:30.326+0000] {processor.py:830} INFO - Processing file /opt/airflow/dags/netflix_dag.py for tasks to queue
[2026-09-06T02:35:30.330+0000] {logging_mixin.py:188} INFO - [2026-09-06T02:35:30.329+0000] {dagbag.py:545} INFO - Filling up the DagBag from /opt/airflow/dags/netflix_dag.py
[2026-09-06T02:35:30.353+0000] {processor.py:840} INFO - DAG(s) 'netflix_etl_pipeline' retrieved from /opt/airflow/dags/netflix_dag.py
[2026-09-06T02:35:30.395+0000] {logging_mixin.py:188} INFO - [2026-09-06T02:35:30.395+0000] {dag.py:3089} INFO - Sync 1 DAGs
[2026-09-06T02:35:30.422+0000] {logging_mixin.py:188} INFO - [2026-09-06T02:35:30.422+0000] {dag.py:3947} INFO - Setting next_dagrun for netflix_etl_pipeline to 2026-09-05 00:00:00+00:00, run_after=2026-09-06 00:00:00+00:00
[2026-09-06T02:35:30.444+0000] {processor.py:183} INFO - Processing /opt/airflow/dags/netflix_dag.py took 0.136 seconds
[2026-09-06T02:36:00.735+0000] {processor.py:161} INFO - Started process (PID=253) to work on /opt/airflow/dags/netflix_dag.py
[2026-09-06T02:36:00.739+0000] {processor.py:830} INFO - Processing file /opt/airflow/dags/netflix_dag.py for tasks to queue
[2026-09-06T02:36:00.744+0000] {logging_mixin.py:188} INFO - [2026-09-06T02:36:00.743+0000] {dagbag.py:545} INFO - Filling up the DagBag from /opt/airflow/dags/netflix_dag.py
[2026-09-06T02:36:00.811+0000] {processor.py:840} INFO - DAG(s) 'netflix_etl_pipeline' retrieved from /opt/airflow/dags/netflix_dag.py
[2026-09-06T02:36:00.898+0000] {logging_mixin.py:188} INFO - [2026-09-06T02:36:00.897+0000] {dag.py:3089} INFO - Sync 1 DAGs
[2026-09-06T02:36:00.965+0000] {logging_mixin.py:188} INFO - [2026-09-06T02:36:00.965+0000] {dag.py:3947} INFO - Setting next_dagrun for netflix_etl_pipeline to 2026-09-05 00:00:00+00:00, run_after=2026-09-06 00:00:00+00:00
[2026-09-06T02:36:01.010+0000] {processor.py:183} INFO - Processing /opt/airflow/dags/netflix_dag.py took 0.303 seconds
[2026-09-06T02:36:31.338+0000] {processor.py:161} INFO - Started process (PID=264) to work on /opt/airflow/dags/netflix_dag.py
[2026-09-06T02:36:31.342+0000] {processor.py:830} INFO - Processing file /opt/airflow/dags/netflix_dag.py for tasks to queue
[2026-09-06T02:36:31.348+0000] {logging_mixin.py:188} INFO - [2026-09-06T02:36:31.347+0000] {dagbag.py:545} INFO - Filling up the DagBag from /opt/airflow/dags/netflix_dag.py
[2026-09-06T02:36:31.405+0000] {processor.py:840} INFO - DAG(s) 'netflix_etl_pipeline' retrieved from /opt/airflow/dags/netflix_dag.py
[2026-09-06T02:36:31.500+0000] {logging_mixin.py:188} INFO - [2026-09-06T02:36:31.499+0000] {dag.py:3089} INFO - Sync 1 DAGs
[2026-09-06T02:36:31.554+0000] {logging_mixin.py:188} INFO - [2026-09-06T02:36:31.554+0000] {dag.py:3947} INFO - Setting next_dagrun for netflix_etl_pipeline to 2026-09-05 00:00:00+00:00, run_after=2026-09-06 00:00:00+00:00
[2026-09-06T02:36:31.599+0000] {processor.py:183} INFO - Processing /opt/airflow/dags/netflix_dag.py took 0.281 seconds
[2026-09-06T02:37:01.915+0000] {processor.py:161} INFO - Started process (PID=276) to work on /opt/airflow/dags/netflix_dag.py
[2026-09-06T02:37:01.918+0000] {processor.py:830} INFO - Processing file /opt/airflow/dags/netflix_dag.py for tasks to queue
[2026-09-06T02:37:01.923+0000] {logging_mixin.py:188} INFO - [2026-09-06T02:37:01.923+0000] {dagbag.py:545} INFO - Filling up the DagBag from /opt/airflow/dags/netflix_dag.py
[2026-09-06T02:37:01.978+0000] {processor.py:840} INFO - DAG(s) 'netflix_etl_pipeline' retrieved from /opt/airflow/dags/netflix_dag.py
[2026-09-06T02:37:02.068+0000] {logging_mixin.py:188} INFO - [2026-09-06T02:37:02.067+0000] {dag.py:3089} INFO - Sync 1 DAGs
[2026-09-06T02:37:02.127+0000] {logging_mixin.py:188} INFO - [2026-09-06T02:37:02.126+0000] {dag.py:3947} INFO - Setting next_dagrun for netflix_etl_pipeline to 2026-09-05 00:00:00+00:00, run_after=2026-09-06 00:00:00+00:00
[2026-09-06T02:37:02.171+0000] {processor.py:183} INFO - Processing /opt/airflow/dags/netflix_dag.py took 0.270 seconds
[2026-09-06T02:37:32.488+0000] {processor.py:161} INFO - Started process (PID=287) to work on /opt/airflow/dags/netflix_dag.py
[2026-09-06T02:37:32.491+0000] {processor.py:830} INFO - Processing file /opt/airflow/dags/netflix_dag.py for tasks to queue
[2026-09-06T02:37:32.496+0000] {logging_mixin.py:188} INFO - [2026-09-06T02:37:32.495+0000] {dagbag.py:545} INFO - Filling up the DagBag from /opt/airflow/dags/netflix_dag.py
[2026-09-06T02:37:32.546+0000] {processor.py:840} INFO - DAG(s) 'netflix_etl_pipeline' retrieved from /opt/airflow/dags/netflix_dag.py
[2026-09-06T02:37:32.659+0000] {logging_mixin.py:188} INFO - [2026-09-06T02:37:32.659+0000] {dag.py:3089} INFO - Sync 1 DAGs
[2026-09-06T02:37:32.711+0000] {logging_mixin.py:188} INFO - [2026-09-06T02:37:32.710+0000] {dag.py:3947} INFO - Setting next_dagrun for netflix_etl_pipeline to 2026-09-05 00:00:00+00:00, run_after=2026-09-06 00:00:00+00:00
[2026-09-06T02:37:32.760+0000] {processor.py:183} INFO - Processing /opt/airflow/dags/netflix_dag.py took 0.285 seconds
[2026-09-06T02:38:03.142+0000] {processor.py:161} INFO - Started process (PID=298) to work on /opt/airflow/dags/netflix_dag.py
[2026-09-06T02:38:03.145+0000] {processor.py:830} INFO - Processing file /opt/airflow/dags/netflix_dag.py for tasks to queue
[2026-09-06T02:38:03.153+0000] {logging_mixin.py:188} INFO - [2026-09-06T02:38:03.152+0000] {dagbag.py:545} INFO - Filling up the DagBag from /opt/airflow/dags/netflix_dag.py
[2026-09-06T02:38:03.217+0000] {processor.py:840} INFO - DAG(s) 'netflix_etl_pipeline' retrieved from /opt/airflow/dags/netflix_dag.py
[2026-09-06T02:38:03.326+0000] {logging_mixin.py:188} INFO - [2026-09-06T02:38:03.325+0000] {dag.py:3089} INFO - Sync 1 DAGs
[2026-09-06T02:38:03.384+0000] {logging_mixin.py:188} INFO - [2026-09-06T02:38:03.383+0000] {dag.py:3947} INFO - Setting next_dagrun for netflix_etl_pipeline to 2026-09-05 00:00:00+00:00, run_after=2026-09-06 00:00:00+00:00
[2026-09-06T02:38:03.430+0000] {processor.py:183} INFO - Processing /opt/airflow/dags/netflix_dag.py took 0.306 seconds
[2026-09-06T02:38:33.533+0000] {processor.py:161} INFO - Started process (PID=309) to work on /opt/airflow/dags/netflix_dag.py
[2026-09-06T02:38:33.537+0000] {processor.py:830} INFO - Processing file /opt/airflow/dags/netflix_dag.py for tasks to queue
[2026-09-06T02:38:33.541+0000] {logging_mixin.py:188} INFO - [2026-09-06T02:38:33.541+0000] {dagbag.py:545} INFO - Filling up the DagBag from /opt/airflow/dags/netflix_dag.py
[2026-09-06T02:38:33.592+0000] {processor.py:840} INFO - DAG(s) 'netflix_etl_pipeline' retrieved from /opt/airflow/dags/netflix_dag.py
[2026-09-06T02:38:33.681+0000] {logging_mixin.py:188} INFO - [2026-09-06T02:38:33.680+0000] {dag.py:3089} INFO - Sync 1 DAGs
[2026-09-06T02:38:33.733+0000] {logging_mixin.py:188} INFO - [2026-09-06T02:38:33.732+0000] {dag.py:3947} INFO - Setting next_dagrun for netflix_etl_pipeline to 2026-09-05 00:00:00+00:00, run_after=2026-09-06 00:00:00+00:00
[2026-09-06T02:38:33.778+0000] {processor.py:183} INFO - Processing /opt/airflow/dags/netflix_dag.py took 0.258 seconds
[2026-09-06T02:39:04.026+0000] {processor.py:161} INFO - Started process (PID=320) to work on /opt/airflow/dags/netflix_dag.py
[2026-09-06T02:39:04.030+0000] {processor.py:830} INFO - Processing file /opt/airflow/dags/netflix_dag.py for tasks to queue
[2026-09-06T02:39:04.041+0000] {logging_mixin.py:188} INFO - [2026-09-06T02:39:04.040+0000] {dagbag.py:545} INFO - Filling up the DagBag from /opt/airflow/dags/netflix_dag.py
[2026-09-06T02:39:04.090+0000] {processor.py:840} INFO - DAG(s) 'netflix_etl_pipeline' retrieved from /opt/airflow/dags/netflix_dag.py
[2026-09-06T02:39:04.165+0000] {logging_mixin.py:188} INFO - [2026-09-06T02:39:04.164+0000] {dag.py:3089} INFO - Sync 1 DAGs
[2026-09-06T02:39:04.248+0000] {logging_mixin.py:188} INFO - [2026-09-06T02:39:04.247+0000] {dag.py:3947} INFO - Setting next_dagrun for netflix_etl_pipeline to 2026-09-05 00:00:00+00:00, run_after=2026-09-06 00:00:00+00:00
[2026-09-06T02:39:04.318+0000] {processor.py:183} INFO - Processing /opt/airflow/dags/netflix_dag.py took 0.311 seconds
[2026-09-06T02:39:34.682+0000] {processor.py:161} INFO - Started process (PID=331) to work on /opt/airflow/dags/netflix_dag.py
[2026-09-06T02:39:34.689+0000] {processor.py:830} INFO - Processing file /opt/airflow/dags/netflix_dag.py for tasks to queue
[2026-09-06T02:39:34.705+0000] {logging_mixin.py:188} INFO - [2026-09-06T02:39:34.703+0000] {dagbag.py:545} INFO - Filling up the DagBag from /opt/airflow/dags/netflix_dag.py
[2026-09-06T02:39:34.767+0000] {processor.py:840} INFO - DAG(s) 'netflix_etl_pipeline' retrieved from /opt/airflow/dags/netflix_dag.py
[2026-09-06T02:39:34.856+0000] {logging_mixin.py:188} INFO - [2026-09-06T02:39:34.855+0000] {dag.py:3089} INFO - Sync 1 DAGs
[2026-09-06T02:39:34.907+0000] {logging_mixin.py:188} INFO - [2026-09-06T02:39:34.906+0000] {dag.py:3947} INFO - Setting next_dagrun for netflix_etl_pipeline to 2026-09-05 00:00:00+00:00, run_after=2026-09-06 00:00:00+00:00
[2026-09-06T02:39:34.949+0000] {processor.py:183} INFO - Processing /opt/airflow/dags/netflix_dag.py took 0.310 seconds
[2026-09-06T02:40:05.274+0000] {processor.py:161} INFO - Started process (PID=342) to work on /opt/airflow/dags/netflix_dag.py
[2026-09-06T02:40:05.279+0000] {processor.py:830} INFO - Processing file /opt/airflow/dags/netflix_dag.py for tasks to queue
[2026-09-06T02:40:05.287+0000] {logging_mixin.py:188} INFO - [2026-09-06T02:40:05.286+0000] {dagbag.py:545} INFO - Filling up the DagBag from /opt/airflow/dags/netflix_dag.py
[2026-09-06T02:40:05.385+0000] {processor.py:840} INFO - DAG(s) 'netflix_etl_pipeline' retrieved from /opt/airflow/dags/netflix_dag.py
[2026-09-06T02:40:05.574+0000] {logging_mixin.py:188} INFO - [2026-09-06T02:40:05.569+0000] {dag.py:3089} INFO - Sync 1 DAGs
[2026-09-06T02:40:05.657+0000] {logging_mixin.py:188} INFO - [2026-09-06T02:40:05.656+0000] {dag.py:3947} INFO - Setting next_dagrun for netflix_etl_pipeline to 2026-09-05 00:00:00+00:00, run_after=2026-09-06 00:00:00+00:00
[2026-09-06T02:40:05.700+0000] {processor.py:183} INFO - Processing /opt/airflow/dags/netflix_dag.py took 0.445 seconds
[2026-09-06T02:40:36.022+0000] {processor.py:161} INFO - Started process (PID=353) to work on /opt/airflow/dags/netflix_dag.py
[2026-09-06T02:40:36.025+0000] {processor.py:830} INFO - Processing file /opt/airflow/dags/netflix_dag.py for tasks to queue
[2026-09-06T02:40:36.030+0000] {logging_mixin.py:188} INFO - [2026-09-06T02:40:36.029+0000] {dagbag.py:545} INFO - Filling up the DagBag from /opt/airflow/dags/netflix_dag.py
[2026-09-06T02:40:36.084+0000] {processor.py:840} INFO - DAG(s) 'netflix_etl_pipeline' retrieved from /opt/airflow/dags/netflix_dag.py
[2026-09-06T02:40:36.165+0000] {logging_mixin.py:188} INFO - [2026-09-06T02:40:36.164+0000] {dag.py:3089} INFO - Sync 1 DAGs
[2026-09-06T02:40:36.225+0000] {logging_mixin.py:188} INFO - [2026-09-06T02:40:36.225+0000] {dag.py:3947} INFO - Setting next_dagrun for netflix_etl_pipeline to 2026-09-05 00:00:00+00:00, run_after=2026-09-06 00:00:00+00:00
[2026-09-06T02:40:36.270+0000] {processor.py:183} INFO - Processing /opt/airflow/dags/netflix_dag.py took 0.261 seconds
[2026-09-06T02:41:06.654+0000] {processor.py:161} INFO - Started process (PID=364) to work on /opt/airflow/dags/netflix_dag.py
[2026-09-06T02:41:06.657+0000] {processor.py:830} INFO - Processing file /opt/airflow/dags/netflix_dag.py for tasks to queue
[2026-09-06T02:41:06.663+0000] {logging_mixin.py:188} INFO - [2026-09-06T02:41:06.662+0000] {dagbag.py:545} INFO - Filling up the DagBag from /opt/airflow/dags/netflix_dag.py
[2026-09-06T02:41:06.756+0000] {processor.py:840} INFO - DAG(s) 'netflix_etl_pipeline' retrieved from /opt/airflow/dags/netflix_dag.py
[2026-09-06T02:41:06.921+0000] {logging_mixin.py:188} INFO - [2026-09-06T02:41:06.920+0000] {dag.py:3089} INFO - Sync 1 DAGs
[2026-09-06T02:41:06.975+0000] {logging_mixin.py:188} INFO - [2026-09-06T02:41:06.974+0000] {dag.py:3947} INFO - Setting next_dagrun for netflix_etl_pipeline to 2026-09-05 00:00:00+00:00, run_after=2026-09-06 00:00:00+00:00
[2026-09-06T02:41:07.022+0000] {processor.py:183} INFO - Processing /opt/airflow/dags/netflix_dag.py took 0.391 seconds
[2026-09-06T02:41:37.411+0000] {processor.py:161} INFO - Started process (PID=376) to work on /opt/airflow/dags/netflix_dag.py
[2026-09-06T02:41:37.415+0000] {processor.py:830} INFO - Processing file /opt/airflow/dags/netflix_dag.py for tasks to queue
[2026-09-06T02:41:37.422+0000] {logging_mixin.py:188} INFO - [2026-09-06T02:41:37.421+0000] {dagbag.py:545} INFO - Filling up the DagBag from /opt/airflow/dags/netflix_dag.py
[2026-09-06T02:41:37.472+0000] {processor.py:840} INFO - DAG(s) 'netflix_etl_pipeline' retrieved from /opt/airflow/dags/netflix_dag.py
[2026-09-06T02:41:37.549+0000] {logging_mixin.py:188} INFO - [2026-09-06T02:41:37.548+0000] {dag.py:3089} INFO - Sync 1 DAGs
[2026-09-06T02:41:37.666+0000] {logging_mixin.py:188} INFO - [2026-09-06T02:41:37.665+0000] {dag.py:3947} INFO - Setting next_dagrun for netflix_etl_pipeline to 2026-09-05 00:00:00+00:00, run_after=2026-09-06 00:00:00+00:00
[2026-09-06T02:41:37.748+0000] {processor.py:183} INFO - Processing /opt/airflow/dags/netflix_dag.py took 0.361 seconds
[2026-09-06T02:42:08.081+0000] {processor.py:161} INFO - Started process (PID=387) to work on /opt/airflow/dags/netflix_dag.py
[2026-09-06T02:42:08.084+0000] {processor.py:830} INFO - Processing file /opt/airflow/dags/netflix_dag.py for tasks to queue
[2026-09-06T02:42:08.088+0000] {logging_mixin.py:188} INFO - [2026-09-06T02:42:08.088+0000] {dagbag.py:545} INFO - Filling up the DagBag from /opt/airflow/dags/netflix_dag.py
[2026-09-06T02:42:08.132+0000] {processor.py:840} INFO - DAG(s) 'netflix_etl_pipeline' retrieved from /opt/airflow/dags/netflix_dag.py
[2026-09-06T02:42:08.207+0000] {logging_mixin.py:188} INFO - [2026-09-06T02:42:08.206+0000] {dag.py:3089} INFO - Sync 1 DAGs
[2026-09-06T02:42:08.275+0000] {logging_mixin.py:188} INFO - [2026-09-06T02:42:08.275+0000] {dag.py:3947} INFO - Setting next_dagrun for netflix_etl_pipeline to 2026-09-05 00:00:00+00:00, run_after=2026-09-06 00:00:00+00:00
[2026-09-06T02:42:08.343+0000] {processor.py:183} INFO - Processing /opt/airflow/dags/netflix_dag.py took 0.277 seconds
[2026-09-06T02:42:38.756+0000] {processor.py:161} INFO - Started process (PID=406) to work on /opt/airflow/dags/netflix_dag.py
[2026-09-06T02:42:38.760+0000] {processor.py:830} INFO - Processing file /opt/airflow/dags/netflix_dag.py for tasks to queue
[2026-09-06T02:42:38.765+0000] {logging_mixin.py:188} INFO - [2026-09-06T02:42:38.764+0000] {dagbag.py:545} INFO - Filling up the DagBag from /opt/airflow/dags/netflix_dag.py
[2026-09-06T02:42:38.813+0000] {processor.py:840} INFO - DAG(s) 'netflix_etl_pipeline' retrieved from /opt/airflow/dags/netflix_dag.py
[2026-09-06T02:42:38.886+0000] {logging_mixin.py:188} INFO - [2026-09-06T02:42:38.886+0000] {dag.py:3089} INFO - Sync 1 DAGs
[2026-09-06T02:42:38.936+0000] {logging_mixin.py:188} INFO - [2026-09-06T02:42:38.935+0000] {dag.py:3947} INFO - Setting next_dagrun for netflix_etl_pipeline to 2026-09-05 00:00:00+00:00, run_after=2026-09-06 00:00:00+00:00
[2026-09-06T02:42:38.987+0000] {processor.py:183} INFO - Processing /opt/airflow/dags/netflix_dag.py took 0.247 seconds
[2026-09-06T02:43:09.314+0000] {processor.py:161} INFO - Started process (PID=417) to work on /opt/airflow/dags/netflix_dag.py
[2026-09-06T02:43:09.317+0000] {processor.py:830} INFO - Processing file /opt/airflow/dags/netflix_dag.py for tasks to queue
[2026-09-06T02:43:09.323+0000] {logging_mixin.py:188} INFO - [2026-09-06T02:43:09.321+0000] {dagbag.py:545} INFO - Filling up the DagBag from /opt/airflow/dags/netflix_dag.py
[2026-09-06T02:43:09.363+0000] {processor.py:840} INFO - DAG(s) 'netflix_etl_pipeline' retrieved from /opt/airflow/dags/netflix_dag.py
[2026-09-06T02:43:09.457+0000] {logging_mixin.py:188} INFO - [2026-09-06T02:43:09.457+0000] {dag.py:3089} INFO - Sync 1 DAGs
[2026-09-06T02:43:09.528+0000] {logging_mixin.py:188} INFO - [2026-09-06T02:43:09.528+0000] {dag.py:3947} INFO - Setting next_dagrun for netflix_etl_pipeline to 2026-09-05 00:00:00+00:00, run_after=2026-09-06 00:00:00+00:00
[2026-09-06T02:43:09.585+0000] {processor.py:183} INFO - Processing /opt/airflow/dags/netflix_dag.py took 0.289 seconds
[2026-09-06T02:43:39.715+0000] {processor.py:161} INFO - Started process (PID=428) to work on /opt/airflow/dags/netflix_dag.py
[2026-09-06T02:43:39.719+0000] {processor.py:830} INFO - Processing file /opt/airflow/dags/netflix_dag.py for tasks to queue
[2026-09-06T02:43:39.724+0000] {logging_mixin.py:188} INFO - [2026-09-06T02:43:39.723+0000] {dagbag.py:545} INFO - Filling up the DagBag from /opt/airflow/dags/netflix_dag.py
[2026-09-06T02:43:39.778+0000] {processor.py:840} INFO - DAG(s) 'netflix_etl_pipeline' retrieved from /opt/airflow/dags/netflix_dag.py
[2026-09-06T02:43:39.854+0000] {logging_mixin.py:188} INFO - [2026-09-06T02:43:39.853+0000] {dag.py:3089} INFO - Sync 1 DAGs
[2026-09-06T02:43:39.904+0000] {logging_mixin.py:188} INFO - [2026-09-06T02:43:39.903+0000] {dag.py:3947} INFO - Setting next_dagrun for netflix_etl_pipeline to 2026-09-05 00:00:00+00:00, run_after=2026-09-06 00:00:00+00:00
[2026-09-06T02:43:39.946+0000] {processor.py:183} INFO - Processing /opt/airflow/dags/netflix_dag.py took 0.247 seconds
[2026-09-06T02:44:10.141+0000] {processor.py:161} INFO - Started process (PID=439) to work on /opt/airflow/dags/netflix_dag.py
[2026-09-06T02:44:10.144+0000] {processor.py:830} INFO - Processing file /opt/airflow/dags/netflix_dag.py for tasks to queue
[2026-09-06T02:44:10.149+0000] {logging_mixin.py:188} INFO - [2026-09-06T02:44:10.148+0000] {dagbag.py:545} INFO - Filling up the DagBag from /opt/airflow/dags/netflix_dag.py
[2026-09-06T02:44:10.209+0000] {processor.py:840} INFO - DAG(s) 'netflix_etl_pipeline' retrieved from /opt/airflow/dags/netflix_dag.py
[2026-09-06T02:44:10.298+0000] {logging_mixin.py:188} INFO - [2026-09-06T02:44:10.297+0000] {dag.py:3089} INFO - Sync 1 DAGs
[2026-09-06T02:44:10.365+0000] {logging_mixin.py:188} INFO - [2026-09-06T02:44:10.365+0000] {dag.py:3947} INFO - Setting next_dagrun for netflix_etl_pipeline to 2026-09-05 00:00:00+00:00, run_after=2026-09-06 00:00:00+00:00
[2026-09-06T02:44:10.409+0000] {processor.py:183} INFO - Processing /opt/airflow/dags/netflix_dag.py took 0.285 seconds
[2026-09-06T02:44:40.808+0000] {processor.py:161} INFO - Started process (PID=451) to work on /opt/airflow/dags/netflix_dag.py
[2026-09-06T02:44:40.812+0000] {processor.py:830} INFO - Processing file /opt/airflow/dags/netflix_dag.py for tasks to queue
[2026-09-06T02:44:40.819+0000] {logging_mixin.py:188} INFO - [2026-09-06T02:44:40.818+0000] {dagbag.py:545} INFO - Filling up the DagBag from /opt/airflow/dags/netflix_dag.py
[2026-09-06T02:44:40.873+0000] {processor.py:840} INFO - DAG(s) 'netflix_etl_pipeline' retrieved from /opt/airflow/dags/netflix_dag.py
[2026-09-06T02:44:40.961+0000] {logging_mixin.py:188} INFO - [2026-09-06T02:44:40.960+0000] {dag.py:3089} INFO - Sync 1 DAGs
[2026-09-06T02:44:41.029+0000] {logging_mixin.py:188} INFO - [2026-09-06T02:44:41.029+0000] {dag.py:3947} INFO - Setting next_dagrun for netflix_etl_pipeline to 2026-09-05 00:00:00+00:00, run_after=2026-09-06 00:00:00+00:00
[2026-09-06T02:44:41.082+0000] {processor.py:183} INFO - Processing /opt/airflow/dags/netflix_dag.py took 0.293 seconds
[2026-09-06T02:45:11.323+0000] {processor.py:161} INFO - Started process (PID=463) to work on /opt/airflow/dags/netflix_dag.py
[2026-09-06T02:45:11.326+0000] {processor.py:830} INFO - Processing file /opt/airflow/dags/netflix_dag.py for tasks to queue
[2026-09-06T02:45:11.333+0000] {logging_mixin.py:188} INFO - [2026-09-06T02:45:11.332+0000] {dagbag.py:545} INFO - Filling up the DagBag from /opt/airflow/dags/netflix_dag.py
[2026-09-06T02:45:11.382+0000] {processor.py:840} INFO - DAG(s) 'netflix_etl_pipeline' retrieved from /opt/airflow/dags/netflix_dag.py
[2026-09-06T02:45:11.464+0000] {logging_mixin.py:188} INFO - [2026-09-06T02:45:11.463+0000] {dag.py:3089} INFO - Sync 1 DAGs
[2026-09-06T02:45:11.512+0000] {logging_mixin.py:188} INFO - [2026-09-06T02:45:11.511+0000] {dag.py:3947} INFO - Setting next_dagrun for netflix_etl_pipeline to 2026-09-05 00:00:00+00:00, run_after=2026-09-06 00:00:00+00:00
[2026-09-06T02:45:11.553+0000] {processor.py:183} INFO - Processing /opt/airflow/dags/netflix_dag.py took 0.247 seconds
[2026-09-06T02:45:41.780+0000] {processor.py:161} INFO - Started process (PID=475) to work on /opt/airflow/dags/netflix_dag.py
[2026-09-06T02:45:41.784+0000] {processor.py:830} INFO - Processing file /opt/airflow/dags/netflix_dag.py for tasks to queue
[2026-09-06T02:45:41.792+0000] {logging_mixin.py:188} INFO - [2026-09-06T02:45:41.791+0000] {dagbag.py:545} INFO - Filling up the DagBag from /opt/airflow/dags/netflix_dag.py
[2026-09-06T02:45:41.861+0000] {processor.py:840} INFO - DAG(s) 'netflix_etl_pipeline' retrieved from /opt/airflow/dags/netflix_dag.py
[2026-09-06T02:45:42.036+0000] {logging_mixin.py:188} INFO - [2026-09-06T02:45:42.036+0000] {dag.py:3089} INFO - Sync 1 DAGs
[2026-09-06T02:45:42.136+0000] {logging_mixin.py:188} INFO - [2026-09-06T02:45:42.135+0000] {dag.py:3947} INFO - Setting next_dagrun for netflix_etl_pipeline to 2026-09-05 00:00:00+00:00, run_after=2026-09-06 00:00:00+00:00
[2026-09-06T02:45:42.200+0000] {processor.py:183} INFO - Processing /opt/airflow/dags/netflix_dag.py took 0.441 seconds
[2026-09-06T02:46:12.500+0000] {processor.py:161} INFO - Started process (PID=486) to work on /opt/airflow/dags/netflix_dag.py
[2026-09-06T02:46:12.502+0000] {processor.py:830} INFO - Processing file /opt/airflow/dags/netflix_dag.py for tasks to queue
[2026-09-06T02:46:12.507+0000] {logging_mixin.py:188} INFO - [2026-09-06T02:46:12.505+0000] {dagbag.py:545} INFO - Filling up the DagBag from /opt/airflow/dags/netflix_dag.py
[2026-09-06T02:46:12.539+0000] {processor.py:840} INFO - DAG(s) 'netflix_etl_pipeline' retrieved from /opt/airflow/dags/netflix_dag.py
[2026-09-06T02:46:12.595+0000] {logging_mixin.py:188} INFO - [2026-09-06T02:46:12.594+0000] {dag.py:3089} INFO - Sync 1 DAGs
[2026-09-06T02:46:12.621+0000] {logging_mixin.py:188} INFO - [2026-09-06T02:46:12.621+0000] {dag.py:3947} INFO - Setting next_dagrun for netflix_etl_pipeline to 2026-09-05 00:00:00+00:00, run_after=2026-09-06 00:00:00+00:00
[2026-09-06T02:46:12.650+0000] {processor.py:183} INFO - Processing /opt/airflow/dags/netflix_dag.py took 0.165 seconds
[2026-09-06T02:46:42.893+0000] {processor.py:161} INFO - Started process (PID=497) to work on /opt/airflow/dags/netflix_dag.py
[2026-09-06T02:46:42.895+0000] {processor.py:830} INFO - Processing file /opt/airflow/dags/netflix_dag.py for tasks to queue
[2026-09-06T02:46:42.897+0000] {logging_mixin.py:188} INFO - [2026-09-06T02:46:42.897+0000] {dagbag.py:545} INFO - Filling up the DagBag from /opt/airflow/dags/netflix_dag.py
[2026-09-06T02:46:42.925+0000] {processor.py:840} INFO - DAG(s) 'netflix_etl_pipeline' retrieved from /opt/airflow/dags/netflix_dag.py
[2026-09-06T02:46:42.976+0000] {logging_mixin.py:188} INFO - [2026-09-06T02:46:42.976+0000] {dag.py:3089} INFO - Sync 1 DAGs
[2026-09-06T02:46:43.010+0000] {logging_mixin.py:188} INFO - [2026-09-06T02:46:43.010+0000] {dag.py:3947} INFO - Setting next_dagrun for netflix_etl_pipeline to 2026-09-05 00:00:00+00:00, run_after=2026-09-06 00:00:00+00:00
[2026-09-06T02:46:43.034+0000] {processor.py:183} INFO - Processing /opt/airflow/dags/netflix_dag.py took 0.150 seconds
[2026-09-06T02:47:13.115+0000] {processor.py:161} INFO - Started process (PID=509) to work on /opt/airflow/dags/netflix_dag.py
[2026-09-06T02:47:13.117+0000] {processor.py:830} INFO - Processing file /opt/airflow/dags/netflix_dag.py for tasks to queue
[2026-09-06T02:47:13.119+0000] {logging_mixin.py:188} INFO - [2026-09-06T02:47:13.119+0000] {dagbag.py:545} INFO - Filling up the DagBag from /opt/airflow/dags/netflix_dag.py
[2026-09-06T02:47:13.147+0000] {processor.py:840} INFO - DAG(s) 'netflix_etl_pipeline' retrieved from /opt/airflow/dags/netflix_dag.py
[2026-09-06T02:47:13.187+0000] {logging_mixin.py:188} INFO - [2026-09-06T02:47:13.187+0000] {dag.py:3089} INFO - Sync 1 DAGs
[2026-09-06T02:47:13.215+0000] {logging_mixin.py:188} INFO - [2026-09-06T02:47:13.215+0000] {dag.py:3947} INFO - Setting next_dagrun for netflix_etl_pipeline to 2026-09-05 00:00:00+00:00, run_after=2026-09-06 00:00:00+00:00
[2026-09-06T02:47:13.243+0000] {processor.py:183} INFO - Processing /opt/airflow/dags/netflix_dag.py took 0.136 seconds
[2026-09-06T02:47:43.542+0000] {processor.py:161} INFO - Started process (PID=520) to work on /opt/airflow/dags/netflix_dag.py
[2026-09-06T02:47:43.544+0000] {processor.py:830} INFO - Processing file /opt/airflow/dags/netflix_dag.py for tasks to queue
[2026-09-06T02:47:43.546+0000] {logging_mixin.py:188} INFO - [2026-09-06T02:47:43.546+0000] {dagbag.py:545} INFO - Filling up the DagBag from /opt/airflow/dags/netflix_dag.py
[2026-09-06T02:47:43.585+0000] {processor.py:840} INFO - DAG(s) 'netflix_etl_pipeline' retrieved from /opt/airflow/dags/netflix_dag.py
[2026-09-06T02:47:43.641+0000] {logging_mixin.py:188} INFO - [2026-09-06T02:47:43.641+0000] {dag.py:3089} INFO - Sync 1 DAGs
[2026-09-06T02:47:43.674+0000] {logging_mixin.py:188} INFO - [2026-09-06T02:47:43.674+0000] {dag.py:3947} INFO - Setting next_dagrun for netflix_etl_pipeline to 2026-09-05 00:00:00+00:00, run_after=2026-09-06 00:00:00+00:00
[2026-09-06T02:47:43.696+0000] {processor.py:183} INFO - Processing /opt/airflow/dags/netflix_dag.py took 0.160 seconds
[2026-09-06T02:48:13.819+0000] {processor.py:161} INFO - Started process (PID=532) to work on /opt/airflow/dags/netflix_dag.py
[2026-09-06T02:48:13.821+0000] {processor.py:830} INFO - Processing file /opt/airflow/dags/netflix_dag.py for tasks to queue
[2026-09-06T02:48:13.824+0000] {logging_mixin.py:188} INFO - [2026-09-06T02:48:13.823+0000] {dagbag.py:545} INFO - Filling up the DagBag from /opt/airflow/dags/netflix_dag.py
[2026-09-06T02:48:13.850+0000] {processor.py:840} INFO - DAG(s) 'netflix_etl_pipeline' retrieved from /opt/airflow/dags/netflix_dag.py
[2026-09-06T02:48:13.892+0000] {logging_mixin.py:188} INFO - [2026-09-06T02:48:13.892+0000] {dag.py:3089} INFO - Sync 1 DAGs
[2026-09-06T02:48:13.925+0000] {logging_mixin.py:188} INFO - [2026-09-06T02:48:13.925+0000] {dag.py:3947} INFO - Setting next_dagrun for netflix_etl_pipeline to 2026-09-05 00:00:00+00:00, run_after=2026-09-06 00:00:00+00:00
[2026-09-06T02:48:13.949+0000] {processor.py:183} INFO - Processing /opt/airflow/dags/netflix_dag.py took 0.138 seconds
[2026-09-06T02:48:44.182+0000] {processor.py:161} INFO - Started process (PID=543) to work on /opt/airflow/dags/netflix_dag.py
[2026-09-06T02:48:44.184+0000] {processor.py:830} INFO - Processing file /opt/airflow/dags/netflix_dag.py for tasks to queue
[2026-09-06T02:48:44.186+0000] {logging_mixin.py:188} INFO - [2026-09-06T02:48:44.186+0000] {dagbag.py:545} INFO - Filling up the DagBag from /opt/airflow/dags/netflix_dag.py
[2026-09-06T02:48:44.211+0000] {processor.py:840} INFO - DAG(s) 'netflix_etl_pipeline' retrieved from /opt/airflow/dags/netflix_dag.py
[2026-09-06T02:48:44.248+0000] {logging_mixin.py:188} INFO - [2026-09-06T02:48:44.248+0000] {dag.py:3089} INFO - Sync 1 DAGs
[2026-09-06T02:48:44.278+0000] {logging_mixin.py:188} INFO - [2026-09-06T02:48:44.278+0000] {dag.py:3947} INFO - Setting next_dagrun for netflix_etl_pipeline to 2026-09-05 00:00:00+00:00, run_after=2026-09-06 00:00:00+00:00
[2026-09-06T02:48:44.304+0000] {processor.py:183} INFO - Processing /opt/airflow/dags/netflix_dag.py took 0.129 seconds
[2026-09-06T02:49:14.446+0000] {processor.py:161} INFO - Started process (PID=554) to work on /opt/airflow/dags/netflix_dag.py
[2026-09-06T02:49:14.450+0000] {processor.py:830} INFO - Processing file /opt/airflow/dags/netflix_dag.py for tasks to queue
[2026-09-06T02:49:14.455+0000] {logging_mixin.py:188} INFO - [2026-09-06T02:49:14.454+0000] {dagbag.py:545} INFO - Filling up the DagBag from /opt/airflow/dags/netflix_dag.py
[2026-09-06T02:49:14.508+0000] {processor.py:840} INFO - DAG(s) 'netflix_etl_pipeline' retrieved from /opt/airflow/dags/netflix_dag.py
[2026-09-06T02:49:14.579+0000] {logging_mixin.py:188} INFO - [2026-09-06T02:49:14.579+0000] {dag.py:3089} INFO - Sync 1 DAGs
[2026-09-06T02:49:14.670+0000] {logging_mixin.py:188} INFO - [2026-09-06T02:49:14.669+0000] {dag.py:3947} INFO - Setting next_dagrun for netflix_etl_pipeline to 2026-09-05 00:00:00+00:00, run_after=2026-09-06 00:00:00+00:00
[2026-09-06T02:49:14.745+0000] {processor.py:183} INFO - Processing /opt/airflow/dags/netflix_dag.py took 0.320 seconds
[2026-09-06T02:49:44.983+0000] {processor.py:161} INFO - Started process (PID=565) to work on /opt/airflow/dags/netflix_dag.py
[2026-09-06T02:49:44.985+0000] {processor.py:830} INFO - Processing file /opt/airflow/dags/netflix_dag.py for tasks to queue
[2026-09-06T02:49:44.988+0000] {logging_mixin.py:188} INFO - [2026-09-06T02:49:44.987+0000] {dagbag.py:545} INFO - Filling up the DagBag from /opt/airflow/dags/netflix_dag.py
[2026-09-06T02:49:45.012+0000] {processor.py:840} INFO - DAG(s) 'netflix_etl_pipeline' retrieved from /opt/airflow/dags/netflix_dag.py
[2026-09-06T02:49:45.050+0000] {logging_mixin.py:188} INFO - [2026-09-06T02:49:45.049+0000] {dag.py:3089} INFO - Sync 1 DAGs
[2026-09-06T02:49:45.088+0000] {logging_mixin.py:188} INFO - [2026-09-06T02:49:45.087+0000] {dag.py:3947} INFO - Setting next_dagrun for netflix_etl_pipeline to 2026-09-05 00:00:00+00:00, run_after=2026-09-06 00:00:00+00:00
[2026-09-06T02:49:45.112+0000] {processor.py:183} INFO - Processing /opt/airflow/dags/netflix_dag.py took 0.135 seconds
[2026-09-06T02:50:15.193+0000] {processor.py:161} INFO - Started process (PID=576) to work on /opt/airflow/dags/netflix_dag.py
[2026-09-06T02:50:15.195+0000] {processor.py:830} INFO - Processing file /opt/airflow/dags/netflix_dag.py for tasks to queue
[2026-09-06T02:50:15.197+0000] {logging_mixin.py:188} INFO - [2026-09-06T02:50:15.197+0000] {dagbag.py:545} INFO - Filling up the DagBag from /opt/airflow/dags/netflix_dag.py
[2026-09-06T02:50:15.222+0000] {processor.py:840} INFO - DAG(s) 'netflix_etl_pipeline' retrieved from /opt/airflow/dags/netflix_dag.py
[2026-09-06T02:50:15.258+0000] {logging_mixin.py:188} INFO - [2026-09-06T02:50:15.258+0000] {dag.py:3089} INFO - Sync 1 DAGs
[2026-09-06T02:50:15.281+0000] {logging_mixin.py:188} INFO - [2026-09-06T02:50:15.281+0000] {dag.py:3947} INFO - Setting next_dagrun for netflix_etl_pipeline to 2026-09-05 00:00:00+00:00, run_after=2026-09-06 00:00:00+00:00
[2026-09-06T02:50:15.306+0000] {processor.py:183} INFO - Processing /opt/airflow/dags/netflix_dag.py took 0.121 seconds
[2026-09-06T02:50:45.546+0000] {processor.py:161} INFO - Started process (PID=587) to work on /opt/airflow/dags/netflix_dag.py
[2026-09-06T02:50:45.548+0000] {processor.py:830} INFO - Processing file /opt/airflow/dags/netflix_dag.py for tasks to queue
[2026-09-06T02:50:45.551+0000] {logging_mixin.py:188} INFO - [2026-09-06T02:50:45.550+0000] {dagbag.py:545} INFO - Filling up the DagBag from /opt/airflow/dags/netflix_dag.py
[2026-09-06T02:50:45.573+0000] {processor.py:840} INFO - DAG(s) 'netflix_etl_pipeline' retrieved from /opt/airflow/dags/netflix_dag.py
[2026-09-06T02:50:45.609+0000] {logging_mixin.py:188} INFO - [2026-09-06T02:50:45.609+0000] {dag.py:3089} INFO - Sync 1 DAGs
[2026-09-06T02:50:45.631+0000] {logging_mixin.py:188} INFO - [2026-09-06T02:50:45.631+0000] {dag.py:3947} INFO - Setting next_dagrun for netflix_etl_pipeline to 2026-09-05 00:00:00+00:00, run_after=2026-09-06 00:00:00+00:00
[2026-09-06T02:50:45.656+0000] {processor.py:183} INFO - Processing /opt/airflow/dags/netflix_dag.py took 0.115 seconds
[2026-09-06T02:51:15.775+0000] {processor.py:161} INFO - Started process (PID=599) to work on /opt/airflow/dags/netflix_dag.py
[2026-09-06T02:51:15.778+0000] {processor.py:830} INFO - Processing file /opt/airflow/dags/netflix_dag.py for tasks to queue
[2026-09-06T02:51:15.781+0000] {logging_mixin.py:188} INFO - [2026-09-06T02:51:15.780+0000] {dagbag.py:545} INFO - Filling up the DagBag from /opt/airflow/dags/netflix_dag.py
[2026-09-06T02:51:15.813+0000] {processor.py:840} INFO - DAG(s) 'netflix_etl_pipeline' retrieved from /opt/airflow/dags/netflix_dag.py
[2026-09-06T02:51:15.869+0000] {logging_mixin.py:188} INFO - [2026-09-06T02:51:15.869+0000] {dag.py:3089} INFO - Sync 1 DAGs
[2026-09-06T02:51:15.909+0000] {logging_mixin.py:188} INFO - [2026-09-06T02:51:15.909+0000] {dag.py:3947} INFO - Setting next_dagrun for netflix_etl_pipeline to 2026-09-05 00:00:00+00:00, run_after=2026-09-06 00:00:00+00:00
[2026-09-06T02:51:15.929+0000] {processor.py:183} INFO - Processing /opt/airflow/dags/netflix_dag.py took 0.162 seconds
[2026-09-06T02:51:46.107+0000] {processor.py:161} INFO - Started process (PID=611) to work on /opt/airflow/dags/netflix_dag.py
[2026-09-06T02:51:46.110+0000] {processor.py:830} INFO - Processing file /opt/airflow/dags/netflix_dag.py for tasks to queue
[2026-09-06T02:51:46.114+0000] {logging_mixin.py:188} INFO - [2026-09-06T02:51:46.114+0000] {dagbag.py:545} INFO - Filling up the DagBag from /opt/airflow/dags/netflix_dag.py
[2026-09-06T02:51:46.155+0000] {processor.py:840} INFO - DAG(s) 'netflix_etl_pipeline' retrieved from /opt/airflow/dags/netflix_dag.py
[2026-09-06T02:51:46.219+0000] {logging_mixin.py:188} INFO - [2026-09-06T02:51:46.219+0000] {dag.py:3089} INFO - Sync 1 DAGs
[2026-09-06T02:51:46.264+0000] {logging_mixin.py:188} INFO - [2026-09-06T02:51:46.263+0000] {dag.py:3947} INFO - Setting next_dagrun for netflix_etl_pipeline to 2026-09-05 00:00:00+00:00, run_after=2026-09-06 00:00:00+00:00
[2026-09-06T02:51:46.303+0000] {processor.py:183} INFO - Processing /opt/airflow/dags/netflix_dag.py took 0.210 seconds
[2026-09-06T02:52:16.443+0000] {processor.py:161} INFO - Started process (PID=622) to work on /opt/airflow/dags/netflix_dag.py
[2026-09-06T02:52:16.447+0000] {processor.py:830} INFO - Processing file /opt/airflow/dags/netflix_dag.py for tasks to queue
[2026-09-06T02:52:16.453+0000] {logging_mixin.py:188} INFO - [2026-09-06T02:52:16.452+0000] {dagbag.py:545} INFO - Filling up the DagBag from /opt/airflow/dags/netflix_dag.py
[2026-09-06T02:52:16.512+0000] {processor.py:840} INFO - DAG(s) 'netflix_etl_pipeline' retrieved from /opt/airflow/dags/netflix_dag.py
[2026-09-06T02:52:16.757+0000] {logging_mixin.py:188} INFO - [2026-09-06T02:52:16.756+0000] {dag.py:3089} INFO - Sync 1 DAGs
[2026-09-06T02:52:16.863+0000] {logging_mixin.py:188} INFO - [2026-09-06T02:52:16.862+0000] {dag.py:3947} INFO - Setting next_dagrun for netflix_etl_pipeline to 2026-09-05 00:00:00+00:00, run_after=2026-09-06 00:00:00+00:00
[2026-09-06T02:52:16.932+0000] {processor.py:183} INFO - Processing /opt/airflow/dags/netflix_dag.py took 0.502 seconds
[2026-09-06T02:52:47.238+0000] {processor.py:161} INFO - Started process (PID=633) to work on /opt/airflow/dags/netflix_dag.py
[2026-09-06T02:52:47.240+0000] {processor.py:830} INFO - Processing file /opt/airflow/dags/netflix_dag.py for tasks to queue
[2026-09-06T02:52:47.242+0000] {logging_mixin.py:188} INFO - [2026-09-06T02:52:47.242+0000] {dagbag.py:545} INFO - Filling up the DagBag from /opt/airflow/dags/netflix_dag.py
[2026-09-06T02:52:47.263+0000] {processor.py:840} INFO - DAG(s) 'netflix_etl_pipeline' retrieved from /opt/airflow/dags/netflix_dag.py
[2026-09-06T02:52:47.301+0000] {logging_mixin.py:188} INFO - [2026-09-06T02:52:47.301+0000] {dag.py:3089} INFO - Sync 1 DAGs
[2026-09-06T02:52:47.326+0000] {logging_mixin.py:188} INFO - [2026-09-06T02:52:47.325+0000] {dag.py:3947} INFO - Setting next_dagrun for netflix_etl_pipeline to 2026-09-05 00:00:00+00:00, run_after=2026-09-06 00:00:00+00:00
[2026-09-06T02:52:47.348+0000] {processor.py:183} INFO - Processing /opt/airflow/dags/netflix_dag.py took 0.122 seconds
[2026-09-06T02:53:17.446+0000] {processor.py:161} INFO - Started process (PID=644) to work on /opt/airflow/dags/netflix_dag.py
[2026-09-06T02:53:17.448+0000] {processor.py:830} INFO - Processing file /opt/airflow/dags/netflix_dag.py for tasks to queue
[2026-09-06T02:53:17.451+0000] {logging_mixin.py:188} INFO - [2026-09-06T02:53:17.451+0000] {dagbag.py:545} INFO - Filling up the DagBag from /opt/airflow/dags/netflix_dag.py
[2026-09-06T02:53:17.478+0000] {processor.py:840} INFO - DAG(s) 'netflix_etl_pipeline' retrieved from /opt/airflow/dags/netflix_dag.py
[2026-09-06T02:53:17.516+0000] {logging_mixin.py:188} INFO - [2026-09-06T02:53:17.516+0000] {dag.py:3089} INFO - Sync 1 DAGs
[2026-09-06T02:53:17.541+0000] {logging_mixin.py:188} INFO - [2026-09-06T02:53:17.541+0000] {dag.py:3947} INFO - Setting next_dagrun for netflix_etl_pipeline to 2026-09-05 00:00:00+00:00, run_after=2026-09-06 00:00:00+00:00
[2026-09-06T02:53:17.566+0000] {processor.py:183} INFO - Processing /opt/airflow/dags/netflix_dag.py took 0.127 seconds
[2026-09-06T02:53:48.154+0000] {processor.py:161} INFO - Started process (PID=655) to work on /opt/airflow/dags/netflix_dag.py
[2026-09-06T02:53:48.157+0000] {processor.py:830} INFO - Processing file /opt/airflow/dags/netflix_dag.py for tasks to queue
[2026-09-06T02:53:48.163+0000] {logging_mixin.py:188} INFO - [2026-09-06T02:53:48.162+0000] {dagbag.py:545} INFO - Filling up the DagBag from /opt/airflow/dags/netflix_dag.py
[2026-09-06T02:53:48.229+0000] {processor.py:840} INFO - DAG(s) 'netflix_etl_pipeline' retrieved from /opt/airflow/dags/netflix_dag.py
[2026-09-06T02:53:48.351+0000] {logging_mixin.py:188} INFO - [2026-09-06T02:53:48.350+0000] {dag.py:3089} INFO - Sync 1 DAGs
[2026-09-06T02:53:48.449+0000] {logging_mixin.py:188} INFO - [2026-09-06T02:53:48.447+0000] {dag.py:3947} INFO - Setting next_dagrun for netflix_etl_pipeline to 2026-09-05 00:00:00+00:00, run_after=2026-09-06 00:00:00+00:00
[2026-09-06T02:53:48.524+0000] {processor.py:183} INFO - Processing /opt/airflow/dags/netflix_dag.py took 0.391 seconds
[2026-09-06T02:54:18.930+0000] {processor.py:161} INFO - Started process (PID=666) to work on /opt/airflow/dags/netflix_dag.py
[2026-09-06T02:54:18.933+0000] {processor.py:830} INFO - Processing file /opt/airflow/dags/netflix_dag.py for tasks to queue
[2026-09-06T02:54:18.940+0000] {logging_mixin.py:188} INFO - [2026-09-06T02:54:18.939+0000] {dagbag.py:545} INFO - Filling up the DagBag from /opt/airflow/dags/netflix_dag.py
[2026-09-06T02:54:18.994+0000] {processor.py:840} INFO - DAG(s) 'netflix_etl_pipeline' retrieved from /opt/airflow/dags/netflix_dag.py
[2026-09-06T02:54:19.089+0000] {logging_mixin.py:188} INFO - [2026-09-06T02:54:19.088+0000] {dag.py:3089} INFO - Sync 1 DAGs
[2026-09-06T02:54:19.189+0000] {logging_mixin.py:188} INFO - [2026-09-06T02:54:19.189+0000] {dag.py:3947} INFO - Setting next_dagrun for netflix_etl_pipeline to 2026-09-05 00:00:00+00:00, run_after=2026-09-06 00:00:00+00:00
[2026-09-06T02:54:19.244+0000] {processor.py:183} INFO - Processing /opt/airflow/dags/netflix_dag.py took 0.329 seconds
[2026-09-06T02:54:49.556+0000] {processor.py:161} INFO - Started process (PID=677) to work on /opt/airflow/dags/netflix_dag.py
[2026-09-06T02:54:49.559+0000] {processor.py:830} INFO - Processing file /opt/airflow/dags/netflix_dag.py for tasks to queue
[2026-09-06T02:54:49.566+0000] {logging_mixin.py:188} INFO - [2026-09-06T02:54:49.565+0000] {dagbag.py:545} INFO - Filling up the DagBag from /opt/airflow/dags/netflix_dag.py
[2026-09-06T02:54:49.635+0000] {processor.py:840} INFO - DAG(s) 'netflix_etl_pipeline' retrieved from /opt/airflow/dags/netflix_dag.py
[2026-09-06T02:54:49.733+0000] {logging_mixin.py:188} INFO - [2026-09-06T02:54:49.733+0000] {dag.py:3089} INFO - Sync 1 DAGs
[2026-09-06T02:54:49.812+0000] {logging_mixin.py:188} INFO - [2026-09-06T02:54:49.811+0000] {dag.py:3947} INFO - Setting next_dagrun for netflix_etl_pipeline to 2026-09-05 00:00:00+00:00, run_after=2026-09-06 00:00:00+00:00
[2026-09-06T02:54:49.878+0000] {processor.py:183} INFO - Processing /opt/airflow/dags/netflix_dag.py took 0.335 seconds
[2026-09-06T02:55:20.171+0000] {processor.py:161} INFO - Started process (PID=688) to work on /opt/airflow/dags/netflix_dag.py
[2026-09-06T02:55:20.173+0000] {processor.py:830} INFO - Processing file /opt/airflow/dags/netflix_dag.py for tasks to queue
[2026-09-06T02:55:20.177+0000] {logging_mixin.py:188} INFO - [2026-09-06T02:55:20.177+0000] {dagbag.py:545} INFO - Filling up the DagBag from /opt/airflow/dags/netflix_dag.py
[2026-09-06T02:55:20.210+0000] {processor.py:840} INFO - DAG(s) 'netflix_etl_pipeline' retrieved from /opt/airflow/dags/netflix_dag.py
[2026-09-06T02:55:20.263+0000] {logging_mixin.py:188} INFO - [2026-09-06T02:55:20.262+0000] {dag.py:3089} INFO - Sync 1 DAGs
[2026-09-06T02:55:20.292+0000] {logging_mixin.py:188} INFO - [2026-09-06T02:55:20.292+0000] {dag.py:3947} INFO - Setting next_dagrun for netflix_etl_pipeline to 2026-09-05 00:00:00+00:00, run_after=2026-09-06 00:00:00+00:00
[2026-09-06T02:55:20.326+0000] {processor.py:183} INFO - Processing /opt/airflow/dags/netflix_dag.py took 0.164 seconds
[2026-09-06T02:55:50.428+0000] {processor.py:161} INFO - Started process (PID=699) to work on /opt/airflow/dags/netflix_dag.py
[2026-09-06T02:55:50.431+0000] {processor.py:830} INFO - Processing file /opt/airflow/dags/netflix_dag.py for tasks to queue
[2026-09-06T02:55:50.438+0000] {logging_mixin.py:188} INFO - [2026-09-06T02:55:50.438+0000] {dagbag.py:545} INFO - Filling up the DagBag from /opt/airflow/dags/netflix_dag.py
[2026-09-06T02:55:50.488+0000] {processor.py:840} INFO - DAG(s) 'netflix_etl_pipeline' retrieved from /opt/airflow/dags/netflix_dag.py
[2026-09-06T02:55:50.601+0000] {logging_mixin.py:188} INFO - [2026-09-06T02:55:50.600+0000] {dag.py:3089} INFO - Sync 1 DAGs
[2026-09-06T02:55:50.678+0000] {logging_mixin.py:188} INFO - [2026-09-06T02:55:50.678+0000] {dag.py:3947} INFO - Setting next_dagrun for netflix_etl_pipeline to 2026-09-05 00:00:00+00:00, run_after=2026-09-06 00:00:00+00:00
[2026-09-06T02:55:50.727+0000] {processor.py:183} INFO - Processing /opt/airflow/dags/netflix_dag.py took 0.312 seconds
[2026-09-06T02:56:20.841+0000] {processor.py:161} INFO - Started process (PID=710) to work on /opt/airflow/dags/netflix_dag.py
[2026-09-06T02:56:20.843+0000] {processor.py:830} INFO - Processing file /opt/airflow/dags/netflix_dag.py for tasks to queue
[2026-09-06T02:56:20.891+0000] {logging_mixin.py:188} INFO - [2026-09-06T02:56:20.888+0000] {dagbag.py:545} INFO - Filling up the DagBag from /opt/airflow/dags/netflix_dag.py
[2026-09-06T02:56:21.147+0000] {processor.py:840} INFO - DAG(s) 'netflix_etl_pipeline' retrieved from /opt/airflow/dags/netflix_dag.py
[2026-09-06T02:56:21.221+0000] {logging_mixin.py:188} INFO - [2026-09-06T02:56:21.220+0000] {dag.py:3089} INFO - Sync 1 DAGs
[2026-09-06T02:56:21.265+0000] {logging_mixin.py:188} INFO - [2026-09-06T02:56:21.265+0000] {dag.py:3947} INFO - Setting next_dagrun for netflix_etl_pipeline to 2026-09-05 00:00:00+00:00, run_after=2026-09-06 00:00:00+00:00
[2026-09-06T02:56:21.306+0000] {processor.py:183} INFO - Processing /opt/airflow/dags/netflix_dag.py took 0.479 seconds
[2026-09-06T02:56:51.595+0000] {processor.py:161} INFO - Started process (PID=721) to work on /opt/airflow/dags/netflix_dag.py
[2026-09-06T02:56:51.598+0000] {processor.py:830} INFO - Processing file /opt/airflow/dags/netflix_dag.py for tasks to queue
[2026-09-06T02:56:51.604+0000] {logging_mixin.py:188} INFO - [2026-09-06T02:56:51.604+0000] {dagbag.py:545} INFO - Filling up the DagBag from /opt/airflow/dags/netflix_dag.py
[2026-09-06T02:56:51.657+0000] {processor.py:840} INFO - DAG(s) 'netflix_etl_pipeline' retrieved from /opt/airflow/dags/netflix_dag.py
[2026-09-06T02:56:51.740+0000] {logging_mixin.py:188} INFO - [2026-09-06T02:56:51.739+0000] {dag.py:3089} INFO - Sync 1 DAGs
[2026-09-06T02:56:51.805+0000] {logging_mixin.py:188} INFO - [2026-09-06T02:56:51.804+0000] {dag.py:3947} INFO - Setting next_dagrun for netflix_etl_pipeline to 2026-09-05 00:00:00+00:00, run_after=2026-09-06 00:00:00+00:00
[2026-09-06T02:56:51.864+0000] {processor.py:183} INFO - Processing /opt/airflow/dags/netflix_dag.py took 0.283 seconds
[2026-09-06T02:57:22.149+0000] {processor.py:161} INFO - Started process (PID=732) to work on /opt/airflow/dags/netflix_dag.py
[2026-09-06T02:57:22.150+0000] {processor.py:830} INFO - Processing file /opt/airflow/dags/netflix_dag.py for tasks to queue
[2026-09-06T02:57:22.154+0000] {logging_mixin.py:188} INFO - [2026-09-06T02:57:22.153+0000] {dagbag.py:545} INFO - Filling up the DagBag from /opt/airflow/dags/netflix_dag.py
[2026-09-06T02:57:22.179+0000] {processor.py:840} INFO - DAG(s) 'netflix_etl_pipeline' retrieved from /opt/airflow/dags/netflix_dag.py
[2026-09-06T02:57:22.215+0000] {logging_mixin.py:188} INFO - [2026-09-06T02:57:22.215+0000] {dag.py:3089} INFO - Sync 1 DAGs
[2026-09-06T02:57:22.240+0000] {logging_mixin.py:188} INFO - [2026-09-06T02:57:22.240+0000] {dag.py:3947} INFO - Setting next_dagrun for netflix_etl_pipeline to 2026-09-05 00:00:00+00:00, run_after=2026-09-06 00:00:00+00:00
[2026-09-06T02:57:22.265+0000] {processor.py:183} INFO - Processing /opt/airflow/dags/netflix_dag.py took 0.122 seconds
[2026-09-06T02:57:52.367+0000] {processor.py:161} INFO - Started process (PID=743) to work on /opt/airflow/dags/netflix_dag.py
[2026-09-06T02:57:52.369+0000] {processor.py:830} INFO - Processing file /opt/airflow/dags/netflix_dag.py for tasks to queue
[2026-09-06T02:57:52.372+0000] {logging_mixin.py:188} INFO - [2026-09-06T02:57:52.371+0000] {dagbag.py:545} INFO - Filling up the DagBag from /opt/airflow/dags/netflix_dag.py
[2026-09-06T02:57:52.395+0000] {processor.py:840} INFO - DAG(s) 'netflix_etl_pipeline' retrieved from /opt/airflow/dags/netflix_dag.py
[2026-09-06T02:57:52.431+0000] {logging_mixin.py:188} INFO - [2026-09-06T02:57:52.431+0000] {dag.py:3089} INFO - Sync 1 DAGs
[2026-09-06T02:57:52.459+0000] {logging_mixin.py:188} INFO - [2026-09-06T02:57:52.459+0000] {dag.py:3947} INFO - Setting next_dagrun for netflix_etl_pipeline to 2026-09-05 00:00:00+00:00, run_after=2026-09-06 00:00:00+00:00
[2026-09-06T02:57:52.485+0000] {processor.py:183} INFO - Processing /opt/airflow/dags/netflix_dag.py took 0.124 seconds
[2026-09-06T02:58:22.791+0000] {processor.py:161} INFO - Started process (PID=754) to work on /opt/airflow/dags/netflix_dag.py
[2026-09-06T02:58:22.795+0000] {processor.py:830} INFO - Processing file /opt/airflow/dags/netflix_dag.py for tasks to queue
[2026-09-06T02:58:22.799+0000] {logging_mixin.py:188} INFO - [2026-09-06T02:58:22.799+0000] {dagbag.py:545} INFO - Filling up the DagBag from /opt/airflow/dags/netflix_dag.py
[2026-09-06T02:58:22.841+0000] {processor.py:840} INFO - DAG(s) 'netflix_etl_pipeline' retrieved from /opt/airflow/dags/netflix_dag.py
[2026-09-06T02:58:22.910+0000] {logging_mixin.py:188} INFO - [2026-09-06T02:58:22.910+0000] {dag.py:3089} INFO - Sync 1 DAGs
[2026-09-06T02:58:22.961+0000] {logging_mixin.py:188} INFO - [2026-09-06T02:58:22.960+0000] {dag.py:3947} INFO - Setting next_dagrun for netflix_etl_pipeline to 2026-09-05 00:00:00+00:00, run_after=2026-09-06 00:00:00+00:00
[2026-09-06T02:58:23.001+0000] {processor.py:183} INFO - Processing /opt/airflow/dags/netflix_dag.py took 0.222 seconds
[2026-09-06T02:58:53.159+0000] {processor.py:161} INFO - Started process (PID=765) to work on /opt/airflow/dags/netflix_dag.py
[2026-09-06T02:58:53.161+0000] {processor.py:830} INFO - Processing file /opt/airflow/dags/netflix_dag.py for tasks to queue
[2026-09-06T02:58:53.164+0000] {logging_mixin.py:188} INFO - [2026-09-06T02:58:53.164+0000] {dagbag.py:545} INFO - Filling up the DagBag from /opt/airflow/dags/netflix_dag.py
[2026-09-06T02:58:53.192+0000] {processor.py:840} INFO - DAG(s) 'netflix_etl_pipeline' retrieved from /opt/airflow/dags/netflix_dag.py
[2026-09-06T02:58:53.235+0000] {logging_mixin.py:188} INFO - [2026-09-06T02:58:53.235+0000] {dag.py:3089} INFO - Sync 1 DAGs
[2026-09-06T02:58:53.261+0000] {logging_mixin.py:188} INFO - [2026-09-06T02:58:53.261+0000] {dag.py:3947} INFO - Setting next_dagrun for netflix_etl_pipeline to 2026-09-05 00:00:00+00:00, run_after=2026-09-06 00:00:00+00:00
[2026-09-06T02:58:53.288+0000] {processor.py:183} INFO - Processing /opt/airflow/dags/netflix_dag.py took 0.136 seconds
[2026-09-06T02:59:23.521+0000] {processor.py:161} INFO - Started process (PID=776) to work on /opt/airflow/dags/netflix_dag.py
[2026-09-06T02:59:23.524+0000] {processor.py:830} INFO - Processing file /opt/airflow/dags/netflix_dag.py for tasks to queue
[2026-09-06T02:59:23.529+0000] {logging_mixin.py:188} INFO - [2026-09-06T02:59:23.528+0000] {dagbag.py:545} INFO - Filling up the DagBag from /opt/airflow/dags/netflix_dag.py
[2026-09-06T02:59:23.577+0000] {processor.py:840} INFO - DAG(s) 'netflix_etl_pipeline' retrieved from /opt/airflow/dags/netflix_dag.py
[2026-09-06T02:59:23.647+0000] {logging_mixin.py:188} INFO - [2026-09-06T02:59:23.646+0000] {dag.py:3089} INFO - Sync 1 DAGs
[2026-09-06T02:59:23.692+0000] {logging_mixin.py:188} INFO - [2026-09-06T02:59:23.692+0000] {dag.py:3947} INFO - Setting next_dagrun for netflix_etl_pipeline to 2026-09-05 00:00:00+00:00, run_after=2026-09-06 00:00:00+00:00
[2026-09-06T02:59:23.734+0000] {processor.py:183} INFO - Processing /opt/airflow/dags/netflix_dag.py took 0.226 seconds
[2026-09-06T02:59:53.833+0000] {processor.py:161} INFO - Started process (PID=787) to work on /opt/airflow/dags/netflix_dag.py
[2026-09-06T02:59:53.836+0000] {processor.py:830} INFO - Processing file /opt/airflow/dags/netflix_dag.py for tasks to queue
[2026-09-06T02:59:53.840+0000] {logging_mixin.py:188} INFO - [2026-09-06T02:59:53.840+0000] {dagbag.py:545} INFO - Filling up the DagBag from /opt/airflow/dags/netflix_dag.py
[2026-09-06T02:59:53.891+0000] {processor.py:840} INFO - DAG(s) 'netflix_etl_pipeline' retrieved from /opt/airflow/dags/netflix_dag.py
[2026-09-06T02:59:53.967+0000] {logging_mixin.py:188} INFO - [2026-09-06T02:59:53.967+0000] {dag.py:3089} INFO - Sync 1 DAGs
[2026-09-06T02:59:54.024+0000] {logging_mixin.py:188} INFO - [2026-09-06T02:59:54.023+0000] {dag.py:3947} INFO - Setting next_dagrun for netflix_etl_pipeline to 2026-09-05 00:00:00+00:00, run_after=2026-09-06 00:00:00+00:00
[2026-09-06T02:59:54.077+0000] {processor.py:183} INFO - Processing /opt/airflow/dags/netflix_dag.py took 0.258 seconds
[2026-09-06T03:00:24.263+0000] {processor.py:161} INFO - Started process (PID=798) to work on /opt/airflow/dags/netflix_dag.py
[2026-09-06T03:00:24.266+0000] {processor.py:830} INFO - Processing file /opt/airflow/dags/netflix_dag.py for tasks to queue
[2026-09-06T03:00:24.272+0000] {logging_mixin.py:188} INFO - [2026-09-06T03:00:24.271+0000] {dagbag.py:545} INFO - Filling up the DagBag from /opt/airflow/dags/netflix_dag.py
[2026-09-06T03:00:24.327+0000] {processor.py:840} INFO - DAG(s) 'netflix_etl_pipeline' retrieved from /opt/airflow/dags/netflix_dag.py
[2026-09-06T03:00:24.408+0000] {logging_mixin.py:188} INFO - [2026-09-06T03:00:24.408+0000] {dag.py:3089} INFO - Sync 1 DAGs
[2026-09-06T03:00:24.460+0000] {logging_mixin.py:188} INFO - [2026-09-06T03:00:24.460+0000] {dag.py:3947} INFO - Setting next_dagrun for netflix_etl_pipeline to 2026-09-05 00:00:00+00:00, run_after=2026-09-06 00:00:00+00:00
[2026-09-06T03:00:24.505+0000] {processor.py:183} INFO - Processing /opt/airflow/dags/netflix_dag.py took 0.258 seconds
[2026-09-06T03:00:54.652+0000] {processor.py:161} INFO - Started process (PID=809) to work on /opt/airflow/dags/netflix_dag.py
[2026-09-06T03:00:54.655+0000] {processor.py:830} INFO - Processing file /opt/airflow/dags/netflix_dag.py for tasks to queue
[2026-09-06T03:00:54.661+0000] {logging_mixin.py:188} INFO - [2026-09-06T03:00:54.660+0000] {dagbag.py:545} INFO - Filling up the DagBag from /opt/airflow/dags/netflix_dag.py
[2026-09-06T03:00:54.710+0000] {processor.py:840} INFO - DAG(s) 'netflix_etl_pipeline' retrieved from /opt/airflow/dags/netflix_dag.py
[2026-09-06T03:00:54.786+0000] {logging_mixin.py:188} INFO - [2026-09-06T03:00:54.785+0000] {dag.py:3089} INFO - Sync 1 DAGs
[2026-09-06T03:00:54.833+0000] {logging_mixin.py:188} INFO - [2026-09-06T03:00:54.832+0000] {dag.py:3947} INFO - Setting next_dagrun for netflix_etl_pipeline to 2026-09-05 00:00:00+00:00, run_after=2026-09-06 00:00:00+00:00
[2026-09-06T03:00:54.872+0000] {processor.py:183} INFO - Processing /opt/airflow/dags/netflix_dag.py took 0.234 seconds
[2026-09-06T03:01:25.046+0000] {processor.py:161} INFO - Started process (PID=820) to work on /opt/airflow/dags/netflix_dag.py
[2026-09-06T03:01:25.050+0000] {processor.py:830} INFO - Processing file /opt/airflow/dags/netflix_dag.py for tasks to queue
[2026-09-06T03:01:25.057+0000] {logging_mixin.py:188} INFO - [2026-09-06T03:01:25.056+0000] {dagbag.py:545} INFO - Filling up the DagBag from /opt/airflow/dags/netflix_dag.py
[2026-09-06T03:01:25.116+0000] {processor.py:840} INFO - DAG(s) 'netflix_etl_pipeline' retrieved from /opt/airflow/dags/netflix_dag.py
[2026-09-06T03:01:25.216+0000] {logging_mixin.py:188} INFO - [2026-09-06T03:01:25.216+0000] {dag.py:3089} INFO - Sync 1 DAGs
[2026-09-06T03:01:25.270+0000] {logging_mixin.py:188} INFO - [2026-09-06T03:01:25.270+0000] {dag.py:3947} INFO - Setting next_dagrun for netflix_etl_pipeline to 2026-09-05 00:00:00+00:00, run_after=2026-09-06 00:00:00+00:00
[2026-09-06T03:01:25.328+0000] {processor.py:183} INFO - Processing /opt/airflow/dags/netflix_dag.py took 0.303 seconds
[2026-09-06T03:01:55.424+0000] {processor.py:161} INFO - Started process (PID=831) to work on /opt/airflow/dags/netflix_dag.py
[2026-09-06T03:01:55.425+0000] {processor.py:830} INFO - Processing file /opt/airflow/dags/netflix_dag.py for tasks to queue
[2026-09-06T03:01:55.428+0000] {logging_mixin.py:188} INFO - [2026-09-06T03:01:55.428+0000] {dagbag.py:545} INFO - Filling up the DagBag from /opt/airflow/dags/netflix_dag.py
[2026-09-06T03:01:55.454+0000] {processor.py:840} INFO - DAG(s) 'netflix_etl_pipeline' retrieved from /opt/airflow/dags/netflix_dag.py
[2026-09-06T03:01:55.500+0000] {logging_mixin.py:188} INFO - [2026-09-06T03:01:55.500+0000] {dag.py:3089} INFO - Sync 1 DAGs
[2026-09-06T03:01:55.529+0000] {logging_mixin.py:188} INFO - [2026-09-06T03:01:55.529+0000] {dag.py:3947} INFO - Setting next_dagrun for netflix_etl_pipeline to 2026-09-05 00:00:00+00:00, run_after=2026-09-06 00:00:00+00:00
[2026-09-06T03:01:55.563+0000] {processor.py:183} INFO - Processing /opt/airflow/dags/netflix_dag.py took 0.148 seconds
[2026-09-06T03:02:25.867+0000] {processor.py:161} INFO - Started process (PID=842) to work on /opt/airflow/dags/netflix_dag.py
[2026-09-06T03:02:25.870+0000] {processor.py:830} INFO - Processing file /opt/airflow/dags/netflix_dag.py for tasks to queue
[2026-09-06T03:02:25.876+0000] {logging_mixin.py:188} INFO - [2026-09-06T03:02:25.875+0000] {dagbag.py:545} INFO - Filling up the DagBag from /opt/airflow/dags/netflix_dag.py
[2026-09-06T03:02:25.927+0000] {processor.py:840} INFO - DAG(s) 'netflix_etl_pipeline' retrieved from /opt/airflow/dags/netflix_dag.py
[2026-09-06T03:02:26.023+0000] {logging_mixin.py:188} INFO - [2026-09-06T03:02:26.023+0000] {dag.py:3089} INFO - Sync 1 DAGs
[2026-09-06T03:02:26.097+0000] {logging_mixin.py:188} INFO - [2026-09-06T03:02:26.096+0000] {dag.py:3947} INFO - Setting next_dagrun for netflix_etl_pipeline to 2026-09-05 00:00:00+00:00, run_after=2026-09-06 00:00:00+00:00
[2026-09-06T03:02:26.157+0000] {processor.py:183} INFO - Processing /opt/airflow/dags/netflix_dag.py took 0.307 seconds
[2026-09-06T03:02:56.541+0000] {processor.py:161} INFO - Started process (PID=853) to work on /opt/airflow/dags/netflix_dag.py
[2026-09-06T03:02:56.545+0000] {processor.py:830} INFO - Processing file /opt/airflow/dags/netflix_dag.py for tasks to queue
[2026-09-06T03:02:56.561+0000] {logging_mixin.py:188} INFO - [2026-09-06T03:02:56.560+0000] {dagbag.py:545} INFO - Filling up the DagBag from /opt/airflow/dags/netflix_dag.py
[2026-09-06T03:02:56.653+0000] {processor.py:840} INFO - DAG(s) 'netflix_etl_pipeline' retrieved from /opt/airflow/dags/netflix_dag.py
[2026-09-06T03:02:56.762+0000] {logging_mixin.py:188} INFO - [2026-09-06T03:02:56.762+0000] {dag.py:3089} INFO - Sync 1 DAGs
[2026-09-06T03:02:56.813+0000] {logging_mixin.py:188} INFO - [2026-09-06T03:02:56.813+0000] {dag.py:3947} INFO - Setting next_dagrun for netflix_etl_pipeline to 2026-09-05 00:00:00+00:00, run_after=2026-09-06 00:00:00+00:00
[2026-09-06T03:02:56.860+0000] {processor.py:183} INFO - Processing /opt/airflow/dags/netflix_dag.py took 0.363 seconds
[2026-09-06T03:03:27.375+0000] {processor.py:161} INFO - Started process (PID=864) to work on /opt/airflow/dags/netflix_dag.py
[2026-09-06T03:03:27.379+0000] {processor.py:830} INFO - Processing file /opt/airflow/dags/netflix_dag.py for tasks to queue
[2026-09-06T03:03:27.385+0000] {logging_mixin.py:188} INFO - [2026-09-06T03:03:27.384+0000] {dagbag.py:545} INFO - Filling up the DagBag from /opt/airflow/dags/netflix_dag.py
[2026-09-06T03:03:27.446+0000] {processor.py:840} INFO - DAG(s) 'netflix_etl_pipeline' retrieved from /opt/airflow/dags/netflix_dag.py
[2026-09-06T03:03:27.582+0000] {logging_mixin.py:188} INFO - [2026-09-06T03:03:27.581+0000] {dag.py:3089} INFO - Sync 1 DAGs
[2026-09-06T03:03:27.694+0000] {logging_mixin.py:188} INFO - [2026-09-06T03:03:27.693+0000] {dag.py:3947} INFO - Setting next_dagrun for netflix_etl_pipeline to 2026-09-05 00:00:00+00:00, run_after=2026-09-06 00:00:00+00:00
[2026-09-06T03:03:27.820+0000] {processor.py:183} INFO - Processing /opt/airflow/dags/netflix_dag.py took 0.460 seconds
[2026-09-06T03:03:58.182+0000] {processor.py:161} INFO - Started process (PID=875) to work on /opt/airflow/dags/netflix_dag.py
[2026-09-06T03:03:58.185+0000] {processor.py:830} INFO - Processing file /opt/airflow/dags/netflix_dag.py for tasks to queue
[2026-09-06T03:03:58.192+0000] {logging_mixin.py:188} INFO - [2026-09-06T03:03:58.191+0000] {dagbag.py:545} INFO - Filling up the DagBag from /opt/airflow/dags/netflix_dag.py
[2026-09-06T03:03:58.240+0000] {processor.py:840} INFO - DAG(s) 'netflix_etl_pipeline' retrieved from /opt/airflow/dags/netflix_dag.py
[2026-09-06T03:03:58.333+0000] {logging_mixin.py:188} INFO - [2026-09-06T03:03:58.333+0000] {dag.py:3089} INFO - Sync 1 DAGs
[2026-09-06T03:03:58.396+0000] {logging_mixin.py:188} INFO - [2026-09-06T03:03:58.396+0000] {dag.py:3947} INFO - Setting next_dagrun for netflix_etl_pipeline to 2026-09-05 00:00:00+00:00, run_after=2026-09-06 00:00:00+00:00
[2026-09-06T03:03:58.450+0000] {processor.py:183} INFO - Processing /opt/airflow/dags/netflix_dag.py took 0.284 seconds
[2026-09-06T03:04:28.776+0000] {processor.py:161} INFO - Started process (PID=886) to work on /opt/airflow/dags/netflix_dag.py
[2026-09-06T03:04:28.779+0000] {processor.py:830} INFO - Processing file /opt/airflow/dags/netflix_dag.py for tasks to queue
[2026-09-06T03:04:28.785+0000] {logging_mixin.py:188} INFO - [2026-09-06T03:04:28.784+0000] {dagbag.py:545} INFO - Filling up the DagBag from /opt/airflow/dags/netflix_dag.py
[2026-09-06T03:04:28.850+0000] {processor.py:840} INFO - DAG(s) 'netflix_etl_pipeline' retrieved from /opt/airflow/dags/netflix_dag.py
[2026-09-06T03:04:28.941+0000] {logging_mixin.py:188} INFO - [2026-09-06T03:04:28.940+0000] {dag.py:3089} INFO - Sync 1 DAGs
[2026-09-06T03:04:29.004+0000] {logging_mixin.py:188} INFO - [2026-09-06T03:04:29.003+0000] {dag.py:3947} INFO - Setting next_dagrun for netflix_etl_pipeline to 2026-09-05 00:00:00+00:00, run_after=2026-09-06 00:00:00+00:00
[2026-09-06T03:04:29.044+0000] {processor.py:183} INFO - Processing /opt/airflow/dags/netflix_dag.py took 0.284 seconds
[2026-09-06T03:04:59.335+0000] {processor.py:161} INFO - Started process (PID=897) to work on /opt/airflow/dags/netflix_dag.py
[2026-09-06T03:04:59.339+0000] {processor.py:830} INFO - Processing file /opt/airflow/dags/netflix_dag.py for tasks to queue
[2026-09-06T03:04:59.347+0000] {logging_mixin.py:188} INFO - [2026-09-06T03:04:59.346+0000] {dagbag.py:545} INFO - Filling up the DagBag from /opt/airflow/dags/netflix_dag.py
[2026-09-06T03:04:59.402+0000] {processor.py:840} INFO - DAG(s) 'netflix_etl_pipeline' retrieved from /opt/airflow/dags/netflix_dag.py
[2026-09-06T03:04:59.484+0000] {logging_mixin.py:188} INFO - [2026-09-06T03:04:59.484+0000] {dag.py:3089} INFO - Sync 1 DAGs
[2026-09-06T03:04:59.534+0000] {logging_mixin.py:188} INFO - [2026-09-06T03:04:59.534+0000] {dag.py:3947} INFO - Setting next_dagrun for netflix_etl_pipeline to 2026-09-05 00:00:00+00:00, run_after=2026-09-06 00:00:00+00:00
[2026-09-06T03:04:59.602+0000] {processor.py:183} INFO - Processing /opt/airflow/dags/netflix_dag.py took 0.291 seconds
[2026-09-06T03:05:29.914+0000] {processor.py:161} INFO - Started process (PID=908) to work on /opt/airflow/dags/netflix_dag.py
[2026-09-06T03:05:29.917+0000] {processor.py:830} INFO - Processing file /opt/airflow/dags/netflix_dag.py for tasks to queue
[2026-09-06T03:05:29.922+0000] {logging_mixin.py:188} INFO - [2026-09-06T03:05:29.922+0000] {dagbag.py:545} INFO - Filling up the DagBag from /opt/airflow/dags/netflix_dag.py
[2026-09-06T03:05:29.971+0000] {processor.py:840} INFO - DAG(s) 'netflix_etl_pipeline' retrieved from /opt/airflow/dags/netflix_dag.py
[2026-09-06T03:05:30.047+0000] {logging_mixin.py:188} INFO - [2026-09-06T03:05:30.046+0000] {dag.py:3089} INFO - Sync 1 DAGs
[2026-09-06T03:05:30.095+0000] {logging_mixin.py:188} INFO - [2026-09-06T03:05:30.094+0000] {dag.py:3947} INFO - Setting next_dagrun for netflix_etl_pipeline to 2026-09-05 00:00:00+00:00, run_after=2026-09-06 00:00:00+00:00
[2026-09-06T03:05:30.140+0000] {processor.py:183} INFO - Processing /opt/airflow/dags/netflix_dag.py took 0.249 seconds
[2026-09-06T03:06:00.477+0000] {processor.py:161} INFO - Started process (PID=919) to work on /opt/airflow/dags/netflix_dag.py
[2026-09-06T03:06:00.480+0000] {processor.py:830} INFO - Processing file /opt/airflow/dags/netflix_dag.py for tasks to queue
[2026-09-06T03:06:00.484+0000] {logging_mixin.py:188} INFO - [2026-09-06T03:06:00.484+0000] {dagbag.py:545} INFO - Filling up the DagBag from /opt/airflow/dags/netflix_dag.py
[2026-09-06T03:06:00.534+0000] {processor.py:840} INFO - DAG(s) 'netflix_etl_pipeline' retrieved from /opt/airflow/dags/netflix_dag.py
[2026-09-06T03:06:00.609+0000] {logging_mixin.py:188} INFO - [2026-09-06T03:06:00.608+0000] {dag.py:3089} INFO - Sync 1 DAGs
[2026-09-06T03:06:00.662+0000] {logging_mixin.py:188} INFO - [2026-09-06T03:06:00.661+0000] {dag.py:3947} INFO - Setting next_dagrun for netflix_etl_pipeline to 2026-09-05 00:00:00+00:00, run_after=2026-09-06 00:00:00+00:00
[2026-09-06T03:06:00.720+0000] {processor.py:183} INFO - Processing /opt/airflow/dags/netflix_dag.py took 0.256 seconds
[2026-09-06T03:06:31.021+0000] {processor.py:161} INFO - Started process (PID=930) to work on /opt/airflow/dags/netflix_dag.py
[2026-09-06T03:06:31.022+0000] {processor.py:830} INFO - Processing file /opt/airflow/dags/netflix_dag.py for tasks to queue
[2026-09-06T03:06:31.025+0000] {logging_mixin.py:188} INFO - [2026-09-06T03:06:31.025+0000] {dagbag.py:545} INFO - Filling up the DagBag from /opt/airflow/dags/netflix_dag.py
[2026-09-06T03:06:31.051+0000] {processor.py:840} INFO - DAG(s) 'netflix_etl_pipeline' retrieved from /opt/airflow/dags/netflix_dag.py
[2026-09-06T03:06:31.086+0000] {logging_mixin.py:188} INFO - [2026-09-06T03:06:31.086+0000] {dag.py:3089} INFO - Sync 1 DAGs
[2026-09-06T03:06:31.110+0000] {logging_mixin.py:188} INFO - [2026-09-06T03:06:31.110+0000] {dag.py:3947} INFO - Setting next_dagrun for netflix_etl_pipeline to 2026-09-05 00:00:00+00:00, run_after=2026-09-06 00:00:00+00:00
[2026-09-06T03:06:31.131+0000] {processor.py:183} INFO - Processing /opt/airflow/dags/netflix_dag.py took 0.117 seconds
[2026-09-06T03:07:01.257+0000] {processor.py:161} INFO - Started process (PID=941) to work on /opt/airflow/dags/netflix_dag.py
[2026-09-06T03:07:01.259+0000] {processor.py:830} INFO - Processing file /opt/airflow/dags/netflix_dag.py for tasks to queue
[2026-09-06T03:07:01.262+0000] {logging_mixin.py:188} INFO - [2026-09-06T03:07:01.262+0000] {dagbag.py:545} INFO - Filling up the DagBag from /opt/airflow/dags/netflix_dag.py
[2026-09-06T03:07:01.290+0000] {processor.py:840} INFO - DAG(s) 'netflix_etl_pipeline' retrieved from /opt/airflow/dags/netflix_dag.py
[2026-09-06T03:07:01.332+0000] {logging_mixin.py:188} INFO - [2026-09-06T03:07:01.332+0000] {dag.py:3089} INFO - Sync 1 DAGs
[2026-09-06T03:07:01.356+0000] {logging_mixin.py:188} INFO - [2026-09-06T03:07:01.356+0000] {dag.py:3947} INFO - Setting next_dagrun for netflix_etl_pipeline to 2026-09-05 00:00:00+00:00, run_after=2026-09-06 00:00:00+00:00
[2026-09-06T03:07:01.379+0000] {processor.py:183} INFO - Processing /opt/airflow/dags/netflix_dag.py took 0.129 seconds
[2026-09-06T03:07:31.593+0000] {processor.py:161} INFO - Started process (PID=952) to work on /opt/airflow/dags/netflix_dag.py
[2026-09-06T03:07:31.595+0000] {processor.py:830} INFO - Processing file /opt/airflow/dags/netflix_dag.py for tasks to queue
[2026-09-06T03:07:31.597+0000] {logging_mixin.py:188} INFO - [2026-09-06T03:07:31.597+0000] {dagbag.py:545} INFO - Filling up the DagBag from /opt/airflow/dags/netflix_dag.py
[2026-09-06T03:07:31.623+0000] {processor.py:840} INFO - DAG(s) 'netflix_etl_pipeline' retrieved from /opt/airflow/dags/netflix_dag.py
[2026-09-06T03:07:31.658+0000] {logging_mixin.py:188} INFO - [2026-09-06T03:07:31.658+0000] {dag.py:3089} INFO - Sync 1 DAGs
[2026-09-06T03:07:31.683+0000] {logging_mixin.py:188} INFO - [2026-09-06T03:07:31.683+0000] {dag.py:3947} INFO - Setting next_dagrun for netflix_etl_pipeline to 2026-09-05 00:00:00+00:00, run_after=2026-09-06 00:00:00+00:00
[2026-09-06T03:07:31.704+0000] {processor.py:183} INFO - Processing /opt/airflow/dags/netflix_dag.py took 0.118 seconds
[2026-09-06T03:08:01.820+0000] {processor.py:161} INFO - Started process (PID=963) to work on /opt/airflow/dags/netflix_dag.py
[2026-09-06T03:08:01.822+0000] {processor.py:830} INFO - Processing file /opt/airflow/dags/netflix_dag.py for tasks to queue
[2026-09-06T03:08:01.825+0000] {logging_mixin.py:188} INFO - [2026-09-06T03:08:01.824+0000] {dagbag.py:545} INFO - Filling up the DagBag from /opt/airflow/dags/netflix_dag.py
[2026-09-06T03:08:01.848+0000] {processor.py:840} INFO - DAG(s) 'netflix_etl_pipeline' retrieved from /opt/airflow/dags/netflix_dag.py
[2026-09-06T03:08:01.895+0000] {logging_mixin.py:188} INFO - [2026-09-06T03:08:01.894+0000] {dag.py:3089} INFO - Sync 1 DAGs
[2026-09-06T03:08:01.919+0000] {logging_mixin.py:188} INFO - [2026-09-06T03:08:01.919+0000] {dag.py:3947} INFO - Setting next_dagrun for netflix_etl_pipeline to 2026-09-05 00:00:00+00:00, run_after=2026-09-06 00:00:00+00:00
[2026-09-06T03:08:01.946+0000] {processor.py:183} INFO - Processing /opt/airflow/dags/netflix_dag.py took 0.133 seconds
[2026-09-06T03:08:32.181+0000] {processor.py:161} INFO - Started process (PID=974) to work on /opt/airflow/dags/netflix_dag.py
[2026-09-06T03:08:32.183+0000] {processor.py:830} INFO - Processing file /opt/airflow/dags/netflix_dag.py for tasks to queue
[2026-09-06T03:08:32.187+0000] {logging_mixin.py:188} INFO - [2026-09-06T03:08:32.186+0000] {dagbag.py:545} INFO - Filling up the DagBag from /opt/airflow/dags/netflix_dag.py
[2026-09-06T03:08:32.213+0000] {processor.py:840} INFO - DAG(s) 'netflix_etl_pipeline' retrieved from /opt/airflow/dags/netflix_dag.py
[2026-09-06T03:08:32.255+0000] {logging_mixin.py:188} INFO - [2026-09-06T03:08:32.254+0000] {dag.py:3089} INFO - Sync 1 DAGs
[2026-09-06T03:08:32.280+0000] {logging_mixin.py:188} INFO - [2026-09-06T03:08:32.279+0000] {dag.py:3947} INFO - Setting next_dagrun for netflix_etl_pipeline to 2026-09-05 00:00:00+00:00, run_after=2026-09-06 00:00:00+00:00
[2026-09-06T03:08:32.305+0000] {processor.py:183} INFO - Processing /opt/airflow/dags/netflix_dag.py took 0.131 seconds
[2026-09-06T03:09:02.456+0000] {processor.py:161} INFO - Started process (PID=985) to work on /opt/airflow/dags/netflix_dag.py
[2026-09-06T03:09:02.460+0000] {processor.py:830} INFO - Processing file /opt/airflow/dags/netflix_dag.py for tasks to queue
[2026-09-06T03:09:02.466+0000] {logging_mixin.py:188} INFO - [2026-09-06T03:09:02.465+0000] {dagbag.py:545} INFO - Filling up the DagBag from /opt/airflow/dags/netflix_dag.py
[2026-09-06T03:09:02.515+0000] {processor.py:840} INFO - DAG(s) 'netflix_etl_pipeline' retrieved from /opt/airflow/dags/netflix_dag.py
[2026-09-06T03:09:02.598+0000] {logging_mixin.py:188} INFO - [2026-09-06T03:09:02.598+0000] {dag.py:3089} INFO - Sync 1 DAGs
[2026-09-06T03:09:02.648+0000] {logging_mixin.py:188} INFO - [2026-09-06T03:09:02.647+0000] {dag.py:3947} INFO - Setting next_dagrun for netflix_etl_pipeline to 2026-09-05 00:00:00+00:00, run_after=2026-09-06 00:00:00+00:00
[2026-09-06T03:09:02.694+0000] {processor.py:183} INFO - Processing /opt/airflow/dags/netflix_dag.py took 0.256 seconds
[2026-09-06T03:09:32.860+0000] {processor.py:161} INFO - Started process (PID=996) to work on /opt/airflow/dags/netflix_dag.py
[2026-09-06T03:09:32.864+0000] {processor.py:830} INFO - Processing file /opt/airflow/dags/netflix_dag.py for tasks to queue
[2026-09-06T03:09:32.871+0000] {logging_mixin.py:188} INFO - [2026-09-06T03:09:32.870+0000] {dagbag.py:545} INFO - Filling up the DagBag from /opt/airflow/dags/netflix_dag.py
[2026-09-06T03:09:32.935+0000] {processor.py:840} INFO - DAG(s) 'netflix_etl_pipeline' retrieved from /opt/airflow/dags/netflix_dag.py
[2026-09-06T03:09:33.012+0000] {logging_mixin.py:188} INFO - [2026-09-06T03:09:33.011+0000] {dag.py:3089} INFO - Sync 1 DAGs
[2026-09-06T03:09:33.066+0000] {logging_mixin.py:188} INFO - [2026-09-06T03:09:33.065+0000] {dag.py:3947} INFO - Setting next_dagrun for netflix_etl_pipeline to 2026-09-05 00:00:00+00:00, run_after=2026-09-06 00:00:00+00:00
[2026-09-06T03:09:33.110+0000] {processor.py:183} INFO - Processing /opt/airflow/dags/netflix_dag.py took 0.267 seconds
[2026-09-06T03:10:03.228+0000] {processor.py:161} INFO - Started process (PID=1007) to work on /opt/airflow/dags/netflix_dag.py
[2026-09-06T03:10:03.233+0000] {processor.py:830} INFO - Processing file /opt/airflow/dags/netflix_dag.py for tasks to queue
[2026-09-06T03:10:03.246+0000] {logging_mixin.py:188} INFO - [2026-09-06T03:10:03.245+0000] {dagbag.py:545} INFO - Filling up the DagBag from /opt/airflow/dags/netflix_dag.py
[2026-09-06T03:10:03.299+0000] {processor.py:840} INFO - DAG(s) 'netflix_etl_pipeline' retrieved from /opt/airflow/dags/netflix_dag.py
[2026-09-06T03:10:03.381+0000] {logging_mixin.py:188} INFO - [2026-09-06T03:10:03.380+0000] {dag.py:3089} INFO - Sync 1 DAGs
[2026-09-06T03:10:03.430+0000] {logging_mixin.py:188} INFO - [2026-09-06T03:10:03.429+0000] {dag.py:3947} INFO - Setting next_dagrun for netflix_etl_pipeline to 2026-09-05 00:00:00+00:00, run_after=2026-09-06 00:00:00+00:00
[2026-09-06T03:10:03.479+0000] {processor.py:183} INFO - Processing /opt/airflow/dags/netflix_dag.py took 0.273 seconds
[2026-09-06T03:10:33.640+0000] {processor.py:161} INFO - Started process (PID=1018) to work on /opt/airflow/dags/netflix_dag.py
[2026-09-06T03:10:33.644+0000] {processor.py:830} INFO - Processing file /opt/airflow/dags/netflix_dag.py for tasks to queue
[2026-09-06T03:10:33.650+0000] {logging_mixin.py:188} INFO - [2026-09-06T03:10:33.649+0000] {dagbag.py:545} INFO - Filling up the DagBag from /opt/airflow/dags/netflix_dag.py
[2026-09-06T03:10:33.705+0000] {processor.py:840} INFO - DAG(s) 'netflix_etl_pipeline' retrieved from /opt/airflow/dags/netflix_dag.py
[2026-09-06T03:10:33.811+0000] {logging_mixin.py:188} INFO - [2026-09-06T03:10:33.810+0000] {dag.py:3089} INFO - Sync 1 DAGs
[2026-09-06T03:10:33.878+0000] {logging_mixin.py:188} INFO - [2026-09-06T03:10:33.877+0000] {dag.py:3947} INFO - Setting next_dagrun for netflix_etl_pipeline to 2026-09-05 00:00:00+00:00, run_after=2026-09-06 00:00:00+00:00
[2026-09-06T03:10:33.920+0000] {processor.py:183} INFO - Processing /opt/airflow/dags/netflix_dag.py took 0.302 seconds
[2026-09-06T03:11:04.286+0000] {processor.py:161} INFO - Started process (PID=1029) to work on /opt/airflow/dags/netflix_dag.py
[2026-09-06T03:11:04.290+0000] {processor.py:830} INFO - Processing file /opt/airflow/dags/netflix_dag.py for tasks to queue
[2026-09-06T03:11:04.295+0000] {logging_mixin.py:188} INFO - [2026-09-06T03:11:04.294+0000] {dagbag.py:545} INFO - Filling up the DagBag from /opt/airflow/dags/netflix_dag.py
[2026-09-06T03:11:04.356+0000] {processor.py:840} INFO - DAG(s) 'netflix_etl_pipeline' retrieved from /opt/airflow/dags/netflix_dag.py
[2026-09-06T03:11:04.440+0000] {logging_mixin.py:188} INFO - [2026-09-06T03:11:04.439+0000] {dag.py:3089} INFO - Sync 1 DAGs
[2026-09-06T03:11:04.489+0000] {logging_mixin.py:188} INFO - [2026-09-06T03:11:04.488+0000] {dag.py:3947} INFO - Setting next_dagrun for netflix_etl_pipeline to 2026-09-05 00:00:00+00:00, run_after=2026-09-06 00:00:00+00:00
[2026-09-06T03:11:04.532+0000] {processor.py:183} INFO - Processing /opt/airflow/dags/netflix_dag.py took 0.259 seconds
[2026-09-06T03:11:34.810+0000] {processor.py:161} INFO - Started process (PID=1040) to work on /opt/airflow/dags/netflix_dag.py
[2026-09-06T03:11:34.812+0000] {processor.py:830} INFO - Processing file /opt/airflow/dags/netflix_dag.py for tasks to queue
[2026-09-06T03:11:34.815+0000] {logging_mixin.py:188} INFO - [2026-09-06T03:11:34.814+0000] {dagbag.py:545} INFO - Filling up the DagBag from /opt/airflow/dags/netflix_dag.py
[2026-09-06T03:11:34.847+0000] {processor.py:840} INFO - DAG(s) 'netflix_etl_pipeline' retrieved from /opt/airflow/dags/netflix_dag.py
[2026-09-06T03:11:34.892+0000] {logging_mixin.py:188} INFO - [2026-09-06T03:11:34.892+0000] {dag.py:3089} INFO - Sync 1 DAGs
[2026-09-06T03:11:34.916+0000] {logging_mixin.py:188} INFO - [2026-09-06T03:11:34.916+0000] {dag.py:3947} INFO - Setting next_dagrun for netflix_etl_pipeline to 2026-09-05 00:00:00+00:00, run_after=2026-09-06 00:00:00+00:00
[2026-09-06T03:11:34.940+0000] {processor.py:183} INFO - Processing /opt/airflow/dags/netflix_dag.py took 0.139 seconds
[2026-09-06T03:12:05.056+0000] {processor.py:161} INFO - Started process (PID=1051) to work on /opt/airflow/dags/netflix_dag.py
[2026-09-06T03:12:05.058+0000] {processor.py:830} INFO - Processing file /opt/airflow/dags/netflix_dag.py for tasks to queue
[2026-09-06T03:12:05.063+0000] {logging_mixin.py:188} INFO - [2026-09-06T03:12:05.062+0000] {dagbag.py:545} INFO - Filling up the DagBag from /opt/airflow/dags/netflix_dag.py
[2026-09-06T03:12:05.111+0000] {processor.py:840} INFO - DAG(s) 'netflix_etl_pipeline' retrieved from /opt/airflow/dags/netflix_dag.py
[2026-09-06T03:12:05.181+0000] {logging_mixin.py:188} INFO - [2026-09-06T03:12:05.180+0000] {dag.py:3089} INFO - Sync 1 DAGs
[2026-09-06T03:12:05.225+0000] {logging_mixin.py:188} INFO - [2026-09-06T03:12:05.224+0000] {dag.py:3947} INFO - Setting next_dagrun for netflix_etl_pipeline to 2026-09-05 00:00:00+00:00, run_after=2026-09-06 00:00:00+00:00
[2026-09-06T03:12:05.263+0000] {processor.py:183} INFO - Processing /opt/airflow/dags/netflix_dag.py took 0.219 seconds
[2026-09-06T03:12:35.354+0000] {processor.py:161} INFO - Started process (PID=1062) to work on /opt/airflow/dags/netflix_dag.py
[2026-09-06T03:12:35.356+0000] {processor.py:830} INFO - Processing file /opt/airflow/dags/netflix_dag.py for tasks to queue
[2026-09-06T03:12:35.359+0000] {logging_mixin.py:188} INFO - [2026-09-06T03:12:35.358+0000] {dagbag.py:545} INFO - Filling up the DagBag from /opt/airflow/dags/netflix_dag.py
[2026-09-06T03:12:35.382+0000] {processor.py:840} INFO - DAG(s) 'netflix_etl_pipeline' retrieved from /opt/airflow/dags/netflix_dag.py
[2026-09-06T03:12:35.465+0000] {logging_mixin.py:188} INFO - [2026-09-06T03:12:35.464+0000] {dag.py:3089} INFO - Sync 1 DAGs
[2026-09-06T03:12:35.515+0000] {logging_mixin.py:188} INFO - [2026-09-06T03:12:35.515+0000] {dag.py:3947} INFO - Setting next_dagrun for netflix_etl_pipeline to 2026-09-05 00:00:00+00:00, run_after=2026-09-06 00:00:00+00:00
[2026-09-06T03:12:35.563+0000] {processor.py:183} INFO - Processing /opt/airflow/dags/netflix_dag.py took 0.215 seconds
[2026-09-06T03:13:05.708+0000] {processor.py:161} INFO - Started process (PID=1073) to work on /opt/airflow/dags/netflix_dag.py
[2026-09-06T03:13:05.710+0000] {processor.py:830} INFO - Processing file /opt/airflow/dags/netflix_dag.py for tasks to queue
[2026-09-06T03:13:05.713+0000] {logging_mixin.py:188} INFO - [2026-09-06T03:13:05.712+0000] {dagbag.py:545} INFO - Filling up the DagBag from /opt/airflow/dags/netflix_dag.py
[2026-09-06T03:13:05.737+0000] {processor.py:840} INFO - DAG(s) 'netflix_etl_pipeline' retrieved from /opt/airflow/dags/netflix_dag.py
[2026-09-06T03:13:05.774+0000] {logging_mixin.py:188} INFO - [2026-09-06T03:13:05.774+0000] {dag.py:3089} INFO - Sync 1 DAGs
[2026-09-06T03:13:05.797+0000] {logging_mixin.py:188} INFO - [2026-09-06T03:13:05.797+0000] {dag.py:3947} INFO - Setting next_dagrun for netflix_etl_pipeline to 2026-09-05 00:00:00+00:00, run_after=2026-09-06 00:00:00+00:00
[2026-09-06T03:13:05.821+0000] {processor.py:183} INFO - Processing /opt/airflow/dags/netflix_dag.py took 0.121 seconds
[2026-09-06T03:13:36.081+0000] {processor.py:161} INFO - Started process (PID=1084) to work on /opt/airflow/dags/netflix_dag.py
[2026-09-06T03:13:36.083+0000] {processor.py:830} INFO - Processing file /opt/airflow/dags/netflix_dag.py for tasks to queue
[2026-09-06T03:13:36.086+0000] {logging_mixin.py:188} INFO - [2026-09-06T03:13:36.085+0000] {dagbag.py:545} INFO - Filling up the DagBag from /opt/airflow/dags/netflix_dag.py
[2026-09-06T03:13:36.110+0000] {processor.py:840} INFO - DAG(s) 'netflix_etl_pipeline' retrieved from /opt/airflow/dags/netflix_dag.py
[2026-09-06T03:13:36.146+0000] {logging_mixin.py:188} INFO - [2026-09-06T03:13:36.146+0000] {dag.py:3089} INFO - Sync 1 DAGs
[2026-09-06T03:13:36.172+0000] {logging_mixin.py:188} INFO - [2026-09-06T03:13:36.172+0000] {dag.py:3947} INFO - Setting next_dagrun for netflix_etl_pipeline to 2026-09-05 00:00:00+00:00, run_after=2026-09-06 00:00:00+00:00
[2026-09-06T03:13:36.196+0000] {processor.py:183} INFO - Processing /opt/airflow/dags/netflix_dag.py took 0.120 seconds
[2026-09-06T03:14:06.497+0000] {processor.py:161} INFO - Started process (PID=1095) to work on /opt/airflow/dags/netflix_dag.py
[2026-09-06T03:14:06.501+0000] {processor.py:830} INFO - Processing file /opt/airflow/dags/netflix_dag.py for tasks to queue
[2026-09-06T03:14:06.506+0000] {logging_mixin.py:188} INFO - [2026-09-06T03:14:06.505+0000] {dagbag.py:545} INFO - Filling up the DagBag from /opt/airflow/dags/netflix_dag.py
[2026-09-06T03:14:06.559+0000] {processor.py:840} INFO - DAG(s) 'netflix_etl_pipeline' retrieved from /opt/airflow/dags/netflix_dag.py
[2026-09-06T03:14:06.633+0000] {logging_mixin.py:188} INFO - [2026-09-06T03:14:06.633+0000] {dag.py:3089} INFO - Sync 1 DAGs
[2026-09-06T03:14:06.679+0000] {logging_mixin.py:188} INFO - [2026-09-06T03:14:06.679+0000] {dag.py:3947} INFO - Setting next_dagrun for netflix_etl_pipeline to 2026-09-05 00:00:00+00:00, run_after=2026-09-06 00:00:00+00:00
[2026-09-06T03:14:06.721+0000] {processor.py:183} INFO - Processing /opt/airflow/dags/netflix_dag.py took 0.238 seconds
[2026-09-06T03:14:37.018+0000] {processor.py:161} INFO - Started process (PID=1106) to work on /opt/airflow/dags/netflix_dag.py
[2026-09-06T03:14:37.022+0000] {processor.py:830} INFO - Processing file /opt/airflow/dags/netflix_dag.py for tasks to queue
[2026-09-06T03:14:37.032+0000] {logging_mixin.py:188} INFO - [2026-09-06T03:14:37.030+0000] {dagbag.py:545} INFO - Filling up the DagBag from /opt/airflow/dags/netflix_dag.py
[2026-09-06T03:14:37.126+0000] {processor.py:840} INFO - DAG(s) 'netflix_etl_pipeline' retrieved from /opt/airflow/dags/netflix_dag.py
[2026-09-06T03:14:37.254+0000] {logging_mixin.py:188} INFO - [2026-09-06T03:14:37.253+0000] {dag.py:3089} INFO - Sync 1 DAGs
[2026-09-06T03:14:37.304+0000] {logging_mixin.py:188} INFO - [2026-09-06T03:14:37.304+0000] {dag.py:3947} INFO - Setting next_dagrun for netflix_etl_pipeline to 2026-09-05 00:00:00+00:00, run_after=2026-09-06 00:00:00+00:00
[2026-09-06T03:14:37.352+0000] {processor.py:183} INFO - Processing /opt/airflow/dags/netflix_dag.py took 0.360 seconds
[2026-09-06T03:15:07.733+0000] {processor.py:161} INFO - Started process (PID=1117) to work on /opt/airflow/dags/netflix_dag.py
[2026-09-06T03:15:07.742+0000] {processor.py:830} INFO - Processing file /opt/airflow/dags/netflix_dag.py for tasks to queue
[2026-09-06T03:15:07.751+0000] {logging_mixin.py:188} INFO - [2026-09-06T03:15:07.750+0000] {dagbag.py:545} INFO - Filling up the DagBag from /opt/airflow/dags/netflix_dag.py
[2026-09-06T03:15:07.834+0000] {processor.py:840} INFO - DAG(s) 'netflix_etl_pipeline' retrieved from /opt/airflow/dags/netflix_dag.py
[2026-09-06T03:15:07.988+0000] {logging_mixin.py:188} INFO - [2026-09-06T03:15:07.987+0000] {dag.py:3089} INFO - Sync 1 DAGs
[2026-09-06T03:15:08.052+0000] {logging_mixin.py:188} INFO - [2026-09-06T03:15:08.051+0000] {dag.py:3947} INFO - Setting next_dagrun for netflix_etl_pipeline to 2026-09-05 00:00:00+00:00, run_after=2026-09-06 00:00:00+00:00
[2026-09-06T03:15:08.156+0000] {processor.py:183} INFO - Processing /opt/airflow/dags/netflix_dag.py took 0.443 seconds
[2026-09-06T03:15:38.571+0000] {processor.py:161} INFO - Started process (PID=1128) to work on /opt/airflow/dags/netflix_dag.py
[2026-09-06T03:15:38.573+0000] {processor.py:830} INFO - Processing file /opt/airflow/dags/netflix_dag.py for tasks to queue
[2026-09-06T03:15:38.578+0000] {logging_mixin.py:188} INFO - [2026-09-06T03:15:38.577+0000] {dagbag.py:545} INFO - Filling up the DagBag from /opt/airflow/dags/netflix_dag.py
[2026-09-06T03:15:38.627+0000] {processor.py:840} INFO - DAG(s) 'netflix_etl_pipeline' retrieved from /opt/airflow/dags/netflix_dag.py
[2026-09-06T03:15:38.733+0000] {logging_mixin.py:188} INFO - [2026-09-06T03:15:38.732+0000] {dag.py:3089} INFO - Sync 1 DAGs
[2026-09-06T03:15:38.804+0000] {logging_mixin.py:188} INFO - [2026-09-06T03:15:38.804+0000] {dag.py:3947} INFO - Setting next_dagrun for netflix_etl_pipeline to 2026-09-05 00:00:00+00:00, run_after=2026-09-06 00:00:00+00:00
[2026-09-06T03:15:38.853+0000] {processor.py:183} INFO - Processing /opt/airflow/dags/netflix_dag.py took 0.299 seconds
[2026-09-06T03:16:09.166+0000] {processor.py:161} INFO - Started process (PID=1140) to work on /opt/airflow/dags/netflix_dag.py
[2026-09-06T03:16:09.169+0000] {processor.py:830} INFO - Processing file /opt/airflow/dags/netflix_dag.py for tasks to queue
[2026-09-06T03:16:09.175+0000] {logging_mixin.py:188} INFO - [2026-09-06T03:16:09.174+0000] {dagbag.py:545} INFO - Filling up the DagBag from /opt/airflow/dags/netflix_dag.py
[2026-09-06T03:16:09.223+0000] {processor.py:840} INFO - DAG(s) 'netflix_etl_pipeline' retrieved from /opt/airflow/dags/netflix_dag.py
[2026-09-06T03:16:09.411+0000] {logging_mixin.py:188} INFO - [2026-09-06T03:16:09.410+0000] {dag.py:3089} INFO - Sync 1 DAGs
[2026-09-06T03:16:09.481+0000] {logging_mixin.py:188} INFO - [2026-09-06T03:16:09.481+0000] {dag.py:3947} INFO - Setting next_dagrun for netflix_etl_pipeline to 2026-09-05 00:00:00+00:00, run_after=2026-09-06 00:00:00+00:00
[2026-09-06T03:16:09.527+0000] {processor.py:183} INFO - Processing /opt/airflow/dags/netflix_dag.py took 0.374 seconds
[2026-09-06T03:16:39.833+0000] {processor.py:161} INFO - Started process (PID=1151) to work on /opt/airflow/dags/netflix_dag.py
[2026-09-06T03:16:39.834+0000] {processor.py:830} INFO - Processing file /opt/airflow/dags/netflix_dag.py for tasks to queue
[2026-09-06T03:16:39.838+0000] {logging_mixin.py:188} INFO - [2026-09-06T03:16:39.837+0000] {dagbag.py:545} INFO - Filling up the DagBag from /opt/airflow/dags/netflix_dag.py
[2026-09-06T03:16:39.866+0000] {processor.py:840} INFO - DAG(s) 'netflix_etl_pipeline' retrieved from /opt/airflow/dags/netflix_dag.py
[2026-09-06T03:16:39.904+0000] {logging_mixin.py:188} INFO - [2026-09-06T03:16:39.903+0000] {dag.py:3089} INFO - Sync 1 DAGs
[2026-09-06T03:16:39.926+0000] {logging_mixin.py:188} INFO - [2026-09-06T03:16:39.926+0000] {dag.py:3947} INFO - Setting next_dagrun for netflix_etl_pipeline to 2026-09-05 00:00:00+00:00, run_after=2026-09-06 00:00:00+00:00
[2026-09-06T03:16:39.948+0000] {processor.py:183} INFO - Processing /opt/airflow/dags/netflix_dag.py took 0.123 seconds
[2026-09-06T03:17:10.067+0000] {processor.py:161} INFO - Started process (PID=1162) to work on /opt/airflow/dags/netflix_dag.py
[2026-09-06T03:17:10.069+0000] {processor.py:830} INFO - Processing file /opt/airflow/dags/netflix_dag.py for tasks to queue
[2026-09-06T03:17:10.072+0000] {logging_mixin.py:188} INFO - [2026-09-06T03:17:10.071+0000] {dagbag.py:545} INFO - Filling up the DagBag from /opt/airflow/dags/netflix_dag.py
[2026-09-06T03:17:10.098+0000] {processor.py:840} INFO - DAG(s) 'netflix_etl_pipeline' retrieved from /opt/airflow/dags/netflix_dag.py
[2026-09-06T03:17:10.133+0000] {logging_mixin.py:188} INFO - [2026-09-06T03:17:10.133+0000] {dag.py:3089} INFO - Sync 1 DAGs
[2026-09-06T03:17:10.153+0000] {logging_mixin.py:188} INFO - [2026-09-06T03:17:10.153+0000] {dag.py:3947} INFO - Setting next_dagrun for netflix_etl_pipeline to 2026-09-05 00:00:00+00:00, run_after=2026-09-06 00:00:00+00:00
[2026-09-06T03:17:10.174+0000] {processor.py:183} INFO - Processing /opt/airflow/dags/netflix_dag.py took 0.113 seconds
[2026-09-06T03:17:40.394+0000] {processor.py:161} INFO - Started process (PID=1173) to work on /opt/airflow/dags/netflix_dag.py
[2026-09-06T03:17:40.395+0000] {processor.py:830} INFO - Processing file /opt/airflow/dags/netflix_dag.py for tasks to queue
[2026-09-06T03:17:40.398+0000] {logging_mixin.py:188} INFO - [2026-09-06T03:17:40.397+0000] {dagbag.py:545} INFO - Filling up the DagBag from /opt/airflow/dags/netflix_dag.py
[2026-09-06T03:17:40.420+0000] {processor.py:840} INFO - DAG(s) 'netflix_etl_pipeline' retrieved from /opt/airflow/dags/netflix_dag.py
[2026-09-06T03:17:40.453+0000] {logging_mixin.py:188} INFO - [2026-09-06T03:17:40.453+0000] {dag.py:3089} INFO - Sync 1 DAGs
[2026-09-06T03:17:40.475+0000] {logging_mixin.py:188} INFO - [2026-09-06T03:17:40.474+0000] {dag.py:3947} INFO - Setting next_dagrun for netflix_etl_pipeline to 2026-09-05 00:00:00+00:00, run_after=2026-09-06 00:00:00+00:00
[2026-09-06T03:17:40.498+0000] {processor.py:183} INFO - Processing /opt/airflow/dags/netflix_dag.py took 0.110 seconds
[2026-09-06T03:18:10.660+0000] {processor.py:161} INFO - Started process (PID=1184) to work on /opt/airflow/dags/netflix_dag.py
[2026-09-06T03:18:10.663+0000] {processor.py:830} INFO - Processing file /opt/airflow/dags/netflix_dag.py for tasks to queue
[2026-09-06T03:18:10.667+0000] {logging_mixin.py:188} INFO - [2026-09-06T03:18:10.666+0000] {dagbag.py:545} INFO - Filling up the DagBag from /opt/airflow/dags/netflix_dag.py
[2026-09-06T03:18:10.715+0000] {processor.py:840} INFO - DAG(s) 'netflix_etl_pipeline' retrieved from /opt/airflow/dags/netflix_dag.py
[2026-09-06T03:18:10.784+0000] {logging_mixin.py:188} INFO - [2026-09-06T03:18:10.784+0000] {dag.py:3089} INFO - Sync 1 DAGs
[2026-09-06T03:18:10.832+0000] {logging_mixin.py:188} INFO - [2026-09-06T03:18:10.831+0000] {dag.py:3947} INFO - Setting next_dagrun for netflix_etl_pipeline to 2026-09-05 00:00:00+00:00, run_after=2026-09-06 00:00:00+00:00
[2026-09-06T03:18:10.876+0000] {processor.py:183} INFO - Processing /opt/airflow/dags/netflix_dag.py took 0.229 seconds
[2026-09-06T03:18:41.059+0000] {processor.py:161} INFO - Started process (PID=1196) to work on /opt/airflow/dags/netflix_dag.py
[2026-09-06T03:18:41.062+0000] {processor.py:830} INFO - Processing file /opt/airflow/dags/netflix_dag.py for tasks to queue
[2026-09-06T03:18:41.068+0000] {logging_mixin.py:188} INFO - [2026-09-06T03:18:41.067+0000] {dagbag.py:545} INFO - Filling up the DagBag from /opt/airflow/dags/netflix_dag.py
[2026-09-06T03:18:41.121+0000] {processor.py:840} INFO - DAG(s) 'netflix_etl_pipeline' retrieved from /opt/airflow/dags/netflix_dag.py
[2026-09-06T03:18:41.196+0000] {logging_mixin.py:188} INFO - [2026-09-06T03:18:41.196+0000] {dag.py:3089} INFO - Sync 1 DAGs
[2026-09-06T03:18:41.248+0000] {logging_mixin.py:188} INFO - [2026-09-06T03:18:41.247+0000] {dag.py:3947} INFO - Setting next_dagrun for netflix_etl_pipeline to 2026-09-05 00:00:00+00:00, run_after=2026-09-06 00:00:00+00:00
[2026-09-06T03:18:41.291+0000] {processor.py:183} INFO - Processing /opt/airflow/dags/netflix_dag.py took 0.247 seconds
[2026-09-06T03:19:11.530+0000] {processor.py:161} INFO - Started process (PID=1207) to work on /opt/airflow/dags/netflix_dag.py
[2026-09-06T03:19:11.534+0000] {processor.py:830} INFO - Processing file /opt/airflow/dags/netflix_dag.py for tasks to queue
[2026-09-06T03:19:11.541+0000] {logging_mixin.py:188} INFO - [2026-09-06T03:19:11.540+0000] {dagbag.py:545} INFO - Filling up the DagBag from /opt/airflow/dags/netflix_dag.py
[2026-09-06T03:19:11.604+0000] {processor.py:840} INFO - DAG(s) 'netflix_etl_pipeline' retrieved from /opt/airflow/dags/netflix_dag.py
[2026-09-06T03:19:11.689+0000] {logging_mixin.py:188} INFO - [2026-09-06T03:19:11.689+0000] {dag.py:3089} INFO - Sync 1 DAGs
[2026-09-06T03:19:11.746+0000] {logging_mixin.py:188} INFO - [2026-09-06T03:19:11.745+0000] {dag.py:3947} INFO - Setting next_dagrun for netflix_etl_pipeline to 2026-09-05 00:00:00+00:00, run_after=2026-09-06 00:00:00+00:00
[2026-09-06T03:19:11.799+0000] {processor.py:183} INFO - Processing /opt/airflow/dags/netflix_dag.py took 0.290 seconds
[2026-09-06T03:19:42.036+0000] {processor.py:161} INFO - Started process (PID=1219) to work on /opt/airflow/dags/netflix_dag.py
[2026-09-06T03:19:42.038+0000] {processor.py:830} INFO - Processing file /opt/airflow/dags/netflix_dag.py for tasks to queue
[2026-09-06T03:19:42.041+0000] {logging_mixin.py:188} INFO - [2026-09-06T03:19:42.041+0000] {dagbag.py:545} INFO - Filling up the DagBag from /opt/airflow/dags/netflix_dag.py
[2026-09-06T03:19:42.064+0000] {processor.py:840} INFO - DAG(s) 'netflix_etl_pipeline' retrieved from /opt/airflow/dags/netflix_dag.py
[2026-09-06T03:19:42.102+0000] {logging_mixin.py:188} INFO - [2026-09-06T03:19:42.101+0000] {dag.py:3089} INFO - Sync 1 DAGs
[2026-09-06T03:19:42.124+0000] {logging_mixin.py:188} INFO - [2026-09-06T03:19:42.124+0000] {dag.py:3947} INFO - Setting next_dagrun for netflix_etl_pipeline to 2026-09-05 00:00:00+00:00, run_after=2026-09-06 00:00:00+00:00
[2026-09-06T03:19:42.147+0000] {processor.py:183} INFO - Processing /opt/airflow/dags/netflix_dag.py took 0.119 seconds
[2026-09-06T03:20:12.237+0000] {processor.py:161} INFO - Started process (PID=1230) to work on /opt/airflow/dags/netflix_dag.py
[2026-09-06T03:20:12.239+0000] {processor.py:830} INFO - Processing file /opt/airflow/dags/netflix_dag.py for tasks to queue
[2026-09-06T03:20:12.242+0000] {logging_mixin.py:188} INFO - [2026-09-06T03:20:12.241+0000] {dagbag.py:545} INFO - Filling up the DagBag from /opt/airflow/dags/netflix_dag.py
[2026-09-06T03:20:12.265+0000] {processor.py:840} INFO - DAG(s) 'netflix_etl_pipeline' retrieved from /opt/airflow/dags/netflix_dag.py
[2026-09-06T03:20:12.298+0000] {logging_mixin.py:188} INFO - [2026-09-06T03:20:12.298+0000] {dag.py:3089} INFO - Sync 1 DAGs
[2026-09-06T03:20:12.319+0000] {logging_mixin.py:188} INFO - [2026-09-06T03:20:12.319+0000] {dag.py:3947} INFO - Setting next_dagrun for netflix_etl_pipeline to 2026-09-05 00:00:00+00:00, run_after=2026-09-06 00:00:00+00:00
[2026-09-06T03:20:12.341+0000] {processor.py:183} INFO - Processing /opt/airflow/dags/netflix_dag.py took 0.110 seconds
[2026-09-06T03:20:42.830+0000] {processor.py:161} INFO - Started process (PID=1241) to work on /opt/airflow/dags/netflix_dag.py
[2026-09-06T03:20:42.834+0000] {processor.py:830} INFO - Processing file /opt/airflow/dags/netflix_dag.py for tasks to queue
[2026-09-06T03:20:42.839+0000] {logging_mixin.py:188} INFO - [2026-09-06T03:20:42.838+0000] {dagbag.py:545} INFO - Filling up the DagBag from /opt/airflow/dags/netflix_dag.py
[2026-09-06T03:20:42.900+0000] {processor.py:840} INFO - DAG(s) 'netflix_etl_pipeline' retrieved from /opt/airflow/dags/netflix_dag.py
[2026-09-06T03:20:43.022+0000] {logging_mixin.py:188} INFO - [2026-09-06T03:20:43.022+0000] {dag.py:3089} INFO - Sync 1 DAGs
[2026-09-06T03:20:43.074+0000] {logging_mixin.py:188} INFO - [2026-09-06T03:20:43.074+0000] {dag.py:3947} INFO - Setting next_dagrun for netflix_etl_pipeline to 2026-09-05 00:00:00+00:00, run_after=2026-09-06 00:00:00+00:00
[2026-09-06T03:20:43.123+0000] {processor.py:183} INFO - Processing /opt/airflow/dags/netflix_dag.py took 0.314 seconds
[2026-09-06T03:21:13.564+0000] {processor.py:161} INFO - Started process (PID=1252) to work on /opt/airflow/dags/netflix_dag.py
[2026-09-06T03:21:13.567+0000] {processor.py:830} INFO - Processing file /opt/airflow/dags/netflix_dag.py for tasks to queue
[2026-09-06T03:21:13.574+0000] {logging_mixin.py:188} INFO - [2026-09-06T03:21:13.573+0000] {dagbag.py:545} INFO - Filling up the DagBag from /opt/airflow/dags/netflix_dag.py
[2026-09-06T03:21:13.620+0000] {processor.py:840} INFO - DAG(s) 'netflix_etl_pipeline' retrieved from /opt/airflow/dags/netflix_dag.py
[2026-09-06T03:21:13.698+0000] {logging_mixin.py:188} INFO - [2026-09-06T03:21:13.698+0000] {dag.py:3089} INFO - Sync 1 DAGs
[2026-09-06T03:21:13.752+0000] {logging_mixin.py:188} INFO - [2026-09-06T03:21:13.752+0000] {dag.py:3947} INFO - Setting next_dagrun for netflix_etl_pipeline to 2026-09-05 00:00:00+00:00, run_after=2026-09-06 00:00:00+00:00
[2026-09-06T03:21:13.795+0000] {processor.py:183} INFO - Processing /opt/airflow/dags/netflix_dag.py took 0.247 seconds
[2026-09-06T03:21:44.069+0000] {processor.py:161} INFO - Started process (PID=1263) to work on /opt/airflow/dags/netflix_dag.py
[2026-09-06T03:21:44.071+0000] {processor.py:830} INFO - Processing file /opt/airflow/dags/netflix_dag.py for tasks to queue
[2026-09-06T03:21:44.075+0000] {logging_mixin.py:188} INFO - [2026-09-06T03:21:44.074+0000] {dagbag.py:545} INFO - Filling up the DagBag from /opt/airflow/dags/netflix_dag.py
[2026-09-06T03:21:44.101+0000] {processor.py:840} INFO - DAG(s) 'netflix_etl_pipeline' retrieved from /opt/airflow/dags/netflix_dag.py
[2026-09-06T03:21:44.144+0000] {logging_mixin.py:188} INFO - [2026-09-06T03:21:44.143+0000] {dag.py:3089} INFO - Sync 1 DAGs
[2026-09-06T03:21:44.171+0000] {logging_mixin.py:188} INFO - [2026-09-06T03:21:44.171+0000] {dag.py:3947} INFO - Setting next_dagrun for netflix_etl_pipeline to 2026-09-05 00:00:00+00:00, run_after=2026-09-06 00:00:00+00:00
[2026-09-06T03:21:44.194+0000] {processor.py:183} INFO - Processing /opt/airflow/dags/netflix_dag.py took 0.131 seconds
[2026-09-06T03:22:14.371+0000] {processor.py:161} INFO - Started process (PID=1274) to work on /opt/airflow/dags/netflix_dag.py
[2026-09-06T03:22:14.378+0000] {processor.py:830} INFO - Processing file /opt/airflow/dags/netflix_dag.py for tasks to queue
[2026-09-06T03:22:14.389+0000] {logging_mixin.py:188} INFO - [2026-09-06T03:22:14.388+0000] {dagbag.py:545} INFO - Filling up the DagBag from /opt/airflow/dags/netflix_dag.py
[2026-09-06T03:22:14.456+0000] {processor.py:840} INFO - DAG(s) 'netflix_etl_pipeline' retrieved from /opt/airflow/dags/netflix_dag.py
[2026-09-06T03:22:14.534+0000] {logging_mixin.py:188} INFO - [2026-09-06T03:22:14.534+0000] {dag.py:3089} INFO - Sync 1 DAGs
[2026-09-06T03:22:14.600+0000] {logging_mixin.py:188} INFO - [2026-09-06T03:22:14.600+0000] {dag.py:3947} INFO - Setting next_dagrun for netflix_etl_pipeline to 2026-09-05 00:00:00+00:00, run_after=2026-09-06 00:00:00+00:00
[2026-09-06T03:22:14.659+0000] {processor.py:183} INFO - Processing /opt/airflow/dags/netflix_dag.py took 0.316 seconds
[2026-09-06T03:22:44.976+0000] {processor.py:161} INFO - Started process (PID=1285) to work on /opt/airflow/dags/netflix_dag.py
[2026-09-06T03:22:44.979+0000] {processor.py:830} INFO - Processing file /opt/airflow/dags/netflix_dag.py for tasks to queue
[2026-09-06T03:22:44.985+0000] {logging_mixin.py:188} INFO - [2026-09-06T03:22:44.984+0000] {dagbag.py:545} INFO - Filling up the DagBag from /opt/airflow/dags/netflix_dag.py
[2026-09-06T03:22:45.031+0000] {processor.py:840} INFO - DAG(s) 'netflix_etl_pipeline' retrieved from /opt/airflow/dags/netflix_dag.py
[2026-09-06T03:22:45.106+0000] {logging_mixin.py:188} INFO - [2026-09-06T03:22:45.106+0000] {dag.py:3089} INFO - Sync 1 DAGs
[2026-09-06T03:22:45.152+0000] {logging_mixin.py:188} INFO - [2026-09-06T03:22:45.152+0000] {dag.py:3947} INFO - Setting next_dagrun for netflix_etl_pipeline to 2026-09-05 00:00:00+00:00, run_after=2026-09-06 00:00:00+00:00
[2026-09-06T03:22:45.194+0000] {processor.py:183} INFO - Processing /opt/airflow/dags/netflix_dag.py took 0.233 seconds
[2026-09-06T03:23:15.548+0000] {processor.py:161} INFO - Started process (PID=1297) to work on /opt/airflow/dags/netflix_dag.py
[2026-09-06T03:23:15.552+0000] {processor.py:830} INFO - Processing file /opt/airflow/dags/netflix_dag.py for tasks to queue
[2026-09-06T03:23:15.560+0000] {logging_mixin.py:188} INFO - [2026-09-06T03:23:15.559+0000] {dagbag.py:545} INFO - Filling up the DagBag from /opt/airflow/dags/netflix_dag.py
[2026-09-06T03:23:15.606+0000] {processor.py:840} INFO - DAG(s) 'netflix_etl_pipeline' retrieved from /opt/airflow/dags/netflix_dag.py
[2026-09-06T03:23:15.685+0000] {logging_mixin.py:188} INFO - [2026-09-06T03:23:15.684+0000] {dag.py:3089} INFO - Sync 1 DAGs
[2026-09-06T03:23:15.741+0000] {logging_mixin.py:188} INFO - [2026-09-06T03:23:15.740+0000] {dag.py:3947} INFO - Setting next_dagrun for netflix_etl_pipeline to 2026-09-05 00:00:00+00:00, run_after=2026-09-06 00:00:00+00:00
[2026-09-06T03:23:15.783+0000] {processor.py:183} INFO - Processing /opt/airflow/dags/netflix_dag.py took 0.252 seconds
[2026-09-06T03:23:46.393+0000] {processor.py:161} INFO - Started process (PID=1309) to work on /opt/airflow/dags/netflix_dag.py
[2026-09-06T03:23:46.396+0000] {processor.py:830} INFO - Processing file /opt/airflow/dags/netflix_dag.py for tasks to queue
[2026-09-06T03:23:46.401+0000] {logging_mixin.py:188} INFO - [2026-09-06T03:23:46.400+0000] {dagbag.py:545} INFO - Filling up the DagBag from /opt/airflow/dags/netflix_dag.py
[2026-09-06T03:23:46.448+0000] {processor.py:840} INFO - DAG(s) 'netflix_etl_pipeline' retrieved from /opt/airflow/dags/netflix_dag.py
[2026-09-06T03:23:46.518+0000] {logging_mixin.py:188} INFO - [2026-09-06T03:23:46.518+0000] {dag.py:3089} INFO - Sync 1 DAGs
[2026-09-06T03:23:46.566+0000] {logging_mixin.py:188} INFO - [2026-09-06T03:23:46.566+0000] {dag.py:3947} INFO - Setting next_dagrun for netflix_etl_pipeline to 2026-09-05 00:00:00+00:00, run_after=2026-09-06 00:00:00+00:00
[2026-09-06T03:23:46.610+0000] {processor.py:183} INFO - Processing /opt/airflow/dags/netflix_dag.py took 0.231 seconds
[2026-09-06T03:24:16.952+0000] {processor.py:161} INFO - Started process (PID=1321) to work on /opt/airflow/dags/netflix_dag.py
[2026-09-06T03:24:16.955+0000] {processor.py:830} INFO - Processing file /opt/airflow/dags/netflix_dag.py for tasks to queue
[2026-09-06T03:24:16.959+0000] {logging_mixin.py:188} INFO - [2026-09-06T03:24:16.959+0000] {dagbag.py:545} INFO - Filling up the DagBag from /opt/airflow/dags/netflix_dag.py
[2026-09-06T03:24:17.003+0000] {processor.py:840} INFO - DAG(s) 'netflix_etl_pipeline' retrieved from /opt/airflow/dags/netflix_dag.py
[2026-09-06T03:24:17.075+0000] {logging_mixin.py:188} INFO - [2026-09-06T03:24:17.075+0000] {dag.py:3089} INFO - Sync 1 DAGs
[2026-09-06T03:24:17.136+0000] {logging_mixin.py:188} INFO - [2026-09-06T03:24:17.135+0000] {dag.py:3947} INFO - Setting next_dagrun for netflix_etl_pipeline to 2026-09-05 00:00:00+00:00, run_after=2026-09-06 00:00:00+00:00
[2026-09-06T03:24:17.188+0000] {processor.py:183} INFO - Processing /opt/airflow/dags/netflix_dag.py took 0.248 seconds
[2026-09-06T03:24:47.618+0000] {processor.py:161} INFO - Started process (PID=1332) to work on /opt/airflow/dags/netflix_dag.py
[2026-09-06T03:24:47.625+0000] {processor.py:830} INFO - Processing file /opt/airflow/dags/netflix_dag.py for tasks to queue
[2026-09-06T03:24:47.634+0000] {logging_mixin.py:188} INFO - [2026-09-06T03:24:47.633+0000] {dagbag.py:545} INFO - Filling up the DagBag from /opt/airflow/dags/netflix_dag.py
[2026-09-06T03:24:47.733+0000] {processor.py:840} INFO - DAG(s) 'netflix_etl_pipeline' retrieved from /opt/airflow/dags/netflix_dag.py
[2026-09-06T03:24:47.814+0000] {logging_mixin.py:188} INFO - [2026-09-06T03:24:47.814+0000] {dag.py:3089} INFO - Sync 1 DAGs
[2026-09-06T03:24:47.866+0000] {logging_mixin.py:188} INFO - [2026-09-06T03:24:47.866+0000] {dag.py:3947} INFO - Setting next_dagrun for netflix_etl_pipeline to 2026-09-05 00:00:00+00:00, run_after=2026-09-06 00:00:00+00:00
[2026-09-06T03:24:47.912+0000] {processor.py:183} INFO - Processing /opt/airflow/dags/netflix_dag.py took 0.326 seconds
[2026-09-06T03:25:18.192+0000] {processor.py:161} INFO - Started process (PID=1343) to work on /opt/airflow/dags/netflix_dag.py
[2026-09-06T03:25:18.194+0000] {processor.py:830} INFO - Processing file /opt/airflow/dags/netflix_dag.py for tasks to queue
[2026-09-06T03:25:18.197+0000] {logging_mixin.py:188} INFO - [2026-09-06T03:25:18.196+0000] {dagbag.py:545} INFO - Filling up the DagBag from /opt/airflow/dags/netflix_dag.py
[2026-09-06T03:25:18.222+0000] {processor.py:840} INFO - DAG(s) 'netflix_etl_pipeline' retrieved from /opt/airflow/dags/netflix_dag.py
[2026-09-06T03:25:18.258+0000] {logging_mixin.py:188} INFO - [2026-09-06T03:25:18.258+0000] {dag.py:3089} INFO - Sync 1 DAGs
[2026-09-06T03:25:18.283+0000] {logging_mixin.py:188} INFO - [2026-09-06T03:25:18.283+0000] {dag.py:3947} INFO - Setting next_dagrun for netflix_etl_pipeline to 2026-09-05 00:00:00+00:00, run_after=2026-09-06 00:00:00+00:00
[2026-09-06T03:25:18.310+0000] {processor.py:183} INFO - Processing /opt/airflow/dags/netflix_dag.py took 0.125 seconds
[2026-09-06T03:25:48.450+0000] {processor.py:161} INFO - Started process (PID=1354) to work on /opt/airflow/dags/netflix_dag.py
[2026-09-06T03:25:48.454+0000] {processor.py:830} INFO - Processing file /opt/airflow/dags/netflix_dag.py for tasks to queue
[2026-09-06T03:25:48.459+0000] {logging_mixin.py:188} INFO - [2026-09-06T03:25:48.458+0000] {dagbag.py:545} INFO - Filling up the DagBag from /opt/airflow/dags/netflix_dag.py
[2026-09-06T03:25:48.514+0000] {processor.py:840} INFO - DAG(s) 'netflix_etl_pipeline' retrieved from /opt/airflow/dags/netflix_dag.py
[2026-09-06T03:25:48.588+0000] {logging_mixin.py:188} INFO - [2026-09-06T03:25:48.587+0000] {dag.py:3089} INFO - Sync 1 DAGs
[2026-09-06T03:25:48.644+0000] {logging_mixin.py:188} INFO - [2026-09-06T03:25:48.644+0000] {dag.py:3947} INFO - Setting next_dagrun for netflix_etl_pipeline to 2026-09-05 00:00:00+00:00, run_after=2026-09-06 00:00:00+00:00
[2026-09-06T03:25:48.718+0000] {processor.py:183} INFO - Processing /opt/airflow/dags/netflix_dag.py took 0.283 seconds
[2026-09-06T03:26:18.869+0000] {processor.py:161} INFO - Started process (PID=1365) to work on /opt/airflow/dags/netflix_dag.py
[2026-09-06T03:26:18.874+0000] {processor.py:830} INFO - Processing file /opt/airflow/dags/netflix_dag.py for tasks to queue
[2026-09-06T03:26:18.886+0000] {logging_mixin.py:188} INFO - [2026-09-06T03:26:18.883+0000] {dagbag.py:545} INFO - Filling up the DagBag from /opt/airflow/dags/netflix_dag.py
[2026-09-06T03:26:18.943+0000] {processor.py:840} INFO - DAG(s) 'netflix_etl_pipeline' retrieved from /opt/airflow/dags/netflix_dag.py
[2026-09-06T03:26:19.026+0000] {logging_mixin.py:188} INFO - [2026-09-06T03:26:19.025+0000] {dag.py:3089} INFO - Sync 1 DAGs
[2026-09-06T03:26:19.079+0000] {logging_mixin.py:188} INFO - [2026-09-06T03:26:19.078+0000] {dag.py:3947} INFO - Setting next_dagrun for netflix_etl_pipeline to 2026-09-05 00:00:00+00:00, run_after=2026-09-06 00:00:00+00:00
[2026-09-06T03:26:19.125+0000] {processor.py:183} INFO - Processing /opt/airflow/dags/netflix_dag.py took 0.285 seconds
[2026-09-06T03:26:49.249+0000] {processor.py:161} INFO - Started process (PID=1376) to work on /opt/airflow/dags/netflix_dag.py
[2026-09-06T03:26:49.253+0000] {processor.py:830} INFO - Processing file /opt/airflow/dags/netflix_dag.py for tasks to queue
[2026-09-06T03:26:49.258+0000] {logging_mixin.py:188} INFO - [2026-09-06T03:26:49.257+0000] {dagbag.py:545} INFO - Filling up the DagBag from /opt/airflow/dags/netflix_dag.py
[2026-09-06T03:26:49.314+0000] {processor.py:840} INFO - DAG(s) 'netflix_etl_pipeline' retrieved from /opt/airflow/dags/netflix_dag.py
[2026-09-06T03:26:49.386+0000] {logging_mixin.py:188} INFO - [2026-09-06T03:26:49.386+0000] {dag.py:3089} INFO - Sync 1 DAGs
[2026-09-06T03:26:49.434+0000] {logging_mixin.py:188} INFO - [2026-09-06T03:26:49.434+0000] {dag.py:3947} INFO - Setting next_dagrun for netflix_etl_pipeline to 2026-09-05 00:00:00+00:00, run_after=2026-09-06 00:00:00+00:00
[2026-09-06T03:26:49.478+0000] {processor.py:183} INFO - Processing /opt/airflow/dags/netflix_dag.py took 0.243 seconds
[2026-09-06T03:27:19.607+0000] {processor.py:161} INFO - Started process (PID=1387) to work on /opt/airflow/dags/netflix_dag.py
[2026-09-06T03:27:19.611+0000] {processor.py:830} INFO - Processing file /opt/airflow/dags/netflix_dag.py for tasks to queue
[2026-09-06T03:27:19.616+0000] {logging_mixin.py:188} INFO - [2026-09-06T03:27:19.615+0000] {dagbag.py:545} INFO - Filling up the DagBag from /opt/airflow/dags/netflix_dag.py
[2026-09-06T03:27:19.676+0000] {processor.py:840} INFO - DAG(s) 'netflix_etl_pipeline' retrieved from /opt/airflow/dags/netflix_dag.py
[2026-09-06T03:27:19.761+0000] {logging_mixin.py:188} INFO - [2026-09-06T03:27:19.760+0000] {dag.py:3089} INFO - Sync 1 DAGs
[2026-09-06T03:27:19.830+0000] {logging_mixin.py:188} INFO - [2026-09-06T03:27:19.829+0000] {dag.py:3947} INFO - Setting next_dagrun for netflix_etl_pipeline to 2026-09-05 00:00:00+00:00, run_after=2026-09-06 00:00:00+00:00
[2026-09-06T03:27:19.916+0000] {processor.py:183} INFO - Processing /opt/airflow/dags/netflix_dag.py took 0.325 seconds
[2026-09-06T03:27:50.273+0000] {processor.py:161} INFO - Started process (PID=1404) to work on /opt/airflow/dags/netflix_dag.py
[2026-09-06T03:27:50.275+0000] {processor.py:830} INFO - Processing file /opt/airflow/dags/netflix_dag.py for tasks to queue
[2026-09-06T03:27:50.280+0000] {logging_mixin.py:188} INFO - [2026-09-06T03:27:50.279+0000] {dagbag.py:545} INFO - Filling up the DagBag from /opt/airflow/dags/netflix_dag.py
[2026-09-06T03:27:50.327+0000] {processor.py:840} INFO - DAG(s) 'netflix_etl_pipeline' retrieved from /opt/airflow/dags/netflix_dag.py
[2026-09-06T03:27:50.427+0000] {logging_mixin.py:188} INFO - [2026-09-06T03:27:50.426+0000] {dag.py:3089} INFO - Sync 1 DAGs
[2026-09-06T03:27:50.493+0000] {logging_mixin.py:188} INFO - [2026-09-06T03:27:50.493+0000] {dag.py:3947} INFO - Setting next_dagrun for netflix_etl_pipeline to 2026-09-05 00:00:00+00:00, run_after=2026-09-06 00:00:00+00:00
[2026-09-06T03:27:50.540+0000] {processor.py:183} INFO - Processing /opt/airflow/dags/netflix_dag.py took 0.281 seconds
[2026-09-06T03:28:20.849+0000] {processor.py:161} INFO - Started process (PID=1415) to work on /opt/airflow/dags/netflix_dag.py
[2026-09-06T03:28:20.852+0000] {processor.py:830} INFO - Processing file /opt/airflow/dags/netflix_dag.py for tasks to queue
[2026-09-06T03:28:20.858+0000] {logging_mixin.py:188} INFO - [2026-09-06T03:28:20.857+0000] {dagbag.py:545} INFO - Filling up the DagBag from /opt/airflow/dags/netflix_dag.py
[2026-09-06T03:28:20.913+0000] {processor.py:840} INFO - DAG(s) 'netflix_etl_pipeline' retrieved from /opt/airflow/dags/netflix_dag.py
[2026-09-06T03:28:20.990+0000] {logging_mixin.py:188} INFO - [2026-09-06T03:28:20.989+0000] {dag.py:3089} INFO - Sync 1 DAGs
[2026-09-06T03:28:21.040+0000] {logging_mixin.py:188} INFO - [2026-09-06T03:28:21.039+0000] {dag.py:3947} INFO - Setting next_dagrun for netflix_etl_pipeline to 2026-09-05 00:00:00+00:00, run_after=2026-09-06 00:00:00+00:00
[2026-09-06T03:28:21.085+0000] {processor.py:183} INFO - Processing /opt/airflow/dags/netflix_dag.py took 0.252 seconds
[2026-09-06T03:28:51.402+0000] {processor.py:161} INFO - Started process (PID=1426) to work on /opt/airflow/dags/netflix_dag.py
[2026-09-06T03:28:51.404+0000] {processor.py:830} INFO - Processing file /opt/airflow/dags/netflix_dag.py for tasks to queue
[2026-09-06T03:28:51.407+0000] {logging_mixin.py:188} INFO - [2026-09-06T03:28:51.407+0000] {dagbag.py:545} INFO - Filling up the DagBag from /opt/airflow/dags/netflix_dag.py
[2026-09-06T03:28:51.430+0000] {processor.py:840} INFO - DAG(s) 'netflix_etl_pipeline' retrieved from /opt/airflow/dags/netflix_dag.py
[2026-09-06T03:28:51.467+0000] {logging_mixin.py:188} INFO - [2026-09-06T03:28:51.467+0000] {dag.py:3089} INFO - Sync 1 DAGs
[2026-09-06T03:28:51.490+0000] {logging_mixin.py:188} INFO - [2026-09-06T03:28:51.490+0000] {dag.py:3947} INFO - Setting next_dagrun for netflix_etl_pipeline to 2026-09-05 00:00:00+00:00, run_after=2026-09-06 00:00:00+00:00
[2026-09-06T03:28:51.514+0000] {processor.py:183} INFO - Processing /opt/airflow/dags/netflix_dag.py took 0.118 seconds
[2026-09-06T03:29:21.632+0000] {processor.py:161} INFO - Started process (PID=1438) to work on /opt/airflow/dags/netflix_dag.py
[2026-09-06T03:29:21.634+0000] {processor.py:830} INFO - Processing file /opt/airflow/dags/netflix_dag.py for tasks to queue
[2026-09-06T03:29:21.637+0000] {logging_mixin.py:188} INFO - [2026-09-06T03:29:21.636+0000] {dagbag.py:545} INFO - Filling up the DagBag from /opt/airflow/dags/netflix_dag.py
[2026-09-06T03:29:21.663+0000] {processor.py:840} INFO - DAG(s) 'netflix_etl_pipeline' retrieved from /opt/airflow/dags/netflix_dag.py
[2026-09-06T03:29:21.698+0000] {logging_mixin.py:188} INFO - [2026-09-06T03:29:21.698+0000] {dag.py:3089} INFO - Sync 1 DAGs
[2026-09-06T03:29:21.720+0000] {logging_mixin.py:188} INFO - [2026-09-06T03:29:21.720+0000] {dag.py:3947} INFO - Setting next_dagrun for netflix_etl_pipeline to 2026-09-05 00:00:00+00:00, run_after=2026-09-06 00:00:00+00:00
[2026-09-06T03:29:21.744+0000] {processor.py:183} INFO - Processing /opt/airflow/dags/netflix_dag.py took 0.119 seconds
[2026-09-06T03:29:52.014+0000] {processor.py:161} INFO - Started process (PID=1449) to work on /opt/airflow/dags/netflix_dag.py
[2026-09-06T03:29:52.018+0000] {processor.py:830} INFO - Processing file /opt/airflow/dags/netflix_dag.py for tasks to queue
[2026-09-06T03:29:52.023+0000] {logging_mixin.py:188} INFO - [2026-09-06T03:29:52.022+0000] {dagbag.py:545} INFO - Filling up the DagBag from /opt/airflow/dags/netflix_dag.py
[2026-09-06T03:29:52.075+0000] {processor.py:840} INFO - DAG(s) 'netflix_etl_pipeline' retrieved from /opt/airflow/dags/netflix_dag.py
[2026-09-06T03:29:52.171+0000] {logging_mixin.py:188} INFO - [2026-09-06T03:29:52.171+0000] {dag.py:3089} INFO - Sync 1 DAGs
[2026-09-06T03:29:52.226+0000] {logging_mixin.py:188} INFO - [2026-09-06T03:29:52.226+0000] {dag.py:3947} INFO - Setting next_dagrun for netflix_etl_pipeline to 2026-09-05 00:00:00+00:00, run_after=2026-09-06 00:00:00+00:00
[2026-09-06T03:29:52.271+0000] {processor.py:183} INFO - Processing /opt/airflow/dags/netflix_dag.py took 0.272 seconds
[2026-09-06T03:30:22.569+0000] {processor.py:161} INFO - Started process (PID=1460) to work on /opt/airflow/dags/netflix_dag.py
[2026-09-06T03:30:22.573+0000] {processor.py:830} INFO - Processing file /opt/airflow/dags/netflix_dag.py for tasks to queue
[2026-09-06T03:30:22.578+0000] {logging_mixin.py:188} INFO - [2026-09-06T03:30:22.578+0000] {dagbag.py:545} INFO - Filling up the DagBag from /opt/airflow/dags/netflix_dag.py
[2026-09-06T03:30:22.627+0000] {processor.py:840} INFO - DAG(s) 'netflix_etl_pipeline' retrieved from /opt/airflow/dags/netflix_dag.py
[2026-09-06T03:30:22.703+0000] {logging_mixin.py:188} INFO - [2026-09-06T03:30:22.702+0000] {dag.py:3089} INFO - Sync 1 DAGs
[2026-09-06T03:30:22.754+0000] {logging_mixin.py:188} INFO - [2026-09-06T03:30:22.753+0000] {dag.py:3947} INFO - Setting next_dagrun for netflix_etl_pipeline to 2026-09-05 00:00:00+00:00, run_after=2026-09-06 00:00:00+00:00
[2026-09-06T03:30:22.796+0000] {processor.py:183} INFO - Processing /opt/airflow/dags/netflix_dag.py took 0.241 seconds
[2026-09-06T03:30:53.106+0000] {processor.py:161} INFO - Started process (PID=1471) to work on /opt/airflow/dags/netflix_dag.py
[2026-09-06T03:30:53.110+0000] {processor.py:830} INFO - Processing file /opt/airflow/dags/netflix_dag.py for tasks to queue
[2026-09-06T03:30:53.117+0000] {logging_mixin.py:188} INFO - [2026-09-06T03:30:53.116+0000] {dagbag.py:545} INFO - Filling up the DagBag from /opt/airflow/dags/netflix_dag.py
[2026-09-06T03:30:53.171+0000] {processor.py:840} INFO - DAG(s) 'netflix_etl_pipeline' retrieved from /opt/airflow/dags/netflix_dag.py
[2026-09-06T03:30:53.253+0000] {logging_mixin.py:188} INFO - [2026-09-06T03:30:53.252+0000] {dag.py:3089} INFO - Sync 1 DAGs
[2026-09-06T03:30:53.302+0000] {logging_mixin.py:188} INFO - [2026-09-06T03:30:53.302+0000] {dag.py:3947} INFO - Setting next_dagrun for netflix_etl_pipeline to 2026-09-05 00:00:00+00:00, run_after=2026-09-06 00:00:00+00:00
[2026-09-06T03:30:53.345+0000] {processor.py:183} INFO - Processing /opt/airflow/dags/netflix_dag.py took 0.258 seconds
[2026-09-06T03:31:23.699+0000] {processor.py:161} INFO - Started process (PID=1482) to work on /opt/airflow/dags/netflix_dag.py
[2026-09-06T03:31:23.703+0000] {processor.py:830} INFO - Processing file /opt/airflow/dags/netflix_dag.py for tasks to queue
[2026-09-06T03:31:23.714+0000] {logging_mixin.py:188} INFO - [2026-09-06T03:31:23.711+0000] {dagbag.py:545} INFO - Filling up the DagBag from /opt/airflow/dags/netflix_dag.py
[2026-09-06T03:31:23.797+0000] {processor.py:840} INFO - DAG(s) 'netflix_etl_pipeline' retrieved from /opt/airflow/dags/netflix_dag.py
[2026-09-06T03:31:23.920+0000] {logging_mixin.py:188} INFO - [2026-09-06T03:31:23.919+0000] {dag.py:3089} INFO - Sync 1 DAGs
[2026-09-06T03:31:23.990+0000] {logging_mixin.py:188} INFO - [2026-09-06T03:31:23.989+0000] {dag.py:3947} INFO - Setting next_dagrun for netflix_etl_pipeline to 2026-09-05 00:00:00+00:00, run_after=2026-09-06 00:00:00+00:00
[2026-09-06T03:31:24.055+0000] {processor.py:183} INFO - Processing /opt/airflow/dags/netflix_dag.py took 0.379 seconds
[2026-09-06T03:31:54.524+0000] {processor.py:161} INFO - Started process (PID=1493) to work on /opt/airflow/dags/netflix_dag.py
[2026-09-06T03:31:54.525+0000] {processor.py:830} INFO - Processing file /opt/airflow/dags/netflix_dag.py for tasks to queue
[2026-09-06T03:31:54.529+0000] {logging_mixin.py:188} INFO - [2026-09-06T03:31:54.528+0000] {dagbag.py:545} INFO - Filling up the DagBag from /opt/airflow/dags/netflix_dag.py
[2026-09-06T03:31:54.554+0000] {processor.py:840} INFO - DAG(s) 'netflix_etl_pipeline' retrieved from /opt/airflow/dags/netflix_dag.py
[2026-09-06T03:31:54.591+0000] {logging_mixin.py:188} INFO - [2026-09-06T03:31:54.590+0000] {dag.py:3089} INFO - Sync 1 DAGs
[2026-09-06T03:31:54.613+0000] {logging_mixin.py:188} INFO - [2026-09-06T03:31:54.613+0000] {dag.py:3947} INFO - Setting next_dagrun for netflix_etl_pipeline to 2026-09-05 00:00:00+00:00, run_after=2026-09-06 00:00:00+00:00
[2026-09-06T03:31:54.636+0000] {processor.py:183} INFO - Processing /opt/airflow/dags/netflix_dag.py took 0.118 seconds
[2026-09-06T03:32:24.772+0000] {processor.py:161} INFO - Started process (PID=1504) to work on /opt/airflow/dags/netflix_dag.py
[2026-09-06T03:32:24.774+0000] {processor.py:830} INFO - Processing file /opt/airflow/dags/netflix_dag.py for tasks to queue
[2026-09-06T03:32:24.777+0000] {logging_mixin.py:188} INFO - [2026-09-06T03:32:24.776+0000] {dagbag.py:545} INFO - Filling up the DagBag from /opt/airflow/dags/netflix_dag.py
[2026-09-06T03:32:24.801+0000] {processor.py:840} INFO - DAG(s) 'netflix_etl_pipeline' retrieved from /opt/airflow/dags/netflix_dag.py
[2026-09-06T03:32:24.844+0000] {logging_mixin.py:188} INFO - [2026-09-06T03:32:24.844+0000] {dag.py:3089} INFO - Sync 1 DAGs
[2026-09-06T03:32:24.870+0000] {logging_mixin.py:188} INFO - [2026-09-06T03:32:24.870+0000] {dag.py:3947} INFO - Setting next_dagrun for netflix_etl_pipeline to 2026-09-05 00:00:00+00:00, run_after=2026-09-06 00:00:00+00:00
[2026-09-06T03:32:24.894+0000] {processor.py:183} INFO - Processing /opt/airflow/dags/netflix_dag.py took 0.129 seconds
[2026-09-06T03:32:55.178+0000] {processor.py:161} INFO - Started process (PID=1515) to work on /opt/airflow/dags/netflix_dag.py
[2026-09-06T03:32:55.181+0000] {processor.py:830} INFO - Processing file /opt/airflow/dags/netflix_dag.py for tasks to queue
[2026-09-06T03:32:55.188+0000] {logging_mixin.py:188} INFO - [2026-09-06T03:32:55.187+0000] {dagbag.py:545} INFO - Filling up the DagBag from /opt/airflow/dags/netflix_dag.py
[2026-09-06T03:32:55.252+0000] {processor.py:840} INFO - DAG(s) 'netflix_etl_pipeline' retrieved from /opt/airflow/dags/netflix_dag.py
[2026-09-06T03:32:55.364+0000] {logging_mixin.py:188} INFO - [2026-09-06T03:32:55.364+0000] {dag.py:3089} INFO - Sync 1 DAGs
[2026-09-06T03:32:55.428+0000] {logging_mixin.py:188} INFO - [2026-09-06T03:32:55.428+0000] {dag.py:3947} INFO - Setting next_dagrun for netflix_etl_pipeline to 2026-09-05 00:00:00+00:00, run_after=2026-09-06 00:00:00+00:00
[2026-09-06T03:32:55.473+0000] {processor.py:183} INFO - Processing /opt/airflow/dags/netflix_dag.py took 0.313 seconds
[2026-09-06T03:33:25.716+0000] {processor.py:161} INFO - Started process (PID=1527) to work on /opt/airflow/dags/netflix_dag.py
[2026-09-06T03:33:25.717+0000] {processor.py:830} INFO - Processing file /opt/airflow/dags/netflix_dag.py for tasks to queue
[2026-09-06T03:33:25.720+0000] {logging_mixin.py:188} INFO - [2026-09-06T03:33:25.720+0000] {dagbag.py:545} INFO - Filling up the DagBag from /opt/airflow/dags/netflix_dag.py
[2026-09-06T03:33:25.744+0000] {processor.py:840} INFO - DAG(s) 'netflix_etl_pipeline' retrieved from /opt/airflow/dags/netflix_dag.py
[2026-09-06T03:33:25.795+0000] {logging_mixin.py:188} INFO - [2026-09-06T03:33:25.795+0000] {dag.py:3089} INFO - Sync 1 DAGs
[2026-09-06T03:33:25.820+0000] {logging_mixin.py:188} INFO - [2026-09-06T03:33:25.820+0000] {dag.py:3947} INFO - Setting next_dagrun for netflix_etl_pipeline to 2026-09-05 00:00:00+00:00, run_after=2026-09-06 00:00:00+00:00
[2026-09-06T03:33:25.844+0000] {processor.py:183} INFO - Processing /opt/airflow/dags/netflix_dag.py took 0.134 seconds
[2026-09-06T03:33:55.973+0000] {processor.py:161} INFO - Started process (PID=1538) to work on /opt/airflow/dags/netflix_dag.py
[2026-09-06T03:33:55.975+0000] {processor.py:830} INFO - Processing file /opt/airflow/dags/netflix_dag.py for tasks to queue
[2026-09-06T03:33:55.978+0000] {logging_mixin.py:188} INFO - [2026-09-06T03:33:55.977+0000] {dagbag.py:545} INFO - Filling up the DagBag from /opt/airflow/dags/netflix_dag.py
[2026-09-06T03:33:56.004+0000] {processor.py:840} INFO - DAG(s) 'netflix_etl_pipeline' retrieved from /opt/airflow/dags/netflix_dag.py
[2026-09-06T03:33:56.048+0000] {logging_mixin.py:188} INFO - [2026-09-06T03:33:56.048+0000] {dag.py:3089} INFO - Sync 1 DAGs
[2026-09-06T03:33:56.071+0000] {logging_mixin.py:188} INFO - [2026-09-06T03:33:56.071+0000] {dag.py:3947} INFO - Setting next_dagrun for netflix_etl_pipeline to 2026-09-05 00:00:00+00:00, run_after=2026-09-06 00:00:00+00:00
[2026-09-06T03:33:56.093+0000] {processor.py:183} INFO - Processing /opt/airflow/dags/netflix_dag.py took 0.126 seconds
[2026-09-06T03:34:26.327+0000] {processor.py:161} INFO - Started process (PID=1549) to work on /opt/airflow/dags/netflix_dag.py
[2026-09-06T03:34:26.330+0000] {processor.py:830} INFO - Processing file /opt/airflow/dags/netflix_dag.py for tasks to queue
[2026-09-06T03:34:26.337+0000] {logging_mixin.py:188} INFO - [2026-09-06T03:34:26.336+0000] {dagbag.py:545} INFO - Filling up the DagBag from /opt/airflow/dags/netflix_dag.py
[2026-09-06T03:34:26.392+0000] {processor.py:840} INFO - DAG(s) 'netflix_etl_pipeline' retrieved from /opt/airflow/dags/netflix_dag.py
[2026-09-06T03:34:26.464+0000] {logging_mixin.py:188} INFO - [2026-09-06T03:34:26.463+0000] {dag.py:3089} INFO - Sync 1 DAGs
[2026-09-06T03:34:26.516+0000] {logging_mixin.py:188} INFO - [2026-09-06T03:34:26.515+0000] {dag.py:3947} INFO - Setting next_dagrun for netflix_etl_pipeline to 2026-09-05 00:00:00+00:00, run_after=2026-09-06 00:00:00+00:00
[2026-09-06T03:34:26.558+0000] {processor.py:183} INFO - Processing /opt/airflow/dags/netflix_dag.py took 0.246 seconds
[2026-09-06T03:34:56.828+0000] {processor.py:161} INFO - Started process (PID=1560) to work on /opt/airflow/dags/netflix_dag.py
[2026-09-06T03:34:56.829+0000] {processor.py:830} INFO - Processing file /opt/airflow/dags/netflix_dag.py for tasks to queue
[2026-09-06T03:34:56.832+0000] {logging_mixin.py:188} INFO - [2026-09-06T03:34:56.832+0000] {dagbag.py:545} INFO - Filling up the DagBag from /opt/airflow/dags/netflix_dag.py
[2026-09-06T03:34:56.856+0000] {processor.py:840} INFO - DAG(s) 'netflix_etl_pipeline' retrieved from /opt/airflow/dags/netflix_dag.py
[2026-09-06T03:34:56.896+0000] {logging_mixin.py:188} INFO - [2026-09-06T03:34:56.896+0000] {dag.py:3089} INFO - Sync 1 DAGs
[2026-09-06T03:34:56.921+0000] {logging_mixin.py:188} INFO - [2026-09-06T03:34:56.920+0000] {dag.py:3947} INFO - Setting next_dagrun for netflix_etl_pipeline to 2026-09-05 00:00:00+00:00, run_after=2026-09-06 00:00:00+00:00
[2026-09-06T03:34:56.944+0000] {processor.py:183} INFO - Processing /opt/airflow/dags/netflix_dag.py took 0.123 seconds
[2026-09-06T03:35:27.065+0000] {processor.py:161} INFO - Started process (PID=1571) to work on /opt/airflow/dags/netflix_dag.py
[2026-09-06T03:35:27.068+0000] {processor.py:830} INFO - Processing file /opt/airflow/dags/netflix_dag.py for tasks to queue
[2026-09-06T03:35:27.072+0000] {logging_mixin.py:188} INFO - [2026-09-06T03:35:27.072+0000] {dagbag.py:545} INFO - Filling up the DagBag from /opt/airflow/dags/netflix_dag.py
[2026-09-06T03:35:27.104+0000] {processor.py:840} INFO - DAG(s) 'netflix_etl_pipeline' retrieved from /opt/airflow/dags/netflix_dag.py
[2026-09-06T03:35:27.150+0000] {logging_mixin.py:188} INFO - [2026-09-06T03:35:27.150+0000] {dag.py:3089} INFO - Sync 1 DAGs
[2026-09-06T03:35:27.175+0000] {logging_mixin.py:188} INFO - [2026-09-06T03:35:27.175+0000] {dag.py:3947} INFO - Setting next_dagrun for netflix_etl_pipeline to 2026-09-05 00:00:00+00:00, run_after=2026-09-06 00:00:00+00:00
[2026-09-06T03:35:27.199+0000] {processor.py:183} INFO - Processing /opt/airflow/dags/netflix_dag.py took 0.148 seconds
[2026-09-06T03:35:57.490+0000] {processor.py:161} INFO - Started process (PID=1582) to work on /opt/airflow/dags/netflix_dag.py
[2026-09-06T03:35:57.494+0000] {processor.py:830} INFO - Processing file /opt/airflow/dags/netflix_dag.py for tasks to queue
[2026-09-06T03:35:57.501+0000] {logging_mixin.py:188} INFO - [2026-09-06T03:35:57.500+0000] {dagbag.py:545} INFO - Filling up the DagBag from /opt/airflow/dags/netflix_dag.py
[2026-09-06T03:35:57.551+0000] {processor.py:840} INFO - DAG(s) 'netflix_etl_pipeline' retrieved from /opt/airflow/dags/netflix_dag.py
[2026-09-06T03:35:57.627+0000] {logging_mixin.py:188} INFO - [2026-09-06T03:35:57.626+0000] {dag.py:3089} INFO - Sync 1 DAGs
[2026-09-06T03:35:57.682+0000] {logging_mixin.py:188} INFO - [2026-09-06T03:35:57.682+0000] {dag.py:3947} INFO - Setting next_dagrun for netflix_etl_pipeline to 2026-09-05 00:00:00+00:00, run_after=2026-09-06 00:00:00+00:00
[2026-09-06T03:35:57.722+0000] {processor.py:183} INFO - Processing /opt/airflow/dags/netflix_dag.py took 0.248 seconds
[2026-09-06T03:36:27.879+0000] {processor.py:161} INFO - Started process (PID=1593) to work on /opt/airflow/dags/netflix_dag.py
[2026-09-06T03:36:27.881+0000] {processor.py:830} INFO - Processing file /opt/airflow/dags/netflix_dag.py for tasks to queue
[2026-09-06T03:36:27.884+0000] {logging_mixin.py:188} INFO - [2026-09-06T03:36:27.884+0000] {dagbag.py:545} INFO - Filling up the DagBag from /opt/airflow/dags/netflix_dag.py
[2026-09-06T03:36:27.911+0000] {processor.py:840} INFO - DAG(s) 'netflix_etl_pipeline' retrieved from /opt/airflow/dags/netflix_dag.py
[2026-09-06T03:36:27.956+0000] {logging_mixin.py:188} INFO - [2026-09-06T03:36:27.955+0000] {dag.py:3089} INFO - Sync 1 DAGs
[2026-09-06T03:36:27.987+0000] {logging_mixin.py:188} INFO - [2026-09-06T03:36:27.986+0000] {dag.py:3947} INFO - Setting next_dagrun for netflix_etl_pipeline to 2026-09-05 00:00:00+00:00, run_after=2026-09-06 00:00:00+00:00
[2026-09-06T03:36:28.018+0000] {processor.py:183} INFO - Processing /opt/airflow/dags/netflix_dag.py took 0.147 seconds
[2026-09-06T03:36:58.169+0000] {processor.py:161} INFO - Started process (PID=1604) to work on /opt/airflow/dags/netflix_dag.py
[2026-09-06T03:36:58.171+0000] {processor.py:830} INFO - Processing file /opt/airflow/dags/netflix_dag.py for tasks to queue
[2026-09-06T03:36:58.174+0000] {logging_mixin.py:188} INFO - [2026-09-06T03:36:58.174+0000] {dagbag.py:545} INFO - Filling up the DagBag from /opt/airflow/dags/netflix_dag.py
[2026-09-06T03:36:58.209+0000] {processor.py:840} INFO - DAG(s) 'netflix_etl_pipeline' retrieved from /opt/airflow/dags/netflix_dag.py
[2026-09-06T03:36:58.279+0000] {logging_mixin.py:188} INFO - [2026-09-06T03:36:58.279+0000] {dag.py:3089} INFO - Sync 1 DAGs
[2026-09-06T03:36:58.310+0000] {logging_mixin.py:188} INFO - [2026-09-06T03:36:58.310+0000] {dag.py:3947} INFO - Setting next_dagrun for netflix_etl_pipeline to 2026-09-05 00:00:00+00:00, run_after=2026-09-06 00:00:00+00:00
[2026-09-06T03:36:58.333+0000] {processor.py:183} INFO - Processing /opt/airflow/dags/netflix_dag.py took 0.172 seconds
[2026-09-06T03:37:28.526+0000] {processor.py:161} INFO - Started process (PID=1615) to work on /opt/airflow/dags/netflix_dag.py
[2026-09-06T03:37:28.528+0000] {processor.py:830} INFO - Processing file /opt/airflow/dags/netflix_dag.py for tasks to queue
[2026-09-06T03:37:28.533+0000] {logging_mixin.py:188} INFO - [2026-09-06T03:37:28.532+0000] {dagbag.py:545} INFO - Filling up the DagBag from /opt/airflow/dags/netflix_dag.py
[2026-09-06T03:37:28.577+0000] {processor.py:840} INFO - DAG(s) 'netflix_etl_pipeline' retrieved from /opt/airflow/dags/netflix_dag.py
[2026-09-06T03:37:28.652+0000] {logging_mixin.py:188} INFO - [2026-09-06T03:37:28.652+0000] {dag.py:3089} INFO - Sync 1 DAGs
[2026-09-06T03:37:28.707+0000] {logging_mixin.py:188} INFO - [2026-09-06T03:37:28.707+0000] {dag.py:3947} INFO - Setting next_dagrun for netflix_etl_pipeline to 2026-09-05 00:00:00+00:00, run_after=2026-09-06 00:00:00+00:00
[2026-09-06T03:37:28.750+0000] {processor.py:183} INFO - Processing /opt/airflow/dags/netflix_dag.py took 0.237 seconds
[2026-09-06T03:37:58.899+0000] {processor.py:161} INFO - Started process (PID=1626) to work on /opt/airflow/dags/netflix_dag.py
[2026-09-06T03:37:58.902+0000] {processor.py:830} INFO - Processing file /opt/airflow/dags/netflix_dag.py for tasks to queue
[2026-09-06T03:37:58.908+0000] {logging_mixin.py:188} INFO - [2026-09-06T03:37:58.907+0000] {dagbag.py:545} INFO - Filling up the DagBag from /opt/airflow/dags/netflix_dag.py
[2026-09-06T03:37:58.969+0000] {processor.py:840} INFO - DAG(s) 'netflix_etl_pipeline' retrieved from /opt/airflow/dags/netflix_dag.py
[2026-09-06T03:37:59.062+0000] {logging_mixin.py:188} INFO - [2026-09-06T03:37:59.062+0000] {dag.py:3089} INFO - Sync 1 DAGs
[2026-09-06T03:37:59.118+0000] {logging_mixin.py:188} INFO - [2026-09-06T03:37:59.117+0000] {dag.py:3947} INFO - Setting next_dagrun for netflix_etl_pipeline to 2026-09-05 00:00:00+00:00, run_after=2026-09-06 00:00:00+00:00
[2026-09-06T03:37:59.166+0000] {processor.py:183} INFO - Processing /opt/airflow/dags/netflix_dag.py took 0.288 seconds
[2026-09-06T03:38:29.297+0000] {processor.py:161} INFO - Started process (PID=1637) to work on /opt/airflow/dags/netflix_dag.py
[2026-09-06T03:38:29.299+0000] {processor.py:830} INFO - Processing file /opt/airflow/dags/netflix_dag.py for tasks to queue
[2026-09-06T03:38:29.302+0000] {logging_mixin.py:188} INFO - [2026-09-06T03:38:29.301+0000] {dagbag.py:545} INFO - Filling up the DagBag from /opt/airflow/dags/netflix_dag.py
[2026-09-06T03:38:29.338+0000] {processor.py:840} INFO - DAG(s) 'netflix_etl_pipeline' retrieved from /opt/airflow/dags/netflix_dag.py
[2026-09-06T03:38:29.402+0000] {logging_mixin.py:188} INFO - [2026-09-06T03:38:29.401+0000] {dag.py:3089} INFO - Sync 1 DAGs
[2026-09-06T03:38:29.432+0000] {logging_mixin.py:188} INFO - [2026-09-06T03:38:29.432+0000] {dag.py:3947} INFO - Setting next_dagrun for netflix_etl_pipeline to 2026-09-05 00:00:00+00:00, run_after=2026-09-06 00:00:00+00:00
[2026-09-06T03:38:29.458+0000] {processor.py:183} INFO - Processing /opt/airflow/dags/netflix_dag.py took 0.174 seconds
[2026-09-06T03:38:59.765+0000] {processor.py:161} INFO - Started process (PID=1648) to work on /opt/airflow/dags/netflix_dag.py
[2026-09-06T03:38:59.768+0000] {processor.py:830} INFO - Processing file /opt/airflow/dags/netflix_dag.py for tasks to queue
[2026-09-06T03:38:59.787+0000] {logging_mixin.py:188} INFO - [2026-09-06T03:38:59.774+0000] {dagbag.py:545} INFO - Filling up the DagBag from /opt/airflow/dags/netflix_dag.py
[2026-09-06T03:38:59.842+0000] {processor.py:840} INFO - DAG(s) 'netflix_etl_pipeline' retrieved from /opt/airflow/dags/netflix_dag.py
[2026-09-06T03:38:59.967+0000] {logging_mixin.py:188} INFO - [2026-09-06T03:38:59.966+0000] {dag.py:3089} INFO - Sync 1 DAGs
[2026-09-06T03:39:00.090+0000] {logging_mixin.py:188} INFO - [2026-09-06T03:39:00.090+0000] {dag.py:3947} INFO - Setting next_dagrun for netflix_etl_pipeline to 2026-09-05 00:00:00+00:00, run_after=2026-09-06 00:00:00+00:00
[2026-09-06T03:39:00.172+0000] {processor.py:183} INFO - Processing /opt/airflow/dags/netflix_dag.py took 0.431 seconds
[2026-09-06T03:39:30.537+0000] {processor.py:161} INFO - Started process (PID=1659) to work on /opt/airflow/dags/netflix_dag.py
[2026-09-06T03:39:30.541+0000] {processor.py:830} INFO - Processing file /opt/airflow/dags/netflix_dag.py for tasks to queue
[2026-09-06T03:39:30.547+0000] {logging_mixin.py:188} INFO - [2026-09-06T03:39:30.546+0000] {dagbag.py:545} INFO - Filling up the DagBag from /opt/airflow/dags/netflix_dag.py
[2026-09-06T03:39:30.608+0000] {processor.py:840} INFO - DAG(s) 'netflix_etl_pipeline' retrieved from /opt/airflow/dags/netflix_dag.py
[2026-09-06T03:39:30.764+0000] {logging_mixin.py:188} INFO - [2026-09-06T03:39:30.763+0000] {dag.py:3089} INFO - Sync 1 DAGs
[2026-09-06T03:39:30.885+0000] {logging_mixin.py:188} INFO - [2026-09-06T03:39:30.884+0000] {dag.py:3947} INFO - Setting next_dagrun for netflix_etl_pipeline to 2026-09-05 00:00:00+00:00, run_after=2026-09-06 00:00:00+00:00
[2026-09-06T03:39:30.980+0000] {processor.py:183} INFO - Processing /opt/airflow/dags/netflix_dag.py took 0.463 seconds
[2026-09-06T03:40:01.317+0000] {processor.py:161} INFO - Started process (PID=1671) to work on /opt/airflow/dags/netflix_dag.py
[2026-09-06T03:40:01.332+0000] {processor.py:830} INFO - Processing file /opt/airflow/dags/netflix_dag.py for tasks to queue
[2026-09-06T03:40:01.339+0000] {logging_mixin.py:188} INFO - [2026-09-06T03:40:01.338+0000] {dagbag.py:545} INFO - Filling up the DagBag from /opt/airflow/dags/netflix_dag.py
[2026-09-06T03:40:01.437+0000] {processor.py:840} INFO - DAG(s) 'netflix_etl_pipeline' retrieved from /opt/airflow/dags/netflix_dag.py
[2026-09-06T03:40:02.108+0000] {logging_mixin.py:188} INFO - [2026-09-06T03:40:02.108+0000] {dag.py:3089} INFO - Sync 1 DAGs
[2026-09-06T03:40:03.223+0000] {logging_mixin.py:188} INFO - [2026-09-06T03:40:03.223+0000] {dag.py:3947} INFO - Setting next_dagrun for netflix_etl_pipeline to 2026-09-05 00:00:00+00:00, run_after=2026-09-06 00:00:00+00:00
[2026-09-06T03:40:04.067+0000] {processor.py:183} INFO - Processing /opt/airflow/dags/netflix_dag.py took 2.777 seconds
[2026-09-06T03:40:34.431+0000] {processor.py:161} INFO - Started process (PID=1682) to work on /opt/airflow/dags/netflix_dag.py
[2026-09-06T03:40:34.433+0000] {processor.py:830} INFO - Processing file /opt/airflow/dags/netflix_dag.py for tasks to queue
[2026-09-06T03:40:34.436+0000] {logging_mixin.py:188} INFO - [2026-09-06T03:40:34.435+0000] {dagbag.py:545} INFO - Filling up the DagBag from /opt/airflow/dags/netflix_dag.py
[2026-09-06T03:40:34.462+0000] {processor.py:840} INFO - DAG(s) 'netflix_etl_pipeline' retrieved from /opt/airflow/dags/netflix_dag.py
[2026-09-06T03:40:34.515+0000] {logging_mixin.py:188} INFO - [2026-09-06T03:40:34.515+0000] {dag.py:3089} INFO - Sync 1 DAGs
[2026-09-06T03:40:34.538+0000] {logging_mixin.py:188} INFO - [2026-09-06T03:40:34.538+0000] {dag.py:3947} INFO - Setting next_dagrun for netflix_etl_pipeline to 2026-09-05 00:00:00+00:00, run_after=2026-09-06 00:00:00+00:00
[2026-09-06T03:40:34.561+0000] {processor.py:183} INFO - Processing /opt/airflow/dags/netflix_dag.py took 0.137 seconds
[2026-09-06T03:41:04.629+0000] {processor.py:161} INFO - Started process (PID=1693) to work on /opt/airflow/dags/netflix_dag.py
[2026-09-06T03:41:04.631+0000] {processor.py:830} INFO - Processing file /opt/airflow/dags/netflix_dag.py for tasks to queue
[2026-09-06T03:41:04.633+0000] {logging_mixin.py:188} INFO - [2026-09-06T03:41:04.633+0000] {dagbag.py:545} INFO - Filling up the DagBag from /opt/airflow/dags/netflix_dag.py
[2026-09-06T03:41:04.655+0000] {processor.py:840} INFO - DAG(s) 'netflix_etl_pipeline' retrieved from /opt/airflow/dags/netflix_dag.py
[2026-09-06T03:41:04.694+0000] {logging_mixin.py:188} INFO - [2026-09-06T03:41:04.693+0000] {dag.py:3089} INFO - Sync 1 DAGs
[2026-09-06T03:41:04.727+0000] {logging_mixin.py:188} INFO - [2026-09-06T03:41:04.726+0000] {dag.py:3947} INFO - Setting next_dagrun for netflix_etl_pipeline to 2026-09-05 00:00:00+00:00, run_after=2026-09-06 00:00:00+00:00
[2026-09-06T03:41:04.751+0000] {processor.py:183} INFO - Processing /opt/airflow/dags/netflix_dag.py took 0.129 seconds
[2026-09-06T03:41:34.980+0000] {processor.py:161} INFO - Started process (PID=1704) to work on /opt/airflow/dags/netflix_dag.py
[2026-09-06T03:41:34.981+0000] {processor.py:830} INFO - Processing file /opt/airflow/dags/netflix_dag.py for tasks to queue
[2026-09-06T03:41:34.984+0000] {logging_mixin.py:188} INFO - [2026-09-06T03:41:34.984+0000] {dagbag.py:545} INFO - Filling up the DagBag from /opt/airflow/dags/netflix_dag.py
[2026-09-06T03:41:35.009+0000] {processor.py:840} INFO - DAG(s) 'netflix_etl_pipeline' retrieved from /opt/airflow/dags/netflix_dag.py
[2026-09-06T03:41:35.045+0000] {logging_mixin.py:188} INFO - [2026-09-06T03:41:35.045+0000] {dag.py:3089} INFO - Sync 1 DAGs
[2026-09-06T03:41:35.068+0000] {logging_mixin.py:188} INFO - [2026-09-06T03:41:35.068+0000] {dag.py:3947} INFO - Setting next_dagrun for netflix_etl_pipeline to 2026-09-05 00:00:00+00:00, run_after=2026-09-06 00:00:00+00:00
[2026-09-06T03:41:35.095+0000] {processor.py:183} INFO - Processing /opt/airflow/dags/netflix_dag.py took 0.122 seconds
[2026-09-06T03:42:05.187+0000] {processor.py:161} INFO - Started process (PID=1715) to work on /opt/airflow/dags/netflix_dag.py
[2026-09-06T03:42:05.189+0000] {processor.py:830} INFO - Processing file /opt/airflow/dags/netflix_dag.py for tasks to queue
[2026-09-06T03:42:05.191+0000] {logging_mixin.py:188} INFO - [2026-09-06T03:42:05.191+0000] {dagbag.py:545} INFO - Filling up the DagBag from /opt/airflow/dags/netflix_dag.py
[2026-09-06T03:42:05.220+0000] {processor.py:840} INFO - DAG(s) 'netflix_etl_pipeline' retrieved from /opt/airflow/dags/netflix_dag.py
[2026-09-06T03:42:05.258+0000] {logging_mixin.py:188} INFO - [2026-09-06T03:42:05.257+0000] {dag.py:3089} INFO - Sync 1 DAGs
[2026-09-06T03:42:05.285+0000] {logging_mixin.py:188} INFO - [2026-09-06T03:42:05.284+0000] {dag.py:3947} INFO - Setting next_dagrun for netflix_etl_pipeline to 2026-09-05 00:00:00+00:00, run_after=2026-09-06 00:00:00+00:00
[2026-09-06T03:42:05.309+0000] {processor.py:183} INFO - Processing /opt/airflow/dags/netflix_dag.py took 0.129 seconds
[2026-09-06T03:42:35.500+0000] {processor.py:161} INFO - Started process (PID=1726) to work on /opt/airflow/dags/netflix_dag.py
[2026-09-06T03:42:35.502+0000] {processor.py:830} INFO - Processing file /opt/airflow/dags/netflix_dag.py for tasks to queue
[2026-09-06T03:42:35.504+0000] {logging_mixin.py:188} INFO - [2026-09-06T03:42:35.504+0000] {dagbag.py:545} INFO - Filling up the DagBag from /opt/airflow/dags/netflix_dag.py
[2026-09-06T03:42:35.526+0000] {processor.py:840} INFO - DAG(s) 'netflix_etl_pipeline' retrieved from /opt/airflow/dags/netflix_dag.py
[2026-09-06T03:42:35.562+0000] {logging_mixin.py:188} INFO - [2026-09-06T03:42:35.562+0000] {dag.py:3089} INFO - Sync 1 DAGs
[2026-09-06T03:42:35.585+0000] {logging_mixin.py:188} INFO - [2026-09-06T03:42:35.585+0000] {dag.py:3947} INFO - Setting next_dagrun for netflix_etl_pipeline to 2026-09-05 00:00:00+00:00, run_after=2026-09-06 00:00:00+00:00
[2026-09-06T03:42:35.605+0000] {processor.py:183} INFO - Processing /opt/airflow/dags/netflix_dag.py took 0.112 seconds
[2026-09-06T03:43:05.717+0000] {processor.py:161} INFO - Started process (PID=1737) to work on /opt/airflow/dags/netflix_dag.py
[2026-09-06T03:43:05.719+0000] {processor.py:830} INFO - Processing file /opt/airflow/dags/netflix_dag.py for tasks to queue
[2026-09-06T03:43:05.721+0000] {logging_mixin.py:188} INFO - [2026-09-06T03:43:05.721+0000] {dagbag.py:545} INFO - Filling up the DagBag from /opt/airflow/dags/netflix_dag.py
[2026-09-06T03:43:05.748+0000] {processor.py:840} INFO - DAG(s) 'netflix_etl_pipeline' retrieved from /opt/airflow/dags/netflix_dag.py
[2026-09-06T03:43:05.785+0000] {logging_mixin.py:188} INFO - [2026-09-06T03:43:05.785+0000] {dag.py:3089} INFO - Sync 1 DAGs
[2026-09-06T03:43:05.807+0000] {logging_mixin.py:188} INFO - [2026-09-06T03:43:05.807+0000] {dag.py:3947} INFO - Setting next_dagrun for netflix_etl_pipeline to 2026-09-05 00:00:00+00:00, run_after=2026-09-06 00:00:00+00:00
[2026-09-06T03:43:05.830+0000] {processor.py:183} INFO - Processing /opt/airflow/dags/netflix_dag.py took 0.121 seconds
[2026-09-06T03:43:36.043+0000] {processor.py:161} INFO - Started process (PID=1748) to work on /opt/airflow/dags/netflix_dag.py
[2026-09-06T03:43:36.045+0000] {processor.py:830} INFO - Processing file /opt/airflow/dags/netflix_dag.py for tasks to queue
[2026-09-06T03:43:36.047+0000] {logging_mixin.py:188} INFO - [2026-09-06T03:43:36.047+0000] {dagbag.py:545} INFO - Filling up the DagBag from /opt/airflow/dags/netflix_dag.py
[2026-09-06T03:43:36.072+0000] {processor.py:840} INFO - DAG(s) 'netflix_etl_pipeline' retrieved from /opt/airflow/dags/netflix_dag.py
[2026-09-06T03:43:36.107+0000] {logging_mixin.py:188} INFO - [2026-09-06T03:43:36.107+0000] {dag.py:3089} INFO - Sync 1 DAGs
[2026-09-06T03:43:36.129+0000] {logging_mixin.py:188} INFO - [2026-09-06T03:43:36.128+0000] {dag.py:3947} INFO - Setting next_dagrun for netflix_etl_pipeline to 2026-09-05 00:00:00+00:00, run_after=2026-09-06 00:00:00+00:00
[2026-09-06T03:43:36.150+0000] {processor.py:183} INFO - Processing /opt/airflow/dags/netflix_dag.py took 0.115 seconds
[2026-09-06T03:44:06.262+0000] {processor.py:161} INFO - Started process (PID=1759) to work on /opt/airflow/dags/netflix_dag.py
[2026-09-06T03:44:06.264+0000] {processor.py:830} INFO - Processing file /opt/airflow/dags/netflix_dag.py for tasks to queue
[2026-09-06T03:44:06.267+0000] {logging_mixin.py:188} INFO - [2026-09-06T03:44:06.267+0000] {dagbag.py:545} INFO - Filling up the DagBag from /opt/airflow/dags/netflix_dag.py
[2026-09-06T03:44:06.293+0000] {processor.py:840} INFO - DAG(s) 'netflix_etl_pipeline' retrieved from /opt/airflow/dags/netflix_dag.py
[2026-09-06T03:44:06.331+0000] {logging_mixin.py:188} INFO - [2026-09-06T03:44:06.331+0000] {dag.py:3089} INFO - Sync 1 DAGs
[2026-09-06T03:44:06.353+0000] {logging_mixin.py:188} INFO - [2026-09-06T03:44:06.353+0000] {dag.py:3947} INFO - Setting next_dagrun for netflix_etl_pipeline to 2026-09-05 00:00:00+00:00, run_after=2026-09-06 00:00:00+00:00
[2026-09-06T03:44:06.375+0000] {processor.py:183} INFO - Processing /opt/airflow/dags/netflix_dag.py took 0.120 seconds
[2026-09-06T03:44:36.566+0000] {processor.py:161} INFO - Started process (PID=1771) to work on /opt/airflow/dags/netflix_dag.py
[2026-09-06T03:44:36.568+0000] {processor.py:830} INFO - Processing file /opt/airflow/dags/netflix_dag.py for tasks to queue
[2026-09-06T03:44:36.572+0000] {logging_mixin.py:188} INFO - [2026-09-06T03:44:36.571+0000] {dagbag.py:545} INFO - Filling up the DagBag from /opt/airflow/dags/netflix_dag.py
[2026-09-06T03:44:36.594+0000] {processor.py:840} INFO - DAG(s) 'netflix_etl_pipeline' retrieved from /opt/airflow/dags/netflix_dag.py
[2026-09-06T03:44:36.635+0000] {logging_mixin.py:188} INFO - [2026-09-06T03:44:36.634+0000] {dag.py:3089} INFO - Sync 1 DAGs
[2026-09-06T03:44:36.663+0000] {logging_mixin.py:188} INFO - [2026-09-06T03:44:36.662+0000] {dag.py:3947} INFO - Setting next_dagrun for netflix_etl_pipeline to 2026-09-05 00:00:00+00:00, run_after=2026-09-06 00:00:00+00:00
[2026-09-06T03:44:36.687+0000] {processor.py:183} INFO - Processing /opt/airflow/dags/netflix_dag.py took 0.131 seconds
[2026-09-06T03:45:06.837+0000] {processor.py:161} INFO - Started process (PID=1782) to work on /opt/airflow/dags/netflix_dag.py
[2026-09-06T03:45:06.839+0000] {processor.py:830} INFO - Processing file /opt/airflow/dags/netflix_dag.py for tasks to queue
[2026-09-06T03:45:06.842+0000] {logging_mixin.py:188} INFO - [2026-09-06T03:45:06.841+0000] {dagbag.py:545} INFO - Filling up the DagBag from /opt/airflow/dags/netflix_dag.py
[2026-09-06T03:45:06.865+0000] {processor.py:840} INFO - DAG(s) 'netflix_etl_pipeline' retrieved from /opt/airflow/dags/netflix_dag.py
[2026-09-06T03:45:06.903+0000] {logging_mixin.py:188} INFO - [2026-09-06T03:45:06.903+0000] {dag.py:3089} INFO - Sync 1 DAGs
[2026-09-06T03:45:06.930+0000] {logging_mixin.py:188} INFO - [2026-09-06T03:45:06.930+0000] {dag.py:3947} INFO - Setting next_dagrun for netflix_etl_pipeline to 2026-09-05 00:00:00+00:00, run_after=2026-09-06 00:00:00+00:00
[2026-09-06T03:45:06.952+0000] {processor.py:183} INFO - Processing /opt/airflow/dags/netflix_dag.py took 0.121 seconds
[2026-09-06T03:45:37.271+0000] {processor.py:161} INFO - Started process (PID=1793) to work on /opt/airflow/dags/netflix_dag.py
[2026-09-06T03:45:37.274+0000] {processor.py:830} INFO - Processing file /opt/airflow/dags/netflix_dag.py for tasks to queue
[2026-09-06T03:45:37.280+0000] {logging_mixin.py:188} INFO - [2026-09-06T03:45:37.279+0000] {dagbag.py:545} INFO - Filling up the DagBag from /opt/airflow/dags/netflix_dag.py
[2026-09-06T03:45:37.325+0000] {processor.py:840} INFO - DAG(s) 'netflix_etl_pipeline' retrieved from /opt/airflow/dags/netflix_dag.py
[2026-09-06T03:45:37.622+0000] {logging_mixin.py:188} INFO - [2026-09-06T03:45:37.621+0000] {dag.py:3089} INFO - Sync 1 DAGs
[2026-09-06T03:45:37.678+0000] {logging_mixin.py:188} INFO - [2026-09-06T03:45:37.678+0000] {dag.py:3947} INFO - Setting next_dagrun for netflix_etl_pipeline to 2026-09-05 00:00:00+00:00, run_after=2026-09-06 00:00:00+00:00
[2026-09-06T03:45:38.251+0000] {processor.py:183} INFO - Processing /opt/airflow/dags/netflix_dag.py took 0.997 seconds
[2026-09-06T03:46:08.797+0000] {processor.py:161} INFO - Started process (PID=1804) to work on /opt/airflow/dags/netflix_dag.py
[2026-09-06T03:46:08.806+0000] {processor.py:830} INFO - Processing file /opt/airflow/dags/netflix_dag.py for tasks to queue
[2026-09-06T03:46:08.824+0000] {logging_mixin.py:188} INFO - [2026-09-06T03:46:08.823+0000] {dagbag.py:545} INFO - Filling up the DagBag from /opt/airflow/dags/netflix_dag.py
[2026-09-06T03:46:08.990+0000] {processor.py:840} INFO - DAG(s) 'netflix_etl_pipeline' retrieved from /opt/airflow/dags/netflix_dag.py
[2026-09-06T03:46:09.155+0000] {logging_mixin.py:188} INFO - [2026-09-06T03:46:09.155+0000] {dag.py:3089} INFO - Sync 1 DAGs
[2026-09-06T03:46:09.218+0000] {logging_mixin.py:188} INFO - [2026-09-06T03:46:09.218+0000] {dag.py:3947} INFO - Setting next_dagrun for netflix_etl_pipeline to 2026-09-05 00:00:00+00:00, run_after=2026-09-06 00:00:00+00:00
[2026-09-06T03:46:09.273+0000] {processor.py:183} INFO - Processing /opt/airflow/dags/netflix_dag.py took 0.526 seconds
[2026-09-06T03:46:39.659+0000] {processor.py:161} INFO - Started process (PID=1816) to work on /opt/airflow/dags/netflix_dag.py
[2026-09-06T03:46:39.663+0000] {processor.py:830} INFO - Processing file /opt/airflow/dags/netflix_dag.py for tasks to queue
[2026-09-06T03:46:39.669+0000] {logging_mixin.py:188} INFO - [2026-09-06T03:46:39.668+0000] {dagbag.py:545} INFO - Filling up the DagBag from /opt/airflow/dags/netflix_dag.py
[2026-09-06T03:46:39.737+0000] {processor.py:840} INFO - DAG(s) 'netflix_etl_pipeline' retrieved from /opt/airflow/dags/netflix_dag.py
[2026-09-06T03:46:39.840+0000] {logging_mixin.py:188} INFO - [2026-09-06T03:46:39.840+0000] {dag.py:3089} INFO - Sync 1 DAGs
[2026-09-06T03:46:39.922+0000] {logging_mixin.py:188} INFO - [2026-09-06T03:46:39.922+0000] {dag.py:3947} INFO - Setting next_dagrun for netflix_etl_pipeline to 2026-09-05 00:00:00+00:00, run_after=2026-09-06 00:00:00+00:00
[2026-09-06T03:46:39.979+0000] {processor.py:183} INFO - Processing /opt/airflow/dags/netflix_dag.py took 0.336 seconds
[2026-09-06T03:47:10.327+0000] {processor.py:161} INFO - Started process (PID=1827) to work on /opt/airflow/dags/netflix_dag.py
[2026-09-06T03:47:10.329+0000] {processor.py:830} INFO - Processing file /opt/airflow/dags/netflix_dag.py for tasks to queue
[2026-09-06T03:47:10.332+0000] {logging_mixin.py:188} INFO - [2026-09-06T03:47:10.331+0000] {dagbag.py:545} INFO - Filling up the DagBag from /opt/airflow/dags/netflix_dag.py
[2026-09-06T03:47:10.358+0000] {processor.py:840} INFO - DAG(s) 'netflix_etl_pipeline' retrieved from /opt/airflow/dags/netflix_dag.py
[2026-09-06T03:47:10.398+0000] {logging_mixin.py:188} INFO - [2026-09-06T03:47:10.398+0000] {dag.py:3089} INFO - Sync 1 DAGs
[2026-09-06T03:47:10.424+0000] {logging_mixin.py:188} INFO - [2026-09-06T03:47:10.424+0000] {dag.py:3947} INFO - Setting next_dagrun for netflix_etl_pipeline to 2026-09-05 00:00:00+00:00, run_after=2026-09-06 00:00:00+00:00
[2026-09-06T03:47:10.449+0000] {processor.py:183} INFO - Processing /opt/airflow/dags/netflix_dag.py took 0.130 seconds
[2026-09-06T03:47:40.589+0000] {processor.py:161} INFO - Started process (PID=1838) to work on /opt/airflow/dags/netflix_dag.py
[2026-09-06T03:47:40.593+0000] {processor.py:830} INFO - Processing file /opt/airflow/dags/netflix_dag.py for tasks to queue
[2026-09-06T03:47:40.599+0000] {logging_mixin.py:188} INFO - [2026-09-06T03:47:40.598+0000] {dagbag.py:545} INFO - Filling up the DagBag from /opt/airflow/dags/netflix_dag.py
[2026-09-06T03:47:40.661+0000] {processor.py:840} INFO - DAG(s) 'netflix_etl_pipeline' retrieved from /opt/airflow/dags/netflix_dag.py
[2026-09-06T03:47:40.766+0000] {logging_mixin.py:188} INFO - [2026-09-06T03:47:40.765+0000] {dag.py:3089} INFO - Sync 1 DAGs
[2026-09-06T03:47:40.818+0000] {logging_mixin.py:188} INFO - [2026-09-06T03:47:40.818+0000] {dag.py:3947} INFO - Setting next_dagrun for netflix_etl_pipeline to 2026-09-05 00:00:00+00:00, run_after=2026-09-06 00:00:00+00:00
[2026-09-06T03:47:40.867+0000] {processor.py:183} INFO - Processing /opt/airflow/dags/netflix_dag.py took 0.293 seconds
[2026-09-06T03:48:11.163+0000] {processor.py:161} INFO - Started process (PID=1849) to work on /opt/airflow/dags/netflix_dag.py
[2026-09-06T03:48:11.166+0000] {processor.py:830} INFO - Processing file /opt/airflow/dags/netflix_dag.py for tasks to queue
[2026-09-06T03:48:11.171+0000] {logging_mixin.py:188} INFO - [2026-09-06T03:48:11.170+0000] {dagbag.py:545} INFO - Filling up the DagBag from /opt/airflow/dags/netflix_dag.py
[2026-09-06T03:48:11.230+0000] {processor.py:840} INFO - DAG(s) 'netflix_etl_pipeline' retrieved from /opt/airflow/dags/netflix_dag.py
[2026-09-06T03:48:11.304+0000] {logging_mixin.py:188} INFO - [2026-09-06T03:48:11.304+0000] {dag.py:3089} INFO - Sync 1 DAGs
[2026-09-06T03:48:11.356+0000] {logging_mixin.py:188} INFO - [2026-09-06T03:48:11.356+0000] {dag.py:3947} INFO - Setting next_dagrun for netflix_etl_pipeline to 2026-09-05 00:00:00+00:00, run_after=2026-09-06 00:00:00+00:00
[2026-09-06T03:48:11.404+0000] {processor.py:183} INFO - Processing /opt/airflow/dags/netflix_dag.py took 0.258 seconds
[2026-09-06T03:48:41.686+0000] {processor.py:161} INFO - Started process (PID=1860) to work on /opt/airflow/dags/netflix_dag.py
[2026-09-06T03:48:41.690+0000] {processor.py:830} INFO - Processing file /opt/airflow/dags/netflix_dag.py for tasks to queue
[2026-09-06T03:48:41.694+0000] {logging_mixin.py:188} INFO - [2026-09-06T03:48:41.694+0000] {dagbag.py:545} INFO - Filling up the DagBag from /opt/airflow/dags/netflix_dag.py
[2026-09-06T03:48:41.757+0000] {processor.py:840} INFO - DAG(s) 'netflix_etl_pipeline' retrieved from /opt/airflow/dags/netflix_dag.py
[2026-09-06T03:48:41.870+0000] {logging_mixin.py:188} INFO - [2026-09-06T03:48:41.870+0000] {dag.py:3089} INFO - Sync 1 DAGs
[2026-09-06T03:48:41.940+0000] {logging_mixin.py:188} INFO - [2026-09-06T03:48:41.940+0000] {dag.py:3947} INFO - Setting next_dagrun for netflix_etl_pipeline to 2026-09-05 00:00:00+00:00, run_after=2026-09-06 00:00:00+00:00
[2026-09-06T03:48:41.990+0000] {processor.py:183} INFO - Processing /opt/airflow/dags/netflix_dag.py took 0.316 seconds
[2026-09-06T03:49:12.333+0000] {processor.py:161} INFO - Started process (PID=1871) to work on /opt/airflow/dags/netflix_dag.py
[2026-09-06T03:49:12.336+0000] {processor.py:830} INFO - Processing file /opt/airflow/dags/netflix_dag.py for tasks to queue
[2026-09-06T03:49:12.341+0000] {logging_mixin.py:188} INFO - [2026-09-06T03:49:12.340+0000] {dagbag.py:545} INFO - Filling up the DagBag from /opt/airflow/dags/netflix_dag.py
[2026-09-06T03:49:12.388+0000] {processor.py:840} INFO - DAG(s) 'netflix_etl_pipeline' retrieved from /opt/airflow/dags/netflix_dag.py
[2026-09-06T03:49:12.464+0000] {logging_mixin.py:188} INFO - [2026-09-06T03:49:12.463+0000] {dag.py:3089} INFO - Sync 1 DAGs
[2026-09-06T03:49:12.510+0000] {logging_mixin.py:188} INFO - [2026-09-06T03:49:12.509+0000] {dag.py:3947} INFO - Setting next_dagrun for netflix_etl_pipeline to 2026-09-05 00:00:00+00:00, run_after=2026-09-06 00:00:00+00:00
[2026-09-06T03:49:12.555+0000] {processor.py:183} INFO - Processing /opt/airflow/dags/netflix_dag.py took 0.234 seconds
[2026-09-06T03:49:42.840+0000] {processor.py:161} INFO - Started process (PID=1882) to work on /opt/airflow/dags/netflix_dag.py
[2026-09-06T03:49:42.841+0000] {processor.py:830} INFO - Processing file /opt/airflow/dags/netflix_dag.py for tasks to queue
[2026-09-06T03:49:42.844+0000] {logging_mixin.py:188} INFO - [2026-09-06T03:49:42.844+0000] {dagbag.py:545} INFO - Filling up the DagBag from /opt/airflow/dags/netflix_dag.py
[2026-09-06T03:49:42.870+0000] {processor.py:840} INFO - DAG(s) 'netflix_etl_pipeline' retrieved from /opt/airflow/dags/netflix_dag.py
[2026-09-06T03:49:42.911+0000] {logging_mixin.py:188} INFO - [2026-09-06T03:49:42.911+0000] {dag.py:3089} INFO - Sync 1 DAGs
[2026-09-06T03:49:42.934+0000] {logging_mixin.py:188} INFO - [2026-09-06T03:49:42.934+0000] {dag.py:3947} INFO - Setting next_dagrun for netflix_etl_pipeline to 2026-09-05 00:00:00+00:00, run_after=2026-09-06 00:00:00+00:00
[2026-09-06T03:49:42.956+0000] {processor.py:183} INFO - Processing /opt/airflow/dags/netflix_dag.py took 0.122 seconds
[2026-09-06T03:50:13.107+0000] {processor.py:161} INFO - Started process (PID=1893) to work on /opt/airflow/dags/netflix_dag.py
[2026-09-06T03:50:13.111+0000] {processor.py:830} INFO - Processing file /opt/airflow/dags/netflix_dag.py for tasks to queue
[2026-09-06T03:50:13.117+0000] {logging_mixin.py:188} INFO - [2026-09-06T03:50:13.117+0000] {dagbag.py:545} INFO - Filling up the DagBag from /opt/airflow/dags/netflix_dag.py
[2026-09-06T03:50:13.174+0000] {processor.py:840} INFO - DAG(s) 'netflix_etl_pipeline' retrieved from /opt/airflow/dags/netflix_dag.py
[2026-09-06T03:50:13.247+0000] {logging_mixin.py:188} INFO - [2026-09-06T03:50:13.247+0000] {dag.py:3089} INFO - Sync 1 DAGs
[2026-09-06T03:50:13.297+0000] {logging_mixin.py:188} INFO - [2026-09-06T03:50:13.297+0000] {dag.py:3947} INFO - Setting next_dagrun for netflix_etl_pipeline to 2026-09-05 00:00:00+00:00, run_after=2026-09-06 00:00:00+00:00
[2026-09-06T03:50:13.339+0000] {processor.py:183} INFO - Processing /opt/airflow/dags/netflix_dag.py took 0.249 seconds
[2026-09-06T03:50:43.408+0000] {processor.py:161} INFO - Started process (PID=1904) to work on /opt/airflow/dags/netflix_dag.py
[2026-09-06T03:50:43.410+0000] {processor.py:830} INFO - Processing file /opt/airflow/dags/netflix_dag.py for tasks to queue
[2026-09-06T03:50:43.413+0000] {logging_mixin.py:188} INFO - [2026-09-06T03:50:43.413+0000] {dagbag.py:545} INFO - Filling up the DagBag from /opt/airflow/dags/netflix_dag.py
[2026-09-06T03:50:43.438+0000] {processor.py:840} INFO - DAG(s) 'netflix_etl_pipeline' retrieved from /opt/airflow/dags/netflix_dag.py
[2026-09-06T03:50:43.477+0000] {logging_mixin.py:188} INFO - [2026-09-06T03:50:43.476+0000] {dag.py:3089} INFO - Sync 1 DAGs
[2026-09-06T03:50:43.498+0000] {logging_mixin.py:188} INFO - [2026-09-06T03:50:43.498+0000] {dag.py:3947} INFO - Setting next_dagrun for netflix_etl_pipeline to 2026-09-05 00:00:00+00:00, run_after=2026-09-06 00:00:00+00:00
[2026-09-06T03:50:43.521+0000] {processor.py:183} INFO - Processing /opt/airflow/dags/netflix_dag.py took 0.119 seconds
[2026-09-06T03:51:13.749+0000] {processor.py:161} INFO - Started process (PID=1915) to work on /opt/airflow/dags/netflix_dag.py
[2026-09-06T03:51:13.753+0000] {processor.py:830} INFO - Processing file /opt/airflow/dags/netflix_dag.py for tasks to queue
[2026-09-06T03:51:13.759+0000] {logging_mixin.py:188} INFO - [2026-09-06T03:51:13.758+0000] {dagbag.py:545} INFO - Filling up the DagBag from /opt/airflow/dags/netflix_dag.py
[2026-09-06T03:51:13.807+0000] {processor.py:840} INFO - DAG(s) 'netflix_etl_pipeline' retrieved from /opt/airflow/dags/netflix_dag.py
[2026-09-06T03:51:13.876+0000] {logging_mixin.py:188} INFO - [2026-09-06T03:51:13.875+0000] {dag.py:3089} INFO - Sync 1 DAGs
[2026-09-06T03:51:13.923+0000] {logging_mixin.py:188} INFO - [2026-09-06T03:51:13.923+0000] {dag.py:3947} INFO - Setting next_dagrun for netflix_etl_pipeline to 2026-09-05 00:00:00+00:00, run_after=2026-09-06 00:00:00+00:00
[2026-09-06T03:51:13.963+0000] {processor.py:183} INFO - Processing /opt/airflow/dags/netflix_dag.py took 0.231 seconds
[2026-09-06T03:51:44.240+0000] {processor.py:161} INFO - Started process (PID=1926) to work on /opt/airflow/dags/netflix_dag.py
[2026-09-06T03:51:44.242+0000] {processor.py:830} INFO - Processing file /opt/airflow/dags/netflix_dag.py for tasks to queue
[2026-09-06T03:51:44.245+0000] {logging_mixin.py:188} INFO - [2026-09-06T03:51:44.245+0000] {dagbag.py:545} INFO - Filling up the DagBag from /opt/airflow/dags/netflix_dag.py
[2026-09-06T03:51:44.277+0000] {processor.py:840} INFO - DAG(s) 'netflix_etl_pipeline' retrieved from /opt/airflow/dags/netflix_dag.py
[2026-09-06T03:51:44.327+0000] {logging_mixin.py:188} INFO - [2026-09-06T03:51:44.327+0000] {dag.py:3089} INFO - Sync 1 DAGs
[2026-09-06T03:51:44.354+0000] {logging_mixin.py:188} INFO - [2026-09-06T03:51:44.353+0000] {dag.py:3947} INFO - Setting next_dagrun for netflix_etl_pipeline to 2026-09-05 00:00:00+00:00, run_after=2026-09-06 00:00:00+00:00
[2026-09-06T03:51:44.379+0000] {processor.py:183} INFO - Processing /opt/airflow/dags/netflix_dag.py took 0.149 seconds
[2026-09-06T03:52:14.459+0000] {processor.py:161} INFO - Started process (PID=1937) to work on /opt/airflow/dags/netflix_dag.py
[2026-09-06T03:52:14.461+0000] {processor.py:830} INFO - Processing file /opt/airflow/dags/netflix_dag.py for tasks to queue
[2026-09-06T03:52:14.463+0000] {logging_mixin.py:188} INFO - [2026-09-06T03:52:14.463+0000] {dagbag.py:545} INFO - Filling up the DagBag from /opt/airflow/dags/netflix_dag.py
[2026-09-06T03:52:14.487+0000] {processor.py:840} INFO - DAG(s) 'netflix_etl_pipeline' retrieved from /opt/airflow/dags/netflix_dag.py
[2026-09-06T03:52:14.526+0000] {logging_mixin.py:188} INFO - [2026-09-06T03:52:14.526+0000] {dag.py:3089} INFO - Sync 1 DAGs
[2026-09-06T03:52:14.549+0000] {logging_mixin.py:188} INFO - [2026-09-06T03:52:14.548+0000] {dag.py:3947} INFO - Setting next_dagrun for netflix_etl_pipeline to 2026-09-05 00:00:00+00:00, run_after=2026-09-06 00:00:00+00:00
[2026-09-06T03:52:14.570+0000] {processor.py:183} INFO - Processing /opt/airflow/dags/netflix_dag.py took 0.117 seconds
[2026-09-06T03:52:44.859+0000] {processor.py:161} INFO - Started process (PID=1948) to work on /opt/airflow/dags/netflix_dag.py
[2026-09-06T03:52:44.862+0000] {processor.py:830} INFO - Processing file /opt/airflow/dags/netflix_dag.py for tasks to queue
[2026-09-06T03:52:44.868+0000] {logging_mixin.py:188} INFO - [2026-09-06T03:52:44.867+0000] {dagbag.py:545} INFO - Filling up the DagBag from /opt/airflow/dags/netflix_dag.py
[2026-09-06T03:52:44.903+0000] {processor.py:840} INFO - DAG(s) 'netflix_etl_pipeline' retrieved from /opt/airflow/dags/netflix_dag.py
[2026-09-06T03:52:44.939+0000] {logging_mixin.py:188} INFO - [2026-09-06T03:52:44.939+0000] {dag.py:3089} INFO - Sync 1 DAGs
[2026-09-06T03:52:44.962+0000] {logging_mixin.py:188} INFO - [2026-09-06T03:52:44.961+0000] {dag.py:3947} INFO - Setting next_dagrun for netflix_etl_pipeline to 2026-09-05 00:00:00+00:00, run_after=2026-09-06 00:00:00+00:00
[2026-09-06T03:52:44.985+0000] {processor.py:183} INFO - Processing /opt/airflow/dags/netflix_dag.py took 0.140 seconds
[2026-09-06T03:53:15.107+0000] {processor.py:161} INFO - Started process (PID=1959) to work on /opt/airflow/dags/netflix_dag.py
[2026-09-06T03:53:15.111+0000] {processor.py:830} INFO - Processing file /opt/airflow/dags/netflix_dag.py for tasks to queue
[2026-09-06T03:53:15.117+0000] {logging_mixin.py:188} INFO - [2026-09-06T03:53:15.116+0000] {dagbag.py:545} INFO - Filling up the DagBag from /opt/airflow/dags/netflix_dag.py
[2026-09-06T03:53:15.168+0000] {processor.py:840} INFO - DAG(s) 'netflix_etl_pipeline' retrieved from /opt/airflow/dags/netflix_dag.py
[2026-09-06T03:53:15.243+0000] {logging_mixin.py:188} INFO - [2026-09-06T03:53:15.243+0000] {dag.py:3089} INFO - Sync 1 DAGs
[2026-09-06T03:53:15.286+0000] {logging_mixin.py:188} INFO - [2026-09-06T03:53:15.286+0000] {dag.py:3947} INFO - Setting next_dagrun for netflix_etl_pipeline to 2026-09-05 00:00:00+00:00, run_after=2026-09-06 00:00:00+00:00
[2026-09-06T03:53:15.329+0000] {processor.py:183} INFO - Processing /opt/airflow/dags/netflix_dag.py took 0.234 seconds
[2026-09-06T03:53:45.598+0000] {processor.py:161} INFO - Started process (PID=1971) to work on /opt/airflow/dags/netflix_dag.py
[2026-09-06T03:53:45.601+0000] {processor.py:830} INFO - Processing file /opt/airflow/dags/netflix_dag.py for tasks to queue
[2026-09-06T03:53:45.607+0000] {logging_mixin.py:188} INFO - [2026-09-06T03:53:45.606+0000] {dagbag.py:545} INFO - Filling up the DagBag from /opt/airflow/dags/netflix_dag.py
[2026-09-06T03:53:45.663+0000] {processor.py:840} INFO - DAG(s) 'netflix_etl_pipeline' retrieved from /opt/airflow/dags/netflix_dag.py
[2026-09-06T03:53:45.740+0000] {logging_mixin.py:188} INFO - [2026-09-06T03:53:45.739+0000] {dag.py:3089} INFO - Sync 1 DAGs
[2026-09-06T03:53:45.796+0000] {logging_mixin.py:188} INFO - [2026-09-06T03:53:45.795+0000] {dag.py:3947} INFO - Setting next_dagrun for netflix_etl_pipeline to 2026-09-05 00:00:00+00:00, run_after=2026-09-06 00:00:00+00:00
[2026-09-06T03:53:45.840+0000] {processor.py:183} INFO - Processing /opt/airflow/dags/netflix_dag.py took 0.257 seconds
[2026-09-06T03:54:16.140+0000] {processor.py:161} INFO - Started process (PID=1982) to work on /opt/airflow/dags/netflix_dag.py
[2026-09-06T03:54:16.143+0000] {processor.py:830} INFO - Processing file /opt/airflow/dags/netflix_dag.py for tasks to queue
[2026-09-06T03:54:16.148+0000] {logging_mixin.py:188} INFO - [2026-09-06T03:54:16.147+0000] {dagbag.py:545} INFO - Filling up the DagBag from /opt/airflow/dags/netflix_dag.py
[2026-09-06T03:54:16.194+0000] {processor.py:840} INFO - DAG(s) 'netflix_etl_pipeline' retrieved from /opt/airflow/dags/netflix_dag.py
[2026-09-06T03:54:16.275+0000] {logging_mixin.py:188} INFO - [2026-09-06T03:54:16.275+0000] {dag.py:3089} INFO - Sync 1 DAGs
[2026-09-06T03:54:16.332+0000] {logging_mixin.py:188} INFO - [2026-09-06T03:54:16.332+0000] {dag.py:3947} INFO - Setting next_dagrun for netflix_etl_pipeline to 2026-09-05 00:00:00+00:00, run_after=2026-09-06 00:00:00+00:00
[2026-09-06T03:54:16.379+0000] {processor.py:183} INFO - Processing /opt/airflow/dags/netflix_dag.py took 0.251 seconds
[2026-09-06T03:54:46.657+0000] {processor.py:161} INFO - Started process (PID=1994) to work on /opt/airflow/dags/netflix_dag.py
[2026-09-06T03:54:46.660+0000] {processor.py:830} INFO - Processing file /opt/airflow/dags/netflix_dag.py for tasks to queue
[2026-09-06T03:54:46.665+0000] {logging_mixin.py:188} INFO - [2026-09-06T03:54:46.665+0000] {dagbag.py:545} INFO - Filling up the DagBag from /opt/airflow/dags/netflix_dag.py
[2026-09-06T03:54:46.714+0000] {processor.py:840} INFO - DAG(s) 'netflix_etl_pipeline' retrieved from /opt/airflow/dags/netflix_dag.py
[2026-09-06T03:54:46.787+0000] {logging_mixin.py:188} INFO - [2026-09-06T03:54:46.787+0000] {dag.py:3089} INFO - Sync 1 DAGs
[2026-09-06T03:54:46.816+0000] {logging_mixin.py:188} INFO - [2026-09-06T03:54:46.816+0000] {dag.py:3947} INFO - Setting next_dagrun for netflix_etl_pipeline to 2026-09-05 00:00:00+00:00, run_after=2026-09-06 00:00:00+00:00
[2026-09-06T03:54:46.840+0000] {processor.py:183} INFO - Processing /opt/airflow/dags/netflix_dag.py took 0.196 seconds
[2026-09-06T03:55:17.117+0000] {processor.py:161} INFO - Started process (PID=2005) to work on /opt/airflow/dags/netflix_dag.py
[2026-09-06T03:55:17.120+0000] {processor.py:830} INFO - Processing file /opt/airflow/dags/netflix_dag.py for tasks to queue
[2026-09-06T03:55:17.126+0000] {logging_mixin.py:188} INFO - [2026-09-06T03:55:17.125+0000] {dagbag.py:545} INFO - Filling up the DagBag from /opt/airflow/dags/netflix_dag.py
[2026-09-06T03:55:17.172+0000] {processor.py:840} INFO - DAG(s) 'netflix_etl_pipeline' retrieved from /opt/airflow/dags/netflix_dag.py
[2026-09-06T03:55:17.273+0000] {logging_mixin.py:188} INFO - [2026-09-06T03:55:17.272+0000] {dag.py:3089} INFO - Sync 1 DAGs
[2026-09-06T03:55:17.369+0000] {logging_mixin.py:188} INFO - [2026-09-06T03:55:17.368+0000] {dag.py:3947} INFO - Setting next_dagrun for netflix_etl_pipeline to 2026-09-05 00:00:00+00:00, run_after=2026-09-06 00:00:00+00:00
[2026-09-06T03:55:17.433+0000] {processor.py:183} INFO - Processing /opt/airflow/dags/netflix_dag.py took 0.328 seconds
[2026-09-06T03:55:47.731+0000] {processor.py:161} INFO - Started process (PID=2016) to work on /opt/airflow/dags/netflix_dag.py
[2026-09-06T03:55:47.734+0000] {processor.py:830} INFO - Processing file /opt/airflow/dags/netflix_dag.py for tasks to queue
[2026-09-06T03:55:47.741+0000] {logging_mixin.py:188} INFO - [2026-09-06T03:55:47.740+0000] {dagbag.py:545} INFO - Filling up the DagBag from /opt/airflow/dags/netflix_dag.py
[2026-09-06T03:55:47.794+0000] {processor.py:840} INFO - DAG(s) 'netflix_etl_pipeline' retrieved from /opt/airflow/dags/netflix_dag.py
[2026-09-06T03:55:47.887+0000] {logging_mixin.py:188} INFO - [2026-09-06T03:55:47.887+0000] {dag.py:3089} INFO - Sync 1 DAGs
[2026-09-06T03:55:47.940+0000] {logging_mixin.py:188} INFO - [2026-09-06T03:55:47.939+0000] {dag.py:3947} INFO - Setting next_dagrun for netflix_etl_pipeline to 2026-09-05 00:00:00+00:00, run_after=2026-09-06 00:00:00+00:00
[2026-09-06T03:55:47.982+0000] {processor.py:183} INFO - Processing /opt/airflow/dags/netflix_dag.py took 0.266 seconds
[2026-09-06T03:56:18.272+0000] {processor.py:161} INFO - Started process (PID=2027) to work on /opt/airflow/dags/netflix_dag.py
[2026-09-06T03:56:18.275+0000] {processor.py:830} INFO - Processing file /opt/airflow/dags/netflix_dag.py for tasks to queue
[2026-09-06T03:56:18.280+0000] {logging_mixin.py:188} INFO - [2026-09-06T03:56:18.279+0000] {dagbag.py:545} INFO - Filling up the DagBag from /opt/airflow/dags/netflix_dag.py
[2026-09-06T03:56:18.332+0000] {processor.py:840} INFO - DAG(s) 'netflix_etl_pipeline' retrieved from /opt/airflow/dags/netflix_dag.py
[2026-09-06T03:56:18.405+0000] {logging_mixin.py:188} INFO - [2026-09-06T03:56:18.404+0000] {dag.py:3089} INFO - Sync 1 DAGs
[2026-09-06T03:56:18.451+0000] {logging_mixin.py:188} INFO - [2026-09-06T03:56:18.451+0000] {dag.py:3947} INFO - Setting next_dagrun for netflix_etl_pipeline to 2026-09-05 00:00:00+00:00, run_after=2026-09-06 00:00:00+00:00
[2026-09-06T03:56:18.498+0000] {processor.py:183} INFO - Processing /opt/airflow/dags/netflix_dag.py took 0.244 seconds
[2026-09-06T03:56:48.850+0000] {processor.py:161} INFO - Started process (PID=2038) to work on /opt/airflow/dags/netflix_dag.py
[2026-09-06T03:56:48.852+0000] {processor.py:830} INFO - Processing file /opt/airflow/dags/netflix_dag.py for tasks to queue
[2026-09-06T03:56:48.856+0000] {logging_mixin.py:188} INFO - [2026-09-06T03:56:48.856+0000] {dagbag.py:545} INFO - Filling up the DagBag from /opt/airflow/dags/netflix_dag.py
[2026-09-06T03:56:48.885+0000] {processor.py:840} INFO - DAG(s) 'netflix_etl_pipeline' retrieved from /opt/airflow/dags/netflix_dag.py
[2026-09-06T03:56:48.925+0000] {logging_mixin.py:188} INFO - [2026-09-06T03:56:48.925+0000] {dag.py:3089} INFO - Sync 1 DAGs
[2026-09-06T03:56:48.953+0000] {logging_mixin.py:188} INFO - [2026-09-06T03:56:48.952+0000] {dag.py:3947} INFO - Setting next_dagrun for netflix_etl_pipeline to 2026-09-05 00:00:00+00:00, run_after=2026-09-06 00:00:00+00:00
[2026-09-06T03:56:48.986+0000] {processor.py:183} INFO - Processing /opt/airflow/dags/netflix_dag.py took 0.144 seconds
[2026-09-06T03:57:19.242+0000] {processor.py:161} INFO - Started process (PID=2049) to work on /opt/airflow/dags/netflix_dag.py
[2026-09-06T03:57:19.247+0000] {processor.py:830} INFO - Processing file /opt/airflow/dags/netflix_dag.py for tasks to queue
[2026-09-06T03:57:19.260+0000] {logging_mixin.py:188} INFO - [2026-09-06T03:57:19.259+0000] {dagbag.py:545} INFO - Filling up the DagBag from /opt/airflow/dags/netflix_dag.py
[2026-09-06T03:57:19.347+0000] {processor.py:840} INFO - DAG(s) 'netflix_etl_pipeline' retrieved from /opt/airflow/dags/netflix_dag.py
[2026-09-06T03:57:19.439+0000] {logging_mixin.py:188} INFO - [2026-09-06T03:57:19.439+0000] {dag.py:3089} INFO - Sync 1 DAGs
[2026-09-06T03:57:19.491+0000] {logging_mixin.py:188} INFO - [2026-09-06T03:57:19.491+0000] {dag.py:3947} INFO - Setting next_dagrun for netflix_etl_pipeline to 2026-09-05 00:00:00+00:00, run_after=2026-09-06 00:00:00+00:00
[2026-09-06T03:57:19.539+0000] {processor.py:183} INFO - Processing /opt/airflow/dags/netflix_dag.py took 0.324 seconds
[2026-09-06T03:57:49.875+0000] {processor.py:161} INFO - Started process (PID=2061) to work on /opt/airflow/dags/netflix_dag.py
[2026-09-06T03:57:49.878+0000] {processor.py:830} INFO - Processing file /opt/airflow/dags/netflix_dag.py for tasks to queue
[2026-09-06T03:57:49.884+0000] {logging_mixin.py:188} INFO - [2026-09-06T03:57:49.884+0000] {dagbag.py:545} INFO - Filling up the DagBag from /opt/airflow/dags/netflix_dag.py
[2026-09-06T03:57:49.934+0000] {processor.py:840} INFO - DAG(s) 'netflix_etl_pipeline' retrieved from /opt/airflow/dags/netflix_dag.py
[2026-09-06T03:57:50.008+0000] {logging_mixin.py:188} INFO - [2026-09-06T03:57:50.008+0000] {dag.py:3089} INFO - Sync 1 DAGs
[2026-09-06T03:57:50.059+0000] {logging_mixin.py:188} INFO - [2026-09-06T03:57:50.059+0000] {dag.py:3947} INFO - Setting next_dagrun for netflix_etl_pipeline to 2026-09-05 00:00:00+00:00, run_after=2026-09-06 00:00:00+00:00
[2026-09-06T03:57:50.108+0000] {processor.py:183} INFO - Processing /opt/airflow/dags/netflix_dag.py took 0.248 seconds
[2026-09-06T03:58:20.455+0000] {processor.py:161} INFO - Started process (PID=2072) to work on /opt/airflow/dags/netflix_dag.py
[2026-09-06T03:58:20.458+0000] {processor.py:830} INFO - Processing file /opt/airflow/dags/netflix_dag.py for tasks to queue
[2026-09-06T03:58:20.464+0000] {logging_mixin.py:188} INFO - [2026-09-06T03:58:20.463+0000] {dagbag.py:545} INFO - Filling up the DagBag from /opt/airflow/dags/netflix_dag.py
[2026-09-06T03:58:20.506+0000] {processor.py:840} INFO - DAG(s) 'netflix_etl_pipeline' retrieved from /opt/airflow/dags/netflix_dag.py
[2026-09-06T03:58:20.578+0000] {logging_mixin.py:188} INFO - [2026-09-06T03:58:20.577+0000] {dag.py:3089} INFO - Sync 1 DAGs
[2026-09-06T03:58:20.625+0000] {logging_mixin.py:188} INFO - [2026-09-06T03:58:20.625+0000] {dag.py:3947} INFO - Setting next_dagrun for netflix_etl_pipeline to 2026-09-05 00:00:00+00:00, run_after=2026-09-06 00:00:00+00:00
[2026-09-06T03:58:20.668+0000] {processor.py:183} INFO - Processing /opt/airflow/dags/netflix_dag.py took 0.239 seconds
[2026-09-06T03:58:50.959+0000] {processor.py:161} INFO - Started process (PID=2083) to work on /opt/airflow/dags/netflix_dag.py
[2026-09-06T03:58:50.963+0000] {processor.py:830} INFO - Processing file /opt/airflow/dags/netflix_dag.py for tasks to queue
[2026-09-06T03:58:50.971+0000] {logging_mixin.py:188} INFO - [2026-09-06T03:58:50.970+0000] {dagbag.py:545} INFO - Filling up the DagBag from /opt/airflow/dags/netflix_dag.py
[2026-09-06T03:58:51.023+0000] {processor.py:840} INFO - DAG(s) 'netflix_etl_pipeline' retrieved from /opt/airflow/dags/netflix_dag.py
[2026-09-06T03:58:51.101+0000] {logging_mixin.py:188} INFO - [2026-09-06T03:58:51.101+0000] {dag.py:3089} INFO - Sync 1 DAGs
[2026-09-06T03:58:51.154+0000] {logging_mixin.py:188} INFO - [2026-09-06T03:58:51.154+0000] {dag.py:3947} INFO - Setting next_dagrun for netflix_etl_pipeline to 2026-09-05 00:00:00+00:00, run_after=2026-09-06 00:00:00+00:00
[2026-09-06T03:58:51.202+0000] {processor.py:183} INFO - Processing /opt/airflow/dags/netflix_dag.py took 0.262 seconds
[2026-09-06T03:59:21.576+0000] {processor.py:161} INFO - Started process (PID=2094) to work on /opt/airflow/dags/netflix_dag.py
[2026-09-06T03:59:21.579+0000] {processor.py:830} INFO - Processing file /opt/airflow/dags/netflix_dag.py for tasks to queue
[2026-09-06T03:59:21.585+0000] {logging_mixin.py:188} INFO - [2026-09-06T03:59:21.584+0000] {dagbag.py:545} INFO - Filling up the DagBag from /opt/airflow/dags/netflix_dag.py
[2026-09-06T03:59:21.634+0000] {processor.py:840} INFO - DAG(s) 'netflix_etl_pipeline' retrieved from /opt/airflow/dags/netflix_dag.py
[2026-09-06T03:59:21.718+0000] {logging_mixin.py:188} INFO - [2026-09-06T03:59:21.717+0000] {dag.py:3089} INFO - Sync 1 DAGs
[2026-09-06T03:59:21.763+0000] {logging_mixin.py:188} INFO - [2026-09-06T03:59:21.763+0000] {dag.py:3947} INFO - Setting next_dagrun for netflix_etl_pipeline to 2026-09-05 00:00:00+00:00, run_after=2026-09-06 00:00:00+00:00
[2026-09-06T03:59:21.806+0000] {processor.py:183} INFO - Processing /opt/airflow/dags/netflix_dag.py took 0.246 seconds
[2026-09-06T03:59:51.948+0000] {processor.py:161} INFO - Started process (PID=2105) to work on /opt/airflow/dags/netflix_dag.py
[2026-09-06T03:59:51.951+0000] {processor.py:830} INFO - Processing file /opt/airflow/dags/netflix_dag.py for tasks to queue
[2026-09-06T03:59:51.957+0000] {logging_mixin.py:188} INFO - [2026-09-06T03:59:51.956+0000] {dagbag.py:545} INFO - Filling up the DagBag from /opt/airflow/dags/netflix_dag.py
[2026-09-06T03:59:52.009+0000] {processor.py:840} INFO - DAG(s) 'netflix_etl_pipeline' retrieved from /opt/airflow/dags/netflix_dag.py
[2026-09-06T03:59:52.089+0000] {logging_mixin.py:188} INFO - [2026-09-06T03:59:52.088+0000] {dag.py:3089} INFO - Sync 1 DAGs
[2026-09-06T03:59:52.139+0000] {logging_mixin.py:188} INFO - [2026-09-06T03:59:52.139+0000] {dag.py:3947} INFO - Setting next_dagrun for netflix_etl_pipeline to 2026-09-05 00:00:00+00:00, run_after=2026-09-06 00:00:00+00:00
[2026-09-06T03:59:52.181+0000] {processor.py:183} INFO - Processing /opt/airflow/dags/netflix_dag.py took 0.249 seconds
[2026-09-06T04:00:22.288+0000] {processor.py:161} INFO - Started process (PID=2117) to work on /opt/airflow/dags/netflix_dag.py
[2026-09-06T04:00:22.290+0000] {processor.py:830} INFO - Processing file /opt/airflow/dags/netflix_dag.py for tasks to queue
[2026-09-06T04:00:22.293+0000] {logging_mixin.py:188} INFO - [2026-09-06T04:00:22.292+0000] {dagbag.py:545} INFO - Filling up the DagBag from /opt/airflow/dags/netflix_dag.py
[2026-09-06T04:00:22.315+0000] {processor.py:840} INFO - DAG(s) 'netflix_etl_pipeline' retrieved from /opt/airflow/dags/netflix_dag.py
[2026-09-06T04:00:22.354+0000] {logging_mixin.py:188} INFO - [2026-09-06T04:00:22.353+0000] {dag.py:3089} INFO - Sync 1 DAGs
[2026-09-06T04:00:22.379+0000] {logging_mixin.py:188} INFO - [2026-09-06T04:00:22.379+0000] {dag.py:3947} INFO - Setting next_dagrun for netflix_etl_pipeline to 2026-09-05 00:00:00+00:00, run_after=2026-09-06 00:00:00+00:00
[2026-09-06T04:00:22.400+0000] {processor.py:183} INFO - Processing /opt/airflow/dags/netflix_dag.py took 0.119 seconds
[2026-09-06T04:00:52.546+0000] {processor.py:161} INFO - Started process (PID=2128) to work on /opt/airflow/dags/netflix_dag.py
[2026-09-06T04:00:52.548+0000] {processor.py:830} INFO - Processing file /opt/airflow/dags/netflix_dag.py for tasks to queue
[2026-09-06T04:00:52.551+0000] {logging_mixin.py:188} INFO - [2026-09-06T04:00:52.551+0000] {dagbag.py:545} INFO - Filling up the DagBag from /opt/airflow/dags/netflix_dag.py
[2026-09-06T04:00:52.573+0000] {processor.py:840} INFO - DAG(s) 'netflix_etl_pipeline' retrieved from /opt/airflow/dags/netflix_dag.py
[2026-09-06T04:00:52.611+0000] {logging_mixin.py:188} INFO - [2026-09-06T04:00:52.611+0000] {dag.py:3089} INFO - Sync 1 DAGs
[2026-09-06T04:00:52.636+0000] {logging_mixin.py:188} INFO - [2026-09-06T04:00:52.636+0000] {dag.py:3947} INFO - Setting next_dagrun for netflix_etl_pipeline to 2026-09-05 00:00:00+00:00, run_after=2026-09-06 00:00:00+00:00
[2026-09-06T04:00:52.657+0000] {processor.py:183} INFO - Processing /opt/airflow/dags/netflix_dag.py took 0.120 seconds
[2026-09-06T04:01:22.888+0000] {processor.py:161} INFO - Started process (PID=2139) to work on /opt/airflow/dags/netflix_dag.py
[2026-09-06T04:01:22.890+0000] {processor.py:830} INFO - Processing file /opt/airflow/dags/netflix_dag.py for tasks to queue
[2026-09-06T04:01:22.893+0000] {logging_mixin.py:188} INFO - [2026-09-06T04:01:22.892+0000] {dagbag.py:545} INFO - Filling up the DagBag from /opt/airflow/dags/netflix_dag.py
[2026-09-06T04:01:22.916+0000] {processor.py:840} INFO - DAG(s) 'netflix_etl_pipeline' retrieved from /opt/airflow/dags/netflix_dag.py
[2026-09-06T04:01:22.953+0000] {logging_mixin.py:188} INFO - [2026-09-06T04:01:22.953+0000] {dag.py:3089} INFO - Sync 1 DAGs
[2026-09-06T04:01:22.977+0000] {logging_mixin.py:188} INFO - [2026-09-06T04:01:22.976+0000] {dag.py:3947} INFO - Setting next_dagrun for netflix_etl_pipeline to 2026-09-05 00:00:00+00:00, run_after=2026-09-06 00:00:00+00:00
[2026-09-06T04:01:22.999+0000] {processor.py:183} INFO - Processing /opt/airflow/dags/netflix_dag.py took 0.122 seconds
[2026-09-06T04:01:53.168+0000] {processor.py:161} INFO - Started process (PID=2150) to work on /opt/airflow/dags/netflix_dag.py
[2026-09-06T04:01:53.171+0000] {processor.py:830} INFO - Processing file /opt/airflow/dags/netflix_dag.py for tasks to queue
[2026-09-06T04:01:53.176+0000] {logging_mixin.py:188} INFO - [2026-09-06T04:01:53.175+0000] {dagbag.py:545} INFO - Filling up the DagBag from /opt/airflow/dags/netflix_dag.py
[2026-09-06T04:01:53.223+0000] {processor.py:840} INFO - DAG(s) 'netflix_etl_pipeline' retrieved from /opt/airflow/dags/netflix_dag.py
[2026-09-06T04:01:53.289+0000] {logging_mixin.py:188} INFO - [2026-09-06T04:01:53.288+0000] {dag.py:3089} INFO - Sync 1 DAGs
[2026-09-06T04:01:53.340+0000] {logging_mixin.py:188} INFO - [2026-09-06T04:01:53.339+0000] {dag.py:3947} INFO - Setting next_dagrun for netflix_etl_pipeline to 2026-09-05 00:00:00+00:00, run_after=2026-09-06 00:00:00+00:00
[2026-09-06T04:01:53.396+0000] {processor.py:183} INFO - Processing /opt/airflow/dags/netflix_dag.py took 0.242 seconds
[2026-09-06T04:02:23.465+0000] {processor.py:161} INFO - Started process (PID=2162) to work on /opt/airflow/dags/netflix_dag.py
[2026-09-06T04:02:23.467+0000] {processor.py:830} INFO - Processing file /opt/airflow/dags/netflix_dag.py for tasks to queue
[2026-09-06T04:02:23.470+0000] {logging_mixin.py:188} INFO - [2026-09-06T04:02:23.469+0000] {dagbag.py:545} INFO - Filling up the DagBag from /opt/airflow/dags/netflix_dag.py
[2026-09-06T04:02:23.492+0000] {processor.py:840} INFO - DAG(s) 'netflix_etl_pipeline' retrieved from /opt/airflow/dags/netflix_dag.py
[2026-09-06T04:02:23.536+0000] {logging_mixin.py:188} INFO - [2026-09-06T04:02:23.536+0000] {dag.py:3089} INFO - Sync 1 DAGs
[2026-09-06T04:02:23.559+0000] {logging_mixin.py:188} INFO - [2026-09-06T04:02:23.559+0000] {dag.py:3947} INFO - Setting next_dagrun for netflix_etl_pipeline to 2026-09-05 00:00:00+00:00, run_after=2026-09-06 00:00:00+00:00
[2026-09-06T04:02:23.585+0000] {processor.py:183} INFO - Processing /opt/airflow/dags/netflix_dag.py took 0.126 seconds
[2026-09-06T04:02:53.762+0000] {processor.py:161} INFO - Started process (PID=2173) to work on /opt/airflow/dags/netflix_dag.py
[2026-09-06T04:02:53.765+0000] {processor.py:830} INFO - Processing file /opt/airflow/dags/netflix_dag.py for tasks to queue
[2026-09-06T04:02:53.772+0000] {logging_mixin.py:188} INFO - [2026-09-06T04:02:53.771+0000] {dagbag.py:545} INFO - Filling up the DagBag from /opt/airflow/dags/netflix_dag.py
[2026-09-06T04:02:53.826+0000] {processor.py:840} INFO - DAG(s) 'netflix_etl_pipeline' retrieved from /opt/airflow/dags/netflix_dag.py
[2026-09-06T04:02:53.906+0000] {logging_mixin.py:188} INFO - [2026-09-06T04:02:53.905+0000] {dag.py:3089} INFO - Sync 1 DAGs
[2026-09-06T04:02:53.961+0000] {logging_mixin.py:188} INFO - [2026-09-06T04:02:53.960+0000] {dag.py:3947} INFO - Setting next_dagrun for netflix_etl_pipeline to 2026-09-05 00:00:00+00:00, run_after=2026-09-06 00:00:00+00:00
[2026-09-06T04:02:54.009+0000] {processor.py:183} INFO - Processing /opt/airflow/dags/netflix_dag.py took 0.265 seconds
[2026-09-06T04:03:24.157+0000] {processor.py:161} INFO - Started process (PID=2184) to work on /opt/airflow/dags/netflix_dag.py
[2026-09-06T04:03:24.160+0000] {processor.py:830} INFO - Processing file /opt/airflow/dags/netflix_dag.py for tasks to queue
[2026-09-06T04:03:24.165+0000] {logging_mixin.py:188} INFO - [2026-09-06T04:03:24.164+0000] {dagbag.py:545} INFO - Filling up the DagBag from /opt/airflow/dags/netflix_dag.py
[2026-09-06T04:03:24.213+0000] {processor.py:840} INFO - DAG(s) 'netflix_etl_pipeline' retrieved from /opt/airflow/dags/netflix_dag.py
[2026-09-06T04:03:24.293+0000] {logging_mixin.py:188} INFO - [2026-09-06T04:03:24.293+0000] {dag.py:3089} INFO - Sync 1 DAGs
[2026-09-06T04:03:24.344+0000] {logging_mixin.py:188} INFO - [2026-09-06T04:03:24.344+0000] {dag.py:3947} INFO - Setting next_dagrun for netflix_etl_pipeline to 2026-09-05 00:00:00+00:00, run_after=2026-09-06 00:00:00+00:00
[2026-09-06T04:03:24.386+0000] {processor.py:183} INFO - Processing /opt/airflow/dags/netflix_dag.py took 0.242 seconds
[2026-09-06T04:03:54.957+0000] {processor.py:161} INFO - Started process (PID=2196) to work on /opt/airflow/dags/netflix_dag.py
[2026-09-06T04:03:54.961+0000] {processor.py:830} INFO - Processing file /opt/airflow/dags/netflix_dag.py for tasks to queue
[2026-09-06T04:03:54.966+0000] {logging_mixin.py:188} INFO - [2026-09-06T04:03:54.965+0000] {dagbag.py:545} INFO - Filling up the DagBag from /opt/airflow/dags/netflix_dag.py
[2026-09-06T04:03:55.053+0000] {processor.py:840} INFO - DAG(s) 'netflix_etl_pipeline' retrieved from /opt/airflow/dags/netflix_dag.py
[2026-09-06T04:03:55.303+0000] {logging_mixin.py:188} INFO - [2026-09-06T04:03:55.302+0000] {dag.py:3089} INFO - Sync 1 DAGs
[2026-09-06T04:03:55.450+0000] {logging_mixin.py:188} INFO - [2026-09-06T04:03:55.449+0000] {dag.py:3947} INFO - Setting next_dagrun for netflix_etl_pipeline to 2026-09-05 00:00:00+00:00, run_after=2026-09-06 00:00:00+00:00
[2026-09-06T04:03:55.543+0000] {processor.py:183} INFO - Processing /opt/airflow/dags/netflix_dag.py took 0.605 seconds
[2026-09-06T04:04:26.202+0000] {processor.py:161} INFO - Started process (PID=2207) to work on /opt/airflow/dags/netflix_dag.py
[2026-09-06T04:04:26.304+0000] {processor.py:830} INFO - Processing file /opt/airflow/dags/netflix_dag.py for tasks to queue
[2026-09-06T04:04:26.673+0000] {logging_mixin.py:188} INFO - [2026-09-06T04:04:26.671+0000] {dagbag.py:545} INFO - Filling up the DagBag from /opt/airflow/dags/netflix_dag.py
[2026-09-06T04:04:27.789+0000] {processor.py:840} INFO - DAG(s) 'netflix_etl_pipeline' retrieved from /opt/airflow/dags/netflix_dag.py
[2026-09-06T04:04:29.419+0000] {logging_mixin.py:188} INFO - [2026-09-06T04:04:29.419+0000] {dag.py:3089} INFO - Sync 1 DAGs
[2026-09-06T04:04:29.442+0000] {logging_mixin.py:188} INFO - [2026-09-06T04:04:29.442+0000] {dag.py:3947} INFO - Setting next_dagrun for netflix_etl_pipeline to 2026-09-05 00:00:00+00:00, run_after=2026-09-06 00:00:00+00:00
[2026-09-06T04:04:33.240+0000] {processor.py:183} INFO - Processing /opt/airflow/dags/netflix_dag.py took 7.063 seconds
[2026-09-06T04:05:04.194+0000] {processor.py:161} INFO - Started process (PID=2225) to work on /opt/airflow/dags/netflix_dag.py
[2026-09-06T04:05:04.197+0000] {processor.py:830} INFO - Processing file /opt/airflow/dags/netflix_dag.py for tasks to queue
[2026-09-06T04:05:04.204+0000] {logging_mixin.py:188} INFO - [2026-09-06T04:05:04.203+0000] {dagbag.py:545} INFO - Filling up the DagBag from /opt/airflow/dags/netflix_dag.py
[2026-09-06T04:05:04.247+0000] {processor.py:840} INFO - DAG(s) 'netflix_etl_pipeline' retrieved from /opt/airflow/dags/netflix_dag.py
[2026-09-06T04:05:04.361+0000] {logging_mixin.py:188} INFO - [2026-09-06T04:05:04.360+0000] {dag.py:3089} INFO - Sync 1 DAGs
[2026-09-06T04:05:04.531+0000] {logging_mixin.py:188} INFO - [2026-09-06T04:05:04.531+0000] {dag.py:3947} INFO - Setting next_dagrun for netflix_etl_pipeline to 2026-09-05 00:00:00+00:00, run_after=2026-09-06 00:00:00+00:00
[2026-09-06T04:05:04.641+0000] {processor.py:183} INFO - Processing /opt/airflow/dags/netflix_dag.py took 0.466 seconds
[2026-09-06T04:05:34.899+0000] {processor.py:161} INFO - Started process (PID=2236) to work on /opt/airflow/dags/netflix_dag.py
[2026-09-06T04:05:34.904+0000] {processor.py:830} INFO - Processing file /opt/airflow/dags/netflix_dag.py for tasks to queue
[2026-09-06T04:05:34.916+0000] {logging_mixin.py:188} INFO - [2026-09-06T04:05:34.914+0000] {dagbag.py:545} INFO - Filling up the DagBag from /opt/airflow/dags/netflix_dag.py
[2026-09-06T04:05:34.970+0000] {processor.py:840} INFO - DAG(s) 'netflix_etl_pipeline' retrieved from /opt/airflow/dags/netflix_dag.py
[2026-09-06T04:05:35.048+0000] {logging_mixin.py:188} INFO - [2026-09-06T04:05:35.047+0000] {dag.py:3089} INFO - Sync 1 DAGs
[2026-09-06T04:05:35.099+0000] {logging_mixin.py:188} INFO - [2026-09-06T04:05:35.099+0000] {dag.py:3947} INFO - Setting next_dagrun for netflix_etl_pipeline to 2026-09-05 00:00:00+00:00, run_after=2026-09-06 00:00:00+00:00
[2026-09-06T04:05:35.146+0000] {processor.py:183} INFO - Processing /opt/airflow/dags/netflix_dag.py took 0.270 seconds
[2026-09-06T04:06:05.530+0000] {processor.py:161} INFO - Started process (PID=2247) to work on /opt/airflow/dags/netflix_dag.py
[2026-09-06T04:06:05.534+0000] {processor.py:830} INFO - Processing file /opt/airflow/dags/netflix_dag.py for tasks to queue
[2026-09-06T04:06:05.541+0000] {logging_mixin.py:188} INFO - [2026-09-06T04:06:05.540+0000] {dagbag.py:545} INFO - Filling up the DagBag from /opt/airflow/dags/netflix_dag.py
[2026-09-06T04:06:05.594+0000] {processor.py:840} INFO - DAG(s) 'netflix_etl_pipeline' retrieved from /opt/airflow/dags/netflix_dag.py
[2026-09-06T04:06:05.698+0000] {logging_mixin.py:188} INFO - [2026-09-06T04:06:05.697+0000] {dag.py:3089} INFO - Sync 1 DAGs
[2026-09-06T04:06:05.766+0000] {logging_mixin.py:188} INFO - [2026-09-06T04:06:05.766+0000] {dag.py:3947} INFO - Setting next_dagrun for netflix_etl_pipeline to 2026-09-05 00:00:00+00:00, run_after=2026-09-06 00:00:00+00:00
[2026-09-06T04:06:05.810+0000] {processor.py:183} INFO - Processing /opt/airflow/dags/netflix_dag.py took 0.297 seconds
[2026-09-06T04:06:36.223+0000] {processor.py:161} INFO - Started process (PID=2258) to work on /opt/airflow/dags/netflix_dag.py
[2026-09-06T04:06:36.226+0000] {processor.py:830} INFO - Processing file /opt/airflow/dags/netflix_dag.py for tasks to queue
[2026-09-06T04:06:36.231+0000] {logging_mixin.py:188} INFO - [2026-09-06T04:06:36.230+0000] {dagbag.py:545} INFO - Filling up the DagBag from /opt/airflow/dags/netflix_dag.py
[2026-09-06T04:06:36.282+0000] {processor.py:840} INFO - DAG(s) 'netflix_etl_pipeline' retrieved from /opt/airflow/dags/netflix_dag.py
[2026-09-06T04:06:36.374+0000] {logging_mixin.py:188} INFO - [2026-09-06T04:06:36.374+0000] {dag.py:3089} INFO - Sync 1 DAGs
[2026-09-06T04:06:36.439+0000] {logging_mixin.py:188} INFO - [2026-09-06T04:06:36.439+0000] {dag.py:3947} INFO - Setting next_dagrun for netflix_etl_pipeline to 2026-09-05 00:00:00+00:00, run_after=2026-09-06 00:00:00+00:00
[2026-09-06T04:06:36.484+0000] {processor.py:183} INFO - Processing /opt/airflow/dags/netflix_dag.py took 0.276 seconds
[2026-09-06T04:07:06.979+0000] {processor.py:161} INFO - Started process (PID=2269) to work on /opt/airflow/dags/netflix_dag.py
[2026-09-06T04:07:06.985+0000] {processor.py:830} INFO - Processing file /opt/airflow/dags/netflix_dag.py for tasks to queue
[2026-09-06T04:07:06.997+0000] {logging_mixin.py:188} INFO - [2026-09-06T04:07:06.995+0000] {dagbag.py:545} INFO - Filling up the DagBag from /opt/airflow/dags/netflix_dag.py
[2026-09-06T04:07:07.067+0000] {processor.py:840} INFO - DAG(s) 'netflix_etl_pipeline' retrieved from /opt/airflow/dags/netflix_dag.py
[2026-09-06T04:07:07.145+0000] {logging_mixin.py:188} INFO - [2026-09-06T04:07:07.145+0000] {dag.py:3089} INFO - Sync 1 DAGs
[2026-09-06T04:07:07.192+0000] {logging_mixin.py:188} INFO - [2026-09-06T04:07:07.192+0000] {dag.py:3947} INFO - Setting next_dagrun for netflix_etl_pipeline to 2026-09-05 00:00:00+00:00, run_after=2026-09-06 00:00:00+00:00
[2026-09-06T04:07:07.237+0000] {processor.py:183} INFO - Processing /opt/airflow/dags/netflix_dag.py took 0.287 seconds
[2026-09-06T04:07:37.654+0000] {processor.py:161} INFO - Started process (PID=2280) to work on /opt/airflow/dags/netflix_dag.py
[2026-09-06T04:07:37.658+0000] {processor.py:830} INFO - Processing file /opt/airflow/dags/netflix_dag.py for tasks to queue
[2026-09-06T04:07:37.663+0000] {logging_mixin.py:188} INFO - [2026-09-06T04:07:37.662+0000] {dagbag.py:545} INFO - Filling up the DagBag from /opt/airflow/dags/netflix_dag.py
[2026-09-06T04:07:37.713+0000] {processor.py:840} INFO - DAG(s) 'netflix_etl_pipeline' retrieved from /opt/airflow/dags/netflix_dag.py
[2026-09-06T04:07:37.791+0000] {logging_mixin.py:188} INFO - [2026-09-06T04:07:37.791+0000] {dag.py:3089} INFO - Sync 1 DAGs
[2026-09-06T04:07:37.837+0000] {logging_mixin.py:188} INFO - [2026-09-06T04:07:37.837+0000] {dag.py:3947} INFO - Setting next_dagrun for netflix_etl_pipeline to 2026-09-05 00:00:00+00:00, run_after=2026-09-06 00:00:00+00:00
[2026-09-06T04:07:37.879+0000] {processor.py:183} INFO - Processing /opt/airflow/dags/netflix_dag.py took 0.246 seconds
[2026-09-06T04:08:08.009+0000] {processor.py:161} INFO - Started process (PID=2291) to work on /opt/airflow/dags/netflix_dag.py
[2026-09-06T04:08:08.012+0000] {processor.py:830} INFO - Processing file /opt/airflow/dags/netflix_dag.py for tasks to queue
[2026-09-06T04:08:08.018+0000] {logging_mixin.py:188} INFO - [2026-09-06T04:08:08.017+0000] {dagbag.py:545} INFO - Filling up the DagBag from /opt/airflow/dags/netflix_dag.py
[2026-09-06T04:08:08.068+0000] {processor.py:840} INFO - DAG(s) 'netflix_etl_pipeline' retrieved from /opt/airflow/dags/netflix_dag.py
[2026-09-06T04:08:08.150+0000] {logging_mixin.py:188} INFO - [2026-09-06T04:08:08.149+0000] {dag.py:3089} INFO - Sync 1 DAGs
[2026-09-06T04:08:08.220+0000] {logging_mixin.py:188} INFO - [2026-09-06T04:08:08.220+0000] {dag.py:3947} INFO - Setting next_dagrun for netflix_etl_pipeline to 2026-09-05 00:00:00+00:00, run_after=2026-09-06 00:00:00+00:00
[2026-09-06T04:08:08.276+0000] {processor.py:183} INFO - Processing /opt/airflow/dags/netflix_dag.py took 0.283 seconds
[2026-09-06T04:08:38.702+0000] {processor.py:161} INFO - Started process (PID=2302) to work on /opt/airflow/dags/netflix_dag.py
[2026-09-06T04:08:38.705+0000] {processor.py:830} INFO - Processing file /opt/airflow/dags/netflix_dag.py for tasks to queue
[2026-09-06T04:08:38.710+0000] {logging_mixin.py:188} INFO - [2026-09-06T04:08:38.709+0000] {dagbag.py:545} INFO - Filling up the DagBag from /opt/airflow/dags/netflix_dag.py
[2026-09-06T04:08:38.770+0000] {processor.py:840} INFO - DAG(s) 'netflix_etl_pipeline' retrieved from /opt/airflow/dags/netflix_dag.py
[2026-09-06T04:08:38.915+0000] {logging_mixin.py:188} INFO - [2026-09-06T04:08:38.915+0000] {dag.py:3089} INFO - Sync 1 DAGs
[2026-09-06T04:08:39.000+0000] {logging_mixin.py:188} INFO - [2026-09-06T04:08:38.999+0000] {dag.py:3947} INFO - Setting next_dagrun for netflix_etl_pipeline to 2026-09-05 00:00:00+00:00, run_after=2026-09-06 00:00:00+00:00
[2026-09-06T04:08:39.061+0000] {processor.py:183} INFO - Processing /opt/airflow/dags/netflix_dag.py took 0.372 seconds
[2026-09-06T04:09:09.635+0000] {processor.py:161} INFO - Started process (PID=2313) to work on /opt/airflow/dags/netflix_dag.py
[2026-09-06T04:09:09.645+0000] {processor.py:830} INFO - Processing file /opt/airflow/dags/netflix_dag.py for tasks to queue
[2026-09-06T04:09:09.662+0000] {logging_mixin.py:188} INFO - [2026-09-06T04:09:09.654+0000] {dagbag.py:545} INFO - Filling up the DagBag from /opt/airflow/dags/netflix_dag.py
[2026-09-06T04:09:09.742+0000] {processor.py:840} INFO - DAG(s) 'netflix_etl_pipeline' retrieved from /opt/airflow/dags/netflix_dag.py
[2026-09-06T04:09:09.939+0000] {logging_mixin.py:188} INFO - [2026-09-06T04:09:09.938+0000] {dag.py:3089} INFO - Sync 1 DAGs
[2026-09-06T04:09:10.019+0000] {logging_mixin.py:188} INFO - [2026-09-06T04:09:10.019+0000] {dag.py:3947} INFO - Setting next_dagrun for netflix_etl_pipeline to 2026-09-05 00:00:00+00:00, run_after=2026-09-06 00:00:00+00:00
[2026-09-06T04:09:10.116+0000] {processor.py:183} INFO - Processing /opt/airflow/dags/netflix_dag.py took 0.503 seconds
[2026-09-06T04:09:40.724+0000] {processor.py:161} INFO - Started process (PID=2324) to work on /opt/airflow/dags/netflix_dag.py
[2026-09-06T04:09:40.727+0000] {processor.py:830} INFO - Processing file /opt/airflow/dags/netflix_dag.py for tasks to queue
[2026-09-06T04:09:40.732+0000] {logging_mixin.py:188} INFO - [2026-09-06T04:09:40.731+0000] {dagbag.py:545} INFO - Filling up the DagBag from /opt/airflow/dags/netflix_dag.py
[2026-09-06T04:09:40.773+0000] {processor.py:840} INFO - DAG(s) 'netflix_etl_pipeline' retrieved from /opt/airflow/dags/netflix_dag.py
[2026-09-06T04:09:40.851+0000] {logging_mixin.py:188} INFO - [2026-09-06T04:09:40.850+0000] {dag.py:3089} INFO - Sync 1 DAGs
[2026-09-06T04:09:40.894+0000] {logging_mixin.py:188} INFO - [2026-09-06T04:09:40.894+0000] {dag.py:3947} INFO - Setting next_dagrun for netflix_etl_pipeline to 2026-09-05 00:00:00+00:00, run_after=2026-09-06 00:00:00+00:00
[2026-09-06T04:09:40.929+0000] {processor.py:183} INFO - Processing /opt/airflow/dags/netflix_dag.py took 0.227 seconds
[2026-09-06T04:10:11.058+0000] {processor.py:161} INFO - Started process (PID=2335) to work on /opt/airflow/dags/netflix_dag.py
[2026-09-06T04:10:11.061+0000] {processor.py:830} INFO - Processing file /opt/airflow/dags/netflix_dag.py for tasks to queue
[2026-09-06T04:10:11.067+0000] {logging_mixin.py:188} INFO - [2026-09-06T04:10:11.066+0000] {dagbag.py:545} INFO - Filling up the DagBag from /opt/airflow/dags/netflix_dag.py
[2026-09-06T04:10:11.112+0000] {processor.py:840} INFO - DAG(s) 'netflix_etl_pipeline' retrieved from /opt/airflow/dags/netflix_dag.py
[2026-09-06T04:10:11.188+0000] {logging_mixin.py:188} INFO - [2026-09-06T04:10:11.187+0000] {dag.py:3089} INFO - Sync 1 DAGs
[2026-09-06T04:10:11.236+0000] {logging_mixin.py:188} INFO - [2026-09-06T04:10:11.235+0000] {dag.py:3947} INFO - Setting next_dagrun for netflix_etl_pipeline to 2026-09-05 00:00:00+00:00, run_after=2026-09-06 00:00:00+00:00
[2026-09-06T04:10:11.277+0000] {processor.py:183} INFO - Processing /opt/airflow/dags/netflix_dag.py took 0.231 seconds
[2026-09-06T04:10:41.607+0000] {processor.py:161} INFO - Started process (PID=2346) to work on /opt/airflow/dags/netflix_dag.py
[2026-09-06T04:10:41.610+0000] {processor.py:830} INFO - Processing file /opt/airflow/dags/netflix_dag.py for tasks to queue
[2026-09-06T04:10:41.616+0000] {logging_mixin.py:188} INFO - [2026-09-06T04:10:41.615+0000] {dagbag.py:545} INFO - Filling up the DagBag from /opt/airflow/dags/netflix_dag.py
[2026-09-06T04:10:41.668+0000] {processor.py:840} INFO - DAG(s) 'netflix_etl_pipeline' retrieved from /opt/airflow/dags/netflix_dag.py
[2026-09-06T04:10:41.748+0000] {logging_mixin.py:188} INFO - [2026-09-06T04:10:41.747+0000] {dag.py:3089} INFO - Sync 1 DAGs
[2026-09-06T04:10:41.800+0000] {logging_mixin.py:188} INFO - [2026-09-06T04:10:41.800+0000] {dag.py:3947} INFO - Setting next_dagrun for netflix_etl_pipeline to 2026-09-05 00:00:00+00:00, run_after=2026-09-06 00:00:00+00:00
[2026-09-06T04:10:41.842+0000] {processor.py:183} INFO - Processing /opt/airflow/dags/netflix_dag.py took 0.255 seconds
[2026-09-06T04:11:11.983+0000] {processor.py:161} INFO - Started process (PID=2357) to work on /opt/airflow/dags/netflix_dag.py
[2026-09-06T04:11:11.985+0000] {processor.py:830} INFO - Processing file /opt/airflow/dags/netflix_dag.py for tasks to queue
[2026-09-06T04:11:11.990+0000] {logging_mixin.py:188} INFO - [2026-09-06T04:11:11.989+0000] {dagbag.py:545} INFO - Filling up the DagBag from /opt/airflow/dags/netflix_dag.py
[2026-09-06T04:11:12.039+0000] {processor.py:840} INFO - DAG(s) 'netflix_etl_pipeline' retrieved from /opt/airflow/dags/netflix_dag.py
[2026-09-06T04:11:12.122+0000] {logging_mixin.py:188} INFO - [2026-09-06T04:11:12.121+0000] {dag.py:3089} INFO - Sync 1 DAGs
[2026-09-06T04:11:12.170+0000] {logging_mixin.py:188} INFO - [2026-09-06T04:11:12.170+0000] {dag.py:3947} INFO - Setting next_dagrun for netflix_etl_pipeline to 2026-09-05 00:00:00+00:00, run_after=2026-09-06 00:00:00+00:00
[2026-09-06T04:11:12.210+0000] {processor.py:183} INFO - Processing /opt/airflow/dags/netflix_dag.py took 0.240 seconds
[2026-09-06T04:11:42.577+0000] {processor.py:161} INFO - Started process (PID=2368) to work on /opt/airflow/dags/netflix_dag.py
[2026-09-06T04:11:42.581+0000] {processor.py:830} INFO - Processing file /opt/airflow/dags/netflix_dag.py for tasks to queue
[2026-09-06T04:11:42.586+0000] {logging_mixin.py:188} INFO - [2026-09-06T04:11:42.585+0000] {dagbag.py:545} INFO - Filling up the DagBag from /opt/airflow/dags/netflix_dag.py
[2026-09-06T04:11:42.636+0000] {processor.py:840} INFO - DAG(s) 'netflix_etl_pipeline' retrieved from /opt/airflow/dags/netflix_dag.py
[2026-09-06T04:11:42.718+0000] {logging_mixin.py:188} INFO - [2026-09-06T04:11:42.718+0000] {dag.py:3089} INFO - Sync 1 DAGs
[2026-09-06T04:11:42.812+0000] {logging_mixin.py:188} INFO - [2026-09-06T04:11:42.811+0000] {dag.py:3947} INFO - Setting next_dagrun for netflix_etl_pipeline to 2026-09-05 00:00:00+00:00, run_after=2026-09-06 00:00:00+00:00
[2026-09-06T04:11:42.887+0000] {processor.py:183} INFO - Processing /opt/airflow/dags/netflix_dag.py took 0.324 seconds
[2026-09-06T04:12:13.304+0000] {processor.py:161} INFO - Started process (PID=2379) to work on /opt/airflow/dags/netflix_dag.py
[2026-09-06T04:12:13.307+0000] {processor.py:830} INFO - Processing file /opt/airflow/dags/netflix_dag.py for tasks to queue
[2026-09-06T04:12:13.319+0000] {logging_mixin.py:188} INFO - [2026-09-06T04:12:13.316+0000] {dagbag.py:545} INFO - Filling up the DagBag from /opt/airflow/dags/netflix_dag.py
[2026-09-06T04:12:13.413+0000] {processor.py:840} INFO - DAG(s) 'netflix_etl_pipeline' retrieved from /opt/airflow/dags/netflix_dag.py
[2026-09-06T04:12:13.537+0000] {logging_mixin.py:188} INFO - [2026-09-06T04:12:13.537+0000] {dag.py:3089} INFO - Sync 1 DAGs
[2026-09-06T04:12:13.626+0000] {logging_mixin.py:188} INFO - [2026-09-06T04:12:13.626+0000] {dag.py:3947} INFO - Setting next_dagrun for netflix_etl_pipeline to 2026-09-05 00:00:00+00:00, run_after=2026-09-06 00:00:00+00:00
[2026-09-06T04:12:13.684+0000] {processor.py:183} INFO - Processing /opt/airflow/dags/netflix_dag.py took 0.396 seconds
[2026-09-06T04:12:44.135+0000] {processor.py:161} INFO - Started process (PID=2390) to work on /opt/airflow/dags/netflix_dag.py
[2026-09-06T04:12:44.141+0000] {processor.py:830} INFO - Processing file /opt/airflow/dags/netflix_dag.py for tasks to queue
[2026-09-06T04:12:44.167+0000] {logging_mixin.py:188} INFO - [2026-09-06T04:12:44.160+0000] {dagbag.py:545} INFO - Filling up the DagBag from /opt/airflow/dags/netflix_dag.py
[2026-09-06T04:12:44.375+0000] {processor.py:840} INFO - DAG(s) 'netflix_etl_pipeline' retrieved from /opt/airflow/dags/netflix_dag.py
[2026-09-06T04:12:44.683+0000] {logging_mixin.py:188} INFO - [2026-09-06T04:12:44.682+0000] {dag.py:3089} INFO - Sync 1 DAGs
[2026-09-06T04:12:44.799+0000] {logging_mixin.py:188} INFO - [2026-09-06T04:12:44.798+0000] {dag.py:3947} INFO - Setting next_dagrun for netflix_etl_pipeline to 2026-09-05 00:00:00+00:00, run_after=2026-09-06 00:00:00+00:00
[2026-09-06T04:12:44.906+0000] {processor.py:183} INFO - Processing /opt/airflow/dags/netflix_dag.py took 0.836 seconds
[2026-09-06T04:13:20.962+0000] {processor.py:161} INFO - Started process (PID=2401) to work on /opt/airflow/dags/netflix_dag.py
[2026-09-06T04:13:21.102+0000] {processor.py:830} INFO - Processing file /opt/airflow/dags/netflix_dag.py for tasks to queue
[2026-09-06T04:13:21.445+0000] {logging_mixin.py:188} INFO - [2026-09-06T04:13:21.444+0000] {dagbag.py:545} INFO - Filling up the DagBag from /opt/airflow/dags/netflix_dag.py
[2026-09-06T04:13:23.935+0000] {processor.py:840} INFO - DAG(s) 'netflix_etl_pipeline' retrieved from /opt/airflow/dags/netflix_dag.py
[2026-09-06T04:13:24.340+0000] {logging_mixin.py:188} INFO - [2026-09-06T04:13:24.339+0000] {dag.py:3089} INFO - Sync 1 DAGs
[2026-09-06T04:13:24.659+0000] {logging_mixin.py:188} INFO - [2026-09-06T04:13:24.658+0000] {dag.py:3947} INFO - Setting next_dagrun for netflix_etl_pipeline to 2026-09-05 00:00:00+00:00, run_after=2026-09-06 00:00:00+00:00
[2026-09-06T04:13:25.032+0000] {processor.py:183} INFO - Processing /opt/airflow/dags/netflix_dag.py took 4.203 seconds
[2026-09-06T04:13:59.191+0000] {processor.py:161} INFO - Started process (PID=2412) to work on /opt/airflow/dags/netflix_dag.py
[2026-09-06T04:13:59.197+0000] {processor.py:830} INFO - Processing file /opt/airflow/dags/netflix_dag.py for tasks to queue
[2026-09-06T04:13:59.215+0000] {logging_mixin.py:188} INFO - [2026-09-06T04:13:59.214+0000] {dagbag.py:545} INFO - Filling up the DagBag from /opt/airflow/dags/netflix_dag.py
[2026-09-06T04:13:59.361+0000] {processor.py:840} INFO - DAG(s) 'netflix_etl_pipeline' retrieved from /opt/airflow/dags/netflix_dag.py
[2026-09-06T04:13:59.702+0000] {logging_mixin.py:188} INFO - [2026-09-06T04:13:59.702+0000] {dag.py:3089} INFO - Sync 1 DAGs
[2026-09-06T04:13:59.945+0000] {logging_mixin.py:188} INFO - [2026-09-06T04:13:59.944+0000] {dag.py:3947} INFO - Setting next_dagrun for netflix_etl_pipeline to 2026-09-05 00:00:00+00:00, run_after=2026-09-06 00:00:00+00:00
[2026-09-06T04:14:00.155+0000] {processor.py:183} INFO - Processing /opt/airflow/dags/netflix_dag.py took 1.019 seconds
[2026-09-06T04:14:32.603+0000] {processor.py:161} INFO - Started process (PID=2423) to work on /opt/airflow/dags/netflix_dag.py
[2026-09-06T04:14:32.644+0000] {processor.py:830} INFO - Processing file /opt/airflow/dags/netflix_dag.py for tasks to queue
[2026-09-06T04:14:32.755+0000] {logging_mixin.py:188} INFO - [2026-09-06T04:14:32.752+0000] {dagbag.py:545} INFO - Filling up the DagBag from /opt/airflow/dags/netflix_dag.py
[2026-09-06T04:14:34.606+0000] {processor.py:840} INFO - DAG(s) 'netflix_etl_pipeline' retrieved from /opt/airflow/dags/netflix_dag.py
[2026-09-06T04:14:34.962+0000] {logging_mixin.py:188} INFO - [2026-09-06T04:14:34.950+0000] {dag.py:3089} INFO - Sync 1 DAGs
[2026-09-06T04:14:35.191+0000] {logging_mixin.py:188} INFO - [2026-09-06T04:14:35.190+0000] {dag.py:3947} INFO - Setting next_dagrun for netflix_etl_pipeline to 2026-09-05 00:00:00+00:00, run_after=2026-09-06 00:00:00+00:00
[2026-09-06T04:14:36.351+0000] {processor.py:183} INFO - Processing /opt/airflow/dags/netflix_dag.py took 3.838 seconds
[2026-09-06T04:15:08.107+0000] {processor.py:161} INFO - Started process (PID=2434) to work on /opt/airflow/dags/netflix_dag.py
[2026-09-06T04:15:08.435+0000] {processor.py:830} INFO - Processing file /opt/airflow/dags/netflix_dag.py for tasks to queue
[2026-09-06T04:15:08.759+0000] {logging_mixin.py:188} INFO - [2026-09-06T04:15:08.758+0000] {dagbag.py:545} INFO - Filling up the DagBag from /opt/airflow/dags/netflix_dag.py
[2026-09-06T04:15:09.228+0000] {processor.py:840} INFO - DAG(s) 'netflix_etl_pipeline' retrieved from /opt/airflow/dags/netflix_dag.py
[2026-09-06T04:15:10.424+0000] {logging_mixin.py:188} INFO - [2026-09-06T04:15:10.423+0000] {dag.py:3089} INFO - Sync 1 DAGs
[2026-09-06T04:15:10.669+0000] {logging_mixin.py:188} INFO - [2026-09-06T04:15:10.669+0000] {dag.py:3947} INFO - Setting next_dagrun for netflix_etl_pipeline to 2026-09-05 00:00:00+00:00, run_after=2026-09-06 00:00:00+00:00
[2026-09-06T04:15:11.624+0000] {processor.py:183} INFO - Processing /opt/airflow/dags/netflix_dag.py took 3.557 seconds
[2026-09-06T04:15:42.096+0000] {processor.py:161} INFO - Started process (PID=2445) to work on /opt/airflow/dags/netflix_dag.py
[2026-09-06T04:15:42.226+0000] {processor.py:830} INFO - Processing file /opt/airflow/dags/netflix_dag.py for tasks to queue
[2026-09-06T04:15:42.514+0000] {logging_mixin.py:188} INFO - [2026-09-06T04:15:42.513+0000] {dagbag.py:545} INFO - Filling up the DagBag from /opt/airflow/dags/netflix_dag.py
[2026-09-06T04:15:42.603+0000] {processor.py:840} INFO - DAG(s) 'netflix_etl_pipeline' retrieved from /opt/airflow/dags/netflix_dag.py
[2026-09-06T04:15:42.949+0000] {logging_mixin.py:188} INFO - [2026-09-06T04:15:42.949+0000] {dag.py:3089} INFO - Sync 1 DAGs
[2026-09-06T04:15:43.339+0000] {logging_mixin.py:188} INFO - [2026-09-06T04:15:43.338+0000] {dag.py:3947} INFO - Setting next_dagrun for netflix_etl_pipeline to 2026-09-05 00:00:00+00:00, run_after=2026-09-06 00:00:00+00:00
[2026-09-06T04:15:43.600+0000] {processor.py:183} INFO - Processing /opt/airflow/dags/netflix_dag.py took 1.543 seconds
[2026-09-06T04:16:15.510+0000] {processor.py:161} INFO - Started process (PID=2456) to work on /opt/airflow/dags/netflix_dag.py
[2026-09-06T04:16:15.521+0000] {processor.py:830} INFO - Processing file /opt/airflow/dags/netflix_dag.py for tasks to queue
[2026-09-06T04:16:15.529+0000] {logging_mixin.py:188} INFO - [2026-09-06T04:16:15.527+0000] {dagbag.py:545} INFO - Filling up the DagBag from /opt/airflow/dags/netflix_dag.py
[2026-09-06T04:16:16.026+0000] {processor.py:840} INFO - DAG(s) 'netflix_etl_pipeline' retrieved from /opt/airflow/dags/netflix_dag.py
[2026-09-06T04:16:16.971+0000] {logging_mixin.py:188} INFO - [2026-09-06T04:16:16.971+0000] {dag.py:3089} INFO - Sync 1 DAGs
[2026-09-06T04:16:17.219+0000] {logging_mixin.py:188} INFO - [2026-09-06T04:16:17.218+0000] {dag.py:3947} INFO - Setting next_dagrun for netflix_etl_pipeline to 2026-09-05 00:00:00+00:00, run_after=2026-09-06 00:00:00+00:00
[2026-09-06T04:16:17.753+0000] {processor.py:183} INFO - Processing /opt/airflow/dags/netflix_dag.py took 2.278 seconds
[2026-09-06T04:16:49.945+0000] {processor.py:161} INFO - Started process (PID=2473) to work on /opt/airflow/dags/netflix_dag.py
[2026-09-06T04:16:49.956+0000] {processor.py:830} INFO - Processing file /opt/airflow/dags/netflix_dag.py for tasks to queue
[2026-09-06T04:16:49.988+0000] {logging_mixin.py:188} INFO - [2026-09-06T04:16:49.987+0000] {dagbag.py:545} INFO - Filling up the DagBag from /opt/airflow/dags/netflix_dag.py
[2026-09-06T04:16:50.451+0000] {processor.py:840} INFO - DAG(s) 'netflix_etl_pipeline' retrieved from /opt/airflow/dags/netflix_dag.py
[2026-09-06T04:16:50.687+0000] {logging_mixin.py:188} INFO - [2026-09-06T04:16:50.687+0000] {dag.py:3089} INFO - Sync 1 DAGs
[2026-09-06T04:16:50.930+0000] {logging_mixin.py:188} INFO - [2026-09-06T04:16:50.929+0000] {dag.py:3947} INFO - Setting next_dagrun for netflix_etl_pipeline to 2026-09-05 00:00:00+00:00, run_after=2026-09-06 00:00:00+00:00
[2026-09-06T04:16:53.336+0000] {processor.py:183} INFO - Processing /opt/airflow/dags/netflix_dag.py took 3.429 seconds
[2026-09-06T04:17:24.760+0000] {processor.py:161} INFO - Started process (PID=2484) to work on /opt/airflow/dags/netflix_dag.py
[2026-09-06T04:17:24.971+0000] {processor.py:830} INFO - Processing file /opt/airflow/dags/netflix_dag.py for tasks to queue
[2026-09-06T04:17:25.020+0000] {logging_mixin.py:188} INFO - [2026-09-06T04:17:25.019+0000] {dagbag.py:545} INFO - Filling up the DagBag from /opt/airflow/dags/netflix_dag.py
[2026-09-06T04:17:25.173+0000] {processor.py:840} INFO - DAG(s) 'netflix_etl_pipeline' retrieved from /opt/airflow/dags/netflix_dag.py
[2026-09-06T04:17:25.291+0000] {logging_mixin.py:188} INFO - [2026-09-06T04:17:25.291+0000] {dag.py:3089} INFO - Sync 1 DAGs
[2026-09-06T04:17:25.425+0000] {logging_mixin.py:188} INFO - [2026-09-06T04:17:25.425+0000] {dag.py:3947} INFO - Setting next_dagrun for netflix_etl_pipeline to 2026-09-05 00:00:00+00:00, run_after=2026-09-06 00:00:00+00:00
[2026-09-06T04:17:25.671+0000] {processor.py:183} INFO - Processing /opt/airflow/dags/netflix_dag.py took 0.946 seconds
[2026-09-06T04:17:56.862+0000] {processor.py:161} INFO - Started process (PID=2496) to work on /opt/airflow/dags/netflix_dag.py
[2026-09-06T04:17:57.486+0000] {processor.py:830} INFO - Processing file /opt/airflow/dags/netflix_dag.py for tasks to queue
[2026-09-06T04:17:57.503+0000] {logging_mixin.py:188} INFO - [2026-09-06T04:17:57.497+0000] {dagbag.py:545} INFO - Filling up the DagBag from /opt/airflow/dags/netflix_dag.py
[2026-09-06T04:17:57.725+0000] {processor.py:840} INFO - DAG(s) 'netflix_etl_pipeline' retrieved from /opt/airflow/dags/netflix_dag.py
[2026-09-06T04:17:57.864+0000] {logging_mixin.py:188} INFO - [2026-09-06T04:17:57.863+0000] {dag.py:3089} INFO - Sync 1 DAGs
[2026-09-06T04:17:57.936+0000] {logging_mixin.py:188} INFO - [2026-09-06T04:17:57.936+0000] {dag.py:3947} INFO - Setting next_dagrun for netflix_etl_pipeline to 2026-09-05 00:00:00+00:00, run_after=2026-09-06 00:00:00+00:00
[2026-09-06T04:17:57.996+0000] {processor.py:183} INFO - Processing /opt/airflow/dags/netflix_dag.py took 1.149 seconds
[2026-09-06T04:18:29.879+0000] {processor.py:161} INFO - Started process (PID=2507) to work on /opt/airflow/dags/netflix_dag.py
[2026-09-06T04:18:29.886+0000] {processor.py:830} INFO - Processing file /opt/airflow/dags/netflix_dag.py for tasks to queue
[2026-09-06T04:18:29.898+0000] {logging_mixin.py:188} INFO - [2026-09-06T04:18:29.896+0000] {dagbag.py:545} INFO - Filling up the DagBag from /opt/airflow/dags/netflix_dag.py
[2026-09-06T04:18:30.006+0000] {processor.py:840} INFO - DAG(s) 'netflix_etl_pipeline' retrieved from /opt/airflow/dags/netflix_dag.py
[2026-09-06T04:18:30.141+0000] {logging_mixin.py:188} INFO - [2026-09-06T04:18:30.140+0000] {dag.py:3089} INFO - Sync 1 DAGs
[2026-09-06T04:18:30.229+0000] {logging_mixin.py:188} INFO - [2026-09-06T04:18:30.228+0000] {dag.py:3947} INFO - Setting next_dagrun for netflix_etl_pipeline to 2026-09-05 00:00:00+00:00, run_after=2026-09-06 00:00:00+00:00
[2026-09-06T04:18:30.522+0000] {processor.py:183} INFO - Processing /opt/airflow/dags/netflix_dag.py took 0.693 seconds
[2026-09-06T04:19:01.692+0000] {processor.py:161} INFO - Started process (PID=2518) to work on /opt/airflow/dags/netflix_dag.py
[2026-09-06T04:19:01.819+0000] {processor.py:830} INFO - Processing file /opt/airflow/dags/netflix_dag.py for tasks to queue
[2026-09-06T04:19:02.011+0000] {logging_mixin.py:188} INFO - [2026-09-06T04:19:02.010+0000] {dagbag.py:545} INFO - Filling up the DagBag from /opt/airflow/dags/netflix_dag.py
[2026-09-06T04:19:03.144+0000] {processor.py:840} INFO - DAG(s) 'netflix_etl_pipeline' retrieved from /opt/airflow/dags/netflix_dag.py
[2026-09-06T04:19:03.453+0000] {logging_mixin.py:188} INFO - [2026-09-06T04:19:03.453+0000] {dag.py:3089} INFO - Sync 1 DAGs
[2026-09-06T04:19:03.815+0000] {logging_mixin.py:188} INFO - [2026-09-06T04:19:03.815+0000] {dag.py:3947} INFO - Setting next_dagrun for netflix_etl_pipeline to 2026-09-05 00:00:00+00:00, run_after=2026-09-06 00:00:00+00:00
[2026-09-06T04:19:04.127+0000] {processor.py:183} INFO - Processing /opt/airflow/dags/netflix_dag.py took 2.479 seconds
[2026-09-06T04:19:36.404+0000] {processor.py:161} INFO - Started process (PID=2530) to work on /opt/airflow/dags/netflix_dag.py
[2026-09-06T04:19:36.431+0000] {processor.py:830} INFO - Processing file /opt/airflow/dags/netflix_dag.py for tasks to queue
[2026-09-06T04:19:36.466+0000] {logging_mixin.py:188} INFO - [2026-09-06T04:19:36.465+0000] {dagbag.py:545} INFO - Filling up the DagBag from /opt/airflow/dags/netflix_dag.py
[2026-09-06T04:19:37.404+0000] {processor.py:840} INFO - DAG(s) 'netflix_etl_pipeline' retrieved from /opt/airflow/dags/netflix_dag.py
[2026-09-06T04:19:37.705+0000] {logging_mixin.py:188} INFO - [2026-09-06T04:19:37.705+0000] {dag.py:3089} INFO - Sync 1 DAGs
[2026-09-06T04:19:37.896+0000] {logging_mixin.py:188} INFO - [2026-09-06T04:19:37.886+0000] {dag.py:3947} INFO - Setting next_dagrun for netflix_etl_pipeline to 2026-09-05 00:00:00+00:00, run_after=2026-09-06 00:00:00+00:00
[2026-09-06T04:19:38.221+0000] {processor.py:183} INFO - Processing /opt/airflow/dags/netflix_dag.py took 1.841 seconds
[2026-09-06T04:20:09.916+0000] {processor.py:161} INFO - Started process (PID=2541) to work on /opt/airflow/dags/netflix_dag.py
[2026-09-06T04:20:09.961+0000] {processor.py:830} INFO - Processing file /opt/airflow/dags/netflix_dag.py for tasks to queue
[2026-09-06T04:20:10.075+0000] {logging_mixin.py:188} INFO - [2026-09-06T04:20:10.074+0000] {dagbag.py:545} INFO - Filling up the DagBag from /opt/airflow/dags/netflix_dag.py
[2026-09-06T04:20:11.509+0000] {processor.py:840} INFO - DAG(s) 'netflix_etl_pipeline' retrieved from /opt/airflow/dags/netflix_dag.py
[2026-09-06T04:20:11.764+0000] {logging_mixin.py:188} INFO - [2026-09-06T04:20:11.763+0000] {dag.py:3089} INFO - Sync 1 DAGs
[2026-09-06T04:20:11.948+0000] {logging_mixin.py:188} INFO - [2026-09-06T04:20:11.947+0000] {dag.py:3947} INFO - Setting next_dagrun for netflix_etl_pipeline to 2026-09-05 00:00:00+00:00, run_after=2026-09-06 00:00:00+00:00
[2026-09-06T04:20:12.127+0000] {processor.py:183} INFO - Processing /opt/airflow/dags/netflix_dag.py took 2.246 seconds
[2026-09-06T04:20:43.995+0000] {processor.py:161} INFO - Started process (PID=2553) to work on /opt/airflow/dags/netflix_dag.py
[2026-09-06T04:20:44.081+0000] {processor.py:830} INFO - Processing file /opt/airflow/dags/netflix_dag.py for tasks to queue
[2026-09-06T04:20:44.144+0000] {logging_mixin.py:188} INFO - [2026-09-06T04:20:44.143+0000] {dagbag.py:545} INFO - Filling up the DagBag from /opt/airflow/dags/netflix_dag.py
[2026-09-06T04:20:45.097+0000] {processor.py:840} INFO - DAG(s) 'netflix_etl_pipeline' retrieved from /opt/airflow/dags/netflix_dag.py
[2026-09-06T04:20:45.379+0000] {logging_mixin.py:188} INFO - [2026-09-06T04:20:45.369+0000] {dag.py:3089} INFO - Sync 1 DAGs
[2026-09-06T04:20:45.551+0000] {logging_mixin.py:188} INFO - [2026-09-06T04:20:45.550+0000] {dag.py:3947} INFO - Setting next_dagrun for netflix_etl_pipeline to 2026-09-05 00:00:00+00:00, run_after=2026-09-06 00:00:00+00:00
[2026-09-06T04:20:45.720+0000] {processor.py:183} INFO - Processing /opt/airflow/dags/netflix_dag.py took 1.753 seconds
[2026-09-06T04:21:17.224+0000] {processor.py:161} INFO - Started process (PID=2564) to work on /opt/airflow/dags/netflix_dag.py
[2026-09-06T04:21:17.240+0000] {processor.py:830} INFO - Processing file /opt/airflow/dags/netflix_dag.py for tasks to queue
[2026-09-06T04:21:17.301+0000] {logging_mixin.py:188} INFO - [2026-09-06T04:21:17.299+0000] {dagbag.py:545} INFO - Filling up the DagBag from /opt/airflow/dags/netflix_dag.py
[2026-09-06T04:21:17.800+0000] {processor.py:840} INFO - DAG(s) 'netflix_etl_pipeline' retrieved from /opt/airflow/dags/netflix_dag.py
[2026-09-06T04:21:18.079+0000] {logging_mixin.py:188} INFO - [2026-09-06T04:21:18.078+0000] {dag.py:3089} INFO - Sync 1 DAGs
[2026-09-06T04:21:18.194+0000] {logging_mixin.py:188} INFO - [2026-09-06T04:21:18.193+0000] {dag.py:3947} INFO - Setting next_dagrun for netflix_etl_pipeline to 2026-09-05 00:00:00+00:00, run_after=2026-09-06 00:00:00+00:00
[2026-09-06T04:21:18.288+0000] {processor.py:183} INFO - Processing /opt/airflow/dags/netflix_dag.py took 1.100 seconds
[2026-09-06T04:21:50.132+0000] {processor.py:161} INFO - Started process (PID=2575) to work on /opt/airflow/dags/netflix_dag.py
[2026-09-06T04:21:50.153+0000] {processor.py:830} INFO - Processing file /opt/airflow/dags/netflix_dag.py for tasks to queue
[2026-09-06T04:21:50.201+0000] {logging_mixin.py:188} INFO - [2026-09-06T04:21:50.200+0000] {dagbag.py:545} INFO - Filling up the DagBag from /opt/airflow/dags/netflix_dag.py
[2026-09-06T04:21:51.227+0000] {processor.py:840} INFO - DAG(s) 'netflix_etl_pipeline' retrieved from /opt/airflow/dags/netflix_dag.py
[2026-09-06T04:21:51.779+0000] {logging_mixin.py:188} INFO - [2026-09-06T04:21:51.779+0000] {dag.py:3089} INFO - Sync 1 DAGs
[2026-09-06T04:21:51.936+0000] {logging_mixin.py:188} INFO - [2026-09-06T04:21:51.935+0000] {dag.py:3947} INFO - Setting next_dagrun for netflix_etl_pipeline to 2026-09-05 00:00:00+00:00, run_after=2026-09-06 00:00:00+00:00
[2026-09-06T04:21:52.141+0000] {processor.py:183} INFO - Processing /opt/airflow/dags/netflix_dag.py took 2.033 seconds
[2026-09-06T04:22:23.450+0000] {processor.py:161} INFO - Started process (PID=2593) to work on /opt/airflow/dags/netflix_dag.py
[2026-09-06T04:22:23.458+0000] {processor.py:830} INFO - Processing file /opt/airflow/dags/netflix_dag.py for tasks to queue
[2026-09-06T04:22:23.470+0000] {logging_mixin.py:188} INFO - [2026-09-06T04:22:23.468+0000] {dagbag.py:545} INFO - Filling up the DagBag from /opt/airflow/dags/netflix_dag.py
[2026-09-06T04:22:23.626+0000] {processor.py:840} INFO - DAG(s) 'netflix_etl_pipeline' retrieved from /opt/airflow/dags/netflix_dag.py
[2026-09-06T04:22:23.840+0000] {logging_mixin.py:188} INFO - [2026-09-06T04:22:23.840+0000] {dag.py:3089} INFO - Sync 1 DAGs
[2026-09-06T04:22:23.938+0000] {logging_mixin.py:188} INFO - [2026-09-06T04:22:23.937+0000] {dag.py:3947} INFO - Setting next_dagrun for netflix_etl_pipeline to 2026-09-05 00:00:00+00:00, run_after=2026-09-06 00:00:00+00:00
[2026-09-06T04:22:24.015+0000] {processor.py:183} INFO - Processing /opt/airflow/dags/netflix_dag.py took 0.616 seconds
[2026-09-06T04:22:54.514+0000] {processor.py:161} INFO - Started process (PID=2604) to work on /opt/airflow/dags/netflix_dag.py
[2026-09-06T04:22:54.517+0000] {processor.py:830} INFO - Processing file /opt/airflow/dags/netflix_dag.py for tasks to queue
[2026-09-06T04:22:54.524+0000] {logging_mixin.py:188} INFO - [2026-09-06T04:22:54.523+0000] {dagbag.py:545} INFO - Filling up the DagBag from /opt/airflow/dags/netflix_dag.py
[2026-09-06T04:22:54.583+0000] {processor.py:840} INFO - DAG(s) 'netflix_etl_pipeline' retrieved from /opt/airflow/dags/netflix_dag.py
[2026-09-06T04:22:54.694+0000] {logging_mixin.py:188} INFO - [2026-09-06T04:22:54.693+0000] {dag.py:3089} INFO - Sync 1 DAGs
[2026-09-06T04:22:54.745+0000] {logging_mixin.py:188} INFO - [2026-09-06T04:22:54.745+0000] {dag.py:3947} INFO - Setting next_dagrun for netflix_etl_pipeline to 2026-09-05 00:00:00+00:00, run_after=2026-09-06 00:00:00+00:00
[2026-09-06T04:22:54.859+0000] {processor.py:183} INFO - Processing /opt/airflow/dags/netflix_dag.py took 0.364 seconds
[2026-09-06T04:23:25.554+0000] {processor.py:161} INFO - Started process (PID=2615) to work on /opt/airflow/dags/netflix_dag.py
[2026-09-06T04:23:25.557+0000] {processor.py:830} INFO - Processing file /opt/airflow/dags/netflix_dag.py for tasks to queue
[2026-09-06T04:23:25.585+0000] {logging_mixin.py:188} INFO - [2026-09-06T04:23:25.582+0000] {dagbag.py:545} INFO - Filling up the DagBag from /opt/airflow/dags/netflix_dag.py
[2026-09-06T04:23:25.891+0000] {processor.py:840} INFO - DAG(s) 'netflix_etl_pipeline' retrieved from /opt/airflow/dags/netflix_dag.py
[2026-09-06T04:23:26.202+0000] {logging_mixin.py:188} INFO - [2026-09-06T04:23:26.191+0000] {dag.py:3089} INFO - Sync 1 DAGs
[2026-09-06T04:23:26.424+0000] {logging_mixin.py:188} INFO - [2026-09-06T04:23:26.424+0000] {dag.py:3947} INFO - Setting next_dagrun for netflix_etl_pipeline to 2026-09-05 00:00:00+00:00, run_after=2026-09-06 00:00:00+00:00
[2026-09-06T04:23:26.744+0000] {processor.py:183} INFO - Processing /opt/airflow/dags/netflix_dag.py took 1.210 seconds
[2026-09-06T04:23:59.072+0000] {processor.py:161} INFO - Started process (PID=2626) to work on /opt/airflow/dags/netflix_dag.py
[2026-09-06T04:23:59.094+0000] {processor.py:830} INFO - Processing file /opt/airflow/dags/netflix_dag.py for tasks to queue
[2026-09-06T04:23:59.183+0000] {logging_mixin.py:188} INFO - [2026-09-06T04:23:59.182+0000] {dagbag.py:545} INFO - Filling up the DagBag from /opt/airflow/dags/netflix_dag.py
[2026-09-06T04:23:59.841+0000] {processor.py:840} INFO - DAG(s) 'netflix_etl_pipeline' retrieved from /opt/airflow/dags/netflix_dag.py
[2026-09-06T04:23:59.938+0000] {logging_mixin.py:188} INFO - [2026-09-06T04:23:59.937+0000] {dag.py:3089} INFO - Sync 1 DAGs
[2026-09-06T04:23:59.994+0000] {logging_mixin.py:188} INFO - [2026-09-06T04:23:59.994+0000] {dag.py:3947} INFO - Setting next_dagrun for netflix_etl_pipeline to 2026-09-05 00:00:00+00:00, run_after=2026-09-06 00:00:00+00:00
[2026-09-06T04:24:00.049+0000] {processor.py:183} INFO - Processing /opt/airflow/dags/netflix_dag.py took 1.005 seconds
[2026-09-06T04:24:31.971+0000] {processor.py:161} INFO - Started process (PID=2638) to work on /opt/airflow/dags/netflix_dag.py
[2026-09-06T04:24:32.053+0000] {processor.py:830} INFO - Processing file /opt/airflow/dags/netflix_dag.py for tasks to queue
[2026-09-06T04:24:32.139+0000] {logging_mixin.py:188} INFO - [2026-09-06T04:24:32.132+0000] {dagbag.py:545} INFO - Filling up the DagBag from /opt/airflow/dags/netflix_dag.py
[2026-09-06T04:24:33.190+0000] {processor.py:840} INFO - DAG(s) 'netflix_etl_pipeline' retrieved from /opt/airflow/dags/netflix_dag.py
[2026-09-06T04:24:33.533+0000] {logging_mixin.py:188} INFO - [2026-09-06T04:24:33.526+0000] {dag.py:3089} INFO - Sync 1 DAGs
[2026-09-06T04:24:33.775+0000] {logging_mixin.py:188} INFO - [2026-09-06T04:24:33.774+0000] {dag.py:3947} INFO - Setting next_dagrun for netflix_etl_pipeline to 2026-09-05 00:00:00+00:00, run_after=2026-09-06 00:00:00+00:00
[2026-09-06T04:24:33.991+0000] {processor.py:183} INFO - Processing /opt/airflow/dags/netflix_dag.py took 2.069 seconds
[2026-09-06T04:25:05.429+0000] {processor.py:161} INFO - Started process (PID=2649) to work on /opt/airflow/dags/netflix_dag.py
[2026-09-06T04:25:05.445+0000] {processor.py:830} INFO - Processing file /opt/airflow/dags/netflix_dag.py for tasks to queue
[2026-09-06T04:25:05.476+0000] {logging_mixin.py:188} INFO - [2026-09-06T04:25:05.474+0000] {dagbag.py:545} INFO - Filling up the DagBag from /opt/airflow/dags/netflix_dag.py
[2026-09-06T04:25:05.789+0000] {processor.py:840} INFO - DAG(s) 'netflix_etl_pipeline' retrieved from /opt/airflow/dags/netflix_dag.py
[2026-09-06T04:25:05.972+0000] {logging_mixin.py:188} INFO - [2026-09-06T04:25:05.972+0000] {dag.py:3089} INFO - Sync 1 DAGs
[2026-09-06T04:25:06.272+0000] {logging_mixin.py:188} INFO - [2026-09-06T04:25:06.271+0000] {dag.py:3947} INFO - Setting next_dagrun for netflix_etl_pipeline to 2026-09-05 00:00:00+00:00, run_after=2026-09-06 00:00:00+00:00
[2026-09-06T04:25:06.553+0000] {processor.py:183} INFO - Processing /opt/airflow/dags/netflix_dag.py took 1.161 seconds
[2026-09-06T04:25:37.901+0000] {processor.py:161} INFO - Started process (PID=2660) to work on /opt/airflow/dags/netflix_dag.py
[2026-09-06T04:25:37.935+0000] {processor.py:830} INFO - Processing file /opt/airflow/dags/netflix_dag.py for tasks to queue
[2026-09-06T04:25:38.056+0000] {logging_mixin.py:188} INFO - [2026-09-06T04:25:38.055+0000] {dagbag.py:545} INFO - Filling up the DagBag from /opt/airflow/dags/netflix_dag.py
[2026-09-06T04:25:38.597+0000] {processor.py:840} INFO - DAG(s) 'netflix_etl_pipeline' retrieved from /opt/airflow/dags/netflix_dag.py
[2026-09-06T04:25:38.736+0000] {logging_mixin.py:188} INFO - [2026-09-06T04:25:38.736+0000] {dag.py:3089} INFO - Sync 1 DAGs
[2026-09-06T04:25:39.013+0000] {logging_mixin.py:188} INFO - [2026-09-06T04:25:39.012+0000] {dag.py:3947} INFO - Setting next_dagrun for netflix_etl_pipeline to 2026-09-05 00:00:00+00:00, run_after=2026-09-06 00:00:00+00:00
[2026-09-06T04:25:39.314+0000] {processor.py:183} INFO - Processing /opt/airflow/dags/netflix_dag.py took 1.449 seconds
[2026-09-06T04:26:11.002+0000] {processor.py:161} INFO - Started process (PID=2671) to work on /opt/airflow/dags/netflix_dag.py
[2026-09-06T04:26:11.006+0000] {processor.py:830} INFO - Processing file /opt/airflow/dags/netflix_dag.py for tasks to queue
[2026-09-06T04:26:11.012+0000] {logging_mixin.py:188} INFO - [2026-09-06T04:26:11.011+0000] {dagbag.py:545} INFO - Filling up the DagBag from /opt/airflow/dags/netflix_dag.py
[2026-09-06T04:26:11.066+0000] {processor.py:840} INFO - DAG(s) 'netflix_etl_pipeline' retrieved from /opt/airflow/dags/netflix_dag.py
[2026-09-06T04:26:11.152+0000] {logging_mixin.py:188} INFO - [2026-09-06T04:26:11.151+0000] {dag.py:3089} INFO - Sync 1 DAGs
[2026-09-06T04:26:11.211+0000] {logging_mixin.py:188} INFO - [2026-09-06T04:26:11.211+0000] {dag.py:3947} INFO - Setting next_dagrun for netflix_etl_pipeline to 2026-09-05 00:00:00+00:00, run_after=2026-09-06 00:00:00+00:00
[2026-09-06T04:26:11.271+0000] {processor.py:183} INFO - Processing /opt/airflow/dags/netflix_dag.py took 0.293 seconds
[2026-09-06T04:26:42.246+0000] {processor.py:161} INFO - Started process (PID=2682) to work on /opt/airflow/dags/netflix_dag.py
[2026-09-06T04:26:42.249+0000] {processor.py:830} INFO - Processing file /opt/airflow/dags/netflix_dag.py for tasks to queue
[2026-09-06T04:26:42.256+0000] {logging_mixin.py:188} INFO - [2026-09-06T04:26:42.255+0000] {dagbag.py:545} INFO - Filling up the DagBag from /opt/airflow/dags/netflix_dag.py
[2026-09-06T04:26:42.304+0000] {processor.py:840} INFO - DAG(s) 'netflix_etl_pipeline' retrieved from /opt/airflow/dags/netflix_dag.py
[2026-09-06T04:26:42.384+0000] {logging_mixin.py:188} INFO - [2026-09-06T04:26:42.384+0000] {dag.py:3089} INFO - Sync 1 DAGs
[2026-09-06T04:26:42.435+0000] {logging_mixin.py:188} INFO - [2026-09-06T04:26:42.435+0000] {dag.py:3947} INFO - Setting next_dagrun for netflix_etl_pipeline to 2026-09-05 00:00:00+00:00, run_after=2026-09-06 00:00:00+00:00
[2026-09-06T04:26:42.516+0000] {processor.py:183} INFO - Processing /opt/airflow/dags/netflix_dag.py took 0.287 seconds
[2026-09-06T04:27:14.189+0000] {processor.py:161} INFO - Started process (PID=2693) to work on /opt/airflow/dags/netflix_dag.py
[2026-09-06T04:27:14.274+0000] {processor.py:830} INFO - Processing file /opt/airflow/dags/netflix_dag.py for tasks to queue
[2026-09-06T04:27:14.326+0000] {logging_mixin.py:188} INFO - [2026-09-06T04:27:14.325+0000] {dagbag.py:545} INFO - Filling up the DagBag from /opt/airflow/dags/netflix_dag.py
[2026-09-06T04:27:15.209+0000] {processor.py:840} INFO - DAG(s) 'netflix_etl_pipeline' retrieved from /opt/airflow/dags/netflix_dag.py
[2026-09-06T04:27:15.509+0000] {logging_mixin.py:188} INFO - [2026-09-06T04:27:15.508+0000] {dag.py:3089} INFO - Sync 1 DAGs
[2026-09-06T04:27:15.710+0000] {logging_mixin.py:188} INFO - [2026-09-06T04:27:15.700+0000] {dag.py:3947} INFO - Setting next_dagrun for netflix_etl_pipeline to 2026-09-05 00:00:00+00:00, run_after=2026-09-06 00:00:00+00:00
[2026-09-06T04:27:15.879+0000] {processor.py:183} INFO - Processing /opt/airflow/dags/netflix_dag.py took 1.728 seconds
[2026-09-06T04:27:47.124+0000] {processor.py:161} INFO - Started process (PID=2704) to work on /opt/airflow/dags/netflix_dag.py
[2026-09-06T04:27:47.163+0000] {processor.py:830} INFO - Processing file /opt/airflow/dags/netflix_dag.py for tasks to queue
[2026-09-06T04:27:47.238+0000] {logging_mixin.py:188} INFO - [2026-09-06T04:27:47.237+0000] {dagbag.py:545} INFO - Filling up the DagBag from /opt/airflow/dags/netflix_dag.py
[2026-09-06T04:27:48.256+0000] {processor.py:840} INFO - DAG(s) 'netflix_etl_pipeline' retrieved from /opt/airflow/dags/netflix_dag.py
[2026-09-06T04:27:48.520+0000] {logging_mixin.py:188} INFO - [2026-09-06T04:27:48.520+0000] {dag.py:3089} INFO - Sync 1 DAGs
[2026-09-06T04:27:48.688+0000] {logging_mixin.py:188} INFO - [2026-09-06T04:27:48.687+0000] {dag.py:3947} INFO - Setting next_dagrun for netflix_etl_pipeline to 2026-09-05 00:00:00+00:00, run_after=2026-09-06 00:00:00+00:00
[2026-09-06T04:27:48.899+0000] {processor.py:183} INFO - Processing /opt/airflow/dags/netflix_dag.py took 1.812 seconds
[2026-09-06T04:28:20.216+0000] {processor.py:161} INFO - Started process (PID=2715) to work on /opt/airflow/dags/netflix_dag.py
[2026-09-06T04:28:20.334+0000] {processor.py:830} INFO - Processing file /opt/airflow/dags/netflix_dag.py for tasks to queue
[2026-09-06T04:28:20.347+0000] {logging_mixin.py:188} INFO - [2026-09-06T04:28:20.346+0000] {dagbag.py:545} INFO - Filling up the DagBag from /opt/airflow/dags/netflix_dag.py
[2026-09-06T04:28:20.427+0000] {processor.py:840} INFO - DAG(s) 'netflix_etl_pipeline' retrieved from /opt/airflow/dags/netflix_dag.py
[2026-09-06T04:28:20.528+0000] {logging_mixin.py:188} INFO - [2026-09-06T04:28:20.527+0000] {dag.py:3089} INFO - Sync 1 DAGs
[2026-09-06T04:28:20.671+0000] {logging_mixin.py:188} INFO - [2026-09-06T04:28:20.670+0000] {dag.py:3947} INFO - Setting next_dagrun for netflix_etl_pipeline to 2026-09-05 00:00:00+00:00, run_after=2026-09-06 00:00:00+00:00
[2026-09-06T04:28:20.900+0000] {processor.py:183} INFO - Processing /opt/airflow/dags/netflix_dag.py took 0.726 seconds
[2026-09-06T04:28:52.360+0000] {processor.py:161} INFO - Started process (PID=2726) to work on /opt/airflow/dags/netflix_dag.py
[2026-09-06T04:28:52.412+0000] {processor.py:830} INFO - Processing file /opt/airflow/dags/netflix_dag.py for tasks to queue
[2026-09-06T04:28:52.468+0000] {logging_mixin.py:188} INFO - [2026-09-06T04:28:52.467+0000] {dagbag.py:545} INFO - Filling up the DagBag from /opt/airflow/dags/netflix_dag.py
[2026-09-06T04:28:53.354+0000] {processor.py:840} INFO - DAG(s) 'netflix_etl_pipeline' retrieved from /opt/airflow/dags/netflix_dag.py
[2026-09-06T04:28:53.442+0000] {logging_mixin.py:188} INFO - [2026-09-06T04:28:53.442+0000] {dag.py:3089} INFO - Sync 1 DAGs
[2026-09-06T04:28:53.504+0000] {logging_mixin.py:188} INFO - [2026-09-06T04:28:53.503+0000] {dag.py:3947} INFO - Setting next_dagrun for netflix_etl_pipeline to 2026-09-05 00:00:00+00:00, run_after=2026-09-06 00:00:00+00:00
[2026-09-06T04:28:53.553+0000] {processor.py:183} INFO - Processing /opt/airflow/dags/netflix_dag.py took 1.233 seconds
[2026-09-06T04:29:25.909+0000] {processor.py:161} INFO - Started process (PID=2737) to work on /opt/airflow/dags/netflix_dag.py
[2026-09-06T04:29:25.991+0000] {processor.py:830} INFO - Processing file /opt/airflow/dags/netflix_dag.py for tasks to queue
[2026-09-06T04:29:26.068+0000] {logging_mixin.py:188} INFO - [2026-09-06T04:29:26.067+0000] {dagbag.py:545} INFO - Filling up the DagBag from /opt/airflow/dags/netflix_dag.py
[2026-09-06T04:29:26.919+0000] {processor.py:840} INFO - DAG(s) 'netflix_etl_pipeline' retrieved from /opt/airflow/dags/netflix_dag.py
[2026-09-06T04:29:27.239+0000] {logging_mixin.py:188} INFO - [2026-09-06T04:29:27.239+0000] {dag.py:3089} INFO - Sync 1 DAGs
[2026-09-06T04:29:27.438+0000] {logging_mixin.py:188} INFO - [2026-09-06T04:29:27.437+0000] {dag.py:3947} INFO - Setting next_dagrun for netflix_etl_pipeline to 2026-09-05 00:00:00+00:00, run_after=2026-09-06 00:00:00+00:00
[2026-09-06T04:29:27.502+0000] {processor.py:183} INFO - Processing /opt/airflow/dags/netflix_dag.py took 1.633 seconds
[2026-09-06T04:29:59.346+0000] {processor.py:161} INFO - Started process (PID=2754) to work on /opt/airflow/dags/netflix_dag.py
[2026-09-06T04:29:59.428+0000] {processor.py:830} INFO - Processing file /opt/airflow/dags/netflix_dag.py for tasks to queue
[2026-09-06T04:29:59.507+0000] {logging_mixin.py:188} INFO - [2026-09-06T04:29:59.505+0000] {dagbag.py:545} INFO - Filling up the DagBag from /opt/airflow/dags/netflix_dag.py
[2026-09-06T04:30:00.697+0000] {processor.py:840} INFO - DAG(s) 'netflix_etl_pipeline' retrieved from /opt/airflow/dags/netflix_dag.py
[2026-09-06T04:30:00.966+0000] {logging_mixin.py:188} INFO - [2026-09-06T04:30:00.965+0000] {dag.py:3089} INFO - Sync 1 DAGs
[2026-09-06T04:30:01.173+0000] {logging_mixin.py:188} INFO - [2026-09-06T04:30:01.172+0000] {dag.py:3947} INFO - Setting next_dagrun for netflix_etl_pipeline to 2026-09-05 00:00:00+00:00, run_after=2026-09-06 00:00:00+00:00
[2026-09-06T04:30:01.471+0000] {processor.py:183} INFO - Processing /opt/airflow/dags/netflix_dag.py took 2.164 seconds
[2026-09-06T04:30:32.708+0000] {processor.py:161} INFO - Started process (PID=2765) to work on /opt/airflow/dags/netflix_dag.py
[2026-09-06T04:30:32.716+0000] {processor.py:830} INFO - Processing file /opt/airflow/dags/netflix_dag.py for tasks to queue
[2026-09-06T04:30:32.726+0000] {logging_mixin.py:188} INFO - [2026-09-06T04:30:32.725+0000] {dagbag.py:545} INFO - Filling up the DagBag from /opt/airflow/dags/netflix_dag.py
[2026-09-06T04:30:32.951+0000] {processor.py:840} INFO - DAG(s) 'netflix_etl_pipeline' retrieved from /opt/airflow/dags/netflix_dag.py
[2026-09-06T04:30:33.089+0000] {logging_mixin.py:188} INFO - [2026-09-06T04:30:33.088+0000] {dag.py:3089} INFO - Sync 1 DAGs
[2026-09-06T04:30:33.193+0000] {logging_mixin.py:188} INFO - [2026-09-06T04:30:33.192+0000] {dag.py:3947} INFO - Setting next_dagrun for netflix_etl_pipeline to 2026-09-05 00:00:00+00:00, run_after=2026-09-06 00:00:00+00:00
[2026-09-06T04:30:33.270+0000] {processor.py:183} INFO - Processing /opt/airflow/dags/netflix_dag.py took 0.597 seconds
[2026-09-06T04:31:04.851+0000] {processor.py:161} INFO - Started process (PID=2776) to work on /opt/airflow/dags/netflix_dag.py
[2026-09-06T04:31:04.932+0000] {processor.py:830} INFO - Processing file /opt/airflow/dags/netflix_dag.py for tasks to queue
[2026-09-06T04:31:04.980+0000] {logging_mixin.py:188} INFO - [2026-09-06T04:31:04.979+0000] {dagbag.py:545} INFO - Filling up the DagBag from /opt/airflow/dags/netflix_dag.py
[2026-09-06T04:31:05.699+0000] {processor.py:840} INFO - DAG(s) 'netflix_etl_pipeline' retrieved from /opt/airflow/dags/netflix_dag.py
[2026-09-06T04:31:05.831+0000] {logging_mixin.py:188} INFO - [2026-09-06T04:31:05.830+0000] {dag.py:3089} INFO - Sync 1 DAGs
[2026-09-06T04:31:05.994+0000] {logging_mixin.py:188} INFO - [2026-09-06T04:31:05.994+0000] {dag.py:3947} INFO - Setting next_dagrun for netflix_etl_pipeline to 2026-09-05 00:00:00+00:00, run_after=2026-09-06 00:00:00+00:00
[2026-09-06T04:31:06.238+0000] {processor.py:183} INFO - Processing /opt/airflow/dags/netflix_dag.py took 1.424 seconds
[2026-09-06T04:31:38.328+0000] {processor.py:161} INFO - Started process (PID=2787) to work on /opt/airflow/dags/netflix_dag.py
[2026-09-06T04:31:38.332+0000] {processor.py:830} INFO - Processing file /opt/airflow/dags/netflix_dag.py for tasks to queue
[2026-09-06T04:31:38.350+0000] {logging_mixin.py:188} INFO - [2026-09-06T04:31:38.348+0000] {dagbag.py:545} INFO - Filling up the DagBag from /opt/airflow/dags/netflix_dag.py
[2026-09-06T04:31:38.423+0000] {processor.py:840} INFO - DAG(s) 'netflix_etl_pipeline' retrieved from /opt/airflow/dags/netflix_dag.py
[2026-09-06T04:31:38.526+0000] {logging_mixin.py:188} INFO - [2026-09-06T04:31:38.526+0000] {dag.py:3089} INFO - Sync 1 DAGs
[2026-09-06T04:31:38.581+0000] {logging_mixin.py:188} INFO - [2026-09-06T04:31:38.581+0000] {dag.py:3947} INFO - Setting next_dagrun for netflix_etl_pipeline to 2026-09-05 00:00:00+00:00, run_after=2026-09-06 00:00:00+00:00
[2026-09-06T04:31:38.802+0000] {processor.py:183} INFO - Processing /opt/airflow/dags/netflix_dag.py took 0.501 seconds
[2026-09-06T04:32:09.302+0000] {processor.py:161} INFO - Started process (PID=2798) to work on /opt/airflow/dags/netflix_dag.py
[2026-09-06T04:32:09.305+0000] {processor.py:830} INFO - Processing file /opt/airflow/dags/netflix_dag.py for tasks to queue
[2026-09-06T04:32:09.314+0000] {logging_mixin.py:188} INFO - [2026-09-06T04:32:09.313+0000] {dagbag.py:545} INFO - Filling up the DagBag from /opt/airflow/dags/netflix_dag.py
[2026-09-06T04:32:09.362+0000] {processor.py:840} INFO - DAG(s) 'netflix_etl_pipeline' retrieved from /opt/airflow/dags/netflix_dag.py
[2026-09-06T04:32:09.452+0000] {logging_mixin.py:188} INFO - [2026-09-06T04:32:09.451+0000] {dag.py:3089} INFO - Sync 1 DAGs
[2026-09-06T04:32:09.510+0000] {logging_mixin.py:188} INFO - [2026-09-06T04:32:09.510+0000] {dag.py:3947} INFO - Setting next_dagrun for netflix_etl_pipeline to 2026-09-05 00:00:00+00:00, run_after=2026-09-06 00:00:00+00:00
[2026-09-06T04:32:09.552+0000] {processor.py:183} INFO - Processing /opt/airflow/dags/netflix_dag.py took 0.264 seconds
[2026-09-06T04:32:40.494+0000] {processor.py:161} INFO - Started process (PID=2809) to work on /opt/airflow/dags/netflix_dag.py
[2026-09-06T04:32:40.498+0000] {processor.py:830} INFO - Processing file /opt/airflow/dags/netflix_dag.py for tasks to queue
[2026-09-06T04:32:40.509+0000] {logging_mixin.py:188} INFO - [2026-09-06T04:32:40.507+0000] {dagbag.py:545} INFO - Filling up the DagBag from /opt/airflow/dags/netflix_dag.py
[2026-09-06T04:32:40.564+0000] {processor.py:840} INFO - DAG(s) 'netflix_etl_pipeline' retrieved from /opt/airflow/dags/netflix_dag.py
[2026-09-06T04:32:40.826+0000] {logging_mixin.py:188} INFO - [2026-09-06T04:32:40.825+0000] {dag.py:3089} INFO - Sync 1 DAGs
[2026-09-06T04:32:41.044+0000] {logging_mixin.py:188} INFO - [2026-09-06T04:32:41.043+0000] {dag.py:3947} INFO - Setting next_dagrun for netflix_etl_pipeline to 2026-09-05 00:00:00+00:00, run_after=2026-09-06 00:00:00+00:00
[2026-09-06T04:32:41.401+0000] {processor.py:183} INFO - Processing /opt/airflow/dags/netflix_dag.py took 0.931 seconds
[2026-09-06T04:33:13.048+0000] {processor.py:161} INFO - Started process (PID=2820) to work on /opt/airflow/dags/netflix_dag.py
[2026-09-06T04:33:13.084+0000] {processor.py:830} INFO - Processing file /opt/airflow/dags/netflix_dag.py for tasks to queue
[2026-09-06T04:33:13.124+0000] {logging_mixin.py:188} INFO - [2026-09-06T04:33:13.123+0000] {dagbag.py:545} INFO - Filling up the DagBag from /opt/airflow/dags/netflix_dag.py
[2026-09-06T04:33:13.539+0000] {processor.py:840} INFO - DAG(s) 'netflix_etl_pipeline' retrieved from /opt/airflow/dags/netflix_dag.py
[2026-09-06T04:33:13.656+0000] {logging_mixin.py:188} INFO - [2026-09-06T04:33:13.656+0000] {dag.py:3089} INFO - Sync 1 DAGs
[2026-09-06T04:33:13.820+0000] {logging_mixin.py:188} INFO - [2026-09-06T04:33:13.820+0000] {dag.py:3947} INFO - Setting next_dagrun for netflix_etl_pipeline to 2026-09-05 00:00:00+00:00, run_after=2026-09-06 00:00:00+00:00
[2026-09-06T04:33:14.011+0000] {processor.py:183} INFO - Processing /opt/airflow/dags/netflix_dag.py took 0.998 seconds
[2026-09-06T04:33:45.201+0000] {processor.py:161} INFO - Started process (PID=2831) to work on /opt/airflow/dags/netflix_dag.py
[2026-09-06T04:33:45.206+0000] {processor.py:830} INFO - Processing file /opt/airflow/dags/netflix_dag.py for tasks to queue
[2026-09-06T04:33:45.216+0000] {logging_mixin.py:188} INFO - [2026-09-06T04:33:45.215+0000] {dagbag.py:545} INFO - Filling up the DagBag from /opt/airflow/dags/netflix_dag.py
[2026-09-06T04:33:45.306+0000] {processor.py:840} INFO - DAG(s) 'netflix_etl_pipeline' retrieved from /opt/airflow/dags/netflix_dag.py
[2026-09-06T04:33:46.261+0000] {logging_mixin.py:188} INFO - [2026-09-06T04:33:46.260+0000] {dag.py:3089} INFO - Sync 1 DAGs
[2026-09-06T04:33:46.456+0000] {logging_mixin.py:188} INFO - [2026-09-06T04:33:46.455+0000] {dag.py:3947} INFO - Setting next_dagrun for netflix_etl_pipeline to 2026-09-05 00:00:00+00:00, run_after=2026-09-06 00:00:00+00:00
[2026-09-06T04:33:46.820+0000] {processor.py:183} INFO - Processing /opt/airflow/dags/netflix_dag.py took 1.656 seconds
[2026-09-06T04:34:18.227+0000] {processor.py:161} INFO - Started process (PID=2842) to work on /opt/airflow/dags/netflix_dag.py
[2026-09-06T04:34:18.255+0000] {processor.py:830} INFO - Processing file /opt/airflow/dags/netflix_dag.py for tasks to queue
[2026-09-06T04:34:18.288+0000] {logging_mixin.py:188} INFO - [2026-09-06T04:34:18.287+0000] {dagbag.py:545} INFO - Filling up the DagBag from /opt/airflow/dags/netflix_dag.py
[2026-09-06T04:34:18.903+0000] {processor.py:840} INFO - DAG(s) 'netflix_etl_pipeline' retrieved from /opt/airflow/dags/netflix_dag.py
[2026-09-06T04:34:19.033+0000] {logging_mixin.py:188} INFO - [2026-09-06T04:34:19.032+0000] {dag.py:3089} INFO - Sync 1 DAGs
[2026-09-06T04:34:19.300+0000] {logging_mixin.py:188} INFO - [2026-09-06T04:34:19.299+0000] {dag.py:3947} INFO - Setting next_dagrun for netflix_etl_pipeline to 2026-09-05 00:00:00+00:00, run_after=2026-09-06 00:00:00+00:00
[2026-09-06T04:34:19.515+0000] {processor.py:183} INFO - Processing /opt/airflow/dags/netflix_dag.py took 1.325 seconds
[2026-09-06T04:34:50.753+0000] {processor.py:161} INFO - Started process (PID=2853) to work on /opt/airflow/dags/netflix_dag.py
[2026-09-06T04:34:50.784+0000] {processor.py:830} INFO - Processing file /opt/airflow/dags/netflix_dag.py for tasks to queue
[2026-09-06T04:34:50.818+0000] {logging_mixin.py:188} INFO - [2026-09-06T04:34:50.817+0000] {dagbag.py:545} INFO - Filling up the DagBag from /opt/airflow/dags/netflix_dag.py
[2026-09-06T04:34:51.585+0000] {processor.py:840} INFO - DAG(s) 'netflix_etl_pipeline' retrieved from /opt/airflow/dags/netflix_dag.py
[2026-09-06T04:34:51.841+0000] {logging_mixin.py:188} INFO - [2026-09-06T04:34:51.840+0000] {dag.py:3089} INFO - Sync 1 DAGs
[2026-09-06T04:34:52.048+0000] {logging_mixin.py:188} INFO - [2026-09-06T04:34:52.047+0000] {dag.py:3947} INFO - Setting next_dagrun for netflix_etl_pipeline to 2026-09-05 00:00:00+00:00, run_after=2026-09-06 00:00:00+00:00
[2026-09-06T04:34:52.306+0000] {processor.py:183} INFO - Processing /opt/airflow/dags/netflix_dag.py took 1.588 seconds
[2026-09-06T04:35:24.265+0000] {processor.py:161} INFO - Started process (PID=2864) to work on /opt/airflow/dags/netflix_dag.py
[2026-09-06T04:35:24.309+0000] {processor.py:830} INFO - Processing file /opt/airflow/dags/netflix_dag.py for tasks to queue
[2026-09-06T04:35:24.355+0000] {logging_mixin.py:188} INFO - [2026-09-06T04:35:24.353+0000] {dagbag.py:545} INFO - Filling up the DagBag from /opt/airflow/dags/netflix_dag.py
[2026-09-06T04:35:25.444+0000] {processor.py:840} INFO - DAG(s) 'netflix_etl_pipeline' retrieved from /opt/airflow/dags/netflix_dag.py
[2026-09-06T04:35:25.769+0000] {logging_mixin.py:188} INFO - [2026-09-06T04:35:25.768+0000] {dag.py:3089} INFO - Sync 1 DAGs
[2026-09-06T04:35:26.007+0000] {logging_mixin.py:188} INFO - [2026-09-06T04:35:26.006+0000] {dag.py:3947} INFO - Setting next_dagrun for netflix_etl_pipeline to 2026-09-05 00:00:00+00:00, run_after=2026-09-06 00:00:00+00:00
[2026-09-06T04:35:26.291+0000] {processor.py:183} INFO - Processing /opt/airflow/dags/netflix_dag.py took 2.061 seconds
[2026-09-06T04:35:57.697+0000] {processor.py:161} INFO - Started process (PID=2875) to work on /opt/airflow/dags/netflix_dag.py
[2026-09-06T04:35:57.774+0000] {processor.py:830} INFO - Processing file /opt/airflow/dags/netflix_dag.py for tasks to queue
[2026-09-06T04:35:57.821+0000] {logging_mixin.py:188} INFO - [2026-09-06T04:35:57.820+0000] {dagbag.py:545} INFO - Filling up the DagBag from /opt/airflow/dags/netflix_dag.py
[2026-09-06T04:35:58.914+0000] {processor.py:840} INFO - DAG(s) 'netflix_etl_pipeline' retrieved from /opt/airflow/dags/netflix_dag.py
[2026-09-06T04:35:59.189+0000] {logging_mixin.py:188} INFO - [2026-09-06T04:35:59.188+0000] {dag.py:3089} INFO - Sync 1 DAGs
[2026-09-06T04:35:59.376+0000] {logging_mixin.py:188} INFO - [2026-09-06T04:35:59.375+0000] {dag.py:3947} INFO - Setting next_dagrun for netflix_etl_pipeline to 2026-09-05 00:00:00+00:00, run_after=2026-09-06 00:00:00+00:00
[2026-09-06T04:35:59.706+0000] {processor.py:183} INFO - Processing /opt/airflow/dags/netflix_dag.py took 2.048 seconds
[2026-09-06T04:36:30.903+0000] {processor.py:161} INFO - Started process (PID=2886) to work on /opt/airflow/dags/netflix_dag.py
[2026-09-06T04:36:30.922+0000] {processor.py:830} INFO - Processing file /opt/airflow/dags/netflix_dag.py for tasks to queue
[2026-09-06T04:36:30.945+0000] {logging_mixin.py:188} INFO - [2026-09-06T04:36:30.944+0000] {dagbag.py:545} INFO - Filling up the DagBag from /opt/airflow/dags/netflix_dag.py
[2026-09-06T04:36:31.964+0000] {processor.py:840} INFO - DAG(s) 'netflix_etl_pipeline' retrieved from /opt/airflow/dags/netflix_dag.py
[2026-09-06T04:36:32.212+0000] {logging_mixin.py:188} INFO - [2026-09-06T04:36:32.212+0000] {dag.py:3089} INFO - Sync 1 DAGs
[2026-09-06T04:36:32.542+0000] {logging_mixin.py:188} INFO - [2026-09-06T04:36:32.542+0000] {dag.py:3947} INFO - Setting next_dagrun for netflix_etl_pipeline to 2026-09-05 00:00:00+00:00, run_after=2026-09-06 00:00:00+00:00
[2026-09-06T04:36:32.808+0000] {processor.py:183} INFO - Processing /opt/airflow/dags/netflix_dag.py took 1.954 seconds
[2026-09-06T04:37:03.547+0000] {processor.py:161} INFO - Started process (PID=2903) to work on /opt/airflow/dags/netflix_dag.py
[2026-09-06T04:37:03.550+0000] {processor.py:830} INFO - Processing file /opt/airflow/dags/netflix_dag.py for tasks to queue
[2026-09-06T04:37:03.555+0000] {logging_mixin.py:188} INFO - [2026-09-06T04:37:03.555+0000] {dagbag.py:545} INFO - Filling up the DagBag from /opt/airflow/dags/netflix_dag.py
[2026-09-06T04:37:03.661+0000] {processor.py:840} INFO - DAG(s) 'netflix_etl_pipeline' retrieved from /opt/airflow/dags/netflix_dag.py
[2026-09-06T04:37:03.984+0000] {logging_mixin.py:188} INFO - [2026-09-06T04:37:03.983+0000] {dag.py:3089} INFO - Sync 1 DAGs
[2026-09-06T04:37:04.209+0000] {logging_mixin.py:188} INFO - [2026-09-06T04:37:04.209+0000] {dag.py:3947} INFO - Setting next_dagrun for netflix_etl_pipeline to 2026-09-05 00:00:00+00:00, run_after=2026-09-06 00:00:00+00:00
[2026-09-06T04:37:04.505+0000] {processor.py:183} INFO - Processing /opt/airflow/dags/netflix_dag.py took 0.976 seconds
[2026-09-06T04:37:37.073+0000] {processor.py:161} INFO - Started process (PID=2914) to work on /opt/airflow/dags/netflix_dag.py
[2026-09-06T04:37:37.091+0000] {processor.py:830} INFO - Processing file /opt/airflow/dags/netflix_dag.py for tasks to queue
[2026-09-06T04:37:37.123+0000] {logging_mixin.py:188} INFO - [2026-09-06T04:37:37.122+0000] {dagbag.py:545} INFO - Filling up the DagBag from /opt/airflow/dags/netflix_dag.py
[2026-09-06T04:37:37.218+0000] {processor.py:840} INFO - DAG(s) 'netflix_etl_pipeline' retrieved from /opt/airflow/dags/netflix_dag.py
[2026-09-06T04:37:37.295+0000] {logging_mixin.py:188} INFO - [2026-09-06T04:37:37.294+0000] {dag.py:3089} INFO - Sync 1 DAGs
[2026-09-06T04:37:37.474+0000] {logging_mixin.py:188} INFO - [2026-09-06T04:37:37.474+0000] {dag.py:3947} INFO - Setting next_dagrun for netflix_etl_pipeline to 2026-09-05 00:00:00+00:00, run_after=2026-09-06 00:00:00+00:00
[2026-09-06T04:37:37.710+0000] {processor.py:183} INFO - Processing /opt/airflow/dags/netflix_dag.py took 0.676 seconds
[2026-09-06T04:38:09.799+0000] {processor.py:161} INFO - Started process (PID=2925) to work on /opt/airflow/dags/netflix_dag.py
[2026-09-06T04:38:09.879+0000] {processor.py:830} INFO - Processing file /opt/airflow/dags/netflix_dag.py for tasks to queue
[2026-09-06T04:38:09.955+0000] {logging_mixin.py:188} INFO - [2026-09-06T04:38:09.954+0000] {dagbag.py:545} INFO - Filling up the DagBag from /opt/airflow/dags/netflix_dag.py
[2026-09-06T04:38:10.097+0000] {processor.py:840} INFO - DAG(s) 'netflix_etl_pipeline' retrieved from /opt/airflow/dags/netflix_dag.py
[2026-09-06T04:38:10.369+0000] {logging_mixin.py:188} INFO - [2026-09-06T04:38:10.368+0000] {dag.py:3089} INFO - Sync 1 DAGs
[2026-09-06T04:38:10.551+0000] {logging_mixin.py:188} INFO - [2026-09-06T04:38:10.551+0000] {dag.py:3947} INFO - Setting next_dagrun for netflix_etl_pipeline to 2026-09-05 00:00:00+00:00, run_after=2026-09-06 00:00:00+00:00
[2026-09-06T04:38:10.763+0000] {processor.py:183} INFO - Processing /opt/airflow/dags/netflix_dag.py took 1.002 seconds
[2026-09-06T04:38:41.945+0000] {processor.py:161} INFO - Started process (PID=2936) to work on /opt/airflow/dags/netflix_dag.py
[2026-09-06T04:38:41.963+0000] {processor.py:830} INFO - Processing file /opt/airflow/dags/netflix_dag.py for tasks to queue
[2026-09-06T04:38:41.979+0000] {logging_mixin.py:188} INFO - [2026-09-06T04:38:41.978+0000] {dagbag.py:545} INFO - Filling up the DagBag from /opt/airflow/dags/netflix_dag.py
[2026-09-06T04:38:42.266+0000] {processor.py:840} INFO - DAG(s) 'netflix_etl_pipeline' retrieved from /opt/airflow/dags/netflix_dag.py
[2026-09-06T04:38:42.350+0000] {logging_mixin.py:188} INFO - [2026-09-06T04:38:42.349+0000] {dag.py:3089} INFO - Sync 1 DAGs
[2026-09-06T04:38:42.444+0000] {logging_mixin.py:188} INFO - [2026-09-06T04:38:42.443+0000] {dag.py:3947} INFO - Setting next_dagrun for netflix_etl_pipeline to 2026-09-05 00:00:00+00:00, run_after=2026-09-06 00:00:00+00:00
[2026-09-06T04:38:42.628+0000] {processor.py:183} INFO - Processing /opt/airflow/dags/netflix_dag.py took 0.718 seconds
[2026-09-06T04:39:13.685+0000] {processor.py:161} INFO - Started process (PID=2947) to work on /opt/airflow/dags/netflix_dag.py
[2026-09-06T04:39:13.692+0000] {processor.py:830} INFO - Processing file /opt/airflow/dags/netflix_dag.py for tasks to queue
[2026-09-06T04:39:13.704+0000] {logging_mixin.py:188} INFO - [2026-09-06T04:39:13.700+0000] {dagbag.py:545} INFO - Filling up the DagBag from /opt/airflow/dags/netflix_dag.py
[2026-09-06T04:39:13.932+0000] {processor.py:840} INFO - DAG(s) 'netflix_etl_pipeline' retrieved from /opt/airflow/dags/netflix_dag.py
[2026-09-06T04:39:14.183+0000] {logging_mixin.py:188} INFO - [2026-09-06T04:39:14.182+0000] {dag.py:3089} INFO - Sync 1 DAGs
[2026-09-06T04:39:14.360+0000] {logging_mixin.py:188} INFO - [2026-09-06T04:39:14.359+0000] {dag.py:3947} INFO - Setting next_dagrun for netflix_etl_pipeline to 2026-09-05 00:00:00+00:00, run_after=2026-09-06 00:00:00+00:00
[2026-09-06T04:39:14.644+0000] {processor.py:183} INFO - Processing /opt/airflow/dags/netflix_dag.py took 0.984 seconds
[2026-09-06T04:39:46.970+0000] {processor.py:161} INFO - Started process (PID=2958) to work on /opt/airflow/dags/netflix_dag.py
[2026-09-06T04:39:47.027+0000] {processor.py:830} INFO - Processing file /opt/airflow/dags/netflix_dag.py for tasks to queue
[2026-09-06T04:39:47.104+0000] {logging_mixin.py:188} INFO - [2026-09-06T04:39:47.103+0000] {dagbag.py:545} INFO - Filling up the DagBag from /opt/airflow/dags/netflix_dag.py
[2026-09-06T04:39:47.846+0000] {processor.py:840} INFO - DAG(s) 'netflix_etl_pipeline' retrieved from /opt/airflow/dags/netflix_dag.py
[2026-09-06T04:39:48.094+0000] {logging_mixin.py:188} INFO - [2026-09-06T04:39:48.093+0000] {dag.py:3089} INFO - Sync 1 DAGs
[2026-09-06T04:39:48.310+0000] {logging_mixin.py:188} INFO - [2026-09-06T04:39:48.309+0000] {dag.py:3947} INFO - Setting next_dagrun for netflix_etl_pipeline to 2026-09-05 00:00:00+00:00, run_after=2026-09-06 00:00:00+00:00
[2026-09-06T04:39:48.450+0000] {processor.py:183} INFO - Processing /opt/airflow/dags/netflix_dag.py took 1.524 seconds
[2026-09-06T04:40:19.474+0000] {processor.py:161} INFO - Started process (PID=2970) to work on /opt/airflow/dags/netflix_dag.py
[2026-09-06T04:40:19.499+0000] {processor.py:830} INFO - Processing file /opt/airflow/dags/netflix_dag.py for tasks to queue
[2026-09-06T04:40:19.538+0000] {logging_mixin.py:188} INFO - [2026-09-06T04:40:19.536+0000] {dagbag.py:545} INFO - Filling up the DagBag from /opt/airflow/dags/netflix_dag.py
[2026-09-06T04:40:20.314+0000] {processor.py:840} INFO - DAG(s) 'netflix_etl_pipeline' retrieved from /opt/airflow/dags/netflix_dag.py
[2026-09-06T04:40:20.594+0000] {logging_mixin.py:188} INFO - [2026-09-06T04:40:20.593+0000] {dag.py:3089} INFO - Sync 1 DAGs
[2026-09-06T04:40:20.776+0000] {logging_mixin.py:188} INFO - [2026-09-06T04:40:20.776+0000] {dag.py:3947} INFO - Setting next_dagrun for netflix_etl_pipeline to 2026-09-05 00:00:00+00:00, run_after=2026-09-06 00:00:00+00:00
[2026-09-06T04:40:20.935+0000] {processor.py:183} INFO - Processing /opt/airflow/dags/netflix_dag.py took 1.499 seconds
[2026-09-06T04:40:52.256+0000] {processor.py:161} INFO - Started process (PID=2981) to work on /opt/airflow/dags/netflix_dag.py
[2026-09-06T04:40:52.293+0000] {processor.py:830} INFO - Processing file /opt/airflow/dags/netflix_dag.py for tasks to queue
[2026-09-06T04:40:52.314+0000] {logging_mixin.py:188} INFO - [2026-09-06T04:40:52.312+0000] {dagbag.py:545} INFO - Filling up the DagBag from /opt/airflow/dags/netflix_dag.py
[2026-09-06T04:40:53.016+0000] {processor.py:840} INFO - DAG(s) 'netflix_etl_pipeline' retrieved from /opt/airflow/dags/netflix_dag.py
[2026-09-06T04:40:53.291+0000] {logging_mixin.py:188} INFO - [2026-09-06T04:40:53.290+0000] {dag.py:3089} INFO - Sync 1 DAGs
[2026-09-06T04:40:53.522+0000] {logging_mixin.py:188} INFO - [2026-09-06T04:40:53.512+0000] {dag.py:3947} INFO - Setting next_dagrun for netflix_etl_pipeline to 2026-09-05 00:00:00+00:00, run_after=2026-09-06 00:00:00+00:00
[2026-09-06T04:40:53.748+0000] {processor.py:183} INFO - Processing /opt/airflow/dags/netflix_dag.py took 1.531 seconds
[2026-09-06T04:41:24.270+0000] {processor.py:161} INFO - Started process (PID=2992) to work on /opt/airflow/dags/netflix_dag.py
[2026-09-06T04:41:24.273+0000] {processor.py:830} INFO - Processing file /opt/airflow/dags/netflix_dag.py for tasks to queue
[2026-09-06T04:41:24.279+0000] {logging_mixin.py:188} INFO - [2026-09-06T04:41:24.278+0000] {dagbag.py:545} INFO - Filling up the DagBag from /opt/airflow/dags/netflix_dag.py
[2026-09-06T04:41:24.326+0000] {processor.py:840} INFO - DAG(s) 'netflix_etl_pipeline' retrieved from /opt/airflow/dags/netflix_dag.py
[2026-09-06T04:41:24.457+0000] {logging_mixin.py:188} INFO - [2026-09-06T04:41:24.456+0000] {dag.py:3089} INFO - Sync 1 DAGs
[2026-09-06T04:41:24.727+0000] {logging_mixin.py:188} INFO - [2026-09-06T04:41:24.726+0000] {dag.py:3947} INFO - Setting next_dagrun for netflix_etl_pipeline to 2026-09-05 00:00:00+00:00, run_after=2026-09-06 00:00:00+00:00
[2026-09-06T04:41:24.908+0000] {processor.py:183} INFO - Processing /opt/airflow/dags/netflix_dag.py took 0.658 seconds
[2026-09-06T04:41:56.743+0000] {processor.py:161} INFO - Started process (PID=3003) to work on /opt/airflow/dags/netflix_dag.py
[2026-09-06T04:41:56.779+0000] {processor.py:830} INFO - Processing file /opt/airflow/dags/netflix_dag.py for tasks to queue
[2026-09-06T04:41:56.811+0000] {logging_mixin.py:188} INFO - [2026-09-06T04:41:56.810+0000] {dagbag.py:545} INFO - Filling up the DagBag from /opt/airflow/dags/netflix_dag.py
[2026-09-06T04:41:57.611+0000] {processor.py:840} INFO - DAG(s) 'netflix_etl_pipeline' retrieved from /opt/airflow/dags/netflix_dag.py
[2026-09-06T04:41:57.900+0000] {logging_mixin.py:188} INFO - [2026-09-06T04:41:57.900+0000] {dag.py:3089} INFO - Sync 1 DAGs
[2026-09-06T04:41:58.106+0000] {logging_mixin.py:188} INFO - [2026-09-06T04:41:58.106+0000] {dag.py:3947} INFO - Setting next_dagrun for netflix_etl_pipeline to 2026-09-05 00:00:00+00:00, run_after=2026-09-06 00:00:00+00:00
[2026-09-06T04:41:58.271+0000] {processor.py:183} INFO - Processing /opt/airflow/dags/netflix_dag.py took 1.568 seconds
[2026-09-06T04:42:29.365+0000] {processor.py:161} INFO - Started process (PID=3014) to work on /opt/airflow/dags/netflix_dag.py
[2026-09-06T04:42:29.389+0000] {processor.py:830} INFO - Processing file /opt/airflow/dags/netflix_dag.py for tasks to queue
[2026-09-06T04:42:29.422+0000] {logging_mixin.py:188} INFO - [2026-09-06T04:42:29.421+0000] {dagbag.py:545} INFO - Filling up the DagBag from /opt/airflow/dags/netflix_dag.py
[2026-09-06T04:42:30.197+0000] {processor.py:840} INFO - DAG(s) 'netflix_etl_pipeline' retrieved from /opt/airflow/dags/netflix_dag.py
[2026-09-06T04:42:30.496+0000] {logging_mixin.py:188} INFO - [2026-09-06T04:42:30.486+0000] {dag.py:3089} INFO - Sync 1 DAGs
[2026-09-06T04:42:30.692+0000] {logging_mixin.py:188} INFO - [2026-09-06T04:42:30.691+0000] {dag.py:3947} INFO - Setting next_dagrun for netflix_etl_pipeline to 2026-09-05 00:00:00+00:00, run_after=2026-09-06 00:00:00+00:00
[2026-09-06T04:42:30.778+0000] {processor.py:183} INFO - Processing /opt/airflow/dags/netflix_dag.py took 1.450 seconds
[2026-09-06T04:43:01.950+0000] {processor.py:161} INFO - Started process (PID=3025) to work on /opt/airflow/dags/netflix_dag.py
[2026-09-06T04:43:02.004+0000] {processor.py:830} INFO - Processing file /opt/airflow/dags/netflix_dag.py for tasks to queue
[2026-09-06T04:43:02.070+0000] {logging_mixin.py:188} INFO - [2026-09-06T04:43:02.069+0000] {dagbag.py:545} INFO - Filling up the DagBag from /opt/airflow/dags/netflix_dag.py
[2026-09-06T04:43:03.169+0000] {processor.py:840} INFO - DAG(s) 'netflix_etl_pipeline' retrieved from /opt/airflow/dags/netflix_dag.py
[2026-09-06T04:43:03.516+0000] {logging_mixin.py:188} INFO - [2026-09-06T04:43:03.515+0000] {dag.py:3089} INFO - Sync 1 DAGs
[2026-09-06T04:43:03.727+0000] {logging_mixin.py:188} INFO - [2026-09-06T04:43:03.718+0000] {dag.py:3947} INFO - Setting next_dagrun for netflix_etl_pipeline to 2026-09-05 00:00:00+00:00, run_after=2026-09-06 00:00:00+00:00
[2026-09-06T04:43:04.031+0000] {processor.py:183} INFO - Processing /opt/airflow/dags/netflix_dag.py took 2.130 seconds
[2026-09-06T04:43:36.969+0000] {processor.py:161} INFO - Started process (PID=3043) to work on /opt/airflow/dags/netflix_dag.py
[2026-09-06T04:43:36.972+0000] {processor.py:830} INFO - Processing file /opt/airflow/dags/netflix_dag.py for tasks to queue
[2026-09-06T04:43:36.989+0000] {logging_mixin.py:188} INFO - [2026-09-06T04:43:36.988+0000] {dagbag.py:545} INFO - Filling up the DagBag from /opt/airflow/dags/netflix_dag.py
[2026-09-06T04:43:37.077+0000] {processor.py:840} INFO - DAG(s) 'netflix_etl_pipeline' retrieved from /opt/airflow/dags/netflix_dag.py
[2026-09-06T04:43:37.230+0000] {logging_mixin.py:188} INFO - [2026-09-06T04:43:37.229+0000] {dag.py:3089} INFO - Sync 1 DAGs
[2026-09-06T04:43:37.319+0000] {logging_mixin.py:188} INFO - [2026-09-06T04:43:37.318+0000] {dag.py:3947} INFO - Setting next_dagrun for netflix_etl_pipeline to 2026-09-05 00:00:00+00:00, run_after=2026-09-06 00:00:00+00:00
[2026-09-06T04:43:37.429+0000] {processor.py:183} INFO - Processing /opt/airflow/dags/netflix_dag.py took 0.508 seconds
[2026-09-06T04:44:09.614+0000] {processor.py:161} INFO - Started process (PID=3055) to work on /opt/airflow/dags/netflix_dag.py
[2026-09-06T04:44:09.675+0000] {processor.py:830} INFO - Processing file /opt/airflow/dags/netflix_dag.py for tasks to queue
[2026-09-06T04:44:09.714+0000] {logging_mixin.py:188} INFO - [2026-09-06T04:44:09.713+0000] {dagbag.py:545} INFO - Filling up the DagBag from /opt/airflow/dags/netflix_dag.py
[2026-09-06T04:44:10.267+0000] {processor.py:840} INFO - DAG(s) 'netflix_etl_pipeline' retrieved from /opt/airflow/dags/netflix_dag.py
[2026-09-06T04:44:10.524+0000] {logging_mixin.py:188} INFO - [2026-09-06T04:44:10.523+0000] {dag.py:3089} INFO - Sync 1 DAGs
[2026-09-06T04:44:10.721+0000] {logging_mixin.py:188} INFO - [2026-09-06T04:44:10.720+0000] {dag.py:3947} INFO - Setting next_dagrun for netflix_etl_pipeline to 2026-09-05 00:00:00+00:00, run_after=2026-09-06 00:00:00+00:00
[2026-09-06T04:44:10.950+0000] {processor.py:183} INFO - Processing /opt/airflow/dags/netflix_dag.py took 1.373 seconds
[2026-09-06T04:44:43.127+0000] {processor.py:161} INFO - Started process (PID=3066) to work on /opt/airflow/dags/netflix_dag.py
[2026-09-06T04:44:43.162+0000] {processor.py:830} INFO - Processing file /opt/airflow/dags/netflix_dag.py for tasks to queue
[2026-09-06T04:44:43.189+0000] {logging_mixin.py:188} INFO - [2026-09-06T04:44:43.188+0000] {dagbag.py:545} INFO - Filling up the DagBag from /opt/airflow/dags/netflix_dag.py
[2026-09-06T04:44:43.994+0000] {processor.py:840} INFO - DAG(s) 'netflix_etl_pipeline' retrieved from /opt/airflow/dags/netflix_dag.py
[2026-09-06T04:44:44.308+0000] {logging_mixin.py:188} INFO - [2026-09-06T04:44:44.307+0000] {dag.py:3089} INFO - Sync 1 DAGs
[2026-09-06T04:44:44.525+0000] {logging_mixin.py:188} INFO - [2026-09-06T04:44:44.525+0000] {dag.py:3947} INFO - Setting next_dagrun for netflix_etl_pipeline to 2026-09-05 00:00:00+00:00, run_after=2026-09-06 00:00:00+00:00
[2026-09-06T04:44:44.725+0000] {processor.py:183} INFO - Processing /opt/airflow/dags/netflix_dag.py took 1.635 seconds
[2026-09-06T04:45:15.463+0000] {processor.py:161} INFO - Started process (PID=3077) to work on /opt/airflow/dags/netflix_dag.py
[2026-09-06T04:45:15.467+0000] {processor.py:830} INFO - Processing file /opt/airflow/dags/netflix_dag.py for tasks to queue
[2026-09-06T04:45:15.478+0000] {logging_mixin.py:188} INFO - [2026-09-06T04:45:15.477+0000] {dagbag.py:545} INFO - Filling up the DagBag from /opt/airflow/dags/netflix_dag.py
[2026-09-06T04:45:15.544+0000] {processor.py:840} INFO - DAG(s) 'netflix_etl_pipeline' retrieved from /opt/airflow/dags/netflix_dag.py
[2026-09-06T04:45:15.641+0000] {logging_mixin.py:188} INFO - [2026-09-06T04:45:15.640+0000] {dag.py:3089} INFO - Sync 1 DAGs
[2026-09-06T04:45:15.704+0000] {logging_mixin.py:188} INFO - [2026-09-06T04:45:15.703+0000] {dag.py:3947} INFO - Setting next_dagrun for netflix_etl_pipeline to 2026-09-05 00:00:00+00:00, run_after=2026-09-06 00:00:00+00:00
[2026-09-06T04:45:15.745+0000] {processor.py:183} INFO - Processing /opt/airflow/dags/netflix_dag.py took 0.314 seconds
[2026-09-06T04:45:46.708+0000] {processor.py:161} INFO - Started process (PID=3088) to work on /opt/airflow/dags/netflix_dag.py
[2026-09-06T04:45:46.712+0000] {processor.py:830} INFO - Processing file /opt/airflow/dags/netflix_dag.py for tasks to queue
[2026-09-06T04:45:46.724+0000] {logging_mixin.py:188} INFO - [2026-09-06T04:45:46.722+0000] {dagbag.py:545} INFO - Filling up the DagBag from /opt/airflow/dags/netflix_dag.py
[2026-09-06T04:45:46.777+0000] {processor.py:840} INFO - DAG(s) 'netflix_etl_pipeline' retrieved from /opt/airflow/dags/netflix_dag.py
[2026-09-06T04:45:46.992+0000] {logging_mixin.py:188} INFO - [2026-09-06T04:45:46.991+0000] {dag.py:3089} INFO - Sync 1 DAGs
[2026-09-06T04:45:47.200+0000] {logging_mixin.py:188} INFO - [2026-09-06T04:45:47.199+0000] {dag.py:3947} INFO - Setting next_dagrun for netflix_etl_pipeline to 2026-09-05 00:00:00+00:00, run_after=2026-09-06 00:00:00+00:00
[2026-09-06T04:45:47.587+0000] {processor.py:183} INFO - Processing /opt/airflow/dags/netflix_dag.py took 0.912 seconds
[2026-09-06T04:46:18.754+0000] {processor.py:161} INFO - Started process (PID=3099) to work on /opt/airflow/dags/netflix_dag.py
[2026-09-06T04:46:18.782+0000] {processor.py:830} INFO - Processing file /opt/airflow/dags/netflix_dag.py for tasks to queue
[2026-09-06T04:46:18.801+0000] {logging_mixin.py:188} INFO - [2026-09-06T04:46:18.800+0000] {dagbag.py:545} INFO - Filling up the DagBag from /opt/airflow/dags/netflix_dag.py
[2026-09-06T04:46:19.551+0000] {processor.py:840} INFO - DAG(s) 'netflix_etl_pipeline' retrieved from /opt/airflow/dags/netflix_dag.py
[2026-09-06T04:46:19.814+0000] {logging_mixin.py:188} INFO - [2026-09-06T04:46:19.813+0000] {dag.py:3089} INFO - Sync 1 DAGs
[2026-09-06T04:46:20.016+0000] {logging_mixin.py:188} INFO - [2026-09-06T04:46:20.016+0000] {dag.py:3947} INFO - Setting next_dagrun for netflix_etl_pipeline to 2026-09-05 00:00:00+00:00, run_after=2026-09-06 00:00:00+00:00
[2026-09-06T04:46:20.274+0000] {processor.py:183} INFO - Processing /opt/airflow/dags/netflix_dag.py took 1.556 seconds
[2026-09-06T04:46:52.121+0000] {processor.py:161} INFO - Started process (PID=3110) to work on /opt/airflow/dags/netflix_dag.py
[2026-09-06T04:46:52.142+0000] {processor.py:830} INFO - Processing file /opt/airflow/dags/netflix_dag.py for tasks to queue
[2026-09-06T04:46:52.179+0000] {logging_mixin.py:188} INFO - [2026-09-06T04:46:52.178+0000] {dagbag.py:545} INFO - Filling up the DagBag from /opt/airflow/dags/netflix_dag.py
[2026-09-06T04:46:52.678+0000] {processor.py:840} INFO - DAG(s) 'netflix_etl_pipeline' retrieved from /opt/airflow/dags/netflix_dag.py
[2026-09-06T04:46:52.852+0000] {logging_mixin.py:188} INFO - [2026-09-06T04:46:52.851+0000] {dag.py:3089} INFO - Sync 1 DAGs
[2026-09-06T04:46:52.911+0000] {logging_mixin.py:188} INFO - [2026-09-06T04:46:52.911+0000] {dag.py:3947} INFO - Setting next_dagrun for netflix_etl_pipeline to 2026-09-05 00:00:00+00:00, run_after=2026-09-06 00:00:00+00:00
[2026-09-06T04:46:52.957+0000] {processor.py:183} INFO - Processing /opt/airflow/dags/netflix_dag.py took 0.872 seconds
[2026-09-06T04:47:24.316+0000] {processor.py:161} INFO - Started process (PID=3121) to work on /opt/airflow/dags/netflix_dag.py
[2026-09-06T04:47:24.343+0000] {processor.py:830} INFO - Processing file /opt/airflow/dags/netflix_dag.py for tasks to queue
[2026-09-06T04:47:24.385+0000] {logging_mixin.py:188} INFO - [2026-09-06T04:47:24.383+0000] {dagbag.py:545} INFO - Filling up the DagBag from /opt/airflow/dags/netflix_dag.py
[2026-09-06T04:47:25.622+0000] {processor.py:840} INFO - DAG(s) 'netflix_etl_pipeline' retrieved from /opt/airflow/dags/netflix_dag.py
[2026-09-06T04:47:25.836+0000] {logging_mixin.py:188} INFO - [2026-09-06T04:47:25.835+0000] {dag.py:3089} INFO - Sync 1 DAGs
[2026-09-06T04:47:25.931+0000] {logging_mixin.py:188} INFO - [2026-09-06T04:47:25.929+0000] {dag.py:3947} INFO - Setting next_dagrun for netflix_etl_pipeline to 2026-09-05 00:00:00+00:00, run_after=2026-09-06 00:00:00+00:00
[2026-09-06T04:47:26.019+0000] {processor.py:183} INFO - Processing /opt/airflow/dags/netflix_dag.py took 1.749 seconds
[2026-09-06T04:47:57.875+0000] {processor.py:161} INFO - Started process (PID=3132) to work on /opt/airflow/dags/netflix_dag.py
[2026-09-06T04:47:57.946+0000] {processor.py:830} INFO - Processing file /opt/airflow/dags/netflix_dag.py for tasks to queue
[2026-09-06T04:47:57.984+0000] {logging_mixin.py:188} INFO - [2026-09-06T04:47:57.983+0000] {dagbag.py:545} INFO - Filling up the DagBag from /opt/airflow/dags/netflix_dag.py
[2026-09-06T04:47:58.941+0000] {processor.py:840} INFO - DAG(s) 'netflix_etl_pipeline' retrieved from /opt/airflow/dags/netflix_dag.py
[2026-09-06T04:47:59.223+0000] {logging_mixin.py:188} INFO - [2026-09-06T04:47:59.223+0000] {dag.py:3089} INFO - Sync 1 DAGs
[2026-09-06T04:47:59.398+0000] {logging_mixin.py:188} INFO - [2026-09-06T04:47:59.397+0000] {dag.py:3947} INFO - Setting next_dagrun for netflix_etl_pipeline to 2026-09-05 00:00:00+00:00, run_after=2026-09-06 00:00:00+00:00
[2026-09-06T04:47:59.450+0000] {processor.py:183} INFO - Processing /opt/airflow/dags/netflix_dag.py took 1.627 seconds
[2026-09-06T04:48:30.771+0000] {processor.py:161} INFO - Started process (PID=3144) to work on /opt/airflow/dags/netflix_dag.py
[2026-09-06T04:48:30.780+0000] {processor.py:830} INFO - Processing file /opt/airflow/dags/netflix_dag.py for tasks to queue
[2026-09-06T04:48:30.789+0000] {logging_mixin.py:188} INFO - [2026-09-06T04:48:30.787+0000] {dagbag.py:545} INFO - Filling up the DagBag from /opt/airflow/dags/netflix_dag.py
[2026-09-06T04:48:31.560+0000] {processor.py:840} INFO - DAG(s) 'netflix_etl_pipeline' retrieved from /opt/airflow/dags/netflix_dag.py
[2026-09-06T04:48:31.732+0000] {logging_mixin.py:188} INFO - [2026-09-06T04:48:31.731+0000] {dag.py:3089} INFO - Sync 1 DAGs
[2026-09-06T04:48:31.949+0000] {logging_mixin.py:188} INFO - [2026-09-06T04:48:31.939+0000] {dag.py:3947} INFO - Setting next_dagrun for netflix_etl_pipeline to 2026-09-05 00:00:00+00:00, run_after=2026-09-06 00:00:00+00:00
[2026-09-06T04:48:32.237+0000] {processor.py:183} INFO - Processing /opt/airflow/dags/netflix_dag.py took 1.499 seconds
[2026-09-06T04:49:02.464+0000] {processor.py:161} INFO - Started process (PID=3155) to work on /opt/airflow/dags/netflix_dag.py
[2026-09-06T04:49:02.468+0000] {processor.py:830} INFO - Processing file /opt/airflow/dags/netflix_dag.py for tasks to queue
[2026-09-06T04:49:02.474+0000] {logging_mixin.py:188} INFO - [2026-09-06T04:49:02.473+0000] {dagbag.py:545} INFO - Filling up the DagBag from /opt/airflow/dags/netflix_dag.py
[2026-09-06T04:49:02.527+0000] {processor.py:840} INFO - DAG(s) 'netflix_etl_pipeline' retrieved from /opt/airflow/dags/netflix_dag.py
[2026-09-06T04:49:02.595+0000] {logging_mixin.py:188} INFO - [2026-09-06T04:49:02.595+0000] {dag.py:3089} INFO - Sync 1 DAGs
[2026-09-06T04:49:02.639+0000] {logging_mixin.py:188} INFO - [2026-09-06T04:49:02.638+0000] {dag.py:3947} INFO - Setting next_dagrun for netflix_etl_pipeline to 2026-09-05 00:00:00+00:00, run_after=2026-09-06 00:00:00+00:00
[2026-09-06T04:49:02.680+0000] {processor.py:183} INFO - Processing /opt/airflow/dags/netflix_dag.py took 0.235 seconds
[2026-09-06T04:49:34.068+0000] {processor.py:161} INFO - Started process (PID=3166) to work on /opt/airflow/dags/netflix_dag.py
[2026-09-06T04:49:34.093+0000] {processor.py:830} INFO - Processing file /opt/airflow/dags/netflix_dag.py for tasks to queue
[2026-09-06T04:49:34.129+0000] {logging_mixin.py:188} INFO - [2026-09-06T04:49:34.128+0000] {dagbag.py:545} INFO - Filling up the DagBag from /opt/airflow/dags/netflix_dag.py
[2026-09-06T04:49:34.898+0000] {processor.py:840} INFO - DAG(s) 'netflix_etl_pipeline' retrieved from /opt/airflow/dags/netflix_dag.py
[2026-09-06T04:49:35.125+0000] {logging_mixin.py:188} INFO - [2026-09-06T04:49:35.124+0000] {dag.py:3089} INFO - Sync 1 DAGs
[2026-09-06T04:49:35.323+0000] {logging_mixin.py:188} INFO - [2026-09-06T04:49:35.323+0000] {dag.py:3947} INFO - Setting next_dagrun for netflix_etl_pipeline to 2026-09-05 00:00:00+00:00, run_after=2026-09-06 00:00:00+00:00
[2026-09-06T04:49:35.524+0000] {processor.py:183} INFO - Processing /opt/airflow/dags/netflix_dag.py took 1.481 seconds
[2026-09-06T04:50:07.511+0000] {processor.py:161} INFO - Started process (PID=3177) to work on /opt/airflow/dags/netflix_dag.py
[2026-09-06T04:50:07.560+0000] {processor.py:830} INFO - Processing file /opt/airflow/dags/netflix_dag.py for tasks to queue
[2026-09-06T04:50:07.628+0000] {logging_mixin.py:188} INFO - [2026-09-06T04:50:07.627+0000] {dagbag.py:545} INFO - Filling up the DagBag from /opt/airflow/dags/netflix_dag.py
[2026-09-06T04:50:08.448+0000] {processor.py:840} INFO - DAG(s) 'netflix_etl_pipeline' retrieved from /opt/airflow/dags/netflix_dag.py
[2026-09-06T04:50:08.695+0000] {logging_mixin.py:188} INFO - [2026-09-06T04:50:08.694+0000] {dag.py:3089} INFO - Sync 1 DAGs
[2026-09-06T04:50:08.886+0000] {logging_mixin.py:188} INFO - [2026-09-06T04:50:08.886+0000] {dag.py:3947} INFO - Setting next_dagrun for netflix_etl_pipeline to 2026-09-05 00:00:00+00:00, run_after=2026-09-06 00:00:00+00:00
[2026-09-06T04:50:09.042+0000] {processor.py:183} INFO - Processing /opt/airflow/dags/netflix_dag.py took 1.565 seconds
[2026-09-06T04:50:40.359+0000] {processor.py:161} INFO - Started process (PID=3188) to work on /opt/airflow/dags/netflix_dag.py
[2026-09-06T04:50:40.414+0000] {processor.py:830} INFO - Processing file /opt/airflow/dags/netflix_dag.py for tasks to queue
[2026-09-06T04:50:40.505+0000] {logging_mixin.py:188} INFO - [2026-09-06T04:50:40.504+0000] {dagbag.py:545} INFO - Filling up the DagBag from /opt/airflow/dags/netflix_dag.py
[2026-09-06T04:50:41.510+0000] {processor.py:840} INFO - DAG(s) 'netflix_etl_pipeline' retrieved from /opt/airflow/dags/netflix_dag.py
[2026-09-06T04:50:41.838+0000] {logging_mixin.py:188} INFO - [2026-09-06T04:50:41.828+0000] {dag.py:3089} INFO - Sync 1 DAGs
[2026-09-06T04:50:42.028+0000] {logging_mixin.py:188} INFO - [2026-09-06T04:50:42.027+0000] {dag.py:3947} INFO - Setting next_dagrun for netflix_etl_pipeline to 2026-09-05 00:00:00+00:00, run_after=2026-09-06 00:00:00+00:00
[2026-09-06T04:50:42.299+0000] {processor.py:183} INFO - Processing /opt/airflow/dags/netflix_dag.py took 1.978 seconds
[2026-09-06T04:51:13.803+0000] {processor.py:161} INFO - Started process (PID=3205) to work on /opt/airflow/dags/netflix_dag.py
[2026-09-06T04:51:13.806+0000] {processor.py:830} INFO - Processing file /opt/airflow/dags/netflix_dag.py for tasks to queue
[2026-09-06T04:51:13.814+0000] {logging_mixin.py:188} INFO - [2026-09-06T04:51:13.813+0000] {dagbag.py:545} INFO - Filling up the DagBag from /opt/airflow/dags/netflix_dag.py
[2026-09-06T04:51:13.896+0000] {processor.py:840} INFO - DAG(s) 'netflix_etl_pipeline' retrieved from /opt/airflow/dags/netflix_dag.py
[2026-09-06T04:51:14.134+0000] {logging_mixin.py:188} INFO - [2026-09-06T04:51:14.133+0000] {dag.py:3089} INFO - Sync 1 DAGs
[2026-09-06T04:51:14.425+0000] {logging_mixin.py:188} INFO - [2026-09-06T04:51:14.424+0000] {dag.py:3947} INFO - Setting next_dagrun for netflix_etl_pipeline to 2026-09-05 00:00:00+00:00, run_after=2026-09-06 00:00:00+00:00
[2026-09-06T04:51:14.739+0000] {processor.py:183} INFO - Processing /opt/airflow/dags/netflix_dag.py took 0.981 seconds
[2026-09-06T04:51:46.688+0000] {processor.py:161} INFO - Started process (PID=3216) to work on /opt/airflow/dags/netflix_dag.py
[2026-09-06T04:51:46.721+0000] {processor.py:830} INFO - Processing file /opt/airflow/dags/netflix_dag.py for tasks to queue
[2026-09-06T04:51:46.734+0000] {logging_mixin.py:188} INFO - [2026-09-06T04:51:46.733+0000] {dagbag.py:545} INFO - Filling up the DagBag from /opt/airflow/dags/netflix_dag.py
[2026-09-06T04:51:47.500+0000] {processor.py:840} INFO - DAG(s) 'netflix_etl_pipeline' retrieved from /opt/airflow/dags/netflix_dag.py
[2026-09-06T04:51:47.825+0000] {logging_mixin.py:188} INFO - [2026-09-06T04:51:47.825+0000] {dag.py:3089} INFO - Sync 1 DAGs
[2026-09-06T04:51:48.024+0000] {logging_mixin.py:188} INFO - [2026-09-06T04:51:48.024+0000] {dag.py:3947} INFO - Setting next_dagrun for netflix_etl_pipeline to 2026-09-05 00:00:00+00:00, run_after=2026-09-06 00:00:00+00:00
[2026-09-06T04:51:48.249+0000] {processor.py:183} INFO - Processing /opt/airflow/dags/netflix_dag.py took 1.586 seconds
[2026-09-06T04:52:19.110+0000] {processor.py:161} INFO - Started process (PID=3227) to work on /opt/airflow/dags/netflix_dag.py
[2026-09-06T04:52:19.114+0000] {processor.py:830} INFO - Processing file /opt/airflow/dags/netflix_dag.py for tasks to queue
[2026-09-06T04:52:19.120+0000] {logging_mixin.py:188} INFO - [2026-09-06T04:52:19.119+0000] {dagbag.py:545} INFO - Filling up the DagBag from /opt/airflow/dags/netflix_dag.py
[2026-09-06T04:52:19.581+0000] {processor.py:840} INFO - DAG(s) 'netflix_etl_pipeline' retrieved from /opt/airflow/dags/netflix_dag.py
[2026-09-06T04:52:19.918+0000] {logging_mixin.py:188} INFO - [2026-09-06T04:52:19.917+0000] {dag.py:3089} INFO - Sync 1 DAGs
[2026-09-06T04:52:20.080+0000] {logging_mixin.py:188} INFO - [2026-09-06T04:52:20.079+0000] {dag.py:3947} INFO - Setting next_dagrun for netflix_etl_pipeline to 2026-09-05 00:00:00+00:00, run_after=2026-09-06 00:00:00+00:00
[2026-09-06T04:52:20.132+0000] {processor.py:183} INFO - Processing /opt/airflow/dags/netflix_dag.py took 1.042 seconds
[2026-09-06T04:52:51.078+0000] {processor.py:161} INFO - Started process (PID=3238) to work on /opt/airflow/dags/netflix_dag.py
[2026-09-06T04:52:51.099+0000] {processor.py:830} INFO - Processing file /opt/airflow/dags/netflix_dag.py for tasks to queue
[2026-09-06T04:52:51.128+0000] {logging_mixin.py:188} INFO - [2026-09-06T04:52:51.127+0000] {dagbag.py:545} INFO - Filling up the DagBag from /opt/airflow/dags/netflix_dag.py
[2026-09-06T04:52:52.024+0000] {processor.py:840} INFO - DAG(s) 'netflix_etl_pipeline' retrieved from /opt/airflow/dags/netflix_dag.py
[2026-09-06T04:52:52.275+0000] {logging_mixin.py:188} INFO - [2026-09-06T04:52:52.264+0000] {dag.py:3089} INFO - Sync 1 DAGs
[2026-09-06T04:52:52.434+0000] {logging_mixin.py:188} INFO - [2026-09-06T04:52:52.425+0000] {dag.py:3947} INFO - Setting next_dagrun for netflix_etl_pipeline to 2026-09-05 00:00:00+00:00, run_after=2026-09-06 00:00:00+00:00
[2026-09-06T04:52:52.583+0000] {processor.py:183} INFO - Processing /opt/airflow/dags/netflix_dag.py took 1.531 seconds
[2026-09-06T04:53:23.955+0000] {processor.py:161} INFO - Started process (PID=3249) to work on /opt/airflow/dags/netflix_dag.py
[2026-09-06T04:53:23.985+0000] {processor.py:830} INFO - Processing file /opt/airflow/dags/netflix_dag.py for tasks to queue
[2026-09-06T04:53:24.035+0000] {logging_mixin.py:188} INFO - [2026-09-06T04:53:24.034+0000] {dagbag.py:545} INFO - Filling up the DagBag from /opt/airflow/dags/netflix_dag.py
[2026-09-06T04:53:24.243+0000] {processor.py:840} INFO - DAG(s) 'netflix_etl_pipeline' retrieved from /opt/airflow/dags/netflix_dag.py
[2026-09-06T04:53:24.352+0000] {logging_mixin.py:188} INFO - [2026-09-06T04:53:24.351+0000] {dag.py:3089} INFO - Sync 1 DAGs
[2026-09-06T04:53:24.415+0000] {logging_mixin.py:188} INFO - [2026-09-06T04:53:24.414+0000] {dag.py:3947} INFO - Setting next_dagrun for netflix_etl_pipeline to 2026-09-05 00:00:00+00:00, run_after=2026-09-06 00:00:00+00:00
[2026-09-06T04:53:24.463+0000] {processor.py:183} INFO - Processing /opt/airflow/dags/netflix_dag.py took 0.547 seconds
[2026-09-06T04:53:57.462+0000] {processor.py:161} INFO - Started process (PID=3260) to work on /opt/airflow/dags/netflix_dag.py
[2026-09-06T04:53:57.486+0000] {processor.py:830} INFO - Processing file /opt/airflow/dags/netflix_dag.py for tasks to queue
[2026-09-06T04:53:57.498+0000] {logging_mixin.py:188} INFO - [2026-09-06T04:53:57.497+0000] {dagbag.py:545} INFO - Filling up the DagBag from /opt/airflow/dags/netflix_dag.py
[2026-09-06T04:53:57.606+0000] {processor.py:840} INFO - DAG(s) 'netflix_etl_pipeline' retrieved from /opt/airflow/dags/netflix_dag.py
[2026-09-06T04:53:57.756+0000] {logging_mixin.py:188} INFO - [2026-09-06T04:53:57.755+0000] {dag.py:3089} INFO - Sync 1 DAGs
[2026-09-06T04:53:57.866+0000] {logging_mixin.py:188} INFO - [2026-09-06T04:53:57.866+0000] {dag.py:3947} INFO - Setting next_dagrun for netflix_etl_pipeline to 2026-09-05 00:00:00+00:00, run_after=2026-09-06 00:00:00+00:00
[2026-09-06T04:53:58.085+0000] {processor.py:183} INFO - Processing /opt/airflow/dags/netflix_dag.py took 0.663 seconds
[2026-09-06T04:54:29.226+0000] {processor.py:161} INFO - Started process (PID=3271) to work on /opt/airflow/dags/netflix_dag.py
[2026-09-06T04:54:29.261+0000] {processor.py:830} INFO - Processing file /opt/airflow/dags/netflix_dag.py for tasks to queue
[2026-09-06T04:54:29.287+0000] {logging_mixin.py:188} INFO - [2026-09-06T04:54:29.286+0000] {dagbag.py:545} INFO - Filling up the DagBag from /opt/airflow/dags/netflix_dag.py
[2026-09-06T04:54:30.008+0000] {processor.py:840} INFO - DAG(s) 'netflix_etl_pipeline' retrieved from /opt/airflow/dags/netflix_dag.py
[2026-09-06T04:54:30.327+0000] {logging_mixin.py:188} INFO - [2026-09-06T04:54:30.326+0000] {dag.py:3089} INFO - Sync 1 DAGs
[2026-09-06T04:54:30.643+0000] {logging_mixin.py:188} INFO - [2026-09-06T04:54:30.643+0000] {dag.py:3947} INFO - Setting next_dagrun for netflix_etl_pipeline to 2026-09-05 00:00:00+00:00, run_after=2026-09-06 00:00:00+00:00
[2026-09-06T04:54:30.885+0000] {processor.py:183} INFO - Processing /opt/airflow/dags/netflix_dag.py took 1.697 seconds
[2026-09-06T04:55:02.630+0000] {processor.py:161} INFO - Started process (PID=3282) to work on /opt/airflow/dags/netflix_dag.py
[2026-09-06T04:55:02.652+0000] {processor.py:830} INFO - Processing file /opt/airflow/dags/netflix_dag.py for tasks to queue
[2026-09-06T04:55:02.685+0000] {logging_mixin.py:188} INFO - [2026-09-06T04:55:02.684+0000] {dagbag.py:545} INFO - Filling up the DagBag from /opt/airflow/dags/netflix_dag.py
[2026-09-06T04:55:03.412+0000] {processor.py:840} INFO - DAG(s) 'netflix_etl_pipeline' retrieved from /opt/airflow/dags/netflix_dag.py
[2026-09-06T04:55:03.671+0000] {logging_mixin.py:188} INFO - [2026-09-06T04:55:03.670+0000] {dag.py:3089} INFO - Sync 1 DAGs
[2026-09-06T04:55:03.843+0000] {logging_mixin.py:188} INFO - [2026-09-06T04:55:03.843+0000] {dag.py:3947} INFO - Setting next_dagrun for netflix_etl_pipeline to 2026-09-05 00:00:00+00:00, run_after=2026-09-06 00:00:00+00:00
[2026-09-06T04:55:04.064+0000] {processor.py:183} INFO - Processing /opt/airflow/dags/netflix_dag.py took 1.471 seconds
[2026-09-06T04:55:36.930+0000] {processor.py:161} INFO - Started process (PID=3293) to work on /opt/airflow/dags/netflix_dag.py
[2026-09-06T04:55:36.950+0000] {processor.py:830} INFO - Processing file /opt/airflow/dags/netflix_dag.py for tasks to queue
[2026-09-06T04:55:36.974+0000] {logging_mixin.py:188} INFO - [2026-09-06T04:55:36.973+0000] {dagbag.py:545} INFO - Filling up the DagBag from /opt/airflow/dags/netflix_dag.py
[2026-09-06T04:55:37.963+0000] {processor.py:840} INFO - DAG(s) 'netflix_etl_pipeline' retrieved from /opt/airflow/dags/netflix_dag.py
[2026-09-06T04:55:38.201+0000] {logging_mixin.py:188} INFO - [2026-09-06T04:55:38.200+0000] {dag.py:3089} INFO - Sync 1 DAGs
[2026-09-06T04:55:38.377+0000] {logging_mixin.py:188} INFO - [2026-09-06T04:55:38.376+0000] {dag.py:3947} INFO - Setting next_dagrun for netflix_etl_pipeline to 2026-09-05 00:00:00+00:00, run_after=2026-09-06 00:00:00+00:00
[2026-09-06T04:55:38.605+0000] {processor.py:183} INFO - Processing /opt/airflow/dags/netflix_dag.py took 1.698 seconds
[2026-09-06T04:56:09.881+0000] {processor.py:161} INFO - Started process (PID=3304) to work on /opt/airflow/dags/netflix_dag.py
[2026-09-06T04:56:09.930+0000] {processor.py:830} INFO - Processing file /opt/airflow/dags/netflix_dag.py for tasks to queue
[2026-09-06T04:56:09.959+0000] {logging_mixin.py:188} INFO - [2026-09-06T04:56:09.958+0000] {dagbag.py:545} INFO - Filling up the DagBag from /opt/airflow/dags/netflix_dag.py
[2026-09-06T04:56:10.901+0000] {processor.py:840} INFO - DAG(s) 'netflix_etl_pipeline' retrieved from /opt/airflow/dags/netflix_dag.py
[2026-09-06T04:56:11.168+0000] {logging_mixin.py:188} INFO - [2026-09-06T04:56:11.168+0000] {dag.py:3089} INFO - Sync 1 DAGs
[2026-09-06T04:56:11.381+0000] {logging_mixin.py:188} INFO - [2026-09-06T04:56:11.380+0000] {dag.py:3947} INFO - Setting next_dagrun for netflix_etl_pipeline to 2026-09-05 00:00:00+00:00, run_after=2026-09-06 00:00:00+00:00
[2026-09-06T04:56:11.560+0000] {processor.py:183} INFO - Processing /opt/airflow/dags/netflix_dag.py took 1.704 seconds
[2026-09-06T04:56:42.695+0000] {processor.py:161} INFO - Started process (PID=3315) to work on /opt/airflow/dags/netflix_dag.py
[2026-09-06T04:56:42.727+0000] {processor.py:830} INFO - Processing file /opt/airflow/dags/netflix_dag.py for tasks to queue
[2026-09-06T04:56:42.763+0000] {logging_mixin.py:188} INFO - [2026-09-06T04:56:42.762+0000] {dagbag.py:545} INFO - Filling up the DagBag from /opt/airflow/dags/netflix_dag.py
[2026-09-06T04:56:43.434+0000] {processor.py:840} INFO - DAG(s) 'netflix_etl_pipeline' retrieved from /opt/airflow/dags/netflix_dag.py
[2026-09-06T04:56:43.679+0000] {logging_mixin.py:188} INFO - [2026-09-06T04:56:43.679+0000] {dag.py:3089} INFO - Sync 1 DAGs
[2026-09-06T04:56:43.879+0000] {logging_mixin.py:188} INFO - [2026-09-06T04:56:43.879+0000] {dag.py:3947} INFO - Setting next_dagrun for netflix_etl_pipeline to 2026-09-05 00:00:00+00:00, run_after=2026-09-06 00:00:00+00:00
[2026-09-06T04:56:44.060+0000] {processor.py:183} INFO - Processing /opt/airflow/dags/netflix_dag.py took 1.389 seconds
[2026-09-06T04:57:15.243+0000] {processor.py:161} INFO - Started process (PID=3327) to work on /opt/airflow/dags/netflix_dag.py
[2026-09-06T04:57:15.260+0000] {processor.py:830} INFO - Processing file /opt/airflow/dags/netflix_dag.py for tasks to queue
[2026-09-06T04:57:15.329+0000] {logging_mixin.py:188} INFO - [2026-09-06T04:57:15.328+0000] {dagbag.py:545} INFO - Filling up the DagBag from /opt/airflow/dags/netflix_dag.py
[2026-09-06T04:57:16.152+0000] {processor.py:840} INFO - DAG(s) 'netflix_etl_pipeline' retrieved from /opt/airflow/dags/netflix_dag.py
[2026-09-06T04:57:16.429+0000] {logging_mixin.py:188} INFO - [2026-09-06T04:57:16.429+0000] {dag.py:3089} INFO - Sync 1 DAGs
[2026-09-06T04:57:16.618+0000] {logging_mixin.py:188} INFO - [2026-09-06T04:57:16.607+0000] {dag.py:3947} INFO - Setting next_dagrun for netflix_etl_pipeline to 2026-09-05 00:00:00+00:00, run_after=2026-09-06 00:00:00+00:00
[2026-09-06T04:57:16.843+0000] {processor.py:183} INFO - Processing /opt/airflow/dags/netflix_dag.py took 1.649 seconds
[2026-09-06T04:57:47.766+0000] {processor.py:161} INFO - Started process (PID=3344) to work on /opt/airflow/dags/netflix_dag.py
[2026-09-06T04:57:47.769+0000] {processor.py:830} INFO - Processing file /opt/airflow/dags/netflix_dag.py for tasks to queue
[2026-09-06T04:57:47.773+0000] {logging_mixin.py:188} INFO - [2026-09-06T04:57:47.773+0000] {dagbag.py:545} INFO - Filling up the DagBag from /opt/airflow/dags/netflix_dag.py
[2026-09-06T04:57:47.828+0000] {processor.py:840} INFO - DAG(s) 'netflix_etl_pipeline' retrieved from /opt/airflow/dags/netflix_dag.py
[2026-09-06T04:57:47.932+0000] {logging_mixin.py:188} INFO - [2026-09-06T04:57:47.932+0000] {dag.py:3089} INFO - Sync 1 DAGs
[2026-09-06T04:57:47.988+0000] {logging_mixin.py:188} INFO - [2026-09-06T04:57:47.987+0000] {dag.py:3947} INFO - Setting next_dagrun for netflix_etl_pipeline to 2026-09-05 00:00:00+00:00, run_after=2026-09-06 00:00:00+00:00
[2026-09-06T04:57:48.031+0000] {processor.py:183} INFO - Processing /opt/airflow/dags/netflix_dag.py took 0.279 seconds
[2026-09-06T04:58:19.215+0000] {processor.py:161} INFO - Started process (PID=3355) to work on /opt/airflow/dags/netflix_dag.py
[2026-09-06T04:58:19.252+0000] {processor.py:830} INFO - Processing file /opt/airflow/dags/netflix_dag.py for tasks to queue
[2026-09-06T04:58:19.288+0000] {logging_mixin.py:188} INFO - [2026-09-06T04:58:19.287+0000] {dagbag.py:545} INFO - Filling up the DagBag from /opt/airflow/dags/netflix_dag.py
[2026-09-06T04:58:19.976+0000] {processor.py:840} INFO - DAG(s) 'netflix_etl_pipeline' retrieved from /opt/airflow/dags/netflix_dag.py
[2026-09-06T04:58:20.220+0000] {logging_mixin.py:188} INFO - [2026-09-06T04:58:20.220+0000] {dag.py:3089} INFO - Sync 1 DAGs
[2026-09-06T04:58:20.394+0000] {logging_mixin.py:188} INFO - [2026-09-06T04:58:20.394+0000] {dag.py:3947} INFO - Setting next_dagrun for netflix_etl_pipeline to 2026-09-05 00:00:00+00:00, run_after=2026-09-06 00:00:00+00:00
[2026-09-06T04:58:20.588+0000] {processor.py:183} INFO - Processing /opt/airflow/dags/netflix_dag.py took 1.414 seconds
[2026-09-06T04:58:51.603+0000] {processor.py:161} INFO - Started process (PID=3366) to work on /opt/airflow/dags/netflix_dag.py
[2026-09-06T04:58:51.606+0000] {processor.py:830} INFO - Processing file /opt/airflow/dags/netflix_dag.py for tasks to queue
[2026-09-06T04:58:51.612+0000] {logging_mixin.py:188} INFO - [2026-09-06T04:58:51.611+0000] {dagbag.py:545} INFO - Filling up the DagBag from /opt/airflow/dags/netflix_dag.py
[2026-09-06T04:58:51.665+0000] {processor.py:840} INFO - DAG(s) 'netflix_etl_pipeline' retrieved from /opt/airflow/dags/netflix_dag.py
[2026-09-06T04:58:51.898+0000] {logging_mixin.py:188} INFO - [2026-09-06T04:58:51.898+0000] {dag.py:3089} INFO - Sync 1 DAGs
[2026-09-06T04:58:52.074+0000] {logging_mixin.py:188} INFO - [2026-09-06T04:58:52.073+0000] {dag.py:3947} INFO - Setting next_dagrun for netflix_etl_pipeline to 2026-09-05 00:00:00+00:00, run_after=2026-09-06 00:00:00+00:00
[2026-09-06T04:58:52.323+0000] {processor.py:183} INFO - Processing /opt/airflow/dags/netflix_dag.py took 0.743 seconds
[2026-09-06T04:59:24.830+0000] {processor.py:161} INFO - Started process (PID=3377) to work on /opt/airflow/dags/netflix_dag.py
[2026-09-06T04:59:24.866+0000] {processor.py:830} INFO - Processing file /opt/airflow/dags/netflix_dag.py for tasks to queue
[2026-09-06T04:59:24.913+0000] {logging_mixin.py:188} INFO - [2026-09-06T04:59:24.912+0000] {dagbag.py:545} INFO - Filling up the DagBag from /opt/airflow/dags/netflix_dag.py
[2026-09-06T04:59:26.089+0000] {processor.py:840} INFO - DAG(s) 'netflix_etl_pipeline' retrieved from /opt/airflow/dags/netflix_dag.py
[2026-09-06T04:59:26.351+0000] {logging_mixin.py:188} INFO - [2026-09-06T04:59:26.350+0000] {dag.py:3089} INFO - Sync 1 DAGs
[2026-09-06T04:59:26.527+0000] {logging_mixin.py:188} INFO - [2026-09-06T04:59:26.526+0000] {dag.py:3947} INFO - Setting next_dagrun for netflix_etl_pipeline to 2026-09-05 00:00:00+00:00, run_after=2026-09-06 00:00:00+00:00
[2026-09-06T04:59:26.626+0000] {processor.py:183} INFO - Processing /opt/airflow/dags/netflix_dag.py took 1.838 seconds
[2026-09-06T04:59:57.340+0000] {processor.py:161} INFO - Started process (PID=3388) to work on /opt/airflow/dags/netflix_dag.py
[2026-09-06T04:59:57.344+0000] {processor.py:830} INFO - Processing file /opt/airflow/dags/netflix_dag.py for tasks to queue
[2026-09-06T04:59:57.365+0000] {logging_mixin.py:188} INFO - [2026-09-06T04:59:57.364+0000] {dagbag.py:545} INFO - Filling up the DagBag from /opt/airflow/dags/netflix_dag.py
[2026-09-06T04:59:58.153+0000] {processor.py:840} INFO - DAG(s) 'netflix_etl_pipeline' retrieved from /opt/airflow/dags/netflix_dag.py
[2026-09-06T04:59:58.405+0000] {logging_mixin.py:188} INFO - [2026-09-06T04:59:58.404+0000] {dag.py:3089} INFO - Sync 1 DAGs
[2026-09-06T04:59:58.601+0000] {logging_mixin.py:188} INFO - [2026-09-06T04:59:58.600+0000] {dag.py:3947} INFO - Setting next_dagrun for netflix_etl_pipeline to 2026-09-05 00:00:00+00:00, run_after=2026-09-06 00:00:00+00:00
[2026-09-06T04:59:58.849+0000] {processor.py:183} INFO - Processing /opt/airflow/dags/netflix_dag.py took 1.530 seconds
[2026-09-06T05:00:29.927+0000] {processor.py:161} INFO - Started process (PID=3399) to work on /opt/airflow/dags/netflix_dag.py
[2026-09-06T05:00:29.929+0000] {processor.py:830} INFO - Processing file /opt/airflow/dags/netflix_dag.py for tasks to queue
[2026-09-06T05:00:29.935+0000] {logging_mixin.py:188} INFO - [2026-09-06T05:00:29.934+0000] {dagbag.py:545} INFO - Filling up the DagBag from /opt/airflow/dags/netflix_dag.py
[2026-09-06T05:00:29.981+0000] {processor.py:840} INFO - DAG(s) 'netflix_etl_pipeline' retrieved from /opt/airflow/dags/netflix_dag.py
[2026-09-06T05:00:30.054+0000] {logging_mixin.py:188} INFO - [2026-09-06T05:00:30.054+0000] {dag.py:3089} INFO - Sync 1 DAGs
[2026-09-06T05:00:30.102+0000] {logging_mixin.py:188} INFO - [2026-09-06T05:00:30.101+0000] {dag.py:3947} INFO - Setting next_dagrun for netflix_etl_pipeline to 2026-09-05 00:00:00+00:00, run_after=2026-09-06 00:00:00+00:00
[2026-09-06T05:00:30.144+0000] {processor.py:183} INFO - Processing /opt/airflow/dags/netflix_dag.py took 0.234 seconds
[2026-09-06T05:01:00.427+0000] {processor.py:161} INFO - Started process (PID=3410) to work on /opt/airflow/dags/netflix_dag.py
[2026-09-06T05:01:00.430+0000] {processor.py:830} INFO - Processing file /opt/airflow/dags/netflix_dag.py for tasks to queue
[2026-09-06T05:01:00.434+0000] {logging_mixin.py:188} INFO - [2026-09-06T05:01:00.433+0000] {dagbag.py:545} INFO - Filling up the DagBag from /opt/airflow/dags/netflix_dag.py
[2026-09-06T05:01:00.484+0000] {processor.py:840} INFO - DAG(s) 'netflix_etl_pipeline' retrieved from /opt/airflow/dags/netflix_dag.py
[2026-09-06T05:01:00.564+0000] {logging_mixin.py:188} INFO - [2026-09-06T05:01:00.563+0000] {dag.py:3089} INFO - Sync 1 DAGs
[2026-09-06T05:01:00.627+0000] {logging_mixin.py:188} INFO - [2026-09-06T05:01:00.627+0000] {dag.py:3947} INFO - Setting next_dagrun for netflix_etl_pipeline to 2026-09-05 00:00:00+00:00, run_after=2026-09-06 00:00:00+00:00
[2026-09-06T05:01:00.670+0000] {processor.py:183} INFO - Processing /opt/airflow/dags/netflix_dag.py took 0.263 seconds
[2026-09-06T05:01:32.552+0000] {processor.py:161} INFO - Started process (PID=3421) to work on /opt/airflow/dags/netflix_dag.py
[2026-09-06T05:01:32.555+0000] {processor.py:830} INFO - Processing file /opt/airflow/dags/netflix_dag.py for tasks to queue
[2026-09-06T05:01:32.569+0000] {logging_mixin.py:188} INFO - [2026-09-06T05:01:32.568+0000] {dagbag.py:545} INFO - Filling up the DagBag from /opt/airflow/dags/netflix_dag.py
[2026-09-06T05:01:32.635+0000] {processor.py:840} INFO - DAG(s) 'netflix_etl_pipeline' retrieved from /opt/airflow/dags/netflix_dag.py
[2026-09-06T05:01:32.741+0000] {logging_mixin.py:188} INFO - [2026-09-06T05:01:32.741+0000] {dag.py:3089} INFO - Sync 1 DAGs
[2026-09-06T05:01:32.874+0000] {logging_mixin.py:188} INFO - [2026-09-06T05:01:32.874+0000] {dag.py:3947} INFO - Setting next_dagrun for netflix_etl_pipeline to 2026-09-05 00:00:00+00:00, run_after=2026-09-06 00:00:00+00:00
[2026-09-06T05:01:33.032+0000] {processor.py:183} INFO - Processing /opt/airflow/dags/netflix_dag.py took 0.500 seconds
[2026-09-06T05:02:03.721+0000] {processor.py:161} INFO - Started process (PID=3432) to work on /opt/airflow/dags/netflix_dag.py
[2026-09-06T05:02:03.733+0000] {processor.py:830} INFO - Processing file /opt/airflow/dags/netflix_dag.py for tasks to queue
[2026-09-06T05:02:03.748+0000] {logging_mixin.py:188} INFO - [2026-09-06T05:02:03.742+0000] {dagbag.py:545} INFO - Filling up the DagBag from /opt/airflow/dags/netflix_dag.py
[2026-09-06T05:02:03.835+0000] {processor.py:840} INFO - DAG(s) 'netflix_etl_pipeline' retrieved from /opt/airflow/dags/netflix_dag.py
[2026-09-06T05:02:03.966+0000] {logging_mixin.py:188} INFO - [2026-09-06T05:02:03.966+0000] {dag.py:3089} INFO - Sync 1 DAGs
[2026-09-06T05:02:04.068+0000] {logging_mixin.py:188} INFO - [2026-09-06T05:02:04.068+0000] {dag.py:3947} INFO - Setting next_dagrun for netflix_etl_pipeline to 2026-09-05 00:00:00+00:00, run_after=2026-09-06 00:00:00+00:00
[2026-09-06T05:02:04.259+0000] {processor.py:183} INFO - Processing /opt/airflow/dags/netflix_dag.py took 0.576 seconds
[2026-09-06T05:02:36.352+0000] {processor.py:161} INFO - Started process (PID=3443) to work on /opt/airflow/dags/netflix_dag.py
[2026-09-06T05:02:36.378+0000] {processor.py:830} INFO - Processing file /opt/airflow/dags/netflix_dag.py for tasks to queue
[2026-09-06T05:02:36.416+0000] {logging_mixin.py:188} INFO - [2026-09-06T05:02:36.415+0000] {dagbag.py:545} INFO - Filling up the DagBag from /opt/airflow/dags/netflix_dag.py
[2026-09-06T05:02:37.117+0000] {processor.py:840} INFO - DAG(s) 'netflix_etl_pipeline' retrieved from /opt/airflow/dags/netflix_dag.py
[2026-09-06T05:02:37.247+0000] {logging_mixin.py:188} INFO - [2026-09-06T05:02:37.246+0000] {dag.py:3089} INFO - Sync 1 DAGs
[2026-09-06T05:02:37.397+0000] {logging_mixin.py:188} INFO - [2026-09-06T05:02:37.396+0000] {dag.py:3947} INFO - Setting next_dagrun for netflix_etl_pipeline to 2026-09-05 00:00:00+00:00, run_after=2026-09-06 00:00:00+00:00
[2026-09-06T05:02:37.717+0000] {processor.py:183} INFO - Processing /opt/airflow/dags/netflix_dag.py took 1.403 seconds
[2026-09-06T05:03:09.471+0000] {processor.py:161} INFO - Started process (PID=3454) to work on /opt/airflow/dags/netflix_dag.py
[2026-09-06T05:03:09.498+0000] {processor.py:830} INFO - Processing file /opt/airflow/dags/netflix_dag.py for tasks to queue
[2026-09-06T05:03:09.538+0000] {logging_mixin.py:188} INFO - [2026-09-06T05:03:09.537+0000] {dagbag.py:545} INFO - Filling up the DagBag from /opt/airflow/dags/netflix_dag.py
[2026-09-06T05:03:10.684+0000] {processor.py:840} INFO - DAG(s) 'netflix_etl_pipeline' retrieved from /opt/airflow/dags/netflix_dag.py
[2026-09-06T05:03:10.954+0000] {logging_mixin.py:188} INFO - [2026-09-06T05:03:10.953+0000] {dag.py:3089} INFO - Sync 1 DAGs
[2026-09-06T05:03:11.205+0000] {logging_mixin.py:188} INFO - [2026-09-06T05:03:11.194+0000] {dag.py:3947} INFO - Setting next_dagrun for netflix_etl_pipeline to 2026-09-05 00:00:00+00:00, run_after=2026-09-06 00:00:00+00:00
[2026-09-06T05:03:11.446+0000] {processor.py:183} INFO - Processing /opt/airflow/dags/netflix_dag.py took 2.012 seconds
[2026-09-06T05:03:43.106+0000] {processor.py:161} INFO - Started process (PID=3465) to work on /opt/airflow/dags/netflix_dag.py
[2026-09-06T05:03:43.135+0000] {processor.py:830} INFO - Processing file /opt/airflow/dags/netflix_dag.py for tasks to queue
[2026-09-06T05:03:43.249+0000] {logging_mixin.py:188} INFO - [2026-09-06T05:03:43.247+0000] {dagbag.py:545} INFO - Filling up the DagBag from /opt/airflow/dags/netflix_dag.py
[2026-09-06T05:03:44.370+0000] {processor.py:840} INFO - DAG(s) 'netflix_etl_pipeline' retrieved from /opt/airflow/dags/netflix_dag.py
[2026-09-06T05:03:44.577+0000] {logging_mixin.py:188} INFO - [2026-09-06T05:03:44.576+0000] {dag.py:3089} INFO - Sync 1 DAGs
[2026-09-06T05:03:44.756+0000] {logging_mixin.py:188} INFO - [2026-09-06T05:03:44.755+0000] {dag.py:3947} INFO - Setting next_dagrun for netflix_etl_pipeline to 2026-09-05 00:00:00+00:00, run_after=2026-09-06 00:00:00+00:00
[2026-09-06T05:03:45.003+0000] {processor.py:183} INFO - Processing /opt/airflow/dags/netflix_dag.py took 1.925 seconds
[2026-09-06T05:04:16.158+0000] {processor.py:161} INFO - Started process (PID=3475) to work on /opt/airflow/dags/netflix_dag.py
[2026-09-06T05:04:16.171+0000] {processor.py:830} INFO - Processing file /opt/airflow/dags/netflix_dag.py for tasks to queue
[2026-09-06T05:04:16.201+0000] {logging_mixin.py:188} INFO - [2026-09-06T05:04:16.200+0000] {dagbag.py:545} INFO - Filling up the DagBag from /opt/airflow/dags/netflix_dag.py
[2026-09-06T05:04:17.185+0000] {processor.py:840} INFO - DAG(s) 'netflix_etl_pipeline' retrieved from /opt/airflow/dags/netflix_dag.py
[2026-09-06T05:04:17.460+0000] {logging_mixin.py:188} INFO - [2026-09-06T05:04:17.460+0000] {dag.py:3089} INFO - Sync 1 DAGs
[2026-09-06T05:04:17.662+0000] {logging_mixin.py:188} INFO - [2026-09-06T05:04:17.661+0000] {dag.py:3947} INFO - Setting next_dagrun for netflix_etl_pipeline to 2026-09-05 00:00:00+00:00, run_after=2026-09-06 00:00:00+00:00
[2026-09-06T05:04:17.979+0000] {processor.py:183} INFO - Processing /opt/airflow/dags/netflix_dag.py took 1.858 seconds
[2026-09-06T05:04:50.544+0000] {processor.py:161} INFO - Started process (PID=3486) to work on /opt/airflow/dags/netflix_dag.py
[2026-09-06T05:04:50.597+0000] {processor.py:830} INFO - Processing file /opt/airflow/dags/netflix_dag.py for tasks to queue
[2026-09-06T05:04:50.661+0000] {logging_mixin.py:188} INFO - [2026-09-06T05:04:50.660+0000] {dagbag.py:545} INFO - Filling up the DagBag from /opt/airflow/dags/netflix_dag.py
[2026-09-06T05:04:51.895+0000] {processor.py:840} INFO - DAG(s) 'netflix_etl_pipeline' retrieved from /opt/airflow/dags/netflix_dag.py
[2026-09-06T05:04:52.198+0000] {logging_mixin.py:188} INFO - [2026-09-06T05:04:52.197+0000] {dag.py:3089} INFO - Sync 1 DAGs
[2026-09-06T05:04:52.447+0000] {logging_mixin.py:188} INFO - [2026-09-06T05:04:52.446+0000] {dag.py:3947} INFO - Setting next_dagrun for netflix_etl_pipeline to 2026-09-05 00:00:00+00:00, run_after=2026-09-06 00:00:00+00:00
[2026-09-06T05:04:52.662+0000] {processor.py:183} INFO - Processing /opt/airflow/dags/netflix_dag.py took 2.156 seconds
[2026-09-06T05:05:24.185+0000] {processor.py:161} INFO - Started process (PID=3504) to work on /opt/airflow/dags/netflix_dag.py
[2026-09-06T05:05:24.239+0000] {processor.py:830} INFO - Processing file /opt/airflow/dags/netflix_dag.py for tasks to queue
[2026-09-06T05:05:24.261+0000] {logging_mixin.py:188} INFO - [2026-09-06T05:05:24.260+0000] {dagbag.py:545} INFO - Filling up the DagBag from /opt/airflow/dags/netflix_dag.py
[2026-09-06T05:05:24.498+0000] {processor.py:840} INFO - DAG(s) 'netflix_etl_pipeline' retrieved from /opt/airflow/dags/netflix_dag.py
[2026-09-06T05:05:24.644+0000] {logging_mixin.py:188} INFO - [2026-09-06T05:05:24.643+0000] {dag.py:3089} INFO - Sync 1 DAGs
[2026-09-06T05:05:24.715+0000] {logging_mixin.py:188} INFO - [2026-09-06T05:05:24.714+0000] {dag.py:3947} INFO - Setting next_dagrun for netflix_etl_pipeline to 2026-09-05 00:00:00+00:00, run_after=2026-09-06 00:00:00+00:00
[2026-09-06T05:05:24.880+0000] {processor.py:183} INFO - Processing /opt/airflow/dags/netflix_dag.py took 0.720 seconds
[2026-09-06T05:05:55.694+0000] {processor.py:161} INFO - Started process (PID=3515) to work on /opt/airflow/dags/netflix_dag.py
[2026-09-06T05:05:55.697+0000] {processor.py:830} INFO - Processing file /opt/airflow/dags/netflix_dag.py for tasks to queue
[2026-09-06T05:05:55.705+0000] {logging_mixin.py:188} INFO - [2026-09-06T05:05:55.703+0000] {dagbag.py:545} INFO - Filling up the DagBag from /opt/airflow/dags/netflix_dag.py
[2026-09-06T05:05:55.751+0000] {processor.py:840} INFO - DAG(s) 'netflix_etl_pipeline' retrieved from /opt/airflow/dags/netflix_dag.py
[2026-09-06T05:05:55.865+0000] {logging_mixin.py:188} INFO - [2026-09-06T05:05:55.864+0000] {dag.py:3089} INFO - Sync 1 DAGs
[2026-09-06T05:05:56.081+0000] {logging_mixin.py:188} INFO - [2026-09-06T05:05:56.080+0000] {dag.py:3947} INFO - Setting next_dagrun for netflix_etl_pipeline to 2026-09-05 00:00:00+00:00, run_after=2026-09-06 00:00:00+00:00
[2026-09-06T05:05:56.318+0000] {processor.py:183} INFO - Processing /opt/airflow/dags/netflix_dag.py took 0.643 seconds
[2026-09-06T05:06:28.441+0000] {processor.py:161} INFO - Started process (PID=3527) to work on /opt/airflow/dags/netflix_dag.py
[2026-09-06T05:06:28.490+0000] {processor.py:830} INFO - Processing file /opt/airflow/dags/netflix_dag.py for tasks to queue
[2026-09-06T05:06:28.517+0000] {logging_mixin.py:188} INFO - [2026-09-06T05:06:28.515+0000] {dagbag.py:545} INFO - Filling up the DagBag from /opt/airflow/dags/netflix_dag.py
[2026-09-06T05:06:28.581+0000] {processor.py:840} INFO - DAG(s) 'netflix_etl_pipeline' retrieved from /opt/airflow/dags/netflix_dag.py
[2026-09-06T05:06:28.681+0000] {logging_mixin.py:188} INFO - [2026-09-06T05:06:28.680+0000] {dag.py:3089} INFO - Sync 1 DAGs
[2026-09-06T05:06:28.811+0000] {logging_mixin.py:188} INFO - [2026-09-06T05:06:28.800+0000] {dag.py:3947} INFO - Setting next_dagrun for netflix_etl_pipeline to 2026-09-05 00:00:00+00:00, run_after=2026-09-06 00:00:00+00:00
[2026-09-06T05:06:28.995+0000] {processor.py:183} INFO - Processing /opt/airflow/dags/netflix_dag.py took 0.604 seconds
[2026-09-06T05:06:59.931+0000] {processor.py:161} INFO - Started process (PID=3538) to work on /opt/airflow/dags/netflix_dag.py
[2026-09-06T05:06:59.949+0000] {processor.py:830} INFO - Processing file /opt/airflow/dags/netflix_dag.py for tasks to queue
[2026-09-06T05:06:59.968+0000] {logging_mixin.py:188} INFO - [2026-09-06T05:06:59.967+0000] {dagbag.py:545} INFO - Filling up the DagBag from /opt/airflow/dags/netflix_dag.py
[2026-09-06T05:07:00.116+0000] {processor.py:840} INFO - DAG(s) 'netflix_etl_pipeline' retrieved from /opt/airflow/dags/netflix_dag.py
[2026-09-06T05:07:00.290+0000] {logging_mixin.py:188} INFO - [2026-09-06T05:07:00.289+0000] {dag.py:3089} INFO - Sync 1 DAGs
[2026-09-06T05:07:00.510+0000] {logging_mixin.py:188} INFO - [2026-09-06T05:07:00.509+0000] {dag.py:3947} INFO - Setting next_dagrun for netflix_etl_pipeline to 2026-09-05 00:00:00+00:00, run_after=2026-09-06 00:00:00+00:00
[2026-09-06T05:07:00.740+0000] {processor.py:183} INFO - Processing /opt/airflow/dags/netflix_dag.py took 0.851 seconds
[2026-09-06T05:07:32.444+0000] {processor.py:161} INFO - Started process (PID=3549) to work on /opt/airflow/dags/netflix_dag.py
[2026-09-06T05:07:32.476+0000] {processor.py:830} INFO - Processing file /opt/airflow/dags/netflix_dag.py for tasks to queue
[2026-09-06T05:07:32.521+0000] {logging_mixin.py:188} INFO - [2026-09-06T05:07:32.519+0000] {dagbag.py:545} INFO - Filling up the DagBag from /opt/airflow/dags/netflix_dag.py
[2026-09-06T05:07:33.141+0000] {processor.py:840} INFO - DAG(s) 'netflix_etl_pipeline' retrieved from /opt/airflow/dags/netflix_dag.py
[2026-09-06T05:07:33.393+0000] {logging_mixin.py:188} INFO - [2026-09-06T05:07:33.392+0000] {dag.py:3089} INFO - Sync 1 DAGs
[2026-09-06T05:07:33.588+0000] {logging_mixin.py:188} INFO - [2026-09-06T05:07:33.587+0000] {dag.py:3947} INFO - Setting next_dagrun for netflix_etl_pipeline to 2026-09-05 00:00:00+00:00, run_after=2026-09-06 00:00:00+00:00
[2026-09-06T05:07:33.806+0000] {processor.py:183} INFO - Processing /opt/airflow/dags/netflix_dag.py took 1.400 seconds
[2026-09-06T05:08:04.469+0000] {processor.py:161} INFO - Started process (PID=3560) to work on /opt/airflow/dags/netflix_dag.py
[2026-09-06T05:08:04.473+0000] {processor.py:830} INFO - Processing file /opt/airflow/dags/netflix_dag.py for tasks to queue
[2026-09-06T05:08:04.481+0000] {logging_mixin.py:188} INFO - [2026-09-06T05:08:04.480+0000] {dagbag.py:545} INFO - Filling up the DagBag from /opt/airflow/dags/netflix_dag.py
[2026-09-06T05:08:04.567+0000] {processor.py:840} INFO - DAG(s) 'netflix_etl_pipeline' retrieved from /opt/airflow/dags/netflix_dag.py
[2026-09-06T05:08:04.878+0000] {logging_mixin.py:188} INFO - [2026-09-06T05:08:04.878+0000] {dag.py:3089} INFO - Sync 1 DAGs
[2026-09-06T05:08:05.072+0000] {logging_mixin.py:188} INFO - [2026-09-06T05:08:05.072+0000] {dag.py:3947} INFO - Setting next_dagrun for netflix_etl_pipeline to 2026-09-05 00:00:00+00:00, run_after=2026-09-06 00:00:00+00:00
[2026-09-06T05:08:05.280+0000] {processor.py:183} INFO - Processing /opt/airflow/dags/netflix_dag.py took 0.825 seconds
[2026-09-06T05:08:35.914+0000] {processor.py:161} INFO - Started process (PID=3571) to work on /opt/airflow/dags/netflix_dag.py
[2026-09-06T05:08:35.917+0000] {processor.py:830} INFO - Processing file /opt/airflow/dags/netflix_dag.py for tasks to queue
[2026-09-06T05:08:35.922+0000] {logging_mixin.py:188} INFO - [2026-09-06T05:08:35.921+0000] {dagbag.py:545} INFO - Filling up the DagBag from /opt/airflow/dags/netflix_dag.py
[2026-09-06T05:08:35.969+0000] {processor.py:840} INFO - DAG(s) 'netflix_etl_pipeline' retrieved from /opt/airflow/dags/netflix_dag.py
[2026-09-06T05:08:36.060+0000] {logging_mixin.py:188} INFO - [2026-09-06T05:08:36.059+0000] {dag.py:3089} INFO - Sync 1 DAGs
[2026-09-06T05:08:36.117+0000] {logging_mixin.py:188} INFO - [2026-09-06T05:08:36.116+0000] {dag.py:3947} INFO - Setting next_dagrun for netflix_etl_pipeline to 2026-09-05 00:00:00+00:00, run_after=2026-09-06 00:00:00+00:00
[2026-09-06T05:08:36.259+0000] {processor.py:183} INFO - Processing /opt/airflow/dags/netflix_dag.py took 0.364 seconds
[2026-09-06T05:09:07.833+0000] {processor.py:161} INFO - Started process (PID=3582) to work on /opt/airflow/dags/netflix_dag.py
[2026-09-06T05:09:07.854+0000] {processor.py:830} INFO - Processing file /opt/airflow/dags/netflix_dag.py for tasks to queue
[2026-09-06T05:09:07.873+0000] {logging_mixin.py:188} INFO - [2026-09-06T05:09:07.872+0000] {dagbag.py:545} INFO - Filling up the DagBag from /opt/airflow/dags/netflix_dag.py
[2026-09-06T05:09:08.557+0000] {processor.py:840} INFO - DAG(s) 'netflix_etl_pipeline' retrieved from /opt/airflow/dags/netflix_dag.py
[2026-09-06T05:09:08.937+0000] {logging_mixin.py:188} INFO - [2026-09-06T05:09:08.936+0000] {dag.py:3089} INFO - Sync 1 DAGs
[2026-09-06T05:09:09.185+0000] {logging_mixin.py:188} INFO - [2026-09-06T05:09:09.184+0000] {dag.py:3947} INFO - Setting next_dagrun for netflix_etl_pipeline to 2026-09-05 00:00:00+00:00, run_after=2026-09-06 00:00:00+00:00
[2026-09-06T05:09:09.451+0000] {processor.py:183} INFO - Processing /opt/airflow/dags/netflix_dag.py took 1.642 seconds
[2026-09-06T05:09:41.701+0000] {processor.py:161} INFO - Started process (PID=3593) to work on /opt/airflow/dags/netflix_dag.py
[2026-09-06T05:09:41.745+0000] {processor.py:830} INFO - Processing file /opt/airflow/dags/netflix_dag.py for tasks to queue
[2026-09-06T05:09:41.805+0000] {logging_mixin.py:188} INFO - [2026-09-06T05:09:41.804+0000] {dagbag.py:545} INFO - Filling up the DagBag from /opt/airflow/dags/netflix_dag.py
[2026-09-06T05:09:42.787+0000] {processor.py:840} INFO - DAG(s) 'netflix_etl_pipeline' retrieved from /opt/airflow/dags/netflix_dag.py
[2026-09-06T05:09:42.977+0000] {logging_mixin.py:188} INFO - [2026-09-06T05:09:42.977+0000] {dag.py:3089} INFO - Sync 1 DAGs
[2026-09-06T05:09:43.162+0000] {logging_mixin.py:188} INFO - [2026-09-06T05:09:43.161+0000] {dag.py:3947} INFO - Setting next_dagrun for netflix_etl_pipeline to 2026-09-05 00:00:00+00:00, run_after=2026-09-06 00:00:00+00:00
[2026-09-06T05:09:43.410+0000] {processor.py:183} INFO - Processing /opt/airflow/dags/netflix_dag.py took 1.746 seconds
[2026-09-06T05:10:15.238+0000] {processor.py:161} INFO - Started process (PID=3605) to work on /opt/airflow/dags/netflix_dag.py
[2026-09-06T05:10:15.259+0000] {processor.py:830} INFO - Processing file /opt/airflow/dags/netflix_dag.py for tasks to queue
[2026-09-06T05:10:15.279+0000] {logging_mixin.py:188} INFO - [2026-09-06T05:10:15.278+0000] {dagbag.py:545} INFO - Filling up the DagBag from /opt/airflow/dags/netflix_dag.py
[2026-09-06T05:10:16.315+0000] {processor.py:840} INFO - DAG(s) 'netflix_etl_pipeline' retrieved from /opt/airflow/dags/netflix_dag.py
[2026-09-06T05:10:16.698+0000] {logging_mixin.py:188} INFO - [2026-09-06T05:10:16.697+0000] {dag.py:3089} INFO - Sync 1 DAGs
[2026-09-06T05:10:16.860+0000] {logging_mixin.py:188} INFO - [2026-09-06T05:10:16.859+0000] {dag.py:3947} INFO - Setting next_dagrun for netflix_etl_pipeline to 2026-09-05 00:00:00+00:00, run_after=2026-09-06 00:00:00+00:00
[2026-09-06T05:10:17.050+0000] {processor.py:183} INFO - Processing /opt/airflow/dags/netflix_dag.py took 1.851 seconds
[2026-09-06T05:10:48.054+0000] {processor.py:161} INFO - Started process (PID=3616) to work on /opt/airflow/dags/netflix_dag.py
[2026-09-06T05:10:48.083+0000] {processor.py:830} INFO - Processing file /opt/airflow/dags/netflix_dag.py for tasks to queue
[2026-09-06T05:10:48.117+0000] {logging_mixin.py:188} INFO - [2026-09-06T05:10:48.116+0000] {dagbag.py:545} INFO - Filling up the DagBag from /opt/airflow/dags/netflix_dag.py
[2026-09-06T05:10:48.927+0000] {processor.py:840} INFO - DAG(s) 'netflix_etl_pipeline' retrieved from /opt/airflow/dags/netflix_dag.py
[2026-09-06T05:10:49.188+0000] {logging_mixin.py:188} INFO - [2026-09-06T05:10:49.188+0000] {dag.py:3089} INFO - Sync 1 DAGs
[2026-09-06T05:10:49.379+0000] {logging_mixin.py:188} INFO - [2026-09-06T05:10:49.378+0000] {dag.py:3947} INFO - Setting next_dagrun for netflix_etl_pipeline to 2026-09-05 00:00:00+00:00, run_after=2026-09-06 00:00:00+00:00
[2026-09-06T05:10:49.584+0000] {processor.py:183} INFO - Processing /opt/airflow/dags/netflix_dag.py took 1.566 seconds
[2026-09-06T05:11:21.170+0000] {processor.py:161} INFO - Started process (PID=3627) to work on /opt/airflow/dags/netflix_dag.py
[2026-09-06T05:11:21.201+0000] {processor.py:830} INFO - Processing file /opt/airflow/dags/netflix_dag.py for tasks to queue
[2026-09-06T05:11:21.241+0000] {logging_mixin.py:188} INFO - [2026-09-06T05:11:21.240+0000] {dagbag.py:545} INFO - Filling up the DagBag from /opt/airflow/dags/netflix_dag.py
[2026-09-06T05:11:21.934+0000] {processor.py:840} INFO - DAG(s) 'netflix_etl_pipeline' retrieved from /opt/airflow/dags/netflix_dag.py
[2026-09-06T05:11:22.204+0000] {logging_mixin.py:188} INFO - [2026-09-06T05:11:22.204+0000] {dag.py:3089} INFO - Sync 1 DAGs
[2026-09-06T05:11:22.378+0000] {logging_mixin.py:188} INFO - [2026-09-06T05:11:22.377+0000] {dag.py:3947} INFO - Setting next_dagrun for netflix_etl_pipeline to 2026-09-05 00:00:00+00:00, run_after=2026-09-06 00:00:00+00:00
[2026-09-06T05:11:22.593+0000] {processor.py:183} INFO - Processing /opt/airflow/dags/netflix_dag.py took 1.451 seconds
[2026-09-06T05:11:53.945+0000] {processor.py:161} INFO - Started process (PID=3638) to work on /opt/airflow/dags/netflix_dag.py
[2026-09-06T05:11:53.974+0000] {processor.py:830} INFO - Processing file /opt/airflow/dags/netflix_dag.py for tasks to queue
[2026-09-06T05:11:54.002+0000] {logging_mixin.py:188} INFO - [2026-09-06T05:11:54.001+0000] {dagbag.py:545} INFO - Filling up the DagBag from /opt/airflow/dags/netflix_dag.py
[2026-09-06T05:11:54.595+0000] {processor.py:840} INFO - DAG(s) 'netflix_etl_pipeline' retrieved from /opt/airflow/dags/netflix_dag.py
[2026-09-06T05:11:54.820+0000] {logging_mixin.py:188} INFO - [2026-09-06T05:11:54.819+0000] {dag.py:3089} INFO - Sync 1 DAGs
[2026-09-06T05:11:55.054+0000] {logging_mixin.py:188} INFO - [2026-09-06T05:11:55.054+0000] {dag.py:3947} INFO - Setting next_dagrun for netflix_etl_pipeline to 2026-09-05 00:00:00+00:00, run_after=2026-09-06 00:00:00+00:00
[2026-09-06T05:11:55.213+0000] {processor.py:183} INFO - Processing /opt/airflow/dags/netflix_dag.py took 1.292 seconds
[2026-09-06T05:12:26.817+0000] {processor.py:161} INFO - Started process (PID=3655) to work on /opt/airflow/dags/netflix_dag.py
[2026-09-06T05:12:26.861+0000] {processor.py:830} INFO - Processing file /opt/airflow/dags/netflix_dag.py for tasks to queue
[2026-09-06T05:12:26.893+0000] {logging_mixin.py:188} INFO - [2026-09-06T05:12:26.891+0000] {dagbag.py:545} INFO - Filling up the DagBag from /opt/airflow/dags/netflix_dag.py
[2026-09-06T05:12:27.864+0000] {processor.py:840} INFO - DAG(s) 'netflix_etl_pipeline' retrieved from /opt/airflow/dags/netflix_dag.py
[2026-09-06T05:12:28.188+0000] {logging_mixin.py:188} INFO - [2026-09-06T05:12:28.187+0000] {dag.py:3089} INFO - Sync 1 DAGs
[2026-09-06T05:12:28.424+0000] {logging_mixin.py:188} INFO - [2026-09-06T05:12:28.424+0000] {dag.py:3947} INFO - Setting next_dagrun for netflix_etl_pipeline to 2026-09-05 00:00:00+00:00, run_after=2026-09-06 00:00:00+00:00
[2026-09-06T05:12:28.680+0000] {processor.py:183} INFO - Processing /opt/airflow/dags/netflix_dag.py took 1.906 seconds
[2026-09-06T05:12:59.969+0000] {processor.py:161} INFO - Started process (PID=3666) to work on /opt/airflow/dags/netflix_dag.py
[2026-09-06T05:12:59.996+0000] {processor.py:830} INFO - Processing file /opt/airflow/dags/netflix_dag.py for tasks to queue
[2026-09-06T05:13:00.046+0000] {logging_mixin.py:188} INFO - [2026-09-06T05:13:00.045+0000] {dagbag.py:545} INFO - Filling up the DagBag from /opt/airflow/dags/netflix_dag.py
[2026-09-06T05:13:00.783+0000] {processor.py:840} INFO - DAG(s) 'netflix_etl_pipeline' retrieved from /opt/airflow/dags/netflix_dag.py
[2026-09-06T05:13:01.116+0000] {logging_mixin.py:188} INFO - [2026-09-06T05:13:01.115+0000] {dag.py:3089} INFO - Sync 1 DAGs
[2026-09-06T05:13:01.330+0000] {logging_mixin.py:188} INFO - [2026-09-06T05:13:01.329+0000] {dag.py:3947} INFO - Setting next_dagrun for netflix_etl_pipeline to 2026-09-05 00:00:00+00:00, run_after=2026-09-06 00:00:00+00:00
[2026-09-06T05:13:01.601+0000] {processor.py:183} INFO - Processing /opt/airflow/dags/netflix_dag.py took 1.684 seconds
[2026-09-06T05:13:32.543+0000] {processor.py:161} INFO - Started process (PID=3677) to work on /opt/airflow/dags/netflix_dag.py
[2026-09-06T05:13:32.545+0000] {processor.py:830} INFO - Processing file /opt/airflow/dags/netflix_dag.py for tasks to queue
[2026-09-06T05:13:32.552+0000] {logging_mixin.py:188} INFO - [2026-09-06T05:13:32.551+0000] {dagbag.py:545} INFO - Filling up the DagBag from /opt/airflow/dags/netflix_dag.py
[2026-09-06T05:13:32.600+0000] {processor.py:840} INFO - DAG(s) 'netflix_etl_pipeline' retrieved from /opt/airflow/dags/netflix_dag.py
[2026-09-06T05:13:32.668+0000] {logging_mixin.py:188} INFO - [2026-09-06T05:13:32.668+0000] {dag.py:3089} INFO - Sync 1 DAGs
[2026-09-06T05:13:32.717+0000] {logging_mixin.py:188} INFO - [2026-09-06T05:13:32.716+0000] {dag.py:3947} INFO - Setting next_dagrun for netflix_etl_pipeline to 2026-09-05 00:00:00+00:00, run_after=2026-09-06 00:00:00+00:00
[2026-09-06T05:13:32.757+0000] {processor.py:183} INFO - Processing /opt/airflow/dags/netflix_dag.py took 0.227 seconds
[2026-09-06T05:14:04.051+0000] {processor.py:161} INFO - Started process (PID=3688) to work on /opt/airflow/dags/netflix_dag.py
[2026-09-06T05:14:04.099+0000] {processor.py:830} INFO - Processing file /opt/airflow/dags/netflix_dag.py for tasks to queue
[2026-09-06T05:14:04.160+0000] {logging_mixin.py:188} INFO - [2026-09-06T05:14:04.158+0000] {dagbag.py:545} INFO - Filling up the DagBag from /opt/airflow/dags/netflix_dag.py
[2026-09-06T05:14:05.139+0000] {processor.py:840} INFO - DAG(s) 'netflix_etl_pipeline' retrieved from /opt/airflow/dags/netflix_dag.py
[2026-09-06T05:14:05.413+0000] {logging_mixin.py:188} INFO - [2026-09-06T05:14:05.412+0000] {dag.py:3089} INFO - Sync 1 DAGs
[2026-09-06T05:14:05.602+0000] {logging_mixin.py:188} INFO - [2026-09-06T05:14:05.602+0000] {dag.py:3947} INFO - Setting next_dagrun for netflix_etl_pipeline to 2026-09-05 00:00:00+00:00, run_after=2026-09-06 00:00:00+00:00
[2026-09-06T05:14:05.790+0000] {processor.py:183} INFO - Processing /opt/airflow/dags/netflix_dag.py took 1.791 seconds
[2026-09-06T05:14:37.584+0000] {processor.py:161} INFO - Started process (PID=3699) to work on /opt/airflow/dags/netflix_dag.py
[2026-09-06T05:14:37.640+0000] {processor.py:830} INFO - Processing file /opt/airflow/dags/netflix_dag.py for tasks to queue
[2026-09-06T05:14:37.714+0000] {logging_mixin.py:188} INFO - [2026-09-06T05:14:37.713+0000] {dagbag.py:545} INFO - Filling up the DagBag from /opt/airflow/dags/netflix_dag.py
[2026-09-06T05:14:38.942+0000] {processor.py:840} INFO - DAG(s) 'netflix_etl_pipeline' retrieved from /opt/airflow/dags/netflix_dag.py
[2026-09-06T05:14:39.216+0000] {logging_mixin.py:188} INFO - [2026-09-06T05:14:39.215+0000] {dag.py:3089} INFO - Sync 1 DAGs
[2026-09-06T05:14:39.408+0000] {logging_mixin.py:188} INFO - [2026-09-06T05:14:39.407+0000] {dag.py:3947} INFO - Setting next_dagrun for netflix_etl_pipeline to 2026-09-05 00:00:00+00:00, run_after=2026-09-06 00:00:00+00:00
[2026-09-06T05:14:39.573+0000] {processor.py:183} INFO - Processing /opt/airflow/dags/netflix_dag.py took 2.026 seconds
[2026-09-06T05:15:11.666+0000] {processor.py:161} INFO - Started process (PID=3710) to work on /opt/airflow/dags/netflix_dag.py
[2026-09-06T05:15:11.696+0000] {processor.py:830} INFO - Processing file /opt/airflow/dags/netflix_dag.py for tasks to queue
[2026-09-06T05:15:11.706+0000] {logging_mixin.py:188} INFO - [2026-09-06T05:15:11.705+0000] {dagbag.py:545} INFO - Filling up the DagBag from /opt/airflow/dags/netflix_dag.py
[2026-09-06T05:15:11.980+0000] {processor.py:840} INFO - DAG(s) 'netflix_etl_pipeline' retrieved from /opt/airflow/dags/netflix_dag.py
[2026-09-06T05:15:12.065+0000] {logging_mixin.py:188} INFO - [2026-09-06T05:15:12.064+0000] {dag.py:3089} INFO - Sync 1 DAGs
[2026-09-06T05:15:12.189+0000] {logging_mixin.py:188} INFO - [2026-09-06T05:15:12.180+0000] {dag.py:3947} INFO - Setting next_dagrun for netflix_etl_pipeline to 2026-09-05 00:00:00+00:00, run_after=2026-09-06 00:00:00+00:00
[2026-09-06T05:15:12.381+0000] {processor.py:183} INFO - Processing /opt/airflow/dags/netflix_dag.py took 0.751 seconds
[2026-09-06T05:15:44.045+0000] {processor.py:161} INFO - Started process (PID=3722) to work on /opt/airflow/dags/netflix_dag.py
[2026-09-06T05:15:44.074+0000] {processor.py:830} INFO - Processing file /opt/airflow/dags/netflix_dag.py for tasks to queue
[2026-09-06T05:15:44.128+0000] {logging_mixin.py:188} INFO - [2026-09-06T05:15:44.127+0000] {dagbag.py:545} INFO - Filling up the DagBag from /opt/airflow/dags/netflix_dag.py
[2026-09-06T05:15:44.750+0000] {processor.py:840} INFO - DAG(s) 'netflix_etl_pipeline' retrieved from /opt/airflow/dags/netflix_dag.py
[2026-09-06T05:15:44.989+0000] {logging_mixin.py:188} INFO - [2026-09-06T05:15:44.988+0000] {dag.py:3089} INFO - Sync 1 DAGs
[2026-09-06T05:15:45.173+0000] {logging_mixin.py:188} INFO - [2026-09-06T05:15:45.172+0000] {dag.py:3947} INFO - Setting next_dagrun for netflix_etl_pipeline to 2026-09-05 00:00:00+00:00, run_after=2026-09-06 00:00:00+00:00
[2026-09-06T05:15:45.455+0000] {processor.py:183} INFO - Processing /opt/airflow/dags/netflix_dag.py took 1.435 seconds
[2026-09-06T05:16:17.155+0000] {processor.py:161} INFO - Started process (PID=3734) to work on /opt/airflow/dags/netflix_dag.py
[2026-09-06T05:16:17.162+0000] {processor.py:830} INFO - Processing file /opt/airflow/dags/netflix_dag.py for tasks to queue
[2026-09-06T05:16:17.171+0000] {logging_mixin.py:188} INFO - [2026-09-06T05:16:17.170+0000] {dagbag.py:545} INFO - Filling up the DagBag from /opt/airflow/dags/netflix_dag.py
[2026-09-06T05:16:17.233+0000] {processor.py:840} INFO - DAG(s) 'netflix_etl_pipeline' retrieved from /opt/airflow/dags/netflix_dag.py
[2026-09-06T05:16:17.336+0000] {logging_mixin.py:188} INFO - [2026-09-06T05:16:17.336+0000] {dag.py:3089} INFO - Sync 1 DAGs
[2026-09-06T05:16:17.390+0000] {logging_mixin.py:188} INFO - [2026-09-06T05:16:17.390+0000] {dag.py:3947} INFO - Setting next_dagrun for netflix_etl_pipeline to 2026-09-05 00:00:00+00:00, run_after=2026-09-06 00:00:00+00:00
[2026-09-06T05:16:17.431+0000] {processor.py:183} INFO - Processing /opt/airflow/dags/netflix_dag.py took 0.314 seconds
[2026-09-06T05:16:47.572+0000] {processor.py:161} INFO - Started process (PID=3745) to work on /opt/airflow/dags/netflix_dag.py
[2026-09-06T05:16:47.575+0000] {processor.py:830} INFO - Processing file /opt/airflow/dags/netflix_dag.py for tasks to queue
[2026-09-06T05:16:47.579+0000] {logging_mixin.py:188} INFO - [2026-09-06T05:16:47.579+0000] {dagbag.py:545} INFO - Filling up the DagBag from /opt/airflow/dags/netflix_dag.py
[2026-09-06T05:16:47.628+0000] {processor.py:840} INFO - DAG(s) 'netflix_etl_pipeline' retrieved from /opt/airflow/dags/netflix_dag.py
[2026-09-06T05:16:47.698+0000] {logging_mixin.py:188} INFO - [2026-09-06T05:16:47.697+0000] {dag.py:3089} INFO - Sync 1 DAGs
[2026-09-06T05:16:47.743+0000] {logging_mixin.py:188} INFO - [2026-09-06T05:16:47.743+0000] {dag.py:3947} INFO - Setting next_dagrun for netflix_etl_pipeline to 2026-09-05 00:00:00+00:00, run_after=2026-09-06 00:00:00+00:00
[2026-09-06T05:16:47.781+0000] {processor.py:183} INFO - Processing /opt/airflow/dags/netflix_dag.py took 0.224 seconds
[2026-09-06T05:17:18.563+0000] {processor.py:161} INFO - Started process (PID=3756) to work on /opt/airflow/dags/netflix_dag.py
[2026-09-06T05:17:18.566+0000] {processor.py:830} INFO - Processing file /opt/airflow/dags/netflix_dag.py for tasks to queue
[2026-09-06T05:17:18.573+0000] {logging_mixin.py:188} INFO - [2026-09-06T05:17:18.572+0000] {dagbag.py:545} INFO - Filling up the DagBag from /opt/airflow/dags/netflix_dag.py
[2026-09-06T05:17:19.190+0000] {processor.py:840} INFO - DAG(s) 'netflix_etl_pipeline' retrieved from /opt/airflow/dags/netflix_dag.py
[2026-09-06T05:17:19.366+0000] {logging_mixin.py:188} INFO - [2026-09-06T05:17:19.366+0000] {dag.py:3089} INFO - Sync 1 DAGs
[2026-09-06T05:17:19.429+0000] {logging_mixin.py:188} INFO - [2026-09-06T05:17:19.428+0000] {dag.py:3947} INFO - Setting next_dagrun for netflix_etl_pipeline to 2026-09-05 00:00:00+00:00, run_after=2026-09-06 00:00:00+00:00
[2026-09-06T05:17:19.605+0000] {processor.py:183} INFO - Processing /opt/airflow/dags/netflix_dag.py took 1.063 seconds
[2026-09-06T05:17:50.555+0000] {processor.py:161} INFO - Started process (PID=3767) to work on /opt/airflow/dags/netflix_dag.py
[2026-09-06T05:17:50.559+0000] {processor.py:830} INFO - Processing file /opt/airflow/dags/netflix_dag.py for tasks to queue
[2026-09-06T05:17:50.566+0000] {logging_mixin.py:188} INFO - [2026-09-06T05:17:50.564+0000] {dagbag.py:545} INFO - Filling up the DagBag from /opt/airflow/dags/netflix_dag.py
[2026-09-06T05:17:50.613+0000] {processor.py:840} INFO - DAG(s) 'netflix_etl_pipeline' retrieved from /opt/airflow/dags/netflix_dag.py
[2026-09-06T05:17:50.691+0000] {logging_mixin.py:188} INFO - [2026-09-06T05:17:50.690+0000] {dag.py:3089} INFO - Sync 1 DAGs
[2026-09-06T05:17:50.800+0000] {logging_mixin.py:188} INFO - [2026-09-06T05:17:50.799+0000] {dag.py:3947} INFO - Setting next_dagrun for netflix_etl_pipeline to 2026-09-05 00:00:00+00:00, run_after=2026-09-06 00:00:00+00:00
[2026-09-06T05:17:51.008+0000] {processor.py:183} INFO - Processing /opt/airflow/dags/netflix_dag.py took 0.472 seconds
[2026-09-06T05:18:21.997+0000] {processor.py:161} INFO - Started process (PID=3778) to work on /opt/airflow/dags/netflix_dag.py
[2026-09-06T05:18:22.019+0000] {processor.py:830} INFO - Processing file /opt/airflow/dags/netflix_dag.py for tasks to queue
[2026-09-06T05:18:22.057+0000] {logging_mixin.py:188} INFO - [2026-09-06T05:18:22.056+0000] {dagbag.py:545} INFO - Filling up the DagBag from /opt/airflow/dags/netflix_dag.py
[2026-09-06T05:18:22.739+0000] {processor.py:840} INFO - DAG(s) 'netflix_etl_pipeline' retrieved from /opt/airflow/dags/netflix_dag.py
[2026-09-06T05:18:22.891+0000] {logging_mixin.py:188} INFO - [2026-09-06T05:18:22.890+0000] {dag.py:3089} INFO - Sync 1 DAGs
[2026-09-06T05:18:22.951+0000] {logging_mixin.py:188} INFO - [2026-09-06T05:18:22.950+0000] {dag.py:3947} INFO - Setting next_dagrun for netflix_etl_pipeline to 2026-09-05 00:00:00+00:00, run_after=2026-09-06 00:00:00+00:00
[2026-09-06T05:18:23.021+0000] {processor.py:183} INFO - Processing /opt/airflow/dags/netflix_dag.py took 1.062 seconds
[2026-09-06T05:18:54.033+0000] {processor.py:161} INFO - Started process (PID=3789) to work on /opt/airflow/dags/netflix_dag.py
[2026-09-06T05:18:54.038+0000] {processor.py:830} INFO - Processing file /opt/airflow/dags/netflix_dag.py for tasks to queue
[2026-09-06T05:18:54.044+0000] {logging_mixin.py:188} INFO - [2026-09-06T05:18:54.044+0000] {dagbag.py:545} INFO - Filling up the DagBag from /opt/airflow/dags/netflix_dag.py
[2026-09-06T05:18:54.087+0000] {processor.py:840} INFO - DAG(s) 'netflix_etl_pipeline' retrieved from /opt/airflow/dags/netflix_dag.py
[2026-09-06T05:18:54.191+0000] {logging_mixin.py:188} INFO - [2026-09-06T05:18:54.191+0000] {dag.py:3089} INFO - Sync 1 DAGs
[2026-09-06T05:18:54.366+0000] {logging_mixin.py:188} INFO - [2026-09-06T05:18:54.366+0000] {dag.py:3947} INFO - Setting next_dagrun for netflix_etl_pipeline to 2026-09-05 00:00:00+00:00, run_after=2026-09-06 00:00:00+00:00
[2026-09-06T05:18:54.562+0000] {processor.py:183} INFO - Processing /opt/airflow/dags/netflix_dag.py took 0.551 seconds
[2026-09-06T05:19:25.766+0000] {processor.py:161} INFO - Started process (PID=3800) to work on /opt/airflow/dags/netflix_dag.py
[2026-09-06T05:19:25.778+0000] {processor.py:830} INFO - Processing file /opt/airflow/dags/netflix_dag.py for tasks to queue
[2026-09-06T05:19:25.813+0000] {logging_mixin.py:188} INFO - [2026-09-06T05:19:25.812+0000] {dagbag.py:545} INFO - Filling up the DagBag from /opt/airflow/dags/netflix_dag.py
[2026-09-06T05:19:26.232+0000] {processor.py:840} INFO - DAG(s) 'netflix_etl_pipeline' retrieved from /opt/airflow/dags/netflix_dag.py
[2026-09-06T05:19:26.322+0000] {logging_mixin.py:188} INFO - [2026-09-06T05:19:26.321+0000] {dag.py:3089} INFO - Sync 1 DAGs
[2026-09-06T05:19:26.466+0000] {logging_mixin.py:188} INFO - [2026-09-06T05:19:26.465+0000] {dag.py:3947} INFO - Setting next_dagrun for netflix_etl_pipeline to 2026-09-05 00:00:00+00:00, run_after=2026-09-06 00:00:00+00:00
[2026-09-06T05:19:26.649+0000] {processor.py:183} INFO - Processing /opt/airflow/dags/netflix_dag.py took 0.908 seconds
[2026-09-06T05:19:57.885+0000] {processor.py:161} INFO - Started process (PID=3811) to work on /opt/airflow/dags/netflix_dag.py
[2026-09-06T05:19:57.905+0000] {processor.py:830} INFO - Processing file /opt/airflow/dags/netflix_dag.py for tasks to queue
[2026-09-06T05:19:57.938+0000] {logging_mixin.py:188} INFO - [2026-09-06T05:19:57.937+0000] {dagbag.py:545} INFO - Filling up the DagBag from /opt/airflow/dags/netflix_dag.py
[2026-09-06T05:19:58.672+0000] {processor.py:840} INFO - DAG(s) 'netflix_etl_pipeline' retrieved from /opt/airflow/dags/netflix_dag.py
[2026-09-06T05:19:58.929+0000] {logging_mixin.py:188} INFO - [2026-09-06T05:19:58.929+0000] {dag.py:3089} INFO - Sync 1 DAGs
[2026-09-06T05:19:59.130+0000] {logging_mixin.py:188} INFO - [2026-09-06T05:19:59.119+0000] {dag.py:3947} INFO - Setting next_dagrun for netflix_etl_pipeline to 2026-09-05 00:00:00+00:00, run_after=2026-09-06 00:00:00+00:00
[2026-09-06T05:19:59.293+0000] {processor.py:183} INFO - Processing /opt/airflow/dags/netflix_dag.py took 1.446 seconds
[2026-09-06T05:20:29.715+0000] {processor.py:161} INFO - Started process (PID=3822) to work on /opt/airflow/dags/netflix_dag.py
[2026-09-06T05:20:29.719+0000] {processor.py:830} INFO - Processing file /opt/airflow/dags/netflix_dag.py for tasks to queue
[2026-09-06T05:20:29.724+0000] {logging_mixin.py:188} INFO - [2026-09-06T05:20:29.723+0000] {dagbag.py:545} INFO - Filling up the DagBag from /opt/airflow/dags/netflix_dag.py
[2026-09-06T05:20:29.775+0000] {processor.py:840} INFO - DAG(s) 'netflix_etl_pipeline' retrieved from /opt/airflow/dags/netflix_dag.py
[2026-09-06T05:20:29.875+0000] {logging_mixin.py:188} INFO - [2026-09-06T05:20:29.874+0000] {dag.py:3089} INFO - Sync 1 DAGs
[2026-09-06T05:20:29.934+0000] {logging_mixin.py:188} INFO - [2026-09-06T05:20:29.933+0000] {dag.py:3947} INFO - Setting next_dagrun for netflix_etl_pipeline to 2026-09-05 00:00:00+00:00, run_after=2026-09-06 00:00:00+00:00
[2026-09-06T05:20:29.984+0000] {processor.py:183} INFO - Processing /opt/airflow/dags/netflix_dag.py took 0.282 seconds
[2026-09-06T05:21:00.889+0000] {processor.py:161} INFO - Started process (PID=3839) to work on /opt/airflow/dags/netflix_dag.py
[2026-09-06T05:21:00.892+0000] {processor.py:830} INFO - Processing file /opt/airflow/dags/netflix_dag.py for tasks to queue
[2026-09-06T05:21:00.899+0000] {logging_mixin.py:188} INFO - [2026-09-06T05:21:00.897+0000] {dagbag.py:545} INFO - Filling up the DagBag from /opt/airflow/dags/netflix_dag.py
[2026-09-06T05:21:01.485+0000] {processor.py:840} INFO - DAG(s) 'netflix_etl_pipeline' retrieved from /opt/airflow/dags/netflix_dag.py
[2026-09-06T05:21:01.758+0000] {logging_mixin.py:188} INFO - [2026-09-06T05:21:01.758+0000] {dag.py:3089} INFO - Sync 1 DAGs
[2026-09-06T05:21:01.980+0000] {logging_mixin.py:188} INFO - [2026-09-06T05:21:01.980+0000] {dag.py:3947} INFO - Setting next_dagrun for netflix_etl_pipeline to 2026-09-05 00:00:00+00:00, run_after=2026-09-06 00:00:00+00:00
[2026-09-06T05:21:02.235+0000] {processor.py:183} INFO - Processing /opt/airflow/dags/netflix_dag.py took 1.371 seconds
[2026-09-06T05:21:34.462+0000] {processor.py:161} INFO - Started process (PID=3850) to work on /opt/airflow/dags/netflix_dag.py
[2026-09-06T05:21:34.510+0000] {processor.py:830} INFO - Processing file /opt/airflow/dags/netflix_dag.py for tasks to queue
[2026-09-06T05:21:34.578+0000] {logging_mixin.py:188} INFO - [2026-09-06T05:21:34.577+0000] {dagbag.py:545} INFO - Filling up the DagBag from /opt/airflow/dags/netflix_dag.py
[2026-09-06T05:21:35.337+0000] {processor.py:840} INFO - DAG(s) 'netflix_etl_pipeline' retrieved from /opt/airflow/dags/netflix_dag.py
[2026-09-06T05:21:35.624+0000] {logging_mixin.py:188} INFO - [2026-09-06T05:21:35.623+0000] {dag.py:3089} INFO - Sync 1 DAGs
[2026-09-06T05:21:35.793+0000] {logging_mixin.py:188} INFO - [2026-09-06T05:21:35.793+0000] {dag.py:3947} INFO - Setting next_dagrun for netflix_etl_pipeline to 2026-09-05 00:00:00+00:00, run_after=2026-09-06 00:00:00+00:00
[2026-09-06T05:21:36.023+0000] {processor.py:183} INFO - Processing /opt/airflow/dags/netflix_dag.py took 1.599 seconds
[2026-09-06T05:22:07.824+0000] {processor.py:161} INFO - Started process (PID=3861) to work on /opt/airflow/dags/netflix_dag.py
[2026-09-06T05:22:07.840+0000] {processor.py:830} INFO - Processing file /opt/airflow/dags/netflix_dag.py for tasks to queue
[2026-09-06T05:22:07.855+0000] {logging_mixin.py:188} INFO - [2026-09-06T05:22:07.854+0000] {dagbag.py:545} INFO - Filling up the DagBag from /opt/airflow/dags/netflix_dag.py
[2026-09-06T05:22:07.935+0000] {processor.py:840} INFO - DAG(s) 'netflix_etl_pipeline' retrieved from /opt/airflow/dags/netflix_dag.py
[2026-09-06T05:22:08.172+0000] {logging_mixin.py:188} INFO - [2026-09-06T05:22:08.161+0000] {dag.py:3089} INFO - Sync 1 DAGs
[2026-09-06T05:22:08.371+0000] {logging_mixin.py:188} INFO - [2026-09-06T05:22:08.362+0000] {dag.py:3947} INFO - Setting next_dagrun for netflix_etl_pipeline to 2026-09-05 00:00:00+00:00, run_after=2026-09-06 00:00:00+00:00
[2026-09-06T05:22:08.561+0000] {processor.py:183} INFO - Processing /opt/airflow/dags/netflix_dag.py took 0.788 seconds
[2026-09-06T05:22:41.267+0000] {processor.py:161} INFO - Started process (PID=3872) to work on /opt/airflow/dags/netflix_dag.py
[2026-09-06T05:22:41.476+0000] {processor.py:830} INFO - Processing file /opt/airflow/dags/netflix_dag.py for tasks to queue
[2026-09-06T05:22:41.667+0000] {logging_mixin.py:188} INFO - [2026-09-06T05:22:41.666+0000] {dagbag.py:545} INFO - Filling up the DagBag from /opt/airflow/dags/netflix_dag.py
[2026-09-06T05:22:43.000+0000] {processor.py:840} INFO - DAG(s) 'netflix_etl_pipeline' retrieved from /opt/airflow/dags/netflix_dag.py
[2026-09-06T05:22:43.341+0000] {logging_mixin.py:188} INFO - [2026-09-06T05:22:43.340+0000] {dag.py:3089} INFO - Sync 1 DAGs
[2026-09-06T05:22:43.660+0000] {logging_mixin.py:188} INFO - [2026-09-06T05:22:43.659+0000] {dag.py:3947} INFO - Setting next_dagrun for netflix_etl_pipeline to 2026-09-05 00:00:00+00:00, run_after=2026-09-06 00:00:00+00:00
[2026-09-06T05:22:47.242+0000] {processor.py:183} INFO - Processing /opt/airflow/dags/netflix_dag.py took 6.011 seconds
[2026-09-06T05:23:18.239+0000] {processor.py:161} INFO - Started process (PID=3883) to work on /opt/airflow/dags/netflix_dag.py
[2026-09-06T05:23:18.242+0000] {processor.py:830} INFO - Processing file /opt/airflow/dags/netflix_dag.py for tasks to queue
[2026-09-06T05:23:18.251+0000] {logging_mixin.py:188} INFO - [2026-09-06T05:23:18.248+0000] {dagbag.py:545} INFO - Filling up the DagBag from /opt/airflow/dags/netflix_dag.py
[2026-09-06T05:23:18.376+0000] {processor.py:840} INFO - DAG(s) 'netflix_etl_pipeline' retrieved from /opt/airflow/dags/netflix_dag.py
[2026-09-06T05:23:18.689+0000] {logging_mixin.py:188} INFO - [2026-09-06T05:23:18.688+0000] {dag.py:3089} INFO - Sync 1 DAGs
[2026-09-06T05:23:18.919+0000] {logging_mixin.py:188} INFO - [2026-09-06T05:23:18.919+0000] {dag.py:3947} INFO - Setting next_dagrun for netflix_etl_pipeline to 2026-09-05 00:00:00+00:00, run_after=2026-09-06 00:00:00+00:00
[2026-09-06T05:23:19.209+0000] {processor.py:183} INFO - Processing /opt/airflow/dags/netflix_dag.py took 0.986 seconds
[2026-09-06T05:23:50.402+0000] {processor.py:161} INFO - Started process (PID=3894) to work on /opt/airflow/dags/netflix_dag.py
[2026-09-06T05:23:50.421+0000] {processor.py:830} INFO - Processing file /opt/airflow/dags/netflix_dag.py for tasks to queue
[2026-09-06T05:23:50.456+0000] {logging_mixin.py:188} INFO - [2026-09-06T05:23:50.455+0000] {dagbag.py:545} INFO - Filling up the DagBag from /opt/airflow/dags/netflix_dag.py
[2026-09-06T05:23:51.355+0000] {processor.py:840} INFO - DAG(s) 'netflix_etl_pipeline' retrieved from /opt/airflow/dags/netflix_dag.py
[2026-09-06T05:23:51.514+0000] {logging_mixin.py:188} INFO - [2026-09-06T05:23:51.513+0000] {dag.py:3089} INFO - Sync 1 DAGs
[2026-09-06T05:23:51.727+0000] {logging_mixin.py:188} INFO - [2026-09-06T05:23:51.726+0000] {dag.py:3947} INFO - Setting next_dagrun for netflix_etl_pipeline to 2026-09-05 00:00:00+00:00, run_after=2026-09-06 00:00:00+00:00
[2026-09-06T05:23:52.052+0000] {processor.py:183} INFO - Processing /opt/airflow/dags/netflix_dag.py took 1.687 seconds
[2026-09-06T05:24:22.253+0000] {processor.py:161} INFO - Started process (PID=3905) to work on /opt/airflow/dags/netflix_dag.py
[2026-09-06T05:24:22.256+0000] {processor.py:830} INFO - Processing file /opt/airflow/dags/netflix_dag.py for tasks to queue
[2026-09-06T05:24:22.263+0000] {logging_mixin.py:188} INFO - [2026-09-06T05:24:22.261+0000] {dagbag.py:545} INFO - Filling up the DagBag from /opt/airflow/dags/netflix_dag.py
[2026-09-06T05:24:22.320+0000] {processor.py:840} INFO - DAG(s) 'netflix_etl_pipeline' retrieved from /opt/airflow/dags/netflix_dag.py
[2026-09-06T05:24:22.419+0000] {logging_mixin.py:188} INFO - [2026-09-06T05:24:22.418+0000] {dag.py:3089} INFO - Sync 1 DAGs
[2026-09-06T05:24:22.477+0000] {logging_mixin.py:188} INFO - [2026-09-06T05:24:22.477+0000] {dag.py:3947} INFO - Setting next_dagrun for netflix_etl_pipeline to 2026-09-05 00:00:00+00:00, run_after=2026-09-06 00:00:00+00:00
[2026-09-06T05:24:22.521+0000] {processor.py:183} INFO - Processing /opt/airflow/dags/netflix_dag.py took 0.288 seconds
[2026-09-06T05:24:53.863+0000] {processor.py:161} INFO - Started process (PID=3916) to work on /opt/airflow/dags/netflix_dag.py
[2026-09-06T05:24:53.866+0000] {processor.py:830} INFO - Processing file /opt/airflow/dags/netflix_dag.py for tasks to queue
[2026-09-06T05:24:53.870+0000] {logging_mixin.py:188} INFO - [2026-09-06T05:24:53.870+0000] {dagbag.py:545} INFO - Filling up the DagBag from /opt/airflow/dags/netflix_dag.py
[2026-09-06T05:24:53.922+0000] {processor.py:840} INFO - DAG(s) 'netflix_etl_pipeline' retrieved from /opt/airflow/dags/netflix_dag.py
[2026-09-06T05:24:54.182+0000] {logging_mixin.py:188} INFO - [2026-09-06T05:24:54.181+0000] {dag.py:3089} INFO - Sync 1 DAGs
[2026-09-06T05:24:54.401+0000] {logging_mixin.py:188} INFO - [2026-09-06T05:24:54.400+0000] {dag.py:3947} INFO - Setting next_dagrun for netflix_etl_pipeline to 2026-09-05 00:00:00+00:00, run_after=2026-09-06 00:00:00+00:00
[2026-09-06T05:24:54.749+0000] {processor.py:183} INFO - Processing /opt/airflow/dags/netflix_dag.py took 0.899 seconds
[2026-09-06T05:25:26.759+0000] {processor.py:161} INFO - Started process (PID=3927) to work on /opt/airflow/dags/netflix_dag.py
[2026-09-06T05:25:26.803+0000] {processor.py:830} INFO - Processing file /opt/airflow/dags/netflix_dag.py for tasks to queue
[2026-09-06T05:25:26.825+0000] {logging_mixin.py:188} INFO - [2026-09-06T05:25:26.824+0000] {dagbag.py:545} INFO - Filling up the DagBag from /opt/airflow/dags/netflix_dag.py
[2026-09-06T05:25:27.760+0000] {processor.py:840} INFO - DAG(s) 'netflix_etl_pipeline' retrieved from /opt/airflow/dags/netflix_dag.py
[2026-09-06T05:25:28.022+0000] {logging_mixin.py:188} INFO - [2026-09-06T05:25:28.021+0000] {dag.py:3089} INFO - Sync 1 DAGs
[2026-09-06T05:25:28.199+0000] {logging_mixin.py:188} INFO - [2026-09-06T05:25:28.199+0000] {dag.py:3947} INFO - Setting next_dagrun for netflix_etl_pipeline to 2026-09-05 00:00:00+00:00, run_after=2026-09-06 00:00:00+00:00
[2026-09-06T05:25:28.498+0000] {processor.py:183} INFO - Processing /opt/airflow/dags/netflix_dag.py took 1.764 seconds
[2026-09-06T05:26:00.541+0000] {processor.py:161} INFO - Started process (PID=3938) to work on /opt/airflow/dags/netflix_dag.py
[2026-09-06T05:26:00.593+0000] {processor.py:830} INFO - Processing file /opt/airflow/dags/netflix_dag.py for tasks to queue
[2026-09-06T05:26:00.651+0000] {logging_mixin.py:188} INFO - [2026-09-06T05:26:00.650+0000] {dagbag.py:545} INFO - Filling up the DagBag from /opt/airflow/dags/netflix_dag.py
[2026-09-06T05:26:01.010+0000] {processor.py:840} INFO - DAG(s) 'netflix_etl_pipeline' retrieved from /opt/airflow/dags/netflix_dag.py
[2026-09-06T05:26:01.121+0000] {logging_mixin.py:188} INFO - [2026-09-06T05:26:01.121+0000] {dag.py:3089} INFO - Sync 1 DAGs
[2026-09-06T05:26:01.233+0000] {logging_mixin.py:188} INFO - [2026-09-06T05:26:01.232+0000] {dag.py:3947} INFO - Setting next_dagrun for netflix_etl_pipeline to 2026-09-05 00:00:00+00:00, run_after=2026-09-06 00:00:00+00:00
[2026-09-06T05:26:01.593+0000] {processor.py:183} INFO - Processing /opt/airflow/dags/netflix_dag.py took 1.077 seconds
[2026-09-06T05:26:32.337+0000] {processor.py:161} INFO - Started process (PID=3949) to work on /opt/airflow/dags/netflix_dag.py
[2026-09-06T05:26:32.345+0000] {processor.py:830} INFO - Processing file /opt/airflow/dags/netflix_dag.py for tasks to queue
[2026-09-06T05:26:32.353+0000] {logging_mixin.py:188} INFO - [2026-09-06T05:26:32.351+0000] {dagbag.py:545} INFO - Filling up the DagBag from /opt/airflow/dags/netflix_dag.py
[2026-09-06T05:26:32.420+0000] {processor.py:840} INFO - DAG(s) 'netflix_etl_pipeline' retrieved from /opt/airflow/dags/netflix_dag.py
[2026-09-06T05:26:32.536+0000] {logging_mixin.py:188} INFO - [2026-09-06T05:26:32.535+0000] {dag.py:3089} INFO - Sync 1 DAGs
[2026-09-06T05:26:32.595+0000] {logging_mixin.py:188} INFO - [2026-09-06T05:26:32.595+0000] {dag.py:3947} INFO - Setting next_dagrun for netflix_etl_pipeline to 2026-09-05 00:00:00+00:00, run_after=2026-09-06 00:00:00+00:00
[2026-09-06T05:26:32.823+0000] {processor.py:183} INFO - Processing /opt/airflow/dags/netflix_dag.py took 0.518 seconds
[2026-09-06T05:27:05.340+0000] {processor.py:161} INFO - Started process (PID=3966) to work on /opt/airflow/dags/netflix_dag.py
[2026-09-06T05:27:05.355+0000] {processor.py:830} INFO - Processing file /opt/airflow/dags/netflix_dag.py for tasks to queue
[2026-09-06T05:27:05.373+0000] {logging_mixin.py:188} INFO - [2026-09-06T05:27:05.372+0000] {dagbag.py:545} INFO - Filling up the DagBag from /opt/airflow/dags/netflix_dag.py
[2026-09-06T05:27:05.493+0000] {processor.py:840} INFO - DAG(s) 'netflix_etl_pipeline' retrieved from /opt/airflow/dags/netflix_dag.py
[2026-09-06T05:27:05.723+0000] {logging_mixin.py:188} INFO - [2026-09-06T05:27:05.722+0000] {dag.py:3089} INFO - Sync 1 DAGs
[2026-09-06T05:27:05.950+0000] {logging_mixin.py:188} INFO - [2026-09-06T05:27:05.949+0000] {dag.py:3947} INFO - Setting next_dagrun for netflix_etl_pipeline to 2026-09-05 00:00:00+00:00, run_after=2026-09-06 00:00:00+00:00
[2026-09-06T05:27:06.242+0000] {processor.py:183} INFO - Processing /opt/airflow/dags/netflix_dag.py took 0.956 seconds
[2026-09-06T05:27:37.856+0000] {processor.py:161} INFO - Started process (PID=3977) to work on /opt/airflow/dags/netflix_dag.py
[2026-09-06T05:27:37.892+0000] {processor.py:830} INFO - Processing file /opt/airflow/dags/netflix_dag.py for tasks to queue
[2026-09-06T05:27:37.930+0000] {logging_mixin.py:188} INFO - [2026-09-06T05:27:37.929+0000] {dagbag.py:545} INFO - Filling up the DagBag from /opt/airflow/dags/netflix_dag.py
[2026-09-06T05:27:38.928+0000] {processor.py:840} INFO - DAG(s) 'netflix_etl_pipeline' retrieved from /opt/airflow/dags/netflix_dag.py
[2026-09-06T05:27:39.239+0000] {logging_mixin.py:188} INFO - [2026-09-06T05:27:39.238+0000] {dag.py:3089} INFO - Sync 1 DAGs
[2026-09-06T05:27:39.533+0000] {logging_mixin.py:188} INFO - [2026-09-06T05:27:39.532+0000] {dag.py:3947} INFO - Setting next_dagrun for netflix_etl_pipeline to 2026-09-05 00:00:00+00:00, run_after=2026-09-06 00:00:00+00:00
[2026-09-06T05:27:39.847+0000] {processor.py:183} INFO - Processing /opt/airflow/dags/netflix_dag.py took 2.016 seconds
[2026-09-06T05:28:10.140+0000] {processor.py:161} INFO - Started process (PID=3988) to work on /opt/airflow/dags/netflix_dag.py
[2026-09-06T05:28:10.143+0000] {processor.py:830} INFO - Processing file /opt/airflow/dags/netflix_dag.py for tasks to queue
[2026-09-06T05:28:10.149+0000] {logging_mixin.py:188} INFO - [2026-09-06T05:28:10.148+0000] {dagbag.py:545} INFO - Filling up the DagBag from /opt/airflow/dags/netflix_dag.py
[2026-09-06T05:28:10.202+0000] {processor.py:840} INFO - DAG(s) 'netflix_etl_pipeline' retrieved from /opt/airflow/dags/netflix_dag.py
[2026-09-06T05:28:10.287+0000] {logging_mixin.py:188} INFO - [2026-09-06T05:28:10.287+0000] {dag.py:3089} INFO - Sync 1 DAGs
[2026-09-06T05:28:10.340+0000] {logging_mixin.py:188} INFO - [2026-09-06T05:28:10.339+0000] {dag.py:3947} INFO - Setting next_dagrun for netflix_etl_pipeline to 2026-09-05 00:00:00+00:00, run_after=2026-09-06 00:00:00+00:00
[2026-09-06T05:28:13.483+0000] {processor.py:183} INFO - Processing /opt/airflow/dags/netflix_dag.py took 3.367 seconds
[2026-09-06T05:28:44.020+0000] {processor.py:161} INFO - Started process (PID=3998) to work on /opt/airflow/dags/netflix_dag.py
[2026-09-06T05:28:44.024+0000] {processor.py:830} INFO - Processing file /opt/airflow/dags/netflix_dag.py for tasks to queue
[2026-09-06T05:28:44.031+0000] {logging_mixin.py:188} INFO - [2026-09-06T05:28:44.030+0000] {dagbag.py:545} INFO - Filling up the DagBag from /opt/airflow/dags/netflix_dag.py
[2026-09-06T05:28:44.178+0000] {processor.py:840} INFO - DAG(s) 'netflix_etl_pipeline' retrieved from /opt/airflow/dags/netflix_dag.py
[2026-09-06T05:28:44.457+0000] {logging_mixin.py:188} INFO - [2026-09-06T05:28:44.456+0000] {dag.py:3089} INFO - Sync 1 DAGs
[2026-09-06T05:28:44.642+0000] {logging_mixin.py:188} INFO - [2026-09-06T05:28:44.633+0000] {dag.py:3947} INFO - Setting next_dagrun for netflix_etl_pipeline to 2026-09-05 00:00:00+00:00, run_after=2026-09-06 00:00:00+00:00
[2026-09-06T05:28:44.854+0000] {processor.py:183} INFO - Processing /opt/airflow/dags/netflix_dag.py took 0.857 seconds
[2026-09-06T05:29:15.440+0000] {processor.py:161} INFO - Started process (PID=4009) to work on /opt/airflow/dags/netflix_dag.py
[2026-09-06T05:29:15.443+0000] {processor.py:830} INFO - Processing file /opt/airflow/dags/netflix_dag.py for tasks to queue
[2026-09-06T05:29:15.449+0000] {logging_mixin.py:188} INFO - [2026-09-06T05:29:15.448+0000] {dagbag.py:545} INFO - Filling up the DagBag from /opt/airflow/dags/netflix_dag.py
[2026-09-06T05:29:15.504+0000] {processor.py:840} INFO - DAG(s) 'netflix_etl_pipeline' retrieved from /opt/airflow/dags/netflix_dag.py
[2026-09-06T05:29:15.589+0000] {logging_mixin.py:188} INFO - [2026-09-06T05:29:15.588+0000] {dag.py:3089} INFO - Sync 1 DAGs
[2026-09-06T05:29:15.702+0000] {logging_mixin.py:188} INFO - [2026-09-06T05:29:15.701+0000] {dag.py:3947} INFO - Setting next_dagrun for netflix_etl_pipeline to 2026-09-05 00:00:00+00:00, run_after=2026-09-06 00:00:00+00:00
[2026-09-06T05:29:15.822+0000] {processor.py:183} INFO - Processing /opt/airflow/dags/netflix_dag.py took 0.403 seconds
[2026-09-06T05:29:47.553+0000] {processor.py:161} INFO - Started process (PID=4020) to work on /opt/airflow/dags/netflix_dag.py
[2026-09-06T05:29:47.689+0000] {processor.py:830} INFO - Processing file /opt/airflow/dags/netflix_dag.py for tasks to queue
[2026-09-06T05:29:47.833+0000] {logging_mixin.py:188} INFO - [2026-09-06T05:29:47.832+0000] {dagbag.py:545} INFO - Filling up the DagBag from /opt/airflow/dags/netflix_dag.py
[2026-09-06T05:29:49.401+0000] {processor.py:840} INFO - DAG(s) 'netflix_etl_pipeline' retrieved from /opt/airflow/dags/netflix_dag.py
[2026-09-06T05:29:49.717+0000] {logging_mixin.py:188} INFO - [2026-09-06T05:29:49.716+0000] {dag.py:3089} INFO - Sync 1 DAGs
[2026-09-06T05:29:49.945+0000] {logging_mixin.py:188} INFO - [2026-09-06T05:29:49.944+0000] {dag.py:3947} INFO - Setting next_dagrun for netflix_etl_pipeline to 2026-09-05 00:00:00+00:00, run_after=2026-09-06 00:00:00+00:00
[2026-09-06T05:29:50.234+0000] {processor.py:183} INFO - Processing /opt/airflow/dags/netflix_dag.py took 2.738 seconds
[2026-09-06T05:30:21.717+0000] {processor.py:161} INFO - Started process (PID=4031) to work on /opt/airflow/dags/netflix_dag.py
[2026-09-06T05:30:21.733+0000] {processor.py:830} INFO - Processing file /opt/airflow/dags/netflix_dag.py for tasks to queue
[2026-09-06T05:30:21.750+0000] {logging_mixin.py:188} INFO - [2026-09-06T05:30:21.741+0000] {dagbag.py:545} INFO - Filling up the DagBag from /opt/airflow/dags/netflix_dag.py
[2026-09-06T05:30:21.863+0000] {processor.py:840} INFO - DAG(s) 'netflix_etl_pipeline' retrieved from /opt/airflow/dags/netflix_dag.py
[2026-09-06T05:30:22.096+0000] {logging_mixin.py:188} INFO - [2026-09-06T05:30:22.095+0000] {dag.py:3089} INFO - Sync 1 DAGs
[2026-09-06T05:30:22.341+0000] {logging_mixin.py:188} INFO - [2026-09-06T05:30:22.340+0000] {dag.py:3947} INFO - Setting next_dagrun for netflix_etl_pipeline to 2026-09-05 00:00:00+00:00, run_after=2026-09-06 00:00:00+00:00
[2026-09-06T05:30:22.541+0000] {processor.py:183} INFO - Processing /opt/airflow/dags/netflix_dag.py took 0.874 seconds
[2026-09-06T05:30:54.018+0000] {processor.py:161} INFO - Started process (PID=4042) to work on /opt/airflow/dags/netflix_dag.py
[2026-09-06T05:30:54.036+0000] {processor.py:830} INFO - Processing file /opt/airflow/dags/netflix_dag.py for tasks to queue
[2026-09-06T05:30:54.064+0000] {logging_mixin.py:188} INFO - [2026-09-06T05:30:54.063+0000] {dagbag.py:545} INFO - Filling up the DagBag from /opt/airflow/dags/netflix_dag.py
[2026-09-06T05:30:54.173+0000] {processor.py:840} INFO - DAG(s) 'netflix_etl_pipeline' retrieved from /opt/airflow/dags/netflix_dag.py
[2026-09-06T05:30:54.298+0000] {logging_mixin.py:188} INFO - [2026-09-06T05:30:54.297+0000] {dag.py:3089} INFO - Sync 1 DAGs
[2026-09-06T05:30:54.460+0000] {logging_mixin.py:188} INFO - [2026-09-06T05:30:54.459+0000] {dag.py:3947} INFO - Setting next_dagrun for netflix_etl_pipeline to 2026-09-05 00:00:00+00:00, run_after=2026-09-06 00:00:00+00:00
[2026-09-06T05:30:54.667+0000] {processor.py:183} INFO - Processing /opt/airflow/dags/netflix_dag.py took 0.685 seconds
[2026-09-06T05:31:27.195+0000] {processor.py:161} INFO - Started process (PID=4053) to work on /opt/airflow/dags/netflix_dag.py
[2026-09-06T05:31:27.409+0000] {processor.py:830} INFO - Processing file /opt/airflow/dags/netflix_dag.py for tasks to queue
[2026-09-06T05:31:27.416+0000] {logging_mixin.py:188} INFO - [2026-09-06T05:31:27.415+0000] {dagbag.py:545} INFO - Filling up the DagBag from /opt/airflow/dags/netflix_dag.py
[2026-09-06T05:31:27.474+0000] {processor.py:840} INFO - DAG(s) 'netflix_etl_pipeline' retrieved from /opt/airflow/dags/netflix_dag.py
[2026-09-06T05:31:27.869+0000] {logging_mixin.py:188} INFO - [2026-09-06T05:31:27.868+0000] {dag.py:3089} INFO - Sync 1 DAGs
[2026-09-06T05:31:28.090+0000] {logging_mixin.py:188} INFO - [2026-09-06T05:31:28.090+0000] {dag.py:3947} INFO - Setting next_dagrun for netflix_etl_pipeline to 2026-09-05 00:00:00+00:00, run_after=2026-09-06 00:00:00+00:00
[2026-09-06T05:31:28.423+0000] {processor.py:183} INFO - Processing /opt/airflow/dags/netflix_dag.py took 1.256 seconds
[2026-09-06T05:32:00.034+0000] {processor.py:161} INFO - Started process (PID=4064) to work on /opt/airflow/dags/netflix_dag.py
[2026-09-06T05:32:00.084+0000] {processor.py:830} INFO - Processing file /opt/airflow/dags/netflix_dag.py for tasks to queue
[2026-09-06T05:32:00.146+0000] {logging_mixin.py:188} INFO - [2026-09-06T05:32:00.145+0000] {dagbag.py:545} INFO - Filling up the DagBag from /opt/airflow/dags/netflix_dag.py
[2026-09-06T05:32:00.490+0000] {processor.py:840} INFO - DAG(s) 'netflix_etl_pipeline' retrieved from /opt/airflow/dags/netflix_dag.py
[2026-09-06T05:32:00.725+0000] {logging_mixin.py:188} INFO - [2026-09-06T05:32:00.713+0000] {dag.py:3089} INFO - Sync 1 DAGs
[2026-09-06T05:32:00.927+0000] {logging_mixin.py:188} INFO - [2026-09-06T05:32:00.926+0000] {dag.py:3947} INFO - Setting next_dagrun for netflix_etl_pipeline to 2026-09-05 00:00:00+00:00, run_after=2026-09-06 00:00:00+00:00
[2026-09-06T05:32:01.166+0000] {processor.py:183} INFO - Processing /opt/airflow/dags/netflix_dag.py took 1.174 seconds
[2026-09-06T05:32:31.972+0000] {processor.py:161} INFO - Started process (PID=4075) to work on /opt/airflow/dags/netflix_dag.py
[2026-09-06T05:32:31.976+0000] {processor.py:830} INFO - Processing file /opt/airflow/dags/netflix_dag.py for tasks to queue
[2026-09-06T05:32:31.982+0000] {logging_mixin.py:188} INFO - [2026-09-06T05:32:31.981+0000] {dagbag.py:545} INFO - Filling up the DagBag from /opt/airflow/dags/netflix_dag.py
[2026-09-06T05:32:32.031+0000] {processor.py:840} INFO - DAG(s) 'netflix_etl_pipeline' retrieved from /opt/airflow/dags/netflix_dag.py
[2026-09-06T05:32:32.148+0000] {logging_mixin.py:188} INFO - [2026-09-06T05:32:32.147+0000] {dag.py:3089} INFO - Sync 1 DAGs
[2026-09-06T05:32:32.219+0000] {logging_mixin.py:188} INFO - [2026-09-06T05:32:32.218+0000] {dag.py:3947} INFO - Setting next_dagrun for netflix_etl_pipeline to 2026-09-05 00:00:00+00:00, run_after=2026-09-06 00:00:00+00:00
[2026-09-06T05:32:32.265+0000] {processor.py:183} INFO - Processing /opt/airflow/dags/netflix_dag.py took 0.311 seconds
[2026-09-06T05:33:03.627+0000] {processor.py:161} INFO - Started process (PID=4086) to work on /opt/airflow/dags/netflix_dag.py
[2026-09-06T05:33:03.632+0000] {processor.py:830} INFO - Processing file /opt/airflow/dags/netflix_dag.py for tasks to queue
[2026-09-06T05:33:03.643+0000] {logging_mixin.py:188} INFO - [2026-09-06T05:33:03.641+0000] {dagbag.py:545} INFO - Filling up the DagBag from /opt/airflow/dags/netflix_dag.py
[2026-09-06T05:33:03.698+0000] {processor.py:840} INFO - DAG(s) 'netflix_etl_pipeline' retrieved from /opt/airflow/dags/netflix_dag.py
[2026-09-06T05:33:07.669+0000] {logging_mixin.py:188} INFO - [2026-09-06T05:33:07.668+0000] {dag.py:3089} INFO - Sync 1 DAGs
[2026-09-06T05:33:07.937+0000] {logging_mixin.py:188} INFO - [2026-09-06T05:33:07.937+0000] {dag.py:3947} INFO - Setting next_dagrun for netflix_etl_pipeline to 2026-09-05 00:00:00+00:00, run_after=2026-09-06 00:00:00+00:00
[2026-09-06T05:33:08.241+0000] {processor.py:183} INFO - Processing /opt/airflow/dags/netflix_dag.py took 4.632 seconds
[2026-09-06T05:33:39.683+0000] {processor.py:161} INFO - Started process (PID=4103) to work on /opt/airflow/dags/netflix_dag.py
[2026-09-06T05:33:39.686+0000] {processor.py:830} INFO - Processing file /opt/airflow/dags/netflix_dag.py for tasks to queue
[2026-09-06T05:33:39.690+0000] {logging_mixin.py:188} INFO - [2026-09-06T05:33:39.689+0000] {dagbag.py:545} INFO - Filling up the DagBag from /opt/airflow/dags/netflix_dag.py
[2026-09-06T05:33:39.728+0000] {processor.py:840} INFO - DAG(s) 'netflix_etl_pipeline' retrieved from /opt/airflow/dags/netflix_dag.py
[2026-09-06T05:33:39.801+0000] {logging_mixin.py:188} INFO - [2026-09-06T05:33:39.801+0000] {dag.py:3089} INFO - Sync 1 DAGs
[2026-09-06T05:33:39.857+0000] {logging_mixin.py:188} INFO - [2026-09-06T05:33:39.856+0000] {dag.py:3947} INFO - Setting next_dagrun for netflix_etl_pipeline to 2026-09-05 00:00:00+00:00, run_after=2026-09-06 00:00:00+00:00
[2026-09-06T05:33:40.014+0000] {processor.py:183} INFO - Processing /opt/airflow/dags/netflix_dag.py took 0.343 seconds
[2026-09-06T05:34:10.609+0000] {processor.py:161} INFO - Started process (PID=4114) to work on /opt/airflow/dags/netflix_dag.py
[2026-09-06T05:34:10.640+0000] {processor.py:830} INFO - Processing file /opt/airflow/dags/netflix_dag.py for tasks to queue
[2026-09-06T05:34:10.648+0000] {logging_mixin.py:188} INFO - [2026-09-06T05:34:10.646+0000] {dagbag.py:545} INFO - Filling up the DagBag from /opt/airflow/dags/netflix_dag.py
[2026-09-06T05:34:10.717+0000] {processor.py:840} INFO - DAG(s) 'netflix_etl_pipeline' retrieved from /opt/airflow/dags/netflix_dag.py
[2026-09-06T05:34:10.877+0000] {logging_mixin.py:188} INFO - [2026-09-06T05:34:10.876+0000] {dag.py:3089} INFO - Sync 1 DAGs
[2026-09-06T05:34:11.059+0000] {logging_mixin.py:188} INFO - [2026-09-06T05:34:11.059+0000] {dag.py:3947} INFO - Setting next_dagrun for netflix_etl_pipeline to 2026-09-05 00:00:00+00:00, run_after=2026-09-06 00:00:00+00:00
[2026-09-06T05:34:11.285+0000] {processor.py:183} INFO - Processing /opt/airflow/dags/netflix_dag.py took 0.697 seconds
[2026-09-06T05:34:42.391+0000] {processor.py:161} INFO - Started process (PID=4125) to work on /opt/airflow/dags/netflix_dag.py
[2026-09-06T05:34:42.414+0000] {processor.py:830} INFO - Processing file /opt/airflow/dags/netflix_dag.py for tasks to queue
[2026-09-06T05:34:42.440+0000] {logging_mixin.py:188} INFO - [2026-09-06T05:34:42.439+0000] {dagbag.py:545} INFO - Filling up the DagBag from /opt/airflow/dags/netflix_dag.py
[2026-09-06T05:34:43.048+0000] {processor.py:840} INFO - DAG(s) 'netflix_etl_pipeline' retrieved from /opt/airflow/dags/netflix_dag.py
[2026-09-06T05:34:43.309+0000] {logging_mixin.py:188} INFO - [2026-09-06T05:34:43.298+0000] {dag.py:3089} INFO - Sync 1 DAGs
[2026-09-06T05:34:43.548+0000] {logging_mixin.py:188} INFO - [2026-09-06T05:34:43.547+0000] {dag.py:3947} INFO - Setting next_dagrun for netflix_etl_pipeline to 2026-09-05 00:00:00+00:00, run_after=2026-09-06 00:00:00+00:00
[2026-09-06T05:34:43.774+0000] {processor.py:183} INFO - Processing /opt/airflow/dags/netflix_dag.py took 1.422 seconds
[2026-09-06T05:35:14.414+0000] {processor.py:161} INFO - Started process (PID=4137) to work on /opt/airflow/dags/netflix_dag.py
[2026-09-06T05:35:14.417+0000] {processor.py:830} INFO - Processing file /opt/airflow/dags/netflix_dag.py for tasks to queue
[2026-09-06T05:35:14.423+0000] {logging_mixin.py:188} INFO - [2026-09-06T05:35:14.422+0000] {dagbag.py:545} INFO - Filling up the DagBag from /opt/airflow/dags/netflix_dag.py
[2026-09-06T05:35:14.508+0000] {processor.py:840} INFO - DAG(s) 'netflix_etl_pipeline' retrieved from /opt/airflow/dags/netflix_dag.py
[2026-09-06T05:35:14.585+0000] {logging_mixin.py:188} INFO - [2026-09-06T05:35:14.584+0000] {dag.py:3089} INFO - Sync 1 DAGs
[2026-09-06T05:35:14.636+0000] {logging_mixin.py:188} INFO - [2026-09-06T05:35:14.636+0000] {dag.py:3947} INFO - Setting next_dagrun for netflix_etl_pipeline to 2026-09-05 00:00:00+00:00, run_after=2026-09-06 00:00:00+00:00
[2026-09-06T05:35:14.679+0000] {processor.py:183} INFO - Processing /opt/airflow/dags/netflix_dag.py took 0.281 seconds
[2026-09-06T05:35:46.176+0000] {processor.py:161} INFO - Started process (PID=4148) to work on /opt/airflow/dags/netflix_dag.py
[2026-09-06T05:35:46.262+0000] {processor.py:830} INFO - Processing file /opt/airflow/dags/netflix_dag.py for tasks to queue
[2026-09-06T05:35:46.303+0000] {logging_mixin.py:188} INFO - [2026-09-06T05:35:46.302+0000] {dagbag.py:545} INFO - Filling up the DagBag from /opt/airflow/dags/netflix_dag.py
[2026-09-06T05:35:47.373+0000] {processor.py:840} INFO - DAG(s) 'netflix_etl_pipeline' retrieved from /opt/airflow/dags/netflix_dag.py
[2026-09-06T05:35:47.621+0000] {logging_mixin.py:188} INFO - [2026-09-06T05:35:47.621+0000] {dag.py:3089} INFO - Sync 1 DAGs
[2026-09-06T05:35:47.800+0000] {logging_mixin.py:188} INFO - [2026-09-06T05:35:47.799+0000] {dag.py:3947} INFO - Setting next_dagrun for netflix_etl_pipeline to 2026-09-05 00:00:00+00:00, run_after=2026-09-06 00:00:00+00:00
[2026-09-06T05:35:48.058+0000] {processor.py:183} INFO - Processing /opt/airflow/dags/netflix_dag.py took 1.933 seconds
[2026-09-06T05:36:18.859+0000] {processor.py:161} INFO - Started process (PID=4159) to work on /opt/airflow/dags/netflix_dag.py
[2026-09-06T05:36:18.869+0000] {processor.py:830} INFO - Processing file /opt/airflow/dags/netflix_dag.py for tasks to queue
[2026-09-06T05:36:18.878+0000] {logging_mixin.py:188} INFO - [2026-09-06T05:36:18.876+0000] {dagbag.py:545} INFO - Filling up the DagBag from /opt/airflow/dags/netflix_dag.py
[2026-09-06T05:36:18.975+0000] {processor.py:840} INFO - DAG(s) 'netflix_etl_pipeline' retrieved from /opt/airflow/dags/netflix_dag.py
[2026-09-06T05:36:19.067+0000] {logging_mixin.py:188} INFO - [2026-09-06T05:36:19.067+0000] {dag.py:3089} INFO - Sync 1 DAGs
[2026-09-06T05:36:19.196+0000] {logging_mixin.py:188} INFO - [2026-09-06T05:36:19.196+0000] {dag.py:3947} INFO - Setting next_dagrun for netflix_etl_pipeline to 2026-09-05 00:00:00+00:00, run_after=2026-09-06 00:00:00+00:00
[2026-09-06T05:36:19.442+0000] {processor.py:183} INFO - Processing /opt/airflow/dags/netflix_dag.py took 0.603 seconds
[2026-09-06T05:36:50.470+0000] {processor.py:161} INFO - Started process (PID=4170) to work on /opt/airflow/dags/netflix_dag.py
[2026-09-06T05:36:50.474+0000] {processor.py:830} INFO - Processing file /opt/airflow/dags/netflix_dag.py for tasks to queue
[2026-09-06T05:36:50.481+0000] {logging_mixin.py:188} INFO - [2026-09-06T05:36:50.480+0000] {dagbag.py:545} INFO - Filling up the DagBag from /opt/airflow/dags/netflix_dag.py
[2026-09-06T05:36:50.524+0000] {processor.py:840} INFO - DAG(s) 'netflix_etl_pipeline' retrieved from /opt/airflow/dags/netflix_dag.py
[2026-09-06T05:36:50.830+0000] {logging_mixin.py:188} INFO - [2026-09-06T05:36:50.829+0000] {dag.py:3089} INFO - Sync 1 DAGs
[2026-09-06T05:36:51.103+0000] {logging_mixin.py:188} INFO - [2026-09-06T05:36:51.103+0000] {dag.py:3947} INFO - Setting next_dagrun for netflix_etl_pipeline to 2026-09-05 00:00:00+00:00, run_after=2026-09-06 00:00:00+00:00
[2026-09-06T05:36:51.339+0000] {processor.py:183} INFO - Processing /opt/airflow/dags/netflix_dag.py took 0.889 seconds
[2026-09-06T05:37:22.074+0000] {processor.py:161} INFO - Started process (PID=4181) to work on /opt/airflow/dags/netflix_dag.py
[2026-09-06T05:37:22.078+0000] {processor.py:830} INFO - Processing file /opt/airflow/dags/netflix_dag.py for tasks to queue
[2026-09-06T05:37:22.084+0000] {logging_mixin.py:188} INFO - [2026-09-06T05:37:22.083+0000] {dagbag.py:545} INFO - Filling up the DagBag from /opt/airflow/dags/netflix_dag.py
[2026-09-06T05:37:22.133+0000] {processor.py:840} INFO - DAG(s) 'netflix_etl_pipeline' retrieved from /opt/airflow/dags/netflix_dag.py
[2026-09-06T05:37:22.319+0000] {logging_mixin.py:188} INFO - [2026-09-06T05:37:22.318+0000] {dag.py:3089} INFO - Sync 1 DAGs
[2026-09-06T05:37:22.518+0000] {logging_mixin.py:188} INFO - [2026-09-06T05:37:22.517+0000] {dag.py:3947} INFO - Setting next_dagrun for netflix_etl_pipeline to 2026-09-05 00:00:00+00:00, run_after=2026-09-06 00:00:00+00:00
[2026-09-06T05:37:22.742+0000] {processor.py:183} INFO - Processing /opt/airflow/dags/netflix_dag.py took 0.690 seconds
[2026-09-06T05:37:53.718+0000] {processor.py:161} INFO - Started process (PID=4192) to work on /opt/airflow/dags/netflix_dag.py
[2026-09-06T05:37:53.746+0000] {processor.py:830} INFO - Processing file /opt/airflow/dags/netflix_dag.py for tasks to queue
[2026-09-06T05:37:53.771+0000] {logging_mixin.py:188} INFO - [2026-09-06T05:37:53.770+0000] {dagbag.py:545} INFO - Filling up the DagBag from /opt/airflow/dags/netflix_dag.py
[2026-09-06T05:37:54.368+0000] {processor.py:840} INFO - DAG(s) 'netflix_etl_pipeline' retrieved from /opt/airflow/dags/netflix_dag.py
[2026-09-06T05:37:54.661+0000] {logging_mixin.py:188} INFO - [2026-09-06T05:37:54.661+0000] {dag.py:3089} INFO - Sync 1 DAGs
[2026-09-06T05:37:54.803+0000] {logging_mixin.py:188} INFO - [2026-09-06T05:37:54.802+0000] {dag.py:3947} INFO - Setting next_dagrun for netflix_etl_pipeline to 2026-09-05 00:00:00+00:00, run_after=2026-09-06 00:00:00+00:00
[2026-09-06T05:37:54.871+0000] {processor.py:183} INFO - Processing /opt/airflow/dags/netflix_dag.py took 1.190 seconds
[2026-09-06T05:38:25.819+0000] {processor.py:161} INFO - Started process (PID=4203) to work on /opt/airflow/dags/netflix_dag.py
[2026-09-06T05:38:25.838+0000] {processor.py:830} INFO - Processing file /opt/airflow/dags/netflix_dag.py for tasks to queue
[2026-09-06T05:38:25.876+0000] {logging_mixin.py:188} INFO - [2026-09-06T05:38:25.875+0000] {dagbag.py:545} INFO - Filling up the DagBag from /opt/airflow/dags/netflix_dag.py
[2026-09-06T05:38:26.582+0000] {processor.py:840} INFO - DAG(s) 'netflix_etl_pipeline' retrieved from /opt/airflow/dags/netflix_dag.py
[2026-09-06T05:38:26.936+0000] {logging_mixin.py:188} INFO - [2026-09-06T05:38:26.935+0000] {dag.py:3089} INFO - Sync 1 DAGs
[2026-09-06T05:38:27.244+0000] {logging_mixin.py:188} INFO - [2026-09-06T05:38:27.243+0000] {dag.py:3947} INFO - Setting next_dagrun for netflix_etl_pipeline to 2026-09-05 00:00:00+00:00, run_after=2026-09-06 00:00:00+00:00
[2026-09-06T05:38:27.442+0000] {processor.py:183} INFO - Processing /opt/airflow/dags/netflix_dag.py took 1.641 seconds
[2026-09-06T05:38:58.408+0000] {processor.py:161} INFO - Started process (PID=4214) to work on /opt/airflow/dags/netflix_dag.py
[2026-09-06T05:38:58.411+0000] {processor.py:830} INFO - Processing file /opt/airflow/dags/netflix_dag.py for tasks to queue
[2026-09-06T05:38:58.416+0000] {logging_mixin.py:188} INFO - [2026-09-06T05:38:58.416+0000] {dagbag.py:545} INFO - Filling up the DagBag from /opt/airflow/dags/netflix_dag.py
[2026-09-06T05:38:58.465+0000] {processor.py:840} INFO - DAG(s) 'netflix_etl_pipeline' retrieved from /opt/airflow/dags/netflix_dag.py
[2026-09-06T05:38:58.550+0000] {logging_mixin.py:188} INFO - [2026-09-06T05:38:58.550+0000] {dag.py:3089} INFO - Sync 1 DAGs
[2026-09-06T05:38:58.599+0000] {logging_mixin.py:188} INFO - [2026-09-06T05:38:58.598+0000] {dag.py:3947} INFO - Setting next_dagrun for netflix_etl_pipeline to 2026-09-05 00:00:00+00:00, run_after=2026-09-06 00:00:00+00:00
[2026-09-06T05:38:58.640+0000] {processor.py:183} INFO - Processing /opt/airflow/dags/netflix_dag.py took 0.245 seconds
[2026-09-06T05:39:30.219+0000] {processor.py:161} INFO - Started process (PID=4225) to work on /opt/airflow/dags/netflix_dag.py
[2026-09-06T05:39:30.254+0000] {processor.py:830} INFO - Processing file /opt/airflow/dags/netflix_dag.py for tasks to queue
[2026-09-06T05:39:30.317+0000] {logging_mixin.py:188} INFO - [2026-09-06T05:39:30.316+0000] {dagbag.py:545} INFO - Filling up the DagBag from /opt/airflow/dags/netflix_dag.py
[2026-09-06T05:39:31.412+0000] {processor.py:840} INFO - DAG(s) 'netflix_etl_pipeline' retrieved from /opt/airflow/dags/netflix_dag.py
[2026-09-06T05:39:31.567+0000] {logging_mixin.py:188} INFO - [2026-09-06T05:39:31.567+0000] {dag.py:3089} INFO - Sync 1 DAGs
[2026-09-06T05:39:31.628+0000] {logging_mixin.py:188} INFO - [2026-09-06T05:39:31.627+0000] {dag.py:3947} INFO - Setting next_dagrun for netflix_etl_pipeline to 2026-09-05 00:00:00+00:00, run_after=2026-09-06 00:00:00+00:00
[2026-09-06T05:39:31.670+0000] {processor.py:183} INFO - Processing /opt/airflow/dags/netflix_dag.py took 1.489 seconds
[2026-09-06T05:40:02.438+0000] {processor.py:161} INFO - Started process (PID=4236) to work on /opt/airflow/dags/netflix_dag.py
[2026-09-06T05:40:02.441+0000] {processor.py:830} INFO - Processing file /opt/airflow/dags/netflix_dag.py for tasks to queue
[2026-09-06T05:40:02.456+0000] {logging_mixin.py:188} INFO - [2026-09-06T05:40:02.455+0000] {dagbag.py:545} INFO - Filling up the DagBag from /opt/airflow/dags/netflix_dag.py
[2026-09-06T05:40:02.551+0000] {processor.py:840} INFO - DAG(s) 'netflix_etl_pipeline' retrieved from /opt/airflow/dags/netflix_dag.py
[2026-09-06T05:40:02.814+0000] {logging_mixin.py:188} INFO - [2026-09-06T05:40:02.813+0000] {dag.py:3089} INFO - Sync 1 DAGs
[2026-09-06T05:40:03.045+0000] {logging_mixin.py:188} INFO - [2026-09-06T05:40:03.044+0000] {dag.py:3947} INFO - Setting next_dagrun for netflix_etl_pipeline to 2026-09-05 00:00:00+00:00, run_after=2026-09-06 00:00:00+00:00
[2026-09-06T05:40:03.241+0000] {processor.py:183} INFO - Processing /opt/airflow/dags/netflix_dag.py took 0.851 seconds
[2026-09-06T05:40:34.418+0000] {processor.py:161} INFO - Started process (PID=4247) to work on /opt/airflow/dags/netflix_dag.py
[2026-09-06T05:40:34.456+0000] {processor.py:830} INFO - Processing file /opt/airflow/dags/netflix_dag.py for tasks to queue
[2026-09-06T05:40:34.473+0000] {logging_mixin.py:188} INFO - [2026-09-06T05:40:34.472+0000] {dagbag.py:545} INFO - Filling up the DagBag from /opt/airflow/dags/netflix_dag.py
[2026-09-06T05:40:35.089+0000] {processor.py:840} INFO - DAG(s) 'netflix_etl_pipeline' retrieved from /opt/airflow/dags/netflix_dag.py
[2026-09-06T05:40:35.356+0000] {logging_mixin.py:188} INFO - [2026-09-06T05:40:35.355+0000] {dag.py:3089} INFO - Sync 1 DAGs
[2026-09-06T05:40:35.542+0000] {logging_mixin.py:188} INFO - [2026-09-06T05:40:35.542+0000] {dag.py:3947} INFO - Setting next_dagrun for netflix_etl_pipeline to 2026-09-05 00:00:00+00:00, run_after=2026-09-06 00:00:00+00:00
[2026-09-06T05:40:35.716+0000] {processor.py:183} INFO - Processing /opt/airflow/dags/netflix_dag.py took 1.323 seconds
[2026-09-06T05:41:07.236+0000] {processor.py:161} INFO - Started process (PID=4258) to work on /opt/airflow/dags/netflix_dag.py
[2026-09-06T05:41:07.247+0000] {processor.py:830} INFO - Processing file /opt/airflow/dags/netflix_dag.py for tasks to queue
[2026-09-06T05:41:07.264+0000] {logging_mixin.py:188} INFO - [2026-09-06T05:41:07.263+0000] {dagbag.py:545} INFO - Filling up the DagBag from /opt/airflow/dags/netflix_dag.py
[2026-09-06T05:41:07.363+0000] {processor.py:840} INFO - DAG(s) 'netflix_etl_pipeline' retrieved from /opt/airflow/dags/netflix_dag.py
[2026-09-06T05:41:07.592+0000] {logging_mixin.py:188} INFO - [2026-09-06T05:41:07.581+0000] {dag.py:3089} INFO - Sync 1 DAGs
[2026-09-06T05:41:07.817+0000] {logging_mixin.py:188} INFO - [2026-09-06T05:41:07.816+0000] {dag.py:3947} INFO - Setting next_dagrun for netflix_etl_pipeline to 2026-09-05 00:00:00+00:00, run_after=2026-09-06 00:00:00+00:00
[2026-09-06T05:41:08.014+0000] {processor.py:183} INFO - Processing /opt/airflow/dags/netflix_dag.py took 0.832 seconds
[2026-09-06T05:41:38.360+0000] {processor.py:161} INFO - Started process (PID=4269) to work on /opt/airflow/dags/netflix_dag.py
[2026-09-06T05:41:38.363+0000] {processor.py:830} INFO - Processing file /opt/airflow/dags/netflix_dag.py for tasks to queue
[2026-09-06T05:41:38.369+0000] {logging_mixin.py:188} INFO - [2026-09-06T05:41:38.368+0000] {dagbag.py:545} INFO - Filling up the DagBag from /opt/airflow/dags/netflix_dag.py
[2026-09-06T05:41:38.444+0000] {processor.py:840} INFO - DAG(s) 'netflix_etl_pipeline' retrieved from /opt/airflow/dags/netflix_dag.py
[2026-09-06T05:41:38.586+0000] {logging_mixin.py:188} INFO - [2026-09-06T05:41:38.585+0000] {dag.py:3089} INFO - Sync 1 DAGs
[2026-09-06T05:41:38.672+0000] {logging_mixin.py:188} INFO - [2026-09-06T05:41:38.671+0000] {dag.py:3947} INFO - Setting next_dagrun for netflix_etl_pipeline to 2026-09-05 00:00:00+00:00, run_after=2026-09-06 00:00:00+00:00
[2026-09-06T05:41:38.751+0000] {processor.py:183} INFO - Processing /opt/airflow/dags/netflix_dag.py took 0.428 seconds
[2026-09-06T05:42:09.699+0000] {processor.py:161} INFO - Started process (PID=4280) to work on /opt/airflow/dags/netflix_dag.py
[2026-09-06T05:42:09.727+0000] {processor.py:830} INFO - Processing file /opt/airflow/dags/netflix_dag.py for tasks to queue
[2026-09-06T05:42:09.754+0000] {logging_mixin.py:188} INFO - [2026-09-06T05:42:09.753+0000] {dagbag.py:545} INFO - Filling up the DagBag from /opt/airflow/dags/netflix_dag.py
[2026-09-06T05:42:10.411+0000] {processor.py:840} INFO - DAG(s) 'netflix_etl_pipeline' retrieved from /opt/airflow/dags/netflix_dag.py
[2026-09-06T05:42:10.658+0000] {logging_mixin.py:188} INFO - [2026-09-06T05:42:10.646+0000] {dag.py:3089} INFO - Sync 1 DAGs
[2026-09-06T05:42:10.844+0000] {logging_mixin.py:188} INFO - [2026-09-06T05:42:10.843+0000] {dag.py:3947} INFO - Setting next_dagrun for netflix_etl_pipeline to 2026-09-05 00:00:00+00:00, run_after=2026-09-06 00:00:00+00:00
[2026-09-06T05:42:11.008+0000] {processor.py:183} INFO - Processing /opt/airflow/dags/netflix_dag.py took 1.338 seconds
[2026-09-06T05:42:41.466+0000] {processor.py:161} INFO - Started process (PID=4291) to work on /opt/airflow/dags/netflix_dag.py
[2026-09-06T05:42:41.480+0000] {processor.py:830} INFO - Processing file /opt/airflow/dags/netflix_dag.py for tasks to queue
[2026-09-06T05:42:41.525+0000] {logging_mixin.py:188} INFO - [2026-09-06T05:42:41.524+0000] {dagbag.py:545} INFO - Filling up the DagBag from /opt/airflow/dags/netflix_dag.py
[2026-09-06T05:42:41.986+0000] {processor.py:840} INFO - DAG(s) 'netflix_etl_pipeline' retrieved from /opt/airflow/dags/netflix_dag.py
[2026-09-06T05:42:42.070+0000] {logging_mixin.py:188} INFO - [2026-09-06T05:42:42.070+0000] {dag.py:3089} INFO - Sync 1 DAGs
[2026-09-06T05:42:42.157+0000] {logging_mixin.py:188} INFO - [2026-09-06T05:42:42.157+0000] {dag.py:3947} INFO - Setting next_dagrun for netflix_etl_pipeline to 2026-09-05 00:00:00+00:00, run_after=2026-09-06 00:00:00+00:00
[2026-09-06T05:42:42.347+0000] {processor.py:183} INFO - Processing /opt/airflow/dags/netflix_dag.py took 0.917 seconds
[2026-09-06T05:43:13.107+0000] {processor.py:161} INFO - Started process (PID=4302) to work on /opt/airflow/dags/netflix_dag.py
[2026-09-06T05:43:13.111+0000] {processor.py:830} INFO - Processing file /opt/airflow/dags/netflix_dag.py for tasks to queue
[2026-09-06T05:43:13.116+0000] {logging_mixin.py:188} INFO - [2026-09-06T05:43:13.115+0000] {dagbag.py:545} INFO - Filling up the DagBag from /opt/airflow/dags/netflix_dag.py
[2026-09-06T05:43:13.157+0000] {processor.py:840} INFO - DAG(s) 'netflix_etl_pipeline' retrieved from /opt/airflow/dags/netflix_dag.py
[2026-09-06T05:43:13.326+0000] {logging_mixin.py:188} INFO - [2026-09-06T05:43:13.326+0000] {dag.py:3089} INFO - Sync 1 DAGs
[2026-09-06T05:43:13.517+0000] {logging_mixin.py:188} INFO - [2026-09-06T05:43:13.516+0000] {dag.py:3947} INFO - Setting next_dagrun for netflix_etl_pipeline to 2026-09-05 00:00:00+00:00, run_after=2026-09-06 00:00:00+00:00
[2026-09-06T05:43:13.683+0000] {processor.py:183} INFO - Processing /opt/airflow/dags/netflix_dag.py took 0.595 seconds
[2026-09-06T05:43:44.726+0000] {processor.py:161} INFO - Started process (PID=4313) to work on /opt/airflow/dags/netflix_dag.py
[2026-09-06T05:43:44.770+0000] {processor.py:830} INFO - Processing file /opt/airflow/dags/netflix_dag.py for tasks to queue
[2026-09-06T05:43:44.807+0000] {logging_mixin.py:188} INFO - [2026-09-06T05:43:44.806+0000] {dagbag.py:545} INFO - Filling up the DagBag from /opt/airflow/dags/netflix_dag.py
[2026-09-06T05:43:45.331+0000] {processor.py:840} INFO - DAG(s) 'netflix_etl_pipeline' retrieved from /opt/airflow/dags/netflix_dag.py
[2026-09-06T05:43:45.654+0000] {logging_mixin.py:188} INFO - [2026-09-06T05:43:45.654+0000] {dag.py:3089} INFO - Sync 1 DAGs
[2026-09-06T05:43:45.859+0000] {logging_mixin.py:188} INFO - [2026-09-06T05:43:45.859+0000] {dag.py:3947} INFO - Setting next_dagrun for netflix_etl_pipeline to 2026-09-05 00:00:00+00:00, run_after=2026-09-06 00:00:00+00:00
[2026-09-06T05:43:46.064+0000] {processor.py:183} INFO - Processing /opt/airflow/dags/netflix_dag.py took 1.391 seconds
[2026-09-06T05:44:17.127+0000] {processor.py:161} INFO - Started process (PID=4330) to work on /opt/airflow/dags/netflix_dag.py
[2026-09-06T05:44:17.130+0000] {processor.py:830} INFO - Processing file /opt/airflow/dags/netflix_dag.py for tasks to queue
[2026-09-06T05:44:17.139+0000] {logging_mixin.py:188} INFO - [2026-09-06T05:44:17.138+0000] {dagbag.py:545} INFO - Filling up the DagBag from /opt/airflow/dags/netflix_dag.py
[2026-09-06T05:44:17.186+0000] {processor.py:840} INFO - DAG(s) 'netflix_etl_pipeline' retrieved from /opt/airflow/dags/netflix_dag.py
[2026-09-06T05:44:17.324+0000] {logging_mixin.py:188} INFO - [2026-09-06T05:44:17.323+0000] {dag.py:3089} INFO - Sync 1 DAGs
[2026-09-06T05:44:17.553+0000] {logging_mixin.py:188} INFO - [2026-09-06T05:44:17.544+0000] {dag.py:3947} INFO - Setting next_dagrun for netflix_etl_pipeline to 2026-09-05 00:00:00+00:00, run_after=2026-09-06 00:00:00+00:00
[2026-09-06T05:44:17.722+0000] {processor.py:183} INFO - Processing /opt/airflow/dags/netflix_dag.py took 0.615 seconds
[2026-09-06T05:44:47.935+0000] {processor.py:161} INFO - Started process (PID=4341) to work on /opt/airflow/dags/netflix_dag.py
[2026-09-06T05:44:47.938+0000] {processor.py:830} INFO - Processing file /opt/airflow/dags/netflix_dag.py for tasks to queue
[2026-09-06T05:44:47.945+0000] {logging_mixin.py:188} INFO - [2026-09-06T05:44:47.945+0000] {dagbag.py:545} INFO - Filling up the DagBag from /opt/airflow/dags/netflix_dag.py
[2026-09-06T05:44:47.998+0000] {processor.py:840} INFO - DAG(s) 'netflix_etl_pipeline' retrieved from /opt/airflow/dags/netflix_dag.py
[2026-09-06T05:44:48.081+0000] {logging_mixin.py:188} INFO - [2026-09-06T05:44:48.081+0000] {dag.py:3089} INFO - Sync 1 DAGs
[2026-09-06T05:44:48.132+0000] {logging_mixin.py:188} INFO - [2026-09-06T05:44:48.131+0000] {dag.py:3947} INFO - Setting next_dagrun for netflix_etl_pipeline to 2026-09-05 00:00:00+00:00, run_after=2026-09-06 00:00:00+00:00
[2026-09-06T05:44:48.175+0000] {processor.py:183} INFO - Processing /opt/airflow/dags/netflix_dag.py took 0.255 seconds
[2026-09-06T05:45:20.057+0000] {processor.py:161} INFO - Started process (PID=4353) to work on /opt/airflow/dags/netflix_dag.py
[2026-09-06T05:45:20.062+0000] {processor.py:830} INFO - Processing file /opt/airflow/dags/netflix_dag.py for tasks to queue
[2026-09-06T05:45:20.076+0000] {logging_mixin.py:188} INFO - [2026-09-06T05:45:20.072+0000] {dagbag.py:545} INFO - Filling up the DagBag from /opt/airflow/dags/netflix_dag.py
[2026-09-06T05:45:20.125+0000] {processor.py:840} INFO - DAG(s) 'netflix_etl_pipeline' retrieved from /opt/airflow/dags/netflix_dag.py
[2026-09-06T05:45:20.222+0000] {logging_mixin.py:188} INFO - [2026-09-06T05:45:20.222+0000] {dag.py:3089} INFO - Sync 1 DAGs
[2026-09-06T05:45:20.424+0000] {logging_mixin.py:188} INFO - [2026-09-06T05:45:20.413+0000] {dag.py:3947} INFO - Setting next_dagrun for netflix_etl_pipeline to 2026-09-05 00:00:00+00:00, run_after=2026-09-06 00:00:00+00:00
[2026-09-06T05:45:20.658+0000] {processor.py:183} INFO - Processing /opt/airflow/dags/netflix_dag.py took 0.625 seconds
[2026-09-06T05:45:51.826+0000] {processor.py:161} INFO - Started process (PID=4364) to work on /opt/airflow/dags/netflix_dag.py
[2026-09-06T05:45:51.859+0000] {processor.py:830} INFO - Processing file /opt/airflow/dags/netflix_dag.py for tasks to queue
[2026-09-06T05:45:51.895+0000] {logging_mixin.py:188} INFO - [2026-09-06T05:45:51.894+0000] {dagbag.py:545} INFO - Filling up the DagBag from /opt/airflow/dags/netflix_dag.py
[2026-09-06T05:45:52.031+0000] {processor.py:840} INFO - DAG(s) 'netflix_etl_pipeline' retrieved from /opt/airflow/dags/netflix_dag.py
[2026-09-06T05:45:52.110+0000] {logging_mixin.py:188} INFO - [2026-09-06T05:45:52.109+0000] {dag.py:3089} INFO - Sync 1 DAGs
[2026-09-06T05:45:52.190+0000] {logging_mixin.py:188} INFO - [2026-09-06T05:45:52.190+0000] {dag.py:3947} INFO - Setting next_dagrun for netflix_etl_pipeline to 2026-09-05 00:00:00+00:00, run_after=2026-09-06 00:00:00+00:00
[2026-09-06T05:45:52.388+0000] {processor.py:183} INFO - Processing /opt/airflow/dags/netflix_dag.py took 0.600 seconds
[2026-09-06T05:46:23.946+0000] {processor.py:161} INFO - Started process (PID=4375) to work on /opt/airflow/dags/netflix_dag.py
[2026-09-06T05:46:23.993+0000] {processor.py:830} INFO - Processing file /opt/airflow/dags/netflix_dag.py for tasks to queue
[2026-09-06T05:46:24.049+0000] {logging_mixin.py:188} INFO - [2026-09-06T05:46:24.048+0000] {dagbag.py:545} INFO - Filling up the DagBag from /opt/airflow/dags/netflix_dag.py
[2026-09-06T05:46:24.663+0000] {processor.py:840} INFO - DAG(s) 'netflix_etl_pipeline' retrieved from /opt/airflow/dags/netflix_dag.py
[2026-09-06T05:46:24.734+0000] {logging_mixin.py:188} INFO - [2026-09-06T05:46:24.733+0000] {dag.py:3089} INFO - Sync 1 DAGs
[2026-09-06T05:46:24.787+0000] {logging_mixin.py:188} INFO - [2026-09-06T05:46:24.786+0000] {dag.py:3947} INFO - Setting next_dagrun for netflix_etl_pipeline to 2026-09-05 00:00:00+00:00, run_after=2026-09-06 00:00:00+00:00
[2026-09-06T05:46:24.829+0000] {processor.py:183} INFO - Processing /opt/airflow/dags/netflix_dag.py took 0.921 seconds
[2026-09-06T05:46:56.086+0000] {processor.py:161} INFO - Started process (PID=4386) to work on /opt/airflow/dags/netflix_dag.py
[2026-09-06T05:46:56.134+0000] {processor.py:830} INFO - Processing file /opt/airflow/dags/netflix_dag.py for tasks to queue
[2026-09-06T05:46:56.173+0000] {logging_mixin.py:188} INFO - [2026-09-06T05:46:56.172+0000] {dagbag.py:545} INFO - Filling up the DagBag from /opt/airflow/dags/netflix_dag.py
[2026-09-06T05:46:56.370+0000] {processor.py:840} INFO - DAG(s) 'netflix_etl_pipeline' retrieved from /opt/airflow/dags/netflix_dag.py
[2026-09-06T05:46:56.469+0000] {logging_mixin.py:188} INFO - [2026-09-06T05:46:56.469+0000] {dag.py:3089} INFO - Sync 1 DAGs
[2026-09-06T05:46:56.530+0000] {logging_mixin.py:188} INFO - [2026-09-06T05:46:56.530+0000] {dag.py:3947} INFO - Setting next_dagrun for netflix_etl_pipeline to 2026-09-05 00:00:00+00:00, run_after=2026-09-06 00:00:00+00:00
[2026-09-06T05:46:56.576+0000] {processor.py:183} INFO - Processing /opt/airflow/dags/netflix_dag.py took 0.528 seconds
[2026-09-06T05:47:27.241+0000] {processor.py:161} INFO - Started process (PID=4397) to work on /opt/airflow/dags/netflix_dag.py
[2026-09-06T05:47:27.244+0000] {processor.py:830} INFO - Processing file /opt/airflow/dags/netflix_dag.py for tasks to queue
[2026-09-06T05:47:27.250+0000] {logging_mixin.py:188} INFO - [2026-09-06T05:47:27.249+0000] {dagbag.py:545} INFO - Filling up the DagBag from /opt/airflow/dags/netflix_dag.py
[2026-09-06T05:47:27.301+0000] {processor.py:840} INFO - DAG(s) 'netflix_etl_pipeline' retrieved from /opt/airflow/dags/netflix_dag.py
[2026-09-06T05:47:27.697+0000] {logging_mixin.py:188} INFO - [2026-09-06T05:47:27.697+0000] {dag.py:3089} INFO - Sync 1 DAGs
[2026-09-06T05:47:27.863+0000] {logging_mixin.py:188} INFO - [2026-09-06T05:47:27.862+0000] {dag.py:3947} INFO - Setting next_dagrun for netflix_etl_pipeline to 2026-09-05 00:00:00+00:00, run_after=2026-09-06 00:00:00+00:00
[2026-09-06T05:47:28.003+0000] {processor.py:183} INFO - Processing /opt/airflow/dags/netflix_dag.py took 0.787 seconds
[2026-09-06T05:47:59.126+0000] {processor.py:161} INFO - Started process (PID=4408) to work on /opt/airflow/dags/netflix_dag.py
[2026-09-06T05:47:59.156+0000] {processor.py:830} INFO - Processing file /opt/airflow/dags/netflix_dag.py for tasks to queue
[2026-09-06T05:47:59.187+0000] {logging_mixin.py:188} INFO - [2026-09-06T05:47:59.186+0000] {dagbag.py:545} INFO - Filling up the DagBag from /opt/airflow/dags/netflix_dag.py
[2026-09-06T05:48:00.478+0000] {processor.py:840} INFO - DAG(s) 'netflix_etl_pipeline' retrieved from /opt/airflow/dags/netflix_dag.py
[2026-09-06T05:48:00.786+0000] {logging_mixin.py:188} INFO - [2026-09-06T05:48:00.785+0000] {dag.py:3089} INFO - Sync 1 DAGs
[2026-09-06T05:48:00.987+0000] {logging_mixin.py:188} INFO - [2026-09-06T05:48:00.986+0000] {dag.py:3947} INFO - Setting next_dagrun for netflix_etl_pipeline to 2026-09-05 00:00:00+00:00, run_after=2026-09-06 00:00:00+00:00
[2026-09-06T05:48:01.200+0000] {processor.py:183} INFO - Processing /opt/airflow/dags/netflix_dag.py took 2.113 seconds
[2026-09-06T05:48:32.456+0000] {processor.py:161} INFO - Started process (PID=4419) to work on /opt/airflow/dags/netflix_dag.py
[2026-09-06T05:48:32.494+0000] {processor.py:830} INFO - Processing file /opt/airflow/dags/netflix_dag.py for tasks to queue
[2026-09-06T05:48:32.529+0000] {logging_mixin.py:188} INFO - [2026-09-06T05:48:32.528+0000] {dagbag.py:545} INFO - Filling up the DagBag from /opt/airflow/dags/netflix_dag.py
[2026-09-06T05:48:33.175+0000] {processor.py:840} INFO - DAG(s) 'netflix_etl_pipeline' retrieved from /opt/airflow/dags/netflix_dag.py
[2026-09-06T05:48:33.413+0000] {logging_mixin.py:188} INFO - [2026-09-06T05:48:33.402+0000] {dag.py:3089} INFO - Sync 1 DAGs
[2026-09-06T05:48:33.582+0000] {logging_mixin.py:188} INFO - [2026-09-06T05:48:33.581+0000] {dag.py:3947} INFO - Setting next_dagrun for netflix_etl_pipeline to 2026-09-05 00:00:00+00:00, run_after=2026-09-06 00:00:00+00:00
[2026-09-06T05:48:33.789+0000] {processor.py:183} INFO - Processing /opt/airflow/dags/netflix_dag.py took 1.371 seconds
[2026-09-06T05:49:05.626+0000] {processor.py:161} INFO - Started process (PID=4430) to work on /opt/airflow/dags/netflix_dag.py
[2026-09-06T05:49:05.658+0000] {processor.py:830} INFO - Processing file /opt/airflow/dags/netflix_dag.py for tasks to queue
[2026-09-06T05:49:05.703+0000] {logging_mixin.py:188} INFO - [2026-09-06T05:49:05.702+0000] {dagbag.py:545} INFO - Filling up the DagBag from /opt/airflow/dags/netflix_dag.py
[2026-09-06T05:49:06.378+0000] {processor.py:840} INFO - DAG(s) 'netflix_etl_pipeline' retrieved from /opt/airflow/dags/netflix_dag.py
[2026-09-06T05:49:06.565+0000] {logging_mixin.py:188} INFO - [2026-09-06T05:49:06.564+0000] {dag.py:3089} INFO - Sync 1 DAGs
[2026-09-06T05:49:06.641+0000] {logging_mixin.py:188} INFO - [2026-09-06T05:49:06.640+0000] {dag.py:3947} INFO - Setting next_dagrun for netflix_etl_pipeline to 2026-09-05 00:00:00+00:00, run_after=2026-09-06 00:00:00+00:00
[2026-09-06T05:49:06.694+0000] {processor.py:183} INFO - Processing /opt/airflow/dags/netflix_dag.py took 1.106 seconds
[2026-09-06T05:49:37.379+0000] {processor.py:161} INFO - Started process (PID=4441) to work on /opt/airflow/dags/netflix_dag.py
[2026-09-06T05:49:37.383+0000] {processor.py:830} INFO - Processing file /opt/airflow/dags/netflix_dag.py for tasks to queue
[2026-09-06T05:49:37.392+0000] {logging_mixin.py:188} INFO - [2026-09-06T05:49:37.391+0000] {dagbag.py:545} INFO - Filling up the DagBag from /opt/airflow/dags/netflix_dag.py
[2026-09-06T05:49:37.460+0000] {processor.py:840} INFO - DAG(s) 'netflix_etl_pipeline' retrieved from /opt/airflow/dags/netflix_dag.py
[2026-09-06T05:49:37.555+0000] {logging_mixin.py:188} INFO - [2026-09-06T05:49:37.555+0000] {dag.py:3089} INFO - Sync 1 DAGs
[2026-09-06T05:49:37.616+0000] {logging_mixin.py:188} INFO - [2026-09-06T05:49:37.615+0000] {dag.py:3947} INFO - Setting next_dagrun for netflix_etl_pipeline to 2026-09-05 00:00:00+00:00, run_after=2026-09-06 00:00:00+00:00
[2026-09-06T05:49:37.667+0000] {processor.py:183} INFO - Processing /opt/airflow/dags/netflix_dag.py took 0.311 seconds
[2026-09-06T05:50:08.821+0000] {processor.py:161} INFO - Started process (PID=4452) to work on /opt/airflow/dags/netflix_dag.py
[2026-09-06T05:50:08.844+0000] {processor.py:830} INFO - Processing file /opt/airflow/dags/netflix_dag.py for tasks to queue
[2026-09-06T05:50:08.882+0000] {logging_mixin.py:188} INFO - [2026-09-06T05:50:08.881+0000] {dagbag.py:545} INFO - Filling up the DagBag from /opt/airflow/dags/netflix_dag.py
[2026-09-06T05:50:09.573+0000] {processor.py:840} INFO - DAG(s) 'netflix_etl_pipeline' retrieved from /opt/airflow/dags/netflix_dag.py
[2026-09-06T05:50:09.788+0000] {logging_mixin.py:188} INFO - [2026-09-06T05:50:09.787+0000] {dag.py:3089} INFO - Sync 1 DAGs
[2026-09-06T05:50:09.964+0000] {logging_mixin.py:188} INFO - [2026-09-06T05:50:09.964+0000] {dag.py:3947} INFO - Setting next_dagrun for netflix_etl_pipeline to 2026-09-05 00:00:00+00:00, run_after=2026-09-06 00:00:00+00:00
[2026-09-06T05:50:10.150+0000] {processor.py:183} INFO - Processing /opt/airflow/dags/netflix_dag.py took 1.364 seconds
[2026-09-06T05:50:41.441+0000] {processor.py:161} INFO - Started process (PID=4463) to work on /opt/airflow/dags/netflix_dag.py
[2026-09-06T05:50:41.444+0000] {processor.py:830} INFO - Processing file /opt/airflow/dags/netflix_dag.py for tasks to queue
[2026-09-06T05:50:41.451+0000] {logging_mixin.py:188} INFO - [2026-09-06T05:50:41.450+0000] {dagbag.py:545} INFO - Filling up the DagBag from /opt/airflow/dags/netflix_dag.py
[2026-09-06T05:50:41.505+0000] {processor.py:840} INFO - DAG(s) 'netflix_etl_pipeline' retrieved from /opt/airflow/dags/netflix_dag.py
[2026-09-06T05:50:41.621+0000] {logging_mixin.py:188} INFO - [2026-09-06T05:50:41.621+0000] {dag.py:3089} INFO - Sync 1 DAGs
[2026-09-06T05:50:41.706+0000] {logging_mixin.py:188} INFO - [2026-09-06T05:50:41.706+0000] {dag.py:3947} INFO - Setting next_dagrun for netflix_etl_pipeline to 2026-09-05 00:00:00+00:00, run_after=2026-09-06 00:00:00+00:00
[2026-09-06T05:50:41.879+0000] {processor.py:183} INFO - Processing /opt/airflow/dags/netflix_dag.py took 0.456 seconds
[2026-09-06T05:51:13.288+0000] {processor.py:161} INFO - Started process (PID=4474) to work on /opt/airflow/dags/netflix_dag.py
[2026-09-06T05:51:13.302+0000] {processor.py:830} INFO - Processing file /opt/airflow/dags/netflix_dag.py for tasks to queue
[2026-09-06T05:51:13.330+0000] {logging_mixin.py:188} INFO - [2026-09-06T05:51:13.328+0000] {dagbag.py:545} INFO - Filling up the DagBag from /opt/airflow/dags/netflix_dag.py
[2026-09-06T05:51:13.390+0000] {processor.py:840} INFO - DAG(s) 'netflix_etl_pipeline' retrieved from /opt/airflow/dags/netflix_dag.py
[2026-09-06T05:51:13.479+0000] {logging_mixin.py:188} INFO - [2026-09-06T05:51:13.479+0000] {dag.py:3089} INFO - Sync 1 DAGs
[2026-09-06T05:51:13.532+0000] {logging_mixin.py:188} INFO - [2026-09-06T05:51:13.531+0000] {dag.py:3947} INFO - Setting next_dagrun for netflix_etl_pipeline to 2026-09-05 00:00:00+00:00, run_after=2026-09-06 00:00:00+00:00
[2026-09-06T05:51:13.572+0000] {processor.py:183} INFO - Processing /opt/airflow/dags/netflix_dag.py took 0.323 seconds
[2026-09-06T05:51:44.434+0000] {processor.py:161} INFO - Started process (PID=4485) to work on /opt/airflow/dags/netflix_dag.py
[2026-09-06T05:51:44.463+0000] {processor.py:830} INFO - Processing file /opt/airflow/dags/netflix_dag.py for tasks to queue
[2026-09-06T05:51:44.469+0000] {logging_mixin.py:188} INFO - [2026-09-06T05:51:44.468+0000] {dagbag.py:545} INFO - Filling up the DagBag from /opt/airflow/dags/netflix_dag.py
[2026-09-06T05:51:44.576+0000] {processor.py:840} INFO - DAG(s) 'netflix_etl_pipeline' retrieved from /opt/airflow/dags/netflix_dag.py
[2026-09-06T05:51:44.677+0000] {logging_mixin.py:188} INFO - [2026-09-06T05:51:44.677+0000] {dag.py:3089} INFO - Sync 1 DAGs
[2026-09-06T05:51:44.727+0000] {logging_mixin.py:188} INFO - [2026-09-06T05:51:44.727+0000] {dag.py:3947} INFO - Setting next_dagrun for netflix_etl_pipeline to 2026-09-05 00:00:00+00:00, run_after=2026-09-06 00:00:00+00:00
[2026-09-06T05:51:44.800+0000] {processor.py:183} INFO - Processing /opt/airflow/dags/netflix_dag.py took 0.398 seconds
[2026-09-06T05:52:15.749+0000] {processor.py:161} INFO - Started process (PID=4496) to work on /opt/airflow/dags/netflix_dag.py
[2026-09-06T05:52:15.752+0000] {processor.py:830} INFO - Processing file /opt/airflow/dags/netflix_dag.py for tasks to queue
[2026-09-06T05:52:15.757+0000] {logging_mixin.py:188} INFO - [2026-09-06T05:52:15.756+0000] {dagbag.py:545} INFO - Filling up the DagBag from /opt/airflow/dags/netflix_dag.py
[2026-09-06T05:52:15.801+0000] {processor.py:840} INFO - DAG(s) 'netflix_etl_pipeline' retrieved from /opt/airflow/dags/netflix_dag.py
[2026-09-06T05:52:15.886+0000] {logging_mixin.py:188} INFO - [2026-09-06T05:52:15.885+0000] {dag.py:3089} INFO - Sync 1 DAGs
[2026-09-06T05:52:15.940+0000] {logging_mixin.py:188} INFO - [2026-09-06T05:52:15.939+0000] {dag.py:3947} INFO - Setting next_dagrun for netflix_etl_pipeline to 2026-09-05 00:00:00+00:00, run_after=2026-09-06 00:00:00+00:00
[2026-09-06T05:52:16.016+0000] {processor.py:183} INFO - Processing /opt/airflow/dags/netflix_dag.py took 0.284 seconds
[2026-09-06T05:52:46.389+0000] {processor.py:161} INFO - Started process (PID=4507) to work on /opt/airflow/dags/netflix_dag.py
[2026-09-06T05:52:46.404+0000] {processor.py:830} INFO - Processing file /opt/airflow/dags/netflix_dag.py for tasks to queue
[2026-09-06T05:52:46.466+0000] {logging_mixin.py:188} INFO - [2026-09-06T05:52:46.465+0000] {dagbag.py:545} INFO - Filling up the DagBag from /opt/airflow/dags/netflix_dag.py
[2026-09-06T05:52:47.582+0000] {processor.py:840} INFO - DAG(s) 'netflix_etl_pipeline' retrieved from /opt/airflow/dags/netflix_dag.py
[2026-09-06T05:52:47.888+0000] {logging_mixin.py:188} INFO - [2026-09-06T05:52:47.887+0000] {dag.py:3089} INFO - Sync 1 DAGs
[2026-09-06T05:52:48.113+0000] {logging_mixin.py:188} INFO - [2026-09-06T05:52:48.113+0000] {dag.py:3947} INFO - Setting next_dagrun for netflix_etl_pipeline to 2026-09-05 00:00:00+00:00, run_after=2026-09-06 00:00:00+00:00
[2026-09-06T05:52:48.315+0000] {processor.py:183} INFO - Processing /opt/airflow/dags/netflix_dag.py took 1.966 seconds
[2026-09-06T05:53:18.701+0000] {processor.py:161} INFO - Started process (PID=4518) to work on /opt/airflow/dags/netflix_dag.py
[2026-09-06T05:53:18.705+0000] {processor.py:830} INFO - Processing file /opt/airflow/dags/netflix_dag.py for tasks to queue
[2026-09-06T05:53:18.713+0000] {logging_mixin.py:188} INFO - [2026-09-06T05:53:18.712+0000] {dagbag.py:545} INFO - Filling up the DagBag from /opt/airflow/dags/netflix_dag.py
[2026-09-06T05:53:18.768+0000] {processor.py:840} INFO - DAG(s) 'netflix_etl_pipeline' retrieved from /opt/airflow/dags/netflix_dag.py
[2026-09-06T05:53:18.853+0000] {logging_mixin.py:188} INFO - [2026-09-06T05:53:18.853+0000] {dag.py:3089} INFO - Sync 1 DAGs
[2026-09-06T05:53:18.918+0000] {logging_mixin.py:188} INFO - [2026-09-06T05:53:18.917+0000] {dag.py:3947} INFO - Setting next_dagrun for netflix_etl_pipeline to 2026-09-05 00:00:00+00:00, run_after=2026-09-06 00:00:00+00:00
[2026-09-06T05:53:19.027+0000] {processor.py:183} INFO - Processing /opt/airflow/dags/netflix_dag.py took 0.346 seconds
[2026-09-06T05:53:50.356+0000] {processor.py:161} INFO - Started process (PID=4529) to work on /opt/airflow/dags/netflix_dag.py
[2026-09-06T05:53:50.362+0000] {processor.py:830} INFO - Processing file /opt/airflow/dags/netflix_dag.py for tasks to queue
[2026-09-06T05:53:50.370+0000] {logging_mixin.py:188} INFO - [2026-09-06T05:53:50.369+0000] {dagbag.py:545} INFO - Filling up the DagBag from /opt/airflow/dags/netflix_dag.py
[2026-09-06T05:53:50.424+0000] {processor.py:840} INFO - DAG(s) 'netflix_etl_pipeline' retrieved from /opt/airflow/dags/netflix_dag.py
[2026-09-06T05:53:50.507+0000] {logging_mixin.py:188} INFO - [2026-09-06T05:53:50.506+0000] {dag.py:3089} INFO - Sync 1 DAGs
[2026-09-06T05:53:50.565+0000] {logging_mixin.py:188} INFO - [2026-09-06T05:53:50.565+0000] {dag.py:3947} INFO - Setting next_dagrun for netflix_etl_pipeline to 2026-09-05 00:00:00+00:00, run_after=2026-09-06 00:00:00+00:00
[2026-09-06T05:53:50.782+0000] {processor.py:183} INFO - Processing /opt/airflow/dags/netflix_dag.py took 0.451 seconds
[2026-09-06T05:54:22.080+0000] {processor.py:161} INFO - Started process (PID=4546) to work on /opt/airflow/dags/netflix_dag.py
[2026-09-06T05:54:22.109+0000] {processor.py:830} INFO - Processing file /opt/airflow/dags/netflix_dag.py for tasks to queue
[2026-09-06T05:54:22.139+0000] {logging_mixin.py:188} INFO - [2026-09-06T05:54:22.138+0000] {dagbag.py:545} INFO - Filling up the DagBag from /opt/airflow/dags/netflix_dag.py
[2026-09-06T05:54:22.868+0000] {processor.py:840} INFO - DAG(s) 'netflix_etl_pipeline' retrieved from /opt/airflow/dags/netflix_dag.py
[2026-09-06T05:54:23.129+0000] {logging_mixin.py:188} INFO - [2026-09-06T05:54:23.128+0000] {dag.py:3089} INFO - Sync 1 DAGs
[2026-09-06T05:54:23.298+0000] {logging_mixin.py:188} INFO - [2026-09-06T05:54:23.298+0000] {dag.py:3947} INFO - Setting next_dagrun for netflix_etl_pipeline to 2026-09-05 00:00:00+00:00, run_after=2026-09-06 00:00:00+00:00
[2026-09-06T05:54:23.446+0000] {processor.py:183} INFO - Processing /opt/airflow/dags/netflix_dag.py took 1.401 seconds
[2026-09-06T05:54:54.886+0000] {processor.py:161} INFO - Started process (PID=4557) to work on /opt/airflow/dags/netflix_dag.py
[2026-09-06T05:54:54.900+0000] {processor.py:830} INFO - Processing file /opt/airflow/dags/netflix_dag.py for tasks to queue
[2026-09-06T05:54:54.917+0000] {logging_mixin.py:188} INFO - [2026-09-06T05:54:54.916+0000] {dagbag.py:545} INFO - Filling up the DagBag from /opt/airflow/dags/netflix_dag.py
[2026-09-06T05:54:55.585+0000] {processor.py:840} INFO - DAG(s) 'netflix_etl_pipeline' retrieved from /opt/airflow/dags/netflix_dag.py
[2026-09-06T05:54:55.880+0000] {logging_mixin.py:188} INFO - [2026-09-06T05:54:55.879+0000] {dag.py:3089} INFO - Sync 1 DAGs
[2026-09-06T05:54:55.956+0000] {logging_mixin.py:188} INFO - [2026-09-06T05:54:55.955+0000] {dag.py:3947} INFO - Setting next_dagrun for netflix_etl_pipeline to 2026-09-05 00:00:00+00:00, run_after=2026-09-06 00:00:00+00:00
[2026-09-06T05:54:55.997+0000] {processor.py:183} INFO - Processing /opt/airflow/dags/netflix_dag.py took 1.150 seconds
[2026-09-06T05:55:26.965+0000] {processor.py:161} INFO - Started process (PID=4568) to work on /opt/airflow/dags/netflix_dag.py
[2026-09-06T05:55:26.969+0000] {processor.py:830} INFO - Processing file /opt/airflow/dags/netflix_dag.py for tasks to queue
[2026-09-06T05:55:26.974+0000] {logging_mixin.py:188} INFO - [2026-09-06T05:55:26.974+0000] {dagbag.py:545} INFO - Filling up the DagBag from /opt/airflow/dags/netflix_dag.py
[2026-09-06T05:55:27.025+0000] {processor.py:840} INFO - DAG(s) 'netflix_etl_pipeline' retrieved from /opt/airflow/dags/netflix_dag.py
[2026-09-06T05:55:27.113+0000] {logging_mixin.py:188} INFO - [2026-09-06T05:55:27.112+0000] {dag.py:3089} INFO - Sync 1 DAGs
[2026-09-06T05:55:27.164+0000] {logging_mixin.py:188} INFO - [2026-09-06T05:55:27.164+0000] {dag.py:3947} INFO - Setting next_dagrun for netflix_etl_pipeline to 2026-09-05 00:00:00+00:00, run_after=2026-09-06 00:00:00+00:00
[2026-09-06T05:55:27.203+0000] {processor.py:183} INFO - Processing /opt/airflow/dags/netflix_dag.py took 0.268 seconds
[2026-09-06T05:55:58.328+0000] {processor.py:161} INFO - Started process (PID=4579) to work on /opt/airflow/dags/netflix_dag.py
[2026-09-06T05:55:58.331+0000] {processor.py:830} INFO - Processing file /opt/airflow/dags/netflix_dag.py for tasks to queue
[2026-09-06T05:55:58.338+0000] {logging_mixin.py:188} INFO - [2026-09-06T05:55:58.337+0000] {dagbag.py:545} INFO - Filling up the DagBag from /opt/airflow/dags/netflix_dag.py
[2026-09-06T05:55:58.382+0000] {processor.py:840} INFO - DAG(s) 'netflix_etl_pipeline' retrieved from /opt/airflow/dags/netflix_dag.py
[2026-09-06T05:55:58.473+0000] {logging_mixin.py:188} INFO - [2026-09-06T05:55:58.472+0000] {dag.py:3089} INFO - Sync 1 DAGs
[2026-09-06T05:55:58.668+0000] {logging_mixin.py:188} INFO - [2026-09-06T05:55:58.668+0000] {dag.py:3947} INFO - Setting next_dagrun for netflix_etl_pipeline to 2026-09-05 00:00:00+00:00, run_after=2026-09-06 00:00:00+00:00
[2026-09-06T05:55:58.979+0000] {processor.py:183} INFO - Processing /opt/airflow/dags/netflix_dag.py took 0.670 seconds
[2026-09-06T05:56:30.267+0000] {processor.py:161} INFO - Started process (PID=4591) to work on /opt/airflow/dags/netflix_dag.py
[2026-09-06T05:56:30.304+0000] {processor.py:830} INFO - Processing file /opt/airflow/dags/netflix_dag.py for tasks to queue
[2026-09-06T05:56:30.321+0000] {logging_mixin.py:188} INFO - [2026-09-06T05:56:30.320+0000] {dagbag.py:545} INFO - Filling up the DagBag from /opt/airflow/dags/netflix_dag.py
[2026-09-06T05:56:30.986+0000] {processor.py:840} INFO - DAG(s) 'netflix_etl_pipeline' retrieved from /opt/airflow/dags/netflix_dag.py
[2026-09-06T05:56:31.203+0000] {logging_mixin.py:188} INFO - [2026-09-06T05:56:31.202+0000] {dag.py:3089} INFO - Sync 1 DAGs
[2026-09-06T05:56:31.352+0000] {logging_mixin.py:188} INFO - [2026-09-06T05:56:31.351+0000] {dag.py:3947} INFO - Setting next_dagrun for netflix_etl_pipeline to 2026-09-05 00:00:00+00:00, run_after=2026-09-06 00:00:00+00:00
[2026-09-06T05:56:31.422+0000] {processor.py:183} INFO - Processing /opt/airflow/dags/netflix_dag.py took 1.189 seconds
[2026-09-06T05:57:02.814+0000] {processor.py:161} INFO - Started process (PID=4602) to work on /opt/airflow/dags/netflix_dag.py
[2026-09-06T05:57:02.829+0000] {processor.py:830} INFO - Processing file /opt/airflow/dags/netflix_dag.py for tasks to queue
[2026-09-06T05:57:02.858+0000] {logging_mixin.py:188} INFO - [2026-09-06T05:57:02.857+0000] {dagbag.py:545} INFO - Filling up the DagBag from /opt/airflow/dags/netflix_dag.py
[2026-09-06T05:57:03.494+0000] {processor.py:840} INFO - DAG(s) 'netflix_etl_pipeline' retrieved from /opt/airflow/dags/netflix_dag.py
[2026-09-06T05:57:03.709+0000] {logging_mixin.py:188} INFO - [2026-09-06T05:57:03.702+0000] {dag.py:3089} INFO - Sync 1 DAGs
[2026-09-06T05:57:03.809+0000] {logging_mixin.py:188} INFO - [2026-09-06T05:57:03.808+0000] {dag.py:3947} INFO - Setting next_dagrun for netflix_etl_pipeline to 2026-09-05 00:00:00+00:00, run_after=2026-09-06 00:00:00+00:00
[2026-09-06T05:57:03.860+0000] {processor.py:183} INFO - Processing /opt/airflow/dags/netflix_dag.py took 1.075 seconds
[2026-09-06T05:57:34.997+0000] {processor.py:161} INFO - Started process (PID=4613) to work on /opt/airflow/dags/netflix_dag.py
[2026-09-06T05:57:35.033+0000] {processor.py:830} INFO - Processing file /opt/airflow/dags/netflix_dag.py for tasks to queue
[2026-09-06T05:57:35.057+0000] {logging_mixin.py:188} INFO - [2026-09-06T05:57:35.056+0000] {dagbag.py:545} INFO - Filling up the DagBag from /opt/airflow/dags/netflix_dag.py
[2026-09-06T05:57:35.324+0000] {processor.py:840} INFO - DAG(s) 'netflix_etl_pipeline' retrieved from /opt/airflow/dags/netflix_dag.py
[2026-09-06T05:57:35.401+0000] {logging_mixin.py:188} INFO - [2026-09-06T05:57:35.401+0000] {dag.py:3089} INFO - Sync 1 DAGs
[2026-09-06T05:57:35.449+0000] {logging_mixin.py:188} INFO - [2026-09-06T05:57:35.448+0000] {dag.py:3947} INFO - Setting next_dagrun for netflix_etl_pipeline to 2026-09-05 00:00:00+00:00, run_after=2026-09-06 00:00:00+00:00
[2026-09-06T05:57:35.508+0000] {processor.py:183} INFO - Processing /opt/airflow/dags/netflix_dag.py took 0.537 seconds
[2026-09-06T05:58:06.807+0000] {processor.py:161} INFO - Started process (PID=4624) to work on /opt/airflow/dags/netflix_dag.py
[2026-09-06T05:58:06.848+0000] {processor.py:830} INFO - Processing file /opt/airflow/dags/netflix_dag.py for tasks to queue
[2026-09-06T05:58:06.865+0000] {logging_mixin.py:188} INFO - [2026-09-06T05:58:06.864+0000] {dagbag.py:545} INFO - Filling up the DagBag from /opt/airflow/dags/netflix_dag.py
[2026-09-06T05:58:07.437+0000] {processor.py:840} INFO - DAG(s) 'netflix_etl_pipeline' retrieved from /opt/airflow/dags/netflix_dag.py
[2026-09-06T05:58:07.657+0000] {logging_mixin.py:188} INFO - [2026-09-06T05:58:07.656+0000] {dag.py:3089} INFO - Sync 1 DAGs
[2026-09-06T05:58:07.847+0000] {logging_mixin.py:188} INFO - [2026-09-06T05:58:07.847+0000] {dag.py:3947} INFO - Setting next_dagrun for netflix_etl_pipeline to 2026-09-05 00:00:00+00:00, run_after=2026-09-06 00:00:00+00:00
[2026-09-06T05:58:08.024+0000] {processor.py:183} INFO - Processing /opt/airflow/dags/netflix_dag.py took 1.255 seconds
[2026-09-06T05:58:38.532+0000] {processor.py:161} INFO - Started process (PID=4635) to work on /opt/airflow/dags/netflix_dag.py
[2026-09-06T05:58:38.545+0000] {processor.py:830} INFO - Processing file /opt/airflow/dags/netflix_dag.py for tasks to queue
[2026-09-06T05:58:38.563+0000] {logging_mixin.py:188} INFO - [2026-09-06T05:58:38.562+0000] {dagbag.py:545} INFO - Filling up the DagBag from /opt/airflow/dags/netflix_dag.py
[2026-09-06T05:58:38.661+0000] {processor.py:840} INFO - DAG(s) 'netflix_etl_pipeline' retrieved from /opt/airflow/dags/netflix_dag.py
[2026-09-06T05:58:38.918+0000] {logging_mixin.py:188} INFO - [2026-09-06T05:58:38.917+0000] {dag.py:3089} INFO - Sync 1 DAGs
[2026-09-06T05:58:39.112+0000] {logging_mixin.py:188} INFO - [2026-09-06T05:58:39.112+0000] {dag.py:3947} INFO - Setting next_dagrun for netflix_etl_pipeline to 2026-09-05 00:00:00+00:00, run_after=2026-09-06 00:00:00+00:00
[2026-09-06T05:58:39.232+0000] {processor.py:183} INFO - Processing /opt/airflow/dags/netflix_dag.py took 0.760 seconds
[2026-09-06T05:59:09.470+0000] {processor.py:161} INFO - Started process (PID=4646) to work on /opt/airflow/dags/netflix_dag.py
[2026-09-06T05:59:09.473+0000] {processor.py:830} INFO - Processing file /opt/airflow/dags/netflix_dag.py for tasks to queue
[2026-09-06T05:59:09.477+0000] {logging_mixin.py:188} INFO - [2026-09-06T05:59:09.477+0000] {dagbag.py:545} INFO - Filling up the DagBag from /opt/airflow/dags/netflix_dag.py
[2026-09-06T05:59:09.546+0000] {processor.py:840} INFO - DAG(s) 'netflix_etl_pipeline' retrieved from /opt/airflow/dags/netflix_dag.py
[2026-09-06T05:59:09.807+0000] {logging_mixin.py:188} INFO - [2026-09-06T05:59:09.807+0000] {dag.py:3089} INFO - Sync 1 DAGs
[2026-09-06T05:59:10.008+0000] {logging_mixin.py:188} INFO - [2026-09-06T05:59:09.999+0000] {dag.py:3947} INFO - Setting next_dagrun for netflix_etl_pipeline to 2026-09-05 00:00:00+00:00, run_after=2026-09-06 00:00:00+00:00
[2026-09-06T05:59:10.230+0000] {processor.py:183} INFO - Processing /opt/airflow/dags/netflix_dag.py took 0.775 seconds
[2026-09-06T05:59:40.519+0000] {processor.py:161} INFO - Started process (PID=4657) to work on /opt/airflow/dags/netflix_dag.py
[2026-09-06T05:59:40.522+0000] {processor.py:830} INFO - Processing file /opt/airflow/dags/netflix_dag.py for tasks to queue
[2026-09-06T05:59:40.528+0000] {logging_mixin.py:188} INFO - [2026-09-06T05:59:40.527+0000] {dagbag.py:545} INFO - Filling up the DagBag from /opt/airflow/dags/netflix_dag.py
[2026-09-06T05:59:40.581+0000] {processor.py:840} INFO - DAG(s) 'netflix_etl_pipeline' retrieved from /opt/airflow/dags/netflix_dag.py
[2026-09-06T05:59:40.658+0000] {logging_mixin.py:188} INFO - [2026-09-06T05:59:40.657+0000] {dag.py:3089} INFO - Sync 1 DAGs
[2026-09-06T05:59:40.715+0000] {logging_mixin.py:188} INFO - [2026-09-06T05:59:40.715+0000] {dag.py:3947} INFO - Setting next_dagrun for netflix_etl_pipeline to 2026-09-05 00:00:00+00:00, run_after=2026-09-06 00:00:00+00:00
[2026-09-06T05:59:40.759+0000] {processor.py:183} INFO - Processing /opt/airflow/dags/netflix_dag.py took 0.266 seconds
[2026-09-06T06:00:12.263+0000] {processor.py:161} INFO - Started process (PID=4668) to work on /opt/airflow/dags/netflix_dag.py
[2026-09-06T06:00:12.300+0000] {processor.py:830} INFO - Processing file /opt/airflow/dags/netflix_dag.py for tasks to queue
[2026-09-06T06:00:12.339+0000] {logging_mixin.py:188} INFO - [2026-09-06T06:00:12.338+0000] {dagbag.py:545} INFO - Filling up the DagBag from /opt/airflow/dags/netflix_dag.py
[2026-09-06T06:00:13.091+0000] {processor.py:840} INFO - DAG(s) 'netflix_etl_pipeline' retrieved from /opt/airflow/dags/netflix_dag.py
[2026-09-06T06:00:13.199+0000] {logging_mixin.py:188} INFO - [2026-09-06T06:00:13.198+0000] {dag.py:3089} INFO - Sync 1 DAGs
[2026-09-06T06:00:13.246+0000] {logging_mixin.py:188} INFO - [2026-09-06T06:00:13.245+0000] {dag.py:3947} INFO - Setting next_dagrun for netflix_etl_pipeline to 2026-09-05 00:00:00+00:00, run_after=2026-09-06 00:00:00+00:00
[2026-09-06T06:00:13.291+0000] {processor.py:183} INFO - Processing /opt/airflow/dags/netflix_dag.py took 1.062 seconds
[2026-09-06T06:00:44.520+0000] {processor.py:161} INFO - Started process (PID=4679) to work on /opt/airflow/dags/netflix_dag.py
[2026-09-06T06:00:44.524+0000] {processor.py:830} INFO - Processing file /opt/airflow/dags/netflix_dag.py for tasks to queue
[2026-09-06T06:00:44.539+0000] {logging_mixin.py:188} INFO - [2026-09-06T06:00:44.538+0000] {dagbag.py:545} INFO - Filling up the DagBag from /opt/airflow/dags/netflix_dag.py
[2026-09-06T06:00:44.608+0000] {processor.py:840} INFO - DAG(s) 'netflix_etl_pipeline' retrieved from /opt/airflow/dags/netflix_dag.py
[2026-09-06T06:00:44.725+0000] {logging_mixin.py:188} INFO - [2026-09-06T06:00:44.724+0000] {dag.py:3089} INFO - Sync 1 DAGs
[2026-09-06T06:00:44.934+0000] {logging_mixin.py:188} INFO - [2026-09-06T06:00:44.933+0000] {dag.py:3947} INFO - Setting next_dagrun for netflix_etl_pipeline to 2026-09-05 00:00:00+00:00, run_after=2026-09-06 00:00:00+00:00
[2026-09-06T06:00:45.106+0000] {processor.py:183} INFO - Processing /opt/airflow/dags/netflix_dag.py took 0.620 seconds
[2026-09-06T06:01:15.764+0000] {processor.py:161} INFO - Started process (PID=4690) to work on /opt/airflow/dags/netflix_dag.py
[2026-09-06T06:01:15.768+0000] {processor.py:830} INFO - Processing file /opt/airflow/dags/netflix_dag.py for tasks to queue
[2026-09-06T06:01:15.776+0000] {logging_mixin.py:188} INFO - [2026-09-06T06:01:15.775+0000] {dagbag.py:545} INFO - Filling up the DagBag from /opt/airflow/dags/netflix_dag.py
[2026-09-06T06:01:15.823+0000] {processor.py:840} INFO - DAG(s) 'netflix_etl_pipeline' retrieved from /opt/airflow/dags/netflix_dag.py
[2026-09-06T06:01:15.907+0000] {logging_mixin.py:188} INFO - [2026-09-06T06:01:15.906+0000] {dag.py:3089} INFO - Sync 1 DAGs
[2026-09-06T06:01:16.020+0000] {logging_mixin.py:188} INFO - [2026-09-06T06:01:16.020+0000] {dag.py:3947} INFO - Setting next_dagrun for netflix_etl_pipeline to 2026-09-05 00:00:00+00:00, run_after=2026-09-06 00:00:00+00:00
[2026-09-06T06:01:16.221+0000] {processor.py:183} INFO - Processing /opt/airflow/dags/netflix_dag.py took 0.485 seconds
[2026-09-06T06:01:46.855+0000] {processor.py:161} INFO - Started process (PID=4701) to work on /opt/airflow/dags/netflix_dag.py
[2026-09-06T06:01:46.858+0000] {processor.py:830} INFO - Processing file /opt/airflow/dags/netflix_dag.py for tasks to queue
[2026-09-06T06:01:46.865+0000] {logging_mixin.py:188} INFO - [2026-09-06T06:01:46.864+0000] {dagbag.py:545} INFO - Filling up the DagBag from /opt/airflow/dags/netflix_dag.py
[2026-09-06T06:01:46.924+0000] {processor.py:840} INFO - DAG(s) 'netflix_etl_pipeline' retrieved from /opt/airflow/dags/netflix_dag.py
[2026-09-06T06:01:47.001+0000] {logging_mixin.py:188} INFO - [2026-09-06T06:01:47.001+0000] {dag.py:3089} INFO - Sync 1 DAGs
[2026-09-06T06:01:47.072+0000] {logging_mixin.py:188} INFO - [2026-09-06T06:01:47.072+0000] {dag.py:3947} INFO - Setting next_dagrun for netflix_etl_pipeline to 2026-09-05 00:00:00+00:00, run_after=2026-09-06 00:00:00+00:00
[2026-09-06T06:01:47.247+0000] {processor.py:183} INFO - Processing /opt/airflow/dags/netflix_dag.py took 0.417 seconds
[2026-09-06T06:02:18.887+0000] {processor.py:161} INFO - Started process (PID=4712) to work on /opt/airflow/dags/netflix_dag.py
[2026-09-06T06:02:18.915+0000] {processor.py:830} INFO - Processing file /opt/airflow/dags/netflix_dag.py for tasks to queue
[2026-09-06T06:02:18.936+0000] {logging_mixin.py:188} INFO - [2026-09-06T06:02:18.935+0000] {dagbag.py:545} INFO - Filling up the DagBag from /opt/airflow/dags/netflix_dag.py
[2026-09-06T06:02:19.098+0000] {processor.py:840} INFO - DAG(s) 'netflix_etl_pipeline' retrieved from /opt/airflow/dags/netflix_dag.py
[2026-09-06T06:02:19.192+0000] {logging_mixin.py:188} INFO - [2026-09-06T06:02:19.191+0000] {dag.py:3089} INFO - Sync 1 DAGs
[2026-09-06T06:02:19.254+0000] {logging_mixin.py:188} INFO - [2026-09-06T06:02:19.254+0000] {dag.py:3947} INFO - Setting next_dagrun for netflix_etl_pipeline to 2026-09-05 00:00:00+00:00, run_after=2026-09-06 00:00:00+00:00
[2026-09-06T06:02:19.343+0000] {processor.py:183} INFO - Processing /opt/airflow/dags/netflix_dag.py took 0.490 seconds
[2026-09-06T06:02:50.066+0000] {processor.py:161} INFO - Started process (PID=4723) to work on /opt/airflow/dags/netflix_dag.py
[2026-09-06T06:02:50.069+0000] {processor.py:830} INFO - Processing file /opt/airflow/dags/netflix_dag.py for tasks to queue
[2026-09-06T06:02:50.074+0000] {logging_mixin.py:188} INFO - [2026-09-06T06:02:50.074+0000] {dagbag.py:545} INFO - Filling up the DagBag from /opt/airflow/dags/netflix_dag.py
[2026-09-06T06:02:50.125+0000] {processor.py:840} INFO - DAG(s) 'netflix_etl_pipeline' retrieved from /opt/airflow/dags/netflix_dag.py
[2026-09-06T06:02:50.201+0000] {logging_mixin.py:188} INFO - [2026-09-06T06:02:50.200+0000] {dag.py:3089} INFO - Sync 1 DAGs
[2026-09-06T06:02:50.252+0000] {logging_mixin.py:188} INFO - [2026-09-06T06:02:50.252+0000] {dag.py:3947} INFO - Setting next_dagrun for netflix_etl_pipeline to 2026-09-05 00:00:00+00:00, run_after=2026-09-06 00:00:00+00:00
[2026-09-06T06:02:50.296+0000] {processor.py:183} INFO - Processing /opt/airflow/dags/netflix_dag.py took 0.244 seconds
[2026-09-06T06:03:20.882+0000] {processor.py:161} INFO - Started process (PID=4734) to work on /opt/airflow/dags/netflix_dag.py
[2026-09-06T06:03:20.885+0000] {processor.py:830} INFO - Processing file /opt/airflow/dags/netflix_dag.py for tasks to queue
[2026-09-06T06:03:20.891+0000] {logging_mixin.py:188} INFO - [2026-09-06T06:03:20.890+0000] {dagbag.py:545} INFO - Filling up the DagBag from /opt/airflow/dags/netflix_dag.py
[2026-09-06T06:03:20.936+0000] {processor.py:840} INFO - DAG(s) 'netflix_etl_pipeline' retrieved from /opt/airflow/dags/netflix_dag.py
[2026-09-06T06:03:21.026+0000] {logging_mixin.py:188} INFO - [2026-09-06T06:03:21.026+0000] {dag.py:3089} INFO - Sync 1 DAGs
[2026-09-06T06:03:21.096+0000] {logging_mixin.py:188} INFO - [2026-09-06T06:03:21.095+0000] {dag.py:3947} INFO - Setting next_dagrun for netflix_etl_pipeline to 2026-09-05 00:00:00+00:00, run_after=2026-09-06 00:00:00+00:00
[2026-09-06T06:03:21.141+0000] {processor.py:183} INFO - Processing /opt/airflow/dags/netflix_dag.py took 0.279 seconds
[2026-09-06T06:03:52.334+0000] {processor.py:161} INFO - Started process (PID=4745) to work on /opt/airflow/dags/netflix_dag.py
[2026-09-06T06:03:52.362+0000] {processor.py:830} INFO - Processing file /opt/airflow/dags/netflix_dag.py for tasks to queue
[2026-09-06T06:03:52.397+0000] {logging_mixin.py:188} INFO - [2026-09-06T06:03:52.396+0000] {dagbag.py:545} INFO - Filling up the DagBag from /opt/airflow/dags/netflix_dag.py
[2026-09-06T06:03:53.566+0000] {processor.py:840} INFO - DAG(s) 'netflix_etl_pipeline' retrieved from /opt/airflow/dags/netflix_dag.py
[2026-09-06T06:03:53.904+0000] {logging_mixin.py:188} INFO - [2026-09-06T06:03:53.903+0000] {dag.py:3089} INFO - Sync 1 DAGs
[2026-09-06T06:03:54.167+0000] {logging_mixin.py:188} INFO - [2026-09-06T06:03:54.158+0000] {dag.py:3947} INFO - Setting next_dagrun for netflix_etl_pipeline to 2026-09-05 00:00:00+00:00, run_after=2026-09-06 00:00:00+00:00
[2026-09-06T06:03:54.292+0000] {processor.py:183} INFO - Processing /opt/airflow/dags/netflix_dag.py took 1.993 seconds
[2026-09-06T06:04:26.677+0000] {processor.py:161} INFO - Started process (PID=4756) to work on /opt/airflow/dags/netflix_dag.py
[2026-09-06T06:04:26.727+0000] {processor.py:830} INFO - Processing file /opt/airflow/dags/netflix_dag.py for tasks to queue
[2026-09-06T06:04:26.808+0000] {logging_mixin.py:188} INFO - [2026-09-06T06:04:26.807+0000] {dagbag.py:545} INFO - Filling up the DagBag from /opt/airflow/dags/netflix_dag.py
[2026-09-06T06:04:27.451+0000] {processor.py:840} INFO - DAG(s) 'netflix_etl_pipeline' retrieved from /opt/airflow/dags/netflix_dag.py
[2026-09-06T06:04:27.584+0000] {logging_mixin.py:188} INFO - [2026-09-06T06:04:27.584+0000] {dag.py:3089} INFO - Sync 1 DAGs
[2026-09-06T06:04:27.767+0000] {logging_mixin.py:188} INFO - [2026-09-06T06:04:27.766+0000] {dag.py:3947} INFO - Setting next_dagrun for netflix_etl_pipeline to 2026-09-05 00:00:00+00:00, run_after=2026-09-06 00:00:00+00:00
[2026-09-06T06:04:28.111+0000] {processor.py:183} INFO - Processing /opt/airflow/dags/netflix_dag.py took 1.472 seconds
[2026-09-06T06:05:00.210+0000] {processor.py:161} INFO - Started process (PID=4773) to work on /opt/airflow/dags/netflix_dag.py
[2026-09-06T06:05:00.213+0000] {processor.py:830} INFO - Processing file /opt/airflow/dags/netflix_dag.py for tasks to queue
[2026-09-06T06:05:00.230+0000] {logging_mixin.py:188} INFO - [2026-09-06T06:05:00.228+0000] {dagbag.py:545} INFO - Filling up the DagBag from /opt/airflow/dags/netflix_dag.py
[2026-09-06T06:05:00.306+0000] {processor.py:840} INFO - DAG(s) 'netflix_etl_pipeline' retrieved from /opt/airflow/dags/netflix_dag.py
[2026-09-06T06:05:00.467+0000] {logging_mixin.py:188} INFO - [2026-09-06T06:05:00.466+0000] {dag.py:3089} INFO - Sync 1 DAGs
[2026-09-06T06:05:00.698+0000] {logging_mixin.py:188} INFO - [2026-09-06T06:05:00.697+0000] {dag.py:3947} INFO - Setting next_dagrun for netflix_etl_pipeline to 2026-09-05 00:00:00+00:00, run_after=2026-09-06 00:00:00+00:00
[2026-09-06T06:05:00.917+0000] {processor.py:183} INFO - Processing /opt/airflow/dags/netflix_dag.py took 0.752 seconds
[2026-09-06T06:05:32.311+0000] {processor.py:161} INFO - Started process (PID=4784) to work on /opt/airflow/dags/netflix_dag.py
[2026-09-06T06:05:32.317+0000] {processor.py:830} INFO - Processing file /opt/airflow/dags/netflix_dag.py for tasks to queue
[2026-09-06T06:05:32.325+0000] {logging_mixin.py:188} INFO - [2026-09-06T06:05:32.324+0000] {dagbag.py:545} INFO - Filling up the DagBag from /opt/airflow/dags/netflix_dag.py
[2026-09-06T06:05:32.382+0000] {processor.py:840} INFO - DAG(s) 'netflix_etl_pipeline' retrieved from /opt/airflow/dags/netflix_dag.py
[2026-09-06T06:05:32.464+0000] {logging_mixin.py:188} INFO - [2026-09-06T06:05:32.463+0000] {dag.py:3089} INFO - Sync 1 DAGs
[2026-09-06T06:05:32.515+0000] {logging_mixin.py:188} INFO - [2026-09-06T06:05:32.515+0000] {dag.py:3947} INFO - Setting next_dagrun for netflix_etl_pipeline to 2026-09-05 00:00:00+00:00, run_after=2026-09-06 00:00:00+00:00
[2026-09-06T06:05:32.566+0000] {processor.py:183} INFO - Processing /opt/airflow/dags/netflix_dag.py took 0.287 seconds
[2026-09-06T06:06:03.540+0000] {processor.py:161} INFO - Started process (PID=4795) to work on /opt/airflow/dags/netflix_dag.py
[2026-09-06T06:06:03.543+0000] {processor.py:830} INFO - Processing file /opt/airflow/dags/netflix_dag.py for tasks to queue
[2026-09-06T06:06:03.550+0000] {logging_mixin.py:188} INFO - [2026-09-06T06:06:03.549+0000] {dagbag.py:545} INFO - Filling up the DagBag from /opt/airflow/dags/netflix_dag.py
[2026-09-06T06:06:03.611+0000] {processor.py:840} INFO - DAG(s) 'netflix_etl_pipeline' retrieved from /opt/airflow/dags/netflix_dag.py
[2026-09-06T06:06:03.731+0000] {logging_mixin.py:188} INFO - [2026-09-06T06:06:03.730+0000] {dag.py:3089} INFO - Sync 1 DAGs
[2026-09-06T06:06:03.784+0000] {logging_mixin.py:188} INFO - [2026-09-06T06:06:03.784+0000] {dag.py:3947} INFO - Setting next_dagrun for netflix_etl_pipeline to 2026-09-05 00:00:00+00:00, run_after=2026-09-06 00:00:00+00:00
[2026-09-06T06:06:03.855+0000] {processor.py:183} INFO - Processing /opt/airflow/dags/netflix_dag.py took 0.334 seconds
[2026-09-06T06:06:34.889+0000] {processor.py:161} INFO - Started process (PID=4806) to work on /opt/airflow/dags/netflix_dag.py
[2026-09-06T06:06:34.892+0000] {processor.py:830} INFO - Processing file /opt/airflow/dags/netflix_dag.py for tasks to queue
[2026-09-06T06:06:34.897+0000] {logging_mixin.py:188} INFO - [2026-09-06T06:06:34.897+0000] {dagbag.py:545} INFO - Filling up the DagBag from /opt/airflow/dags/netflix_dag.py
[2026-09-06T06:06:34.942+0000] {processor.py:840} INFO - DAG(s) 'netflix_etl_pipeline' retrieved from /opt/airflow/dags/netflix_dag.py
[2026-09-06T06:06:35.032+0000] {logging_mixin.py:188} INFO - [2026-09-06T06:06:35.031+0000] {dag.py:3089} INFO - Sync 1 DAGs
[2026-09-06T06:06:35.111+0000] {logging_mixin.py:188} INFO - [2026-09-06T06:06:35.110+0000] {dag.py:3947} INFO - Setting next_dagrun for netflix_etl_pipeline to 2026-09-05 00:00:00+00:00, run_after=2026-09-06 00:00:00+00:00
[2026-09-06T06:06:35.345+0000] {processor.py:183} INFO - Processing /opt/airflow/dags/netflix_dag.py took 0.474 seconds
[2026-09-06T06:07:06.711+0000] {processor.py:161} INFO - Started process (PID=4817) to work on /opt/airflow/dags/netflix_dag.py
[2026-09-06T06:07:06.716+0000] {processor.py:830} INFO - Processing file /opt/airflow/dags/netflix_dag.py for tasks to queue
[2026-09-06T06:07:06.729+0000] {logging_mixin.py:188} INFO - [2026-09-06T06:07:06.728+0000] {dagbag.py:545} INFO - Filling up the DagBag from /opt/airflow/dags/netflix_dag.py
[2026-09-06T06:07:06.798+0000] {processor.py:840} INFO - DAG(s) 'netflix_etl_pipeline' retrieved from /opt/airflow/dags/netflix_dag.py
[2026-09-06T06:07:06.891+0000] {logging_mixin.py:188} INFO - [2026-09-06T06:07:06.891+0000] {dag.py:3089} INFO - Sync 1 DAGs
[2026-09-06T06:07:07.052+0000] {logging_mixin.py:188} INFO - [2026-09-06T06:07:07.051+0000] {dag.py:3947} INFO - Setting next_dagrun for netflix_etl_pipeline to 2026-09-05 00:00:00+00:00, run_after=2026-09-06 00:00:00+00:00
[2026-09-06T06:07:07.295+0000] {processor.py:183} INFO - Processing /opt/airflow/dags/netflix_dag.py took 0.613 seconds
[2026-09-06T06:07:38.179+0000] {processor.py:161} INFO - Started process (PID=4828) to work on /opt/airflow/dags/netflix_dag.py
[2026-09-06T06:07:38.182+0000] {processor.py:830} INFO - Processing file /opt/airflow/dags/netflix_dag.py for tasks to queue
[2026-09-06T06:07:38.187+0000] {logging_mixin.py:188} INFO - [2026-09-06T06:07:38.186+0000] {dagbag.py:545} INFO - Filling up the DagBag from /opt/airflow/dags/netflix_dag.py
[2026-09-06T06:07:38.239+0000] {processor.py:840} INFO - DAG(s) 'netflix_etl_pipeline' retrieved from /opt/airflow/dags/netflix_dag.py
[2026-09-06T06:07:38.366+0000] {logging_mixin.py:188} INFO - [2026-09-06T06:07:38.366+0000] {dag.py:3089} INFO - Sync 1 DAGs
[2026-09-06T06:07:38.572+0000] {logging_mixin.py:188} INFO - [2026-09-06T06:07:38.571+0000] {dag.py:3947} INFO - Setting next_dagrun for netflix_etl_pipeline to 2026-09-05 00:00:00+00:00, run_after=2026-09-06 00:00:00+00:00
[2026-09-06T06:07:38.635+0000] {processor.py:183} INFO - Processing /opt/airflow/dags/netflix_dag.py took 0.470 seconds
[2026-09-06T06:08:09.585+0000] {processor.py:161} INFO - Started process (PID=4839) to work on /opt/airflow/dags/netflix_dag.py
[2026-09-06T06:08:09.588+0000] {processor.py:830} INFO - Processing file /opt/airflow/dags/netflix_dag.py for tasks to queue
[2026-09-06T06:08:09.594+0000] {logging_mixin.py:188} INFO - [2026-09-06T06:08:09.593+0000] {dagbag.py:545} INFO - Filling up the DagBag from /opt/airflow/dags/netflix_dag.py
[2026-09-06T06:08:09.642+0000] {processor.py:840} INFO - DAG(s) 'netflix_etl_pipeline' retrieved from /opt/airflow/dags/netflix_dag.py
[2026-09-06T06:08:09.735+0000] {logging_mixin.py:188} INFO - [2026-09-06T06:08:09.735+0000] {dag.py:3089} INFO - Sync 1 DAGs
[2026-09-06T06:08:09.909+0000] {logging_mixin.py:188} INFO - [2026-09-06T06:08:09.909+0000] {dag.py:3947} INFO - Setting next_dagrun for netflix_etl_pipeline to 2026-09-05 00:00:00+00:00, run_after=2026-09-06 00:00:00+00:00
[2026-09-06T06:08:10.146+0000] {processor.py:183} INFO - Processing /opt/airflow/dags/netflix_dag.py took 0.577 seconds
[2026-09-06T06:08:40.309+0000] {processor.py:161} INFO - Started process (PID=4850) to work on /opt/airflow/dags/netflix_dag.py
[2026-09-06T06:08:40.312+0000] {processor.py:830} INFO - Processing file /opt/airflow/dags/netflix_dag.py for tasks to queue
[2026-09-06T06:08:40.317+0000] {logging_mixin.py:188} INFO - [2026-09-06T06:08:40.316+0000] {dagbag.py:545} INFO - Filling up the DagBag from /opt/airflow/dags/netflix_dag.py
[2026-09-06T06:08:40.369+0000] {processor.py:840} INFO - DAG(s) 'netflix_etl_pipeline' retrieved from /opt/airflow/dags/netflix_dag.py
[2026-09-06T06:08:40.441+0000] {logging_mixin.py:188} INFO - [2026-09-06T06:08:40.441+0000] {dag.py:3089} INFO - Sync 1 DAGs
[2026-09-06T06:08:40.495+0000] {logging_mixin.py:188} INFO - [2026-09-06T06:08:40.494+0000] {dag.py:3947} INFO - Setting next_dagrun for netflix_etl_pipeline to 2026-09-05 00:00:00+00:00, run_after=2026-09-06 00:00:00+00:00
[2026-09-06T06:08:40.538+0000] {processor.py:183} INFO - Processing /opt/airflow/dags/netflix_dag.py took 0.241 seconds
[2026-09-06T06:09:11.531+0000] {processor.py:161} INFO - Started process (PID=4861) to work on /opt/airflow/dags/netflix_dag.py
[2026-09-06T06:09:11.534+0000] {processor.py:830} INFO - Processing file /opt/airflow/dags/netflix_dag.py for tasks to queue
[2026-09-06T06:09:11.542+0000] {logging_mixin.py:188} INFO - [2026-09-06T06:09:11.540+0000] {dagbag.py:545} INFO - Filling up the DagBag from /opt/airflow/dags/netflix_dag.py
[2026-09-06T06:09:11.604+0000] {processor.py:840} INFO - DAG(s) 'netflix_etl_pipeline' retrieved from /opt/airflow/dags/netflix_dag.py
[2026-09-06T06:09:11.684+0000] {logging_mixin.py:188} INFO - [2026-09-06T06:09:11.684+0000] {dag.py:3089} INFO - Sync 1 DAGs
[2026-09-06T06:09:11.795+0000] {logging_mixin.py:188} INFO - [2026-09-06T06:09:11.794+0000] {dag.py:3947} INFO - Setting next_dagrun for netflix_etl_pipeline to 2026-09-05 00:00:00+00:00, run_after=2026-09-06 00:00:00+00:00
[2026-09-06T06:09:11.992+0000] {processor.py:183} INFO - Processing /opt/airflow/dags/netflix_dag.py took 0.479 seconds
[2026-09-06T06:09:43.168+0000] {processor.py:161} INFO - Started process (PID=4872) to work on /opt/airflow/dags/netflix_dag.py
[2026-09-06T06:09:43.192+0000] {processor.py:830} INFO - Processing file /opt/airflow/dags/netflix_dag.py for tasks to queue
[2026-09-06T06:09:43.228+0000] {logging_mixin.py:188} INFO - [2026-09-06T06:09:43.226+0000] {dagbag.py:545} INFO - Filling up the DagBag from /opt/airflow/dags/netflix_dag.py
[2026-09-06T06:09:43.421+0000] {processor.py:840} INFO - DAG(s) 'netflix_etl_pipeline' retrieved from /opt/airflow/dags/netflix_dag.py
[2026-09-06T06:09:43.727+0000] {logging_mixin.py:188} INFO - [2026-09-06T06:09:43.726+0000] {dag.py:3089} INFO - Sync 1 DAGs
[2026-09-06T06:09:43.936+0000] {logging_mixin.py:188} INFO - [2026-09-06T06:09:43.936+0000] {dag.py:3947} INFO - Setting next_dagrun for netflix_etl_pipeline to 2026-09-05 00:00:00+00:00, run_after=2026-09-06 00:00:00+00:00
[2026-09-06T06:09:44.133+0000] {processor.py:183} INFO - Processing /opt/airflow/dags/netflix_dag.py took 1.009 seconds
[2026-09-06T06:10:14.636+0000] {processor.py:161} INFO - Started process (PID=4883) to work on /opt/airflow/dags/netflix_dag.py
[2026-09-06T06:10:14.639+0000] {processor.py:830} INFO - Processing file /opt/airflow/dags/netflix_dag.py for tasks to queue
[2026-09-06T06:10:14.645+0000] {logging_mixin.py:188} INFO - [2026-09-06T06:10:14.644+0000] {dagbag.py:545} INFO - Filling up the DagBag from /opt/airflow/dags/netflix_dag.py
[2026-09-06T06:10:14.688+0000] {processor.py:840} INFO - DAG(s) 'netflix_etl_pipeline' retrieved from /opt/airflow/dags/netflix_dag.py
[2026-09-06T06:10:14.790+0000] {logging_mixin.py:188} INFO - [2026-09-06T06:10:14.789+0000] {dag.py:3089} INFO - Sync 1 DAGs
[2026-09-06T06:10:14.967+0000] {logging_mixin.py:188} INFO - [2026-09-06T06:10:14.967+0000] {dag.py:3947} INFO - Setting next_dagrun for netflix_etl_pipeline to 2026-09-05 00:00:00+00:00, run_after=2026-09-06 00:00:00+00:00
[2026-09-06T06:10:15.149+0000] {processor.py:183} INFO - Processing /opt/airflow/dags/netflix_dag.py took 0.531 seconds
[2026-09-06T06:10:46.608+0000] {processor.py:161} INFO - Started process (PID=4894) to work on /opt/airflow/dags/netflix_dag.py
[2026-09-06T06:10:46.642+0000] {processor.py:830} INFO - Processing file /opt/airflow/dags/netflix_dag.py for tasks to queue
[2026-09-06T06:10:46.664+0000] {logging_mixin.py:188} INFO - [2026-09-06T06:10:46.663+0000] {dagbag.py:545} INFO - Filling up the DagBag from /opt/airflow/dags/netflix_dag.py
[2026-09-06T06:10:47.397+0000] {processor.py:840} INFO - DAG(s) 'netflix_etl_pipeline' retrieved from /opt/airflow/dags/netflix_dag.py
[2026-09-06T06:10:47.557+0000] {logging_mixin.py:188} INFO - [2026-09-06T06:10:47.556+0000] {dag.py:3089} INFO - Sync 1 DAGs
[2026-09-06T06:10:47.635+0000] {logging_mixin.py:188} INFO - [2026-09-06T06:10:47.634+0000] {dag.py:3947} INFO - Setting next_dagrun for netflix_etl_pipeline to 2026-09-05 00:00:00+00:00, run_after=2026-09-06 00:00:00+00:00
[2026-09-06T06:10:47.687+0000] {processor.py:183} INFO - Processing /opt/airflow/dags/netflix_dag.py took 1.120 seconds
[2026-09-06T06:11:17.842+0000] {processor.py:161} INFO - Started process (PID=4905) to work on /opt/airflow/dags/netflix_dag.py
[2026-09-06T06:11:17.845+0000] {processor.py:830} INFO - Processing file /opt/airflow/dags/netflix_dag.py for tasks to queue
[2026-09-06T06:11:17.850+0000] {logging_mixin.py:188} INFO - [2026-09-06T06:11:17.850+0000] {dagbag.py:545} INFO - Filling up the DagBag from /opt/airflow/dags/netflix_dag.py
[2026-09-06T06:11:17.907+0000] {processor.py:840} INFO - DAG(s) 'netflix_etl_pipeline' retrieved from /opt/airflow/dags/netflix_dag.py
[2026-09-06T06:11:17.987+0000] {logging_mixin.py:188} INFO - [2026-09-06T06:11:17.987+0000] {dag.py:3089} INFO - Sync 1 DAGs
[2026-09-06T06:11:18.036+0000] {logging_mixin.py:188} INFO - [2026-09-06T06:11:18.036+0000] {dag.py:3947} INFO - Setting next_dagrun for netflix_etl_pipeline to 2026-09-05 00:00:00+00:00, run_after=2026-09-06 00:00:00+00:00
[2026-09-06T06:11:18.814+0000] {processor.py:183} INFO - Processing /opt/airflow/dags/netflix_dag.py took 0.987 seconds
[2026-09-06T06:11:50.709+0000] {processor.py:161} INFO - Started process (PID=4916) to work on /opt/airflow/dags/netflix_dag.py
[2026-09-06T06:11:50.735+0000] {processor.py:830} INFO - Processing file /opt/airflow/dags/netflix_dag.py for tasks to queue
[2026-09-06T06:11:50.777+0000] {logging_mixin.py:188} INFO - [2026-09-06T06:11:50.776+0000] {dagbag.py:545} INFO - Filling up the DagBag from /opt/airflow/dags/netflix_dag.py
[2026-09-06T06:11:51.564+0000] {processor.py:840} INFO - DAG(s) 'netflix_etl_pipeline' retrieved from /opt/airflow/dags/netflix_dag.py
[2026-09-06T06:11:51.821+0000] {logging_mixin.py:188} INFO - [2026-09-06T06:11:51.820+0000] {dag.py:3089} INFO - Sync 1 DAGs
[2026-09-06T06:11:52.011+0000] {logging_mixin.py:188} INFO - [2026-09-06T06:11:52.011+0000] {dag.py:3947} INFO - Setting next_dagrun for netflix_etl_pipeline to 2026-09-05 00:00:00+00:00, run_after=2026-09-06 00:00:00+00:00
[2026-09-06T06:11:52.257+0000] {processor.py:183} INFO - Processing /opt/airflow/dags/netflix_dag.py took 1.573 seconds
[2026-09-06T06:12:23.341+0000] {processor.py:161} INFO - Started process (PID=4927) to work on /opt/airflow/dags/netflix_dag.py
[2026-09-06T06:12:23.364+0000] {processor.py:830} INFO - Processing file /opt/airflow/dags/netflix_dag.py for tasks to queue
[2026-09-06T06:12:23.424+0000] {logging_mixin.py:188} INFO - [2026-09-06T06:12:23.423+0000] {dagbag.py:545} INFO - Filling up the DagBag from /opt/airflow/dags/netflix_dag.py
[2026-09-06T06:12:23.737+0000] {processor.py:840} INFO - DAG(s) 'netflix_etl_pipeline' retrieved from /opt/airflow/dags/netflix_dag.py
[2026-09-06T06:12:23.876+0000] {logging_mixin.py:188} INFO - [2026-09-06T06:12:23.875+0000] {dag.py:3089} INFO - Sync 1 DAGs
[2026-09-06T06:12:24.062+0000] {logging_mixin.py:188} INFO - [2026-09-06T06:12:24.061+0000] {dag.py:3947} INFO - Setting next_dagrun for netflix_etl_pipeline to 2026-09-05 00:00:00+00:00, run_after=2026-09-06 00:00:00+00:00
[2026-09-06T06:12:24.251+0000] {processor.py:183} INFO - Processing /opt/airflow/dags/netflix_dag.py took 0.943 seconds
[2026-09-06T06:12:55.414+0000] {processor.py:161} INFO - Started process (PID=4938) to work on /opt/airflow/dags/netflix_dag.py
[2026-09-06T06:12:55.420+0000] {processor.py:830} INFO - Processing file /opt/airflow/dags/netflix_dag.py for tasks to queue
[2026-09-06T06:12:55.428+0000] {logging_mixin.py:188} INFO - [2026-09-06T06:12:55.427+0000] {dagbag.py:545} INFO - Filling up the DagBag from /opt/airflow/dags/netflix_dag.py
[2026-09-06T06:12:55.476+0000] {processor.py:840} INFO - DAG(s) 'netflix_etl_pipeline' retrieved from /opt/airflow/dags/netflix_dag.py
[2026-09-06T06:12:55.697+0000] {logging_mixin.py:188} INFO - [2026-09-06T06:12:55.686+0000] {dag.py:3089} INFO - Sync 1 DAGs
[2026-09-06T06:12:55.921+0000] {logging_mixin.py:188} INFO - [2026-09-06T06:12:55.910+0000] {dag.py:3947} INFO - Setting next_dagrun for netflix_etl_pipeline to 2026-09-05 00:00:00+00:00, run_after=2026-09-06 00:00:00+00:00
[2026-09-06T06:12:56.138+0000] {processor.py:183} INFO - Processing /opt/airflow/dags/netflix_dag.py took 0.751 seconds
[2026-09-06T06:13:27.840+0000] {processor.py:161} INFO - Started process (PID=4949) to work on /opt/airflow/dags/netflix_dag.py
[2026-09-06T06:13:27.846+0000] {processor.py:830} INFO - Processing file /opt/airflow/dags/netflix_dag.py for tasks to queue
[2026-09-06T06:13:27.853+0000] {logging_mixin.py:188} INFO - [2026-09-06T06:13:27.852+0000] {dagbag.py:545} INFO - Filling up the DagBag from /opt/airflow/dags/netflix_dag.py
[2026-09-06T06:13:27.911+0000] {processor.py:840} INFO - DAG(s) 'netflix_etl_pipeline' retrieved from /opt/airflow/dags/netflix_dag.py
[2026-09-06T06:13:28.102+0000] {logging_mixin.py:188} INFO - [2026-09-06T06:13:28.101+0000] {dag.py:3089} INFO - Sync 1 DAGs
[2026-09-06T06:13:28.343+0000] {logging_mixin.py:188} INFO - [2026-09-06T06:13:28.342+0000] {dag.py:3947} INFO - Setting next_dagrun for netflix_etl_pipeline to 2026-09-05 00:00:00+00:00, run_after=2026-09-06 00:00:00+00:00
[2026-09-06T06:13:28.658+0000] {processor.py:183} INFO - Processing /opt/airflow/dags/netflix_dag.py took 0.842 seconds
[2026-09-06T06:13:59.386+0000] {processor.py:161} INFO - Started process (PID=4960) to work on /opt/airflow/dags/netflix_dag.py
[2026-09-06T06:13:59.390+0000] {processor.py:830} INFO - Processing file /opt/airflow/dags/netflix_dag.py for tasks to queue
[2026-09-06T06:13:59.396+0000] {logging_mixin.py:188} INFO - [2026-09-06T06:13:59.395+0000] {dagbag.py:545} INFO - Filling up the DagBag from /opt/airflow/dags/netflix_dag.py
[2026-09-06T06:13:59.451+0000] {processor.py:840} INFO - DAG(s) 'netflix_etl_pipeline' retrieved from /opt/airflow/dags/netflix_dag.py
[2026-09-06T06:13:59.593+0000] {logging_mixin.py:188} INFO - [2026-09-06T06:13:59.592+0000] {dag.py:3089} INFO - Sync 1 DAGs
[2026-09-06T06:13:59.710+0000] {logging_mixin.py:188} INFO - [2026-09-06T06:13:59.709+0000] {dag.py:3947} INFO - Setting next_dagrun for netflix_etl_pipeline to 2026-09-05 00:00:00+00:00, run_after=2026-09-06 00:00:00+00:00
[2026-09-06T06:13:59.794+0000] {processor.py:183} INFO - Processing /opt/airflow/dags/netflix_dag.py took 0.427 seconds
[2026-09-06T06:14:30.685+0000] {processor.py:161} INFO - Started process (PID=4971) to work on /opt/airflow/dags/netflix_dag.py
[2026-09-06T06:14:30.690+0000] {processor.py:830} INFO - Processing file /opt/airflow/dags/netflix_dag.py for tasks to queue
[2026-09-06T06:14:30.699+0000] {logging_mixin.py:188} INFO - [2026-09-06T06:14:30.698+0000] {dagbag.py:545} INFO - Filling up the DagBag from /opt/airflow/dags/netflix_dag.py
[2026-09-06T06:14:30.748+0000] {processor.py:840} INFO - DAG(s) 'netflix_etl_pipeline' retrieved from /opt/airflow/dags/netflix_dag.py
[2026-09-06T06:14:30.844+0000] {logging_mixin.py:188} INFO - [2026-09-06T06:14:30.843+0000] {dag.py:3089} INFO - Sync 1 DAGs
[2026-09-06T06:14:30.894+0000] {logging_mixin.py:188} INFO - [2026-09-06T06:14:30.893+0000] {dag.py:3947} INFO - Setting next_dagrun for netflix_etl_pipeline to 2026-09-05 00:00:00+00:00, run_after=2026-09-06 00:00:00+00:00
[2026-09-06T06:14:30.951+0000] {processor.py:183} INFO - Processing /opt/airflow/dags/netflix_dag.py took 0.302 seconds
[2026-09-06T06:15:02.024+0000] {processor.py:161} INFO - Started process (PID=4982) to work on /opt/airflow/dags/netflix_dag.py
[2026-09-06T06:15:02.067+0000] {processor.py:830} INFO - Processing file /opt/airflow/dags/netflix_dag.py for tasks to queue
[2026-09-06T06:15:02.104+0000] {logging_mixin.py:188} INFO - [2026-09-06T06:15:02.103+0000] {dagbag.py:545} INFO - Filling up the DagBag from /opt/airflow/dags/netflix_dag.py
[2026-09-06T06:15:02.966+0000] {processor.py:840} INFO - DAG(s) 'netflix_etl_pipeline' retrieved from /opt/airflow/dags/netflix_dag.py
[2026-09-06T06:15:03.098+0000] {logging_mixin.py:188} INFO - [2026-09-06T06:15:03.098+0000] {dag.py:3089} INFO - Sync 1 DAGs
[2026-09-06T06:15:03.243+0000] {logging_mixin.py:188} INFO - [2026-09-06T06:15:03.243+0000] {dag.py:3947} INFO - Setting next_dagrun for netflix_etl_pipeline to 2026-09-05 00:00:00+00:00, run_after=2026-09-06 00:00:00+00:00
[2026-09-06T06:15:03.413+0000] {processor.py:183} INFO - Processing /opt/airflow/dags/netflix_dag.py took 1.473 seconds
[2026-09-06T06:15:33.680+0000] {processor.py:161} INFO - Started process (PID=4993) to work on /opt/airflow/dags/netflix_dag.py
[2026-09-06T06:15:33.683+0000] {processor.py:830} INFO - Processing file /opt/airflow/dags/netflix_dag.py for tasks to queue
[2026-09-06T06:15:33.688+0000] {logging_mixin.py:188} INFO - [2026-09-06T06:15:33.687+0000] {dagbag.py:545} INFO - Filling up the DagBag from /opt/airflow/dags/netflix_dag.py
[2026-09-06T06:15:33.745+0000] {processor.py:840} INFO - DAG(s) 'netflix_etl_pipeline' retrieved from /opt/airflow/dags/netflix_dag.py
[2026-09-06T06:15:34.011+0000] {logging_mixin.py:188} INFO - [2026-09-06T06:15:34.010+0000] {dag.py:3089} INFO - Sync 1 DAGs
[2026-09-06T06:15:34.245+0000] {logging_mixin.py:188} INFO - [2026-09-06T06:15:34.245+0000] {dag.py:3947} INFO - Setting next_dagrun for netflix_etl_pipeline to 2026-09-05 00:00:00+00:00, run_after=2026-09-06 00:00:00+00:00
[2026-09-06T06:15:34.490+0000] {processor.py:183} INFO - Processing /opt/airflow/dags/netflix_dag.py took 0.828 seconds
[2026-09-06T06:16:06.196+0000] {processor.py:161} INFO - Started process (PID=5005) to work on /opt/airflow/dags/netflix_dag.py
[2026-09-06T06:16:06.226+0000] {processor.py:830} INFO - Processing file /opt/airflow/dags/netflix_dag.py for tasks to queue
[2026-09-06T06:16:06.261+0000] {logging_mixin.py:188} INFO - [2026-09-06T06:16:06.261+0000] {dagbag.py:545} INFO - Filling up the DagBag from /opt/airflow/dags/netflix_dag.py
[2026-09-06T06:16:07.002+0000] {processor.py:840} INFO - DAG(s) 'netflix_etl_pipeline' retrieved from /opt/airflow/dags/netflix_dag.py
[2026-09-06T06:16:07.297+0000] {logging_mixin.py:188} INFO - [2026-09-06T06:16:07.297+0000] {dag.py:3089} INFO - Sync 1 DAGs
[2026-09-06T06:16:07.497+0000] {logging_mixin.py:188} INFO - [2026-09-06T06:16:07.497+0000] {dag.py:3947} INFO - Setting next_dagrun for netflix_etl_pipeline to 2026-09-05 00:00:00+00:00, run_after=2026-09-06 00:00:00+00:00
[2026-09-06T06:16:07.724+0000] {processor.py:183} INFO - Processing /opt/airflow/dags/netflix_dag.py took 1.563 seconds
[2026-09-06T06:16:38.121+0000] {processor.py:161} INFO - Started process (PID=5024) to work on /opt/airflow/dags/netflix_dag.py
[2026-09-06T06:16:38.125+0000] {processor.py:830} INFO - Processing file /opt/airflow/dags/netflix_dag.py for tasks to queue
[2026-09-06T06:16:38.133+0000] {logging_mixin.py:188} INFO - [2026-09-06T06:16:38.132+0000] {dagbag.py:545} INFO - Filling up the DagBag from /opt/airflow/dags/netflix_dag.py
[2026-09-06T06:16:38.179+0000] {processor.py:840} INFO - DAG(s) 'netflix_etl_pipeline' retrieved from /opt/airflow/dags/netflix_dag.py
[2026-09-06T06:16:38.391+0000] {logging_mixin.py:188} INFO - [2026-09-06T06:16:38.391+0000] {dag.py:3089} INFO - Sync 1 DAGs
[2026-09-06T06:16:38.633+0000] {logging_mixin.py:188} INFO - [2026-09-06T06:16:38.633+0000] {dag.py:3947} INFO - Setting next_dagrun for netflix_etl_pipeline to 2026-09-05 00:00:00+00:00, run_after=2026-09-06 00:00:00+00:00
[2026-09-06T06:16:38.827+0000] {processor.py:183} INFO - Processing /opt/airflow/dags/netflix_dag.py took 0.724 seconds
[2026-09-06T06:17:09.830+0000] {processor.py:161} INFO - Started process (PID=5035) to work on /opt/airflow/dags/netflix_dag.py
[2026-09-06T06:17:09.861+0000] {processor.py:830} INFO - Processing file /opt/airflow/dags/netflix_dag.py for tasks to queue
[2026-09-06T06:17:09.886+0000] {logging_mixin.py:188} INFO - [2026-09-06T06:17:09.885+0000] {dagbag.py:545} INFO - Filling up the DagBag from /opt/airflow/dags/netflix_dag.py
[2026-09-06T06:17:10.464+0000] {processor.py:840} INFO - DAG(s) 'netflix_etl_pipeline' retrieved from /opt/airflow/dags/netflix_dag.py
[2026-09-06T06:17:10.567+0000] {logging_mixin.py:188} INFO - [2026-09-06T06:17:10.566+0000] {dag.py:3089} INFO - Sync 1 DAGs
[2026-09-06T06:17:10.627+0000] {logging_mixin.py:188} INFO - [2026-09-06T06:17:10.627+0000] {dag.py:3947} INFO - Setting next_dagrun for netflix_etl_pipeline to 2026-09-05 00:00:00+00:00, run_after=2026-09-06 00:00:00+00:00
[2026-09-06T06:17:10.677+0000] {processor.py:183} INFO - Processing /opt/airflow/dags/netflix_dag.py took 0.884 seconds
[2026-09-06T06:17:41.129+0000] {processor.py:161} INFO - Started process (PID=5046) to work on /opt/airflow/dags/netflix_dag.py
[2026-09-06T06:17:41.132+0000] {processor.py:830} INFO - Processing file /opt/airflow/dags/netflix_dag.py for tasks to queue
[2026-09-06T06:17:41.138+0000] {logging_mixin.py:188} INFO - [2026-09-06T06:17:41.137+0000] {dagbag.py:545} INFO - Filling up the DagBag from /opt/airflow/dags/netflix_dag.py
[2026-09-06T06:17:41.179+0000] {processor.py:840} INFO - DAG(s) 'netflix_etl_pipeline' retrieved from /opt/airflow/dags/netflix_dag.py
[2026-09-06T06:17:41.250+0000] {logging_mixin.py:188} INFO - [2026-09-06T06:17:41.250+0000] {dag.py:3089} INFO - Sync 1 DAGs
[2026-09-06T06:17:41.343+0000] {logging_mixin.py:188} INFO - [2026-09-06T06:17:41.334+0000] {dag.py:3947} INFO - Setting next_dagrun for netflix_etl_pipeline to 2026-09-05 00:00:00+00:00, run_after=2026-09-06 00:00:00+00:00
[2026-09-06T06:17:41.528+0000] {processor.py:183} INFO - Processing /opt/airflow/dags/netflix_dag.py took 0.414 seconds
[2026-09-06T06:18:11.847+0000] {processor.py:161} INFO - Started process (PID=5057) to work on /opt/airflow/dags/netflix_dag.py
[2026-09-06T06:18:11.897+0000] {processor.py:830} INFO - Processing file /opt/airflow/dags/netflix_dag.py for tasks to queue
[2026-09-06T06:18:11.937+0000] {logging_mixin.py:188} INFO - [2026-09-06T06:18:11.935+0000] {dagbag.py:545} INFO - Filling up the DagBag from /opt/airflow/dags/netflix_dag.py
[2026-09-06T06:18:12.668+0000] {processor.py:840} INFO - DAG(s) 'netflix_etl_pipeline' retrieved from /opt/airflow/dags/netflix_dag.py
[2026-09-06T06:18:12.950+0000] {logging_mixin.py:188} INFO - [2026-09-06T06:18:12.949+0000] {dag.py:3089} INFO - Sync 1 DAGs
[2026-09-06T06:18:13.141+0000] {logging_mixin.py:188} INFO - [2026-09-06T06:18:13.140+0000] {dag.py:3947} INFO - Setting next_dagrun for netflix_etl_pipeline to 2026-09-05 00:00:00+00:00, run_after=2026-09-06 00:00:00+00:00
[2026-09-06T06:18:13.249+0000] {processor.py:183} INFO - Processing /opt/airflow/dags/netflix_dag.py took 1.433 seconds
[2026-09-06T06:18:43.708+0000] {processor.py:161} INFO - Started process (PID=5068) to work on /opt/airflow/dags/netflix_dag.py
[2026-09-06T06:18:43.711+0000] {processor.py:830} INFO - Processing file /opt/airflow/dags/netflix_dag.py for tasks to queue
[2026-09-06T06:18:43.716+0000] {logging_mixin.py:188} INFO - [2026-09-06T06:18:43.715+0000] {dagbag.py:545} INFO - Filling up the DagBag from /opt/airflow/dags/netflix_dag.py
[2026-09-06T06:18:43.758+0000] {processor.py:840} INFO - DAG(s) 'netflix_etl_pipeline' retrieved from /opt/airflow/dags/netflix_dag.py
[2026-09-06T06:18:43.963+0000] {logging_mixin.py:188} INFO - [2026-09-06T06:18:43.963+0000] {dag.py:3089} INFO - Sync 1 DAGs
[2026-09-06T06:18:44.132+0000] {logging_mixin.py:188} INFO - [2026-09-06T06:18:44.122+0000] {dag.py:3947} INFO - Setting next_dagrun for netflix_etl_pipeline to 2026-09-05 00:00:00+00:00, run_after=2026-09-06 00:00:00+00:00
[2026-09-06T06:18:44.342+0000] {processor.py:183} INFO - Processing /opt/airflow/dags/netflix_dag.py took 0.650 seconds
[2026-09-06T06:19:15.094+0000] {processor.py:161} INFO - Started process (PID=5079) to work on /opt/airflow/dags/netflix_dag.py
[2026-09-06T06:19:15.098+0000] {processor.py:830} INFO - Processing file /opt/airflow/dags/netflix_dag.py for tasks to queue
[2026-09-06T06:19:15.104+0000] {logging_mixin.py:188} INFO - [2026-09-06T06:19:15.103+0000] {dagbag.py:545} INFO - Filling up the DagBag from /opt/airflow/dags/netflix_dag.py
[2026-09-06T06:19:15.151+0000] {processor.py:840} INFO - DAG(s) 'netflix_etl_pipeline' retrieved from /opt/airflow/dags/netflix_dag.py
[2026-09-06T06:19:15.224+0000] {logging_mixin.py:188} INFO - [2026-09-06T06:19:15.223+0000] {dag.py:3089} INFO - Sync 1 DAGs
[2026-09-06T06:19:15.273+0000] {logging_mixin.py:188} INFO - [2026-09-06T06:19:15.273+0000] {dag.py:3947} INFO - Setting next_dagrun for netflix_etl_pipeline to 2026-09-05 00:00:00+00:00, run_after=2026-09-06 00:00:00+00:00
[2026-09-06T06:19:15.312+0000] {processor.py:183} INFO - Processing /opt/airflow/dags/netflix_dag.py took 0.239 seconds
[2026-09-06T06:19:46.273+0000] {processor.py:161} INFO - Started process (PID=5090) to work on /opt/airflow/dags/netflix_dag.py
[2026-09-06T06:19:46.287+0000] {processor.py:830} INFO - Processing file /opt/airflow/dags/netflix_dag.py for tasks to queue
[2026-09-06T06:19:46.322+0000] {logging_mixin.py:188} INFO - [2026-09-06T06:19:46.321+0000] {dagbag.py:545} INFO - Filling up the DagBag from /opt/airflow/dags/netflix_dag.py
[2026-09-06T06:19:46.558+0000] {processor.py:840} INFO - DAG(s) 'netflix_etl_pipeline' retrieved from /opt/airflow/dags/netflix_dag.py
[2026-09-06T06:19:46.732+0000] {logging_mixin.py:188} INFO - [2026-09-06T06:19:46.731+0000] {dag.py:3089} INFO - Sync 1 DAGs
[2026-09-06T06:19:46.921+0000] {logging_mixin.py:188} INFO - [2026-09-06T06:19:46.921+0000] {dag.py:3947} INFO - Setting next_dagrun for netflix_etl_pipeline to 2026-09-05 00:00:00+00:00, run_after=2026-09-06 00:00:00+00:00
[2026-09-06T06:19:47.113+0000] {processor.py:183} INFO - Processing /opt/airflow/dags/netflix_dag.py took 0.874 seconds
[2026-09-06T06:20:17.895+0000] {processor.py:161} INFO - Started process (PID=5101) to work on /opt/airflow/dags/netflix_dag.py
[2026-09-06T06:20:17.899+0000] {processor.py:830} INFO - Processing file /opt/airflow/dags/netflix_dag.py for tasks to queue
[2026-09-06T06:20:17.906+0000] {logging_mixin.py:188} INFO - [2026-09-06T06:20:17.906+0000] {dagbag.py:545} INFO - Filling up the DagBag from /opt/airflow/dags/netflix_dag.py
[2026-09-06T06:20:17.962+0000] {processor.py:840} INFO - DAG(s) 'netflix_etl_pipeline' retrieved from /opt/airflow/dags/netflix_dag.py
[2026-09-06T06:20:18.041+0000] {logging_mixin.py:188} INFO - [2026-09-06T06:20:18.040+0000] {dag.py:3089} INFO - Sync 1 DAGs
[2026-09-06T06:20:18.098+0000] {logging_mixin.py:188} INFO - [2026-09-06T06:20:18.098+0000] {dag.py:3947} INFO - Setting next_dagrun for netflix_etl_pipeline to 2026-09-05 00:00:00+00:00, run_after=2026-09-06 00:00:00+00:00
[2026-09-06T06:20:18.293+0000] {processor.py:183} INFO - Processing /opt/airflow/dags/netflix_dag.py took 0.421 seconds
[2026-09-06T06:20:50.103+0000] {processor.py:161} INFO - Started process (PID=5112) to work on /opt/airflow/dags/netflix_dag.py
[2026-09-06T06:20:50.107+0000] {processor.py:830} INFO - Processing file /opt/airflow/dags/netflix_dag.py for tasks to queue
[2026-09-06T06:20:50.114+0000] {logging_mixin.py:188} INFO - [2026-09-06T06:20:50.113+0000] {dagbag.py:545} INFO - Filling up the DagBag from /opt/airflow/dags/netflix_dag.py
[2026-09-06T06:20:50.159+0000] {processor.py:840} INFO - DAG(s) 'netflix_etl_pipeline' retrieved from /opt/airflow/dags/netflix_dag.py
[2026-09-06T06:20:50.306+0000] {logging_mixin.py:188} INFO - [2026-09-06T06:20:50.306+0000] {dag.py:3089} INFO - Sync 1 DAGs
[2026-09-06T06:20:50.525+0000] {logging_mixin.py:188} INFO - [2026-09-06T06:20:50.525+0000] {dag.py:3947} INFO - Setting next_dagrun for netflix_etl_pipeline to 2026-09-05 00:00:00+00:00, run_after=2026-09-06 00:00:00+00:00
[2026-09-06T06:20:50.712+0000] {processor.py:183} INFO - Processing /opt/airflow/dags/netflix_dag.py took 0.640 seconds
[2026-09-06T06:21:21.638+0000] {processor.py:161} INFO - Started process (PID=5123) to work on /opt/airflow/dags/netflix_dag.py
[2026-09-06T06:21:21.642+0000] {processor.py:830} INFO - Processing file /opt/airflow/dags/netflix_dag.py for tasks to queue
[2026-09-06T06:21:21.650+0000] {logging_mixin.py:188} INFO - [2026-09-06T06:21:21.648+0000] {dagbag.py:545} INFO - Filling up the DagBag from /opt/airflow/dags/netflix_dag.py
[2026-09-06T06:21:21.720+0000] {processor.py:840} INFO - DAG(s) 'netflix_etl_pipeline' retrieved from /opt/airflow/dags/netflix_dag.py
[2026-09-06T06:21:21.940+0000] {logging_mixin.py:188} INFO - [2026-09-06T06:21:21.940+0000] {dag.py:3089} INFO - Sync 1 DAGs
[2026-09-06T06:21:22.180+0000] {logging_mixin.py:188} INFO - [2026-09-06T06:21:22.179+0000] {dag.py:3947} INFO - Setting next_dagrun for netflix_etl_pipeline to 2026-09-05 00:00:00+00:00, run_after=2026-09-06 00:00:00+00:00
[2026-09-06T06:21:22.458+0000] {processor.py:183} INFO - Processing /opt/airflow/dags/netflix_dag.py took 0.855 seconds
[2026-09-06T06:21:52.768+0000] {processor.py:161} INFO - Started process (PID=5134) to work on /opt/airflow/dags/netflix_dag.py
[2026-09-06T06:21:52.772+0000] {processor.py:830} INFO - Processing file /opt/airflow/dags/netflix_dag.py for tasks to queue
[2026-09-06T06:21:52.778+0000] {logging_mixin.py:188} INFO - [2026-09-06T06:21:52.777+0000] {dagbag.py:545} INFO - Filling up the DagBag from /opt/airflow/dags/netflix_dag.py
[2026-09-06T06:21:53.520+0000] {processor.py:840} INFO - DAG(s) 'netflix_etl_pipeline' retrieved from /opt/airflow/dags/netflix_dag.py
[2026-09-06T06:21:53.860+0000] {logging_mixin.py:188} INFO - [2026-09-06T06:21:53.859+0000] {dag.py:3089} INFO - Sync 1 DAGs
[2026-09-06T06:21:54.048+0000] {logging_mixin.py:188} INFO - [2026-09-06T06:21:54.047+0000] {dag.py:3947} INFO - Setting next_dagrun for netflix_etl_pipeline to 2026-09-05 00:00:00+00:00, run_after=2026-09-06 00:00:00+00:00
[2026-09-06T06:21:54.095+0000] {processor.py:183} INFO - Processing /opt/airflow/dags/netflix_dag.py took 1.344 seconds
[2026-09-06T06:22:24.427+0000] {processor.py:161} INFO - Started process (PID=5146) to work on /opt/airflow/dags/netflix_dag.py
[2026-09-06T06:22:24.431+0000] {processor.py:830} INFO - Processing file /opt/airflow/dags/netflix_dag.py for tasks to queue
[2026-09-06T06:22:24.438+0000] {logging_mixin.py:188} INFO - [2026-09-06T06:22:24.437+0000] {dagbag.py:545} INFO - Filling up the DagBag from /opt/airflow/dags/netflix_dag.py
[2026-09-06T06:22:24.495+0000] {processor.py:840} INFO - DAG(s) 'netflix_etl_pipeline' retrieved from /opt/airflow/dags/netflix_dag.py
[2026-09-06T06:22:24.571+0000] {logging_mixin.py:188} INFO - [2026-09-06T06:22:24.571+0000] {dag.py:3089} INFO - Sync 1 DAGs
[2026-09-06T06:22:24.625+0000] {logging_mixin.py:188} INFO - [2026-09-06T06:22:24.625+0000] {dag.py:3947} INFO - Setting next_dagrun for netflix_etl_pipeline to 2026-09-05 00:00:00+00:00, run_after=2026-09-06 00:00:00+00:00
[2026-09-06T06:22:24.670+0000] {processor.py:183} INFO - Processing /opt/airflow/dags/netflix_dag.py took 0.260 seconds
[2026-09-06T06:22:55.926+0000] {processor.py:161} INFO - Started process (PID=5157) to work on /opt/airflow/dags/netflix_dag.py
[2026-09-06T06:22:55.929+0000] {processor.py:830} INFO - Processing file /opt/airflow/dags/netflix_dag.py for tasks to queue
[2026-09-06T06:22:55.934+0000] {logging_mixin.py:188} INFO - [2026-09-06T06:22:55.934+0000] {dagbag.py:545} INFO - Filling up the DagBag from /opt/airflow/dags/netflix_dag.py
[2026-09-06T06:22:55.980+0000] {processor.py:840} INFO - DAG(s) 'netflix_etl_pipeline' retrieved from /opt/airflow/dags/netflix_dag.py
[2026-09-06T06:22:56.077+0000] {logging_mixin.py:188} INFO - [2026-09-06T06:22:56.077+0000] {dag.py:3089} INFO - Sync 1 DAGs
[2026-09-06T06:22:56.169+0000] {logging_mixin.py:188} INFO - [2026-09-06T06:22:56.168+0000] {dag.py:3947} INFO - Setting next_dagrun for netflix_etl_pipeline to 2026-09-05 00:00:00+00:00, run_after=2026-09-06 00:00:00+00:00
[2026-09-06T06:22:56.367+0000] {processor.py:183} INFO - Processing /opt/airflow/dags/netflix_dag.py took 0.459 seconds
[2026-09-06T06:23:27.178+0000] {processor.py:161} INFO - Started process (PID=5168) to work on /opt/airflow/dags/netflix_dag.py
[2026-09-06T06:23:27.181+0000] {processor.py:830} INFO - Processing file /opt/airflow/dags/netflix_dag.py for tasks to queue
[2026-09-06T06:23:27.186+0000] {logging_mixin.py:188} INFO - [2026-09-06T06:23:27.185+0000] {dagbag.py:545} INFO - Filling up the DagBag from /opt/airflow/dags/netflix_dag.py
[2026-09-06T06:23:27.886+0000] {processor.py:840} INFO - DAG(s) 'netflix_etl_pipeline' retrieved from /opt/airflow/dags/netflix_dag.py
[2026-09-06T06:23:28.074+0000] {logging_mixin.py:188} INFO - [2026-09-06T06:23:28.074+0000] {dag.py:3089} INFO - Sync 1 DAGs
[2026-09-06T06:23:28.152+0000] {logging_mixin.py:188} INFO - [2026-09-06T06:23:28.151+0000] {dag.py:3947} INFO - Setting next_dagrun for netflix_etl_pipeline to 2026-09-05 00:00:00+00:00, run_after=2026-09-06 00:00:00+00:00
[2026-09-06T06:23:28.201+0000] {processor.py:183} INFO - Processing /opt/airflow/dags/netflix_dag.py took 1.040 seconds
[2026-09-06T06:23:59.165+0000] {processor.py:161} INFO - Started process (PID=5179) to work on /opt/airflow/dags/netflix_dag.py
[2026-09-06T06:23:59.168+0000] {processor.py:830} INFO - Processing file /opt/airflow/dags/netflix_dag.py for tasks to queue
[2026-09-06T06:23:59.173+0000] {logging_mixin.py:188} INFO - [2026-09-06T06:23:59.172+0000] {dagbag.py:545} INFO - Filling up the DagBag from /opt/airflow/dags/netflix_dag.py
[2026-09-06T06:23:59.588+0000] {processor.py:840} INFO - DAG(s) 'netflix_etl_pipeline' retrieved from /opt/airflow/dags/netflix_dag.py
[2026-09-06T06:23:59.873+0000] {logging_mixin.py:188} INFO - [2026-09-06T06:23:59.873+0000] {dag.py:3089} INFO - Sync 1 DAGs
[2026-09-06T06:23:59.966+0000] {logging_mixin.py:188} INFO - [2026-09-06T06:23:59.966+0000] {dag.py:3947} INFO - Setting next_dagrun for netflix_etl_pipeline to 2026-09-05 00:00:00+00:00, run_after=2026-09-06 00:00:00+00:00
[2026-09-06T06:24:00.009+0000] {processor.py:183} INFO - Processing /opt/airflow/dags/netflix_dag.py took 0.858 seconds
[2026-09-06T06:24:30.364+0000] {processor.py:161} INFO - Started process (PID=5190) to work on /opt/airflow/dags/netflix_dag.py
[2026-09-06T06:24:30.368+0000] {processor.py:830} INFO - Processing file /opt/airflow/dags/netflix_dag.py for tasks to queue
[2026-09-06T06:24:30.373+0000] {logging_mixin.py:188} INFO - [2026-09-06T06:24:30.372+0000] {dagbag.py:545} INFO - Filling up the DagBag from /opt/airflow/dags/netflix_dag.py
[2026-09-06T06:24:30.419+0000] {processor.py:840} INFO - DAG(s) 'netflix_etl_pipeline' retrieved from /opt/airflow/dags/netflix_dag.py
[2026-09-06T06:24:30.497+0000] {logging_mixin.py:188} INFO - [2026-09-06T06:24:30.497+0000] {dag.py:3089} INFO - Sync 1 DAGs
[2026-09-06T06:24:30.600+0000] {logging_mixin.py:188} INFO - [2026-09-06T06:24:30.599+0000] {dag.py:3947} INFO - Setting next_dagrun for netflix_etl_pipeline to 2026-09-05 00:00:00+00:00, run_after=2026-09-06 00:00:00+00:00
[2026-09-06T06:24:30.822+0000] {processor.py:183} INFO - Processing /opt/airflow/dags/netflix_dag.py took 0.473 seconds
[2026-09-06T06:25:00.970+0000] {processor.py:161} INFO - Started process (PID=5201) to work on /opt/airflow/dags/netflix_dag.py
[2026-09-06T06:25:00.973+0000] {processor.py:830} INFO - Processing file /opt/airflow/dags/netflix_dag.py for tasks to queue
[2026-09-06T06:25:00.979+0000] {logging_mixin.py:188} INFO - [2026-09-06T06:25:00.978+0000] {dagbag.py:545} INFO - Filling up the DagBag from /opt/airflow/dags/netflix_dag.py
[2026-09-06T06:25:01.032+0000] {processor.py:840} INFO - DAG(s) 'netflix_etl_pipeline' retrieved from /opt/airflow/dags/netflix_dag.py
[2026-09-06T06:25:01.107+0000] {logging_mixin.py:188} INFO - [2026-09-06T06:25:01.107+0000] {dag.py:3089} INFO - Sync 1 DAGs
[2026-09-06T06:25:01.161+0000] {logging_mixin.py:188} INFO - [2026-09-06T06:25:01.161+0000] {dag.py:3947} INFO - Setting next_dagrun for netflix_etl_pipeline to 2026-09-05 00:00:00+00:00, run_after=2026-09-06 00:00:00+00:00
[2026-09-06T06:25:01.205+0000] {processor.py:183} INFO - Processing /opt/airflow/dags/netflix_dag.py took 0.250 seconds
[2026-09-06T06:25:32.955+0000] {processor.py:161} INFO - Started process (PID=5212) to work on /opt/airflow/dags/netflix_dag.py
[2026-09-06T06:25:32.986+0000] {processor.py:830} INFO - Processing file /opt/airflow/dags/netflix_dag.py for tasks to queue
[2026-09-06T06:25:32.998+0000] {logging_mixin.py:188} INFO - [2026-09-06T06:25:32.997+0000] {dagbag.py:545} INFO - Filling up the DagBag from /opt/airflow/dags/netflix_dag.py
[2026-09-06T06:25:33.225+0000] {processor.py:840} INFO - DAG(s) 'netflix_etl_pipeline' retrieved from /opt/airflow/dags/netflix_dag.py
[2026-09-06T06:25:33.315+0000] {logging_mixin.py:188} INFO - [2026-09-06T06:25:33.315+0000] {dag.py:3089} INFO - Sync 1 DAGs
[2026-09-06T06:25:33.366+0000] {logging_mixin.py:188} INFO - [2026-09-06T06:25:33.366+0000] {dag.py:3947} INFO - Setting next_dagrun for netflix_etl_pipeline to 2026-09-05 00:00:00+00:00, run_after=2026-09-06 00:00:00+00:00
[2026-09-06T06:25:33.407+0000] {processor.py:183} INFO - Processing /opt/airflow/dags/netflix_dag.py took 0.493 seconds
[2026-09-06T06:26:04.397+0000] {processor.py:161} INFO - Started process (PID=5223) to work on /opt/airflow/dags/netflix_dag.py
[2026-09-06T06:26:04.436+0000] {processor.py:830} INFO - Processing file /opt/airflow/dags/netflix_dag.py for tasks to queue
[2026-09-06T06:26:04.455+0000] {logging_mixin.py:188} INFO - [2026-09-06T06:26:04.454+0000] {dagbag.py:545} INFO - Filling up the DagBag from /opt/airflow/dags/netflix_dag.py
[2026-09-06T06:26:05.186+0000] {processor.py:840} INFO - DAG(s) 'netflix_etl_pipeline' retrieved from /opt/airflow/dags/netflix_dag.py
[2026-09-06T06:26:05.412+0000] {logging_mixin.py:188} INFO - [2026-09-06T06:26:05.411+0000] {dag.py:3089} INFO - Sync 1 DAGs
[2026-09-06T06:26:05.616+0000] {logging_mixin.py:188} INFO - [2026-09-06T06:26:05.615+0000] {dag.py:3947} INFO - Setting next_dagrun for netflix_etl_pipeline to 2026-09-05 00:00:00+00:00, run_after=2026-09-06 00:00:00+00:00
[2026-09-06T06:26:05.791+0000] {processor.py:183} INFO - Processing /opt/airflow/dags/netflix_dag.py took 1.432 seconds
[2026-09-06T06:26:36.972+0000] {processor.py:161} INFO - Started process (PID=5234) to work on /opt/airflow/dags/netflix_dag.py
[2026-09-06T06:26:36.984+0000] {processor.py:830} INFO - Processing file /opt/airflow/dags/netflix_dag.py for tasks to queue
[2026-09-06T06:26:37.018+0000] {logging_mixin.py:188} INFO - [2026-09-06T06:26:37.017+0000] {dagbag.py:545} INFO - Filling up the DagBag from /opt/airflow/dags/netflix_dag.py
[2026-09-06T06:26:37.106+0000] {processor.py:840} INFO - DAG(s) 'netflix_etl_pipeline' retrieved from /opt/airflow/dags/netflix_dag.py
[2026-09-06T06:26:37.204+0000] {logging_mixin.py:188} INFO - [2026-09-06T06:26:37.204+0000] {dag.py:3089} INFO - Sync 1 DAGs
[2026-09-06T06:26:37.260+0000] {logging_mixin.py:188} INFO - [2026-09-06T06:26:37.260+0000] {dag.py:3947} INFO - Setting next_dagrun for netflix_etl_pipeline to 2026-09-05 00:00:00+00:00, run_after=2026-09-06 00:00:00+00:00
[2026-09-06T06:26:37.306+0000] {processor.py:183} INFO - Processing /opt/airflow/dags/netflix_dag.py took 0.371 seconds
[2026-09-06T06:27:07.458+0000] {processor.py:161} INFO - Started process (PID=5245) to work on /opt/airflow/dags/netflix_dag.py
[2026-09-06T06:27:07.461+0000] {processor.py:830} INFO - Processing file /opt/airflow/dags/netflix_dag.py for tasks to queue
[2026-09-06T06:27:07.466+0000] {logging_mixin.py:188} INFO - [2026-09-06T06:27:07.466+0000] {dagbag.py:545} INFO - Filling up the DagBag from /opt/airflow/dags/netflix_dag.py
[2026-09-06T06:27:07.518+0000] {processor.py:840} INFO - DAG(s) 'netflix_etl_pipeline' retrieved from /opt/airflow/dags/netflix_dag.py
[2026-09-06T06:27:07.605+0000] {logging_mixin.py:188} INFO - [2026-09-06T06:27:07.604+0000] {dag.py:3089} INFO - Sync 1 DAGs
[2026-09-06T06:27:07.653+0000] {logging_mixin.py:188} INFO - [2026-09-06T06:27:07.652+0000] {dag.py:3947} INFO - Setting next_dagrun for netflix_etl_pipeline to 2026-09-05 00:00:00+00:00, run_after=2026-09-06 00:00:00+00:00
[2026-09-06T06:27:07.695+0000] {processor.py:183} INFO - Processing /opt/airflow/dags/netflix_dag.py took 0.252 seconds
[2026-09-06T06:27:38.733+0000] {processor.py:161} INFO - Started process (PID=5256) to work on /opt/airflow/dags/netflix_dag.py
[2026-09-06T06:27:38.737+0000] {processor.py:830} INFO - Processing file /opt/airflow/dags/netflix_dag.py for tasks to queue
[2026-09-06T06:27:38.744+0000] {logging_mixin.py:188} INFO - [2026-09-06T06:27:38.743+0000] {dagbag.py:545} INFO - Filling up the DagBag from /opt/airflow/dags/netflix_dag.py
[2026-09-06T06:27:38.794+0000] {processor.py:840} INFO - DAG(s) 'netflix_etl_pipeline' retrieved from /opt/airflow/dags/netflix_dag.py
[2026-09-06T06:27:38.868+0000] {logging_mixin.py:188} INFO - [2026-09-06T06:27:38.867+0000] {dag.py:3089} INFO - Sync 1 DAGs
[2026-09-06T06:27:38.918+0000] {logging_mixin.py:188} INFO - [2026-09-06T06:27:38.917+0000] {dag.py:3947} INFO - Setting next_dagrun for netflix_etl_pipeline to 2026-09-05 00:00:00+00:00, run_after=2026-09-06 00:00:00+00:00
[2026-09-06T06:27:38.959+0000] {processor.py:183} INFO - Processing /opt/airflow/dags/netflix_dag.py took 0.245 seconds
[2026-09-06T06:28:09.556+0000] {processor.py:161} INFO - Started process (PID=5266) to work on /opt/airflow/dags/netflix_dag.py
[2026-09-06T06:28:09.559+0000] {processor.py:830} INFO - Processing file /opt/airflow/dags/netflix_dag.py for tasks to queue
[2026-09-06T06:28:09.566+0000] {logging_mixin.py:188} INFO - [2026-09-06T06:28:09.565+0000] {dagbag.py:545} INFO - Filling up the DagBag from /opt/airflow/dags/netflix_dag.py
[2026-09-06T06:28:09.611+0000] {processor.py:840} INFO - DAG(s) 'netflix_etl_pipeline' retrieved from /opt/airflow/dags/netflix_dag.py
[2026-09-06T06:28:09.691+0000] {logging_mixin.py:188} INFO - [2026-09-06T06:28:09.691+0000] {dag.py:3089} INFO - Sync 1 DAGs
[2026-09-06T06:28:09.741+0000] {logging_mixin.py:188} INFO - [2026-09-06T06:28:09.740+0000] {dag.py:3947} INFO - Setting next_dagrun for netflix_etl_pipeline to 2026-09-05 00:00:00+00:00, run_after=2026-09-06 00:00:00+00:00
[2026-09-06T06:28:09.959+0000] {processor.py:183} INFO - Processing /opt/airflow/dags/netflix_dag.py took 0.422 seconds
[2026-09-06T06:28:41.468+0000] {processor.py:161} INFO - Started process (PID=5277) to work on /opt/airflow/dags/netflix_dag.py
[2026-09-06T06:28:41.471+0000] {processor.py:830} INFO - Processing file /opt/airflow/dags/netflix_dag.py for tasks to queue
[2026-09-06T06:28:41.477+0000] {logging_mixin.py:188} INFO - [2026-09-06T06:28:41.476+0000] {dagbag.py:545} INFO - Filling up the DagBag from /opt/airflow/dags/netflix_dag.py
[2026-09-06T06:28:41.522+0000] {processor.py:840} INFO - DAG(s) 'netflix_etl_pipeline' retrieved from /opt/airflow/dags/netflix_dag.py
[2026-09-06T06:28:41.746+0000] {logging_mixin.py:188} INFO - [2026-09-06T06:28:41.735+0000] {dag.py:3089} INFO - Sync 1 DAGs
[2026-09-06T06:28:41.984+0000] {logging_mixin.py:188} INFO - [2026-09-06T06:28:41.973+0000] {dag.py:3947} INFO - Setting next_dagrun for netflix_etl_pipeline to 2026-09-05 00:00:00+00:00, run_after=2026-09-06 00:00:00+00:00
[2026-09-06T06:28:42.227+0000] {processor.py:183} INFO - Processing /opt/airflow/dags/netflix_dag.py took 0.779 seconds
[2026-09-06T06:29:13.239+0000] {processor.py:161} INFO - Started process (PID=5288) to work on /opt/airflow/dags/netflix_dag.py
[2026-09-06T06:29:13.242+0000] {processor.py:830} INFO - Processing file /opt/airflow/dags/netflix_dag.py for tasks to queue
[2026-09-06T06:29:13.248+0000] {logging_mixin.py:188} INFO - [2026-09-06T06:29:13.247+0000] {dagbag.py:545} INFO - Filling up the DagBag from /opt/airflow/dags/netflix_dag.py
[2026-09-06T06:29:13.294+0000] {processor.py:840} INFO - DAG(s) 'netflix_etl_pipeline' retrieved from /opt/airflow/dags/netflix_dag.py
[2026-09-06T06:29:13.399+0000] {logging_mixin.py:188} INFO - [2026-09-06T06:29:13.399+0000] {dag.py:3089} INFO - Sync 1 DAGs
[2026-09-06T06:29:13.637+0000] {logging_mixin.py:188} INFO - [2026-09-06T06:29:13.636+0000] {dag.py:3947} INFO - Setting next_dagrun for netflix_etl_pipeline to 2026-09-05 00:00:00+00:00, run_after=2026-09-06 00:00:00+00:00
[2026-09-06T06:29:13.885+0000] {processor.py:183} INFO - Processing /opt/airflow/dags/netflix_dag.py took 0.668 seconds
[2026-09-06T06:29:44.818+0000] {processor.py:161} INFO - Started process (PID=5306) to work on /opt/airflow/dags/netflix_dag.py
[2026-09-06T06:29:44.821+0000] {processor.py:830} INFO - Processing file /opt/airflow/dags/netflix_dag.py for tasks to queue
[2026-09-06T06:29:44.826+0000] {logging_mixin.py:188} INFO - [2026-09-06T06:29:44.826+0000] {dagbag.py:545} INFO - Filling up the DagBag from /opt/airflow/dags/netflix_dag.py
[2026-09-06T06:29:44.879+0000] {processor.py:840} INFO - DAG(s) 'netflix_etl_pipeline' retrieved from /opt/airflow/dags/netflix_dag.py
[2026-09-06T06:29:44.955+0000] {logging_mixin.py:188} INFO - [2026-09-06T06:29:44.955+0000] {dag.py:3089} INFO - Sync 1 DAGs
[2026-09-06T06:29:45.003+0000] {logging_mixin.py:188} INFO - [2026-09-06T06:29:45.002+0000] {dag.py:3947} INFO - Setting next_dagrun for netflix_etl_pipeline to 2026-09-05 00:00:00+00:00, run_after=2026-09-06 00:00:00+00:00
[2026-09-06T06:29:45.043+0000] {processor.py:183} INFO - Processing /opt/airflow/dags/netflix_dag.py took 0.240 seconds
[2026-09-06T06:30:15.846+0000] {processor.py:161} INFO - Started process (PID=5318) to work on /opt/airflow/dags/netflix_dag.py
[2026-09-06T06:30:15.851+0000] {processor.py:830} INFO - Processing file /opt/airflow/dags/netflix_dag.py for tasks to queue
[2026-09-06T06:30:15.859+0000] {logging_mixin.py:188} INFO - [2026-09-06T06:30:15.858+0000] {dagbag.py:545} INFO - Filling up the DagBag from /opt/airflow/dags/netflix_dag.py
[2026-09-06T06:30:15.931+0000] {processor.py:840} INFO - DAG(s) 'netflix_etl_pipeline' retrieved from /opt/airflow/dags/netflix_dag.py
[2026-09-06T06:30:16.118+0000] {logging_mixin.py:188} INFO - [2026-09-06T06:30:16.117+0000] {dag.py:3089} INFO - Sync 1 DAGs
[2026-09-06T06:30:16.308+0000] {logging_mixin.py:188} INFO - [2026-09-06T06:30:16.308+0000] {dag.py:3947} INFO - Setting next_dagrun for netflix_etl_pipeline to 2026-09-05 00:00:00+00:00, run_after=2026-09-06 00:00:00+00:00
[2026-09-06T06:30:16.531+0000] {processor.py:183} INFO - Processing /opt/airflow/dags/netflix_dag.py took 0.708 seconds
[2026-09-06T06:30:48.393+0000] {processor.py:161} INFO - Started process (PID=5329) to work on /opt/airflow/dags/netflix_dag.py
[2026-09-06T06:30:48.420+0000] {processor.py:830} INFO - Processing file /opt/airflow/dags/netflix_dag.py for tasks to queue
[2026-09-06T06:30:48.449+0000] {logging_mixin.py:188} INFO - [2026-09-06T06:30:48.447+0000] {dagbag.py:545} INFO - Filling up the DagBag from /opt/airflow/dags/netflix_dag.py
[2026-09-06T06:30:48.731+0000] {processor.py:840} INFO - DAG(s) 'netflix_etl_pipeline' retrieved from /opt/airflow/dags/netflix_dag.py
[2026-09-06T06:30:48.813+0000] {logging_mixin.py:188} INFO - [2026-09-06T06:30:48.812+0000] {dag.py:3089} INFO - Sync 1 DAGs
[2026-09-06T06:30:48.867+0000] {logging_mixin.py:188} INFO - [2026-09-06T06:30:48.867+0000] {dag.py:3947} INFO - Setting next_dagrun for netflix_etl_pipeline to 2026-09-05 00:00:00+00:00, run_after=2026-09-06 00:00:00+00:00
[2026-09-06T06:30:48.909+0000] {processor.py:183} INFO - Processing /opt/airflow/dags/netflix_dag.py took 0.553 seconds
[2026-09-06T06:31:19.740+0000] {processor.py:161} INFO - Started process (PID=5340) to work on /opt/airflow/dags/netflix_dag.py
[2026-09-06T06:31:19.766+0000] {processor.py:830} INFO - Processing file /opt/airflow/dags/netflix_dag.py for tasks to queue
[2026-09-06T06:31:19.805+0000] {logging_mixin.py:188} INFO - [2026-09-06T06:31:19.804+0000] {dagbag.py:545} INFO - Filling up the DagBag from /opt/airflow/dags/netflix_dag.py
[2026-09-06T06:31:20.064+0000] {processor.py:840} INFO - DAG(s) 'netflix_etl_pipeline' retrieved from /opt/airflow/dags/netflix_dag.py
[2026-09-06T06:31:20.261+0000] {logging_mixin.py:188} INFO - [2026-09-06T06:31:20.261+0000] {dag.py:3089} INFO - Sync 1 DAGs
[2026-09-06T06:31:20.439+0000] {logging_mixin.py:188} INFO - [2026-09-06T06:31:20.438+0000] {dag.py:3947} INFO - Setting next_dagrun for netflix_etl_pipeline to 2026-09-05 00:00:00+00:00, run_after=2026-09-06 00:00:00+00:00
[2026-09-06T06:31:20.680+0000] {processor.py:183} INFO - Processing /opt/airflow/dags/netflix_dag.py took 0.975 seconds
[2026-09-06T06:31:51.193+0000] {processor.py:161} INFO - Started process (PID=5351) to work on /opt/airflow/dags/netflix_dag.py
[2026-09-06T06:31:51.196+0000] {processor.py:830} INFO - Processing file /opt/airflow/dags/netflix_dag.py for tasks to queue
[2026-09-06T06:31:51.202+0000] {logging_mixin.py:188} INFO - [2026-09-06T06:31:51.201+0000] {dagbag.py:545} INFO - Filling up the DagBag from /opt/airflow/dags/netflix_dag.py
[2026-09-06T06:31:51.251+0000] {processor.py:840} INFO - DAG(s) 'netflix_etl_pipeline' retrieved from /opt/airflow/dags/netflix_dag.py
[2026-09-06T06:31:51.334+0000] {logging_mixin.py:188} INFO - [2026-09-06T06:31:51.333+0000] {dag.py:3089} INFO - Sync 1 DAGs
[2026-09-06T06:31:51.386+0000] {logging_mixin.py:188} INFO - [2026-09-06T06:31:51.386+0000] {dag.py:3947} INFO - Setting next_dagrun for netflix_etl_pipeline to 2026-09-05 00:00:00+00:00, run_after=2026-09-06 00:00:00+00:00
[2026-09-06T06:31:51.429+0000] {processor.py:183} INFO - Processing /opt/airflow/dags/netflix_dag.py took 0.252 seconds
[2026-09-06T06:32:22.727+0000] {processor.py:161} INFO - Started process (PID=5362) to work on /opt/airflow/dags/netflix_dag.py
[2026-09-06T06:32:22.752+0000] {processor.py:830} INFO - Processing file /opt/airflow/dags/netflix_dag.py for tasks to queue
[2026-09-06T06:32:22.779+0000] {logging_mixin.py:188} INFO - [2026-09-06T06:32:22.778+0000] {dagbag.py:545} INFO - Filling up the DagBag from /opt/airflow/dags/netflix_dag.py
[2026-09-06T06:32:23.249+0000] {processor.py:840} INFO - DAG(s) 'netflix_etl_pipeline' retrieved from /opt/airflow/dags/netflix_dag.py
[2026-09-06T06:32:23.377+0000] {logging_mixin.py:188} INFO - [2026-09-06T06:32:23.366+0000] {dag.py:3089} INFO - Sync 1 DAGs
[2026-09-06T06:32:23.591+0000] {logging_mixin.py:188} INFO - [2026-09-06T06:32:23.590+0000] {dag.py:3947} INFO - Setting next_dagrun for netflix_etl_pipeline to 2026-09-05 00:00:00+00:00, run_after=2026-09-06 00:00:00+00:00
[2026-09-06T06:32:23.773+0000] {processor.py:183} INFO - Processing /opt/airflow/dags/netflix_dag.py took 1.070 seconds
[2026-09-06T06:32:54.630+0000] {processor.py:161} INFO - Started process (PID=5373) to work on /opt/airflow/dags/netflix_dag.py
[2026-09-06T06:32:54.633+0000] {processor.py:830} INFO - Processing file /opt/airflow/dags/netflix_dag.py for tasks to queue
[2026-09-06T06:32:54.640+0000] {logging_mixin.py:188} INFO - [2026-09-06T06:32:54.639+0000] {dagbag.py:545} INFO - Filling up the DagBag from /opt/airflow/dags/netflix_dag.py
[2026-09-06T06:32:54.683+0000] {processor.py:840} INFO - DAG(s) 'netflix_etl_pipeline' retrieved from /opt/airflow/dags/netflix_dag.py
[2026-09-06T06:32:54.906+0000] {logging_mixin.py:188} INFO - [2026-09-06T06:32:54.905+0000] {dag.py:3089} INFO - Sync 1 DAGs
[2026-09-06T06:32:55.094+0000] {logging_mixin.py:188} INFO - [2026-09-06T06:32:55.094+0000] {dag.py:3947} INFO - Setting next_dagrun for netflix_etl_pipeline to 2026-09-05 00:00:00+00:00, run_after=2026-09-06 00:00:00+00:00
[2026-09-06T06:32:55.449+0000] {processor.py:183} INFO - Processing /opt/airflow/dags/netflix_dag.py took 0.838 seconds
[2026-09-06T06:33:26.505+0000] {processor.py:161} INFO - Started process (PID=5384) to work on /opt/airflow/dags/netflix_dag.py
[2026-09-06T06:33:26.530+0000] {processor.py:830} INFO - Processing file /opt/airflow/dags/netflix_dag.py for tasks to queue
[2026-09-06T06:33:26.554+0000] {logging_mixin.py:188} INFO - [2026-09-06T06:33:26.553+0000] {dagbag.py:545} INFO - Filling up the DagBag from /opt/airflow/dags/netflix_dag.py
[2026-09-06T06:33:27.152+0000] {processor.py:840} INFO - DAG(s) 'netflix_etl_pipeline' retrieved from /opt/airflow/dags/netflix_dag.py
[2026-09-06T06:33:27.404+0000] {logging_mixin.py:188} INFO - [2026-09-06T06:33:27.403+0000] {dag.py:3089} INFO - Sync 1 DAGs
[2026-09-06T06:33:27.523+0000] {logging_mixin.py:188} INFO - [2026-09-06T06:33:27.522+0000] {dag.py:3947} INFO - Setting next_dagrun for netflix_etl_pipeline to 2026-09-05 00:00:00+00:00, run_after=2026-09-06 00:00:00+00:00
[2026-09-06T06:33:27.576+0000] {processor.py:183} INFO - Processing /opt/airflow/dags/netflix_dag.py took 1.105 seconds
[2026-09-06T06:33:58.070+0000] {processor.py:161} INFO - Started process (PID=5395) to work on /opt/airflow/dags/netflix_dag.py
[2026-09-06T06:33:58.073+0000] {processor.py:830} INFO - Processing file /opt/airflow/dags/netflix_dag.py for tasks to queue
[2026-09-06T06:33:58.079+0000] {logging_mixin.py:188} INFO - [2026-09-06T06:33:58.078+0000] {dagbag.py:545} INFO - Filling up the DagBag from /opt/airflow/dags/netflix_dag.py
[2026-09-06T06:33:58.121+0000] {processor.py:840} INFO - DAG(s) 'netflix_etl_pipeline' retrieved from /opt/airflow/dags/netflix_dag.py
[2026-09-06T06:33:58.361+0000] {logging_mixin.py:188} INFO - [2026-09-06T06:33:58.361+0000] {dag.py:3089} INFO - Sync 1 DAGs
[2026-09-06T06:33:58.547+0000] {logging_mixin.py:188} INFO - [2026-09-06T06:33:58.547+0000] {dag.py:3947} INFO - Setting next_dagrun for netflix_etl_pipeline to 2026-09-05 00:00:00+00:00, run_after=2026-09-06 00:00:00+00:00
[2026-09-06T06:33:58.805+0000] {processor.py:183} INFO - Processing /opt/airflow/dags/netflix_dag.py took 0.757 seconds
[2026-09-06T06:34:29.304+0000] {processor.py:161} INFO - Started process (PID=5406) to work on /opt/airflow/dags/netflix_dag.py
[2026-09-06T06:34:29.307+0000] {processor.py:830} INFO - Processing file /opt/airflow/dags/netflix_dag.py for tasks to queue
[2026-09-06T06:34:29.313+0000] {logging_mixin.py:188} INFO - [2026-09-06T06:34:29.312+0000] {dagbag.py:545} INFO - Filling up the DagBag from /opt/airflow/dags/netflix_dag.py
[2026-09-06T06:34:29.363+0000] {processor.py:840} INFO - DAG(s) 'netflix_etl_pipeline' retrieved from /opt/airflow/dags/netflix_dag.py
[2026-09-06T06:34:29.450+0000] {logging_mixin.py:188} INFO - [2026-09-06T06:34:29.449+0000] {dag.py:3089} INFO - Sync 1 DAGs
[2026-09-06T06:34:29.509+0000] {logging_mixin.py:188} INFO - [2026-09-06T06:34:29.508+0000] {dag.py:3947} INFO - Setting next_dagrun for netflix_etl_pipeline to 2026-09-05 00:00:00+00:00, run_after=2026-09-06 00:00:00+00:00
[2026-09-06T06:34:29.591+0000] {processor.py:183} INFO - Processing /opt/airflow/dags/netflix_dag.py took 0.308 seconds
[2026-09-06T06:34:59.814+0000] {processor.py:161} INFO - Started process (PID=5417) to work on /opt/airflow/dags/netflix_dag.py
[2026-09-06T06:34:59.818+0000] {processor.py:830} INFO - Processing file /opt/airflow/dags/netflix_dag.py for tasks to queue
[2026-09-06T06:34:59.825+0000] {logging_mixin.py:188} INFO - [2026-09-06T06:34:59.824+0000] {dagbag.py:545} INFO - Filling up the DagBag from /opt/airflow/dags/netflix_dag.py
[2026-09-06T06:34:59.884+0000] {processor.py:840} INFO - DAG(s) 'netflix_etl_pipeline' retrieved from /opt/airflow/dags/netflix_dag.py
[2026-09-06T06:35:00.010+0000] {logging_mixin.py:188} INFO - [2026-09-06T06:34:59.999+0000] {dag.py:3089} INFO - Sync 1 DAGs
[2026-09-06T06:35:00.210+0000] {logging_mixin.py:188} INFO - [2026-09-06T06:35:00.210+0000] {dag.py:3947} INFO - Setting next_dagrun for netflix_etl_pipeline to 2026-09-05 00:00:00+00:00, run_after=2026-09-06 00:00:00+00:00
[2026-09-06T06:35:00.461+0000] {processor.py:183} INFO - Processing /opt/airflow/dags/netflix_dag.py took 0.671 seconds
[2026-09-06T06:35:31.495+0000] {processor.py:161} INFO - Started process (PID=5428) to work on /opt/airflow/dags/netflix_dag.py
[2026-09-06T06:35:31.498+0000] {processor.py:830} INFO - Processing file /opt/airflow/dags/netflix_dag.py for tasks to queue
[2026-09-06T06:35:31.504+0000] {logging_mixin.py:188} INFO - [2026-09-06T06:35:31.503+0000] {dagbag.py:545} INFO - Filling up the DagBag from /opt/airflow/dags/netflix_dag.py
[2026-09-06T06:35:31.561+0000] {processor.py:840} INFO - DAG(s) 'netflix_etl_pipeline' retrieved from /opt/airflow/dags/netflix_dag.py
[2026-09-06T06:35:31.700+0000] {logging_mixin.py:188} INFO - [2026-09-06T06:35:31.699+0000] {dag.py:3089} INFO - Sync 1 DAGs
[2026-09-06T06:35:31.927+0000] {logging_mixin.py:188} INFO - [2026-09-06T06:35:31.916+0000] {dag.py:3947} INFO - Setting next_dagrun for netflix_etl_pipeline to 2026-09-05 00:00:00+00:00, run_after=2026-09-06 00:00:00+00:00
[2026-09-06T06:35:32.108+0000] {processor.py:183} INFO - Processing /opt/airflow/dags/netflix_dag.py took 0.646 seconds
[2026-09-06T06:36:03.625+0000] {processor.py:161} INFO - Started process (PID=5439) to work on /opt/airflow/dags/netflix_dag.py
[2026-09-06T06:36:03.634+0000] {processor.py:830} INFO - Processing file /opt/airflow/dags/netflix_dag.py for tasks to queue
[2026-09-06T06:36:03.642+0000] {logging_mixin.py:188} INFO - [2026-09-06T06:36:03.641+0000] {dagbag.py:545} INFO - Filling up the DagBag from /opt/airflow/dags/netflix_dag.py
[2026-09-06T06:36:03.907+0000] {processor.py:840} INFO - DAG(s) 'netflix_etl_pipeline' retrieved from /opt/airflow/dags/netflix_dag.py
[2026-09-06T06:36:04.382+0000] {logging_mixin.py:188} INFO - [2026-09-06T06:36:04.379+0000] {dag.py:3089} INFO - Sync 1 DAGs
[2026-09-06T06:36:04.695+0000] {logging_mixin.py:188} INFO - [2026-09-06T06:36:04.694+0000] {dag.py:3947} INFO - Setting next_dagrun for netflix_etl_pipeline to 2026-09-05 00:00:00+00:00, run_after=2026-09-06 00:00:00+00:00
[2026-09-06T06:36:04.835+0000] {processor.py:183} INFO - Processing /opt/airflow/dags/netflix_dag.py took 1.243 seconds
[2026-09-06T06:36:35.716+0000] {processor.py:161} INFO - Started process (PID=5449) to work on /opt/airflow/dags/netflix_dag.py
[2026-09-06T06:36:35.774+0000] {processor.py:830} INFO - Processing file /opt/airflow/dags/netflix_dag.py for tasks to queue
[2026-09-06T06:36:35.825+0000] {logging_mixin.py:188} INFO - [2026-09-06T06:36:35.823+0000] {dagbag.py:545} INFO - Filling up the DagBag from /opt/airflow/dags/netflix_dag.py
[2026-09-06T06:36:36.525+0000] {processor.py:840} INFO - DAG(s) 'netflix_etl_pipeline' retrieved from /opt/airflow/dags/netflix_dag.py
[2026-09-06T06:36:36.738+0000] {logging_mixin.py:188} INFO - [2026-09-06T06:36:36.737+0000] {dag.py:3089} INFO - Sync 1 DAGs
[2026-09-06T06:36:37.088+0000] {logging_mixin.py:188} INFO - [2026-09-06T06:36:37.087+0000] {dag.py:3947} INFO - Setting next_dagrun for netflix_etl_pipeline to 2026-09-05 00:00:00+00:00, run_after=2026-09-06 00:00:00+00:00
[2026-09-06T06:36:37.330+0000] {processor.py:183} INFO - Processing /opt/airflow/dags/netflix_dag.py took 1.642 seconds
[2026-09-06T06:37:08.374+0000] {processor.py:161} INFO - Started process (PID=5460) to work on /opt/airflow/dags/netflix_dag.py
[2026-09-06T06:37:08.378+0000] {processor.py:830} INFO - Processing file /opt/airflow/dags/netflix_dag.py for tasks to queue
[2026-09-06T06:37:08.385+0000] {logging_mixin.py:188} INFO - [2026-09-06T06:37:08.383+0000] {dagbag.py:545} INFO - Filling up the DagBag from /opt/airflow/dags/netflix_dag.py
[2026-09-06T06:37:08.443+0000] {processor.py:840} INFO - DAG(s) 'netflix_etl_pipeline' retrieved from /opt/airflow/dags/netflix_dag.py
[2026-09-06T06:37:08.524+0000] {logging_mixin.py:188} INFO - [2026-09-06T06:37:08.524+0000] {dag.py:3089} INFO - Sync 1 DAGs
[2026-09-06T06:37:08.575+0000] {logging_mixin.py:188} INFO - [2026-09-06T06:37:08.574+0000] {dag.py:3947} INFO - Setting next_dagrun for netflix_etl_pipeline to 2026-09-05 00:00:00+00:00, run_after=2026-09-06 00:00:00+00:00
[2026-09-06T06:37:08.835+0000] {processor.py:183} INFO - Processing /opt/airflow/dags/netflix_dag.py took 0.481 seconds
[2026-09-06T06:37:39.378+0000] {processor.py:161} INFO - Started process (PID=5471) to work on /opt/airflow/dags/netflix_dag.py
[2026-09-06T06:37:39.382+0000] {processor.py:830} INFO - Processing file /opt/airflow/dags/netflix_dag.py for tasks to queue
[2026-09-06T06:37:39.389+0000] {logging_mixin.py:188} INFO - [2026-09-06T06:37:39.388+0000] {dagbag.py:545} INFO - Filling up the DagBag from /opt/airflow/dags/netflix_dag.py
[2026-09-06T06:37:39.434+0000] {processor.py:840} INFO - DAG(s) 'netflix_etl_pipeline' retrieved from /opt/airflow/dags/netflix_dag.py
[2026-09-06T06:37:39.684+0000] {logging_mixin.py:188} INFO - [2026-09-06T06:37:39.683+0000] {dag.py:3089} INFO - Sync 1 DAGs
[2026-09-06T06:37:39.905+0000] {logging_mixin.py:188} INFO - [2026-09-06T06:37:39.904+0000] {dag.py:3947} INFO - Setting next_dagrun for netflix_etl_pipeline to 2026-09-05 00:00:00+00:00, run_after=2026-09-06 00:00:00+00:00
[2026-09-06T06:37:40.134+0000] {processor.py:183} INFO - Processing /opt/airflow/dags/netflix_dag.py took 0.778 seconds
[2026-09-06T06:38:11.735+0000] {processor.py:161} INFO - Started process (PID=5482) to work on /opt/airflow/dags/netflix_dag.py
[2026-09-06T06:38:11.747+0000] {processor.py:830} INFO - Processing file /opt/airflow/dags/netflix_dag.py for tasks to queue
[2026-09-06T06:38:11.772+0000] {logging_mixin.py:188} INFO - [2026-09-06T06:38:11.771+0000] {dagbag.py:545} INFO - Filling up the DagBag from /opt/airflow/dags/netflix_dag.py
[2026-09-06T06:38:12.378+0000] {processor.py:840} INFO - DAG(s) 'netflix_etl_pipeline' retrieved from /opt/airflow/dags/netflix_dag.py
[2026-09-06T06:38:12.651+0000] {logging_mixin.py:188} INFO - [2026-09-06T06:38:12.650+0000] {dag.py:3089} INFO - Sync 1 DAGs
[2026-09-06T06:38:12.874+0000] {logging_mixin.py:188} INFO - [2026-09-06T06:38:12.864+0000] {dag.py:3947} INFO - Setting next_dagrun for netflix_etl_pipeline to 2026-09-05 00:00:00+00:00, run_after=2026-09-06 00:00:00+00:00
[2026-09-06T06:38:13.156+0000] {processor.py:183} INFO - Processing /opt/airflow/dags/netflix_dag.py took 1.450 seconds
[2026-09-06T06:38:43.827+0000] {processor.py:161} INFO - Started process (PID=5493) to work on /opt/airflow/dags/netflix_dag.py
[2026-09-06T06:38:43.853+0000] {processor.py:830} INFO - Processing file /opt/airflow/dags/netflix_dag.py for tasks to queue
[2026-09-06T06:38:43.895+0000] {logging_mixin.py:188} INFO - [2026-09-06T06:38:43.894+0000] {dagbag.py:545} INFO - Filling up the DagBag from /opt/airflow/dags/netflix_dag.py
[2026-09-06T06:38:44.564+0000] {processor.py:840} INFO - DAG(s) 'netflix_etl_pipeline' retrieved from /opt/airflow/dags/netflix_dag.py
[2026-09-06T06:38:44.847+0000] {logging_mixin.py:188} INFO - [2026-09-06T06:38:44.846+0000] {dag.py:3089} INFO - Sync 1 DAGs
[2026-09-06T06:38:45.048+0000] {logging_mixin.py:188} INFO - [2026-09-06T06:38:45.047+0000] {dag.py:3947} INFO - Setting next_dagrun for netflix_etl_pipeline to 2026-09-05 00:00:00+00:00, run_after=2026-09-06 00:00:00+00:00
[2026-09-06T06:38:45.109+0000] {processor.py:183} INFO - Processing /opt/airflow/dags/netflix_dag.py took 1.319 seconds
[2026-09-06T06:39:15.715+0000] {processor.py:161} INFO - Started process (PID=5504) to work on /opt/airflow/dags/netflix_dag.py
[2026-09-06T06:39:15.717+0000] {processor.py:830} INFO - Processing file /opt/airflow/dags/netflix_dag.py for tasks to queue
[2026-09-06T06:39:15.722+0000] {logging_mixin.py:188} INFO - [2026-09-06T06:39:15.721+0000] {dagbag.py:545} INFO - Filling up the DagBag from /opt/airflow/dags/netflix_dag.py
[2026-09-06T06:39:16.242+0000] {processor.py:840} INFO - DAG(s) 'netflix_etl_pipeline' retrieved from /opt/airflow/dags/netflix_dag.py
[2026-09-06T06:39:16.374+0000] {logging_mixin.py:188} INFO - [2026-09-06T06:39:16.374+0000] {dag.py:3089} INFO - Sync 1 DAGs
[2026-09-06T06:39:16.437+0000] {logging_mixin.py:188} INFO - [2026-09-06T06:39:16.436+0000] {dag.py:3947} INFO - Setting next_dagrun for netflix_etl_pipeline to 2026-09-05 00:00:00+00:00, run_after=2026-09-06 00:00:00+00:00
[2026-09-06T06:39:16.660+0000] {processor.py:183} INFO - Processing /opt/airflow/dags/netflix_dag.py took 0.958 seconds
[2026-09-06T06:39:48.402+0000] {processor.py:161} INFO - Started process (PID=5515) to work on /opt/airflow/dags/netflix_dag.py
[2026-09-06T06:39:48.473+0000] {processor.py:830} INFO - Processing file /opt/airflow/dags/netflix_dag.py for tasks to queue
[2026-09-06T06:39:48.592+0000] {logging_mixin.py:188} INFO - [2026-09-06T06:39:48.591+0000] {dagbag.py:545} INFO - Filling up the DagBag from /opt/airflow/dags/netflix_dag.py
[2026-09-06T06:39:49.009+0000] {processor.py:840} INFO - DAG(s) 'netflix_etl_pipeline' retrieved from /opt/airflow/dags/netflix_dag.py
[2026-09-06T06:39:49.308+0000] {logging_mixin.py:188} INFO - [2026-09-06T06:39:49.307+0000] {dag.py:3089} INFO - Sync 1 DAGs
[2026-09-06T06:39:49.554+0000] {logging_mixin.py:188} INFO - [2026-09-06T06:39:49.554+0000] {dag.py:3947} INFO - Setting next_dagrun for netflix_etl_pipeline to 2026-09-05 00:00:00+00:00, run_after=2026-09-06 00:00:00+00:00
[2026-09-06T06:39:51.521+0000] {processor.py:183} INFO - Processing /opt/airflow/dags/netflix_dag.py took 3.161 seconds
[2026-09-06T06:40:23.869+0000] {processor.py:161} INFO - Started process (PID=5532) to work on /opt/airflow/dags/netflix_dag.py
[2026-09-06T06:40:23.916+0000] {processor.py:830} INFO - Processing file /opt/airflow/dags/netflix_dag.py for tasks to queue
[2026-09-06T06:40:23.941+0000] {logging_mixin.py:188} INFO - [2026-09-06T06:40:23.940+0000] {dagbag.py:545} INFO - Filling up the DagBag from /opt/airflow/dags/netflix_dag.py
[2026-09-06T06:40:24.771+0000] {processor.py:840} INFO - DAG(s) 'netflix_etl_pipeline' retrieved from /opt/airflow/dags/netflix_dag.py
[2026-09-06T06:40:25.035+0000] {logging_mixin.py:188} INFO - [2026-09-06T06:40:25.034+0000] {dag.py:3089} INFO - Sync 1 DAGs
[2026-09-06T06:40:25.289+0000] {logging_mixin.py:188} INFO - [2026-09-06T06:40:25.288+0000] {dag.py:3947} INFO - Setting next_dagrun for netflix_etl_pipeline to 2026-09-05 00:00:00+00:00, run_after=2026-09-06 00:00:00+00:00
[2026-09-06T06:40:25.506+0000] {processor.py:183} INFO - Processing /opt/airflow/dags/netflix_dag.py took 1.662 seconds
[2026-09-06T06:40:56.698+0000] {processor.py:161} INFO - Started process (PID=5543) to work on /opt/airflow/dags/netflix_dag.py
[2026-09-06T06:40:56.743+0000] {processor.py:830} INFO - Processing file /opt/airflow/dags/netflix_dag.py for tasks to queue
[2026-09-06T06:40:56.816+0000] {logging_mixin.py:188} INFO - [2026-09-06T06:40:56.815+0000] {dagbag.py:545} INFO - Filling up the DagBag from /opt/airflow/dags/netflix_dag.py
[2026-09-06T06:40:58.087+0000] {processor.py:840} INFO - DAG(s) 'netflix_etl_pipeline' retrieved from /opt/airflow/dags/netflix_dag.py
[2026-09-06T06:40:58.407+0000] {logging_mixin.py:188} INFO - [2026-09-06T06:40:58.396+0000] {dag.py:3089} INFO - Sync 1 DAGs
[2026-09-06T06:40:58.645+0000] {logging_mixin.py:188} INFO - [2026-09-06T06:40:58.634+0000] {dag.py:3947} INFO - Setting next_dagrun for netflix_etl_pipeline to 2026-09-05 00:00:00+00:00, run_after=2026-09-06 00:00:00+00:00
[2026-09-06T06:40:58.904+0000] {processor.py:183} INFO - Processing /opt/airflow/dags/netflix_dag.py took 2.223 seconds
[2026-09-06T06:41:29.413+0000] {processor.py:161} INFO - Started process (PID=5554) to work on /opt/airflow/dags/netflix_dag.py
[2026-09-06T06:41:29.415+0000] {processor.py:830} INFO - Processing file /opt/airflow/dags/netflix_dag.py for tasks to queue
[2026-09-06T06:41:29.420+0000] {logging_mixin.py:188} INFO - [2026-09-06T06:41:29.420+0000] {dagbag.py:545} INFO - Filling up the DagBag from /opt/airflow/dags/netflix_dag.py
[2026-09-06T06:41:29.439+0000] {processor.py:840} INFO - DAG(s) 'netflix_etl_pipeline' retrieved from /opt/airflow/dags/netflix_dag.py
[2026-09-06T06:41:29.478+0000] {logging_mixin.py:188} INFO - [2026-09-06T06:41:29.478+0000] {dag.py:3089} INFO - Sync 1 DAGs
[2026-09-06T06:41:29.512+0000] {logging_mixin.py:188} INFO - [2026-09-06T06:41:29.512+0000] {dag.py:3947} INFO - Setting next_dagrun for netflix_etl_pipeline to 2026-09-05 00:00:00+00:00, run_after=2026-09-06 00:00:00+00:00
[2026-09-06T06:41:29.535+0000] {processor.py:183} INFO - Processing /opt/airflow/dags/netflix_dag.py took 0.134 seconds
[2026-09-06T06:41:59.911+0000] {processor.py:161} INFO - Started process (PID=5565) to work on /opt/airflow/dags/netflix_dag.py
[2026-09-06T06:41:59.955+0000] {processor.py:830} INFO - Processing file /opt/airflow/dags/netflix_dag.py for tasks to queue
[2026-09-06T06:41:59.980+0000] {logging_mixin.py:188} INFO - [2026-09-06T06:41:59.979+0000] {dagbag.py:545} INFO - Filling up the DagBag from /opt/airflow/dags/netflix_dag.py
[2026-09-06T06:42:01.022+0000] {processor.py:840} INFO - DAG(s) 'netflix_etl_pipeline' retrieved from /opt/airflow/dags/netflix_dag.py
[2026-09-06T06:42:01.291+0000] {logging_mixin.py:188} INFO - [2026-09-06T06:42:01.290+0000] {dag.py:3089} INFO - Sync 1 DAGs
[2026-09-06T06:42:01.484+0000] {logging_mixin.py:188} INFO - [2026-09-06T06:42:01.484+0000] {dag.py:3947} INFO - Setting next_dagrun for netflix_etl_pipeline to 2026-09-05 00:00:00+00:00, run_after=2026-09-06 00:00:00+00:00
[2026-09-06T06:42:01.694+0000] {processor.py:183} INFO - Processing /opt/airflow/dags/netflix_dag.py took 1.823 seconds
[2026-09-06T06:42:33.540+0000] {processor.py:161} INFO - Started process (PID=5576) to work on /opt/airflow/dags/netflix_dag.py
[2026-09-06T06:42:33.617+0000] {processor.py:830} INFO - Processing file /opt/airflow/dags/netflix_dag.py for tasks to queue
[2026-09-06T06:42:33.658+0000] {logging_mixin.py:188} INFO - [2026-09-06T06:42:33.656+0000] {dagbag.py:545} INFO - Filling up the DagBag from /opt/airflow/dags/netflix_dag.py
[2026-09-06T06:42:34.468+0000] {processor.py:840} INFO - DAG(s) 'netflix_etl_pipeline' retrieved from /opt/airflow/dags/netflix_dag.py
[2026-09-06T06:42:34.715+0000] {logging_mixin.py:188} INFO - [2026-09-06T06:42:34.704+0000] {dag.py:3089} INFO - Sync 1 DAGs
[2026-09-06T06:42:34.902+0000] {logging_mixin.py:188} INFO - [2026-09-06T06:42:34.901+0000] {dag.py:3947} INFO - Setting next_dagrun for netflix_etl_pipeline to 2026-09-05 00:00:00+00:00, run_after=2026-09-06 00:00:00+00:00
[2026-09-06T06:42:35.052+0000] {processor.py:183} INFO - Processing /opt/airflow/dags/netflix_dag.py took 1.552 seconds
[2026-09-06T06:43:05.835+0000] {processor.py:161} INFO - Started process (PID=5587) to work on /opt/airflow/dags/netflix_dag.py
[2026-09-06T06:43:05.839+0000] {processor.py:830} INFO - Processing file /opt/airflow/dags/netflix_dag.py for tasks to queue
[2026-09-06T06:43:05.847+0000] {logging_mixin.py:188} INFO - [2026-09-06T06:43:05.846+0000] {dagbag.py:545} INFO - Filling up the DagBag from /opt/airflow/dags/netflix_dag.py
[2026-09-06T06:43:05.910+0000] {processor.py:840} INFO - DAG(s) 'netflix_etl_pipeline' retrieved from /opt/airflow/dags/netflix_dag.py
[2026-09-06T06:43:06.202+0000] {logging_mixin.py:188} INFO - [2026-09-06T06:43:06.202+0000] {dag.py:3089} INFO - Sync 1 DAGs
[2026-09-06T06:43:06.437+0000] {logging_mixin.py:188} INFO - [2026-09-06T06:43:06.437+0000] {dag.py:3947} INFO - Setting next_dagrun for netflix_etl_pipeline to 2026-09-05 00:00:00+00:00, run_after=2026-09-06 00:00:00+00:00
[2026-09-06T06:43:06.676+0000] {processor.py:183} INFO - Processing /opt/airflow/dags/netflix_dag.py took 0.862 seconds
[2026-09-06T06:43:38.100+0000] {processor.py:161} INFO - Started process (PID=5598) to work on /opt/airflow/dags/netflix_dag.py
[2026-09-06T06:43:38.104+0000] {processor.py:830} INFO - Processing file /opt/airflow/dags/netflix_dag.py for tasks to queue
[2026-09-06T06:43:38.113+0000] {logging_mixin.py:188} INFO - [2026-09-06T06:43:38.112+0000] {dagbag.py:545} INFO - Filling up the DagBag from /opt/airflow/dags/netflix_dag.py
[2026-09-06T06:43:38.168+0000] {processor.py:840} INFO - DAG(s) 'netflix_etl_pipeline' retrieved from /opt/airflow/dags/netflix_dag.py
[2026-09-06T06:43:38.260+0000] {logging_mixin.py:188} INFO - [2026-09-06T06:43:38.260+0000] {dag.py:3089} INFO - Sync 1 DAGs
[2026-09-06T06:43:38.325+0000] {logging_mixin.py:188} INFO - [2026-09-06T06:43:38.325+0000] {dag.py:3947} INFO - Setting next_dagrun for netflix_etl_pipeline to 2026-09-05 00:00:00+00:00, run_after=2026-09-06 00:00:00+00:00
[2026-09-06T06:43:38.374+0000] {processor.py:183} INFO - Processing /opt/airflow/dags/netflix_dag.py took 0.292 seconds
[2026-09-06T06:44:08.840+0000] {processor.py:161} INFO - Started process (PID=5609) to work on /opt/airflow/dags/netflix_dag.py
[2026-09-06T06:44:08.844+0000] {processor.py:830} INFO - Processing file /opt/airflow/dags/netflix_dag.py for tasks to queue
[2026-09-06T06:44:08.850+0000] {logging_mixin.py:188} INFO - [2026-09-06T06:44:08.849+0000] {dagbag.py:545} INFO - Filling up the DagBag from /opt/airflow/dags/netflix_dag.py
[2026-09-06T06:44:08.902+0000] {processor.py:840} INFO - DAG(s) 'netflix_etl_pipeline' retrieved from /opt/airflow/dags/netflix_dag.py
[2026-09-06T06:44:08.986+0000] {logging_mixin.py:188} INFO - [2026-09-06T06:44:08.985+0000] {dag.py:3089} INFO - Sync 1 DAGs
[2026-09-06T06:44:09.037+0000] {logging_mixin.py:188} INFO - [2026-09-06T06:44:09.036+0000] {dag.py:3947} INFO - Setting next_dagrun for netflix_etl_pipeline to 2026-09-05 00:00:00+00:00, run_after=2026-09-06 00:00:00+00:00
[2026-09-06T06:44:09.077+0000] {processor.py:183} INFO - Processing /opt/airflow/dags/netflix_dag.py took 0.256 seconds
[2026-09-06T06:44:40.521+0000] {processor.py:161} INFO - Started process (PID=5620) to work on /opt/airflow/dags/netflix_dag.py
[2026-09-06T06:44:40.564+0000] {processor.py:830} INFO - Processing file /opt/airflow/dags/netflix_dag.py for tasks to queue
[2026-09-06T06:44:40.584+0000] {logging_mixin.py:188} INFO - [2026-09-06T06:44:40.583+0000] {dagbag.py:545} INFO - Filling up the DagBag from /opt/airflow/dags/netflix_dag.py
[2026-09-06T06:44:41.406+0000] {processor.py:840} INFO - DAG(s) 'netflix_etl_pipeline' retrieved from /opt/airflow/dags/netflix_dag.py
[2026-09-06T06:44:41.571+0000] {logging_mixin.py:188} INFO - [2026-09-06T06:44:41.571+0000] {dag.py:3089} INFO - Sync 1 DAGs
[2026-09-06T06:44:41.644+0000] {logging_mixin.py:188} INFO - [2026-09-06T06:44:41.644+0000] {dag.py:3947} INFO - Setting next_dagrun for netflix_etl_pipeline to 2026-09-05 00:00:00+00:00, run_after=2026-09-06 00:00:00+00:00
[2026-09-06T06:44:41.742+0000] {processor.py:183} INFO - Processing /opt/airflow/dags/netflix_dag.py took 1.246 seconds
[2026-09-06T06:45:12.693+0000] {processor.py:161} INFO - Started process (PID=5631) to work on /opt/airflow/dags/netflix_dag.py
[2026-09-06T06:45:12.698+0000] {processor.py:830} INFO - Processing file /opt/airflow/dags/netflix_dag.py for tasks to queue
[2026-09-06T06:45:12.705+0000] {logging_mixin.py:188} INFO - [2026-09-06T06:45:12.704+0000] {dagbag.py:545} INFO - Filling up the DagBag from /opt/airflow/dags/netflix_dag.py
[2026-09-06T06:45:12.751+0000] {processor.py:840} INFO - DAG(s) 'netflix_etl_pipeline' retrieved from /opt/airflow/dags/netflix_dag.py
[2026-09-06T06:45:12.955+0000] {logging_mixin.py:188} INFO - [2026-09-06T06:45:12.954+0000] {dag.py:3089} INFO - Sync 1 DAGs
[2026-09-06T06:45:13.208+0000] {logging_mixin.py:188} INFO - [2026-09-06T06:45:13.207+0000] {dag.py:3947} INFO - Setting next_dagrun for netflix_etl_pipeline to 2026-09-05 00:00:00+00:00, run_after=2026-09-06 00:00:00+00:00
[2026-09-06T06:45:13.267+0000] {processor.py:183} INFO - Processing /opt/airflow/dags/netflix_dag.py took 0.597 seconds
[2026-09-06T06:45:44.594+0000] {processor.py:161} INFO - Started process (PID=5642) to work on /opt/airflow/dags/netflix_dag.py
[2026-09-06T06:45:44.598+0000] {processor.py:830} INFO - Processing file /opt/airflow/dags/netflix_dag.py for tasks to queue
[2026-09-06T06:45:44.604+0000] {logging_mixin.py:188} INFO - [2026-09-06T06:45:44.603+0000] {dagbag.py:545} INFO - Filling up the DagBag from /opt/airflow/dags/netflix_dag.py
[2026-09-06T06:45:44.655+0000] {processor.py:840} INFO - DAG(s) 'netflix_etl_pipeline' retrieved from /opt/airflow/dags/netflix_dag.py
[2026-09-06T06:45:44.884+0000] {logging_mixin.py:188} INFO - [2026-09-06T06:45:44.883+0000] {dag.py:3089} INFO - Sync 1 DAGs
[2026-09-06T06:45:45.124+0000] {logging_mixin.py:188} INFO - [2026-09-06T06:45:45.123+0000] {dag.py:3947} INFO - Setting next_dagrun for netflix_etl_pipeline to 2026-09-05 00:00:00+00:00, run_after=2026-09-06 00:00:00+00:00
[2026-09-06T06:45:45.299+0000] {processor.py:183} INFO - Processing /opt/airflow/dags/netflix_dag.py took 0.731 seconds
[2026-09-06T06:46:16.656+0000] {processor.py:161} INFO - Started process (PID=5654) to work on /opt/airflow/dags/netflix_dag.py
[2026-09-06T06:46:16.660+0000] {processor.py:830} INFO - Processing file /opt/airflow/dags/netflix_dag.py for tasks to queue
[2026-09-06T06:46:16.668+0000] {logging_mixin.py:188} INFO - [2026-09-06T06:46:16.667+0000] {dagbag.py:545} INFO - Filling up the DagBag from /opt/airflow/dags/netflix_dag.py
[2026-09-06T06:46:16.712+0000] {processor.py:840} INFO - DAG(s) 'netflix_etl_pipeline' retrieved from /opt/airflow/dags/netflix_dag.py
[2026-09-06T06:46:16.897+0000] {logging_mixin.py:188} INFO - [2026-09-06T06:46:16.896+0000] {dag.py:3089} INFO - Sync 1 DAGs
[2026-09-06T06:46:17.126+0000] {logging_mixin.py:188} INFO - [2026-09-06T06:46:17.125+0000] {dag.py:3947} INFO - Setting next_dagrun for netflix_etl_pipeline to 2026-09-05 00:00:00+00:00, run_after=2026-09-06 00:00:00+00:00
[2026-09-06T06:46:17.481+0000] {processor.py:183} INFO - Processing /opt/airflow/dags/netflix_dag.py took 0.844 seconds
[2026-09-06T06:46:48.254+0000] {processor.py:161} INFO - Started process (PID=5665) to work on /opt/airflow/dags/netflix_dag.py
[2026-09-06T06:46:48.258+0000] {processor.py:830} INFO - Processing file /opt/airflow/dags/netflix_dag.py for tasks to queue
[2026-09-06T06:46:48.271+0000] {logging_mixin.py:188} INFO - [2026-09-06T06:46:48.270+0000] {dagbag.py:545} INFO - Filling up the DagBag from /opt/airflow/dags/netflix_dag.py
[2026-09-06T06:46:48.379+0000] {processor.py:840} INFO - DAG(s) 'netflix_etl_pipeline' retrieved from /opt/airflow/dags/netflix_dag.py
[2026-09-06T06:46:48.536+0000] {logging_mixin.py:188} INFO - [2026-09-06T06:46:48.535+0000] {dag.py:3089} INFO - Sync 1 DAGs
[2026-09-06T06:46:48.604+0000] {logging_mixin.py:188} INFO - [2026-09-06T06:46:48.603+0000] {dag.py:3947} INFO - Setting next_dagrun for netflix_etl_pipeline to 2026-09-05 00:00:00+00:00, run_after=2026-09-06 00:00:00+00:00
[2026-09-06T06:46:48.646+0000] {processor.py:183} INFO - Processing /opt/airflow/dags/netflix_dag.py took 0.430 seconds
[2026-09-06T06:47:20.059+0000] {processor.py:161} INFO - Started process (PID=5677) to work on /opt/airflow/dags/netflix_dag.py
[2026-09-06T06:47:20.105+0000] {processor.py:830} INFO - Processing file /opt/airflow/dags/netflix_dag.py for tasks to queue
[2026-09-06T06:47:20.138+0000] {logging_mixin.py:188} INFO - [2026-09-06T06:47:20.137+0000] {dagbag.py:545} INFO - Filling up the DagBag from /opt/airflow/dags/netflix_dag.py
[2026-09-06T06:47:21.248+0000] {processor.py:840} INFO - DAG(s) 'netflix_etl_pipeline' retrieved from /opt/airflow/dags/netflix_dag.py
[2026-09-06T06:47:21.496+0000] {logging_mixin.py:188} INFO - [2026-09-06T06:47:21.496+0000] {dag.py:3089} INFO - Sync 1 DAGs
[2026-09-06T06:47:21.704+0000] {logging_mixin.py:188} INFO - [2026-09-06T06:47:21.703+0000] {dag.py:3947} INFO - Setting next_dagrun for netflix_etl_pipeline to 2026-09-05 00:00:00+00:00, run_after=2026-09-06 00:00:00+00:00
[2026-09-06T06:47:21.923+0000] {processor.py:183} INFO - Processing /opt/airflow/dags/netflix_dag.py took 1.900 seconds
[2026-09-06T06:47:53.313+0000] {processor.py:161} INFO - Started process (PID=5694) to work on /opt/airflow/dags/netflix_dag.py
[2026-09-06T06:47:53.325+0000] {processor.py:830} INFO - Processing file /opt/airflow/dags/netflix_dag.py for tasks to queue
[2026-09-06T06:47:53.339+0000] {logging_mixin.py:188} INFO - [2026-09-06T06:47:53.334+0000] {dagbag.py:545} INFO - Filling up the DagBag from /opt/airflow/dags/netflix_dag.py
[2026-09-06T06:47:53.397+0000] {processor.py:840} INFO - DAG(s) 'netflix_etl_pipeline' retrieved from /opt/airflow/dags/netflix_dag.py
[2026-09-06T06:47:53.484+0000] {logging_mixin.py:188} INFO - [2026-09-06T06:47:53.483+0000] {dag.py:3089} INFO - Sync 1 DAGs
[2026-09-06T06:47:53.644+0000] {logging_mixin.py:188} INFO - [2026-09-06T06:47:53.644+0000] {dag.py:3947} INFO - Setting next_dagrun for netflix_etl_pipeline to 2026-09-05 00:00:00+00:00, run_after=2026-09-06 00:00:00+00:00
[2026-09-06T06:47:53.876+0000] {processor.py:183} INFO - Processing /opt/airflow/dags/netflix_dag.py took 0.596 seconds
[2026-09-06T06:48:25.319+0000] {processor.py:161} INFO - Started process (PID=5705) to work on /opt/airflow/dags/netflix_dag.py
[2026-09-06T06:48:25.323+0000] {processor.py:830} INFO - Processing file /opt/airflow/dags/netflix_dag.py for tasks to queue
[2026-09-06T06:48:25.328+0000] {logging_mixin.py:188} INFO - [2026-09-06T06:48:25.327+0000] {dagbag.py:545} INFO - Filling up the DagBag from /opt/airflow/dags/netflix_dag.py
[2026-09-06T06:48:29.639+0000] {processor.py:840} INFO - DAG(s) 'netflix_etl_pipeline' retrieved from /opt/airflow/dags/netflix_dag.py
[2026-09-06T06:48:32.001+0000] {logging_mixin.py:188} INFO - [2026-09-06T06:48:32.000+0000] {dag.py:3089} INFO - Sync 1 DAGs
[2026-09-06T06:48:32.233+0000] {logging_mixin.py:188} INFO - [2026-09-06T06:48:32.233+0000] {dag.py:3947} INFO - Setting next_dagrun for netflix_etl_pipeline to 2026-09-05 00:00:00+00:00, run_after=2026-09-06 00:00:00+00:00
[2026-09-06T06:48:32.407+0000] {processor.py:183} INFO - Processing /opt/airflow/dags/netflix_dag.py took 7.102 seconds
[2026-09-06T06:49:03.273+0000] {processor.py:161} INFO - Started process (PID=5716) to work on /opt/airflow/dags/netflix_dag.py
[2026-09-06T06:49:03.276+0000] {processor.py:830} INFO - Processing file /opt/airflow/dags/netflix_dag.py for tasks to queue
[2026-09-06T06:49:03.284+0000] {logging_mixin.py:188} INFO - [2026-09-06T06:49:03.283+0000] {dagbag.py:545} INFO - Filling up the DagBag from /opt/airflow/dags/netflix_dag.py
[2026-09-06T06:49:03.342+0000] {processor.py:840} INFO - DAG(s) 'netflix_etl_pipeline' retrieved from /opt/airflow/dags/netflix_dag.py
[2026-09-06T06:49:03.624+0000] {logging_mixin.py:188} INFO - [2026-09-06T06:49:03.623+0000] {dag.py:3089} INFO - Sync 1 DAGs
[2026-09-06T06:49:03.811+0000] {logging_mixin.py:188} INFO - [2026-09-06T06:49:03.802+0000] {dag.py:3947} INFO - Setting next_dagrun for netflix_etl_pipeline to 2026-09-05 00:00:00+00:00, run_after=2026-09-06 00:00:00+00:00
[2026-09-06T06:49:04.119+0000] {processor.py:183} INFO - Processing /opt/airflow/dags/netflix_dag.py took 0.865 seconds
[2026-09-06T06:49:34.278+0000] {processor.py:161} INFO - Started process (PID=5727) to work on /opt/airflow/dags/netflix_dag.py
[2026-09-06T06:49:34.281+0000] {processor.py:830} INFO - Processing file /opt/airflow/dags/netflix_dag.py for tasks to queue
[2026-09-06T06:49:34.286+0000] {logging_mixin.py:188} INFO - [2026-09-06T06:49:34.285+0000] {dagbag.py:545} INFO - Filling up the DagBag from /opt/airflow/dags/netflix_dag.py
[2026-09-06T06:49:34.338+0000] {processor.py:840} INFO - DAG(s) 'netflix_etl_pipeline' retrieved from /opt/airflow/dags/netflix_dag.py
[2026-09-06T06:49:34.414+0000] {logging_mixin.py:188} INFO - [2026-09-06T06:49:34.413+0000] {dag.py:3089} INFO - Sync 1 DAGs
[2026-09-06T06:49:34.471+0000] {logging_mixin.py:188} INFO - [2026-09-06T06:49:34.471+0000] {dag.py:3947} INFO - Setting next_dagrun for netflix_etl_pipeline to 2026-09-05 00:00:00+00:00, run_after=2026-09-06 00:00:00+00:00
[2026-09-06T06:49:34.513+0000] {processor.py:183} INFO - Processing /opt/airflow/dags/netflix_dag.py took 0.249 seconds
[2026-09-06T06:50:05.275+0000] {processor.py:161} INFO - Started process (PID=5738) to work on /opt/airflow/dags/netflix_dag.py
[2026-09-06T06:50:05.280+0000] {processor.py:830} INFO - Processing file /opt/airflow/dags/netflix_dag.py for tasks to queue
[2026-09-06T06:50:05.287+0000] {logging_mixin.py:188} INFO - [2026-09-06T06:50:05.286+0000] {dagbag.py:545} INFO - Filling up the DagBag from /opt/airflow/dags/netflix_dag.py
[2026-09-06T06:50:05.351+0000] {processor.py:840} INFO - DAG(s) 'netflix_etl_pipeline' retrieved from /opt/airflow/dags/netflix_dag.py
[2026-09-06T06:50:05.679+0000] {logging_mixin.py:188} INFO - [2026-09-06T06:50:05.679+0000] {dag.py:3089} INFO - Sync 1 DAGs
[2026-09-06T06:50:05.854+0000] {logging_mixin.py:188} INFO - [2026-09-06T06:50:05.853+0000] {dag.py:3947} INFO - Setting next_dagrun for netflix_etl_pipeline to 2026-09-05 00:00:00+00:00, run_after=2026-09-06 00:00:00+00:00
[2026-09-06T06:50:05.914+0000] {processor.py:183} INFO - Processing /opt/airflow/dags/netflix_dag.py took 0.672 seconds
[2026-09-06T06:50:36.899+0000] {processor.py:161} INFO - Started process (PID=5749) to work on /opt/airflow/dags/netflix_dag.py
[2026-09-06T06:50:36.939+0000] {processor.py:830} INFO - Processing file /opt/airflow/dags/netflix_dag.py for tasks to queue
[2026-09-06T06:50:37.009+0000] {logging_mixin.py:188} INFO - [2026-09-06T06:50:37.008+0000] {dagbag.py:545} INFO - Filling up the DagBag from /opt/airflow/dags/netflix_dag.py
[2026-09-06T06:50:37.990+0000] {processor.py:840} INFO - DAG(s) 'netflix_etl_pipeline' retrieved from /opt/airflow/dags/netflix_dag.py
[2026-09-06T06:50:38.353+0000] {logging_mixin.py:188} INFO - [2026-09-06T06:50:38.344+0000] {dag.py:3089} INFO - Sync 1 DAGs
[2026-09-06T06:50:38.486+0000] {logging_mixin.py:188} INFO - [2026-09-06T06:50:38.485+0000] {dag.py:3947} INFO - Setting next_dagrun for netflix_etl_pipeline to 2026-09-05 00:00:00+00:00, run_after=2026-09-06 00:00:00+00:00
[2026-09-06T06:50:38.538+0000] {processor.py:183} INFO - Processing /opt/airflow/dags/netflix_dag.py took 1.688 seconds
[2026-09-06T06:51:10.038+0000] {processor.py:161} INFO - Started process (PID=5760) to work on /opt/airflow/dags/netflix_dag.py
[2026-09-06T06:51:10.045+0000] {processor.py:830} INFO - Processing file /opt/airflow/dags/netflix_dag.py for tasks to queue
[2026-09-06T06:51:10.053+0000] {logging_mixin.py:188} INFO - [2026-09-06T06:51:10.052+0000] {dagbag.py:545} INFO - Filling up the DagBag from /opt/airflow/dags/netflix_dag.py
[2026-09-06T06:51:10.096+0000] {processor.py:840} INFO - DAG(s) 'netflix_etl_pipeline' retrieved from /opt/airflow/dags/netflix_dag.py
[2026-09-06T06:51:10.314+0000] {logging_mixin.py:188} INFO - [2026-09-06T06:51:10.313+0000] {dag.py:3089} INFO - Sync 1 DAGs
[2026-09-06T06:51:10.537+0000] {logging_mixin.py:188} INFO - [2026-09-06T06:51:10.536+0000] {dag.py:3947} INFO - Setting next_dagrun for netflix_etl_pipeline to 2026-09-05 00:00:00+00:00, run_after=2026-09-06 00:00:00+00:00
[2026-09-06T06:51:10.688+0000] {processor.py:183} INFO - Processing /opt/airflow/dags/netflix_dag.py took 0.672 seconds
[2026-09-06T06:51:41.028+0000] {processor.py:161} INFO - Started process (PID=5771) to work on /opt/airflow/dags/netflix_dag.py
[2026-09-06T06:51:41.031+0000] {processor.py:830} INFO - Processing file /opt/airflow/dags/netflix_dag.py for tasks to queue
[2026-09-06T06:51:41.036+0000] {logging_mixin.py:188} INFO - [2026-09-06T06:51:41.035+0000] {dagbag.py:545} INFO - Filling up the DagBag from /opt/airflow/dags/netflix_dag.py
[2026-09-06T06:51:41.080+0000] {processor.py:840} INFO - DAG(s) 'netflix_etl_pipeline' retrieved from /opt/airflow/dags/netflix_dag.py
[2026-09-06T06:51:41.148+0000] {logging_mixin.py:188} INFO - [2026-09-06T06:51:41.148+0000] {dag.py:3089} INFO - Sync 1 DAGs
[2026-09-06T06:51:41.194+0000] {logging_mixin.py:188} INFO - [2026-09-06T06:51:41.193+0000] {dag.py:3947} INFO - Setting next_dagrun for netflix_etl_pipeline to 2026-09-05 00:00:00+00:00, run_after=2026-09-06 00:00:00+00:00
[2026-09-06T06:51:41.234+0000] {processor.py:183} INFO - Processing /opt/airflow/dags/netflix_dag.py took 0.220 seconds
[2026-09-06T06:52:12.428+0000] {processor.py:161} INFO - Started process (PID=5782) to work on /opt/airflow/dags/netflix_dag.py
[2026-09-06T06:52:12.459+0000] {processor.py:830} INFO - Processing file /opt/airflow/dags/netflix_dag.py for tasks to queue
[2026-09-06T06:52:12.492+0000] {logging_mixin.py:188} INFO - [2026-09-06T06:52:12.491+0000] {dagbag.py:545} INFO - Filling up the DagBag from /opt/airflow/dags/netflix_dag.py
[2026-09-06T06:52:13.172+0000] {processor.py:840} INFO - DAG(s) 'netflix_etl_pipeline' retrieved from /opt/airflow/dags/netflix_dag.py
[2026-09-06T06:52:13.479+0000] {logging_mixin.py:188} INFO - [2026-09-06T06:52:13.479+0000] {dag.py:3089} INFO - Sync 1 DAGs
[2026-09-06T06:52:13.565+0000] {logging_mixin.py:188} INFO - [2026-09-06T06:52:13.564+0000] {dag.py:3947} INFO - Setting next_dagrun for netflix_etl_pipeline to 2026-09-05 00:00:00+00:00, run_after=2026-09-06 00:00:00+00:00
[2026-09-06T06:52:13.607+0000] {processor.py:183} INFO - Processing /opt/airflow/dags/netflix_dag.py took 1.216 seconds
[2026-09-06T06:52:44.713+0000] {processor.py:161} INFO - Started process (PID=5793) to work on /opt/airflow/dags/netflix_dag.py
[2026-09-06T06:52:44.716+0000] {processor.py:830} INFO - Processing file /opt/airflow/dags/netflix_dag.py for tasks to queue
[2026-09-06T06:52:44.723+0000] {logging_mixin.py:188} INFO - [2026-09-06T06:52:44.722+0000] {dagbag.py:545} INFO - Filling up the DagBag from /opt/airflow/dags/netflix_dag.py
[2026-09-06T06:52:44.764+0000] {processor.py:840} INFO - DAG(s) 'netflix_etl_pipeline' retrieved from /opt/airflow/dags/netflix_dag.py
[2026-09-06T06:52:44.896+0000] {logging_mixin.py:188} INFO - [2026-09-06T06:52:44.895+0000] {dag.py:3089} INFO - Sync 1 DAGs
[2026-09-06T06:52:45.073+0000] {logging_mixin.py:188} INFO - [2026-09-06T06:52:45.072+0000] {dag.py:3947} INFO - Setting next_dagrun for netflix_etl_pipeline to 2026-09-05 00:00:00+00:00, run_after=2026-09-06 00:00:00+00:00
[2026-09-06T06:52:45.310+0000] {processor.py:183} INFO - Processing /opt/airflow/dags/netflix_dag.py took 0.618 seconds
[2026-09-06T06:53:15.920+0000] {processor.py:161} INFO - Started process (PID=5804) to work on /opt/airflow/dags/netflix_dag.py
[2026-09-06T06:53:15.968+0000] {processor.py:830} INFO - Processing file /opt/airflow/dags/netflix_dag.py for tasks to queue
[2026-09-06T06:53:16.012+0000] {logging_mixin.py:188} INFO - [2026-09-06T06:53:16.010+0000] {dagbag.py:545} INFO - Filling up the DagBag from /opt/airflow/dags/netflix_dag.py
[2026-09-06T06:53:16.387+0000] {processor.py:840} INFO - DAG(s) 'netflix_etl_pipeline' retrieved from /opt/airflow/dags/netflix_dag.py
[2026-09-06T06:53:16.607+0000] {logging_mixin.py:188} INFO - [2026-09-06T06:53:16.606+0000] {dag.py:3089} INFO - Sync 1 DAGs
[2026-09-06T06:53:16.798+0000] {logging_mixin.py:188} INFO - [2026-09-06T06:53:16.798+0000] {dag.py:3947} INFO - Setting next_dagrun for netflix_etl_pipeline to 2026-09-05 00:00:00+00:00, run_after=2026-09-06 00:00:00+00:00
[2026-09-06T06:53:16.982+0000] {processor.py:183} INFO - Processing /opt/airflow/dags/netflix_dag.py took 1.098 seconds
[2026-09-06T06:53:47.498+0000] {processor.py:161} INFO - Started process (PID=5815) to work on /opt/airflow/dags/netflix_dag.py
[2026-09-06T06:53:47.502+0000] {processor.py:830} INFO - Processing file /opt/airflow/dags/netflix_dag.py for tasks to queue
[2026-09-06T06:53:47.510+0000] {logging_mixin.py:188} INFO - [2026-09-06T06:53:47.509+0000] {dagbag.py:545} INFO - Filling up the DagBag from /opt/airflow/dags/netflix_dag.py
[2026-09-06T06:53:47.565+0000] {processor.py:840} INFO - DAG(s) 'netflix_etl_pipeline' retrieved from /opt/airflow/dags/netflix_dag.py
[2026-09-06T06:53:47.698+0000] {logging_mixin.py:188} INFO - [2026-09-06T06:53:47.697+0000] {dag.py:3089} INFO - Sync 1 DAGs
[2026-09-06T06:53:47.923+0000] {logging_mixin.py:188} INFO - [2026-09-06T06:53:47.922+0000] {dag.py:3947} INFO - Setting next_dagrun for netflix_etl_pipeline to 2026-09-05 00:00:00+00:00, run_after=2026-09-06 00:00:00+00:00
[2026-09-06T06:53:48.167+0000] {processor.py:183} INFO - Processing /opt/airflow/dags/netflix_dag.py took 0.693 seconds
[2026-09-06T06:54:18.361+0000] {processor.py:161} INFO - Started process (PID=5826) to work on /opt/airflow/dags/netflix_dag.py
[2026-09-06T06:54:18.365+0000] {processor.py:830} INFO - Processing file /opt/airflow/dags/netflix_dag.py for tasks to queue
[2026-09-06T06:54:18.372+0000] {logging_mixin.py:188} INFO - [2026-09-06T06:54:18.371+0000] {dagbag.py:545} INFO - Filling up the DagBag from /opt/airflow/dags/netflix_dag.py
[2026-09-06T06:54:18.421+0000] {processor.py:840} INFO - DAG(s) 'netflix_etl_pipeline' retrieved from /opt/airflow/dags/netflix_dag.py
[2026-09-06T06:54:18.500+0000] {logging_mixin.py:188} INFO - [2026-09-06T06:54:18.500+0000] {dag.py:3089} INFO - Sync 1 DAGs
[2026-09-06T06:54:18.556+0000] {logging_mixin.py:188} INFO - [2026-09-06T06:54:18.556+0000] {dag.py:3947} INFO - Setting next_dagrun for netflix_etl_pipeline to 2026-09-05 00:00:00+00:00, run_after=2026-09-06 00:00:00+00:00
[2026-09-06T06:54:18.599+0000] {processor.py:183} INFO - Processing /opt/airflow/dags/netflix_dag.py took 0.253 seconds
[2026-09-06T06:54:49.867+0000] {processor.py:161} INFO - Started process (PID=5837) to work on /opt/airflow/dags/netflix_dag.py
[2026-09-06T06:54:49.871+0000] {processor.py:830} INFO - Processing file /opt/airflow/dags/netflix_dag.py for tasks to queue
[2026-09-06T06:54:49.881+0000] {logging_mixin.py:188} INFO - [2026-09-06T06:54:49.879+0000] {dagbag.py:545} INFO - Filling up the DagBag from /opt/airflow/dags/netflix_dag.py
[2026-09-06T06:54:49.943+0000] {processor.py:840} INFO - DAG(s) 'netflix_etl_pipeline' retrieved from /opt/airflow/dags/netflix_dag.py
[2026-09-06T06:54:50.092+0000] {logging_mixin.py:188} INFO - [2026-09-06T06:54:50.091+0000] {dag.py:3089} INFO - Sync 1 DAGs
[2026-09-06T06:54:50.280+0000] {logging_mixin.py:188} INFO - [2026-09-06T06:54:50.279+0000] {dag.py:3947} INFO - Setting next_dagrun for netflix_etl_pipeline to 2026-09-05 00:00:00+00:00, run_after=2026-09-06 00:00:00+00:00
[2026-09-06T06:54:50.520+0000] {processor.py:183} INFO - Processing /opt/airflow/dags/netflix_dag.py took 0.677 seconds
[2026-09-06T06:55:20.879+0000] {processor.py:161} INFO - Started process (PID=5848) to work on /opt/airflow/dags/netflix_dag.py
[2026-09-06T06:55:20.883+0000] {processor.py:830} INFO - Processing file /opt/airflow/dags/netflix_dag.py for tasks to queue
[2026-09-06T06:55:20.891+0000] {logging_mixin.py:188} INFO - [2026-09-06T06:55:20.890+0000] {dagbag.py:545} INFO - Filling up the DagBag from /opt/airflow/dags/netflix_dag.py
[2026-09-06T06:55:20.938+0000] {processor.py:840} INFO - DAG(s) 'netflix_etl_pipeline' retrieved from /opt/airflow/dags/netflix_dag.py
[2026-09-06T06:55:21.138+0000] {logging_mixin.py:188} INFO - [2026-09-06T06:55:21.137+0000] {dag.py:3089} INFO - Sync 1 DAGs
[2026-09-06T06:55:21.340+0000] {logging_mixin.py:188} INFO - [2026-09-06T06:55:21.339+0000] {dag.py:3947} INFO - Setting next_dagrun for netflix_etl_pipeline to 2026-09-05 00:00:00+00:00, run_after=2026-09-06 00:00:00+00:00
[2026-09-06T06:55:21.596+0000] {processor.py:183} INFO - Processing /opt/airflow/dags/netflix_dag.py took 0.740 seconds
[2026-09-06T06:55:53.071+0000] {processor.py:161} INFO - Started process (PID=5859) to work on /opt/airflow/dags/netflix_dag.py
[2026-09-06T06:55:53.077+0000] {processor.py:830} INFO - Processing file /opt/airflow/dags/netflix_dag.py for tasks to queue
[2026-09-06T06:55:53.083+0000] {logging_mixin.py:188} INFO - [2026-09-06T06:55:53.082+0000] {dagbag.py:545} INFO - Filling up the DagBag from /opt/airflow/dags/netflix_dag.py
[2026-09-06T06:55:53.129+0000] {processor.py:840} INFO - DAG(s) 'netflix_etl_pipeline' retrieved from /opt/airflow/dags/netflix_dag.py
[2026-09-06T06:55:53.224+0000] {logging_mixin.py:188} INFO - [2026-09-06T06:55:53.223+0000] {dag.py:3089} INFO - Sync 1 DAGs
[2026-09-06T06:55:53.312+0000] {logging_mixin.py:188} INFO - [2026-09-06T06:55:53.312+0000] {dag.py:3947} INFO - Setting next_dagrun for netflix_etl_pipeline to 2026-09-05 00:00:00+00:00, run_after=2026-09-06 00:00:00+00:00
[2026-09-06T06:55:53.574+0000] {processor.py:183} INFO - Processing /opt/airflow/dags/netflix_dag.py took 0.519 seconds
[2026-09-06T06:56:25.162+0000] {processor.py:161} INFO - Started process (PID=5870) to work on /opt/airflow/dags/netflix_dag.py
[2026-09-06T06:56:25.165+0000] {processor.py:830} INFO - Processing file /opt/airflow/dags/netflix_dag.py for tasks to queue
[2026-09-06T06:56:25.169+0000] {logging_mixin.py:188} INFO - [2026-09-06T06:56:25.169+0000] {dagbag.py:545} INFO - Filling up the DagBag from /opt/airflow/dags/netflix_dag.py
[2026-09-06T06:56:25.208+0000] {processor.py:840} INFO - DAG(s) 'netflix_etl_pipeline' retrieved from /opt/airflow/dags/netflix_dag.py
[2026-09-06T06:56:25.389+0000] {logging_mixin.py:188} INFO - [2026-09-06T06:56:25.379+0000] {dag.py:3089} INFO - Sync 1 DAGs
[2026-09-06T06:56:25.593+0000] {logging_mixin.py:188} INFO - [2026-09-06T06:56:25.592+0000] {dag.py:3947} INFO - Setting next_dagrun for netflix_etl_pipeline to 2026-09-05 00:00:00+00:00, run_after=2026-09-06 00:00:00+00:00
[2026-09-06T06:56:25.902+0000] {processor.py:183} INFO - Processing /opt/airflow/dags/netflix_dag.py took 0.753 seconds
[2026-09-06T06:56:56.307+0000] {processor.py:161} INFO - Started process (PID=5882) to work on /opt/airflow/dags/netflix_dag.py
[2026-09-06T06:56:56.333+0000] {processor.py:830} INFO - Processing file /opt/airflow/dags/netflix_dag.py for tasks to queue
[2026-09-06T06:56:56.373+0000] {logging_mixin.py:188} INFO - [2026-09-06T06:56:56.372+0000] {dagbag.py:545} INFO - Filling up the DagBag from /opt/airflow/dags/netflix_dag.py
[2026-09-06T06:56:56.897+0000] {processor.py:840} INFO - DAG(s) 'netflix_etl_pipeline' retrieved from /opt/airflow/dags/netflix_dag.py
[2026-09-06T06:56:56.963+0000] {logging_mixin.py:188} INFO - [2026-09-06T06:56:56.962+0000] {dag.py:3089} INFO - Sync 1 DAGs
[2026-09-06T06:56:57.020+0000] {logging_mixin.py:188} INFO - [2026-09-06T06:56:57.020+0000] {dag.py:3947} INFO - Setting next_dagrun for netflix_etl_pipeline to 2026-09-05 00:00:00+00:00, run_after=2026-09-06 00:00:00+00:00
[2026-09-06T06:56:57.296+0000] {processor.py:183} INFO - Processing /opt/airflow/dags/netflix_dag.py took 1.019 seconds
[2026-09-06T06:57:28.665+0000] {processor.py:161} INFO - Started process (PID=5893) to work on /opt/airflow/dags/netflix_dag.py
[2026-09-06T06:57:28.669+0000] {processor.py:830} INFO - Processing file /opt/airflow/dags/netflix_dag.py for tasks to queue
[2026-09-06T06:57:28.677+0000] {logging_mixin.py:188} INFO - [2026-09-06T06:57:28.676+0000] {dagbag.py:545} INFO - Filling up the DagBag from /opt/airflow/dags/netflix_dag.py
[2026-09-06T06:57:28.795+0000] {processor.py:840} INFO - DAG(s) 'netflix_etl_pipeline' retrieved from /opt/airflow/dags/netflix_dag.py
[2026-09-06T06:57:28.912+0000] {logging_mixin.py:188} INFO - [2026-09-06T06:57:28.912+0000] {dag.py:3089} INFO - Sync 1 DAGs
[2026-09-06T06:57:29.053+0000] {logging_mixin.py:188} INFO - [2026-09-06T06:57:29.052+0000] {dag.py:3947} INFO - Setting next_dagrun for netflix_etl_pipeline to 2026-09-05 00:00:00+00:00, run_after=2026-09-06 00:00:00+00:00
[2026-09-06T06:57:29.315+0000] {processor.py:183} INFO - Processing /opt/airflow/dags/netflix_dag.py took 0.674 seconds
[2026-09-06T06:58:00.408+0000] {processor.py:161} INFO - Started process (PID=5910) to work on /opt/airflow/dags/netflix_dag.py
[2026-09-06T06:58:00.412+0000] {processor.py:830} INFO - Processing file /opt/airflow/dags/netflix_dag.py for tasks to queue
[2026-09-06T06:58:00.419+0000] {logging_mixin.py:188} INFO - [2026-09-06T06:58:00.418+0000] {dagbag.py:545} INFO - Filling up the DagBag from /opt/airflow/dags/netflix_dag.py
[2026-09-06T06:58:00.482+0000] {processor.py:840} INFO - DAG(s) 'netflix_etl_pipeline' retrieved from /opt/airflow/dags/netflix_dag.py
[2026-09-06T06:58:00.579+0000] {logging_mixin.py:188} INFO - [2026-09-06T06:58:00.578+0000] {dag.py:3089} INFO - Sync 1 DAGs
[2026-09-06T06:58:00.633+0000] {logging_mixin.py:188} INFO - [2026-09-06T06:58:00.633+0000] {dag.py:3947} INFO - Setting next_dagrun for netflix_etl_pipeline to 2026-09-05 00:00:00+00:00, run_after=2026-09-06 00:00:00+00:00
[2026-09-06T06:58:00.678+0000] {processor.py:183} INFO - Processing /opt/airflow/dags/netflix_dag.py took 0.292 seconds
[2026-09-06T06:58:32.126+0000] {processor.py:161} INFO - Started process (PID=5921) to work on /opt/airflow/dags/netflix_dag.py
[2026-09-06T06:58:32.154+0000] {processor.py:830} INFO - Processing file /opt/airflow/dags/netflix_dag.py for tasks to queue
[2026-09-06T06:58:32.192+0000] {logging_mixin.py:188} INFO - [2026-09-06T06:58:32.191+0000] {dagbag.py:545} INFO - Filling up the DagBag from /opt/airflow/dags/netflix_dag.py
[2026-09-06T06:58:32.454+0000] {processor.py:840} INFO - DAG(s) 'netflix_etl_pipeline' retrieved from /opt/airflow/dags/netflix_dag.py
[2026-09-06T06:58:32.624+0000] {logging_mixin.py:188} INFO - [2026-09-06T06:58:32.623+0000] {dag.py:3089} INFO - Sync 1 DAGs
[2026-09-06T06:58:32.862+0000] {logging_mixin.py:188} INFO - [2026-09-06T06:58:32.862+0000] {dag.py:3947} INFO - Setting next_dagrun for netflix_etl_pipeline to 2026-09-05 00:00:00+00:00, run_after=2026-09-06 00:00:00+00:00
[2026-09-06T06:58:33.046+0000] {processor.py:183} INFO - Processing /opt/airflow/dags/netflix_dag.py took 0.947 seconds
[2026-09-06T06:59:04.304+0000] {processor.py:161} INFO - Started process (PID=5931) to work on /opt/airflow/dags/netflix_dag.py
[2026-09-06T06:59:04.306+0000] {processor.py:830} INFO - Processing file /opt/airflow/dags/netflix_dag.py for tasks to queue
[2026-09-06T06:59:04.313+0000] {logging_mixin.py:188} INFO - [2026-09-06T06:59:04.312+0000] {dagbag.py:545} INFO - Filling up the DagBag from /opt/airflow/dags/netflix_dag.py
[2026-09-06T06:59:04.355+0000] {processor.py:840} INFO - DAG(s) 'netflix_etl_pipeline' retrieved from /opt/airflow/dags/netflix_dag.py
[2026-09-06T06:59:04.457+0000] {logging_mixin.py:188} INFO - [2026-09-06T06:59:04.457+0000] {dag.py:3089} INFO - Sync 1 DAGs
[2026-09-06T06:59:04.681+0000] {logging_mixin.py:188} INFO - [2026-09-06T06:59:04.671+0000] {dag.py:3947} INFO - Setting next_dagrun for netflix_etl_pipeline to 2026-09-05 00:00:00+00:00, run_after=2026-09-06 00:00:00+00:00
[2026-09-06T06:59:04.970+0000] {processor.py:183} INFO - Processing /opt/airflow/dags/netflix_dag.py took 0.683 seconds
[2026-09-06T06:59:35.916+0000] {processor.py:161} INFO - Started process (PID=5942) to work on /opt/airflow/dags/netflix_dag.py
[2026-09-06T06:59:35.919+0000] {processor.py:830} INFO - Processing file /opt/airflow/dags/netflix_dag.py for tasks to queue
[2026-09-06T06:59:35.927+0000] {logging_mixin.py:188} INFO - [2026-09-06T06:59:35.926+0000] {dagbag.py:545} INFO - Filling up the DagBag from /opt/airflow/dags/netflix_dag.py
[2026-09-06T06:59:35.975+0000] {processor.py:840} INFO - DAG(s) 'netflix_etl_pipeline' retrieved from /opt/airflow/dags/netflix_dag.py
[2026-09-06T06:59:36.051+0000] {logging_mixin.py:188} INFO - [2026-09-06T06:59:36.051+0000] {dag.py:3089} INFO - Sync 1 DAGs
[2026-09-06T06:59:36.119+0000] {logging_mixin.py:188} INFO - [2026-09-06T06:59:36.118+0000] {dag.py:3947} INFO - Setting next_dagrun for netflix_etl_pipeline to 2026-09-05 00:00:00+00:00, run_after=2026-09-06 00:00:00+00:00
[2026-09-06T06:59:36.278+0000] {processor.py:183} INFO - Processing /opt/airflow/dags/netflix_dag.py took 0.381 seconds
[2026-09-06T07:00:06.965+0000] {processor.py:161} INFO - Started process (PID=5953) to work on /opt/airflow/dags/netflix_dag.py
[2026-09-06T07:00:06.967+0000] {processor.py:830} INFO - Processing file /opt/airflow/dags/netflix_dag.py for tasks to queue
[2026-09-06T07:00:06.973+0000] {logging_mixin.py:188} INFO - [2026-09-06T07:00:06.972+0000] {dagbag.py:545} INFO - Filling up the DagBag from /opt/airflow/dags/netflix_dag.py
[2026-09-06T07:00:07.010+0000] {processor.py:840} INFO - DAG(s) 'netflix_etl_pipeline' retrieved from /opt/airflow/dags/netflix_dag.py
[2026-09-06T07:00:07.235+0000] {logging_mixin.py:188} INFO - [2026-09-06T07:00:07.224+0000] {dag.py:3089} INFO - Sync 1 DAGs
[2026-09-06T07:00:07.479+0000] {logging_mixin.py:188} INFO - [2026-09-06T07:00:07.469+0000] {dag.py:3947} INFO - Setting next_dagrun for netflix_etl_pipeline to 2026-09-05 00:00:00+00:00, run_after=2026-09-06 00:00:00+00:00
[2026-09-06T07:00:07.676+0000] {processor.py:183} INFO - Processing /opt/airflow/dags/netflix_dag.py took 0.729 seconds
[2026-09-06T07:00:38.629+0000] {processor.py:161} INFO - Started process (PID=5964) to work on /opt/airflow/dags/netflix_dag.py
[2026-09-06T07:00:38.634+0000] {processor.py:830} INFO - Processing file /opt/airflow/dags/netflix_dag.py for tasks to queue
[2026-09-06T07:00:38.649+0000] {logging_mixin.py:188} INFO - [2026-09-06T07:00:38.648+0000] {dagbag.py:545} INFO - Filling up the DagBag from /opt/airflow/dags/netflix_dag.py
[2026-09-06T07:00:38.701+0000] {processor.py:840} INFO - DAG(s) 'netflix_etl_pipeline' retrieved from /opt/airflow/dags/netflix_dag.py
[2026-09-06T07:00:38.980+0000] {logging_mixin.py:188} INFO - [2026-09-06T07:00:38.979+0000] {dag.py:3089} INFO - Sync 1 DAGs
[2026-09-06T07:00:39.211+0000] {logging_mixin.py:188} INFO - [2026-09-06T07:00:39.200+0000] {dag.py:3947} INFO - Setting next_dagrun for netflix_etl_pipeline to 2026-09-05 00:00:00+00:00, run_after=2026-09-06 00:00:00+00:00
[2026-09-06T07:00:39.452+0000] {processor.py:183} INFO - Processing /opt/airflow/dags/netflix_dag.py took 0.855 seconds
[2026-09-06T07:01:10.845+0000] {processor.py:161} INFO - Started process (PID=5975) to work on /opt/airflow/dags/netflix_dag.py
[2026-09-06T07:01:10.877+0000] {processor.py:830} INFO - Processing file /opt/airflow/dags/netflix_dag.py for tasks to queue
[2026-09-06T07:01:10.928+0000] {logging_mixin.py:188} INFO - [2026-09-06T07:01:10.927+0000] {dagbag.py:545} INFO - Filling up the DagBag from /opt/airflow/dags/netflix_dag.py
[2026-09-06T07:01:11.696+0000] {processor.py:840} INFO - DAG(s) 'netflix_etl_pipeline' retrieved from /opt/airflow/dags/netflix_dag.py
[2026-09-06T07:01:11.788+0000] {logging_mixin.py:188} INFO - [2026-09-06T07:01:11.787+0000] {dag.py:3089} INFO - Sync 1 DAGs
[2026-09-06T07:01:11.955+0000] {logging_mixin.py:188} INFO - [2026-09-06T07:01:11.954+0000] {dag.py:3947} INFO - Setting next_dagrun for netflix_etl_pipeline to 2026-09-05 00:00:00+00:00, run_after=2026-09-06 00:00:00+00:00
[2026-09-06T07:01:12.193+0000] {processor.py:183} INFO - Processing /opt/airflow/dags/netflix_dag.py took 1.383 seconds
[2026-09-06T07:01:43.174+0000] {processor.py:161} INFO - Started process (PID=5986) to work on /opt/airflow/dags/netflix_dag.py
[2026-09-06T07:01:43.177+0000] {processor.py:830} INFO - Processing file /opt/airflow/dags/netflix_dag.py for tasks to queue
[2026-09-06T07:01:43.184+0000] {logging_mixin.py:188} INFO - [2026-09-06T07:01:43.183+0000] {dagbag.py:545} INFO - Filling up the DagBag from /opt/airflow/dags/netflix_dag.py
[2026-09-06T07:01:43.240+0000] {processor.py:840} INFO - DAG(s) 'netflix_etl_pipeline' retrieved from /opt/airflow/dags/netflix_dag.py
[2026-09-06T07:01:43.349+0000] {logging_mixin.py:188} INFO - [2026-09-06T07:01:43.348+0000] {dag.py:3089} INFO - Sync 1 DAGs
[2026-09-06T07:01:43.415+0000] {logging_mixin.py:188} INFO - [2026-09-06T07:01:43.415+0000] {dag.py:3947} INFO - Setting next_dagrun for netflix_etl_pipeline to 2026-09-05 00:00:00+00:00, run_after=2026-09-06 00:00:00+00:00
[2026-09-06T07:01:43.461+0000] {processor.py:183} INFO - Processing /opt/airflow/dags/netflix_dag.py took 0.304 seconds
[2026-09-06T07:02:14.888+0000] {processor.py:161} INFO - Started process (PID=5997) to work on /opt/airflow/dags/netflix_dag.py
[2026-09-06T07:02:14.922+0000] {processor.py:830} INFO - Processing file /opt/airflow/dags/netflix_dag.py for tasks to queue
[2026-09-06T07:02:14.979+0000] {logging_mixin.py:188} INFO - [2026-09-06T07:02:14.978+0000] {dagbag.py:545} INFO - Filling up the DagBag from /opt/airflow/dags/netflix_dag.py
[2026-09-06T07:02:16.134+0000] {processor.py:840} INFO - DAG(s) 'netflix_etl_pipeline' retrieved from /opt/airflow/dags/netflix_dag.py
[2026-09-06T07:02:16.461+0000] {logging_mixin.py:188} INFO - [2026-09-06T07:02:16.460+0000] {dag.py:3089} INFO - Sync 1 DAGs
[2026-09-06T07:02:16.701+0000] {logging_mixin.py:188} INFO - [2026-09-06T07:02:16.700+0000] {dag.py:3947} INFO - Setting next_dagrun for netflix_etl_pipeline to 2026-09-05 00:00:00+00:00, run_after=2026-09-06 00:00:00+00:00
[2026-09-06T07:02:16.959+0000] {processor.py:183} INFO - Processing /opt/airflow/dags/netflix_dag.py took 2.108 seconds
[2026-09-06T07:02:48.691+0000] {processor.py:161} INFO - Started process (PID=6008) to work on /opt/airflow/dags/netflix_dag.py
[2026-09-06T07:02:48.695+0000] {processor.py:830} INFO - Processing file /opt/airflow/dags/netflix_dag.py for tasks to queue
[2026-09-06T07:02:48.705+0000] {logging_mixin.py:188} INFO - [2026-09-06T07:02:48.704+0000] {dagbag.py:545} INFO - Filling up the DagBag from /opt/airflow/dags/netflix_dag.py
[2026-09-06T07:02:48.778+0000] {processor.py:840} INFO - DAG(s) 'netflix_etl_pipeline' retrieved from /opt/airflow/dags/netflix_dag.py
[2026-09-06T07:02:48.945+0000] {logging_mixin.py:188} INFO - [2026-09-06T07:02:48.944+0000] {dag.py:3089} INFO - Sync 1 DAGs
[2026-09-06T07:02:49.241+0000] {logging_mixin.py:188} INFO - [2026-09-06T07:02:49.241+0000] {dag.py:3947} INFO - Setting next_dagrun for netflix_etl_pipeline to 2026-09-05 00:00:00+00:00, run_after=2026-09-06 00:00:00+00:00
[2026-09-06T07:02:49.547+0000] {processor.py:183} INFO - Processing /opt/airflow/dags/netflix_dag.py took 0.894 seconds
[2026-09-06T07:03:20.866+0000] {processor.py:161} INFO - Started process (PID=6019) to work on /opt/airflow/dags/netflix_dag.py
[2026-09-06T07:03:20.870+0000] {processor.py:830} INFO - Processing file /opt/airflow/dags/netflix_dag.py for tasks to queue
[2026-09-06T07:03:20.878+0000] {logging_mixin.py:188} INFO - [2026-09-06T07:03:20.877+0000] {dagbag.py:545} INFO - Filling up the DagBag from /opt/airflow/dags/netflix_dag.py
[2026-09-06T07:03:20.931+0000] {processor.py:840} INFO - DAG(s) 'netflix_etl_pipeline' retrieved from /opt/airflow/dags/netflix_dag.py
[2026-09-06T07:03:21.096+0000] {logging_mixin.py:188} INFO - [2026-09-06T07:03:21.085+0000] {dag.py:3089} INFO - Sync 1 DAGs
[2026-09-06T07:03:21.340+0000] {logging_mixin.py:188} INFO - [2026-09-06T07:03:21.340+0000] {dag.py:3947} INFO - Setting next_dagrun for netflix_etl_pipeline to 2026-09-05 00:00:00+00:00, run_after=2026-09-06 00:00:00+00:00
[2026-09-06T07:03:21.788+0000] {processor.py:183} INFO - Processing /opt/airflow/dags/netflix_dag.py took 0.955 seconds
[2026-09-06T07:03:53.027+0000] {processor.py:161} INFO - Started process (PID=6030) to work on /opt/airflow/dags/netflix_dag.py
[2026-09-06T07:03:53.065+0000] {processor.py:830} INFO - Processing file /opt/airflow/dags/netflix_dag.py for tasks to queue
[2026-09-06T07:03:53.103+0000] {logging_mixin.py:188} INFO - [2026-09-06T07:03:53.102+0000] {dagbag.py:545} INFO - Filling up the DagBag from /opt/airflow/dags/netflix_dag.py
[2026-09-06T07:03:53.796+0000] {processor.py:840} INFO - DAG(s) 'netflix_etl_pipeline' retrieved from /opt/airflow/dags/netflix_dag.py
[2026-09-06T07:03:54.093+0000] {logging_mixin.py:188} INFO - [2026-09-06T07:03:54.092+0000] {dag.py:3089} INFO - Sync 1 DAGs
[2026-09-06T07:03:54.246+0000] {logging_mixin.py:188} INFO - [2026-09-06T07:03:54.245+0000] {dag.py:3947} INFO - Setting next_dagrun for netflix_etl_pipeline to 2026-09-05 00:00:00+00:00, run_after=2026-09-06 00:00:00+00:00
[2026-09-06T07:03:54.301+0000] {processor.py:183} INFO - Processing /opt/airflow/dags/netflix_dag.py took 1.309 seconds
[2026-09-06T07:04:25.601+0000] {processor.py:161} INFO - Started process (PID=6041) to work on /opt/airflow/dags/netflix_dag.py
[2026-09-06T07:04:25.604+0000] {processor.py:830} INFO - Processing file /opt/airflow/dags/netflix_dag.py for tasks to queue
[2026-09-06T07:04:25.610+0000] {logging_mixin.py:188} INFO - [2026-09-06T07:04:25.609+0000] {dagbag.py:545} INFO - Filling up the DagBag from /opt/airflow/dags/netflix_dag.py
[2026-09-06T07:04:25.656+0000] {processor.py:840} INFO - DAG(s) 'netflix_etl_pipeline' retrieved from /opt/airflow/dags/netflix_dag.py
[2026-09-06T07:04:25.868+0000] {logging_mixin.py:188} INFO - [2026-09-06T07:04:25.867+0000] {dag.py:3089} INFO - Sync 1 DAGs
[2026-09-06T07:04:26.074+0000] {logging_mixin.py:188} INFO - [2026-09-06T07:04:26.074+0000] {dag.py:3947} INFO - Setting next_dagrun for netflix_etl_pipeline to 2026-09-05 00:00:00+00:00, run_after=2026-09-06 00:00:00+00:00
[2026-09-06T07:04:26.332+0000] {processor.py:183} INFO - Processing /opt/airflow/dags/netflix_dag.py took 0.758 seconds
[2026-09-06T07:04:57.953+0000] {processor.py:161} INFO - Started process (PID=6052) to work on /opt/airflow/dags/netflix_dag.py
[2026-09-06T07:04:57.981+0000] {processor.py:830} INFO - Processing file /opt/airflow/dags/netflix_dag.py for tasks to queue
[2026-09-06T07:04:58.000+0000] {logging_mixin.py:188} INFO - [2026-09-06T07:04:57.998+0000] {dagbag.py:545} INFO - Filling up the DagBag from /opt/airflow/dags/netflix_dag.py
[2026-09-06T07:04:58.808+0000] {processor.py:840} INFO - DAG(s) 'netflix_etl_pipeline' retrieved from /opt/airflow/dags/netflix_dag.py
[2026-09-06T07:04:59.046+0000] {logging_mixin.py:188} INFO - [2026-09-06T07:04:59.045+0000] {dag.py:3089} INFO - Sync 1 DAGs
[2026-09-06T07:04:59.179+0000] {logging_mixin.py:188} INFO - [2026-09-06T07:04:59.179+0000] {dag.py:3947} INFO - Setting next_dagrun for netflix_etl_pipeline to 2026-09-05 00:00:00+00:00, run_after=2026-09-06 00:00:00+00:00
[2026-09-06T07:04:59.613+0000] {processor.py:183} INFO - Processing /opt/airflow/dags/netflix_dag.py took 1.699 seconds
[2026-09-06T07:05:30.413+0000] {processor.py:161} INFO - Started process (PID=6063) to work on /opt/airflow/dags/netflix_dag.py
[2026-09-06T07:05:30.416+0000] {processor.py:830} INFO - Processing file /opt/airflow/dags/netflix_dag.py for tasks to queue
[2026-09-06T07:05:30.420+0000] {logging_mixin.py:188} INFO - [2026-09-06T07:05:30.419+0000] {dagbag.py:545} INFO - Filling up the DagBag from /opt/airflow/dags/netflix_dag.py
[2026-09-06T07:05:30.481+0000] {processor.py:840} INFO - DAG(s) 'netflix_etl_pipeline' retrieved from /opt/airflow/dags/netflix_dag.py
[2026-09-06T07:05:30.795+0000] {logging_mixin.py:188} INFO - [2026-09-06T07:05:30.784+0000] {dag.py:3089} INFO - Sync 1 DAGs
[2026-09-06T07:05:31.007+0000] {logging_mixin.py:188} INFO - [2026-09-06T07:05:31.007+0000] {dag.py:3947} INFO - Setting next_dagrun for netflix_etl_pipeline to 2026-09-05 00:00:00+00:00, run_after=2026-09-06 00:00:00+00:00
[2026-09-06T07:05:31.127+0000] {processor.py:183} INFO - Processing /opt/airflow/dags/netflix_dag.py took 0.726 seconds
[2026-09-06T07:06:02.841+0000] {processor.py:161} INFO - Started process (PID=6074) to work on /opt/airflow/dags/netflix_dag.py
[2026-09-06T07:06:02.897+0000] {processor.py:830} INFO - Processing file /opt/airflow/dags/netflix_dag.py for tasks to queue
[2026-09-06T07:06:02.939+0000] {logging_mixin.py:188} INFO - [2026-09-06T07:06:02.938+0000] {dagbag.py:545} INFO - Filling up the DagBag from /opt/airflow/dags/netflix_dag.py
[2026-09-06T07:06:03.930+0000] {processor.py:840} INFO - DAG(s) 'netflix_etl_pipeline' retrieved from /opt/airflow/dags/netflix_dag.py
[2026-09-06T07:06:04.261+0000] {logging_mixin.py:188} INFO - [2026-09-06T07:06:04.260+0000] {dag.py:3089} INFO - Sync 1 DAGs
[2026-09-06T07:06:04.474+0000] {logging_mixin.py:188} INFO - [2026-09-06T07:06:04.473+0000] {dag.py:3947} INFO - Setting next_dagrun for netflix_etl_pipeline to 2026-09-05 00:00:00+00:00, run_after=2026-09-06 00:00:00+00:00
[2026-09-06T07:06:04.671+0000] {processor.py:183} INFO - Processing /opt/airflow/dags/netflix_dag.py took 1.867 seconds
[2026-09-06T07:06:35.572+0000] {processor.py:161} INFO - Started process (PID=6091) to work on /opt/airflow/dags/netflix_dag.py
[2026-09-06T07:06:35.575+0000] {processor.py:830} INFO - Processing file /opt/airflow/dags/netflix_dag.py for tasks to queue
[2026-09-06T07:06:35.580+0000] {logging_mixin.py:188} INFO - [2026-09-06T07:06:35.579+0000] {dagbag.py:545} INFO - Filling up the DagBag from /opt/airflow/dags/netflix_dag.py
[2026-09-06T07:06:35.635+0000] {processor.py:840} INFO - DAG(s) 'netflix_etl_pipeline' retrieved from /opt/airflow/dags/netflix_dag.py
[2026-09-06T07:06:35.900+0000] {logging_mixin.py:188} INFO - [2026-09-06T07:06:35.900+0000] {dag.py:3089} INFO - Sync 1 DAGs
[2026-09-06T07:06:36.105+0000] {logging_mixin.py:188} INFO - [2026-09-06T07:06:36.104+0000] {dag.py:3947} INFO - Setting next_dagrun for netflix_etl_pipeline to 2026-09-05 00:00:00+00:00, run_after=2026-09-06 00:00:00+00:00
[2026-09-06T07:06:36.289+0000] {processor.py:183} INFO - Processing /opt/airflow/dags/netflix_dag.py took 0.749 seconds
[2026-09-06T07:07:07.537+0000] {processor.py:161} INFO - Started process (PID=6103) to work on /opt/airflow/dags/netflix_dag.py
[2026-09-06T07:07:07.597+0000] {processor.py:830} INFO - Processing file /opt/airflow/dags/netflix_dag.py for tasks to queue
[2026-09-06T07:07:07.636+0000] {logging_mixin.py:188} INFO - [2026-09-06T07:07:07.635+0000] {dagbag.py:545} INFO - Filling up the DagBag from /opt/airflow/dags/netflix_dag.py
[2026-09-06T07:07:08.208+0000] {processor.py:840} INFO - DAG(s) 'netflix_etl_pipeline' retrieved from /opt/airflow/dags/netflix_dag.py
[2026-09-06T07:07:08.294+0000] {logging_mixin.py:188} INFO - [2026-09-06T07:07:08.293+0000] {dag.py:3089} INFO - Sync 1 DAGs
[2026-09-06T07:07:08.503+0000] {logging_mixin.py:188} INFO - [2026-09-06T07:07:08.503+0000] {dag.py:3947} INFO - Setting next_dagrun for netflix_etl_pipeline to 2026-09-05 00:00:00+00:00, run_after=2026-09-06 00:00:00+00:00
[2026-09-06T07:07:08.712+0000] {processor.py:183} INFO - Processing /opt/airflow/dags/netflix_dag.py took 1.207 seconds
[2026-09-06T07:07:40.553+0000] {processor.py:161} INFO - Started process (PID=6114) to work on /opt/airflow/dags/netflix_dag.py
[2026-09-06T07:07:40.614+0000] {processor.py:830} INFO - Processing file /opt/airflow/dags/netflix_dag.py for tasks to queue
[2026-09-06T07:07:40.661+0000] {logging_mixin.py:188} INFO - [2026-09-06T07:07:40.659+0000] {dagbag.py:545} INFO - Filling up the DagBag from /opt/airflow/dags/netflix_dag.py
[2026-09-06T07:07:40.865+0000] {processor.py:840} INFO - DAG(s) 'netflix_etl_pipeline' retrieved from /opt/airflow/dags/netflix_dag.py
[2026-09-06T07:07:40.943+0000] {logging_mixin.py:188} INFO - [2026-09-06T07:07:40.942+0000] {dag.py:3089} INFO - Sync 1 DAGs
[2026-09-06T07:07:40.993+0000] {logging_mixin.py:188} INFO - [2026-09-06T07:07:40.993+0000] {dag.py:3947} INFO - Setting next_dagrun for netflix_etl_pipeline to 2026-09-05 00:00:00+00:00, run_after=2026-09-06 00:00:00+00:00
[2026-09-06T07:07:41.045+0000] {processor.py:183} INFO - Processing /opt/airflow/dags/netflix_dag.py took 0.531 seconds
[2026-09-06T07:08:12.170+0000] {processor.py:161} INFO - Started process (PID=6125) to work on /opt/airflow/dags/netflix_dag.py
[2026-09-06T07:08:12.173+0000] {processor.py:830} INFO - Processing file /opt/airflow/dags/netflix_dag.py for tasks to queue
[2026-09-06T07:08:12.178+0000] {logging_mixin.py:188} INFO - [2026-09-06T07:08:12.177+0000] {dagbag.py:545} INFO - Filling up the DagBag from /opt/airflow/dags/netflix_dag.py
[2026-09-06T07:08:12.224+0000] {processor.py:840} INFO - DAG(s) 'netflix_etl_pipeline' retrieved from /opt/airflow/dags/netflix_dag.py
[2026-09-06T07:08:12.339+0000] {logging_mixin.py:188} INFO - [2026-09-06T07:08:12.339+0000] {dag.py:3089} INFO - Sync 1 DAGs
[2026-09-06T07:08:12.401+0000] {logging_mixin.py:188} INFO - [2026-09-06T07:08:12.401+0000] {dag.py:3947} INFO - Setting next_dagrun for netflix_etl_pipeline to 2026-09-05 00:00:00+00:00, run_after=2026-09-06 00:00:00+00:00
[2026-09-06T07:08:12.452+0000] {processor.py:183} INFO - Processing /opt/airflow/dags/netflix_dag.py took 0.297 seconds
[2026-09-06T07:08:43.845+0000] {processor.py:161} INFO - Started process (PID=6136) to work on /opt/airflow/dags/netflix_dag.py
[2026-09-06T07:08:43.866+0000] {processor.py:830} INFO - Processing file /opt/airflow/dags/netflix_dag.py for tasks to queue
[2026-09-06T07:08:43.907+0000] {logging_mixin.py:188} INFO - [2026-09-06T07:08:43.906+0000] {dagbag.py:545} INFO - Filling up the DagBag from /opt/airflow/dags/netflix_dag.py
[2026-09-06T07:08:44.769+0000] {processor.py:840} INFO - DAG(s) 'netflix_etl_pipeline' retrieved from /opt/airflow/dags/netflix_dag.py
[2026-09-06T07:08:44.928+0000] {logging_mixin.py:188} INFO - [2026-09-06T07:08:44.928+0000] {dag.py:3089} INFO - Sync 1 DAGs
[2026-09-06T07:08:45.135+0000] {logging_mixin.py:188} INFO - [2026-09-06T07:08:45.124+0000] {dag.py:3947} INFO - Setting next_dagrun for netflix_etl_pipeline to 2026-09-05 00:00:00+00:00, run_after=2026-09-06 00:00:00+00:00
[2026-09-06T07:08:45.321+0000] {processor.py:183} INFO - Processing /opt/airflow/dags/netflix_dag.py took 1.503 seconds
[2026-09-06T07:09:18.545+0000] {processor.py:161} INFO - Started process (PID=6147) to work on /opt/airflow/dags/netflix_dag.py
[2026-09-06T07:09:18.589+0000] {processor.py:830} INFO - Processing file /opt/airflow/dags/netflix_dag.py for tasks to queue
[2026-09-06T07:09:18.637+0000] {logging_mixin.py:188} INFO - [2026-09-06T07:09:18.635+0000] {dagbag.py:545} INFO - Filling up the DagBag from /opt/airflow/dags/netflix_dag.py
[2026-09-06T07:09:19.066+0000] {processor.py:840} INFO - DAG(s) 'netflix_etl_pipeline' retrieved from /opt/airflow/dags/netflix_dag.py
[2026-09-06T07:09:19.179+0000] {logging_mixin.py:188} INFO - [2026-09-06T07:09:19.178+0000] {dag.py:3089} INFO - Sync 1 DAGs
[2026-09-06T07:09:19.237+0000] {logging_mixin.py:188} INFO - [2026-09-06T07:09:19.236+0000] {dag.py:3947} INFO - Setting next_dagrun for netflix_etl_pipeline to 2026-09-05 00:00:00+00:00, run_after=2026-09-06 00:00:00+00:00
[2026-09-06T07:09:19.286+0000] {processor.py:183} INFO - Processing /opt/airflow/dags/netflix_dag.py took 0.781 seconds
[2026-09-06T07:09:49.543+0000] {processor.py:161} INFO - Started process (PID=6158) to work on /opt/airflow/dags/netflix_dag.py
[2026-09-06T07:09:49.546+0000] {processor.py:830} INFO - Processing file /opt/airflow/dags/netflix_dag.py for tasks to queue
[2026-09-06T07:09:49.552+0000] {logging_mixin.py:188} INFO - [2026-09-06T07:09:49.550+0000] {dagbag.py:545} INFO - Filling up the DagBag from /opt/airflow/dags/netflix_dag.py
[2026-09-06T07:09:49.603+0000] {processor.py:840} INFO - DAG(s) 'netflix_etl_pipeline' retrieved from /opt/airflow/dags/netflix_dag.py
[2026-09-06T07:09:49.681+0000] {logging_mixin.py:188} INFO - [2026-09-06T07:09:49.681+0000] {dag.py:3089} INFO - Sync 1 DAGs
[2026-09-06T07:09:49.735+0000] {logging_mixin.py:188} INFO - [2026-09-06T07:09:49.734+0000] {dag.py:3947} INFO - Setting next_dagrun for netflix_etl_pipeline to 2026-09-05 00:00:00+00:00, run_after=2026-09-06 00:00:00+00:00
[2026-09-06T07:09:49.780+0000] {processor.py:183} INFO - Processing /opt/airflow/dags/netflix_dag.py took 0.254 seconds
[2026-09-06T07:10:21.102+0000] {processor.py:161} INFO - Started process (PID=6169) to work on /opt/airflow/dags/netflix_dag.py
[2026-09-06T07:10:21.176+0000] {processor.py:830} INFO - Processing file /opt/airflow/dags/netflix_dag.py for tasks to queue
[2026-09-06T07:10:21.205+0000] {logging_mixin.py:188} INFO - [2026-09-06T07:10:21.204+0000] {dagbag.py:545} INFO - Filling up the DagBag from /opt/airflow/dags/netflix_dag.py
[2026-09-06T07:10:22.027+0000] {processor.py:840} INFO - DAG(s) 'netflix_etl_pipeline' retrieved from /opt/airflow/dags/netflix_dag.py
[2026-09-06T07:10:22.291+0000] {logging_mixin.py:188} INFO - [2026-09-06T07:10:22.280+0000] {dag.py:3089} INFO - Sync 1 DAGs
[2026-09-06T07:10:22.498+0000] {logging_mixin.py:188} INFO - [2026-09-06T07:10:22.487+0000] {dag.py:3947} INFO - Setting next_dagrun for netflix_etl_pipeline to 2026-09-05 00:00:00+00:00, run_after=2026-09-06 00:00:00+00:00
[2026-09-06T07:10:22.654+0000] {processor.py:183} INFO - Processing /opt/airflow/dags/netflix_dag.py took 1.603 seconds
[2026-09-06T07:10:53.297+0000] {processor.py:161} INFO - Started process (PID=6180) to work on /opt/airflow/dags/netflix_dag.py
[2026-09-06T07:10:53.300+0000] {processor.py:830} INFO - Processing file /opt/airflow/dags/netflix_dag.py for tasks to queue
[2026-09-06T07:10:53.307+0000] {logging_mixin.py:188} INFO - [2026-09-06T07:10:53.306+0000] {dagbag.py:545} INFO - Filling up the DagBag from /opt/airflow/dags/netflix_dag.py
[2026-09-06T07:10:53.350+0000] {processor.py:840} INFO - DAG(s) 'netflix_etl_pipeline' retrieved from /opt/airflow/dags/netflix_dag.py
[2026-09-06T07:10:53.556+0000] {logging_mixin.py:188} INFO - [2026-09-06T07:10:53.555+0000] {dag.py:3089} INFO - Sync 1 DAGs
[2026-09-06T07:10:53.787+0000] {logging_mixin.py:188} INFO - [2026-09-06T07:10:53.787+0000] {dag.py:3947} INFO - Setting next_dagrun for netflix_etl_pipeline to 2026-09-05 00:00:00+00:00, run_after=2026-09-06 00:00:00+00:00
[2026-09-06T07:10:53.983+0000] {processor.py:183} INFO - Processing /opt/airflow/dags/netflix_dag.py took 0.705 seconds
[2026-09-06T07:11:24.472+0000] {processor.py:161} INFO - Started process (PID=6191) to work on /opt/airflow/dags/netflix_dag.py
[2026-09-06T07:11:24.475+0000] {processor.py:830} INFO - Processing file /opt/airflow/dags/netflix_dag.py for tasks to queue
[2026-09-06T07:11:24.480+0000] {logging_mixin.py:188} INFO - [2026-09-06T07:11:24.479+0000] {dagbag.py:545} INFO - Filling up the DagBag from /opt/airflow/dags/netflix_dag.py
[2026-09-06T07:11:24.526+0000] {processor.py:840} INFO - DAG(s) 'netflix_etl_pipeline' retrieved from /opt/airflow/dags/netflix_dag.py
[2026-09-06T07:11:24.632+0000] {logging_mixin.py:188} INFO - [2026-09-06T07:11:24.631+0000] {dag.py:3089} INFO - Sync 1 DAGs
[2026-09-06T07:11:24.817+0000] {logging_mixin.py:188} INFO - [2026-09-06T07:11:24.817+0000] {dag.py:3947} INFO - Setting next_dagrun for netflix_etl_pipeline to 2026-09-05 00:00:00+00:00, run_after=2026-09-06 00:00:00+00:00
[2026-09-06T07:11:25.033+0000] {processor.py:183} INFO - Processing /opt/airflow/dags/netflix_dag.py took 0.578 seconds
[2026-09-06T07:11:55.443+0000] {processor.py:161} INFO - Started process (PID=6202) to work on /opt/airflow/dags/netflix_dag.py
[2026-09-06T07:11:55.448+0000] {processor.py:830} INFO - Processing file /opt/airflow/dags/netflix_dag.py for tasks to queue
[2026-09-06T07:11:55.454+0000] {logging_mixin.py:188} INFO - [2026-09-06T07:11:55.453+0000] {dagbag.py:545} INFO - Filling up the DagBag from /opt/airflow/dags/netflix_dag.py
[2026-09-06T07:11:55.508+0000] {processor.py:840} INFO - DAG(s) 'netflix_etl_pipeline' retrieved from /opt/airflow/dags/netflix_dag.py
[2026-09-06T07:11:55.592+0000] {logging_mixin.py:188} INFO - [2026-09-06T07:11:55.591+0000] {dag.py:3089} INFO - Sync 1 DAGs
[2026-09-06T07:11:55.649+0000] {logging_mixin.py:188} INFO - [2026-09-06T07:11:55.649+0000] {dag.py:3947} INFO - Setting next_dagrun for netflix_etl_pipeline to 2026-09-05 00:00:00+00:00, run_after=2026-09-06 00:00:00+00:00
[2026-09-06T07:11:55.848+0000] {processor.py:183} INFO - Processing /opt/airflow/dags/netflix_dag.py took 0.429 seconds
[2026-09-06T07:12:26.352+0000] {processor.py:161} INFO - Started process (PID=6213) to work on /opt/airflow/dags/netflix_dag.py
[2026-09-06T07:12:26.720+0000] {processor.py:830} INFO - Processing file /opt/airflow/dags/netflix_dag.py for tasks to queue
[2026-09-06T07:12:26.739+0000] {logging_mixin.py:188} INFO - [2026-09-06T07:12:26.738+0000] {dagbag.py:545} INFO - Filling up the DagBag from /opt/airflow/dags/netflix_dag.py
[2026-09-06T07:12:27.490+0000] {processor.py:840} INFO - DAG(s) 'netflix_etl_pipeline' retrieved from /opt/airflow/dags/netflix_dag.py
[2026-09-06T07:12:27.758+0000] {logging_mixin.py:188} INFO - [2026-09-06T07:12:27.757+0000] {dag.py:3089} INFO - Sync 1 DAGs
[2026-09-06T07:12:27.962+0000] {logging_mixin.py:188} INFO - [2026-09-06T07:12:27.952+0000] {dag.py:3947} INFO - Setting next_dagrun for netflix_etl_pipeline to 2026-09-05 00:00:00+00:00, run_after=2026-09-06 00:00:00+00:00
[2026-09-06T07:12:28.171+0000] {processor.py:183} INFO - Processing /opt/airflow/dags/netflix_dag.py took 1.833 seconds
[2026-09-06T07:12:58.393+0000] {processor.py:161} INFO - Started process (PID=6224) to work on /opt/airflow/dags/netflix_dag.py
[2026-09-06T07:12:58.396+0000] {processor.py:830} INFO - Processing file /opt/airflow/dags/netflix_dag.py for tasks to queue
[2026-09-06T07:12:58.400+0000] {logging_mixin.py:188} INFO - [2026-09-06T07:12:58.399+0000] {dagbag.py:545} INFO - Filling up the DagBag from /opt/airflow/dags/netflix_dag.py
[2026-09-06T07:12:58.448+0000] {processor.py:840} INFO - DAG(s) 'netflix_etl_pipeline' retrieved from /opt/airflow/dags/netflix_dag.py
[2026-09-06T07:12:58.530+0000] {logging_mixin.py:188} INFO - [2026-09-06T07:12:58.529+0000] {dag.py:3089} INFO - Sync 1 DAGs
[2026-09-06T07:12:58.597+0000] {logging_mixin.py:188} INFO - [2026-09-06T07:12:58.597+0000] {dag.py:3947} INFO - Setting next_dagrun for netflix_etl_pipeline to 2026-09-05 00:00:00+00:00, run_after=2026-09-06 00:00:00+00:00
[2026-09-06T07:12:58.638+0000] {processor.py:183} INFO - Processing /opt/airflow/dags/netflix_dag.py took 0.259 seconds
[2026-09-06T07:13:29.894+0000] {processor.py:161} INFO - Started process (PID=6236) to work on /opt/airflow/dags/netflix_dag.py
[2026-09-06T07:13:29.939+0000] {processor.py:830} INFO - Processing file /opt/airflow/dags/netflix_dag.py for tasks to queue
[2026-09-06T07:13:30.000+0000] {logging_mixin.py:188} INFO - [2026-09-06T07:13:29.999+0000] {dagbag.py:545} INFO - Filling up the DagBag from /opt/airflow/dags/netflix_dag.py
[2026-09-06T07:13:30.810+0000] {processor.py:840} INFO - DAG(s) 'netflix_etl_pipeline' retrieved from /opt/airflow/dags/netflix_dag.py
[2026-09-06T07:13:31.102+0000] {logging_mixin.py:188} INFO - [2026-09-06T07:13:31.101+0000] {dag.py:3089} INFO - Sync 1 DAGs
[2026-09-06T07:13:31.287+0000] {logging_mixin.py:188} INFO - [2026-09-06T07:13:31.287+0000] {dag.py:3947} INFO - Setting next_dagrun for netflix_etl_pipeline to 2026-09-05 00:00:00+00:00, run_after=2026-09-06 00:00:00+00:00
[2026-09-06T07:13:31.491+0000] {processor.py:183} INFO - Processing /opt/airflow/dags/netflix_dag.py took 1.635 seconds
[2026-09-06T07:14:02.833+0000] {processor.py:161} INFO - Started process (PID=6247) to work on /opt/airflow/dags/netflix_dag.py
[2026-09-06T07:14:02.872+0000] {processor.py:830} INFO - Processing file /opt/airflow/dags/netflix_dag.py for tasks to queue
[2026-09-06T07:14:02.911+0000] {logging_mixin.py:188} INFO - [2026-09-06T07:14:02.910+0000] {dagbag.py:545} INFO - Filling up the DagBag from /opt/airflow/dags/netflix_dag.py
[2026-09-06T07:14:03.865+0000] {processor.py:840} INFO - DAG(s) 'netflix_etl_pipeline' retrieved from /opt/airflow/dags/netflix_dag.py
[2026-09-06T07:14:04.183+0000] {logging_mixin.py:188} INFO - [2026-09-06T07:14:04.172+0000] {dag.py:3089} INFO - Sync 1 DAGs
[2026-09-06T07:14:04.299+0000] {logging_mixin.py:188} INFO - [2026-09-06T07:14:04.298+0000] {dag.py:3947} INFO - Setting next_dagrun for netflix_etl_pipeline to 2026-09-05 00:00:00+00:00, run_after=2026-09-06 00:00:00+00:00
[2026-09-06T07:14:04.351+0000] {processor.py:183} INFO - Processing /opt/airflow/dags/netflix_dag.py took 1.558 seconds
[2026-09-06T07:14:35.072+0000] {processor.py:161} INFO - Started process (PID=6258) to work on /opt/airflow/dags/netflix_dag.py
[2026-09-06T07:14:35.079+0000] {processor.py:830} INFO - Processing file /opt/airflow/dags/netflix_dag.py for tasks to queue
[2026-09-06T07:14:35.088+0000] {logging_mixin.py:188} INFO - [2026-09-06T07:14:35.087+0000] {dagbag.py:545} INFO - Filling up the DagBag from /opt/airflow/dags/netflix_dag.py
[2026-09-06T07:14:35.137+0000] {processor.py:840} INFO - DAG(s) 'netflix_etl_pipeline' retrieved from /opt/airflow/dags/netflix_dag.py
[2026-09-06T07:14:35.219+0000] {logging_mixin.py:188} INFO - [2026-09-06T07:14:35.218+0000] {dag.py:3089} INFO - Sync 1 DAGs
[2026-09-06T07:14:35.341+0000] {logging_mixin.py:188} INFO - [2026-09-06T07:14:35.341+0000] {dag.py:3947} INFO - Setting next_dagrun for netflix_etl_pipeline to 2026-09-05 00:00:00+00:00, run_after=2026-09-06 00:00:00+00:00
[2026-09-06T07:14:35.534+0000] {processor.py:183} INFO - Processing /opt/airflow/dags/netflix_dag.py took 0.489 seconds
[2026-09-06T07:15:06.281+0000] {processor.py:161} INFO - Started process (PID=6269) to work on /opt/airflow/dags/netflix_dag.py
[2026-09-06T07:15:06.335+0000] {processor.py:830} INFO - Processing file /opt/airflow/dags/netflix_dag.py for tasks to queue
[2026-09-06T07:15:06.368+0000] {logging_mixin.py:188} INFO - [2026-09-06T07:15:06.367+0000] {dagbag.py:545} INFO - Filling up the DagBag from /opt/airflow/dags/netflix_dag.py
[2026-09-06T07:15:07.120+0000] {processor.py:840} INFO - DAG(s) 'netflix_etl_pipeline' retrieved from /opt/airflow/dags/netflix_dag.py
[2026-09-06T07:15:07.404+0000] {logging_mixin.py:188} INFO - [2026-09-06T07:15:07.403+0000] {dag.py:3089} INFO - Sync 1 DAGs
[2026-09-06T07:15:07.602+0000] {logging_mixin.py:188} INFO - [2026-09-06T07:15:07.602+0000] {dag.py:3947} INFO - Setting next_dagrun for netflix_etl_pipeline to 2026-09-05 00:00:00+00:00, run_after=2026-09-06 00:00:00+00:00
[2026-09-06T07:15:07.824+0000] {processor.py:183} INFO - Processing /opt/airflow/dags/netflix_dag.py took 1.577 seconds
[2026-09-06T07:15:38.344+0000] {processor.py:161} INFO - Started process (PID=6280) to work on /opt/airflow/dags/netflix_dag.py
[2026-09-06T07:15:38.348+0000] {processor.py:830} INFO - Processing file /opt/airflow/dags/netflix_dag.py for tasks to queue
[2026-09-06T07:15:38.356+0000] {logging_mixin.py:188} INFO - [2026-09-06T07:15:38.355+0000] {dagbag.py:545} INFO - Filling up the DagBag from /opt/airflow/dags/netflix_dag.py
[2026-09-06T07:15:38.409+0000] {processor.py:840} INFO - DAG(s) 'netflix_etl_pipeline' retrieved from /opt/airflow/dags/netflix_dag.py
[2026-09-06T07:15:38.626+0000] {logging_mixin.py:188} INFO - [2026-09-06T07:15:38.615+0000] {dag.py:3089} INFO - Sync 1 DAGs
[2026-09-06T07:15:38.892+0000] {logging_mixin.py:188} INFO - [2026-09-06T07:15:38.891+0000] {dag.py:3947} INFO - Setting next_dagrun for netflix_etl_pipeline to 2026-09-05 00:00:00+00:00, run_after=2026-09-06 00:00:00+00:00
[2026-09-06T07:15:39.154+0000] {processor.py:183} INFO - Processing /opt/airflow/dags/netflix_dag.py took 0.843 seconds
[2026-09-06T07:16:09.973+0000] {processor.py:161} INFO - Started process (PID=6298) to work on /opt/airflow/dags/netflix_dag.py
[2026-09-06T07:16:09.977+0000] {processor.py:830} INFO - Processing file /opt/airflow/dags/netflix_dag.py for tasks to queue
[2026-09-06T07:16:09.984+0000] {logging_mixin.py:188} INFO - [2026-09-06T07:16:09.983+0000] {dagbag.py:545} INFO - Filling up the DagBag from /opt/airflow/dags/netflix_dag.py
[2026-09-06T07:16:10.038+0000] {processor.py:840} INFO - DAG(s) 'netflix_etl_pipeline' retrieved from /opt/airflow/dags/netflix_dag.py
[2026-09-06T07:16:10.125+0000] {logging_mixin.py:188} INFO - [2026-09-06T07:16:10.125+0000] {dag.py:3089} INFO - Sync 1 DAGs
[2026-09-06T07:16:10.178+0000] {logging_mixin.py:188} INFO - [2026-09-06T07:16:10.177+0000] {dag.py:3947} INFO - Setting next_dagrun for netflix_etl_pipeline to 2026-09-05 00:00:00+00:00, run_after=2026-09-06 00:00:00+00:00
[2026-09-06T07:16:10.223+0000] {processor.py:183} INFO - Processing /opt/airflow/dags/netflix_dag.py took 0.265 seconds
[2026-09-06T07:16:40.935+0000] {processor.py:161} INFO - Started process (PID=6309) to work on /opt/airflow/dags/netflix_dag.py
[2026-09-06T07:16:40.941+0000] {processor.py:830} INFO - Processing file /opt/airflow/dags/netflix_dag.py for tasks to queue
[2026-09-06T07:16:40.952+0000] {logging_mixin.py:188} INFO - [2026-09-06T07:16:40.951+0000] {dagbag.py:545} INFO - Filling up the DagBag from /opt/airflow/dags/netflix_dag.py
[2026-09-06T07:16:41.286+0000] {processor.py:840} INFO - DAG(s) 'netflix_etl_pipeline' retrieved from /opt/airflow/dags/netflix_dag.py
[2026-09-06T07:16:41.566+0000] {logging_mixin.py:188} INFO - [2026-09-06T07:16:41.565+0000] {dag.py:3089} INFO - Sync 1 DAGs
[2026-09-06T07:16:41.775+0000] {logging_mixin.py:188} INFO - [2026-09-06T07:16:41.774+0000] {dag.py:3947} INFO - Setting next_dagrun for netflix_etl_pipeline to 2026-09-05 00:00:00+00:00, run_after=2026-09-06 00:00:00+00:00
[2026-09-06T07:16:41.968+0000] {processor.py:183} INFO - Processing /opt/airflow/dags/netflix_dag.py took 1.056 seconds
[2026-09-06T07:17:13.761+0000] {processor.py:161} INFO - Started process (PID=6320) to work on /opt/airflow/dags/netflix_dag.py
[2026-09-06T07:17:13.765+0000] {processor.py:830} INFO - Processing file /opt/airflow/dags/netflix_dag.py for tasks to queue
[2026-09-06T07:17:13.772+0000] {logging_mixin.py:188} INFO - [2026-09-06T07:17:13.771+0000] {dagbag.py:545} INFO - Filling up the DagBag from /opt/airflow/dags/netflix_dag.py
[2026-09-06T07:17:13.824+0000] {processor.py:840} INFO - DAG(s) 'netflix_etl_pipeline' retrieved from /opt/airflow/dags/netflix_dag.py
[2026-09-06T07:17:13.892+0000] {logging_mixin.py:188} INFO - [2026-09-06T07:17:13.892+0000] {dag.py:3089} INFO - Sync 1 DAGs
[2026-09-06T07:17:13.990+0000] {logging_mixin.py:188} INFO - [2026-09-06T07:17:13.989+0000] {dag.py:3947} INFO - Setting next_dagrun for netflix_etl_pipeline to 2026-09-05 00:00:00+00:00, run_after=2026-09-06 00:00:00+00:00
[2026-09-06T07:17:14.200+0000] {processor.py:183} INFO - Processing /opt/airflow/dags/netflix_dag.py took 0.469 seconds
[2026-09-06T07:17:45.562+0000] {processor.py:161} INFO - Started process (PID=6331) to work on /opt/airflow/dags/netflix_dag.py
[2026-09-06T07:17:45.583+0000] {processor.py:830} INFO - Processing file /opt/airflow/dags/netflix_dag.py for tasks to queue
[2026-09-06T07:17:45.598+0000] {logging_mixin.py:188} INFO - [2026-09-06T07:17:45.597+0000] {dagbag.py:545} INFO - Filling up the DagBag from /opt/airflow/dags/netflix_dag.py
[2026-09-06T07:17:45.789+0000] {processor.py:840} INFO - DAG(s) 'netflix_etl_pipeline' retrieved from /opt/airflow/dags/netflix_dag.py
[2026-09-06T07:17:45.955+0000] {logging_mixin.py:188} INFO - [2026-09-06T07:17:45.955+0000] {dag.py:3089} INFO - Sync 1 DAGs
[2026-09-06T07:17:46.130+0000] {logging_mixin.py:188} INFO - [2026-09-06T07:17:46.130+0000] {dag.py:3947} INFO - Setting next_dagrun for netflix_etl_pipeline to 2026-09-05 00:00:00+00:00, run_after=2026-09-06 00:00:00+00:00
[2026-09-06T07:17:46.374+0000] {processor.py:183} INFO - Processing /opt/airflow/dags/netflix_dag.py took 0.837 seconds
[2026-09-06T07:18:17.927+0000] {processor.py:161} INFO - Started process (PID=6342) to work on /opt/airflow/dags/netflix_dag.py
[2026-09-06T07:18:17.964+0000] {processor.py:830} INFO - Processing file /opt/airflow/dags/netflix_dag.py for tasks to queue
[2026-09-06T07:18:18.020+0000] {logging_mixin.py:188} INFO - [2026-09-06T07:18:18.019+0000] {dagbag.py:545} INFO - Filling up the DagBag from /opt/airflow/dags/netflix_dag.py
[2026-09-06T07:18:19.180+0000] {processor.py:840} INFO - DAG(s) 'netflix_etl_pipeline' retrieved from /opt/airflow/dags/netflix_dag.py
[2026-09-06T07:18:19.410+0000] {logging_mixin.py:188} INFO - [2026-09-06T07:18:19.410+0000] {dag.py:3089} INFO - Sync 1 DAGs
[2026-09-06T07:18:19.585+0000] {logging_mixin.py:188} INFO - [2026-09-06T07:18:19.584+0000] {dag.py:3947} INFO - Setting next_dagrun for netflix_etl_pipeline to 2026-09-05 00:00:00+00:00, run_after=2026-09-06 00:00:00+00:00
[2026-09-06T07:18:19.654+0000] {processor.py:183} INFO - Processing /opt/airflow/dags/netflix_dag.py took 1.764 seconds
[2026-09-06T07:18:50.094+0000] {processor.py:161} INFO - Started process (PID=6354) to work on /opt/airflow/dags/netflix_dag.py
[2026-09-06T07:18:50.098+0000] {processor.py:830} INFO - Processing file /opt/airflow/dags/netflix_dag.py for tasks to queue
[2026-09-06T07:18:50.107+0000] {logging_mixin.py:188} INFO - [2026-09-06T07:18:50.105+0000] {dagbag.py:545} INFO - Filling up the DagBag from /opt/airflow/dags/netflix_dag.py
[2026-09-06T07:18:50.163+0000] {processor.py:840} INFO - DAG(s) 'netflix_etl_pipeline' retrieved from /opt/airflow/dags/netflix_dag.py
[2026-09-06T07:18:50.247+0000] {logging_mixin.py:188} INFO - [2026-09-06T07:18:50.247+0000] {dag.py:3089} INFO - Sync 1 DAGs
[2026-09-06T07:18:50.299+0000] {logging_mixin.py:188} INFO - [2026-09-06T07:18:50.299+0000] {dag.py:3947} INFO - Setting next_dagrun for netflix_etl_pipeline to 2026-09-05 00:00:00+00:00, run_after=2026-09-06 00:00:00+00:00
[2026-09-06T07:18:50.340+0000] {processor.py:183} INFO - Processing /opt/airflow/dags/netflix_dag.py took 0.271 seconds
[2026-09-06T07:19:21.083+0000] {processor.py:161} INFO - Started process (PID=6365) to work on /opt/airflow/dags/netflix_dag.py
[2026-09-06T07:19:21.092+0000] {processor.py:830} INFO - Processing file /opt/airflow/dags/netflix_dag.py for tasks to queue
[2026-09-06T07:19:21.098+0000] {logging_mixin.py:188} INFO - [2026-09-06T07:19:21.097+0000] {dagbag.py:545} INFO - Filling up the DagBag from /opt/airflow/dags/netflix_dag.py
[2026-09-06T07:19:21.176+0000] {processor.py:840} INFO - DAG(s) 'netflix_etl_pipeline' retrieved from /opt/airflow/dags/netflix_dag.py
[2026-09-06T07:19:21.288+0000] {logging_mixin.py:188} INFO - [2026-09-06T07:19:21.288+0000] {dag.py:3089} INFO - Sync 1 DAGs
[2026-09-06T07:19:21.339+0000] {logging_mixin.py:188} INFO - [2026-09-06T07:19:21.339+0000] {dag.py:3947} INFO - Setting next_dagrun for netflix_etl_pipeline to 2026-09-05 00:00:00+00:00, run_after=2026-09-06 00:00:00+00:00
[2026-09-06T07:19:21.380+0000] {processor.py:183} INFO - Processing /opt/airflow/dags/netflix_dag.py took 0.325 seconds
[2026-09-06T07:19:52.375+0000] {processor.py:161} INFO - Started process (PID=6376) to work on /opt/airflow/dags/netflix_dag.py
[2026-09-06T07:19:52.378+0000] {processor.py:830} INFO - Processing file /opt/airflow/dags/netflix_dag.py for tasks to queue
[2026-09-06T07:19:52.385+0000] {logging_mixin.py:188} INFO - [2026-09-06T07:19:52.384+0000] {dagbag.py:545} INFO - Filling up the DagBag from /opt/airflow/dags/netflix_dag.py
[2026-09-06T07:19:52.438+0000] {processor.py:840} INFO - DAG(s) 'netflix_etl_pipeline' retrieved from /opt/airflow/dags/netflix_dag.py
[2026-09-06T07:19:52.538+0000] {logging_mixin.py:188} INFO - [2026-09-06T07:19:52.538+0000] {dag.py:3089} INFO - Sync 1 DAGs
[2026-09-06T07:19:52.653+0000] {logging_mixin.py:188} INFO - [2026-09-06T07:19:52.652+0000] {dag.py:3947} INFO - Setting next_dagrun for netflix_etl_pipeline to 2026-09-05 00:00:00+00:00, run_after=2026-09-06 00:00:00+00:00
[2026-09-06T07:19:52.834+0000] {processor.py:183} INFO - Processing /opt/airflow/dags/netflix_dag.py took 0.480 seconds
[2026-09-06T07:20:24.439+0000] {processor.py:161} INFO - Started process (PID=6387) to work on /opt/airflow/dags/netflix_dag.py
[2026-09-06T07:20:24.497+0000] {processor.py:830} INFO - Processing file /opt/airflow/dags/netflix_dag.py for tasks to queue
[2026-09-06T07:20:24.540+0000] {logging_mixin.py:188} INFO - [2026-09-06T07:20:24.539+0000] {dagbag.py:545} INFO - Filling up the DagBag from /opt/airflow/dags/netflix_dag.py
[2026-09-06T07:20:24.674+0000] {processor.py:840} INFO - DAG(s) 'netflix_etl_pipeline' retrieved from /opt/airflow/dags/netflix_dag.py
[2026-09-06T07:20:24.775+0000] {logging_mixin.py:188} INFO - [2026-09-06T07:20:24.774+0000] {dag.py:3089} INFO - Sync 1 DAGs
[2026-09-06T07:20:24.847+0000] {logging_mixin.py:188} INFO - [2026-09-06T07:20:24.847+0000] {dag.py:3947} INFO - Setting next_dagrun for netflix_etl_pipeline to 2026-09-05 00:00:00+00:00, run_after=2026-09-06 00:00:00+00:00
[2026-09-06T07:20:24.888+0000] {processor.py:183} INFO - Processing /opt/airflow/dags/netflix_dag.py took 0.474 seconds
[2026-09-06T07:20:56.206+0000] {processor.py:161} INFO - Started process (PID=6398) to work on /opt/airflow/dags/netflix_dag.py
[2026-09-06T07:20:56.255+0000] {processor.py:830} INFO - Processing file /opt/airflow/dags/netflix_dag.py for tasks to queue
[2026-09-06T07:20:56.290+0000] {logging_mixin.py:188} INFO - [2026-09-06T07:20:56.289+0000] {dagbag.py:545} INFO - Filling up the DagBag from /opt/airflow/dags/netflix_dag.py
[2026-09-06T07:20:57.021+0000] {processor.py:840} INFO - DAG(s) 'netflix_etl_pipeline' retrieved from /opt/airflow/dags/netflix_dag.py
[2026-09-06T07:20:57.355+0000] {logging_mixin.py:188} INFO - [2026-09-06T07:20:57.354+0000] {dag.py:3089} INFO - Sync 1 DAGs
[2026-09-06T07:20:57.484+0000] {logging_mixin.py:188} INFO - [2026-09-06T07:20:57.483+0000] {dag.py:3947} INFO - Setting next_dagrun for netflix_etl_pipeline to 2026-09-05 00:00:00+00:00, run_after=2026-09-06 00:00:00+00:00
[2026-09-06T07:20:57.547+0000] {processor.py:183} INFO - Processing /opt/airflow/dags/netflix_dag.py took 1.368 seconds
[2026-09-06T07:21:29.401+0000] {processor.py:161} INFO - Started process (PID=6409) to work on /opt/airflow/dags/netflix_dag.py
[2026-09-06T07:21:29.455+0000] {processor.py:830} INFO - Processing file /opt/airflow/dags/netflix_dag.py for tasks to queue
[2026-09-06T07:21:29.491+0000] {logging_mixin.py:188} INFO - [2026-09-06T07:21:29.490+0000] {dagbag.py:545} INFO - Filling up the DagBag from /opt/airflow/dags/netflix_dag.py
[2026-09-06T07:21:30.179+0000] {processor.py:840} INFO - DAG(s) 'netflix_etl_pipeline' retrieved from /opt/airflow/dags/netflix_dag.py
[2026-09-06T07:21:30.314+0000] {logging_mixin.py:188} INFO - [2026-09-06T07:21:30.313+0000] {dag.py:3089} INFO - Sync 1 DAGs
[2026-09-06T07:21:30.425+0000] {logging_mixin.py:188} INFO - [2026-09-06T07:21:30.424+0000] {dag.py:3947} INFO - Setting next_dagrun for netflix_etl_pipeline to 2026-09-05 00:00:00+00:00, run_after=2026-09-06 00:00:00+00:00
[2026-09-06T07:21:30.494+0000] {processor.py:183} INFO - Processing /opt/airflow/dags/netflix_dag.py took 1.131 seconds
[2026-09-06T07:22:01.376+0000] {processor.py:161} INFO - Started process (PID=6420) to work on /opt/airflow/dags/netflix_dag.py
[2026-09-06T07:22:01.402+0000] {processor.py:830} INFO - Processing file /opt/airflow/dags/netflix_dag.py for tasks to queue
[2026-09-06T07:22:01.409+0000] {logging_mixin.py:188} INFO - [2026-09-06T07:22:01.408+0000] {dagbag.py:545} INFO - Filling up the DagBag from /opt/airflow/dags/netflix_dag.py
[2026-09-06T07:22:01.488+0000] {processor.py:840} INFO - DAG(s) 'netflix_etl_pipeline' retrieved from /opt/airflow/dags/netflix_dag.py
[2026-09-06T07:22:01.616+0000] {logging_mixin.py:188} INFO - [2026-09-06T07:22:01.615+0000] {dag.py:3089} INFO - Sync 1 DAGs
[2026-09-06T07:22:01.673+0000] {logging_mixin.py:188} INFO - [2026-09-06T07:22:01.673+0000] {dag.py:3947} INFO - Setting next_dagrun for netflix_etl_pipeline to 2026-09-05 00:00:00+00:00, run_after=2026-09-06 00:00:00+00:00
[2026-09-06T07:22:01.722+0000] {processor.py:183} INFO - Processing /opt/airflow/dags/netflix_dag.py took 0.393 seconds
[2026-09-06T07:22:32.457+0000] {processor.py:161} INFO - Started process (PID=6431) to work on /opt/airflow/dags/netflix_dag.py
[2026-09-06T07:22:32.460+0000] {processor.py:830} INFO - Processing file /opt/airflow/dags/netflix_dag.py for tasks to queue
[2026-09-06T07:22:32.476+0000] {logging_mixin.py:188} INFO - [2026-09-06T07:22:32.474+0000] {dagbag.py:545} INFO - Filling up the DagBag from /opt/airflow/dags/netflix_dag.py
[2026-09-06T07:22:32.689+0000] {processor.py:840} INFO - DAG(s) 'netflix_etl_pipeline' retrieved from /opt/airflow/dags/netflix_dag.py
[2026-09-06T07:22:32.982+0000] {logging_mixin.py:188} INFO - [2026-09-06T07:22:32.981+0000] {dag.py:3089} INFO - Sync 1 DAGs
[2026-09-06T07:22:33.202+0000] {logging_mixin.py:188} INFO - [2026-09-06T07:22:33.201+0000] {dag.py:3947} INFO - Setting next_dagrun for netflix_etl_pipeline to 2026-09-05 00:00:00+00:00, run_after=2026-09-06 00:00:00+00:00
[2026-09-06T07:22:33.312+0000] {processor.py:183} INFO - Processing /opt/airflow/dags/netflix_dag.py took 0.897 seconds
[2026-09-06T07:23:04.082+0000] {processor.py:161} INFO - Started process (PID=6442) to work on /opt/airflow/dags/netflix_dag.py
[2026-09-06T07:23:04.108+0000] {processor.py:830} INFO - Processing file /opt/airflow/dags/netflix_dag.py for tasks to queue
[2026-09-06T07:23:04.157+0000] {logging_mixin.py:188} INFO - [2026-09-06T07:23:04.156+0000] {dagbag.py:545} INFO - Filling up the DagBag from /opt/airflow/dags/netflix_dag.py
[2026-09-06T07:23:05.130+0000] {processor.py:840} INFO - DAG(s) 'netflix_etl_pipeline' retrieved from /opt/airflow/dags/netflix_dag.py
[2026-09-06T07:23:05.269+0000] {logging_mixin.py:188} INFO - [2026-09-06T07:23:05.268+0000] {dag.py:3089} INFO - Sync 1 DAGs
[2026-09-06T07:23:05.358+0000] {logging_mixin.py:188} INFO - [2026-09-06T07:23:05.357+0000] {dag.py:3947} INFO - Setting next_dagrun for netflix_etl_pipeline to 2026-09-05 00:00:00+00:00, run_after=2026-09-06 00:00:00+00:00
[2026-09-06T07:23:05.415+0000] {processor.py:183} INFO - Processing /opt/airflow/dags/netflix_dag.py took 1.370 seconds
[2026-09-06T07:23:36.814+0000] {processor.py:161} INFO - Started process (PID=6453) to work on /opt/airflow/dags/netflix_dag.py
[2026-09-06T07:23:36.836+0000] {processor.py:830} INFO - Processing file /opt/airflow/dags/netflix_dag.py for tasks to queue
[2026-09-06T07:23:36.864+0000] {logging_mixin.py:188} INFO - [2026-09-06T07:23:36.863+0000] {dagbag.py:545} INFO - Filling up the DagBag from /opt/airflow/dags/netflix_dag.py
[2026-09-06T07:23:37.598+0000] {processor.py:840} INFO - DAG(s) 'netflix_etl_pipeline' retrieved from /opt/airflow/dags/netflix_dag.py
[2026-09-06T07:23:37.705+0000] {logging_mixin.py:188} INFO - [2026-09-06T07:23:37.705+0000] {dag.py:3089} INFO - Sync 1 DAGs
[2026-09-06T07:23:37.758+0000] {logging_mixin.py:188} INFO - [2026-09-06T07:23:37.758+0000] {dag.py:3947} INFO - Setting next_dagrun for netflix_etl_pipeline to 2026-09-05 00:00:00+00:00, run_after=2026-09-06 00:00:00+00:00
[2026-09-06T07:23:37.799+0000] {processor.py:183} INFO - Processing /opt/airflow/dags/netflix_dag.py took 1.023 seconds
[2026-09-06T07:24:09.528+0000] {processor.py:161} INFO - Started process (PID=6464) to work on /opt/airflow/dags/netflix_dag.py
[2026-09-06T07:24:09.531+0000] {processor.py:830} INFO - Processing file /opt/airflow/dags/netflix_dag.py for tasks to queue
[2026-09-06T07:24:09.549+0000] {logging_mixin.py:188} INFO - [2026-09-06T07:24:09.547+0000] {dagbag.py:545} INFO - Filling up the DagBag from /opt/airflow/dags/netflix_dag.py
[2026-09-06T07:24:09.616+0000] {processor.py:840} INFO - DAG(s) 'netflix_etl_pipeline' retrieved from /opt/airflow/dags/netflix_dag.py
[2026-09-06T07:24:09.750+0000] {logging_mixin.py:188} INFO - [2026-09-06T07:24:09.749+0000] {dag.py:3089} INFO - Sync 1 DAGs
[2026-09-06T07:24:09.962+0000] {logging_mixin.py:188} INFO - [2026-09-06T07:24:09.961+0000] {dag.py:3947} INFO - Setting next_dagrun for netflix_etl_pipeline to 2026-09-05 00:00:00+00:00, run_after=2026-09-06 00:00:00+00:00
[2026-09-06T07:24:10.166+0000] {processor.py:183} INFO - Processing /opt/airflow/dags/netflix_dag.py took 0.692 seconds
[2026-09-06T07:24:41.218+0000] {processor.py:161} INFO - Started process (PID=6475) to work on /opt/airflow/dags/netflix_dag.py
[2026-09-06T07:24:41.220+0000] {processor.py:830} INFO - Processing file /opt/airflow/dags/netflix_dag.py for tasks to queue
[2026-09-06T07:24:41.225+0000] {logging_mixin.py:188} INFO - [2026-09-06T07:24:41.224+0000] {dagbag.py:545} INFO - Filling up the DagBag from /opt/airflow/dags/netflix_dag.py
[2026-09-06T07:24:41.656+0000] {processor.py:840} INFO - DAG(s) 'netflix_etl_pipeline' retrieved from /opt/airflow/dags/netflix_dag.py
[2026-09-06T07:24:41.939+0000] {logging_mixin.py:188} INFO - [2026-09-06T07:24:41.939+0000] {dag.py:3089} INFO - Sync 1 DAGs
[2026-09-06T07:24:42.129+0000] {logging_mixin.py:188} INFO - [2026-09-06T07:24:42.129+0000] {dag.py:3947} INFO - Setting next_dagrun for netflix_etl_pipeline to 2026-09-05 00:00:00+00:00, run_after=2026-09-06 00:00:00+00:00
[2026-09-06T07:24:42.346+0000] {processor.py:183} INFO - Processing /opt/airflow/dags/netflix_dag.py took 1.143 seconds
[2026-09-06T07:25:12.768+0000] {processor.py:161} INFO - Started process (PID=6486) to work on /opt/airflow/dags/netflix_dag.py
[2026-09-06T07:25:12.771+0000] {processor.py:830} INFO - Processing file /opt/airflow/dags/netflix_dag.py for tasks to queue
[2026-09-06T07:25:12.777+0000] {logging_mixin.py:188} INFO - [2026-09-06T07:25:12.776+0000] {dagbag.py:545} INFO - Filling up the DagBag from /opt/airflow/dags/netflix_dag.py
[2026-09-06T07:25:12.821+0000] {processor.py:840} INFO - DAG(s) 'netflix_etl_pipeline' retrieved from /opt/airflow/dags/netflix_dag.py
[2026-09-06T07:25:12.899+0000] {logging_mixin.py:188} INFO - [2026-09-06T07:25:12.898+0000] {dag.py:3089} INFO - Sync 1 DAGs
[2026-09-06T07:25:13.014+0000] {logging_mixin.py:188} INFO - [2026-09-06T07:25:13.005+0000] {dag.py:3947} INFO - Setting next_dagrun for netflix_etl_pipeline to 2026-09-05 00:00:00+00:00, run_after=2026-09-06 00:00:00+00:00
[2026-09-06T07:25:13.235+0000] {processor.py:183} INFO - Processing /opt/airflow/dags/netflix_dag.py took 0.486 seconds
[2026-09-06T07:25:44.182+0000] {processor.py:161} INFO - Started process (PID=6497) to work on /opt/airflow/dags/netflix_dag.py
[2026-09-06T07:25:44.186+0000] {processor.py:830} INFO - Processing file /opt/airflow/dags/netflix_dag.py for tasks to queue
[2026-09-06T07:25:44.196+0000] {logging_mixin.py:188} INFO - [2026-09-06T07:25:44.195+0000] {dagbag.py:545} INFO - Filling up the DagBag from /opt/airflow/dags/netflix_dag.py
[2026-09-06T07:25:44.248+0000] {processor.py:840} INFO - DAG(s) 'netflix_etl_pipeline' retrieved from /opt/airflow/dags/netflix_dag.py
[2026-09-06T07:25:44.465+0000] {logging_mixin.py:188} INFO - [2026-09-06T07:25:44.464+0000] {dag.py:3089} INFO - Sync 1 DAGs
[2026-09-06T07:25:44.655+0000] {logging_mixin.py:188} INFO - [2026-09-06T07:25:44.654+0000] {dag.py:3947} INFO - Setting next_dagrun for netflix_etl_pipeline to 2026-09-05 00:00:00+00:00, run_after=2026-09-06 00:00:00+00:00
[2026-09-06T07:25:44.890+0000] {processor.py:183} INFO - Processing /opt/airflow/dags/netflix_dag.py took 0.733 seconds
[2026-09-06T07:26:16.625+0000] {processor.py:161} INFO - Started process (PID=6514) to work on /opt/airflow/dags/netflix_dag.py
[2026-09-06T07:26:16.676+0000] {processor.py:830} INFO - Processing file /opt/airflow/dags/netflix_dag.py for tasks to queue
[2026-09-06T07:26:16.727+0000] {logging_mixin.py:188} INFO - [2026-09-06T07:26:16.726+0000] {dagbag.py:545} INFO - Filling up the DagBag from /opt/airflow/dags/netflix_dag.py
[2026-09-06T07:26:17.235+0000] {processor.py:840} INFO - DAG(s) 'netflix_etl_pipeline' retrieved from /opt/airflow/dags/netflix_dag.py
[2026-09-06T07:26:17.320+0000] {logging_mixin.py:188} INFO - [2026-09-06T07:26:17.319+0000] {dag.py:3089} INFO - Sync 1 DAGs
[2026-09-06T07:26:17.373+0000] {logging_mixin.py:188} INFO - [2026-09-06T07:26:17.372+0000] {dag.py:3947} INFO - Setting next_dagrun for netflix_etl_pipeline to 2026-09-05 00:00:00+00:00, run_after=2026-09-06 00:00:00+00:00
[2026-09-06T07:26:17.419+0000] {processor.py:183} INFO - Processing /opt/airflow/dags/netflix_dag.py took 0.828 seconds
[2026-09-06T07:26:47.839+0000] {processor.py:161} INFO - Started process (PID=6525) to work on /opt/airflow/dags/netflix_dag.py
[2026-09-06T07:26:47.843+0000] {processor.py:830} INFO - Processing file /opt/airflow/dags/netflix_dag.py for tasks to queue
[2026-09-06T07:26:47.848+0000] {logging_mixin.py:188} INFO - [2026-09-06T07:26:47.847+0000] {dagbag.py:545} INFO - Filling up the DagBag from /opt/airflow/dags/netflix_dag.py
[2026-09-06T07:26:47.895+0000] {processor.py:840} INFO - DAG(s) 'netflix_etl_pipeline' retrieved from /opt/airflow/dags/netflix_dag.py
[2026-09-06T07:26:47.979+0000] {logging_mixin.py:188} INFO - [2026-09-06T07:26:47.979+0000] {dag.py:3089} INFO - Sync 1 DAGs
[2026-09-06T07:26:48.031+0000] {logging_mixin.py:188} INFO - [2026-09-06T07:26:48.031+0000] {dag.py:3947} INFO - Setting next_dagrun for netflix_etl_pipeline to 2026-09-05 00:00:00+00:00, run_after=2026-09-06 00:00:00+00:00
[2026-09-06T07:26:48.074+0000] {processor.py:183} INFO - Processing /opt/airflow/dags/netflix_dag.py took 0.254 seconds
[2026-09-06T07:27:19.669+0000] {processor.py:161} INFO - Started process (PID=6536) to work on /opt/airflow/dags/netflix_dag.py
[2026-09-06T07:27:19.706+0000] {processor.py:830} INFO - Processing file /opt/airflow/dags/netflix_dag.py for tasks to queue
[2026-09-06T07:27:19.744+0000] {logging_mixin.py:188} INFO - [2026-09-06T07:27:19.743+0000] {dagbag.py:545} INFO - Filling up the DagBag from /opt/airflow/dags/netflix_dag.py
[2026-09-06T07:27:20.421+0000] {processor.py:840} INFO - DAG(s) 'netflix_etl_pipeline' retrieved from /opt/airflow/dags/netflix_dag.py
[2026-09-06T07:27:20.621+0000] {logging_mixin.py:188} INFO - [2026-09-06T07:27:20.620+0000] {dag.py:3089} INFO - Sync 1 DAGs
[2026-09-06T07:27:20.746+0000] {logging_mixin.py:188} INFO - [2026-09-06T07:27:20.745+0000] {dag.py:3947} INFO - Setting next_dagrun for netflix_etl_pipeline to 2026-09-05 00:00:00+00:00, run_after=2026-09-06 00:00:00+00:00
[2026-09-06T07:27:20.813+0000] {processor.py:183} INFO - Processing /opt/airflow/dags/netflix_dag.py took 1.182 seconds
[2026-09-06T07:27:52.713+0000] {processor.py:161} INFO - Started process (PID=6547) to work on /opt/airflow/dags/netflix_dag.py
[2026-09-06T07:27:52.772+0000] {processor.py:830} INFO - Processing file /opt/airflow/dags/netflix_dag.py for tasks to queue
[2026-09-06T07:27:52.856+0000] {logging_mixin.py:188} INFO - [2026-09-06T07:27:52.855+0000] {dagbag.py:545} INFO - Filling up the DagBag from /opt/airflow/dags/netflix_dag.py
[2026-09-06T07:27:53.671+0000] {processor.py:840} INFO - DAG(s) 'netflix_etl_pipeline' retrieved from /opt/airflow/dags/netflix_dag.py
[2026-09-06T07:27:53.761+0000] {logging_mixin.py:188} INFO - [2026-09-06T07:27:53.761+0000] {dag.py:3089} INFO - Sync 1 DAGs
[2026-09-06T07:27:53.813+0000] {logging_mixin.py:188} INFO - [2026-09-06T07:27:53.813+0000] {dag.py:3947} INFO - Setting next_dagrun for netflix_etl_pipeline to 2026-09-05 00:00:00+00:00, run_after=2026-09-06 00:00:00+00:00
[2026-09-06T07:27:54.081+0000] {processor.py:183} INFO - Processing /opt/airflow/dags/netflix_dag.py took 1.417 seconds
[2026-09-06T07:28:26.101+0000] {processor.py:161} INFO - Started process (PID=6558) to work on /opt/airflow/dags/netflix_dag.py
[2026-09-06T07:28:26.159+0000] {processor.py:830} INFO - Processing file /opt/airflow/dags/netflix_dag.py for tasks to queue
[2026-09-06T07:28:26.217+0000] {logging_mixin.py:188} INFO - [2026-09-06T07:28:26.216+0000] {dagbag.py:545} INFO - Filling up the DagBag from /opt/airflow/dags/netflix_dag.py
[2026-09-06T07:28:26.756+0000] {processor.py:840} INFO - DAG(s) 'netflix_etl_pipeline' retrieved from /opt/airflow/dags/netflix_dag.py
[2026-09-06T07:28:26.957+0000] {logging_mixin.py:188} INFO - [2026-09-06T07:28:26.956+0000] {dag.py:3089} INFO - Sync 1 DAGs
[2026-09-06T07:28:27.236+0000] {logging_mixin.py:188} INFO - [2026-09-06T07:28:27.235+0000] {dag.py:3947} INFO - Setting next_dagrun for netflix_etl_pipeline to 2026-09-05 00:00:00+00:00, run_after=2026-09-06 00:00:00+00:00
[2026-09-06T07:28:27.469+0000] {processor.py:183} INFO - Processing /opt/airflow/dags/netflix_dag.py took 1.403 seconds
[2026-09-06T07:28:58.767+0000] {processor.py:161} INFO - Started process (PID=6569) to work on /opt/airflow/dags/netflix_dag.py
[2026-09-06T07:28:58.773+0000] {processor.py:830} INFO - Processing file /opt/airflow/dags/netflix_dag.py for tasks to queue
[2026-09-06T07:28:58.789+0000] {logging_mixin.py:188} INFO - [2026-09-06T07:28:58.788+0000] {dagbag.py:545} INFO - Filling up the DagBag from /opt/airflow/dags/netflix_dag.py
[2026-09-06T07:28:58.860+0000] {processor.py:840} INFO - DAG(s) 'netflix_etl_pipeline' retrieved from /opt/airflow/dags/netflix_dag.py
[2026-09-06T07:28:58.954+0000] {logging_mixin.py:188} INFO - [2026-09-06T07:28:58.953+0000] {dag.py:3089} INFO - Sync 1 DAGs
[2026-09-06T07:28:59.023+0000] {logging_mixin.py:188} INFO - [2026-09-06T07:28:59.022+0000] {dag.py:3947} INFO - Setting next_dagrun for netflix_etl_pipeline to 2026-09-05 00:00:00+00:00, run_after=2026-09-06 00:00:00+00:00
[2026-09-06T07:28:59.207+0000] {processor.py:183} INFO - Processing /opt/airflow/dags/netflix_dag.py took 0.463 seconds
[2026-09-06T07:29:30.178+0000] {processor.py:161} INFO - Started process (PID=6580) to work on /opt/airflow/dags/netflix_dag.py
[2026-09-06T07:29:30.181+0000] {processor.py:830} INFO - Processing file /opt/airflow/dags/netflix_dag.py for tasks to queue
[2026-09-06T07:29:30.188+0000] {logging_mixin.py:188} INFO - [2026-09-06T07:29:30.187+0000] {dagbag.py:545} INFO - Filling up the DagBag from /opt/airflow/dags/netflix_dag.py
[2026-09-06T07:29:30.243+0000] {processor.py:840} INFO - DAG(s) 'netflix_etl_pipeline' retrieved from /opt/airflow/dags/netflix_dag.py
[2026-09-06T07:29:30.312+0000] {logging_mixin.py:188} INFO - [2026-09-06T07:29:30.311+0000] {dag.py:3089} INFO - Sync 1 DAGs
[2026-09-06T07:29:30.390+0000] {logging_mixin.py:188} INFO - [2026-09-06T07:29:30.390+0000] {dag.py:3947} INFO - Setting next_dagrun for netflix_etl_pipeline to 2026-09-05 00:00:00+00:00, run_after=2026-09-06 00:00:00+00:00
[2026-09-06T07:29:30.599+0000] {processor.py:183} INFO - Processing /opt/airflow/dags/netflix_dag.py took 0.447 seconds
[2026-09-06T07:30:02.163+0000] {processor.py:161} INFO - Started process (PID=6591) to work on /opt/airflow/dags/netflix_dag.py
[2026-09-06T07:30:02.209+0000] {processor.py:830} INFO - Processing file /opt/airflow/dags/netflix_dag.py for tasks to queue
[2026-09-06T07:30:02.254+0000] {logging_mixin.py:188} INFO - [2026-09-06T07:30:02.253+0000] {dagbag.py:545} INFO - Filling up the DagBag from /opt/airflow/dags/netflix_dag.py
[2026-09-06T07:30:02.867+0000] {processor.py:840} INFO - DAG(s) 'netflix_etl_pipeline' retrieved from /opt/airflow/dags/netflix_dag.py
[2026-09-06T07:30:03.086+0000] {logging_mixin.py:188} INFO - [2026-09-06T07:30:03.085+0000] {dag.py:3089} INFO - Sync 1 DAGs
[2026-09-06T07:30:03.224+0000] {logging_mixin.py:188} INFO - [2026-09-06T07:30:03.223+0000] {dag.py:3947} INFO - Setting next_dagrun for netflix_etl_pipeline to 2026-09-05 00:00:00+00:00, run_after=2026-09-06 00:00:00+00:00
[2026-09-06T07:30:03.517+0000] {processor.py:183} INFO - Processing /opt/airflow/dags/netflix_dag.py took 1.391 seconds
[2026-09-06T07:30:34.780+0000] {processor.py:161} INFO - Started process (PID=6602) to work on /opt/airflow/dags/netflix_dag.py
[2026-09-06T07:30:34.792+0000] {processor.py:830} INFO - Processing file /opt/airflow/dags/netflix_dag.py for tasks to queue
[2026-09-06T07:30:34.807+0000] {logging_mixin.py:188} INFO - [2026-09-06T07:30:34.806+0000] {dagbag.py:545} INFO - Filling up the DagBag from /opt/airflow/dags/netflix_dag.py
[2026-09-06T07:30:34.864+0000] {processor.py:840} INFO - DAG(s) 'netflix_etl_pipeline' retrieved from /opt/airflow/dags/netflix_dag.py
[2026-09-06T07:30:34.946+0000] {logging_mixin.py:188} INFO - [2026-09-06T07:30:34.946+0000] {dag.py:3089} INFO - Sync 1 DAGs
[2026-09-06T07:30:35.101+0000] {logging_mixin.py:188} INFO - [2026-09-06T07:30:35.101+0000] {dag.py:3947} INFO - Setting next_dagrun for netflix_etl_pipeline to 2026-09-05 00:00:00+00:00, run_after=2026-09-06 00:00:00+00:00
[2026-09-06T07:30:35.341+0000] {processor.py:183} INFO - Processing /opt/airflow/dags/netflix_dag.py took 0.606 seconds
[2026-09-06T07:31:06.511+0000] {processor.py:161} INFO - Started process (PID=6614) to work on /opt/airflow/dags/netflix_dag.py
[2026-09-06T07:31:06.514+0000] {processor.py:830} INFO - Processing file /opt/airflow/dags/netflix_dag.py for tasks to queue
[2026-09-06T07:31:06.519+0000] {logging_mixin.py:188} INFO - [2026-09-06T07:31:06.518+0000] {dagbag.py:545} INFO - Filling up the DagBag from /opt/airflow/dags/netflix_dag.py
[2026-09-06T07:31:07.375+0000] {processor.py:840} INFO - DAG(s) 'netflix_etl_pipeline' retrieved from /opt/airflow/dags/netflix_dag.py
[2026-09-06T07:31:07.639+0000] {logging_mixin.py:188} INFO - [2026-09-06T07:31:07.638+0000] {dag.py:3089} INFO - Sync 1 DAGs
[2026-09-06T07:31:07.851+0000] {logging_mixin.py:188} INFO - [2026-09-06T07:31:07.850+0000] {dag.py:3947} INFO - Setting next_dagrun for netflix_etl_pipeline to 2026-09-05 00:00:00+00:00, run_after=2026-09-06 00:00:00+00:00
[2026-09-06T07:31:08.117+0000] {processor.py:183} INFO - Processing /opt/airflow/dags/netflix_dag.py took 1.624 seconds
[2026-09-06T07:31:38.889+0000] {processor.py:161} INFO - Started process (PID=6625) to work on /opt/airflow/dags/netflix_dag.py
[2026-09-06T07:31:38.892+0000] {processor.py:830} INFO - Processing file /opt/airflow/dags/netflix_dag.py for tasks to queue
[2026-09-06T07:31:38.898+0000] {logging_mixin.py:188} INFO - [2026-09-06T07:31:38.897+0000] {dagbag.py:545} INFO - Filling up the DagBag from /opt/airflow/dags/netflix_dag.py
[2026-09-06T07:31:38.949+0000] {processor.py:840} INFO - DAG(s) 'netflix_etl_pipeline' retrieved from /opt/airflow/dags/netflix_dag.py
[2026-09-06T07:31:39.026+0000] {logging_mixin.py:188} INFO - [2026-09-06T07:31:39.026+0000] {dag.py:3089} INFO - Sync 1 DAGs
[2026-09-06T07:31:39.089+0000] {logging_mixin.py:188} INFO - [2026-09-06T07:31:39.088+0000] {dag.py:3947} INFO - Setting next_dagrun for netflix_etl_pipeline to 2026-09-05 00:00:00+00:00, run_after=2026-09-06 00:00:00+00:00
[2026-09-06T07:31:39.147+0000] {processor.py:183} INFO - Processing /opt/airflow/dags/netflix_dag.py took 0.278 seconds
[2026-09-06T07:32:11.566+0000] {processor.py:161} INFO - Started process (PID=6636) to work on /opt/airflow/dags/netflix_dag.py
[2026-09-06T07:32:11.645+0000] {processor.py:830} INFO - Processing file /opt/airflow/dags/netflix_dag.py for tasks to queue
[2026-09-06T07:32:11.716+0000] {logging_mixin.py:188} INFO - [2026-09-06T07:32:11.714+0000] {dagbag.py:545} INFO - Filling up the DagBag from /opt/airflow/dags/netflix_dag.py
[2026-09-06T07:32:12.889+0000] {processor.py:840} INFO - DAG(s) 'netflix_etl_pipeline' retrieved from /opt/airflow/dags/netflix_dag.py
[2026-09-06T07:32:13.175+0000] {logging_mixin.py:188} INFO - [2026-09-06T07:32:13.174+0000] {dag.py:3089} INFO - Sync 1 DAGs
[2026-09-06T07:32:13.372+0000] {logging_mixin.py:188} INFO - [2026-09-06T07:32:13.372+0000] {dag.py:3947} INFO - Setting next_dagrun for netflix_etl_pipeline to 2026-09-05 00:00:00+00:00, run_after=2026-09-06 00:00:00+00:00
[2026-09-06T07:32:13.507+0000] {processor.py:183} INFO - Processing /opt/airflow/dags/netflix_dag.py took 1.988 seconds
[2026-09-06T07:32:44.532+0000] {processor.py:161} INFO - Started process (PID=6647) to work on /opt/airflow/dags/netflix_dag.py
[2026-09-06T07:32:44.559+0000] {processor.py:830} INFO - Processing file /opt/airflow/dags/netflix_dag.py for tasks to queue
[2026-09-06T07:32:44.595+0000] {logging_mixin.py:188} INFO - [2026-09-06T07:32:44.594+0000] {dagbag.py:545} INFO - Filling up the DagBag from /opt/airflow/dags/netflix_dag.py
[2026-09-06T07:32:44.901+0000] {processor.py:840} INFO - DAG(s) 'netflix_etl_pipeline' retrieved from /opt/airflow/dags/netflix_dag.py
[2026-09-06T07:32:44.999+0000] {logging_mixin.py:188} INFO - [2026-09-06T07:32:44.998+0000] {dag.py:3089} INFO - Sync 1 DAGs
[2026-09-06T07:32:45.058+0000] {logging_mixin.py:188} INFO - [2026-09-06T07:32:45.058+0000] {dag.py:3947} INFO - Setting next_dagrun for netflix_etl_pipeline to 2026-09-05 00:00:00+00:00, run_after=2026-09-06 00:00:00+00:00
[2026-09-06T07:32:45.115+0000] {processor.py:183} INFO - Processing /opt/airflow/dags/netflix_dag.py took 0.623 seconds
[2026-09-06T07:33:16.701+0000] {processor.py:161} INFO - Started process (PID=6658) to work on /opt/airflow/dags/netflix_dag.py
[2026-09-06T07:33:16.716+0000] {processor.py:830} INFO - Processing file /opt/airflow/dags/netflix_dag.py for tasks to queue
[2026-09-06T07:33:16.729+0000] {logging_mixin.py:188} INFO - [2026-09-06T07:33:16.728+0000] {dagbag.py:545} INFO - Filling up the DagBag from /opt/airflow/dags/netflix_dag.py
[2026-09-06T07:33:16.785+0000] {processor.py:840} INFO - DAG(s) 'netflix_etl_pipeline' retrieved from /opt/airflow/dags/netflix_dag.py
[2026-09-06T07:33:16.971+0000] {logging_mixin.py:188} INFO - [2026-09-06T07:33:16.970+0000] {dag.py:3089} INFO - Sync 1 DAGs
[2026-09-06T07:33:17.174+0000] {logging_mixin.py:188} INFO - [2026-09-06T07:33:17.173+0000] {dag.py:3947} INFO - Setting next_dagrun for netflix_etl_pipeline to 2026-09-05 00:00:00+00:00, run_after=2026-09-06 00:00:00+00:00
[2026-09-06T07:33:17.375+0000] {processor.py:183} INFO - Processing /opt/airflow/dags/netflix_dag.py took 0.718 seconds
[2026-09-06T07:33:48.368+0000] {processor.py:161} INFO - Started process (PID=6669) to work on /opt/airflow/dags/netflix_dag.py
[2026-09-06T07:33:48.371+0000] {processor.py:830} INFO - Processing file /opt/airflow/dags/netflix_dag.py for tasks to queue
[2026-09-06T07:33:48.378+0000] {logging_mixin.py:188} INFO - [2026-09-06T07:33:48.377+0000] {dagbag.py:545} INFO - Filling up the DagBag from /opt/airflow/dags/netflix_dag.py
[2026-09-06T07:33:48.427+0000] {processor.py:840} INFO - DAG(s) 'netflix_etl_pipeline' retrieved from /opt/airflow/dags/netflix_dag.py
[2026-09-06T07:33:48.533+0000] {logging_mixin.py:188} INFO - [2026-09-06T07:33:48.533+0000] {dag.py:3089} INFO - Sync 1 DAGs
[2026-09-06T07:33:48.601+0000] {logging_mixin.py:188} INFO - [2026-09-06T07:33:48.601+0000] {dag.py:3947} INFO - Setting next_dagrun for netflix_etl_pipeline to 2026-09-05 00:00:00+00:00, run_after=2026-09-06 00:00:00+00:00
[2026-09-06T07:33:48.648+0000] {processor.py:183} INFO - Processing /opt/airflow/dags/netflix_dag.py took 0.298 seconds
[2026-09-06T07:34:20.246+0000] {processor.py:161} INFO - Started process (PID=6680) to work on /opt/airflow/dags/netflix_dag.py
[2026-09-06T07:34:20.253+0000] {processor.py:830} INFO - Processing file /opt/airflow/dags/netflix_dag.py for tasks to queue
[2026-09-06T07:34:20.277+0000] {logging_mixin.py:188} INFO - [2026-09-06T07:34:20.265+0000] {dagbag.py:545} INFO - Filling up the DagBag from /opt/airflow/dags/netflix_dag.py
[2026-09-06T07:34:20.561+0000] {processor.py:840} INFO - DAG(s) 'netflix_etl_pipeline' retrieved from /opt/airflow/dags/netflix_dag.py
[2026-09-06T07:34:20.809+0000] {logging_mixin.py:188} INFO - [2026-09-06T07:34:20.803+0000] {dag.py:3089} INFO - Sync 1 DAGs
[2026-09-06T07:34:20.911+0000] {logging_mixin.py:188} INFO - [2026-09-06T07:34:20.909+0000] {dag.py:3947} INFO - Setting next_dagrun for netflix_etl_pipeline to 2026-09-05 00:00:00+00:00, run_after=2026-09-06 00:00:00+00:00
[2026-09-06T07:34:20.972+0000] {processor.py:183} INFO - Processing /opt/airflow/dags/netflix_dag.py took 0.779 seconds
[2026-09-06T07:34:52.469+0000] {processor.py:161} INFO - Started process (PID=6697) to work on /opt/airflow/dags/netflix_dag.py
[2026-09-06T07:34:52.500+0000] {processor.py:830} INFO - Processing file /opt/airflow/dags/netflix_dag.py for tasks to queue
[2026-09-06T07:34:52.527+0000] {logging_mixin.py:188} INFO - [2026-09-06T07:34:52.526+0000] {dagbag.py:545} INFO - Filling up the DagBag from /opt/airflow/dags/netflix_dag.py
[2026-09-06T07:34:53.503+0000] {processor.py:840} INFO - DAG(s) 'netflix_etl_pipeline' retrieved from /opt/airflow/dags/netflix_dag.py
[2026-09-06T07:34:53.630+0000] {logging_mixin.py:188} INFO - [2026-09-06T07:34:53.629+0000] {dag.py:3089} INFO - Sync 1 DAGs
[2026-09-06T07:34:53.792+0000] {logging_mixin.py:188} INFO - [2026-09-06T07:34:53.792+0000] {dag.py:3947} INFO - Setting next_dagrun for netflix_etl_pipeline to 2026-09-05 00:00:00+00:00, run_after=2026-09-06 00:00:00+00:00
[2026-09-06T07:34:54.089+0000] {processor.py:183} INFO - Processing /opt/airflow/dags/netflix_dag.py took 1.657 seconds
[2026-09-06T07:35:24.408+0000] {processor.py:161} INFO - Started process (PID=6708) to work on /opt/airflow/dags/netflix_dag.py
[2026-09-06T07:35:24.411+0000] {processor.py:830} INFO - Processing file /opt/airflow/dags/netflix_dag.py for tasks to queue
[2026-09-06T07:35:24.417+0000] {logging_mixin.py:188} INFO - [2026-09-06T07:35:24.416+0000] {dagbag.py:545} INFO - Filling up the DagBag from /opt/airflow/dags/netflix_dag.py
[2026-09-06T07:35:24.473+0000] {processor.py:840} INFO - DAG(s) 'netflix_etl_pipeline' retrieved from /opt/airflow/dags/netflix_dag.py
[2026-09-06T07:35:24.585+0000] {logging_mixin.py:188} INFO - [2026-09-06T07:35:24.584+0000] {dag.py:3089} INFO - Sync 1 DAGs
[2026-09-06T07:35:24.645+0000] {logging_mixin.py:188} INFO - [2026-09-06T07:35:24.644+0000] {dag.py:3947} INFO - Setting next_dagrun for netflix_etl_pipeline to 2026-09-05 00:00:00+00:00, run_after=2026-09-06 00:00:00+00:00
[2026-09-06T07:35:24.689+0000] {processor.py:183} INFO - Processing /opt/airflow/dags/netflix_dag.py took 0.298 seconds
[2026-09-06T07:35:55.055+0000] {processor.py:161} INFO - Started process (PID=6719) to work on /opt/airflow/dags/netflix_dag.py
[2026-09-06T07:35:55.061+0000] {processor.py:830} INFO - Processing file /opt/airflow/dags/netflix_dag.py for tasks to queue
[2026-09-06T07:35:55.068+0000] {logging_mixin.py:188} INFO - [2026-09-06T07:35:55.067+0000] {dagbag.py:545} INFO - Filling up the DagBag from /opt/airflow/dags/netflix_dag.py
[2026-09-06T07:35:55.121+0000] {processor.py:840} INFO - DAG(s) 'netflix_etl_pipeline' retrieved from /opt/airflow/dags/netflix_dag.py
[2026-09-06T07:35:55.340+0000] {logging_mixin.py:188} INFO - [2026-09-06T07:35:55.339+0000] {dag.py:3089} INFO - Sync 1 DAGs
[2026-09-06T07:35:55.544+0000] {logging_mixin.py:188} INFO - [2026-09-06T07:35:55.543+0000] {dag.py:3947} INFO - Setting next_dagrun for netflix_etl_pipeline to 2026-09-05 00:00:00+00:00, run_after=2026-09-06 00:00:00+00:00
[2026-09-06T07:35:55.750+0000] {processor.py:183} INFO - Processing /opt/airflow/dags/netflix_dag.py took 0.714 seconds
[2026-09-06T07:36:27.642+0000] {processor.py:161} INFO - Started process (PID=6730) to work on /opt/airflow/dags/netflix_dag.py
[2026-09-06T07:36:27.699+0000] {processor.py:830} INFO - Processing file /opt/airflow/dags/netflix_dag.py for tasks to queue
[2026-09-06T07:36:27.804+0000] {logging_mixin.py:188} INFO - [2026-09-06T07:36:27.803+0000] {dagbag.py:545} INFO - Filling up the DagBag from /opt/airflow/dags/netflix_dag.py
[2026-09-06T07:36:28.387+0000] {processor.py:840} INFO - DAG(s) 'netflix_etl_pipeline' retrieved from /opt/airflow/dags/netflix_dag.py
[2026-09-06T07:36:28.473+0000] {logging_mixin.py:188} INFO - [2026-09-06T07:36:28.472+0000] {dag.py:3089} INFO - Sync 1 DAGs
[2026-09-06T07:36:28.542+0000] {logging_mixin.py:188} INFO - [2026-09-06T07:36:28.540+0000] {dag.py:3947} INFO - Setting next_dagrun for netflix_etl_pipeline to 2026-09-05 00:00:00+00:00, run_after=2026-09-06 00:00:00+00:00
[2026-09-06T07:36:28.593+0000] {processor.py:183} INFO - Processing /opt/airflow/dags/netflix_dag.py took 0.989 seconds
[2026-09-06T07:36:59.371+0000] {processor.py:161} INFO - Started process (PID=6741) to work on /opt/airflow/dags/netflix_dag.py
[2026-09-06T07:36:59.374+0000] {processor.py:830} INFO - Processing file /opt/airflow/dags/netflix_dag.py for tasks to queue
[2026-09-06T07:36:59.383+0000] {logging_mixin.py:188} INFO - [2026-09-06T07:36:59.382+0000] {dagbag.py:545} INFO - Filling up the DagBag from /opt/airflow/dags/netflix_dag.py
[2026-09-06T07:36:59.433+0000] {processor.py:840} INFO - DAG(s) 'netflix_etl_pipeline' retrieved from /opt/airflow/dags/netflix_dag.py
[2026-09-06T07:36:59.519+0000] {logging_mixin.py:188} INFO - [2026-09-06T07:36:59.518+0000] {dag.py:3089} INFO - Sync 1 DAGs
[2026-09-06T07:36:59.597+0000] {logging_mixin.py:188} INFO - [2026-09-06T07:36:59.584+0000] {dag.py:3947} INFO - Setting next_dagrun for netflix_etl_pipeline to 2026-09-05 00:00:00+00:00, run_after=2026-09-06 00:00:00+00:00
[2026-09-06T07:36:59.847+0000] {processor.py:183} INFO - Processing /opt/airflow/dags/netflix_dag.py took 0.505 seconds
[2026-09-06T07:37:31.128+0000] {processor.py:161} INFO - Started process (PID=6753) to work on /opt/airflow/dags/netflix_dag.py
[2026-09-06T07:37:31.187+0000] {processor.py:830} INFO - Processing file /opt/airflow/dags/netflix_dag.py for tasks to queue
[2026-09-06T07:37:31.218+0000] {logging_mixin.py:188} INFO - [2026-09-06T07:37:31.217+0000] {dagbag.py:545} INFO - Filling up the DagBag from /opt/airflow/dags/netflix_dag.py
[2026-09-06T07:37:31.414+0000] {processor.py:840} INFO - DAG(s) 'netflix_etl_pipeline' retrieved from /opt/airflow/dags/netflix_dag.py
[2026-09-06T07:37:31.557+0000] {logging_mixin.py:188} INFO - [2026-09-06T07:37:31.556+0000] {dag.py:3089} INFO - Sync 1 DAGs
[2026-09-06T07:37:31.697+0000] {logging_mixin.py:188} INFO - [2026-09-06T07:37:31.696+0000] {dag.py:3947} INFO - Setting next_dagrun for netflix_etl_pipeline to 2026-09-05 00:00:00+00:00, run_after=2026-09-06 00:00:00+00:00
[2026-09-06T07:37:32.020+0000] {processor.py:183} INFO - Processing /opt/airflow/dags/netflix_dag.py took 0.933 seconds
[2026-09-06T07:38:02.186+0000] {processor.py:161} INFO - Started process (PID=6764) to work on /opt/airflow/dags/netflix_dag.py
[2026-09-06T07:38:02.190+0000] {processor.py:830} INFO - Processing file /opt/airflow/dags/netflix_dag.py for tasks to queue
[2026-09-06T07:38:02.195+0000] {logging_mixin.py:188} INFO - [2026-09-06T07:38:02.194+0000] {dagbag.py:545} INFO - Filling up the DagBag from /opt/airflow/dags/netflix_dag.py
[2026-09-06T07:38:02.244+0000] {processor.py:840} INFO - DAG(s) 'netflix_etl_pipeline' retrieved from /opt/airflow/dags/netflix_dag.py
[2026-09-06T07:38:02.336+0000] {logging_mixin.py:188} INFO - [2026-09-06T07:38:02.335+0000] {dag.py:3089} INFO - Sync 1 DAGs
[2026-09-06T07:38:02.404+0000] {logging_mixin.py:188} INFO - [2026-09-06T07:38:02.403+0000] {dag.py:3947} INFO - Setting next_dagrun for netflix_etl_pipeline to 2026-09-05 00:00:00+00:00, run_after=2026-09-06 00:00:00+00:00
[2026-09-06T07:38:02.499+0000] {processor.py:183} INFO - Processing /opt/airflow/dags/netflix_dag.py took 0.332 seconds
[2026-09-06T07:38:34.068+0000] {processor.py:161} INFO - Started process (PID=6775) to work on /opt/airflow/dags/netflix_dag.py
[2026-09-06T07:38:34.072+0000] {processor.py:830} INFO - Processing file /opt/airflow/dags/netflix_dag.py for tasks to queue
[2026-09-06T07:38:34.080+0000] {logging_mixin.py:188} INFO - [2026-09-06T07:38:34.078+0000] {dagbag.py:545} INFO - Filling up the DagBag from /opt/airflow/dags/netflix_dag.py
[2026-09-06T07:38:34.146+0000] {processor.py:840} INFO - DAG(s) 'netflix_etl_pipeline' retrieved from /opt/airflow/dags/netflix_dag.py
[2026-09-06T07:38:34.219+0000] {logging_mixin.py:188} INFO - [2026-09-06T07:38:34.219+0000] {dag.py:3089} INFO - Sync 1 DAGs
[2026-09-06T07:38:34.278+0000] {logging_mixin.py:188} INFO - [2026-09-06T07:38:34.278+0000] {dag.py:3947} INFO - Setting next_dagrun for netflix_etl_pipeline to 2026-09-05 00:00:00+00:00, run_after=2026-09-06 00:00:00+00:00
[2026-09-06T07:38:34.534+0000] {processor.py:183} INFO - Processing /opt/airflow/dags/netflix_dag.py took 0.487 seconds
[2026-09-06T07:39:06.690+0000] {processor.py:161} INFO - Started process (PID=6786) to work on /opt/airflow/dags/netflix_dag.py
[2026-09-06T07:39:06.694+0000] {processor.py:830} INFO - Processing file /opt/airflow/dags/netflix_dag.py for tasks to queue
[2026-09-06T07:39:06.701+0000] {logging_mixin.py:188} INFO - [2026-09-06T07:39:06.700+0000] {dagbag.py:545} INFO - Filling up the DagBag from /opt/airflow/dags/netflix_dag.py
[2026-09-06T07:39:06.754+0000] {processor.py:840} INFO - DAG(s) 'netflix_etl_pipeline' retrieved from /opt/airflow/dags/netflix_dag.py
[2026-09-06T07:39:06.841+0000] {logging_mixin.py:188} INFO - [2026-09-06T07:39:06.840+0000] {dag.py:3089} INFO - Sync 1 DAGs
[2026-09-06T07:39:06.969+0000] {logging_mixin.py:188} INFO - [2026-09-06T07:39:06.968+0000] {dag.py:3947} INFO - Setting next_dagrun for netflix_etl_pipeline to 2026-09-05 00:00:00+00:00, run_after=2026-09-06 00:00:00+00:00
[2026-09-06T07:39:07.253+0000] {processor.py:183} INFO - Processing /opt/airflow/dags/netflix_dag.py took 0.597 seconds
[2026-09-06T07:39:38.926+0000] {processor.py:161} INFO - Started process (PID=6797) to work on /opt/airflow/dags/netflix_dag.py
[2026-09-06T07:39:38.971+0000] {processor.py:830} INFO - Processing file /opt/airflow/dags/netflix_dag.py for tasks to queue
[2026-09-06T07:39:39.015+0000] {logging_mixin.py:188} INFO - [2026-09-06T07:39:39.014+0000] {dagbag.py:545} INFO - Filling up the DagBag from /opt/airflow/dags/netflix_dag.py
[2026-09-06T07:39:40.181+0000] {processor.py:840} INFO - DAG(s) 'netflix_etl_pipeline' retrieved from /opt/airflow/dags/netflix_dag.py
[2026-09-06T07:39:40.485+0000] {logging_mixin.py:188} INFO - [2026-09-06T07:39:40.484+0000] {dag.py:3089} INFO - Sync 1 DAGs
[2026-09-06T07:39:40.705+0000] {logging_mixin.py:188} INFO - [2026-09-06T07:39:40.704+0000] {dag.py:3947} INFO - Setting next_dagrun for netflix_etl_pipeline to 2026-09-05 00:00:00+00:00, run_after=2026-09-06 00:00:00+00:00
[2026-09-06T07:39:40.940+0000] {processor.py:183} INFO - Processing /opt/airflow/dags/netflix_dag.py took 2.050 seconds
[2026-09-06T07:40:11.669+0000] {processor.py:161} INFO - Started process (PID=6809) to work on /opt/airflow/dags/netflix_dag.py
[2026-09-06T07:40:11.672+0000] {processor.py:830} INFO - Processing file /opt/airflow/dags/netflix_dag.py for tasks to queue
[2026-09-06T07:40:11.677+0000] {logging_mixin.py:188} INFO - [2026-09-06T07:40:11.677+0000] {dagbag.py:545} INFO - Filling up the DagBag from /opt/airflow/dags/netflix_dag.py
[2026-09-06T07:40:11.718+0000] {processor.py:840} INFO - DAG(s) 'netflix_etl_pipeline' retrieved from /opt/airflow/dags/netflix_dag.py
[2026-09-06T07:40:11.878+0000] {logging_mixin.py:188} INFO - [2026-09-06T07:40:11.878+0000] {dag.py:3089} INFO - Sync 1 DAGs
[2026-09-06T07:40:12.084+0000] {logging_mixin.py:188} INFO - [2026-09-06T07:40:12.083+0000] {dag.py:3947} INFO - Setting next_dagrun for netflix_etl_pipeline to 2026-09-05 00:00:00+00:00, run_after=2026-09-06 00:00:00+00:00
[2026-09-06T07:40:12.270+0000] {processor.py:183} INFO - Processing /opt/airflow/dags/netflix_dag.py took 0.618 seconds
[2026-09-06T07:40:43.540+0000] {processor.py:161} INFO - Started process (PID=6821) to work on /opt/airflow/dags/netflix_dag.py
[2026-09-06T07:40:43.544+0000] {processor.py:830} INFO - Processing file /opt/airflow/dags/netflix_dag.py for tasks to queue
[2026-09-06T07:40:43.555+0000] {logging_mixin.py:188} INFO - [2026-09-06T07:40:43.553+0000] {dagbag.py:545} INFO - Filling up the DagBag from /opt/airflow/dags/netflix_dag.py
[2026-09-06T07:40:43.626+0000] {processor.py:840} INFO - DAG(s) 'netflix_etl_pipeline' retrieved from /opt/airflow/dags/netflix_dag.py
[2026-09-06T07:40:43.931+0000] {logging_mixin.py:188} INFO - [2026-09-06T07:40:43.919+0000] {dag.py:3089} INFO - Sync 1 DAGs
[2026-09-06T07:40:44.132+0000] {logging_mixin.py:188} INFO - [2026-09-06T07:40:44.131+0000] {dag.py:3947} INFO - Setting next_dagrun for netflix_etl_pipeline to 2026-09-05 00:00:00+00:00, run_after=2026-09-06 00:00:00+00:00
[2026-09-06T07:40:44.413+0000] {processor.py:183} INFO - Processing /opt/airflow/dags/netflix_dag.py took 0.916 seconds
[2026-09-06T07:41:15.109+0000] {processor.py:161} INFO - Started process (PID=6832) to work on /opt/airflow/dags/netflix_dag.py
[2026-09-06T07:41:15.112+0000] {processor.py:830} INFO - Processing file /opt/airflow/dags/netflix_dag.py for tasks to queue
[2026-09-06T07:41:15.117+0000] {logging_mixin.py:188} INFO - [2026-09-06T07:41:15.117+0000] {dagbag.py:545} INFO - Filling up the DagBag from /opt/airflow/dags/netflix_dag.py
[2026-09-06T07:41:15.171+0000] {processor.py:840} INFO - DAG(s) 'netflix_etl_pipeline' retrieved from /opt/airflow/dags/netflix_dag.py
[2026-09-06T07:41:15.264+0000] {logging_mixin.py:188} INFO - [2026-09-06T07:41:15.263+0000] {dag.py:3089} INFO - Sync 1 DAGs
[2026-09-06T07:41:15.316+0000] {logging_mixin.py:188} INFO - [2026-09-06T07:41:15.315+0000] {dag.py:3947} INFO - Setting next_dagrun for netflix_etl_pipeline to 2026-09-05 00:00:00+00:00, run_after=2026-09-06 00:00:00+00:00
[2026-09-06T07:41:15.354+0000] {processor.py:183} INFO - Processing /opt/airflow/dags/netflix_dag.py took 0.261 seconds
[2026-09-06T07:41:46.228+0000] {processor.py:161} INFO - Started process (PID=6843) to work on /opt/airflow/dags/netflix_dag.py
[2026-09-06T07:41:46.231+0000] {processor.py:830} INFO - Processing file /opt/airflow/dags/netflix_dag.py for tasks to queue
[2026-09-06T07:41:46.243+0000] {logging_mixin.py:188} INFO - [2026-09-06T07:41:46.242+0000] {dagbag.py:545} INFO - Filling up the DagBag from /opt/airflow/dags/netflix_dag.py
[2026-09-06T07:41:46.292+0000] {processor.py:840} INFO - DAG(s) 'netflix_etl_pipeline' retrieved from /opt/airflow/dags/netflix_dag.py
[2026-09-06T07:41:46.370+0000] {logging_mixin.py:188} INFO - [2026-09-06T07:41:46.369+0000] {dag.py:3089} INFO - Sync 1 DAGs
[2026-09-06T07:41:46.497+0000] {logging_mixin.py:188} INFO - [2026-09-06T07:41:46.496+0000] {dag.py:3947} INFO - Setting next_dagrun for netflix_etl_pipeline to 2026-09-05 00:00:00+00:00, run_after=2026-09-06 00:00:00+00:00
[2026-09-06T07:41:46.681+0000] {processor.py:183} INFO - Processing /opt/airflow/dags/netflix_dag.py took 0.475 seconds
[2026-09-06T07:42:18.201+0000] {processor.py:161} INFO - Started process (PID=6854) to work on /opt/airflow/dags/netflix_dag.py
[2026-09-06T07:42:18.255+0000] {processor.py:830} INFO - Processing file /opt/airflow/dags/netflix_dag.py for tasks to queue
[2026-09-06T07:42:18.324+0000] {logging_mixin.py:188} INFO - [2026-09-06T07:42:18.322+0000] {dagbag.py:545} INFO - Filling up the DagBag from /opt/airflow/dags/netflix_dag.py
[2026-09-06T07:42:19.116+0000] {processor.py:840} INFO - DAG(s) 'netflix_etl_pipeline' retrieved from /opt/airflow/dags/netflix_dag.py
[2026-09-06T07:42:19.303+0000] {logging_mixin.py:188} INFO - [2026-09-06T07:42:19.303+0000] {dag.py:3089} INFO - Sync 1 DAGs
[2026-09-06T07:42:19.372+0000] {logging_mixin.py:188} INFO - [2026-09-06T07:42:19.371+0000] {dag.py:3947} INFO - Setting next_dagrun for netflix_etl_pipeline to 2026-09-05 00:00:00+00:00, run_after=2026-09-06 00:00:00+00:00
[2026-09-06T07:42:19.437+0000] {processor.py:183} INFO - Processing /opt/airflow/dags/netflix_dag.py took 1.273 seconds
[2026-09-06T07:42:50.846+0000] {processor.py:161} INFO - Started process (PID=6866) to work on /opt/airflow/dags/netflix_dag.py
[2026-09-06T07:42:50.888+0000] {processor.py:830} INFO - Processing file /opt/airflow/dags/netflix_dag.py for tasks to queue
[2026-09-06T07:42:50.960+0000] {logging_mixin.py:188} INFO - [2026-09-06T07:42:50.959+0000] {dagbag.py:545} INFO - Filling up the DagBag from /opt/airflow/dags/netflix_dag.py
[2026-09-06T07:42:51.521+0000] {processor.py:840} INFO - DAG(s) 'netflix_etl_pipeline' retrieved from /opt/airflow/dags/netflix_dag.py
[2026-09-06T07:42:51.618+0000] {logging_mixin.py:188} INFO - [2026-09-06T07:42:51.618+0000] {dag.py:3089} INFO - Sync 1 DAGs
[2026-09-06T07:42:51.679+0000] {logging_mixin.py:188} INFO - [2026-09-06T07:42:51.678+0000] {dag.py:3947} INFO - Setting next_dagrun for netflix_etl_pipeline to 2026-09-05 00:00:00+00:00, run_after=2026-09-06 00:00:00+00:00
[2026-09-06T07:42:51.948+0000] {processor.py:183} INFO - Processing /opt/airflow/dags/netflix_dag.py took 1.141 seconds
[2026-09-06T07:43:23.446+0000] {processor.py:161} INFO - Started process (PID=6877) to work on /opt/airflow/dags/netflix_dag.py
[2026-09-06T07:43:23.474+0000] {processor.py:830} INFO - Processing file /opt/airflow/dags/netflix_dag.py for tasks to queue
[2026-09-06T07:43:23.554+0000] {logging_mixin.py:188} INFO - [2026-09-06T07:43:23.553+0000] {dagbag.py:545} INFO - Filling up the DagBag from /opt/airflow/dags/netflix_dag.py
[2026-09-06T07:43:24.626+0000] {processor.py:840} INFO - DAG(s) 'netflix_etl_pipeline' retrieved from /opt/airflow/dags/netflix_dag.py
[2026-09-06T07:43:24.886+0000] {logging_mixin.py:188} INFO - [2026-09-06T07:43:24.886+0000] {dag.py:3089} INFO - Sync 1 DAGs
[2026-09-06T07:43:25.091+0000] {logging_mixin.py:188} INFO - [2026-09-06T07:43:25.079+0000] {dag.py:3947} INFO - Setting next_dagrun for netflix_etl_pipeline to 2026-09-05 00:00:00+00:00, run_after=2026-09-06 00:00:00+00:00
[2026-09-06T07:43:25.204+0000] {processor.py:183} INFO - Processing /opt/airflow/dags/netflix_dag.py took 1.782 seconds
[2026-09-06T07:43:56.743+0000] {processor.py:161} INFO - Started process (PID=6894) to work on /opt/airflow/dags/netflix_dag.py
[2026-09-06T07:43:56.783+0000] {processor.py:830} INFO - Processing file /opt/airflow/dags/netflix_dag.py for tasks to queue
[2026-09-06T07:43:56.807+0000] {logging_mixin.py:188} INFO - [2026-09-06T07:43:56.806+0000] {dagbag.py:545} INFO - Filling up the DagBag from /opt/airflow/dags/netflix_dag.py
[2026-09-06T07:43:57.488+0000] {processor.py:840} INFO - DAG(s) 'netflix_etl_pipeline' retrieved from /opt/airflow/dags/netflix_dag.py
[2026-09-06T07:43:57.596+0000] {logging_mixin.py:188} INFO - [2026-09-06T07:43:57.595+0000] {dag.py:3089} INFO - Sync 1 DAGs
[2026-09-06T07:43:57.662+0000] {logging_mixin.py:188} INFO - [2026-09-06T07:43:57.661+0000] {dag.py:3947} INFO - Setting next_dagrun for netflix_etl_pipeline to 2026-09-05 00:00:00+00:00, run_after=2026-09-06 00:00:00+00:00
[2026-09-06T07:43:57.829+0000] {processor.py:183} INFO - Processing /opt/airflow/dags/netflix_dag.py took 1.121 seconds
[2026-09-06T07:44:28.321+0000] {processor.py:161} INFO - Started process (PID=6905) to work on /opt/airflow/dags/netflix_dag.py
[2026-09-06T07:44:28.324+0000] {processor.py:830} INFO - Processing file /opt/airflow/dags/netflix_dag.py for tasks to queue
[2026-09-06T07:44:28.329+0000] {logging_mixin.py:188} INFO - [2026-09-06T07:44:28.328+0000] {dagbag.py:545} INFO - Filling up the DagBag from /opt/airflow/dags/netflix_dag.py
[2026-09-06T07:44:28.379+0000] {processor.py:840} INFO - DAG(s) 'netflix_etl_pipeline' retrieved from /opt/airflow/dags/netflix_dag.py
[2026-09-06T07:44:28.609+0000] {logging_mixin.py:188} INFO - [2026-09-06T07:44:28.608+0000] {dag.py:3089} INFO - Sync 1 DAGs
[2026-09-06T07:44:28.742+0000] {logging_mixin.py:188} INFO - [2026-09-06T07:44:28.741+0000] {dag.py:3947} INFO - Setting next_dagrun for netflix_etl_pipeline to 2026-09-05 00:00:00+00:00, run_after=2026-09-06 00:00:00+00:00
[2026-09-06T07:44:28.797+0000] {processor.py:183} INFO - Processing /opt/airflow/dags/netflix_dag.py took 0.490 seconds
[2026-09-06T07:44:59.117+0000] {processor.py:161} INFO - Started process (PID=6916) to work on /opt/airflow/dags/netflix_dag.py
[2026-09-06T07:44:59.120+0000] {processor.py:830} INFO - Processing file /opt/airflow/dags/netflix_dag.py for tasks to queue
[2026-09-06T07:44:59.125+0000] {logging_mixin.py:188} INFO - [2026-09-06T07:44:59.125+0000] {dagbag.py:545} INFO - Filling up the DagBag from /opt/airflow/dags/netflix_dag.py
[2026-09-06T07:44:59.171+0000] {processor.py:840} INFO - DAG(s) 'netflix_etl_pipeline' retrieved from /opt/airflow/dags/netflix_dag.py
[2026-09-06T07:44:59.398+0000] {logging_mixin.py:188} INFO - [2026-09-06T07:44:59.397+0000] {dag.py:3089} INFO - Sync 1 DAGs
[2026-09-06T07:44:59.601+0000] {logging_mixin.py:188} INFO - [2026-09-06T07:44:59.590+0000] {dag.py:3947} INFO - Setting next_dagrun for netflix_etl_pipeline to 2026-09-05 00:00:00+00:00, run_after=2026-09-06 00:00:00+00:00
[2026-09-06T07:44:59.863+0000] {processor.py:183} INFO - Processing /opt/airflow/dags/netflix_dag.py took 0.762 seconds
[2026-09-06T07:45:30.171+0000] {processor.py:161} INFO - Started process (PID=6927) to work on /opt/airflow/dags/netflix_dag.py
[2026-09-06T07:45:30.213+0000] {processor.py:830} INFO - Processing file /opt/airflow/dags/netflix_dag.py for tasks to queue
[2026-09-06T07:45:30.286+0000] {logging_mixin.py:188} INFO - [2026-09-06T07:45:30.285+0000] {dagbag.py:545} INFO - Filling up the DagBag from /opt/airflow/dags/netflix_dag.py
[2026-09-06T07:45:31.690+0000] {processor.py:840} INFO - DAG(s) 'netflix_etl_pipeline' retrieved from /opt/airflow/dags/netflix_dag.py
[2026-09-06T07:45:32.013+0000] {logging_mixin.py:188} INFO - [2026-09-06T07:45:32.004+0000] {dag.py:3089} INFO - Sync 1 DAGs
[2026-09-06T07:45:32.225+0000] {logging_mixin.py:188} INFO - [2026-09-06T07:45:32.225+0000] {dag.py:3947} INFO - Setting next_dagrun for netflix_etl_pipeline to 2026-09-05 00:00:00+00:00, run_after=2026-09-06 00:00:00+00:00
[2026-09-06T07:45:32.387+0000] {processor.py:183} INFO - Processing /opt/airflow/dags/netflix_dag.py took 2.280 seconds
[2026-09-06T07:46:04.241+0000] {processor.py:161} INFO - Started process (PID=6938) to work on /opt/airflow/dags/netflix_dag.py
[2026-09-06T07:46:04.269+0000] {processor.py:830} INFO - Processing file /opt/airflow/dags/netflix_dag.py for tasks to queue
[2026-09-06T07:46:04.333+0000] {logging_mixin.py:188} INFO - [2026-09-06T07:46:04.332+0000] {dagbag.py:545} INFO - Filling up the DagBag from /opt/airflow/dags/netflix_dag.py
[2026-09-06T07:46:04.580+0000] {processor.py:840} INFO - DAG(s) 'netflix_etl_pipeline' retrieved from /opt/airflow/dags/netflix_dag.py
[2026-09-06T07:46:04.702+0000] {logging_mixin.py:188} INFO - [2026-09-06T07:46:04.701+0000] {dag.py:3089} INFO - Sync 1 DAGs
[2026-09-06T07:46:04.860+0000] {logging_mixin.py:188} INFO - [2026-09-06T07:46:04.859+0000] {dag.py:3947} INFO - Setting next_dagrun for netflix_etl_pipeline to 2026-09-05 00:00:00+00:00, run_after=2026-09-06 00:00:00+00:00
[2026-09-06T07:46:05.124+0000] {processor.py:183} INFO - Processing /opt/airflow/dags/netflix_dag.py took 0.909 seconds
[2026-09-06T07:46:36.415+0000] {processor.py:161} INFO - Started process (PID=6949) to work on /opt/airflow/dags/netflix_dag.py
[2026-09-06T07:46:36.418+0000] {processor.py:830} INFO - Processing file /opt/airflow/dags/netflix_dag.py for tasks to queue
[2026-09-06T07:46:36.423+0000] {logging_mixin.py:188} INFO - [2026-09-06T07:46:36.422+0000] {dagbag.py:545} INFO - Filling up the DagBag from /opt/airflow/dags/netflix_dag.py
[2026-09-06T07:46:36.464+0000] {processor.py:840} INFO - DAG(s) 'netflix_etl_pipeline' retrieved from /opt/airflow/dags/netflix_dag.py
[2026-09-06T07:46:36.672+0000] {logging_mixin.py:188} INFO - [2026-09-06T07:46:36.671+0000] {dag.py:3089} INFO - Sync 1 DAGs
[2026-09-06T07:46:36.861+0000] {logging_mixin.py:188} INFO - [2026-09-06T07:46:36.861+0000] {dag.py:3947} INFO - Setting next_dagrun for netflix_etl_pipeline to 2026-09-05 00:00:00+00:00, run_after=2026-09-06 00:00:00+00:00
[2026-09-06T07:46:37.070+0000] {processor.py:183} INFO - Processing /opt/airflow/dags/netflix_dag.py took 0.678 seconds
[2026-09-06T07:47:07.909+0000] {processor.py:161} INFO - Started process (PID=6960) to work on /opt/airflow/dags/netflix_dag.py
[2026-09-06T07:47:07.914+0000] {processor.py:830} INFO - Processing file /opt/airflow/dags/netflix_dag.py for tasks to queue
[2026-09-06T07:47:07.926+0000] {logging_mixin.py:188} INFO - [2026-09-06T07:47:07.925+0000] {dagbag.py:545} INFO - Filling up the DagBag from /opt/airflow/dags/netflix_dag.py
[2026-09-06T07:47:07.980+0000] {processor.py:840} INFO - DAG(s) 'netflix_etl_pipeline' retrieved from /opt/airflow/dags/netflix_dag.py
[2026-09-06T07:47:08.209+0000] {logging_mixin.py:188} INFO - [2026-09-06T07:47:08.208+0000] {dag.py:3089} INFO - Sync 1 DAGs
[2026-09-06T07:47:08.447+0000] {logging_mixin.py:188} INFO - [2026-09-06T07:47:08.446+0000] {dag.py:3947} INFO - Setting next_dagrun for netflix_etl_pipeline to 2026-09-05 00:00:00+00:00, run_after=2026-09-06 00:00:00+00:00
[2026-09-06T07:47:08.661+0000] {processor.py:183} INFO - Processing /opt/airflow/dags/netflix_dag.py took 0.790 seconds
[2026-09-06T07:47:40.185+0000] {processor.py:161} INFO - Started process (PID=6971) to work on /opt/airflow/dags/netflix_dag.py
[2026-09-06T07:47:40.189+0000] {processor.py:830} INFO - Processing file /opt/airflow/dags/netflix_dag.py for tasks to queue
[2026-09-06T07:47:40.196+0000] {logging_mixin.py:188} INFO - [2026-09-06T07:47:40.195+0000] {dagbag.py:545} INFO - Filling up the DagBag from /opt/airflow/dags/netflix_dag.py
[2026-09-06T07:47:40.249+0000] {processor.py:840} INFO - DAG(s) 'netflix_etl_pipeline' retrieved from /opt/airflow/dags/netflix_dag.py
[2026-09-06T07:47:40.464+0000] {logging_mixin.py:188} INFO - [2026-09-06T07:47:40.463+0000] {dag.py:3089} INFO - Sync 1 DAGs
[2026-09-06T07:47:40.650+0000] {logging_mixin.py:188} INFO - [2026-09-06T07:47:40.640+0000] {dag.py:3947} INFO - Setting next_dagrun for netflix_etl_pipeline to 2026-09-05 00:00:00+00:00, run_after=2026-09-06 00:00:00+00:00
[2026-09-06T07:47:40.853+0000] {processor.py:183} INFO - Processing /opt/airflow/dags/netflix_dag.py took 0.685 seconds
[2026-09-06T07:48:11.764+0000] {processor.py:161} INFO - Started process (PID=6982) to work on /opt/airflow/dags/netflix_dag.py
[2026-09-06T07:48:11.768+0000] {processor.py:830} INFO - Processing file /opt/airflow/dags/netflix_dag.py for tasks to queue
[2026-09-06T07:48:11.773+0000] {logging_mixin.py:188} INFO - [2026-09-06T07:48:11.772+0000] {dagbag.py:545} INFO - Filling up the DagBag from /opt/airflow/dags/netflix_dag.py
[2026-09-06T07:48:11.824+0000] {processor.py:840} INFO - DAG(s) 'netflix_etl_pipeline' retrieved from /opt/airflow/dags/netflix_dag.py
[2026-09-06T07:48:11.908+0000] {logging_mixin.py:188} INFO - [2026-09-06T07:48:11.908+0000] {dag.py:3089} INFO - Sync 1 DAGs
[2026-09-06T07:48:11.977+0000] {logging_mixin.py:188} INFO - [2026-09-06T07:48:11.976+0000] {dag.py:3947} INFO - Setting next_dagrun for netflix_etl_pipeline to 2026-09-05 00:00:00+00:00, run_after=2026-09-06 00:00:00+00:00
[2026-09-06T07:48:12.023+0000] {processor.py:183} INFO - Processing /opt/airflow/dags/netflix_dag.py took 0.277 seconds
[2026-09-06T07:48:43.152+0000] {processor.py:161} INFO - Started process (PID=6993) to work on /opt/airflow/dags/netflix_dag.py
[2026-09-06T07:48:43.201+0000] {processor.py:830} INFO - Processing file /opt/airflow/dags/netflix_dag.py for tasks to queue
[2026-09-06T07:48:43.221+0000] {logging_mixin.py:188} INFO - [2026-09-06T07:48:43.220+0000] {dagbag.py:545} INFO - Filling up the DagBag from /opt/airflow/dags/netflix_dag.py
[2026-09-06T07:48:43.512+0000] {processor.py:840} INFO - DAG(s) 'netflix_etl_pipeline' retrieved from /opt/airflow/dags/netflix_dag.py
[2026-09-06T07:48:43.606+0000] {logging_mixin.py:188} INFO - [2026-09-06T07:48:43.606+0000] {dag.py:3089} INFO - Sync 1 DAGs
[2026-09-06T07:48:43.699+0000] {logging_mixin.py:188} INFO - [2026-09-06T07:48:43.699+0000] {dag.py:3947} INFO - Setting next_dagrun for netflix_etl_pipeline to 2026-09-05 00:00:00+00:00, run_after=2026-09-06 00:00:00+00:00
[2026-09-06T07:48:43.912+0000] {processor.py:183} INFO - Processing /opt/airflow/dags/netflix_dag.py took 0.800 seconds
[2026-09-06T07:49:15.808+0000] {processor.py:161} INFO - Started process (PID=7004) to work on /opt/airflow/dags/netflix_dag.py
[2026-09-06T07:49:15.838+0000] {processor.py:830} INFO - Processing file /opt/airflow/dags/netflix_dag.py for tasks to queue
[2026-09-06T07:49:15.854+0000] {logging_mixin.py:188} INFO - [2026-09-06T07:49:15.853+0000] {dagbag.py:545} INFO - Filling up the DagBag from /opt/airflow/dags/netflix_dag.py
[2026-09-06T07:49:16.405+0000] {processor.py:840} INFO - DAG(s) 'netflix_etl_pipeline' retrieved from /opt/airflow/dags/netflix_dag.py
[2026-09-06T07:49:16.488+0000] {logging_mixin.py:188} INFO - [2026-09-06T07:49:16.487+0000] {dag.py:3089} INFO - Sync 1 DAGs
[2026-09-06T07:49:16.567+0000] {logging_mixin.py:188} INFO - [2026-09-06T07:49:16.567+0000] {dag.py:3947} INFO - Setting next_dagrun for netflix_etl_pipeline to 2026-09-05 00:00:00+00:00, run_after=2026-09-06 00:00:00+00:00
[2026-09-06T07:49:16.624+0000] {processor.py:183} INFO - Processing /opt/airflow/dags/netflix_dag.py took 0.849 seconds
[2026-09-06T07:49:47.366+0000] {processor.py:161} INFO - Started process (PID=7015) to work on /opt/airflow/dags/netflix_dag.py
[2026-09-06T07:49:47.439+0000] {processor.py:830} INFO - Processing file /opt/airflow/dags/netflix_dag.py for tasks to queue
[2026-09-06T07:49:47.474+0000] {logging_mixin.py:188} INFO - [2026-09-06T07:49:47.473+0000] {dagbag.py:545} INFO - Filling up the DagBag from /opt/airflow/dags/netflix_dag.py
[2026-09-06T07:49:48.506+0000] {processor.py:840} INFO - DAG(s) 'netflix_etl_pipeline' retrieved from /opt/airflow/dags/netflix_dag.py
[2026-09-06T07:49:48.822+0000] {logging_mixin.py:188} INFO - [2026-09-06T07:49:48.821+0000] {dag.py:3089} INFO - Sync 1 DAGs
[2026-09-06T07:49:48.952+0000] {logging_mixin.py:188} INFO - [2026-09-06T07:49:48.951+0000] {dag.py:3947} INFO - Setting next_dagrun for netflix_etl_pipeline to 2026-09-05 00:00:00+00:00, run_after=2026-09-06 00:00:00+00:00
[2026-09-06T07:49:49.016+0000] {processor.py:183} INFO - Processing /opt/airflow/dags/netflix_dag.py took 1.691 seconds
[2026-09-06T07:50:19.374+0000] {processor.py:161} INFO - Started process (PID=7026) to work on /opt/airflow/dags/netflix_dag.py
[2026-09-06T07:50:19.377+0000] {processor.py:830} INFO - Processing file /opt/airflow/dags/netflix_dag.py for tasks to queue
[2026-09-06T07:50:19.384+0000] {logging_mixin.py:188} INFO - [2026-09-06T07:50:19.383+0000] {dagbag.py:545} INFO - Filling up the DagBag from /opt/airflow/dags/netflix_dag.py
[2026-09-06T07:50:19.430+0000] {processor.py:840} INFO - DAG(s) 'netflix_etl_pipeline' retrieved from /opt/airflow/dags/netflix_dag.py
[2026-09-06T07:50:19.508+0000] {logging_mixin.py:188} INFO - [2026-09-06T07:50:19.507+0000] {dag.py:3089} INFO - Sync 1 DAGs
[2026-09-06T07:50:19.648+0000] {logging_mixin.py:188} INFO - [2026-09-06T07:50:19.648+0000] {dag.py:3947} INFO - Setting next_dagrun for netflix_etl_pipeline to 2026-09-05 00:00:00+00:00, run_after=2026-09-06 00:00:00+00:00
[2026-09-06T07:50:19.891+0000] {processor.py:183} INFO - Processing /opt/airflow/dags/netflix_dag.py took 0.535 seconds
[2026-09-06T07:50:51.074+0000] {processor.py:161} INFO - Started process (PID=7037) to work on /opt/airflow/dags/netflix_dag.py
[2026-09-06T07:50:51.079+0000] {processor.py:830} INFO - Processing file /opt/airflow/dags/netflix_dag.py for tasks to queue
[2026-09-06T07:50:51.086+0000] {logging_mixin.py:188} INFO - [2026-09-06T07:50:51.085+0000] {dagbag.py:545} INFO - Filling up the DagBag from /opt/airflow/dags/netflix_dag.py
[2026-09-06T07:50:51.137+0000] {processor.py:840} INFO - DAG(s) 'netflix_etl_pipeline' retrieved from /opt/airflow/dags/netflix_dag.py
[2026-09-06T07:50:51.212+0000] {logging_mixin.py:188} INFO - [2026-09-06T07:50:51.211+0000] {dag.py:3089} INFO - Sync 1 DAGs
[2026-09-06T07:50:51.439+0000] {logging_mixin.py:188} INFO - [2026-09-06T07:50:51.439+0000] {dag.py:3947} INFO - Setting next_dagrun for netflix_etl_pipeline to 2026-09-05 00:00:00+00:00, run_after=2026-09-06 00:00:00+00:00
[2026-09-06T07:50:51.702+0000] {processor.py:183} INFO - Processing /opt/airflow/dags/netflix_dag.py took 0.651 seconds
[2026-09-06T07:51:22.652+0000] {processor.py:161} INFO - Started process (PID=7048) to work on /opt/airflow/dags/netflix_dag.py
[2026-09-06T07:51:22.655+0000] {processor.py:830} INFO - Processing file /opt/airflow/dags/netflix_dag.py for tasks to queue
[2026-09-06T07:51:22.661+0000] {logging_mixin.py:188} INFO - [2026-09-06T07:51:22.660+0000] {dagbag.py:545} INFO - Filling up the DagBag from /opt/airflow/dags/netflix_dag.py
[2026-09-06T07:51:22.714+0000] {processor.py:840} INFO - DAG(s) 'netflix_etl_pipeline' retrieved from /opt/airflow/dags/netflix_dag.py
[2026-09-06T07:51:22.788+0000] {logging_mixin.py:188} INFO - [2026-09-06T07:51:22.787+0000] {dag.py:3089} INFO - Sync 1 DAGs
[2026-09-06T07:51:22.838+0000] {logging_mixin.py:188} INFO - [2026-09-06T07:51:22.837+0000] {dag.py:3947} INFO - Setting next_dagrun for netflix_etl_pipeline to 2026-09-05 00:00:00+00:00, run_after=2026-09-06 00:00:00+00:00
[2026-09-06T07:51:22.877+0000] {processor.py:183} INFO - Processing /opt/airflow/dags/netflix_dag.py took 0.240 seconds
[2026-09-06T07:51:54.525+0000] {processor.py:161} INFO - Started process (PID=7060) to work on /opt/airflow/dags/netflix_dag.py
[2026-09-06T07:51:54.530+0000] {processor.py:830} INFO - Processing file /opt/airflow/dags/netflix_dag.py for tasks to queue
[2026-09-06T07:51:54.537+0000] {logging_mixin.py:188} INFO - [2026-09-06T07:51:54.536+0000] {dagbag.py:545} INFO - Filling up the DagBag from /opt/airflow/dags/netflix_dag.py
[2026-09-06T07:51:54.621+0000] {processor.py:840} INFO - DAG(s) 'netflix_etl_pipeline' retrieved from /opt/airflow/dags/netflix_dag.py
[2026-09-06T07:51:54.714+0000] {logging_mixin.py:188} INFO - [2026-09-06T07:51:54.713+0000] {dag.py:3089} INFO - Sync 1 DAGs
[2026-09-06T07:51:54.771+0000] {logging_mixin.py:188} INFO - [2026-09-06T07:51:54.770+0000] {dag.py:3947} INFO - Setting next_dagrun for netflix_etl_pipeline to 2026-09-05 00:00:00+00:00, run_after=2026-09-06 00:00:00+00:00
[2026-09-06T07:51:54.841+0000] {processor.py:183} INFO - Processing /opt/airflow/dags/netflix_dag.py took 0.350 seconds
[2026-09-06T07:52:26.202+0000] {processor.py:161} INFO - Started process (PID=7071) to work on /opt/airflow/dags/netflix_dag.py
[2026-09-06T07:52:26.205+0000] {processor.py:830} INFO - Processing file /opt/airflow/dags/netflix_dag.py for tasks to queue
[2026-09-06T07:52:26.211+0000] {logging_mixin.py:188} INFO - [2026-09-06T07:52:26.210+0000] {dagbag.py:545} INFO - Filling up the DagBag from /opt/airflow/dags/netflix_dag.py
[2026-09-06T07:52:26.257+0000] {processor.py:840} INFO - DAG(s) 'netflix_etl_pipeline' retrieved from /opt/airflow/dags/netflix_dag.py
[2026-09-06T07:52:26.327+0000] {logging_mixin.py:188} INFO - [2026-09-06T07:52:26.326+0000] {dag.py:3089} INFO - Sync 1 DAGs
[2026-09-06T07:52:26.398+0000] {logging_mixin.py:188} INFO - [2026-09-06T07:52:26.397+0000] {dag.py:3947} INFO - Setting next_dagrun for netflix_etl_pipeline to 2026-09-05 00:00:00+00:00, run_after=2026-09-06 00:00:00+00:00
[2026-09-06T07:52:26.552+0000] {processor.py:183} INFO - Processing /opt/airflow/dags/netflix_dag.py took 0.370 seconds
[2026-09-06T07:52:57.649+0000] {processor.py:161} INFO - Started process (PID=7082) to work on /opt/airflow/dags/netflix_dag.py
[2026-09-06T07:52:57.654+0000] {processor.py:830} INFO - Processing file /opt/airflow/dags/netflix_dag.py for tasks to queue
[2026-09-06T07:52:57.661+0000] {logging_mixin.py:188} INFO - [2026-09-06T07:52:57.660+0000] {dagbag.py:545} INFO - Filling up the DagBag from /opt/airflow/dags/netflix_dag.py
[2026-09-06T07:52:57.725+0000] {processor.py:840} INFO - DAG(s) 'netflix_etl_pipeline' retrieved from /opt/airflow/dags/netflix_dag.py
[2026-09-06T07:52:57.811+0000] {logging_mixin.py:188} INFO - [2026-09-06T07:52:57.810+0000] {dag.py:3089} INFO - Sync 1 DAGs
[2026-09-06T07:52:57.980+0000] {logging_mixin.py:188} INFO - [2026-09-06T07:52:57.980+0000] {dag.py:3947} INFO - Setting next_dagrun for netflix_etl_pipeline to 2026-09-05 00:00:00+00:00, run_after=2026-09-06 00:00:00+00:00
[2026-09-06T07:52:58.241+0000] {processor.py:183} INFO - Processing /opt/airflow/dags/netflix_dag.py took 0.616 seconds
[2026-09-06T07:53:29.221+0000] {processor.py:161} INFO - Started process (PID=7093) to work on /opt/airflow/dags/netflix_dag.py
[2026-09-06T07:53:29.223+0000] {processor.py:830} INFO - Processing file /opt/airflow/dags/netflix_dag.py for tasks to queue
[2026-09-06T07:53:29.227+0000] {logging_mixin.py:188} INFO - [2026-09-06T07:53:29.227+0000] {dagbag.py:545} INFO - Filling up the DagBag from /opt/airflow/dags/netflix_dag.py
[2026-09-06T07:53:29.271+0000] {processor.py:840} INFO - DAG(s) 'netflix_etl_pipeline' retrieved from /opt/airflow/dags/netflix_dag.py
[2026-09-06T07:53:29.356+0000] {logging_mixin.py:188} INFO - [2026-09-06T07:53:29.355+0000] {dag.py:3089} INFO - Sync 1 DAGs
[2026-09-06T07:53:29.424+0000] {logging_mixin.py:188} INFO - [2026-09-06T07:53:29.424+0000] {dag.py:3947} INFO - Setting next_dagrun for netflix_etl_pipeline to 2026-09-05 00:00:00+00:00, run_after=2026-09-06 00:00:00+00:00
[2026-09-06T07:53:29.629+0000] {processor.py:183} INFO - Processing /opt/airflow/dags/netflix_dag.py took 0.426 seconds
[2026-09-06T07:54:01.289+0000] {processor.py:161} INFO - Started process (PID=7110) to work on /opt/airflow/dags/netflix_dag.py
[2026-09-06T07:54:01.325+0000] {processor.py:830} INFO - Processing file /opt/airflow/dags/netflix_dag.py for tasks to queue
[2026-09-06T07:54:01.397+0000] {logging_mixin.py:188} INFO - [2026-09-06T07:54:01.395+0000] {dagbag.py:545} INFO - Filling up the DagBag from /opt/airflow/dags/netflix_dag.py
[2026-09-06T07:54:01.944+0000] {processor.py:840} INFO - DAG(s) 'netflix_etl_pipeline' retrieved from /opt/airflow/dags/netflix_dag.py
[2026-09-06T07:54:02.105+0000] {logging_mixin.py:188} INFO - [2026-09-06T07:54:02.105+0000] {dag.py:3089} INFO - Sync 1 DAGs
[2026-09-06T07:54:02.353+0000] {logging_mixin.py:188} INFO - [2026-09-06T07:54:02.353+0000] {dag.py:3947} INFO - Setting next_dagrun for netflix_etl_pipeline to 2026-09-05 00:00:00+00:00, run_after=2026-09-06 00:00:00+00:00
[2026-09-06T07:54:02.609+0000] {processor.py:183} INFO - Processing /opt/airflow/dags/netflix_dag.py took 1.358 seconds
[2026-09-06T07:54:33.209+0000] {processor.py:161} INFO - Started process (PID=7121) to work on /opt/airflow/dags/netflix_dag.py
[2026-09-06T07:54:33.212+0000] {processor.py:830} INFO - Processing file /opt/airflow/dags/netflix_dag.py for tasks to queue
[2026-09-06T07:54:33.218+0000] {logging_mixin.py:188} INFO - [2026-09-06T07:54:33.217+0000] {dagbag.py:545} INFO - Filling up the DagBag from /opt/airflow/dags/netflix_dag.py
[2026-09-06T07:54:33.264+0000] {processor.py:840} INFO - DAG(s) 'netflix_etl_pipeline' retrieved from /opt/airflow/dags/netflix_dag.py
[2026-09-06T07:54:33.346+0000] {logging_mixin.py:188} INFO - [2026-09-06T07:54:33.346+0000] {dag.py:3089} INFO - Sync 1 DAGs
[2026-09-06T07:54:33.403+0000] {logging_mixin.py:188} INFO - [2026-09-06T07:54:33.403+0000] {dag.py:3947} INFO - Setting next_dagrun for netflix_etl_pipeline to 2026-09-05 00:00:00+00:00, run_after=2026-09-06 00:00:00+00:00
[2026-09-06T07:54:33.449+0000] {processor.py:183} INFO - Processing /opt/airflow/dags/netflix_dag.py took 0.253 seconds
[2026-09-06T07:55:04.273+0000] {processor.py:161} INFO - Started process (PID=7132) to work on /opt/airflow/dags/netflix_dag.py
[2026-09-06T07:55:04.277+0000] {processor.py:830} INFO - Processing file /opt/airflow/dags/netflix_dag.py for tasks to queue
[2026-09-06T07:55:04.282+0000] {logging_mixin.py:188} INFO - [2026-09-06T07:55:04.282+0000] {dagbag.py:545} INFO - Filling up the DagBag from /opt/airflow/dags/netflix_dag.py
[2026-09-06T07:55:04.333+0000] {processor.py:840} INFO - DAG(s) 'netflix_etl_pipeline' retrieved from /opt/airflow/dags/netflix_dag.py
[2026-09-06T07:55:04.500+0000] {logging_mixin.py:188} INFO - [2026-09-06T07:55:04.499+0000] {dag.py:3089} INFO - Sync 1 DAGs
[2026-09-06T07:55:04.663+0000] {logging_mixin.py:188} INFO - [2026-09-06T07:55:04.662+0000] {dag.py:3947} INFO - Setting next_dagrun for netflix_etl_pipeline to 2026-09-05 00:00:00+00:00, run_after=2026-09-06 00:00:00+00:00
[2026-09-06T07:55:04.854+0000] {processor.py:183} INFO - Processing /opt/airflow/dags/netflix_dag.py took 0.590 seconds
[2026-09-06T07:55:35.377+0000] {processor.py:161} INFO - Started process (PID=7143) to work on /opt/airflow/dags/netflix_dag.py
[2026-09-06T07:55:35.380+0000] {processor.py:830} INFO - Processing file /opt/airflow/dags/netflix_dag.py for tasks to queue
[2026-09-06T07:55:35.386+0000] {logging_mixin.py:188} INFO - [2026-09-06T07:55:35.385+0000] {dagbag.py:545} INFO - Filling up the DagBag from /opt/airflow/dags/netflix_dag.py
[2026-09-06T07:55:35.429+0000] {processor.py:840} INFO - DAG(s) 'netflix_etl_pipeline' retrieved from /opt/airflow/dags/netflix_dag.py
[2026-09-06T07:55:35.524+0000] {logging_mixin.py:188} INFO - [2026-09-06T07:55:35.524+0000] {dag.py:3089} INFO - Sync 1 DAGs
[2026-09-06T07:55:35.739+0000] {logging_mixin.py:188} INFO - [2026-09-06T07:55:35.738+0000] {dag.py:3947} INFO - Setting next_dagrun for netflix_etl_pipeline to 2026-09-05 00:00:00+00:00, run_after=2026-09-06 00:00:00+00:00
[2026-09-06T07:55:35.901+0000] {processor.py:183} INFO - Processing /opt/airflow/dags/netflix_dag.py took 0.538 seconds
[2026-09-06T07:56:08.492+0000] {processor.py:161} INFO - Started process (PID=7154) to work on /opt/airflow/dags/netflix_dag.py
[2026-09-06T07:56:08.526+0000] {processor.py:830} INFO - Processing file /opt/airflow/dags/netflix_dag.py for tasks to queue
[2026-09-06T07:56:08.589+0000] {logging_mixin.py:188} INFO - [2026-09-06T07:56:08.588+0000] {dagbag.py:545} INFO - Filling up the DagBag from /opt/airflow/dags/netflix_dag.py
[2026-09-06T07:56:08.915+0000] {processor.py:840} INFO - DAG(s) 'netflix_etl_pipeline' retrieved from /opt/airflow/dags/netflix_dag.py
[2026-09-06T07:56:09.030+0000] {logging_mixin.py:188} INFO - [2026-09-06T07:56:09.029+0000] {dag.py:3089} INFO - Sync 1 DAGs
[2026-09-06T07:56:09.182+0000] {logging_mixin.py:188} INFO - [2026-09-06T07:56:09.181+0000] {dag.py:3947} INFO - Setting next_dagrun for netflix_etl_pipeline to 2026-09-05 00:00:00+00:00, run_after=2026-09-06 00:00:00+00:00
[2026-09-06T07:56:09.393+0000] {processor.py:183} INFO - Processing /opt/airflow/dags/netflix_dag.py took 0.927 seconds
[2026-09-06T07:56:40.590+0000] {processor.py:161} INFO - Started process (PID=7166) to work on /opt/airflow/dags/netflix_dag.py
[2026-09-06T07:56:40.593+0000] {processor.py:830} INFO - Processing file /opt/airflow/dags/netflix_dag.py for tasks to queue
[2026-09-06T07:56:40.599+0000] {logging_mixin.py:188} INFO - [2026-09-06T07:56:40.598+0000] {dagbag.py:545} INFO - Filling up the DagBag from /opt/airflow/dags/netflix_dag.py
[2026-09-06T07:56:40.647+0000] {processor.py:840} INFO - DAG(s) 'netflix_etl_pipeline' retrieved from /opt/airflow/dags/netflix_dag.py
[2026-09-06T07:56:40.737+0000] {logging_mixin.py:188} INFO - [2026-09-06T07:56:40.736+0000] {dag.py:3089} INFO - Sync 1 DAGs
[2026-09-06T07:56:40.846+0000] {logging_mixin.py:188} INFO - [2026-09-06T07:56:40.845+0000] {dag.py:3947} INFO - Setting next_dagrun for netflix_etl_pipeline to 2026-09-05 00:00:00+00:00, run_after=2026-09-06 00:00:00+00:00
[2026-09-06T07:56:41.138+0000] {processor.py:183} INFO - Processing /opt/airflow/dags/netflix_dag.py took 0.567 seconds
[2026-09-06T07:57:12.397+0000] {processor.py:161} INFO - Started process (PID=7177) to work on /opt/airflow/dags/netflix_dag.py
[2026-09-06T07:57:12.442+0000] {processor.py:830} INFO - Processing file /opt/airflow/dags/netflix_dag.py for tasks to queue
[2026-09-06T07:57:12.465+0000] {logging_mixin.py:188} INFO - [2026-09-06T07:57:12.464+0000] {dagbag.py:545} INFO - Filling up the DagBag from /opt/airflow/dags/netflix_dag.py
[2026-09-06T07:57:12.805+0000] {processor.py:840} INFO - DAG(s) 'netflix_etl_pipeline' retrieved from /opt/airflow/dags/netflix_dag.py
[2026-09-06T07:57:12.898+0000] {logging_mixin.py:188} INFO - [2026-09-06T07:57:12.898+0000] {dag.py:3089} INFO - Sync 1 DAGs
[2026-09-06T07:57:13.035+0000] {logging_mixin.py:188} INFO - [2026-09-06T07:57:13.034+0000] {dag.py:3947} INFO - Setting next_dagrun for netflix_etl_pipeline to 2026-09-05 00:00:00+00:00, run_after=2026-09-06 00:00:00+00:00
[2026-09-06T07:57:13.242+0000] {processor.py:183} INFO - Processing /opt/airflow/dags/netflix_dag.py took 0.888 seconds
[2026-09-06T07:57:43.938+0000] {processor.py:161} INFO - Started process (PID=7188) to work on /opt/airflow/dags/netflix_dag.py
[2026-09-06T07:57:43.941+0000] {processor.py:830} INFO - Processing file /opt/airflow/dags/netflix_dag.py for tasks to queue
[2026-09-06T07:57:43.948+0000] {logging_mixin.py:188} INFO - [2026-09-06T07:57:43.947+0000] {dagbag.py:545} INFO - Filling up the DagBag from /opt/airflow/dags/netflix_dag.py
[2026-09-06T07:57:43.993+0000] {processor.py:840} INFO - DAG(s) 'netflix_etl_pipeline' retrieved from /opt/airflow/dags/netflix_dag.py
[2026-09-06T07:57:44.071+0000] {logging_mixin.py:188} INFO - [2026-09-06T07:57:44.070+0000] {dag.py:3089} INFO - Sync 1 DAGs
[2026-09-06T07:57:44.122+0000] {logging_mixin.py:188} INFO - [2026-09-06T07:57:44.121+0000] {dag.py:3947} INFO - Setting next_dagrun for netflix_etl_pipeline to 2026-09-05 00:00:00+00:00, run_after=2026-09-06 00:00:00+00:00
[2026-09-06T07:57:44.165+0000] {processor.py:183} INFO - Processing /opt/airflow/dags/netflix_dag.py took 0.246 seconds
[2026-09-06T07:58:15.279+0000] {processor.py:161} INFO - Started process (PID=7200) to work on /opt/airflow/dags/netflix_dag.py
[2026-09-06T07:58:15.319+0000] {processor.py:830} INFO - Processing file /opt/airflow/dags/netflix_dag.py for tasks to queue
[2026-09-06T07:58:15.326+0000] {logging_mixin.py:188} INFO - [2026-09-06T07:58:15.325+0000] {dagbag.py:545} INFO - Filling up the DagBag from /opt/airflow/dags/netflix_dag.py
[2026-09-06T07:58:15.377+0000] {processor.py:840} INFO - DAG(s) 'netflix_etl_pipeline' retrieved from /opt/airflow/dags/netflix_dag.py
[2026-09-06T07:58:15.489+0000] {logging_mixin.py:188} INFO - [2026-09-06T07:58:15.489+0000] {dag.py:3089} INFO - Sync 1 DAGs
[2026-09-06T07:58:15.623+0000] {logging_mixin.py:188} INFO - [2026-09-06T07:58:15.623+0000] {dag.py:3947} INFO - Setting next_dagrun for netflix_etl_pipeline to 2026-09-05 00:00:00+00:00, run_after=2026-09-06 00:00:00+00:00
[2026-09-06T07:58:15.839+0000] {processor.py:183} INFO - Processing /opt/airflow/dags/netflix_dag.py took 0.608 seconds
[2026-09-06T07:58:47.426+0000] {processor.py:161} INFO - Started process (PID=7211) to work on /opt/airflow/dags/netflix_dag.py
[2026-09-06T07:58:47.430+0000] {processor.py:830} INFO - Processing file /opt/airflow/dags/netflix_dag.py for tasks to queue
[2026-09-06T07:58:47.437+0000] {logging_mixin.py:188} INFO - [2026-09-06T07:58:47.436+0000] {dagbag.py:545} INFO - Filling up the DagBag from /opt/airflow/dags/netflix_dag.py
[2026-09-06T07:58:47.481+0000] {processor.py:840} INFO - DAG(s) 'netflix_etl_pipeline' retrieved from /opt/airflow/dags/netflix_dag.py
[2026-09-06T07:58:47.567+0000] {logging_mixin.py:188} INFO - [2026-09-06T07:58:47.567+0000] {dag.py:3089} INFO - Sync 1 DAGs
[2026-09-06T07:58:47.695+0000] {logging_mixin.py:188} INFO - [2026-09-06T07:58:47.695+0000] {dag.py:3947} INFO - Setting next_dagrun for netflix_etl_pipeline to 2026-09-05 00:00:00+00:00, run_after=2026-09-06 00:00:00+00:00
[2026-09-06T07:58:47.901+0000] {processor.py:183} INFO - Processing /opt/airflow/dags/netflix_dag.py took 0.499 seconds
[2026-09-06T07:59:19.854+0000] {processor.py:161} INFO - Started process (PID=7222) to work on /opt/airflow/dags/netflix_dag.py
[2026-09-06T07:59:19.864+0000] {processor.py:830} INFO - Processing file /opt/airflow/dags/netflix_dag.py for tasks to queue
[2026-09-06T07:59:19.877+0000] {logging_mixin.py:188} INFO - [2026-09-06T07:59:19.876+0000] {dagbag.py:545} INFO - Filling up the DagBag from /opt/airflow/dags/netflix_dag.py
[2026-09-06T07:59:19.960+0000] {processor.py:840} INFO - DAG(s) 'netflix_etl_pipeline' retrieved from /opt/airflow/dags/netflix_dag.py
[2026-09-06T07:59:20.077+0000] {logging_mixin.py:188} INFO - [2026-09-06T07:59:20.076+0000] {dag.py:3089} INFO - Sync 1 DAGs
[2026-09-06T07:59:20.133+0000] {logging_mixin.py:188} INFO - [2026-09-06T07:59:20.132+0000] {dag.py:3947} INFO - Setting next_dagrun for netflix_etl_pipeline to 2026-09-05 00:00:00+00:00, run_after=2026-09-06 00:00:00+00:00
[2026-09-06T07:59:20.198+0000] {processor.py:183} INFO - Processing /opt/airflow/dags/netflix_dag.py took 0.371 seconds
[2026-09-06T07:59:51.214+0000] {processor.py:161} INFO - Started process (PID=7233) to work on /opt/airflow/dags/netflix_dag.py
[2026-09-06T07:59:51.218+0000] {processor.py:830} INFO - Processing file /opt/airflow/dags/netflix_dag.py for tasks to queue
[2026-09-06T07:59:51.228+0000] {logging_mixin.py:188} INFO - [2026-09-06T07:59:51.227+0000] {dagbag.py:545} INFO - Filling up the DagBag from /opt/airflow/dags/netflix_dag.py
[2026-09-06T07:59:51.286+0000] {processor.py:840} INFO - DAG(s) 'netflix_etl_pipeline' retrieved from /opt/airflow/dags/netflix_dag.py
[2026-09-06T07:59:51.374+0000] {logging_mixin.py:188} INFO - [2026-09-06T07:59:51.374+0000] {dag.py:3089} INFO - Sync 1 DAGs
[2026-09-06T07:59:51.596+0000] {logging_mixin.py:188} INFO - [2026-09-06T07:59:51.585+0000] {dag.py:3947} INFO - Setting next_dagrun for netflix_etl_pipeline to 2026-09-05 00:00:00+00:00, run_after=2026-09-06 00:00:00+00:00
[2026-09-06T07:59:51.796+0000] {processor.py:183} INFO - Processing /opt/airflow/dags/netflix_dag.py took 0.604 seconds
[2026-09-06T08:00:22.713+0000] {processor.py:161} INFO - Started process (PID=7244) to work on /opt/airflow/dags/netflix_dag.py
[2026-09-06T08:00:22.717+0000] {processor.py:830} INFO - Processing file /opt/airflow/dags/netflix_dag.py for tasks to queue
[2026-09-06T08:00:22.724+0000] {logging_mixin.py:188} INFO - [2026-09-06T08:00:22.723+0000] {dagbag.py:545} INFO - Filling up the DagBag from /opt/airflow/dags/netflix_dag.py
[2026-09-06T08:00:22.779+0000] {processor.py:840} INFO - DAG(s) 'netflix_etl_pipeline' retrieved from /opt/airflow/dags/netflix_dag.py
[2026-09-06T08:00:22.923+0000] {logging_mixin.py:188} INFO - [2026-09-06T08:00:22.923+0000] {dag.py:3089} INFO - Sync 1 DAGs
[2026-09-06T08:00:23.132+0000] {logging_mixin.py:188} INFO - [2026-09-06T08:00:23.132+0000] {dag.py:3947} INFO - Setting next_dagrun for netflix_etl_pipeline to 2026-09-05 00:00:00+00:00, run_after=2026-09-06 00:00:00+00:00
[2026-09-06T08:00:23.328+0000] {processor.py:183} INFO - Processing /opt/airflow/dags/netflix_dag.py took 0.633 seconds
[2026-09-06T08:00:54.057+0000] {processor.py:161} INFO - Started process (PID=7255) to work on /opt/airflow/dags/netflix_dag.py
[2026-09-06T08:00:54.060+0000] {processor.py:830} INFO - Processing file /opt/airflow/dags/netflix_dag.py for tasks to queue
[2026-09-06T08:00:54.067+0000] {logging_mixin.py:188} INFO - [2026-09-06T08:00:54.066+0000] {dagbag.py:545} INFO - Filling up the DagBag from /opt/airflow/dags/netflix_dag.py
[2026-09-06T08:00:54.134+0000] {processor.py:840} INFO - DAG(s) 'netflix_etl_pipeline' retrieved from /opt/airflow/dags/netflix_dag.py
[2026-09-06T08:00:54.230+0000] {logging_mixin.py:188} INFO - [2026-09-06T08:00:54.229+0000] {dag.py:3089} INFO - Sync 1 DAGs
[2026-09-06T08:00:54.294+0000] {logging_mixin.py:188} INFO - [2026-09-06T08:00:54.294+0000] {dag.py:3947} INFO - Setting next_dagrun for netflix_etl_pipeline to 2026-09-05 00:00:00+00:00, run_after=2026-09-06 00:00:00+00:00
[2026-09-06T08:00:54.334+0000] {processor.py:183} INFO - Processing /opt/airflow/dags/netflix_dag.py took 0.292 seconds
[2026-09-06T08:01:25.744+0000] {processor.py:161} INFO - Started process (PID=7266) to work on /opt/airflow/dags/netflix_dag.py
[2026-09-06T08:01:25.775+0000] {processor.py:830} INFO - Processing file /opt/airflow/dags/netflix_dag.py for tasks to queue
[2026-09-06T08:01:25.815+0000] {logging_mixin.py:188} INFO - [2026-09-06T08:01:25.813+0000] {dagbag.py:545} INFO - Filling up the DagBag from /opt/airflow/dags/netflix_dag.py
[2026-09-06T08:01:26.126+0000] {processor.py:840} INFO - DAG(s) 'netflix_etl_pipeline' retrieved from /opt/airflow/dags/netflix_dag.py
[2026-09-06T08:01:26.222+0000] {logging_mixin.py:188} INFO - [2026-09-06T08:01:26.221+0000] {dag.py:3089} INFO - Sync 1 DAGs
[2026-09-06T08:01:26.283+0000] {logging_mixin.py:188} INFO - [2026-09-06T08:01:26.282+0000] {dag.py:3947} INFO - Setting next_dagrun for netflix_etl_pipeline to 2026-09-05 00:00:00+00:00, run_after=2026-09-06 00:00:00+00:00
[2026-09-06T08:01:26.391+0000] {processor.py:183} INFO - Processing /opt/airflow/dags/netflix_dag.py took 0.686 seconds
[2026-09-06T08:01:56.552+0000] {processor.py:161} INFO - Started process (PID=7277) to work on /opt/airflow/dags/netflix_dag.py
[2026-09-06T08:01:58.645+0000] {processor.py:830} INFO - Processing file /opt/airflow/dags/netflix_dag.py for tasks to queue
[2026-09-06T08:01:58.682+0000] {logging_mixin.py:188} INFO - [2026-09-06T08:01:58.681+0000] {dagbag.py:545} INFO - Filling up the DagBag from /opt/airflow/dags/netflix_dag.py
[2026-09-06T08:01:59.502+0000] {processor.py:840} INFO - DAG(s) 'netflix_etl_pipeline' retrieved from /opt/airflow/dags/netflix_dag.py
[2026-09-06T08:01:59.669+0000] {logging_mixin.py:188} INFO - [2026-09-06T08:01:59.669+0000] {dag.py:3089} INFO - Sync 1 DAGs
[2026-09-06T08:01:59.724+0000] {logging_mixin.py:188} INFO - [2026-09-06T08:01:59.723+0000] {dag.py:3947} INFO - Setting next_dagrun for netflix_etl_pipeline to 2026-09-05 00:00:00+00:00, run_after=2026-09-06 00:00:00+00:00
[2026-09-06T08:01:59.772+0000] {processor.py:183} INFO - Processing /opt/airflow/dags/netflix_dag.py took 3.236 seconds
[2026-09-06T08:02:31.180+0000] {processor.py:161} INFO - Started process (PID=7288) to work on /opt/airflow/dags/netflix_dag.py
[2026-09-06T08:02:31.184+0000] {processor.py:830} INFO - Processing file /opt/airflow/dags/netflix_dag.py for tasks to queue
[2026-09-06T08:02:31.192+0000] {logging_mixin.py:188} INFO - [2026-09-06T08:02:31.191+0000] {dagbag.py:545} INFO - Filling up the DagBag from /opt/airflow/dags/netflix_dag.py
[2026-09-06T08:02:31.235+0000] {processor.py:840} INFO - DAG(s) 'netflix_etl_pipeline' retrieved from /opt/airflow/dags/netflix_dag.py
[2026-09-06T08:02:31.324+0000] {logging_mixin.py:188} INFO - [2026-09-06T08:02:31.323+0000] {dag.py:3089} INFO - Sync 1 DAGs
[2026-09-06T08:02:31.543+0000] {logging_mixin.py:188} INFO - [2026-09-06T08:02:31.532+0000] {dag.py:3947} INFO - Setting next_dagrun for netflix_etl_pipeline to 2026-09-05 00:00:00+00:00, run_after=2026-09-06 00:00:00+00:00
[2026-09-06T08:02:31.798+0000] {processor.py:183} INFO - Processing /opt/airflow/dags/netflix_dag.py took 0.637 seconds
[2026-09-06T08:03:03.660+0000] {processor.py:161} INFO - Started process (PID=7299) to work on /opt/airflow/dags/netflix_dag.py
[2026-09-06T08:03:03.672+0000] {processor.py:830} INFO - Processing file /opt/airflow/dags/netflix_dag.py for tasks to queue
[2026-09-06T08:03:03.696+0000] {logging_mixin.py:188} INFO - [2026-09-06T08:03:03.695+0000] {dagbag.py:545} INFO - Filling up the DagBag from /opt/airflow/dags/netflix_dag.py
[2026-09-06T08:03:03.802+0000] {processor.py:840} INFO - DAG(s) 'netflix_etl_pipeline' retrieved from /opt/airflow/dags/netflix_dag.py
[2026-09-06T08:03:03.927+0000] {logging_mixin.py:188} INFO - [2026-09-06T08:03:03.926+0000] {dag.py:3089} INFO - Sync 1 DAGs
[2026-09-06T08:03:04.105+0000] {logging_mixin.py:188} INFO - [2026-09-06T08:03:04.104+0000] {dag.py:3947} INFO - Setting next_dagrun for netflix_etl_pipeline to 2026-09-05 00:00:00+00:00, run_after=2026-09-06 00:00:00+00:00
[2026-09-06T08:03:04.405+0000] {processor.py:183} INFO - Processing /opt/airflow/dags/netflix_dag.py took 0.786 seconds
[2026-09-06T08:03:34.994+0000] {processor.py:161} INFO - Started process (PID=7310) to work on /opt/airflow/dags/netflix_dag.py
[2026-09-06T08:03:34.997+0000] {processor.py:830} INFO - Processing file /opt/airflow/dags/netflix_dag.py for tasks to queue
[2026-09-06T08:03:35.003+0000] {logging_mixin.py:188} INFO - [2026-09-06T08:03:35.003+0000] {dagbag.py:545} INFO - Filling up the DagBag from /opt/airflow/dags/netflix_dag.py
[2026-09-06T08:03:35.046+0000] {processor.py:840} INFO - DAG(s) 'netflix_etl_pipeline' retrieved from /opt/airflow/dags/netflix_dag.py
[2026-09-06T08:03:35.121+0000] {logging_mixin.py:188} INFO - [2026-09-06T08:03:35.120+0000] {dag.py:3089} INFO - Sync 1 DAGs
[2026-09-06T08:03:35.258+0000] {logging_mixin.py:188} INFO - [2026-09-06T08:03:35.248+0000] {dag.py:3947} INFO - Setting next_dagrun for netflix_etl_pipeline to 2026-09-05 00:00:00+00:00, run_after=2026-09-06 00:00:00+00:00
[2026-09-06T08:03:35.478+0000] {processor.py:183} INFO - Processing /opt/airflow/dags/netflix_dag.py took 0.501 seconds
[2026-09-06T08:04:06.625+0000] {processor.py:161} INFO - Started process (PID=7327) to work on /opt/airflow/dags/netflix_dag.py
[2026-09-06T08:04:06.628+0000] {processor.py:830} INFO - Processing file /opt/airflow/dags/netflix_dag.py for tasks to queue
[2026-09-06T08:04:06.637+0000] {logging_mixin.py:188} INFO - [2026-09-06T08:04:06.636+0000] {dagbag.py:545} INFO - Filling up the DagBag from /opt/airflow/dags/netflix_dag.py
[2026-09-06T08:04:06.690+0000] {processor.py:840} INFO - DAG(s) 'netflix_etl_pipeline' retrieved from /opt/airflow/dags/netflix_dag.py
[2026-09-06T08:04:06.763+0000] {logging_mixin.py:188} INFO - [2026-09-06T08:04:06.763+0000] {dag.py:3089} INFO - Sync 1 DAGs
[2026-09-06T08:04:06.817+0000] {logging_mixin.py:188} INFO - [2026-09-06T08:04:06.816+0000] {dag.py:3947} INFO - Setting next_dagrun for netflix_etl_pipeline to 2026-09-05 00:00:00+00:00, run_after=2026-09-06 00:00:00+00:00
[2026-09-06T08:04:06.863+0000] {processor.py:183} INFO - Processing /opt/airflow/dags/netflix_dag.py took 0.254 seconds
[2026-09-06T08:04:38.531+0000] {processor.py:161} INFO - Started process (PID=7338) to work on /opt/airflow/dags/netflix_dag.py
[2026-09-06T08:04:38.558+0000] {processor.py:830} INFO - Processing file /opt/airflow/dags/netflix_dag.py for tasks to queue
[2026-09-06T08:04:38.630+0000] {logging_mixin.py:188} INFO - [2026-09-06T08:04:38.628+0000] {dagbag.py:545} INFO - Filling up the DagBag from /opt/airflow/dags/netflix_dag.py
[2026-09-06T08:04:39.048+0000] {processor.py:840} INFO - DAG(s) 'netflix_etl_pipeline' retrieved from /opt/airflow/dags/netflix_dag.py
[2026-09-06T08:04:39.134+0000] {logging_mixin.py:188} INFO - [2026-09-06T08:04:39.133+0000] {dag.py:3089} INFO - Sync 1 DAGs
[2026-09-06T08:04:39.252+0000] {logging_mixin.py:188} INFO - [2026-09-06T08:04:39.252+0000] {dag.py:3947} INFO - Setting next_dagrun for netflix_etl_pipeline to 2026-09-05 00:00:00+00:00, run_after=2026-09-06 00:00:00+00:00
[2026-09-06T08:04:39.419+0000] {processor.py:183} INFO - Processing /opt/airflow/dags/netflix_dag.py took 0.926 seconds
[2026-09-06T08:05:10.747+0000] {processor.py:161} INFO - Started process (PID=7349) to work on /opt/airflow/dags/netflix_dag.py
[2026-09-06T08:05:10.780+0000] {processor.py:830} INFO - Processing file /opt/airflow/dags/netflix_dag.py for tasks to queue
[2026-09-06T08:05:10.822+0000] {logging_mixin.py:188} INFO - [2026-09-06T08:05:10.821+0000] {dagbag.py:545} INFO - Filling up the DagBag from /opt/airflow/dags/netflix_dag.py
[2026-09-06T08:05:11.587+0000] {processor.py:840} INFO - DAG(s) 'netflix_etl_pipeline' retrieved from /opt/airflow/dags/netflix_dag.py
[2026-09-06T08:05:11.689+0000] {logging_mixin.py:188} INFO - [2026-09-06T08:05:11.689+0000] {dag.py:3089} INFO - Sync 1 DAGs
[2026-09-06T08:05:11.753+0000] {logging_mixin.py:188} INFO - [2026-09-06T08:05:11.753+0000] {dag.py:3947} INFO - Setting next_dagrun for netflix_etl_pipeline to 2026-09-05 00:00:00+00:00, run_after=2026-09-06 00:00:00+00:00
[2026-09-06T08:05:12.004+0000] {processor.py:183} INFO - Processing /opt/airflow/dags/netflix_dag.py took 1.307 seconds
[2026-09-06T08:05:42.598+0000] {processor.py:161} INFO - Started process (PID=7360) to work on /opt/airflow/dags/netflix_dag.py
[2026-09-06T08:05:42.601+0000] {processor.py:830} INFO - Processing file /opt/airflow/dags/netflix_dag.py for tasks to queue
[2026-09-06T08:05:42.608+0000] {logging_mixin.py:188} INFO - [2026-09-06T08:05:42.607+0000] {dagbag.py:545} INFO - Filling up the DagBag from /opt/airflow/dags/netflix_dag.py
[2026-09-06T08:05:43.324+0000] {processor.py:840} INFO - DAG(s) 'netflix_etl_pipeline' retrieved from /opt/airflow/dags/netflix_dag.py
[2026-09-06T08:05:43.611+0000] {logging_mixin.py:188} INFO - [2026-09-06T08:05:43.610+0000] {dag.py:3089} INFO - Sync 1 DAGs
[2026-09-06T08:05:43.819+0000] {logging_mixin.py:188} INFO - [2026-09-06T08:05:43.818+0000] {dag.py:3947} INFO - Setting next_dagrun for netflix_etl_pipeline to 2026-09-05 00:00:00+00:00, run_after=2026-09-06 00:00:00+00:00
[2026-09-06T08:05:44.054+0000] {processor.py:183} INFO - Processing /opt/airflow/dags/netflix_dag.py took 1.475 seconds
[2026-09-06T08:06:14.617+0000] {processor.py:161} INFO - Started process (PID=7371) to work on /opt/airflow/dags/netflix_dag.py
[2026-09-06T08:06:14.621+0000] {processor.py:830} INFO - Processing file /opt/airflow/dags/netflix_dag.py for tasks to queue
[2026-09-06T08:06:14.630+0000] {logging_mixin.py:188} INFO - [2026-09-06T08:06:14.628+0000] {dagbag.py:545} INFO - Filling up the DagBag from /opt/airflow/dags/netflix_dag.py
[2026-09-06T08:06:14.693+0000] {processor.py:840} INFO - DAG(s) 'netflix_etl_pipeline' retrieved from /opt/airflow/dags/netflix_dag.py
[2026-09-06T08:06:14.992+0000] {logging_mixin.py:188} INFO - [2026-09-06T08:06:14.991+0000] {dag.py:3089} INFO - Sync 1 DAGs
[2026-09-06T08:06:15.231+0000] {logging_mixin.py:188} INFO - [2026-09-06T08:06:15.230+0000] {dag.py:3947} INFO - Setting next_dagrun for netflix_etl_pipeline to 2026-09-05 00:00:00+00:00, run_after=2026-09-06 00:00:00+00:00
[2026-09-06T08:06:15.479+0000] {processor.py:183} INFO - Processing /opt/airflow/dags/netflix_dag.py took 0.912 seconds
[2026-09-06T08:06:46.889+0000] {processor.py:161} INFO - Started process (PID=7382) to work on /opt/airflow/dags/netflix_dag.py
[2026-09-06T08:06:46.892+0000] {processor.py:830} INFO - Processing file /opt/airflow/dags/netflix_dag.py for tasks to queue
[2026-09-06T08:06:46.900+0000] {logging_mixin.py:188} INFO - [2026-09-06T08:06:46.899+0000] {dagbag.py:545} INFO - Filling up the DagBag from /opt/airflow/dags/netflix_dag.py
[2026-09-06T08:06:46.977+0000] {processor.py:840} INFO - DAG(s) 'netflix_etl_pipeline' retrieved from /opt/airflow/dags/netflix_dag.py
[2026-09-06T08:06:47.069+0000] {logging_mixin.py:188} INFO - [2026-09-06T08:06:47.068+0000] {dag.py:3089} INFO - Sync 1 DAGs
[2026-09-06T08:06:47.189+0000] {logging_mixin.py:188} INFO - [2026-09-06T08:06:47.188+0000] {dag.py:3947} INFO - Setting next_dagrun for netflix_etl_pipeline to 2026-09-05 00:00:00+00:00, run_after=2026-09-06 00:00:00+00:00
[2026-09-06T08:06:47.376+0000] {processor.py:183} INFO - Processing /opt/airflow/dags/netflix_dag.py took 0.508 seconds
[2026-09-06T08:07:17.979+0000] {processor.py:161} INFO - Started process (PID=7393) to work on /opt/airflow/dags/netflix_dag.py
[2026-09-06T08:07:17.982+0000] {processor.py:830} INFO - Processing file /opt/airflow/dags/netflix_dag.py for tasks to queue
[2026-09-06T08:07:17.987+0000] {logging_mixin.py:188} INFO - [2026-09-06T08:07:17.987+0000] {dagbag.py:545} INFO - Filling up the DagBag from /opt/airflow/dags/netflix_dag.py
[2026-09-06T08:07:18.031+0000] {processor.py:840} INFO - DAG(s) 'netflix_etl_pipeline' retrieved from /opt/airflow/dags/netflix_dag.py
[2026-09-06T08:07:18.105+0000] {logging_mixin.py:188} INFO - [2026-09-06T08:07:18.105+0000] {dag.py:3089} INFO - Sync 1 DAGs
[2026-09-06T08:07:18.153+0000] {logging_mixin.py:188} INFO - [2026-09-06T08:07:18.152+0000] {dag.py:3947} INFO - Setting next_dagrun for netflix_etl_pipeline to 2026-09-05 00:00:00+00:00, run_after=2026-09-06 00:00:00+00:00
[2026-09-06T08:07:18.191+0000] {processor.py:183} INFO - Processing /opt/airflow/dags/netflix_dag.py took 0.224 seconds
[2026-09-06T08:07:49.289+0000] {processor.py:161} INFO - Started process (PID=7404) to work on /opt/airflow/dags/netflix_dag.py
[2026-09-06T08:07:49.347+0000] {processor.py:830} INFO - Processing file /opt/airflow/dags/netflix_dag.py for tasks to queue
[2026-09-06T08:07:49.384+0000] {logging_mixin.py:188} INFO - [2026-09-06T08:07:49.382+0000] {dagbag.py:545} INFO - Filling up the DagBag from /opt/airflow/dags/netflix_dag.py
[2026-09-06T08:07:49.552+0000] {processor.py:840} INFO - DAG(s) 'netflix_etl_pipeline' retrieved from /opt/airflow/dags/netflix_dag.py
[2026-09-06T08:07:49.643+0000] {logging_mixin.py:188} INFO - [2026-09-06T08:07:49.642+0000] {dag.py:3089} INFO - Sync 1 DAGs
[2026-09-06T08:07:49.694+0000] {logging_mixin.py:188} INFO - [2026-09-06T08:07:49.693+0000] {dag.py:3947} INFO - Setting next_dagrun for netflix_etl_pipeline to 2026-09-05 00:00:00+00:00, run_after=2026-09-06 00:00:00+00:00
[2026-09-06T08:07:49.886+0000] {processor.py:183} INFO - Processing /opt/airflow/dags/netflix_dag.py took 0.629 seconds
[2026-09-06T08:08:20.668+0000] {processor.py:161} INFO - Started process (PID=7416) to work on /opt/airflow/dags/netflix_dag.py
[2026-09-06T08:08:20.672+0000] {processor.py:830} INFO - Processing file /opt/airflow/dags/netflix_dag.py for tasks to queue
[2026-09-06T08:08:20.684+0000] {logging_mixin.py:188} INFO - [2026-09-06T08:08:20.682+0000] {dagbag.py:545} INFO - Filling up the DagBag from /opt/airflow/dags/netflix_dag.py
[2026-09-06T08:08:20.754+0000] {processor.py:840} INFO - DAG(s) 'netflix_etl_pipeline' retrieved from /opt/airflow/dags/netflix_dag.py
[2026-09-06T08:08:20.890+0000] {logging_mixin.py:188} INFO - [2026-09-06T08:08:20.889+0000] {dag.py:3089} INFO - Sync 1 DAGs
[2026-09-06T08:08:21.095+0000] {logging_mixin.py:188} INFO - [2026-09-06T08:08:21.085+0000] {dag.py:3947} INFO - Setting next_dagrun for netflix_etl_pipeline to 2026-09-05 00:00:00+00:00, run_after=2026-09-06 00:00:00+00:00
[2026-09-06T08:08:21.344+0000] {processor.py:183} INFO - Processing /opt/airflow/dags/netflix_dag.py took 0.706 seconds
[2026-09-06T08:08:52.671+0000] {processor.py:161} INFO - Started process (PID=7427) to work on /opt/airflow/dags/netflix_dag.py
[2026-09-06T08:08:52.675+0000] {processor.py:830} INFO - Processing file /opt/airflow/dags/netflix_dag.py for tasks to queue
[2026-09-06T08:08:52.695+0000] {logging_mixin.py:188} INFO - [2026-09-06T08:08:52.694+0000] {dagbag.py:545} INFO - Filling up the DagBag from /opt/airflow/dags/netflix_dag.py
[2026-09-06T08:08:52.758+0000] {processor.py:840} INFO - DAG(s) 'netflix_etl_pipeline' retrieved from /opt/airflow/dags/netflix_dag.py
[2026-09-06T08:08:52.841+0000] {logging_mixin.py:188} INFO - [2026-09-06T08:08:52.840+0000] {dag.py:3089} INFO - Sync 1 DAGs
[2026-09-06T08:08:52.944+0000] {logging_mixin.py:188} INFO - [2026-09-06T08:08:52.943+0000] {dag.py:3947} INFO - Setting next_dagrun for netflix_etl_pipeline to 2026-09-05 00:00:00+00:00, run_after=2026-09-06 00:00:00+00:00
[2026-09-06T08:08:53.183+0000] {processor.py:183} INFO - Processing /opt/airflow/dags/netflix_dag.py took 0.532 seconds
[2026-09-06T08:09:23.678+0000] {processor.py:161} INFO - Started process (PID=7438) to work on /opt/airflow/dags/netflix_dag.py
[2026-09-06T08:09:23.682+0000] {processor.py:830} INFO - Processing file /opt/airflow/dags/netflix_dag.py for tasks to queue
[2026-09-06T08:09:23.690+0000] {logging_mixin.py:188} INFO - [2026-09-06T08:09:23.689+0000] {dagbag.py:545} INFO - Filling up the DagBag from /opt/airflow/dags/netflix_dag.py
[2026-09-06T08:09:23.748+0000] {processor.py:840} INFO - DAG(s) 'netflix_etl_pipeline' retrieved from /opt/airflow/dags/netflix_dag.py
[2026-09-06T08:09:23.845+0000] {logging_mixin.py:188} INFO - [2026-09-06T08:09:23.844+0000] {dag.py:3089} INFO - Sync 1 DAGs
[2026-09-06T08:09:24.027+0000] {logging_mixin.py:188} INFO - [2026-09-06T08:09:24.027+0000] {dag.py:3947} INFO - Setting next_dagrun for netflix_etl_pipeline to 2026-09-05 00:00:00+00:00, run_after=2026-09-06 00:00:00+00:00
[2026-09-06T08:09:24.136+0000] {processor.py:183} INFO - Processing /opt/airflow/dags/netflix_dag.py took 0.484 seconds
[2026-09-06T08:09:54.765+0000] {processor.py:161} INFO - Started process (PID=7449) to work on /opt/airflow/dags/netflix_dag.py
[2026-09-06T08:09:54.771+0000] {processor.py:830} INFO - Processing file /opt/airflow/dags/netflix_dag.py for tasks to queue
[2026-09-06T08:09:54.777+0000] {logging_mixin.py:188} INFO - [2026-09-06T08:09:54.776+0000] {dagbag.py:545} INFO - Filling up the DagBag from /opt/airflow/dags/netflix_dag.py
[2026-09-06T08:09:54.830+0000] {processor.py:840} INFO - DAG(s) 'netflix_etl_pipeline' retrieved from /opt/airflow/dags/netflix_dag.py
[2026-09-06T08:09:54.906+0000] {logging_mixin.py:188} INFO - [2026-09-06T08:09:54.905+0000] {dag.py:3089} INFO - Sync 1 DAGs
[2026-09-06T08:09:54.954+0000] {logging_mixin.py:188} INFO - [2026-09-06T08:09:54.954+0000] {dag.py:3947} INFO - Setting next_dagrun for netflix_etl_pipeline to 2026-09-05 00:00:00+00:00, run_after=2026-09-06 00:00:00+00:00
[2026-09-06T08:09:54.997+0000] {processor.py:183} INFO - Processing /opt/airflow/dags/netflix_dag.py took 0.251 seconds
[2026-09-06T08:10:25.835+0000] {processor.py:161} INFO - Started process (PID=7460) to work on /opt/airflow/dags/netflix_dag.py
[2026-09-06T08:10:25.838+0000] {processor.py:830} INFO - Processing file /opt/airflow/dags/netflix_dag.py for tasks to queue
[2026-09-06T08:10:25.844+0000] {logging_mixin.py:188} INFO - [2026-09-06T08:10:25.843+0000] {dagbag.py:545} INFO - Filling up the DagBag from /opt/airflow/dags/netflix_dag.py
[2026-09-06T08:10:25.892+0000] {processor.py:840} INFO - DAG(s) 'netflix_etl_pipeline' retrieved from /opt/airflow/dags/netflix_dag.py
[2026-09-06T08:10:26.092+0000] {logging_mixin.py:188} INFO - [2026-09-06T08:10:26.092+0000] {dag.py:3089} INFO - Sync 1 DAGs
[2026-09-06T08:10:26.280+0000] {logging_mixin.py:188} INFO - [2026-09-06T08:10:26.279+0000] {dag.py:3947} INFO - Setting next_dagrun for netflix_etl_pipeline to 2026-09-05 00:00:00+00:00, run_after=2026-09-06 00:00:00+00:00
[2026-09-06T08:10:26.494+0000] {processor.py:183} INFO - Processing /opt/airflow/dags/netflix_dag.py took 0.679 seconds
[2026-09-06T08:10:58.545+0000] {processor.py:161} INFO - Started process (PID=7471) to work on /opt/airflow/dags/netflix_dag.py
[2026-09-06T08:10:58.607+0000] {processor.py:830} INFO - Processing file /opt/airflow/dags/netflix_dag.py for tasks to queue
[2026-09-06T08:10:58.659+0000] {logging_mixin.py:188} INFO - [2026-09-06T08:10:58.658+0000] {dagbag.py:545} INFO - Filling up the DagBag from /opt/airflow/dags/netflix_dag.py
[2026-09-06T08:10:58.850+0000] {processor.py:840} INFO - DAG(s) 'netflix_etl_pipeline' retrieved from /opt/airflow/dags/netflix_dag.py
[2026-09-06T08:10:58.940+0000] {logging_mixin.py:188} INFO - [2026-09-06T08:10:58.939+0000] {dag.py:3089} INFO - Sync 1 DAGs
[2026-09-06T08:10:59.079+0000] {logging_mixin.py:188} INFO - [2026-09-06T08:10:59.078+0000] {dag.py:3947} INFO - Setting next_dagrun for netflix_etl_pipeline to 2026-09-05 00:00:00+00:00, run_after=2026-09-06 00:00:00+00:00
[2026-09-06T08:10:59.334+0000] {processor.py:183} INFO - Processing /opt/airflow/dags/netflix_dag.py took 0.826 seconds
[2026-09-06T08:11:30.876+0000] {processor.py:161} INFO - Started process (PID=7482) to work on /opt/airflow/dags/netflix_dag.py
[2026-09-06T08:11:30.880+0000] {processor.py:830} INFO - Processing file /opt/airflow/dags/netflix_dag.py for tasks to queue
[2026-09-06T08:11:30.886+0000] {logging_mixin.py:188} INFO - [2026-09-06T08:11:30.884+0000] {dagbag.py:545} INFO - Filling up the DagBag from /opt/airflow/dags/netflix_dag.py
[2026-09-06T08:11:30.946+0000] {processor.py:840} INFO - DAG(s) 'netflix_etl_pipeline' retrieved from /opt/airflow/dags/netflix_dag.py
[2026-09-06T08:11:31.053+0000] {logging_mixin.py:188} INFO - [2026-09-06T08:11:31.052+0000] {dag.py:3089} INFO - Sync 1 DAGs
[2026-09-06T08:11:31.110+0000] {logging_mixin.py:188} INFO - [2026-09-06T08:11:31.109+0000] {dag.py:3947} INFO - Setting next_dagrun for netflix_etl_pipeline to 2026-09-05 00:00:00+00:00, run_after=2026-09-06 00:00:00+00:00
[2026-09-06T08:11:31.331+0000] {processor.py:183} INFO - Processing /opt/airflow/dags/netflix_dag.py took 0.473 seconds
[2026-09-06T08:12:02.225+0000] {processor.py:161} INFO - Started process (PID=7493) to work on /opt/airflow/dags/netflix_dag.py
[2026-09-06T08:12:02.256+0000] {processor.py:830} INFO - Processing file /opt/airflow/dags/netflix_dag.py for tasks to queue
[2026-09-06T08:12:02.324+0000] {logging_mixin.py:188} INFO - [2026-09-06T08:12:02.323+0000] {dagbag.py:545} INFO - Filling up the DagBag from /opt/airflow/dags/netflix_dag.py
[2026-09-06T08:12:03.245+0000] {processor.py:840} INFO - DAG(s) 'netflix_etl_pipeline' retrieved from /opt/airflow/dags/netflix_dag.py
[2026-09-06T08:12:03.538+0000] {logging_mixin.py:188} INFO - [2026-09-06T08:12:03.527+0000] {dag.py:3089} INFO - Sync 1 DAGs
[2026-09-06T08:12:03.774+0000] {logging_mixin.py:188} INFO - [2026-09-06T08:12:03.773+0000] {dag.py:3947} INFO - Setting next_dagrun for netflix_etl_pipeline to 2026-09-05 00:00:00+00:00, run_after=2026-09-06 00:00:00+00:00
[2026-09-06T08:12:03.938+0000] {processor.py:183} INFO - Processing /opt/airflow/dags/netflix_dag.py took 1.731 seconds
[2026-09-06T08:12:34.049+0000] {processor.py:161} INFO - Started process (PID=7504) to work on /opt/airflow/dags/netflix_dag.py
[2026-09-06T08:12:34.051+0000] {processor.py:830} INFO - Processing file /opt/airflow/dags/netflix_dag.py for tasks to queue
[2026-09-06T08:12:34.056+0000] {logging_mixin.py:188} INFO - [2026-09-06T08:12:34.055+0000] {dagbag.py:545} INFO - Filling up the DagBag from /opt/airflow/dags/netflix_dag.py
[2026-09-06T08:12:34.099+0000] {processor.py:840} INFO - DAG(s) 'netflix_etl_pipeline' retrieved from /opt/airflow/dags/netflix_dag.py
[2026-09-06T08:12:34.318+0000] {logging_mixin.py:188} INFO - [2026-09-06T08:12:34.317+0000] {dag.py:3089} INFO - Sync 1 DAGs
[2026-09-06T08:12:34.555+0000] {logging_mixin.py:188} INFO - [2026-09-06T08:12:34.554+0000] {dag.py:3947} INFO - Setting next_dagrun for netflix_etl_pipeline to 2026-09-05 00:00:00+00:00, run_after=2026-09-06 00:00:00+00:00
[2026-09-06T08:12:34.821+0000] {processor.py:183} INFO - Processing /opt/airflow/dags/netflix_dag.py took 0.785 seconds
[2026-09-06T08:13:05.217+0000] {processor.py:161} INFO - Started process (PID=7515) to work on /opt/airflow/dags/netflix_dag.py
[2026-09-06T08:13:05.220+0000] {processor.py:830} INFO - Processing file /opt/airflow/dags/netflix_dag.py for tasks to queue
[2026-09-06T08:13:05.226+0000] {logging_mixin.py:188} INFO - [2026-09-06T08:13:05.225+0000] {dagbag.py:545} INFO - Filling up the DagBag from /opt/airflow/dags/netflix_dag.py
[2026-09-06T08:13:05.275+0000] {processor.py:840} INFO - DAG(s) 'netflix_etl_pipeline' retrieved from /opt/airflow/dags/netflix_dag.py
[2026-09-06T08:13:05.361+0000] {logging_mixin.py:188} INFO - [2026-09-06T08:13:05.360+0000] {dag.py:3089} INFO - Sync 1 DAGs
[2026-09-06T08:13:05.427+0000] {logging_mixin.py:188} INFO - [2026-09-06T08:13:05.427+0000] {dag.py:3947} INFO - Setting next_dagrun for netflix_etl_pipeline to 2026-09-05 00:00:00+00:00, run_after=2026-09-06 00:00:00+00:00
[2026-09-06T08:13:05.473+0000] {processor.py:183} INFO - Processing /opt/airflow/dags/netflix_dag.py took 0.271 seconds
[2026-09-06T08:13:36.271+0000] {processor.py:161} INFO - Started process (PID=7526) to work on /opt/airflow/dags/netflix_dag.py
[2026-09-06T08:13:36.306+0000] {processor.py:830} INFO - Processing file /opt/airflow/dags/netflix_dag.py for tasks to queue
[2026-09-06T08:13:36.343+0000] {logging_mixin.py:188} INFO - [2026-09-06T08:13:36.342+0000] {dagbag.py:545} INFO - Filling up the DagBag from /opt/airflow/dags/netflix_dag.py
[2026-09-06T08:13:37.061+0000] {processor.py:840} INFO - DAG(s) 'netflix_etl_pipeline' retrieved from /opt/airflow/dags/netflix_dag.py
[2026-09-06T08:13:37.363+0000] {logging_mixin.py:188} INFO - [2026-09-06T08:13:37.363+0000] {dag.py:3089} INFO - Sync 1 DAGs
[2026-09-06T08:13:37.573+0000] {logging_mixin.py:188} INFO - [2026-09-06T08:13:37.573+0000] {dag.py:3947} INFO - Setting next_dagrun for netflix_etl_pipeline to 2026-09-05 00:00:00+00:00, run_after=2026-09-06 00:00:00+00:00
[2026-09-06T08:13:37.737+0000] {processor.py:183} INFO - Processing /opt/airflow/dags/netflix_dag.py took 1.489 seconds
[2026-09-06T08:14:08.336+0000] {processor.py:161} INFO - Started process (PID=7537) to work on /opt/airflow/dags/netflix_dag.py
[2026-09-06T08:14:08.339+0000] {processor.py:830} INFO - Processing file /opt/airflow/dags/netflix_dag.py for tasks to queue
[2026-09-06T08:14:08.346+0000] {logging_mixin.py:188} INFO - [2026-09-06T08:14:08.345+0000] {dagbag.py:545} INFO - Filling up the DagBag from /opt/airflow/dags/netflix_dag.py
[2026-09-06T08:14:08.391+0000] {processor.py:840} INFO - DAG(s) 'netflix_etl_pipeline' retrieved from /opt/airflow/dags/netflix_dag.py
[2026-09-06T08:14:08.673+0000] {logging_mixin.py:188} INFO - [2026-09-06T08:14:08.672+0000] {dag.py:3089} INFO - Sync 1 DAGs
[2026-09-06T08:14:08.899+0000] {logging_mixin.py:188} INFO - [2026-09-06T08:14:08.899+0000] {dag.py:3947} INFO - Setting next_dagrun for netflix_etl_pipeline to 2026-09-05 00:00:00+00:00, run_after=2026-09-06 00:00:00+00:00
[2026-09-06T08:14:09.093+0000] {processor.py:183} INFO - Processing /opt/airflow/dags/netflix_dag.py took 0.776 seconds
[2026-09-06T08:14:40.198+0000] {processor.py:161} INFO - Started process (PID=7548) to work on /opt/airflow/dags/netflix_dag.py
[2026-09-06T08:14:40.270+0000] {processor.py:830} INFO - Processing file /opt/airflow/dags/netflix_dag.py for tasks to queue
[2026-09-06T08:14:40.298+0000] {logging_mixin.py:188} INFO - [2026-09-06T08:14:40.297+0000] {dagbag.py:545} INFO - Filling up the DagBag from /opt/airflow/dags/netflix_dag.py
[2026-09-06T08:14:41.095+0000] {processor.py:840} INFO - DAG(s) 'netflix_etl_pipeline' retrieved from /opt/airflow/dags/netflix_dag.py
[2026-09-06T08:14:41.244+0000] {logging_mixin.py:188} INFO - [2026-09-06T08:14:41.244+0000] {dag.py:3089} INFO - Sync 1 DAGs
[2026-09-06T08:14:41.295+0000] {logging_mixin.py:188} INFO - [2026-09-06T08:14:41.294+0000] {dag.py:3947} INFO - Setting next_dagrun for netflix_etl_pipeline to 2026-09-05 00:00:00+00:00, run_after=2026-09-06 00:00:00+00:00
[2026-09-06T08:14:41.341+0000] {processor.py:183} INFO - Processing /opt/airflow/dags/netflix_dag.py took 1.180 seconds
[2026-09-06T08:15:12.794+0000] {processor.py:161} INFO - Started process (PID=7560) to work on /opt/airflow/dags/netflix_dag.py
[2026-09-06T08:15:12.805+0000] {processor.py:830} INFO - Processing file /opt/airflow/dags/netflix_dag.py for tasks to queue
[2026-09-06T08:15:12.866+0000] {logging_mixin.py:188} INFO - [2026-09-06T08:15:12.865+0000] {dagbag.py:545} INFO - Filling up the DagBag from /opt/airflow/dags/netflix_dag.py
[2026-09-06T08:15:13.524+0000] {processor.py:840} INFO - DAG(s) 'netflix_etl_pipeline' retrieved from /opt/airflow/dags/netflix_dag.py
[2026-09-06T08:15:13.606+0000] {logging_mixin.py:188} INFO - [2026-09-06T08:15:13.605+0000] {dag.py:3089} INFO - Sync 1 DAGs
[2026-09-06T08:15:13.722+0000] {logging_mixin.py:188} INFO - [2026-09-06T08:15:13.722+0000] {dag.py:3947} INFO - Setting next_dagrun for netflix_etl_pipeline to 2026-09-05 00:00:00+00:00, run_after=2026-09-06 00:00:00+00:00
[2026-09-06T08:15:13.969+0000] {processor.py:183} INFO - Processing /opt/airflow/dags/netflix_dag.py took 1.204 seconds
[2026-09-06T08:15:44.523+0000] {processor.py:161} INFO - Started process (PID=7576) to work on /opt/airflow/dags/netflix_dag.py
[2026-09-06T08:15:44.526+0000] {processor.py:830} INFO - Processing file /opt/airflow/dags/netflix_dag.py for tasks to queue
[2026-09-06T08:15:44.532+0000] {logging_mixin.py:188} INFO - [2026-09-06T08:15:44.531+0000] {dagbag.py:545} INFO - Filling up the DagBag from /opt/airflow/dags/netflix_dag.py
[2026-09-06T08:15:44.586+0000] {processor.py:840} INFO - DAG(s) 'netflix_etl_pipeline' retrieved from /opt/airflow/dags/netflix_dag.py
[2026-09-06T08:15:44.669+0000] {logging_mixin.py:188} INFO - [2026-09-06T08:15:44.668+0000] {dag.py:3089} INFO - Sync 1 DAGs
[2026-09-06T08:15:44.739+0000] {logging_mixin.py:188} INFO - [2026-09-06T08:15:44.739+0000] {dag.py:3947} INFO - Setting next_dagrun for netflix_etl_pipeline to 2026-09-05 00:00:00+00:00, run_after=2026-09-06 00:00:00+00:00
[2026-09-06T08:15:44.767+0000] {processor.py:183} INFO - Processing /opt/airflow/dags/netflix_dag.py took 0.262 seconds
[2026-09-06T08:16:15.329+0000] {processor.py:161} INFO - Started process (PID=7587) to work on /opt/airflow/dags/netflix_dag.py
[2026-09-06T08:16:15.332+0000] {processor.py:830} INFO - Processing file /opt/airflow/dags/netflix_dag.py for tasks to queue
[2026-09-06T08:16:15.337+0000] {logging_mixin.py:188} INFO - [2026-09-06T08:16:15.336+0000] {dagbag.py:545} INFO - Filling up the DagBag from /opt/airflow/dags/netflix_dag.py
[2026-09-06T08:16:15.382+0000] {processor.py:840} INFO - DAG(s) 'netflix_etl_pipeline' retrieved from /opt/airflow/dags/netflix_dag.py
[2026-09-06T08:16:15.688+0000] {logging_mixin.py:188} INFO - [2026-09-06T08:16:15.688+0000] {dag.py:3089} INFO - Sync 1 DAGs
[2026-09-06T08:16:15.909+0000] {logging_mixin.py:188} INFO - [2026-09-06T08:16:15.909+0000] {dag.py:3947} INFO - Setting next_dagrun for netflix_etl_pipeline to 2026-09-05 00:00:00+00:00, run_after=2026-09-06 00:00:00+00:00
[2026-09-06T08:16:16.099+0000] {processor.py:183} INFO - Processing /opt/airflow/dags/netflix_dag.py took 0.789 seconds
[2026-09-06T08:16:46.951+0000] {processor.py:161} INFO - Started process (PID=7598) to work on /opt/airflow/dags/netflix_dag.py
[2026-09-06T08:16:46.954+0000] {processor.py:830} INFO - Processing file /opt/airflow/dags/netflix_dag.py for tasks to queue
[2026-09-06T08:16:46.961+0000] {logging_mixin.py:188} INFO - [2026-09-06T08:16:46.960+0000] {dagbag.py:545} INFO - Filling up the DagBag from /opt/airflow/dags/netflix_dag.py
[2026-09-06T08:16:47.011+0000] {processor.py:840} INFO - DAG(s) 'netflix_etl_pipeline' retrieved from /opt/airflow/dags/netflix_dag.py
[2026-09-06T08:16:47.105+0000] {logging_mixin.py:188} INFO - [2026-09-06T08:16:47.104+0000] {dag.py:3089} INFO - Sync 1 DAGs
[2026-09-06T08:16:47.278+0000] {logging_mixin.py:188} INFO - [2026-09-06T08:16:47.278+0000] {dag.py:3947} INFO - Setting next_dagrun for netflix_etl_pipeline to 2026-09-05 00:00:00+00:00, run_after=2026-09-06 00:00:00+00:00
[2026-09-06T08:16:47.536+0000] {processor.py:183} INFO - Processing /opt/airflow/dags/netflix_dag.py took 0.601 seconds
[2026-09-06T08:17:17.992+0000] {processor.py:161} INFO - Started process (PID=7609) to work on /opt/airflow/dags/netflix_dag.py
[2026-09-06T08:17:17.995+0000] {processor.py:830} INFO - Processing file /opt/airflow/dags/netflix_dag.py for tasks to queue
[2026-09-06T08:17:18.002+0000] {logging_mixin.py:188} INFO - [2026-09-06T08:17:18.001+0000] {dagbag.py:545} INFO - Filling up the DagBag from /opt/airflow/dags/netflix_dag.py
[2026-09-06T08:17:18.053+0000] {processor.py:840} INFO - DAG(s) 'netflix_etl_pipeline' retrieved from /opt/airflow/dags/netflix_dag.py
[2026-09-06T08:17:18.308+0000] {logging_mixin.py:188} INFO - [2026-09-06T08:17:18.307+0000] {dag.py:3089} INFO - Sync 1 DAGs
[2026-09-06T08:17:18.521+0000] {logging_mixin.py:188} INFO - [2026-09-06T08:17:18.511+0000] {dag.py:3947} INFO - Setting next_dagrun for netflix_etl_pipeline to 2026-09-05 00:00:00+00:00, run_after=2026-09-06 00:00:00+00:00
[2026-09-06T08:17:18.722+0000] {processor.py:183} INFO - Processing /opt/airflow/dags/netflix_dag.py took 0.753 seconds
[2026-09-06T08:17:48.941+0000] {processor.py:161} INFO - Started process (PID=7620) to work on /opt/airflow/dags/netflix_dag.py
[2026-09-06T08:17:48.944+0000] {processor.py:830} INFO - Processing file /opt/airflow/dags/netflix_dag.py for tasks to queue
[2026-09-06T08:17:48.951+0000] {logging_mixin.py:188} INFO - [2026-09-06T08:17:48.950+0000] {dagbag.py:545} INFO - Filling up the DagBag from /opt/airflow/dags/netflix_dag.py
[2026-09-06T08:17:49.003+0000] {processor.py:840} INFO - DAG(s) 'netflix_etl_pipeline' retrieved from /opt/airflow/dags/netflix_dag.py
[2026-09-06T08:17:49.092+0000] {logging_mixin.py:188} INFO - [2026-09-06T08:17:49.092+0000] {dag.py:3089} INFO - Sync 1 DAGs
[2026-09-06T08:17:49.141+0000] {logging_mixin.py:188} INFO - [2026-09-06T08:17:49.141+0000] {dag.py:3947} INFO - Setting next_dagrun for netflix_etl_pipeline to 2026-09-05 00:00:00+00:00, run_after=2026-09-06 00:00:00+00:00
[2026-09-06T08:17:49.183+0000] {processor.py:183} INFO - Processing /opt/airflow/dags/netflix_dag.py took 0.261 seconds
[2026-09-06T08:18:19.733+0000] {processor.py:161} INFO - Started process (PID=7631) to work on /opt/airflow/dags/netflix_dag.py
[2026-09-06T08:18:19.737+0000] {processor.py:830} INFO - Processing file /opt/airflow/dags/netflix_dag.py for tasks to queue
[2026-09-06T08:18:19.743+0000] {logging_mixin.py:188} INFO - [2026-09-06T08:18:19.742+0000] {dagbag.py:545} INFO - Filling up the DagBag from /opt/airflow/dags/netflix_dag.py
[2026-09-06T08:18:19.784+0000] {processor.py:840} INFO - DAG(s) 'netflix_etl_pipeline' retrieved from /opt/airflow/dags/netflix_dag.py
[2026-09-06T08:18:19.977+0000] {logging_mixin.py:188} INFO - [2026-09-06T08:18:19.976+0000] {dag.py:3089} INFO - Sync 1 DAGs
[2026-09-06T08:18:20.173+0000] {logging_mixin.py:188} INFO - [2026-09-06T08:18:20.172+0000] {dag.py:3947} INFO - Setting next_dagrun for netflix_etl_pipeline to 2026-09-05 00:00:00+00:00, run_after=2026-09-06 00:00:00+00:00
[2026-09-06T08:18:20.383+0000] {processor.py:183} INFO - Processing /opt/airflow/dags/netflix_dag.py took 0.667 seconds
[2026-09-06T08:18:51.087+0000] {processor.py:161} INFO - Started process (PID=7642) to work on /opt/airflow/dags/netflix_dag.py
[2026-09-06T08:18:51.090+0000] {processor.py:830} INFO - Processing file /opt/airflow/dags/netflix_dag.py for tasks to queue
[2026-09-06T08:18:51.096+0000] {logging_mixin.py:188} INFO - [2026-09-06T08:18:51.095+0000] {dagbag.py:545} INFO - Filling up the DagBag from /opt/airflow/dags/netflix_dag.py
[2026-09-06T08:18:51.135+0000] {processor.py:840} INFO - DAG(s) 'netflix_etl_pipeline' retrieved from /opt/airflow/dags/netflix_dag.py
[2026-09-06T08:18:51.223+0000] {logging_mixin.py:188} INFO - [2026-09-06T08:18:51.222+0000] {dag.py:3089} INFO - Sync 1 DAGs
[2026-09-06T08:18:51.435+0000] {logging_mixin.py:188} INFO - [2026-09-06T08:18:51.424+0000] {dag.py:3947} INFO - Setting next_dagrun for netflix_etl_pipeline to 2026-09-05 00:00:00+00:00, run_after=2026-09-06 00:00:00+00:00
[2026-09-06T08:18:51.601+0000] {processor.py:183} INFO - Processing /opt/airflow/dags/netflix_dag.py took 0.529 seconds
[2026-09-06T08:19:22.664+0000] {processor.py:161} INFO - Started process (PID=7653) to work on /opt/airflow/dags/netflix_dag.py
[2026-09-06T08:19:22.691+0000] {processor.py:830} INFO - Processing file /opt/airflow/dags/netflix_dag.py for tasks to queue
[2026-09-06T08:19:22.725+0000] {logging_mixin.py:188} INFO - [2026-09-06T08:19:22.724+0000] {dagbag.py:545} INFO - Filling up the DagBag from /opt/airflow/dags/netflix_dag.py
[2026-09-06T08:19:23.352+0000] {processor.py:840} INFO - DAG(s) 'netflix_etl_pipeline' retrieved from /opt/airflow/dags/netflix_dag.py
[2026-09-06T08:19:23.461+0000] {logging_mixin.py:188} INFO - [2026-09-06T08:19:23.461+0000] {dag.py:3089} INFO - Sync 1 DAGs
[2026-09-06T08:19:23.528+0000] {logging_mixin.py:188} INFO - [2026-09-06T08:19:23.527+0000] {dag.py:3947} INFO - Setting next_dagrun for netflix_etl_pipeline to 2026-09-05 00:00:00+00:00, run_after=2026-09-06 00:00:00+00:00
[2026-09-06T08:19:23.872+0000] {processor.py:183} INFO - Processing /opt/airflow/dags/netflix_dag.py took 1.245 seconds
[2026-09-06T08:19:54.943+0000] {processor.py:161} INFO - Started process (PID=7664) to work on /opt/airflow/dags/netflix_dag.py
[2026-09-06T08:19:54.959+0000] {processor.py:830} INFO - Processing file /opt/airflow/dags/netflix_dag.py for tasks to queue
[2026-09-06T08:19:54.989+0000] {logging_mixin.py:188} INFO - [2026-09-06T08:19:54.988+0000] {dagbag.py:545} INFO - Filling up the DagBag from /opt/airflow/dags/netflix_dag.py
[2026-09-06T08:19:55.165+0000] {processor.py:840} INFO - DAG(s) 'netflix_etl_pipeline' retrieved from /opt/airflow/dags/netflix_dag.py
[2026-09-06T08:19:55.264+0000] {logging_mixin.py:188} INFO - [2026-09-06T08:19:55.263+0000] {dag.py:3089} INFO - Sync 1 DAGs
[2026-09-06T08:19:55.323+0000] {logging_mixin.py:188} INFO - [2026-09-06T08:19:55.323+0000] {dag.py:3947} INFO - Setting next_dagrun for netflix_etl_pipeline to 2026-09-05 00:00:00+00:00, run_after=2026-09-06 00:00:00+00:00
[2026-09-06T08:19:55.362+0000] {processor.py:183} INFO - Processing /opt/airflow/dags/netflix_dag.py took 0.456 seconds
[2026-09-06T08:20:27.424+0000] {processor.py:161} INFO - Started process (PID=7675) to work on /opt/airflow/dags/netflix_dag.py
[2026-09-06T08:20:27.530+0000] {processor.py:830} INFO - Processing file /opt/airflow/dags/netflix_dag.py for tasks to queue
[2026-09-06T08:20:27.577+0000] {logging_mixin.py:188} INFO - [2026-09-06T08:20:27.576+0000] {dagbag.py:545} INFO - Filling up the DagBag from /opt/airflow/dags/netflix_dag.py
[2026-09-06T08:20:28.283+0000] {processor.py:840} INFO - DAG(s) 'netflix_etl_pipeline' retrieved from /opt/airflow/dags/netflix_dag.py
[2026-09-06T08:20:28.505+0000] {logging_mixin.py:188} INFO - [2026-09-06T08:20:28.504+0000] {dag.py:3089} INFO - Sync 1 DAGs
[2026-09-06T08:20:28.756+0000] {logging_mixin.py:188} INFO - [2026-09-06T08:20:28.755+0000] {dag.py:3947} INFO - Setting next_dagrun for netflix_etl_pipeline to 2026-09-05 00:00:00+00:00, run_after=2026-09-06 00:00:00+00:00
[2026-09-06T08:20:28.980+0000] {processor.py:183} INFO - Processing /opt/airflow/dags/netflix_dag.py took 1.596 seconds
[2026-09-06T08:20:59.670+0000] {processor.py:161} INFO - Started process (PID=7687) to work on /opt/airflow/dags/netflix_dag.py
[2026-09-06T08:20:59.674+0000] {processor.py:830} INFO - Processing file /opt/airflow/dags/netflix_dag.py for tasks to queue
[2026-09-06T08:20:59.680+0000] {logging_mixin.py:188} INFO - [2026-09-06T08:20:59.680+0000] {dagbag.py:545} INFO - Filling up the DagBag from /opt/airflow/dags/netflix_dag.py
[2026-09-06T08:20:59.733+0000] {processor.py:840} INFO - DAG(s) 'netflix_etl_pipeline' retrieved from /opt/airflow/dags/netflix_dag.py
[2026-09-06T08:20:59.819+0000] {logging_mixin.py:188} INFO - [2026-09-06T08:20:59.818+0000] {dag.py:3089} INFO - Sync 1 DAGs
[2026-09-06T08:20:59.874+0000] {logging_mixin.py:188} INFO - [2026-09-06T08:20:59.873+0000] {dag.py:3947} INFO - Setting next_dagrun for netflix_etl_pipeline to 2026-09-05 00:00:00+00:00, run_after=2026-09-06 00:00:00+00:00
[2026-09-06T08:20:59.915+0000] {processor.py:183} INFO - Processing /opt/airflow/dags/netflix_dag.py took 0.260 seconds
[2026-09-06T08:21:31.000+0000] {processor.py:161} INFO - Started process (PID=7698) to work on /opt/airflow/dags/netflix_dag.py
[2026-09-06T08:21:31.011+0000] {processor.py:830} INFO - Processing file /opt/airflow/dags/netflix_dag.py for tasks to queue
[2026-09-06T08:21:31.021+0000] {logging_mixin.py:188} INFO - [2026-09-06T08:21:31.020+0000] {dagbag.py:545} INFO - Filling up the DagBag from /opt/airflow/dags/netflix_dag.py
[2026-09-06T08:21:31.089+0000] {processor.py:840} INFO - DAG(s) 'netflix_etl_pipeline' retrieved from /opt/airflow/dags/netflix_dag.py
[2026-09-06T08:21:31.174+0000] {logging_mixin.py:188} INFO - [2026-09-06T08:21:31.173+0000] {dag.py:3089} INFO - Sync 1 DAGs
[2026-09-06T08:21:31.271+0000] {logging_mixin.py:188} INFO - [2026-09-06T08:21:31.271+0000] {dag.py:3947} INFO - Setting next_dagrun for netflix_etl_pipeline to 2026-09-05 00:00:00+00:00, run_after=2026-09-06 00:00:00+00:00
[2026-09-06T08:21:31.499+0000] {processor.py:183} INFO - Processing /opt/airflow/dags/netflix_dag.py took 0.517 seconds
[2026-09-06T08:22:01.862+0000] {processor.py:161} INFO - Started process (PID=7709) to work on /opt/airflow/dags/netflix_dag.py
[2026-09-06T08:22:01.866+0000] {processor.py:830} INFO - Processing file /opt/airflow/dags/netflix_dag.py for tasks to queue
[2026-09-06T08:22:01.874+0000] {logging_mixin.py:188} INFO - [2026-09-06T08:22:01.873+0000] {dagbag.py:545} INFO - Filling up the DagBag from /opt/airflow/dags/netflix_dag.py
[2026-09-06T08:22:01.926+0000] {processor.py:840} INFO - DAG(s) 'netflix_etl_pipeline' retrieved from /opt/airflow/dags/netflix_dag.py
[2026-09-06T08:22:02.110+0000] {logging_mixin.py:188} INFO - [2026-09-06T08:22:02.110+0000] {dag.py:3089} INFO - Sync 1 DAGs
[2026-09-06T08:22:02.307+0000] {logging_mixin.py:188} INFO - [2026-09-06T08:22:02.307+0000] {dag.py:3947} INFO - Setting next_dagrun for netflix_etl_pipeline to 2026-09-05 00:00:00+00:00, run_after=2026-09-06 00:00:00+00:00
[2026-09-06T08:22:03.292+0000] {processor.py:183} INFO - Processing /opt/airflow/dags/netflix_dag.py took 1.450 seconds
[2026-09-06T08:22:34.377+0000] {processor.py:161} INFO - Started process (PID=7721) to work on /opt/airflow/dags/netflix_dag.py
[2026-09-06T08:22:34.405+0000] {processor.py:830} INFO - Processing file /opt/airflow/dags/netflix_dag.py for tasks to queue
[2026-09-06T08:22:34.429+0000] {logging_mixin.py:188} INFO - [2026-09-06T08:22:34.428+0000] {dagbag.py:545} INFO - Filling up the DagBag from /opt/airflow/dags/netflix_dag.py
[2026-09-06T08:22:35.029+0000] {processor.py:840} INFO - DAG(s) 'netflix_etl_pipeline' retrieved from /opt/airflow/dags/netflix_dag.py
[2026-09-06T08:22:35.172+0000] {logging_mixin.py:188} INFO - [2026-09-06T08:22:35.172+0000] {dag.py:3089} INFO - Sync 1 DAGs
[2026-09-06T08:22:35.227+0000] {logging_mixin.py:188} INFO - [2026-09-06T08:22:35.226+0000] {dag.py:3947} INFO - Setting next_dagrun for netflix_etl_pipeline to 2026-09-05 00:00:00+00:00, run_after=2026-09-06 00:00:00+00:00
[2026-09-06T08:22:35.275+0000] {processor.py:183} INFO - Processing /opt/airflow/dags/netflix_dag.py took 0.934 seconds
[2026-09-06T08:23:06.928+0000] {processor.py:161} INFO - Started process (PID=7732) to work on /opt/airflow/dags/netflix_dag.py
[2026-09-06T08:23:06.944+0000] {processor.py:830} INFO - Processing file /opt/airflow/dags/netflix_dag.py for tasks to queue
[2026-09-06T08:23:06.952+0000] {logging_mixin.py:188} INFO - [2026-09-06T08:23:06.951+0000] {dagbag.py:545} INFO - Filling up the DagBag from /opt/airflow/dags/netflix_dag.py
[2026-09-06T08:23:07.014+0000] {processor.py:840} INFO - DAG(s) 'netflix_etl_pipeline' retrieved from /opt/airflow/dags/netflix_dag.py
[2026-09-06T08:23:07.172+0000] {logging_mixin.py:188} INFO - [2026-09-06T08:23:07.171+0000] {dag.py:3089} INFO - Sync 1 DAGs
[2026-09-06T08:23:07.389+0000] {logging_mixin.py:188} INFO - [2026-09-06T08:23:07.388+0000] {dag.py:3947} INFO - Setting next_dagrun for netflix_etl_pipeline to 2026-09-05 00:00:00+00:00, run_after=2026-09-06 00:00:00+00:00
[2026-09-06T08:23:07.580+0000] {processor.py:183} INFO - Processing /opt/airflow/dags/netflix_dag.py took 0.674 seconds
[2026-09-06T08:23:37.755+0000] {processor.py:161} INFO - Started process (PID=7743) to work on /opt/airflow/dags/netflix_dag.py
[2026-09-06T08:23:37.758+0000] {processor.py:830} INFO - Processing file /opt/airflow/dags/netflix_dag.py for tasks to queue
[2026-09-06T08:23:37.764+0000] {logging_mixin.py:188} INFO - [2026-09-06T08:23:37.763+0000] {dagbag.py:545} INFO - Filling up the DagBag from /opt/airflow/dags/netflix_dag.py
[2026-09-06T08:23:37.819+0000] {processor.py:840} INFO - DAG(s) 'netflix_etl_pipeline' retrieved from /opt/airflow/dags/netflix_dag.py
[2026-09-06T08:23:37.902+0000] {logging_mixin.py:188} INFO - [2026-09-06T08:23:37.902+0000] {dag.py:3089} INFO - Sync 1 DAGs
[2026-09-06T08:23:37.953+0000] {logging_mixin.py:188} INFO - [2026-09-06T08:23:37.952+0000] {dag.py:3947} INFO - Setting next_dagrun for netflix_etl_pipeline to 2026-09-05 00:00:00+00:00, run_after=2026-09-06 00:00:00+00:00
[2026-09-06T08:23:37.994+0000] {processor.py:183} INFO - Processing /opt/airflow/dags/netflix_dag.py took 0.259 seconds
[2026-09-06T08:24:08.767+0000] {processor.py:161} INFO - Started process (PID=7754) to work on /opt/airflow/dags/netflix_dag.py
[2026-09-06T08:24:08.770+0000] {processor.py:830} INFO - Processing file /opt/airflow/dags/netflix_dag.py for tasks to queue
[2026-09-06T08:24:08.777+0000] {logging_mixin.py:188} INFO - [2026-09-06T08:24:08.776+0000] {dagbag.py:545} INFO - Filling up the DagBag from /opt/airflow/dags/netflix_dag.py
[2026-09-06T08:24:08.823+0000] {processor.py:840} INFO - DAG(s) 'netflix_etl_pipeline' retrieved from /opt/airflow/dags/netflix_dag.py
[2026-09-06T08:24:08.896+0000] {logging_mixin.py:188} INFO - [2026-09-06T08:24:08.896+0000] {dag.py:3089} INFO - Sync 1 DAGs
[2026-09-06T08:24:09.119+0000] {logging_mixin.py:188} INFO - [2026-09-06T08:24:09.108+0000] {dag.py:3947} INFO - Setting next_dagrun for netflix_etl_pipeline to 2026-09-05 00:00:00+00:00, run_after=2026-09-06 00:00:00+00:00
[2026-09-06T08:24:09.306+0000] {processor.py:183} INFO - Processing /opt/airflow/dags/netflix_dag.py took 0.553 seconds
[2026-09-06T08:24:40.173+0000] {processor.py:161} INFO - Started process (PID=7765) to work on /opt/airflow/dags/netflix_dag.py
[2026-09-06T08:24:40.177+0000] {processor.py:830} INFO - Processing file /opt/airflow/dags/netflix_dag.py for tasks to queue
[2026-09-06T08:24:40.187+0000] {logging_mixin.py:188} INFO - [2026-09-06T08:24:40.185+0000] {dagbag.py:545} INFO - Filling up the DagBag from /opt/airflow/dags/netflix_dag.py
[2026-09-06T08:24:40.242+0000] {processor.py:840} INFO - DAG(s) 'netflix_etl_pipeline' retrieved from /opt/airflow/dags/netflix_dag.py
[2026-09-06T08:24:40.327+0000] {logging_mixin.py:188} INFO - [2026-09-06T08:24:40.327+0000] {dag.py:3089} INFO - Sync 1 DAGs
[2026-09-06T08:24:40.378+0000] {logging_mixin.py:188} INFO - [2026-09-06T08:24:40.377+0000] {dag.py:3947} INFO - Setting next_dagrun for netflix_etl_pipeline to 2026-09-05 00:00:00+00:00, run_after=2026-09-06 00:00:00+00:00
[2026-09-06T08:24:40.421+0000] {processor.py:183} INFO - Processing /opt/airflow/dags/netflix_dag.py took 0.277 seconds
[2026-09-06T08:25:10.996+0000] {processor.py:161} INFO - Started process (PID=7775) to work on /opt/airflow/dags/netflix_dag.py
[2026-09-06T08:25:10.999+0000] {processor.py:830} INFO - Processing file /opt/airflow/dags/netflix_dag.py for tasks to queue
[2026-09-06T08:25:11.004+0000] {logging_mixin.py:188} INFO - [2026-09-06T08:25:11.003+0000] {dagbag.py:545} INFO - Filling up the DagBag from /opt/airflow/dags/netflix_dag.py
[2026-09-06T08:25:11.050+0000] {processor.py:840} INFO - DAG(s) 'netflix_etl_pipeline' retrieved from /opt/airflow/dags/netflix_dag.py
[2026-09-06T08:25:11.126+0000] {logging_mixin.py:188} INFO - [2026-09-06T08:25:11.126+0000] {dag.py:3089} INFO - Sync 1 DAGs
[2026-09-06T08:25:11.187+0000] {logging_mixin.py:188} INFO - [2026-09-06T08:25:11.186+0000] {dag.py:3947} INFO - Setting next_dagrun for netflix_etl_pipeline to 2026-09-05 00:00:00+00:00, run_after=2026-09-06 00:00:00+00:00
[2026-09-06T08:25:11.367+0000] {processor.py:183} INFO - Processing /opt/airflow/dags/netflix_dag.py took 0.389 seconds
[2026-09-06T08:25:43.339+0000] {processor.py:161} INFO - Started process (PID=7786) to work on /opt/airflow/dags/netflix_dag.py
[2026-09-06T08:25:43.357+0000] {processor.py:830} INFO - Processing file /opt/airflow/dags/netflix_dag.py for tasks to queue
[2026-09-06T08:25:43.379+0000] {logging_mixin.py:188} INFO - [2026-09-06T08:25:43.378+0000] {dagbag.py:545} INFO - Filling up the DagBag from /opt/airflow/dags/netflix_dag.py
[2026-09-06T08:25:43.569+0000] {processor.py:840} INFO - DAG(s) 'netflix_etl_pipeline' retrieved from /opt/airflow/dags/netflix_dag.py
[2026-09-06T08:25:43.661+0000] {logging_mixin.py:188} INFO - [2026-09-06T08:25:43.661+0000] {dag.py:3089} INFO - Sync 1 DAGs
[2026-09-06T08:25:43.735+0000] {logging_mixin.py:188} INFO - [2026-09-06T08:25:43.734+0000] {dag.py:3947} INFO - Setting next_dagrun for netflix_etl_pipeline to 2026-09-05 00:00:00+00:00, run_after=2026-09-06 00:00:00+00:00
[2026-09-06T08:25:43.892+0000] {processor.py:183} INFO - Processing /opt/airflow/dags/netflix_dag.py took 0.589 seconds
[2026-09-06T08:26:14.069+0000] {processor.py:161} INFO - Started process (PID=7797) to work on /opt/airflow/dags/netflix_dag.py
[2026-09-06T08:26:14.072+0000] {processor.py:830} INFO - Processing file /opt/airflow/dags/netflix_dag.py for tasks to queue
[2026-09-06T08:26:14.078+0000] {logging_mixin.py:188} INFO - [2026-09-06T08:26:14.077+0000] {dagbag.py:545} INFO - Filling up the DagBag from /opt/airflow/dags/netflix_dag.py
[2026-09-06T08:26:14.129+0000] {processor.py:840} INFO - DAG(s) 'netflix_etl_pipeline' retrieved from /opt/airflow/dags/netflix_dag.py
[2026-09-06T08:26:14.208+0000] {logging_mixin.py:188} INFO - [2026-09-06T08:26:14.208+0000] {dag.py:3089} INFO - Sync 1 DAGs
[2026-09-06T08:26:14.256+0000] {logging_mixin.py:188} INFO - [2026-09-06T08:26:14.255+0000] {dag.py:3947} INFO - Setting next_dagrun for netflix_etl_pipeline to 2026-09-05 00:00:00+00:00, run_after=2026-09-06 00:00:00+00:00
[2026-09-06T08:26:14.296+0000] {processor.py:183} INFO - Processing /opt/airflow/dags/netflix_dag.py took 0.241 seconds
[2026-09-06T08:26:44.941+0000] {processor.py:161} INFO - Started process (PID=7809) to work on /opt/airflow/dags/netflix_dag.py
[2026-09-06T08:26:44.944+0000] {processor.py:830} INFO - Processing file /opt/airflow/dags/netflix_dag.py for tasks to queue
[2026-09-06T08:26:44.949+0000] {logging_mixin.py:188} INFO - [2026-09-06T08:26:44.948+0000] {dagbag.py:545} INFO - Filling up the DagBag from /opt/airflow/dags/netflix_dag.py
[2026-09-06T08:26:44.990+0000] {processor.py:840} INFO - DAG(s) 'netflix_etl_pipeline' retrieved from /opt/airflow/dags/netflix_dag.py
[2026-09-06T08:26:45.064+0000] {logging_mixin.py:188} INFO - [2026-09-06T08:26:45.064+0000] {dag.py:3089} INFO - Sync 1 DAGs
[2026-09-06T08:26:45.123+0000] {logging_mixin.py:188} INFO - [2026-09-06T08:26:45.123+0000] {dag.py:3947} INFO - Setting next_dagrun for netflix_etl_pipeline to 2026-09-05 00:00:00+00:00, run_after=2026-09-06 00:00:00+00:00
[2026-09-06T08:26:45.173+0000] {processor.py:183} INFO - Processing /opt/airflow/dags/netflix_dag.py took 0.247 seconds
[2026-09-06T08:27:16.832+0000] {processor.py:161} INFO - Started process (PID=7820) to work on /opt/airflow/dags/netflix_dag.py
[2026-09-06T08:27:16.866+0000] {processor.py:830} INFO - Processing file /opt/airflow/dags/netflix_dag.py for tasks to queue
[2026-09-06T08:27:16.925+0000] {logging_mixin.py:188} INFO - [2026-09-06T08:27:16.924+0000] {dagbag.py:545} INFO - Filling up the DagBag from /opt/airflow/dags/netflix_dag.py
[2026-09-06T08:27:17.431+0000] {processor.py:840} INFO - DAG(s) 'netflix_etl_pipeline' retrieved from /opt/airflow/dags/netflix_dag.py
[2026-09-06T08:27:17.538+0000] {logging_mixin.py:188} INFO - [2026-09-06T08:27:17.537+0000] {dag.py:3089} INFO - Sync 1 DAGs
[2026-09-06T08:27:17.620+0000] {logging_mixin.py:188} INFO - [2026-09-06T08:27:17.620+0000] {dag.py:3947} INFO - Setting next_dagrun for netflix_etl_pipeline to 2026-09-05 00:00:00+00:00, run_after=2026-09-06 00:00:00+00:00
[2026-09-06T08:27:17.688+0000] {processor.py:183} INFO - Processing /opt/airflow/dags/netflix_dag.py took 0.890 seconds
[2026-09-06T08:27:48.040+0000] {processor.py:161} INFO - Started process (PID=7832) to work on /opt/airflow/dags/netflix_dag.py
[2026-09-06T08:27:48.044+0000] {processor.py:830} INFO - Processing file /opt/airflow/dags/netflix_dag.py for tasks to queue
[2026-09-06T08:27:48.050+0000] {logging_mixin.py:188} INFO - [2026-09-06T08:27:48.049+0000] {dagbag.py:545} INFO - Filling up the DagBag from /opt/airflow/dags/netflix_dag.py
[2026-09-06T08:27:48.105+0000] {processor.py:840} INFO - DAG(s) 'netflix_etl_pipeline' retrieved from /opt/airflow/dags/netflix_dag.py
[2026-09-06T08:27:48.195+0000] {logging_mixin.py:188} INFO - [2026-09-06T08:27:48.195+0000] {dag.py:3089} INFO - Sync 1 DAGs
[2026-09-06T08:27:48.243+0000] {logging_mixin.py:188} INFO - [2026-09-06T08:27:48.242+0000] {dag.py:3947} INFO - Setting next_dagrun for netflix_etl_pipeline to 2026-09-05 00:00:00+00:00, run_after=2026-09-06 00:00:00+00:00
[2026-09-06T08:27:48.284+0000] {processor.py:183} INFO - Processing /opt/airflow/dags/netflix_dag.py took 0.263 seconds
[2026-09-06T08:28:19.647+0000] {processor.py:161} INFO - Started process (PID=7849) to work on /opt/airflow/dags/netflix_dag.py
[2026-09-06T08:28:19.666+0000] {processor.py:830} INFO - Processing file /opt/airflow/dags/netflix_dag.py for tasks to queue
[2026-09-06T08:28:19.701+0000] {logging_mixin.py:188} INFO - [2026-09-06T08:28:19.700+0000] {dagbag.py:545} INFO - Filling up the DagBag from /opt/airflow/dags/netflix_dag.py
[2026-09-06T08:28:19.980+0000] {processor.py:840} INFO - DAG(s) 'netflix_etl_pipeline' retrieved from /opt/airflow/dags/netflix_dag.py
[2026-09-06T08:28:20.103+0000] {logging_mixin.py:188} INFO - [2026-09-06T08:28:20.102+0000] {dag.py:3089} INFO - Sync 1 DAGs
[2026-09-06T08:28:20.165+0000] {logging_mixin.py:188} INFO - [2026-09-06T08:28:20.164+0000] {dag.py:3947} INFO - Setting next_dagrun for netflix_etl_pipeline to 2026-09-05 00:00:00+00:00, run_after=2026-09-06 00:00:00+00:00
[2026-09-06T08:28:20.206+0000] {processor.py:183} INFO - Processing /opt/airflow/dags/netflix_dag.py took 0.597 seconds
[2026-09-06T08:28:50.424+0000] {processor.py:161} INFO - Started process (PID=7860) to work on /opt/airflow/dags/netflix_dag.py
[2026-09-06T08:28:50.427+0000] {processor.py:830} INFO - Processing file /opt/airflow/dags/netflix_dag.py for tasks to queue
[2026-09-06T08:28:50.433+0000] {logging_mixin.py:188} INFO - [2026-09-06T08:28:50.432+0000] {dagbag.py:545} INFO - Filling up the DagBag from /opt/airflow/dags/netflix_dag.py
[2026-09-06T08:28:50.485+0000] {processor.py:840} INFO - DAG(s) 'netflix_etl_pipeline' retrieved from /opt/airflow/dags/netflix_dag.py
[2026-09-06T08:28:50.567+0000] {logging_mixin.py:188} INFO - [2026-09-06T08:28:50.567+0000] {dag.py:3089} INFO - Sync 1 DAGs
[2026-09-06T08:28:50.619+0000] {logging_mixin.py:188} INFO - [2026-09-06T08:28:50.619+0000] {dag.py:3947} INFO - Setting next_dagrun for netflix_etl_pipeline to 2026-09-05 00:00:00+00:00, run_after=2026-09-06 00:00:00+00:00
[2026-09-06T08:28:50.661+0000] {processor.py:183} INFO - Processing /opt/airflow/dags/netflix_dag.py took 0.254 seconds
[2026-09-06T08:29:21.540+0000] {processor.py:161} INFO - Started process (PID=7871) to work on /opt/airflow/dags/netflix_dag.py
[2026-09-06T08:29:21.575+0000] {processor.py:830} INFO - Processing file /opt/airflow/dags/netflix_dag.py for tasks to queue
[2026-09-06T08:29:21.591+0000] {logging_mixin.py:188} INFO - [2026-09-06T08:29:21.590+0000] {dagbag.py:545} INFO - Filling up the DagBag from /opt/airflow/dags/netflix_dag.py
[2026-09-06T08:29:22.309+0000] {processor.py:840} INFO - DAG(s) 'netflix_etl_pipeline' retrieved from /opt/airflow/dags/netflix_dag.py
[2026-09-06T08:29:22.524+0000] {logging_mixin.py:188} INFO - [2026-09-06T08:29:22.523+0000] {dag.py:3089} INFO - Sync 1 DAGs
[2026-09-06T08:29:22.623+0000] {logging_mixin.py:188} INFO - [2026-09-06T08:29:22.622+0000] {dag.py:3947} INFO - Setting next_dagrun for netflix_etl_pipeline to 2026-09-05 00:00:00+00:00, run_after=2026-09-06 00:00:00+00:00
[2026-09-06T08:29:22.665+0000] {processor.py:183} INFO - Processing /opt/airflow/dags/netflix_dag.py took 1.150 seconds
[2026-09-06T08:29:52.899+0000] {processor.py:161} INFO - Started process (PID=7882) to work on /opt/airflow/dags/netflix_dag.py
[2026-09-06T08:29:52.902+0000] {processor.py:830} INFO - Processing file /opt/airflow/dags/netflix_dag.py for tasks to queue
[2026-09-06T08:29:52.906+0000] {logging_mixin.py:188} INFO - [2026-09-06T08:29:52.906+0000] {dagbag.py:545} INFO - Filling up the DagBag from /opt/airflow/dags/netflix_dag.py
[2026-09-06T08:29:52.951+0000] {processor.py:840} INFO - DAG(s) 'netflix_etl_pipeline' retrieved from /opt/airflow/dags/netflix_dag.py
[2026-09-06T08:29:53.020+0000] {logging_mixin.py:188} INFO - [2026-09-06T08:29:53.019+0000] {dag.py:3089} INFO - Sync 1 DAGs
[2026-09-06T08:29:53.111+0000] {logging_mixin.py:188} INFO - [2026-09-06T08:29:53.110+0000] {dag.py:3947} INFO - Setting next_dagrun for netflix_etl_pipeline to 2026-09-05 00:00:00+00:00, run_after=2026-09-06 00:00:00+00:00
[2026-09-06T08:29:53.335+0000] {processor.py:183} INFO - Processing /opt/airflow/dags/netflix_dag.py took 0.453 seconds
[2026-09-06T08:30:24.377+0000] {processor.py:161} INFO - Started process (PID=7893) to work on /opt/airflow/dags/netflix_dag.py
[2026-09-06T08:30:24.404+0000] {processor.py:830} INFO - Processing file /opt/airflow/dags/netflix_dag.py for tasks to queue
[2026-09-06T08:30:24.438+0000] {logging_mixin.py:188} INFO - [2026-09-06T08:30:24.437+0000] {dagbag.py:545} INFO - Filling up the DagBag from /opt/airflow/dags/netflix_dag.py
[2026-09-06T08:30:25.134+0000] {processor.py:840} INFO - DAG(s) 'netflix_etl_pipeline' retrieved from /opt/airflow/dags/netflix_dag.py
[2026-09-06T08:30:25.384+0000] {logging_mixin.py:188} INFO - [2026-09-06T08:30:25.383+0000] {dag.py:3089} INFO - Sync 1 DAGs
[2026-09-06T08:30:25.575+0000] {logging_mixin.py:188} INFO - [2026-09-06T08:30:25.574+0000] {dag.py:3947} INFO - Setting next_dagrun for netflix_etl_pipeline to 2026-09-05 00:00:00+00:00, run_after=2026-09-06 00:00:00+00:00
[2026-09-06T08:30:25.835+0000] {processor.py:183} INFO - Processing /opt/airflow/dags/netflix_dag.py took 1.482 seconds
[2026-09-06T08:30:56.884+0000] {processor.py:161} INFO - Started process (PID=7904) to work on /opt/airflow/dags/netflix_dag.py
[2026-09-06T08:30:56.912+0000] {processor.py:830} INFO - Processing file /opt/airflow/dags/netflix_dag.py for tasks to queue
[2026-09-06T08:30:56.932+0000] {logging_mixin.py:188} INFO - [2026-09-06T08:30:56.931+0000] {dagbag.py:545} INFO - Filling up the DagBag from /opt/airflow/dags/netflix_dag.py
[2026-09-06T08:30:57.372+0000] {processor.py:840} INFO - DAG(s) 'netflix_etl_pipeline' retrieved from /opt/airflow/dags/netflix_dag.py
[2026-09-06T08:30:57.534+0000] {logging_mixin.py:188} INFO - [2026-09-06T08:30:57.533+0000] {dag.py:3089} INFO - Sync 1 DAGs
[2026-09-06T08:30:57.818+0000] {logging_mixin.py:188} INFO - [2026-09-06T08:30:57.817+0000] {dag.py:3947} INFO - Setting next_dagrun for netflix_etl_pipeline to 2026-09-05 00:00:00+00:00, run_after=2026-09-06 00:00:00+00:00
[2026-09-06T08:30:58.120+0000] {processor.py:183} INFO - Processing /opt/airflow/dags/netflix_dag.py took 1.275 seconds
[2026-09-06T08:31:28.418+0000] {processor.py:161} INFO - Started process (PID=7915) to work on /opt/airflow/dags/netflix_dag.py
[2026-09-06T08:31:28.421+0000] {processor.py:830} INFO - Processing file /opt/airflow/dags/netflix_dag.py for tasks to queue
[2026-09-06T08:31:28.427+0000] {logging_mixin.py:188} INFO - [2026-09-06T08:31:28.426+0000] {dagbag.py:545} INFO - Filling up the DagBag from /opt/airflow/dags/netflix_dag.py
[2026-09-06T08:31:28.479+0000] {processor.py:840} INFO - DAG(s) 'netflix_etl_pipeline' retrieved from /opt/airflow/dags/netflix_dag.py
[2026-09-06T08:31:28.560+0000] {logging_mixin.py:188} INFO - [2026-09-06T08:31:28.559+0000] {dag.py:3089} INFO - Sync 1 DAGs
[2026-09-06T08:31:28.619+0000] {logging_mixin.py:188} INFO - [2026-09-06T08:31:28.618+0000] {dag.py:3947} INFO - Setting next_dagrun for netflix_etl_pipeline to 2026-09-05 00:00:00+00:00, run_after=2026-09-06 00:00:00+00:00
[2026-09-06T08:31:28.661+0000] {processor.py:183} INFO - Processing /opt/airflow/dags/netflix_dag.py took 0.307 seconds
[2026-09-06T08:31:59.151+0000] {processor.py:161} INFO - Started process (PID=7926) to work on /opt/airflow/dags/netflix_dag.py
[2026-09-06T08:31:59.153+0000] {processor.py:830} INFO - Processing file /opt/airflow/dags/netflix_dag.py for tasks to queue
[2026-09-06T08:31:59.159+0000] {logging_mixin.py:188} INFO - [2026-09-06T08:31:59.159+0000] {dagbag.py:545} INFO - Filling up the DagBag from /opt/airflow/dags/netflix_dag.py
[2026-09-06T08:31:59.220+0000] {processor.py:840} INFO - DAG(s) 'netflix_etl_pipeline' retrieved from /opt/airflow/dags/netflix_dag.py
[2026-09-06T08:31:59.505+0000] {logging_mixin.py:188} INFO - [2026-09-06T08:31:59.504+0000] {dag.py:3089} INFO - Sync 1 DAGs
[2026-09-06T08:31:59.713+0000] {logging_mixin.py:188} INFO - [2026-09-06T08:31:59.702+0000] {dag.py:3947} INFO - Setting next_dagrun for netflix_etl_pipeline to 2026-09-05 00:00:00+00:00, run_after=2026-09-06 00:00:00+00:00
[2026-09-06T08:31:59.932+0000] {processor.py:183} INFO - Processing /opt/airflow/dags/netflix_dag.py took 0.794 seconds
[2026-09-06T08:32:31.124+0000] {processor.py:161} INFO - Started process (PID=7937) to work on /opt/airflow/dags/netflix_dag.py
[2026-09-06T08:32:31.128+0000] {processor.py:830} INFO - Processing file /opt/airflow/dags/netflix_dag.py for tasks to queue
[2026-09-06T08:32:31.135+0000] {logging_mixin.py:188} INFO - [2026-09-06T08:32:31.134+0000] {dagbag.py:545} INFO - Filling up the DagBag from /opt/airflow/dags/netflix_dag.py
[2026-09-06T08:32:31.189+0000] {processor.py:840} INFO - DAG(s) 'netflix_etl_pipeline' retrieved from /opt/airflow/dags/netflix_dag.py
[2026-09-06T08:32:31.283+0000] {logging_mixin.py:188} INFO - [2026-09-06T08:32:31.283+0000] {dag.py:3089} INFO - Sync 1 DAGs
[2026-09-06T08:32:31.446+0000] {logging_mixin.py:188} INFO - [2026-09-06T08:32:31.446+0000] {dag.py:3947} INFO - Setting next_dagrun for netflix_etl_pipeline to 2026-09-05 00:00:00+00:00, run_after=2026-09-06 00:00:00+00:00
[2026-09-06T08:32:31.611+0000] {processor.py:183} INFO - Processing /opt/airflow/dags/netflix_dag.py took 0.510 seconds
[2026-09-06T08:33:02.050+0000] {processor.py:161} INFO - Started process (PID=7948) to work on /opt/airflow/dags/netflix_dag.py
[2026-09-06T08:33:02.055+0000] {processor.py:830} INFO - Processing file /opt/airflow/dags/netflix_dag.py for tasks to queue
[2026-09-06T08:33:02.062+0000] {logging_mixin.py:188} INFO - [2026-09-06T08:33:02.061+0000] {dagbag.py:545} INFO - Filling up the DagBag from /opt/airflow/dags/netflix_dag.py
[2026-09-06T08:33:02.117+0000] {processor.py:840} INFO - DAG(s) 'netflix_etl_pipeline' retrieved from /opt/airflow/dags/netflix_dag.py
[2026-09-06T08:33:02.208+0000] {logging_mixin.py:188} INFO - [2026-09-06T08:33:02.207+0000] {dag.py:3089} INFO - Sync 1 DAGs
[2026-09-06T08:33:02.401+0000] {logging_mixin.py:188} INFO - [2026-09-06T08:33:02.401+0000] {dag.py:3947} INFO - Setting next_dagrun for netflix_etl_pipeline to 2026-09-05 00:00:00+00:00, run_after=2026-09-06 00:00:00+00:00
[2026-09-06T08:33:02.601+0000] {processor.py:183} INFO - Processing /opt/airflow/dags/netflix_dag.py took 0.573 seconds
[2026-09-06T08:33:34.044+0000] {processor.py:161} INFO - Started process (PID=7959) to work on /opt/airflow/dags/netflix_dag.py
[2026-09-06T08:33:34.085+0000] {processor.py:830} INFO - Processing file /opt/airflow/dags/netflix_dag.py for tasks to queue
[2026-09-06T08:33:34.108+0000] {logging_mixin.py:188} INFO - [2026-09-06T08:33:34.107+0000] {dagbag.py:545} INFO - Filling up the DagBag from /opt/airflow/dags/netflix_dag.py
[2026-09-06T08:33:34.282+0000] {processor.py:840} INFO - DAG(s) 'netflix_etl_pipeline' retrieved from /opt/airflow/dags/netflix_dag.py
[2026-09-06T08:33:34.384+0000] {logging_mixin.py:188} INFO - [2026-09-06T08:33:34.383+0000] {dag.py:3089} INFO - Sync 1 DAGs
[2026-09-06T08:33:34.482+0000] {logging_mixin.py:188} INFO - [2026-09-06T08:33:34.481+0000] {dag.py:3947} INFO - Setting next_dagrun for netflix_etl_pipeline to 2026-09-05 00:00:00+00:00, run_after=2026-09-06 00:00:00+00:00
[2026-09-06T08:33:34.724+0000] {processor.py:183} INFO - Processing /opt/airflow/dags/netflix_dag.py took 0.719 seconds
[2026-09-06T08:34:05.645+0000] {processor.py:161} INFO - Started process (PID=7971) to work on /opt/airflow/dags/netflix_dag.py
[2026-09-06T08:34:05.648+0000] {processor.py:830} INFO - Processing file /opt/airflow/dags/netflix_dag.py for tasks to queue
[2026-09-06T08:34:05.656+0000] {logging_mixin.py:188} INFO - [2026-09-06T08:34:05.655+0000] {dagbag.py:545} INFO - Filling up the DagBag from /opt/airflow/dags/netflix_dag.py
[2026-09-06T08:34:05.718+0000] {processor.py:840} INFO - DAG(s) 'netflix_etl_pipeline' retrieved from /opt/airflow/dags/netflix_dag.py
[2026-09-06T08:34:06.021+0000] {logging_mixin.py:188} INFO - [2026-09-06T08:34:06.020+0000] {dag.py:3089} INFO - Sync 1 DAGs
[2026-09-06T08:34:06.238+0000] {logging_mixin.py:188} INFO - [2026-09-06T08:34:06.237+0000] {dag.py:3947} INFO - Setting next_dagrun for netflix_etl_pipeline to 2026-09-05 00:00:00+00:00, run_after=2026-09-06 00:00:00+00:00
[2026-09-06T08:34:06.537+0000] {processor.py:183} INFO - Processing /opt/airflow/dags/netflix_dag.py took 0.908 seconds
[2026-09-06T08:34:37.601+0000] {processor.py:161} INFO - Started process (PID=7982) to work on /opt/airflow/dags/netflix_dag.py
[2026-09-06T08:34:37.623+0000] {processor.py:830} INFO - Processing file /opt/airflow/dags/netflix_dag.py for tasks to queue
[2026-09-06T08:34:37.666+0000] {logging_mixin.py:188} INFO - [2026-09-06T08:34:37.665+0000] {dagbag.py:545} INFO - Filling up the DagBag from /opt/airflow/dags/netflix_dag.py
[2026-09-06T08:34:37.810+0000] {processor.py:840} INFO - DAG(s) 'netflix_etl_pipeline' retrieved from /opt/airflow/dags/netflix_dag.py
[2026-09-06T08:34:38.455+0000] {logging_mixin.py:188} INFO - [2026-09-06T08:34:38.454+0000] {dag.py:3089} INFO - Sync 1 DAGs
[2026-09-06T08:34:38.673+0000] {logging_mixin.py:188} INFO - [2026-09-06T08:34:38.673+0000] {dag.py:3947} INFO - Setting next_dagrun for netflix_etl_pipeline to 2026-09-05 00:00:00+00:00, run_after=2026-09-06 00:00:00+00:00
[2026-09-06T08:34:38.864+0000] {processor.py:183} INFO - Processing /opt/airflow/dags/netflix_dag.py took 1.291 seconds
[2026-09-06T08:35:09.837+0000] {processor.py:161} INFO - Started process (PID=7993) to work on /opt/airflow/dags/netflix_dag.py
[2026-09-06T08:35:09.850+0000] {processor.py:830} INFO - Processing file /opt/airflow/dags/netflix_dag.py for tasks to queue
[2026-09-06T08:35:09.863+0000] {logging_mixin.py:188} INFO - [2026-09-06T08:35:09.862+0000] {dagbag.py:545} INFO - Filling up the DagBag from /opt/airflow/dags/netflix_dag.py
[2026-09-06T08:35:09.914+0000] {processor.py:840} INFO - DAG(s) 'netflix_etl_pipeline' retrieved from /opt/airflow/dags/netflix_dag.py
[2026-09-06T08:35:10.026+0000] {logging_mixin.py:188} INFO - [2026-09-06T08:35:10.025+0000] {dag.py:3089} INFO - Sync 1 DAGs
[2026-09-06T08:35:10.079+0000] {logging_mixin.py:188} INFO - [2026-09-06T08:35:10.078+0000] {dag.py:3947} INFO - Setting next_dagrun for netflix_etl_pipeline to 2026-09-05 00:00:00+00:00, run_after=2026-09-06 00:00:00+00:00
[2026-09-06T08:35:10.151+0000] {processor.py:183} INFO - Processing /opt/airflow/dags/netflix_dag.py took 0.348 seconds
[2026-09-06T08:35:40.428+0000] {processor.py:161} INFO - Started process (PID=8004) to work on /opt/airflow/dags/netflix_dag.py
[2026-09-06T08:35:40.432+0000] {processor.py:830} INFO - Processing file /opt/airflow/dags/netflix_dag.py for tasks to queue
[2026-09-06T08:35:40.439+0000] {logging_mixin.py:188} INFO - [2026-09-06T08:35:40.438+0000] {dagbag.py:545} INFO - Filling up the DagBag from /opt/airflow/dags/netflix_dag.py
[2026-09-06T08:35:40.796+0000] {processor.py:840} INFO - DAG(s) 'netflix_etl_pipeline' retrieved from /opt/airflow/dags/netflix_dag.py
[2026-09-06T08:35:41.072+0000] {logging_mixin.py:188} INFO - [2026-09-06T08:35:41.061+0000] {dag.py:3089} INFO - Sync 1 DAGs
[2026-09-06T08:35:41.285+0000] {logging_mixin.py:188} INFO - [2026-09-06T08:35:41.285+0000] {dag.py:3947} INFO - Setting next_dagrun for netflix_etl_pipeline to 2026-09-05 00:00:00+00:00, run_after=2026-09-06 00:00:00+00:00
[2026-09-06T08:35:41.531+0000] {processor.py:183} INFO - Processing /opt/airflow/dags/netflix_dag.py took 1.119 seconds
[2026-09-06T08:36:11.833+0000] {processor.py:161} INFO - Started process (PID=8015) to work on /opt/airflow/dags/netflix_dag.py
[2026-09-06T08:36:11.836+0000] {processor.py:830} INFO - Processing file /opt/airflow/dags/netflix_dag.py for tasks to queue
[2026-09-06T08:36:11.843+0000] {logging_mixin.py:188} INFO - [2026-09-06T08:36:11.842+0000] {dagbag.py:545} INFO - Filling up the DagBag from /opt/airflow/dags/netflix_dag.py
[2026-09-06T08:36:11.891+0000] {processor.py:840} INFO - DAG(s) 'netflix_etl_pipeline' retrieved from /opt/airflow/dags/netflix_dag.py
[2026-09-06T08:36:11.985+0000] {logging_mixin.py:188} INFO - [2026-09-06T08:36:11.985+0000] {dag.py:3089} INFO - Sync 1 DAGs
[2026-09-06T08:36:12.036+0000] {logging_mixin.py:188} INFO - [2026-09-06T08:36:12.035+0000] {dag.py:3947} INFO - Setting next_dagrun for netflix_etl_pipeline to 2026-09-05 00:00:00+00:00, run_after=2026-09-06 00:00:00+00:00
[2026-09-06T08:36:12.082+0000] {processor.py:183} INFO - Processing /opt/airflow/dags/netflix_dag.py took 0.265 seconds
[2026-09-06T08:36:43.806+0000] {processor.py:161} INFO - Started process (PID=8026) to work on /opt/airflow/dags/netflix_dag.py
[2026-09-06T08:36:43.809+0000] {processor.py:830} INFO - Processing file /opt/airflow/dags/netflix_dag.py for tasks to queue
[2026-09-06T08:36:43.818+0000] {logging_mixin.py:188} INFO - [2026-09-06T08:36:43.817+0000] {dagbag.py:545} INFO - Filling up the DagBag from /opt/airflow/dags/netflix_dag.py
[2026-09-06T08:36:43.873+0000] {processor.py:840} INFO - DAG(s) 'netflix_etl_pipeline' retrieved from /opt/airflow/dags/netflix_dag.py
[2026-09-06T08:36:44.076+0000] {logging_mixin.py:188} INFO - [2026-09-06T08:36:44.065+0000] {dag.py:3089} INFO - Sync 1 DAGs
[2026-09-06T08:36:44.299+0000] {logging_mixin.py:188} INFO - [2026-09-06T08:36:44.290+0000] {dag.py:3947} INFO - Setting next_dagrun for netflix_etl_pipeline to 2026-09-05 00:00:00+00:00, run_after=2026-09-06 00:00:00+00:00
[2026-09-06T08:36:44.497+0000] {processor.py:183} INFO - Processing /opt/airflow/dags/netflix_dag.py took 0.712 seconds
[2026-09-06T08:37:16.087+0000] {processor.py:161} INFO - Started process (PID=8036) to work on /opt/airflow/dags/netflix_dag.py
[2026-09-06T08:37:16.102+0000] {processor.py:830} INFO - Processing file /opt/airflow/dags/netflix_dag.py for tasks to queue
[2026-09-06T08:37:16.139+0000] {logging_mixin.py:188} INFO - [2026-09-06T08:37:16.138+0000] {dagbag.py:545} INFO - Filling up the DagBag from /opt/airflow/dags/netflix_dag.py
[2026-09-06T08:37:16.205+0000] {processor.py:840} INFO - DAG(s) 'netflix_etl_pipeline' retrieved from /opt/airflow/dags/netflix_dag.py
[2026-09-06T08:37:16.297+0000] {logging_mixin.py:188} INFO - [2026-09-06T08:37:16.296+0000] {dag.py:3089} INFO - Sync 1 DAGs
[2026-09-06T08:37:16.356+0000] {logging_mixin.py:188} INFO - [2026-09-06T08:37:16.355+0000] {dag.py:3947} INFO - Setting next_dagrun for netflix_etl_pipeline to 2026-09-05 00:00:00+00:00, run_after=2026-09-06 00:00:00+00:00
[2026-09-06T08:37:16.400+0000] {processor.py:183} INFO - Processing /opt/airflow/dags/netflix_dag.py took 0.347 seconds
[2026-09-06T08:37:46.828+0000] {processor.py:161} INFO - Started process (PID=8048) to work on /opt/airflow/dags/netflix_dag.py
[2026-09-06T08:37:46.832+0000] {processor.py:830} INFO - Processing file /opt/airflow/dags/netflix_dag.py for tasks to queue
[2026-09-06T08:37:46.840+0000] {logging_mixin.py:188} INFO - [2026-09-06T08:37:46.840+0000] {dagbag.py:545} INFO - Filling up the DagBag from /opt/airflow/dags/netflix_dag.py
[2026-09-06T08:37:46.890+0000] {processor.py:840} INFO - DAG(s) 'netflix_etl_pipeline' retrieved from /opt/airflow/dags/netflix_dag.py
[2026-09-06T08:37:47.053+0000] {logging_mixin.py:188} INFO - [2026-09-06T08:37:47.053+0000] {dag.py:3089} INFO - Sync 1 DAGs
[2026-09-06T08:37:47.266+0000] {logging_mixin.py:188} INFO - [2026-09-06T08:37:47.265+0000] {dag.py:3947} INFO - Setting next_dagrun for netflix_etl_pipeline to 2026-09-05 00:00:00+00:00, run_after=2026-09-06 00:00:00+00:00
[2026-09-06T08:37:47.470+0000] {processor.py:183} INFO - Processing /opt/airflow/dags/netflix_dag.py took 0.670 seconds
[2026-09-06T08:38:17.711+0000] {processor.py:161} INFO - Started process (PID=8060) to work on /opt/airflow/dags/netflix_dag.py
[2026-09-06T08:38:17.715+0000] {processor.py:830} INFO - Processing file /opt/airflow/dags/netflix_dag.py for tasks to queue
[2026-09-06T08:38:17.723+0000] {logging_mixin.py:188} INFO - [2026-09-06T08:38:17.722+0000] {dagbag.py:545} INFO - Filling up the DagBag from /opt/airflow/dags/netflix_dag.py
[2026-09-06T08:38:17.776+0000] {processor.py:840} INFO - DAG(s) 'netflix_etl_pipeline' retrieved from /opt/airflow/dags/netflix_dag.py
[2026-09-06T08:38:17.853+0000] {logging_mixin.py:188} INFO - [2026-09-06T08:38:17.853+0000] {dag.py:3089} INFO - Sync 1 DAGs
[2026-09-06T08:38:17.909+0000] {logging_mixin.py:188} INFO - [2026-09-06T08:38:17.908+0000] {dag.py:3947} INFO - Setting next_dagrun for netflix_etl_pipeline to 2026-09-05 00:00:00+00:00, run_after=2026-09-06 00:00:00+00:00
[2026-09-06T08:38:17.964+0000] {processor.py:183} INFO - Processing /opt/airflow/dags/netflix_dag.py took 0.280 seconds
[2026-09-06T08:38:48.348+0000] {processor.py:161} INFO - Started process (PID=8071) to work on /opt/airflow/dags/netflix_dag.py
[2026-09-06T08:38:48.351+0000] {processor.py:830} INFO - Processing file /opt/airflow/dags/netflix_dag.py for tasks to queue
[2026-09-06T08:38:48.358+0000] {logging_mixin.py:188} INFO - [2026-09-06T08:38:48.357+0000] {dagbag.py:545} INFO - Filling up the DagBag from /opt/airflow/dags/netflix_dag.py
[2026-09-06T08:38:48.492+0000] {processor.py:840} INFO - DAG(s) 'netflix_etl_pipeline' retrieved from /opt/airflow/dags/netflix_dag.py
[2026-09-06T08:38:48.780+0000] {logging_mixin.py:188} INFO - [2026-09-06T08:38:48.770+0000] {dag.py:3089} INFO - Sync 1 DAGs
[2026-09-06T08:38:49.011+0000] {logging_mixin.py:188} INFO - [2026-09-06T08:38:49.010+0000] {dag.py:3947} INFO - Setting next_dagrun for netflix_etl_pipeline to 2026-09-05 00:00:00+00:00, run_after=2026-09-06 00:00:00+00:00
[2026-09-06T08:38:49.086+0000] {processor.py:183} INFO - Processing /opt/airflow/dags/netflix_dag.py took 0.752 seconds
[2026-09-06T08:39:19.817+0000] {processor.py:161} INFO - Started process (PID=8083) to work on /opt/airflow/dags/netflix_dag.py
[2026-09-06T08:39:19.821+0000] {processor.py:830} INFO - Processing file /opt/airflow/dags/netflix_dag.py for tasks to queue
[2026-09-06T08:39:19.827+0000] {logging_mixin.py:188} INFO - [2026-09-06T08:39:19.826+0000] {dagbag.py:545} INFO - Filling up the DagBag from /opt/airflow/dags/netflix_dag.py
[2026-09-06T08:39:19.875+0000] {processor.py:840} INFO - DAG(s) 'netflix_etl_pipeline' retrieved from /opt/airflow/dags/netflix_dag.py
[2026-09-06T08:39:20.100+0000] {logging_mixin.py:188} INFO - [2026-09-06T08:39:20.089+0000] {dag.py:3089} INFO - Sync 1 DAGs
[2026-09-06T08:39:20.334+0000] {logging_mixin.py:188} INFO - [2026-09-06T08:39:20.333+0000] {dag.py:3947} INFO - Setting next_dagrun for netflix_etl_pipeline to 2026-09-05 00:00:00+00:00, run_after=2026-09-06 00:00:00+00:00
[2026-09-06T08:39:20.562+0000] {processor.py:183} INFO - Processing /opt/airflow/dags/netflix_dag.py took 0.766 seconds
[2026-09-06T08:39:51.354+0000] {processor.py:161} INFO - Started process (PID=8094) to work on /opt/airflow/dags/netflix_dag.py
[2026-09-06T08:39:51.358+0000] {processor.py:830} INFO - Processing file /opt/airflow/dags/netflix_dag.py for tasks to queue
[2026-09-06T08:39:51.366+0000] {logging_mixin.py:188} INFO - [2026-09-06T08:39:51.365+0000] {dagbag.py:545} INFO - Filling up the DagBag from /opt/airflow/dags/netflix_dag.py
[2026-09-06T08:39:51.426+0000] {processor.py:840} INFO - DAG(s) 'netflix_etl_pipeline' retrieved from /opt/airflow/dags/netflix_dag.py
[2026-09-06T08:39:51.515+0000] {logging_mixin.py:188} INFO - [2026-09-06T08:39:51.514+0000] {dag.py:3089} INFO - Sync 1 DAGs
[2026-09-06T08:39:51.657+0000] {logging_mixin.py:188} INFO - [2026-09-06T08:39:51.656+0000] {dag.py:3947} INFO - Setting next_dagrun for netflix_etl_pipeline to 2026-09-05 00:00:00+00:00, run_after=2026-09-06 00:00:00+00:00
[2026-09-06T08:39:51.888+0000] {processor.py:183} INFO - Processing /opt/airflow/dags/netflix_dag.py took 0.555 seconds
[2026-09-06T08:40:22.380+0000] {processor.py:161} INFO - Started process (PID=8105) to work on /opt/airflow/dags/netflix_dag.py
[2026-09-06T08:40:22.383+0000] {processor.py:830} INFO - Processing file /opt/airflow/dags/netflix_dag.py for tasks to queue
[2026-09-06T08:40:22.389+0000] {logging_mixin.py:188} INFO - [2026-09-06T08:40:22.388+0000] {dagbag.py:545} INFO - Filling up the DagBag from /opt/airflow/dags/netflix_dag.py
[2026-09-06T08:40:22.441+0000] {processor.py:840} INFO - DAG(s) 'netflix_etl_pipeline' retrieved from /opt/airflow/dags/netflix_dag.py
[2026-09-06T08:40:22.517+0000] {logging_mixin.py:188} INFO - [2026-09-06T08:40:22.516+0000] {dag.py:3089} INFO - Sync 1 DAGs
[2026-09-06T08:40:22.566+0000] {logging_mixin.py:188} INFO - [2026-09-06T08:40:22.566+0000] {dag.py:3947} INFO - Setting next_dagrun for netflix_etl_pipeline to 2026-09-05 00:00:00+00:00, run_after=2026-09-06 00:00:00+00:00
[2026-09-06T08:40:24.462+0000] {processor.py:183} INFO - Processing /opt/airflow/dags/netflix_dag.py took 2.099 seconds
[2026-09-06T08:40:55.031+0000] {processor.py:161} INFO - Started process (PID=8116) to work on /opt/airflow/dags/netflix_dag.py
[2026-09-06T08:40:55.034+0000] {processor.py:830} INFO - Processing file /opt/airflow/dags/netflix_dag.py for tasks to queue
[2026-09-06T08:40:55.038+0000] {logging_mixin.py:188} INFO - [2026-09-06T08:40:55.038+0000] {dagbag.py:545} INFO - Filling up the DagBag from /opt/airflow/dags/netflix_dag.py
[2026-09-06T08:40:55.077+0000] {processor.py:840} INFO - DAG(s) 'netflix_etl_pipeline' retrieved from /opt/airflow/dags/netflix_dag.py
[2026-09-06T08:40:55.319+0000] {logging_mixin.py:188} INFO - [2026-09-06T08:40:55.307+0000] {dag.py:3089} INFO - Sync 1 DAGs
[2026-09-06T08:40:55.505+0000] {logging_mixin.py:188} INFO - [2026-09-06T08:40:55.504+0000] {dag.py:3947} INFO - Setting next_dagrun for netflix_etl_pipeline to 2026-09-05 00:00:00+00:00, run_after=2026-09-06 00:00:00+00:00
[2026-09-06T08:40:55.714+0000] {processor.py:183} INFO - Processing /opt/airflow/dags/netflix_dag.py took 0.696 seconds
[2026-09-06T08:41:26.441+0000] {processor.py:161} INFO - Started process (PID=8133) to work on /opt/airflow/dags/netflix_dag.py
[2026-09-06T08:41:26.444+0000] {processor.py:830} INFO - Processing file /opt/airflow/dags/netflix_dag.py for tasks to queue
[2026-09-06T08:41:26.448+0000] {logging_mixin.py:188} INFO - [2026-09-06T08:41:26.448+0000] {dagbag.py:545} INFO - Filling up the DagBag from /opt/airflow/dags/netflix_dag.py
[2026-09-06T08:41:26.498+0000] {processor.py:840} INFO - DAG(s) 'netflix_etl_pipeline' retrieved from /opt/airflow/dags/netflix_dag.py
[2026-09-06T08:41:26.802+0000] {logging_mixin.py:188} INFO - [2026-09-06T08:41:26.801+0000] {dag.py:3089} INFO - Sync 1 DAGs
[2026-09-06T08:41:26.974+0000] {logging_mixin.py:188} INFO - [2026-09-06T08:41:26.974+0000] {dag.py:3947} INFO - Setting next_dagrun for netflix_etl_pipeline to 2026-09-05 00:00:00+00:00, run_after=2026-09-06 00:00:00+00:00
[2026-09-06T08:41:27.161+0000] {processor.py:183} INFO - Processing /opt/airflow/dags/netflix_dag.py took 0.737 seconds
[2026-09-06T08:41:57.613+0000] {processor.py:161} INFO - Started process (PID=8144) to work on /opt/airflow/dags/netflix_dag.py
[2026-09-06T08:41:57.617+0000] {processor.py:830} INFO - Processing file /opt/airflow/dags/netflix_dag.py for tasks to queue
[2026-09-06T08:41:57.623+0000] {logging_mixin.py:188} INFO - [2026-09-06T08:41:57.622+0000] {dagbag.py:545} INFO - Filling up the DagBag from /opt/airflow/dags/netflix_dag.py
[2026-09-06T08:41:57.676+0000] {processor.py:840} INFO - DAG(s) 'netflix_etl_pipeline' retrieved from /opt/airflow/dags/netflix_dag.py
[2026-09-06T08:41:57.754+0000] {logging_mixin.py:188} INFO - [2026-09-06T08:41:57.754+0000] {dag.py:3089} INFO - Sync 1 DAGs
[2026-09-06T08:41:57.805+0000] {logging_mixin.py:188} INFO - [2026-09-06T08:41:57.804+0000] {dag.py:3947} INFO - Setting next_dagrun for netflix_etl_pipeline to 2026-09-05 00:00:00+00:00, run_after=2026-09-06 00:00:00+00:00
[2026-09-06T08:41:57.848+0000] {processor.py:183} INFO - Processing /opt/airflow/dags/netflix_dag.py took 0.250 seconds
[2026-09-06T08:42:29.139+0000] {processor.py:161} INFO - Started process (PID=8155) to work on /opt/airflow/dags/netflix_dag.py
[2026-09-06T08:42:29.142+0000] {processor.py:830} INFO - Processing file /opt/airflow/dags/netflix_dag.py for tasks to queue
[2026-09-06T08:42:29.149+0000] {logging_mixin.py:188} INFO - [2026-09-06T08:42:29.148+0000] {dagbag.py:545} INFO - Filling up the DagBag from /opt/airflow/dags/netflix_dag.py
[2026-09-06T08:42:29.197+0000] {processor.py:840} INFO - DAG(s) 'netflix_etl_pipeline' retrieved from /opt/airflow/dags/netflix_dag.py
[2026-09-06T08:42:29.284+0000] {logging_mixin.py:188} INFO - [2026-09-06T08:42:29.283+0000] {dag.py:3089} INFO - Sync 1 DAGs
[2026-09-06T08:42:29.504+0000] {logging_mixin.py:188} INFO - [2026-09-06T08:42:29.503+0000] {dag.py:3947} INFO - Setting next_dagrun for netflix_etl_pipeline to 2026-09-05 00:00:00+00:00, run_after=2026-09-06 00:00:00+00:00
[2026-09-06T08:42:31.304+0000] {processor.py:183} INFO - Processing /opt/airflow/dags/netflix_dag.py took 2.190 seconds
[2026-09-06T08:43:02.062+0000] {processor.py:161} INFO - Started process (PID=8166) to work on /opt/airflow/dags/netflix_dag.py
[2026-09-06T08:43:02.082+0000] {processor.py:830} INFO - Processing file /opt/airflow/dags/netflix_dag.py for tasks to queue
[2026-09-06T08:43:02.089+0000] {logging_mixin.py:188} INFO - [2026-09-06T08:43:02.088+0000] {dagbag.py:545} INFO - Filling up the DagBag from /opt/airflow/dags/netflix_dag.py
[2026-09-06T08:43:02.139+0000] {processor.py:840} INFO - DAG(s) 'netflix_etl_pipeline' retrieved from /opt/airflow/dags/netflix_dag.py
[2026-09-06T08:43:02.262+0000] {logging_mixin.py:188} INFO - [2026-09-06T08:43:02.262+0000] {dag.py:3089} INFO - Sync 1 DAGs
[2026-09-06T08:43:02.456+0000] {logging_mixin.py:188} INFO - [2026-09-06T08:43:02.446+0000] {dag.py:3947} INFO - Setting next_dagrun for netflix_etl_pipeline to 2026-09-05 00:00:00+00:00, run_after=2026-09-06 00:00:00+00:00
[2026-09-06T08:43:02.720+0000] {processor.py:183} INFO - Processing /opt/airflow/dags/netflix_dag.py took 0.713 seconds
[2026-09-06T08:43:33.648+0000] {processor.py:161} INFO - Started process (PID=8177) to work on /opt/airflow/dags/netflix_dag.py
[2026-09-06T08:43:33.652+0000] {processor.py:830} INFO - Processing file /opt/airflow/dags/netflix_dag.py for tasks to queue
[2026-09-06T08:43:33.659+0000] {logging_mixin.py:188} INFO - [2026-09-06T08:43:33.658+0000] {dagbag.py:545} INFO - Filling up the DagBag from /opt/airflow/dags/netflix_dag.py
[2026-09-06T08:43:33.720+0000] {processor.py:840} INFO - DAG(s) 'netflix_etl_pipeline' retrieved from /opt/airflow/dags/netflix_dag.py
[2026-09-06T08:43:33.855+0000] {logging_mixin.py:188} INFO - [2026-09-06T08:43:33.854+0000] {dag.py:3089} INFO - Sync 1 DAGs
[2026-09-06T08:43:34.052+0000] {logging_mixin.py:188} INFO - [2026-09-06T08:43:34.051+0000] {dag.py:3947} INFO - Setting next_dagrun for netflix_etl_pipeline to 2026-09-05 00:00:00+00:00, run_after=2026-09-06 00:00:00+00:00
[2026-09-06T08:43:34.258+0000] {processor.py:183} INFO - Processing /opt/airflow/dags/netflix_dag.py took 0.632 seconds
[2026-09-06T08:44:05.259+0000] {processor.py:161} INFO - Started process (PID=8189) to work on /opt/airflow/dags/netflix_dag.py
[2026-09-06T08:44:05.295+0000] {processor.py:830} INFO - Processing file /opt/airflow/dags/netflix_dag.py for tasks to queue
[2026-09-06T08:44:05.338+0000] {logging_mixin.py:188} INFO - [2026-09-06T08:44:05.337+0000] {dagbag.py:545} INFO - Filling up the DagBag from /opt/airflow/dags/netflix_dag.py
[2026-09-06T08:44:06.039+0000] {processor.py:840} INFO - DAG(s) 'netflix_etl_pipeline' retrieved from /opt/airflow/dags/netflix_dag.py
[2026-09-06T08:44:06.145+0000] {logging_mixin.py:188} INFO - [2026-09-06T08:44:06.144+0000] {dag.py:3089} INFO - Sync 1 DAGs
[2026-09-06T08:44:06.214+0000] {logging_mixin.py:188} INFO - [2026-09-06T08:44:06.214+0000] {dag.py:3947} INFO - Setting next_dagrun for netflix_etl_pipeline to 2026-09-05 00:00:00+00:00, run_after=2026-09-06 00:00:00+00:00
[2026-09-06T08:44:06.271+0000] {processor.py:183} INFO - Processing /opt/airflow/dags/netflix_dag.py took 1.052 seconds
[2026-09-06T08:44:37.406+0000] {processor.py:161} INFO - Started process (PID=8200) to work on /opt/airflow/dags/netflix_dag.py
[2026-09-06T08:44:37.410+0000] {processor.py:830} INFO - Processing file /opt/airflow/dags/netflix_dag.py for tasks to queue
[2026-09-06T08:44:37.419+0000] {logging_mixin.py:188} INFO - [2026-09-06T08:44:37.417+0000] {dagbag.py:545} INFO - Filling up the DagBag from /opt/airflow/dags/netflix_dag.py
[2026-09-06T08:44:37.477+0000] {processor.py:840} INFO - DAG(s) 'netflix_etl_pipeline' retrieved from /opt/airflow/dags/netflix_dag.py
[2026-09-06T08:44:37.820+0000] {logging_mixin.py:188} INFO - [2026-09-06T08:44:37.808+0000] {dag.py:3089} INFO - Sync 1 DAGs
[2026-09-06T08:44:38.062+0000] {logging_mixin.py:188} INFO - [2026-09-06T08:44:38.052+0000] {dag.py:3947} INFO - Setting next_dagrun for netflix_etl_pipeline to 2026-09-05 00:00:00+00:00, run_after=2026-09-06 00:00:00+00:00
[2026-09-06T08:44:38.221+0000] {processor.py:183} INFO - Processing /opt/airflow/dags/netflix_dag.py took 0.837 seconds
[2026-09-06T08:45:09.077+0000] {processor.py:161} INFO - Started process (PID=8211) to work on /opt/airflow/dags/netflix_dag.py
[2026-09-06T08:45:09.080+0000] {processor.py:830} INFO - Processing file /opt/airflow/dags/netflix_dag.py for tasks to queue
[2026-09-06T08:45:09.086+0000] {logging_mixin.py:188} INFO - [2026-09-06T08:45:09.085+0000] {dagbag.py:545} INFO - Filling up the DagBag from /opt/airflow/dags/netflix_dag.py
[2026-09-06T08:45:09.141+0000] {processor.py:840} INFO - DAG(s) 'netflix_etl_pipeline' retrieved from /opt/airflow/dags/netflix_dag.py
[2026-09-06T08:45:09.217+0000] {logging_mixin.py:188} INFO - [2026-09-06T08:45:09.217+0000] {dag.py:3089} INFO - Sync 1 DAGs
[2026-09-06T08:45:09.270+0000] {logging_mixin.py:188} INFO - [2026-09-06T08:45:09.270+0000] {dag.py:3947} INFO - Setting next_dagrun for netflix_etl_pipeline to 2026-09-05 00:00:00+00:00, run_after=2026-09-06 00:00:00+00:00
[2026-09-06T08:45:09.314+0000] {processor.py:183} INFO - Processing /opt/airflow/dags/netflix_dag.py took 0.254 seconds
[2026-09-06T08:45:40.666+0000] {processor.py:161} INFO - Started process (PID=8222) to work on /opt/airflow/dags/netflix_dag.py
[2026-09-06T08:45:40.779+0000] {processor.py:830} INFO - Processing file /opt/airflow/dags/netflix_dag.py for tasks to queue
[2026-09-06T08:45:40.787+0000] {logging_mixin.py:188} INFO - [2026-09-06T08:45:40.786+0000] {dagbag.py:545} INFO - Filling up the DagBag from /opt/airflow/dags/netflix_dag.py
[2026-09-06T08:45:40.851+0000] {processor.py:840} INFO - DAG(s) 'netflix_etl_pipeline' retrieved from /opt/airflow/dags/netflix_dag.py
[2026-09-06T08:45:40.976+0000] {logging_mixin.py:188} INFO - [2026-09-06T08:45:40.975+0000] {dag.py:3089} INFO - Sync 1 DAGs
[2026-09-06T08:45:41.142+0000] {logging_mixin.py:188} INFO - [2026-09-06T08:45:41.141+0000] {dag.py:3947} INFO - Setting next_dagrun for netflix_etl_pipeline to 2026-09-05 00:00:00+00:00, run_after=2026-09-06 00:00:00+00:00
[2026-09-06T08:45:41.386+0000] {processor.py:183} INFO - Processing /opt/airflow/dags/netflix_dag.py took 0.760 seconds
[2026-09-06T08:46:12.056+0000] {processor.py:161} INFO - Started process (PID=8233) to work on /opt/airflow/dags/netflix_dag.py
[2026-09-06T08:46:12.059+0000] {processor.py:830} INFO - Processing file /opt/airflow/dags/netflix_dag.py for tasks to queue
[2026-09-06T08:46:12.064+0000] {logging_mixin.py:188} INFO - [2026-09-06T08:46:12.063+0000] {dagbag.py:545} INFO - Filling up the DagBag from /opt/airflow/dags/netflix_dag.py
[2026-09-06T08:46:12.107+0000] {processor.py:840} INFO - DAG(s) 'netflix_etl_pipeline' retrieved from /opt/airflow/dags/netflix_dag.py
[2026-09-06T08:46:12.359+0000] {logging_mixin.py:188} INFO - [2026-09-06T08:46:12.358+0000] {dag.py:3089} INFO - Sync 1 DAGs
[2026-09-06T08:46:12.568+0000] {logging_mixin.py:188} INFO - [2026-09-06T08:46:12.568+0000] {dag.py:3947} INFO - Setting next_dagrun for netflix_etl_pipeline to 2026-09-05 00:00:00+00:00, run_after=2026-09-06 00:00:00+00:00
[2026-09-06T08:46:12.806+0000] {processor.py:183} INFO - Processing /opt/airflow/dags/netflix_dag.py took 0.767 seconds
[2026-09-06T08:46:43.718+0000] {processor.py:161} INFO - Started process (PID=8244) to work on /opt/airflow/dags/netflix_dag.py
[2026-09-06T08:46:43.721+0000] {processor.py:830} INFO - Processing file /opt/airflow/dags/netflix_dag.py for tasks to queue
[2026-09-06T08:46:43.727+0000] {logging_mixin.py:188} INFO - [2026-09-06T08:46:43.726+0000] {dagbag.py:545} INFO - Filling up the DagBag from /opt/airflow/dags/netflix_dag.py
[2026-09-06T08:46:43.772+0000] {processor.py:840} INFO - DAG(s) 'netflix_etl_pipeline' retrieved from /opt/airflow/dags/netflix_dag.py
[2026-09-06T08:46:44.063+0000] {logging_mixin.py:188} INFO - [2026-09-06T08:46:44.062+0000] {dag.py:3089} INFO - Sync 1 DAGs
[2026-09-06T08:46:44.276+0000] {logging_mixin.py:188} INFO - [2026-09-06T08:46:44.275+0000] {dag.py:3947} INFO - Setting next_dagrun for netflix_etl_pipeline to 2026-09-05 00:00:00+00:00, run_after=2026-09-06 00:00:00+00:00
[2026-09-06T08:46:44.493+0000] {processor.py:183} INFO - Processing /opt/airflow/dags/netflix_dag.py took 0.792 seconds
[2026-09-06T08:47:15.012+0000] {processor.py:161} INFO - Started process (PID=8255) to work on /opt/airflow/dags/netflix_dag.py
[2026-09-06T08:47:15.015+0000] {processor.py:830} INFO - Processing file /opt/airflow/dags/netflix_dag.py for tasks to queue
[2026-09-06T08:47:15.021+0000] {logging_mixin.py:188} INFO - [2026-09-06T08:47:15.020+0000] {dagbag.py:545} INFO - Filling up the DagBag from /opt/airflow/dags/netflix_dag.py
[2026-09-06T08:47:15.073+0000] {processor.py:840} INFO - DAG(s) 'netflix_etl_pipeline' retrieved from /opt/airflow/dags/netflix_dag.py
[2026-09-06T08:47:15.142+0000] {logging_mixin.py:188} INFO - [2026-09-06T08:47:15.142+0000] {dag.py:3089} INFO - Sync 1 DAGs
[2026-09-06T08:47:15.187+0000] {logging_mixin.py:188} INFO - [2026-09-06T08:47:15.187+0000] {dag.py:3947} INFO - Setting next_dagrun for netflix_etl_pipeline to 2026-09-05 00:00:00+00:00, run_after=2026-09-06 00:00:00+00:00
[2026-09-06T08:47:15.226+0000] {processor.py:183} INFO - Processing /opt/airflow/dags/netflix_dag.py took 0.231 seconds
[2026-09-06T08:47:46.459+0000] {processor.py:161} INFO - Started process (PID=8266) to work on /opt/airflow/dags/netflix_dag.py
[2026-09-06T08:47:46.462+0000] {processor.py:830} INFO - Processing file /opt/airflow/dags/netflix_dag.py for tasks to queue
[2026-09-06T08:47:46.467+0000] {logging_mixin.py:188} INFO - [2026-09-06T08:47:46.466+0000] {dagbag.py:545} INFO - Filling up the DagBag from /opt/airflow/dags/netflix_dag.py
[2026-09-06T08:47:46.510+0000] {processor.py:840} INFO - DAG(s) 'netflix_etl_pipeline' retrieved from /opt/airflow/dags/netflix_dag.py
[2026-09-06T08:47:46.666+0000] {logging_mixin.py:188} INFO - [2026-09-06T08:47:46.655+0000] {dag.py:3089} INFO - Sync 1 DAGs
[2026-09-06T08:47:46.849+0000] {logging_mixin.py:188} INFO - [2026-09-06T08:47:46.849+0000] {dag.py:3947} INFO - Setting next_dagrun for netflix_etl_pipeline to 2026-09-05 00:00:00+00:00, run_after=2026-09-06 00:00:00+00:00
[2026-09-06T08:47:47.028+0000] {processor.py:183} INFO - Processing /opt/airflow/dags/netflix_dag.py took 0.586 seconds
[2026-09-06T08:48:18.286+0000] {processor.py:161} INFO - Started process (PID=8277) to work on /opt/airflow/dags/netflix_dag.py
[2026-09-06T08:48:18.322+0000] {processor.py:830} INFO - Processing file /opt/airflow/dags/netflix_dag.py for tasks to queue
[2026-09-06T08:48:18.339+0000] {logging_mixin.py:188} INFO - [2026-09-06T08:48:18.338+0000] {dagbag.py:545} INFO - Filling up the DagBag from /opt/airflow/dags/netflix_dag.py
[2026-09-06T08:48:18.820+0000] {processor.py:840} INFO - DAG(s) 'netflix_etl_pipeline' retrieved from /opt/airflow/dags/netflix_dag.py
[2026-09-06T08:48:18.940+0000] {logging_mixin.py:188} INFO - [2026-09-06T08:48:18.940+0000] {dag.py:3089} INFO - Sync 1 DAGs
[2026-09-06T08:48:19.000+0000] {logging_mixin.py:188} INFO - [2026-09-06T08:48:18.999+0000] {dag.py:3947} INFO - Setting next_dagrun for netflix_etl_pipeline to 2026-09-05 00:00:00+00:00, run_after=2026-09-06 00:00:00+00:00
[2026-09-06T08:48:19.191+0000] {processor.py:183} INFO - Processing /opt/airflow/dags/netflix_dag.py took 0.944 seconds
[2026-09-06T08:48:50.578+0000] {processor.py:161} INFO - Started process (PID=8288) to work on /opt/airflow/dags/netflix_dag.py
[2026-09-06T08:48:50.597+0000] {processor.py:830} INFO - Processing file /opt/airflow/dags/netflix_dag.py for tasks to queue
[2026-09-06T08:48:50.606+0000] {logging_mixin.py:188} INFO - [2026-09-06T08:48:50.604+0000] {dagbag.py:545} INFO - Filling up the DagBag from /opt/airflow/dags/netflix_dag.py
[2026-09-06T08:48:50.687+0000] {processor.py:840} INFO - DAG(s) 'netflix_etl_pipeline' retrieved from /opt/airflow/dags/netflix_dag.py
[2026-09-06T08:48:50.901+0000] {logging_mixin.py:188} INFO - [2026-09-06T08:48:50.900+0000] {dag.py:3089} INFO - Sync 1 DAGs
[2026-09-06T08:48:51.133+0000] {logging_mixin.py:188} INFO - [2026-09-06T08:48:51.133+0000] {dag.py:3947} INFO - Setting next_dagrun for netflix_etl_pipeline to 2026-09-05 00:00:00+00:00, run_after=2026-09-06 00:00:00+00:00
[2026-09-06T08:48:51.365+0000] {processor.py:183} INFO - Processing /opt/airflow/dags/netflix_dag.py took 0.818 seconds
[2026-09-06T08:49:22.025+0000] {processor.py:161} INFO - Started process (PID=8300) to work on /opt/airflow/dags/netflix_dag.py
[2026-09-06T08:49:22.028+0000] {processor.py:830} INFO - Processing file /opt/airflow/dags/netflix_dag.py for tasks to queue
[2026-09-06T08:49:22.034+0000] {logging_mixin.py:188} INFO - [2026-09-06T08:49:22.033+0000] {dagbag.py:545} INFO - Filling up the DagBag from /opt/airflow/dags/netflix_dag.py
[2026-09-06T08:49:22.078+0000] {processor.py:840} INFO - DAG(s) 'netflix_etl_pipeline' retrieved from /opt/airflow/dags/netflix_dag.py
[2026-09-06T08:49:22.152+0000] {logging_mixin.py:188} INFO - [2026-09-06T08:49:22.152+0000] {dag.py:3089} INFO - Sync 1 DAGs
[2026-09-06T08:49:22.205+0000] {logging_mixin.py:188} INFO - [2026-09-06T08:49:22.205+0000] {dag.py:3947} INFO - Setting next_dagrun for netflix_etl_pipeline to 2026-09-05 00:00:00+00:00, run_after=2026-09-06 00:00:00+00:00
[2026-09-06T08:49:22.253+0000] {processor.py:183} INFO - Processing /opt/airflow/dags/netflix_dag.py took 0.245 seconds
[2026-09-06T08:49:52.995+0000] {processor.py:161} INFO - Started process (PID=8311) to work on /opt/airflow/dags/netflix_dag.py
[2026-09-06T08:49:52.998+0000] {processor.py:830} INFO - Processing file /opt/airflow/dags/netflix_dag.py for tasks to queue
[2026-09-06T08:49:53.006+0000] {logging_mixin.py:188} INFO - [2026-09-06T08:49:53.005+0000] {dagbag.py:545} INFO - Filling up the DagBag from /opt/airflow/dags/netflix_dag.py
[2026-09-06T08:49:53.051+0000] {processor.py:840} INFO - DAG(s) 'netflix_etl_pipeline' retrieved from /opt/airflow/dags/netflix_dag.py
[2026-09-06T08:49:53.204+0000] {logging_mixin.py:188} INFO - [2026-09-06T08:49:53.203+0000] {dag.py:3089} INFO - Sync 1 DAGs
[2026-09-06T08:49:53.381+0000] {logging_mixin.py:188} INFO - [2026-09-06T08:49:53.380+0000] {dag.py:3947} INFO - Setting next_dagrun for netflix_etl_pipeline to 2026-09-05 00:00:00+00:00, run_after=2026-09-06 00:00:00+00:00
[2026-09-06T08:49:53.549+0000] {processor.py:183} INFO - Processing /opt/airflow/dags/netflix_dag.py took 0.579 seconds
[2026-09-06T08:50:24.499+0000] {processor.py:161} INFO - Started process (PID=8322) to work on /opt/airflow/dags/netflix_dag.py
[2026-09-06T08:50:24.504+0000] {processor.py:830} INFO - Processing file /opt/airflow/dags/netflix_dag.py for tasks to queue
[2026-09-06T08:50:24.511+0000] {logging_mixin.py:188} INFO - [2026-09-06T08:50:24.510+0000] {dagbag.py:545} INFO - Filling up the DagBag from /opt/airflow/dags/netflix_dag.py
[2026-09-06T08:50:24.564+0000] {processor.py:840} INFO - DAG(s) 'netflix_etl_pipeline' retrieved from /opt/airflow/dags/netflix_dag.py
[2026-09-06T08:50:24.642+0000] {logging_mixin.py:188} INFO - [2026-09-06T08:50:24.642+0000] {dag.py:3089} INFO - Sync 1 DAGs
[2026-09-06T08:50:24.701+0000] {logging_mixin.py:188} INFO - [2026-09-06T08:50:24.700+0000] {dag.py:3947} INFO - Setting next_dagrun for netflix_etl_pipeline to 2026-09-05 00:00:00+00:00, run_after=2026-09-06 00:00:00+00:00
[2026-09-06T08:50:24.744+0000] {processor.py:183} INFO - Processing /opt/airflow/dags/netflix_dag.py took 0.260 seconds
[2026-09-06T08:50:55.989+0000] {processor.py:161} INFO - Started process (PID=8333) to work on /opt/airflow/dags/netflix_dag.py
[2026-09-06T08:50:55.992+0000] {processor.py:830} INFO - Processing file /opt/airflow/dags/netflix_dag.py for tasks to queue
[2026-09-06T08:50:55.997+0000] {logging_mixin.py:188} INFO - [2026-09-06T08:50:55.996+0000] {dagbag.py:545} INFO - Filling up the DagBag from /opt/airflow/dags/netflix_dag.py
[2026-09-06T08:50:56.040+0000] {processor.py:840} INFO - DAG(s) 'netflix_etl_pipeline' retrieved from /opt/airflow/dags/netflix_dag.py
[2026-09-06T08:50:56.111+0000] {logging_mixin.py:188} INFO - [2026-09-06T08:50:56.111+0000] {dag.py:3089} INFO - Sync 1 DAGs
[2026-09-06T08:50:56.164+0000] {logging_mixin.py:188} INFO - [2026-09-06T08:50:56.163+0000] {dag.py:3947} INFO - Setting next_dagrun for netflix_etl_pipeline to 2026-09-05 00:00:00+00:00, run_after=2026-09-06 00:00:00+00:00
[2026-09-06T08:50:56.311+0000] {processor.py:183} INFO - Processing /opt/airflow/dags/netflix_dag.py took 0.341 seconds
[2026-09-06T08:51:27.906+0000] {processor.py:161} INFO - Started process (PID=8344) to work on /opt/airflow/dags/netflix_dag.py
[2026-09-06T08:51:28.005+0000] {processor.py:830} INFO - Processing file /opt/airflow/dags/netflix_dag.py for tasks to queue
[2026-09-06T08:51:28.011+0000] {logging_mixin.py:188} INFO - [2026-09-06T08:51:28.010+0000] {dagbag.py:545} INFO - Filling up the DagBag from /opt/airflow/dags/netflix_dag.py
[2026-09-06T08:51:28.059+0000] {processor.py:840} INFO - DAG(s) 'netflix_etl_pipeline' retrieved from /opt/airflow/dags/netflix_dag.py
[2026-09-06T08:51:28.144+0000] {logging_mixin.py:188} INFO - [2026-09-06T08:51:28.143+0000] {dag.py:3089} INFO - Sync 1 DAGs
[2026-09-06T08:51:28.192+0000] {logging_mixin.py:188} INFO - [2026-09-06T08:51:28.192+0000] {dag.py:3947} INFO - Setting next_dagrun for netflix_etl_pipeline to 2026-09-05 00:00:00+00:00, run_after=2026-09-06 00:00:00+00:00
[2026-09-06T08:51:29.238+0000] {processor.py:183} INFO - Processing /opt/airflow/dags/netflix_dag.py took 1.358 seconds
[2026-09-06T08:52:00.305+0000] {processor.py:161} INFO - Started process (PID=8355) to work on /opt/airflow/dags/netflix_dag.py
[2026-09-06T08:52:00.309+0000] {processor.py:830} INFO - Processing file /opt/airflow/dags/netflix_dag.py for tasks to queue
[2026-09-06T08:52:00.318+0000] {logging_mixin.py:188} INFO - [2026-09-06T08:52:00.317+0000] {dagbag.py:545} INFO - Filling up the DagBag from /opt/airflow/dags/netflix_dag.py
[2026-09-06T08:52:00.380+0000] {processor.py:840} INFO - DAG(s) 'netflix_etl_pipeline' retrieved from /opt/airflow/dags/netflix_dag.py
[2026-09-06T08:52:00.548+0000] {logging_mixin.py:188} INFO - [2026-09-06T08:52:00.547+0000] {dag.py:3089} INFO - Sync 1 DAGs
[2026-09-06T08:52:00.755+0000] {logging_mixin.py:188} INFO - [2026-09-06T08:52:00.754+0000] {dag.py:3947} INFO - Setting next_dagrun for netflix_etl_pipeline to 2026-09-05 00:00:00+00:00, run_after=2026-09-06 00:00:00+00:00
[2026-09-06T08:52:00.960+0000] {processor.py:183} INFO - Processing /opt/airflow/dags/netflix_dag.py took 0.681 seconds
[2026-09-06T08:52:31.538+0000] {processor.py:161} INFO - Started process (PID=8366) to work on /opt/airflow/dags/netflix_dag.py
[2026-09-06T08:52:31.541+0000] {processor.py:830} INFO - Processing file /opt/airflow/dags/netflix_dag.py for tasks to queue
[2026-09-06T08:52:31.548+0000] {logging_mixin.py:188} INFO - [2026-09-06T08:52:31.547+0000] {dagbag.py:545} INFO - Filling up the DagBag from /opt/airflow/dags/netflix_dag.py
[2026-09-06T08:52:31.594+0000] {processor.py:840} INFO - DAG(s) 'netflix_etl_pipeline' retrieved from /opt/airflow/dags/netflix_dag.py
[2026-09-06T08:52:31.813+0000] {logging_mixin.py:188} INFO - [2026-09-06T08:52:31.802+0000] {dag.py:3089} INFO - Sync 1 DAGs
[2026-09-06T08:52:32.005+0000] {logging_mixin.py:188} INFO - [2026-09-06T08:52:32.005+0000] {dag.py:3947} INFO - Setting next_dagrun for netflix_etl_pipeline to 2026-09-05 00:00:00+00:00, run_after=2026-09-06 00:00:00+00:00
[2026-09-06T08:52:32.232+0000] {processor.py:183} INFO - Processing /opt/airflow/dags/netflix_dag.py took 0.709 seconds
[2026-09-06T08:53:03.084+0000] {processor.py:161} INFO - Started process (PID=8383) to work on /opt/airflow/dags/netflix_dag.py
[2026-09-06T08:53:03.087+0000] {processor.py:830} INFO - Processing file /opt/airflow/dags/netflix_dag.py for tasks to queue
[2026-09-06T08:53:03.094+0000] {logging_mixin.py:188} INFO - [2026-09-06T08:53:03.093+0000] {dagbag.py:545} INFO - Filling up the DagBag from /opt/airflow/dags/netflix_dag.py
[2026-09-06T08:53:03.142+0000] {processor.py:840} INFO - DAG(s) 'netflix_etl_pipeline' retrieved from /opt/airflow/dags/netflix_dag.py
[2026-09-06T08:53:03.406+0000] {logging_mixin.py:188} INFO - [2026-09-06T08:53:03.405+0000] {dag.py:3089} INFO - Sync 1 DAGs
[2026-09-06T08:53:03.649+0000] {logging_mixin.py:188} INFO - [2026-09-06T08:53:03.648+0000] {dag.py:3947} INFO - Setting next_dagrun for netflix_etl_pipeline to 2026-09-05 00:00:00+00:00, run_after=2026-09-06 00:00:00+00:00
[2026-09-06T08:53:03.858+0000] {processor.py:183} INFO - Processing /opt/airflow/dags/netflix_dag.py took 0.792 seconds
[2026-09-06T08:53:34.561+0000] {processor.py:161} INFO - Started process (PID=8394) to work on /opt/airflow/dags/netflix_dag.py
[2026-09-06T08:53:34.565+0000] {processor.py:830} INFO - Processing file /opt/airflow/dags/netflix_dag.py for tasks to queue
[2026-09-06T08:53:34.572+0000] {logging_mixin.py:188} INFO - [2026-09-06T08:53:34.571+0000] {dagbag.py:545} INFO - Filling up the DagBag from /opt/airflow/dags/netflix_dag.py
[2026-09-06T08:53:34.762+0000] {processor.py:840} INFO - DAG(s) 'netflix_etl_pipeline' retrieved from /opt/airflow/dags/netflix_dag.py
[2026-09-06T08:53:34.859+0000] {logging_mixin.py:188} INFO - [2026-09-06T08:53:34.858+0000] {dag.py:3089} INFO - Sync 1 DAGs
[2026-09-06T08:53:34.992+0000] {logging_mixin.py:188} INFO - [2026-09-06T08:53:34.992+0000] {dag.py:3947} INFO - Setting next_dagrun for netflix_etl_pipeline to 2026-09-05 00:00:00+00:00, run_after=2026-09-06 00:00:00+00:00
[2026-09-06T08:53:35.196+0000] {processor.py:183} INFO - Processing /opt/airflow/dags/netflix_dag.py took 0.653 seconds
[2026-09-06T08:54:05.503+0000] {processor.py:161} INFO - Started process (PID=8405) to work on /opt/airflow/dags/netflix_dag.py
[2026-09-06T08:54:05.506+0000] {processor.py:830} INFO - Processing file /opt/airflow/dags/netflix_dag.py for tasks to queue
[2026-09-06T08:54:05.513+0000] {logging_mixin.py:188} INFO - [2026-09-06T08:54:05.512+0000] {dagbag.py:545} INFO - Filling up the DagBag from /opt/airflow/dags/netflix_dag.py
[2026-09-06T08:54:05.573+0000] {processor.py:840} INFO - DAG(s) 'netflix_etl_pipeline' retrieved from /opt/airflow/dags/netflix_dag.py
[2026-09-06T08:54:05.952+0000] {logging_mixin.py:188} INFO - [2026-09-06T08:54:05.952+0000] {dag.py:3089} INFO - Sync 1 DAGs
[2026-09-06T08:54:06.198+0000] {logging_mixin.py:188} INFO - [2026-09-06T08:54:06.197+0000] {dag.py:3947} INFO - Setting next_dagrun for netflix_etl_pipeline to 2026-09-05 00:00:00+00:00, run_after=2026-09-06 00:00:00+00:00
[2026-09-06T08:54:06.416+0000] {processor.py:183} INFO - Processing /opt/airflow/dags/netflix_dag.py took 0.938 seconds
[2026-09-06T08:54:36.737+0000] {processor.py:161} INFO - Started process (PID=8416) to work on /opt/airflow/dags/netflix_dag.py
[2026-09-06T08:54:36.740+0000] {processor.py:830} INFO - Processing file /opt/airflow/dags/netflix_dag.py for tasks to queue
[2026-09-06T08:54:36.746+0000] {logging_mixin.py:188} INFO - [2026-09-06T08:54:36.745+0000] {dagbag.py:545} INFO - Filling up the DagBag from /opt/airflow/dags/netflix_dag.py
[2026-09-06T08:54:36.792+0000] {processor.py:840} INFO - DAG(s) 'netflix_etl_pipeline' retrieved from /opt/airflow/dags/netflix_dag.py
[2026-09-06T08:54:36.999+0000] {logging_mixin.py:188} INFO - [2026-09-06T08:54:36.998+0000] {dag.py:3089} INFO - Sync 1 DAGs
[2026-09-06T08:54:37.199+0000] {logging_mixin.py:188} INFO - [2026-09-06T08:54:37.198+0000] {dag.py:3947} INFO - Setting next_dagrun for netflix_etl_pipeline to 2026-09-05 00:00:00+00:00, run_after=2026-09-06 00:00:00+00:00
[2026-09-06T08:54:37.439+0000] {processor.py:183} INFO - Processing /opt/airflow/dags/netflix_dag.py took 0.720 seconds
[2026-09-06T08:55:08.554+0000] {processor.py:161} INFO - Started process (PID=8427) to work on /opt/airflow/dags/netflix_dag.py
[2026-09-06T08:55:08.560+0000] {processor.py:830} INFO - Processing file /opt/airflow/dags/netflix_dag.py for tasks to queue
[2026-09-06T08:55:08.568+0000] {logging_mixin.py:188} INFO - [2026-09-06T08:55:08.567+0000] {dagbag.py:545} INFO - Filling up the DagBag from /opt/airflow/dags/netflix_dag.py
[2026-09-06T08:55:08.623+0000] {processor.py:840} INFO - DAG(s) 'netflix_etl_pipeline' retrieved from /opt/airflow/dags/netflix_dag.py
[2026-09-06T08:55:08.779+0000] {logging_mixin.py:188} INFO - [2026-09-06T08:55:08.778+0000] {dag.py:3089} INFO - Sync 1 DAGs
[2026-09-06T08:55:09.032+0000] {logging_mixin.py:188} INFO - [2026-09-06T08:55:09.031+0000] {dag.py:3947} INFO - Setting next_dagrun for netflix_etl_pipeline to 2026-09-05 00:00:00+00:00, run_after=2026-09-06 00:00:00+00:00
[2026-09-06T08:55:09.240+0000] {processor.py:183} INFO - Processing /opt/airflow/dags/netflix_dag.py took 0.710 seconds
[2026-09-06T08:55:39.856+0000] {processor.py:161} INFO - Started process (PID=8438) to work on /opt/airflow/dags/netflix_dag.py
[2026-09-06T08:55:39.859+0000] {processor.py:830} INFO - Processing file /opt/airflow/dags/netflix_dag.py for tasks to queue
[2026-09-06T08:55:39.864+0000] {logging_mixin.py:188} INFO - [2026-09-06T08:55:39.864+0000] {dagbag.py:545} INFO - Filling up the DagBag from /opt/airflow/dags/netflix_dag.py
[2026-09-06T08:55:39.913+0000] {processor.py:840} INFO - DAG(s) 'netflix_etl_pipeline' retrieved from /opt/airflow/dags/netflix_dag.py
[2026-09-06T08:55:39.989+0000] {logging_mixin.py:188} INFO - [2026-09-06T08:55:39.989+0000] {dag.py:3089} INFO - Sync 1 DAGs
[2026-09-06T08:55:40.040+0000] {logging_mixin.py:188} INFO - [2026-09-06T08:55:40.040+0000] {dag.py:3947} INFO - Setting next_dagrun for netflix_etl_pipeline to 2026-09-05 00:00:00+00:00, run_after=2026-09-06 00:00:00+00:00
[2026-09-06T08:55:40.084+0000] {processor.py:183} INFO - Processing /opt/airflow/dags/netflix_dag.py took 0.241 seconds
[2026-09-06T08:56:10.292+0000] {processor.py:161} INFO - Started process (PID=8448) to work on /opt/airflow/dags/netflix_dag.py
[2026-09-06T08:56:10.310+0000] {processor.py:830} INFO - Processing file /opt/airflow/dags/netflix_dag.py for tasks to queue
[2026-09-06T08:56:10.346+0000] {logging_mixin.py:188} INFO - [2026-09-06T08:56:10.344+0000] {dagbag.py:545} INFO - Filling up the DagBag from /opt/airflow/dags/netflix_dag.py
[2026-09-06T08:56:10.978+0000] {processor.py:840} INFO - DAG(s) 'netflix_etl_pipeline' retrieved from /opt/airflow/dags/netflix_dag.py
[2026-09-06T08:56:11.249+0000] {logging_mixin.py:188} INFO - [2026-09-06T08:56:11.248+0000] {dag.py:3089} INFO - Sync 1 DAGs
[2026-09-06T08:56:11.478+0000] {logging_mixin.py:188} INFO - [2026-09-06T08:56:11.477+0000] {dag.py:3947} INFO - Setting next_dagrun for netflix_etl_pipeline to 2026-09-05 00:00:00+00:00, run_after=2026-09-06 00:00:00+00:00
[2026-09-06T08:56:11.605+0000] {processor.py:183} INFO - Processing /opt/airflow/dags/netflix_dag.py took 1.348 seconds
[2026-09-06T08:56:42.725+0000] {processor.py:161} INFO - Started process (PID=8459) to work on /opt/airflow/dags/netflix_dag.py
[2026-09-06T08:56:42.729+0000] {processor.py:830} INFO - Processing file /opt/airflow/dags/netflix_dag.py for tasks to queue
[2026-09-06T08:56:42.735+0000] {logging_mixin.py:188} INFO - [2026-09-06T08:56:42.735+0000] {dagbag.py:545} INFO - Filling up the DagBag from /opt/airflow/dags/netflix_dag.py
[2026-09-06T08:56:42.783+0000] {processor.py:840} INFO - DAG(s) 'netflix_etl_pipeline' retrieved from /opt/airflow/dags/netflix_dag.py
[2026-09-06T08:56:42.883+0000] {logging_mixin.py:188} INFO - [2026-09-06T08:56:42.882+0000] {dag.py:3089} INFO - Sync 1 DAGs
[2026-09-06T08:56:43.087+0000] {logging_mixin.py:188} INFO - [2026-09-06T08:56:43.086+0000] {dag.py:3947} INFO - Setting next_dagrun for netflix_etl_pipeline to 2026-09-05 00:00:00+00:00, run_after=2026-09-06 00:00:00+00:00
[2026-09-06T08:56:44.726+0000] {processor.py:183} INFO - Processing /opt/airflow/dags/netflix_dag.py took 2.022 seconds
[2026-09-06T08:57:16.112+0000] {processor.py:161} INFO - Started process (PID=8469) to work on /opt/airflow/dags/netflix_dag.py
[2026-09-06T08:57:16.156+0000] {processor.py:830} INFO - Processing file /opt/airflow/dags/netflix_dag.py for tasks to queue
[2026-09-06T08:57:16.204+0000] {logging_mixin.py:188} INFO - [2026-09-06T08:57:16.203+0000] {dagbag.py:545} INFO - Filling up the DagBag from /opt/airflow/dags/netflix_dag.py
[2026-09-06T08:57:16.338+0000] {processor.py:840} INFO - DAG(s) 'netflix_etl_pipeline' retrieved from /opt/airflow/dags/netflix_dag.py
[2026-09-06T08:57:16.439+0000] {logging_mixin.py:188} INFO - [2026-09-06T08:57:16.438+0000] {dag.py:3089} INFO - Sync 1 DAGs
[2026-09-06T08:57:16.498+0000] {logging_mixin.py:188} INFO - [2026-09-06T08:57:16.497+0000] {dag.py:3947} INFO - Setting next_dagrun for netflix_etl_pipeline to 2026-09-05 00:00:00+00:00, run_after=2026-09-06 00:00:00+00:00
[2026-09-06T08:57:16.672+0000] {processor.py:183} INFO - Processing /opt/airflow/dags/netflix_dag.py took 0.604 seconds
[2026-09-06T08:57:47.180+0000] {processor.py:161} INFO - Started process (PID=8480) to work on /opt/airflow/dags/netflix_dag.py
[2026-09-06T08:57:47.235+0000] {processor.py:830} INFO - Processing file /opt/airflow/dags/netflix_dag.py for tasks to queue
[2026-09-06T08:57:47.322+0000] {logging_mixin.py:188} INFO - [2026-09-06T08:57:47.320+0000] {dagbag.py:545} INFO - Filling up the DagBag from /opt/airflow/dags/netflix_dag.py
[2026-09-06T08:57:48.282+0000] {processor.py:840} INFO - DAG(s) 'netflix_etl_pipeline' retrieved from /opt/airflow/dags/netflix_dag.py
[2026-09-06T08:57:48.412+0000] {logging_mixin.py:188} INFO - [2026-09-06T08:57:48.411+0000] {dag.py:3089} INFO - Sync 1 DAGs
[2026-09-06T08:57:48.498+0000] {logging_mixin.py:188} INFO - [2026-09-06T08:57:48.497+0000] {dag.py:3947} INFO - Setting next_dagrun for netflix_etl_pipeline to 2026-09-05 00:00:00+00:00, run_after=2026-09-06 00:00:00+00:00
[2026-09-06T08:57:48.612+0000] {processor.py:183} INFO - Processing /opt/airflow/dags/netflix_dag.py took 1.462 seconds
[2026-09-06T08:58:19.067+0000] {processor.py:161} INFO - Started process (PID=8491) to work on /opt/airflow/dags/netflix_dag.py
[2026-09-06T08:58:19.070+0000] {processor.py:830} INFO - Processing file /opt/airflow/dags/netflix_dag.py for tasks to queue
[2026-09-06T08:58:19.076+0000] {logging_mixin.py:188} INFO - [2026-09-06T08:58:19.075+0000] {dagbag.py:545} INFO - Filling up the DagBag from /opt/airflow/dags/netflix_dag.py
[2026-09-06T08:58:19.133+0000] {processor.py:840} INFO - DAG(s) 'netflix_etl_pipeline' retrieved from /opt/airflow/dags/netflix_dag.py
[2026-09-06T08:58:19.226+0000] {logging_mixin.py:188} INFO - [2026-09-06T08:58:19.226+0000] {dag.py:3089} INFO - Sync 1 DAGs
[2026-09-06T08:58:19.277+0000] {logging_mixin.py:188} INFO - [2026-09-06T08:58:19.276+0000] {dag.py:3947} INFO - Setting next_dagrun for netflix_etl_pipeline to 2026-09-05 00:00:00+00:00, run_after=2026-09-06 00:00:00+00:00
[2026-09-06T08:58:19.320+0000] {processor.py:183} INFO - Processing /opt/airflow/dags/netflix_dag.py took 0.273 seconds
[2026-09-06T08:58:49.933+0000] {processor.py:161} INFO - Started process (PID=8502) to work on /opt/airflow/dags/netflix_dag.py
[2026-09-06T08:58:49.937+0000] {processor.py:830} INFO - Processing file /opt/airflow/dags/netflix_dag.py for tasks to queue
[2026-09-06T08:58:49.943+0000] {logging_mixin.py:188} INFO - [2026-09-06T08:58:49.942+0000] {dagbag.py:545} INFO - Filling up the DagBag from /opt/airflow/dags/netflix_dag.py
[2026-09-06T08:58:50.003+0000] {processor.py:840} INFO - DAG(s) 'netflix_etl_pipeline' retrieved from /opt/airflow/dags/netflix_dag.py
[2026-09-06T08:58:50.224+0000] {logging_mixin.py:188} INFO - [2026-09-06T08:58:50.223+0000] {dag.py:3089} INFO - Sync 1 DAGs
[2026-09-06T08:58:50.414+0000] {logging_mixin.py:188} INFO - [2026-09-06T08:58:50.413+0000] {dag.py:3947} INFO - Setting next_dagrun for netflix_etl_pipeline to 2026-09-05 00:00:00+00:00, run_after=2026-09-06 00:00:00+00:00
[2026-09-06T08:58:50.634+0000] {processor.py:183} INFO - Processing /opt/airflow/dags/netflix_dag.py took 0.722 seconds
[2026-09-06T08:59:21.506+0000] {processor.py:161} INFO - Started process (PID=8513) to work on /opt/airflow/dags/netflix_dag.py
[2026-09-06T08:59:21.509+0000] {processor.py:830} INFO - Processing file /opt/airflow/dags/netflix_dag.py for tasks to queue
[2026-09-06T08:59:21.517+0000] {logging_mixin.py:188} INFO - [2026-09-06T08:59:21.516+0000] {dagbag.py:545} INFO - Filling up the DagBag from /opt/airflow/dags/netflix_dag.py
[2026-09-06T08:59:21.570+0000] {processor.py:840} INFO - DAG(s) 'netflix_etl_pipeline' retrieved from /opt/airflow/dags/netflix_dag.py
[2026-09-06T08:59:21.652+0000] {logging_mixin.py:188} INFO - [2026-09-06T08:59:21.652+0000] {dag.py:3089} INFO - Sync 1 DAGs
[2026-09-06T08:59:21.710+0000] {logging_mixin.py:188} INFO - [2026-09-06T08:59:21.709+0000] {dag.py:3947} INFO - Setting next_dagrun for netflix_etl_pipeline to 2026-09-05 00:00:00+00:00, run_after=2026-09-06 00:00:00+00:00
[2026-09-06T08:59:21.942+0000] {processor.py:183} INFO - Processing /opt/airflow/dags/netflix_dag.py took 0.460 seconds
[2026-09-06T08:59:53.279+0000] {processor.py:161} INFO - Started process (PID=8524) to work on /opt/airflow/dags/netflix_dag.py
[2026-09-06T08:59:53.312+0000] {processor.py:830} INFO - Processing file /opt/airflow/dags/netflix_dag.py for tasks to queue
[2026-09-06T08:59:53.345+0000] {logging_mixin.py:188} INFO - [2026-09-06T08:59:53.344+0000] {dagbag.py:545} INFO - Filling up the DagBag from /opt/airflow/dags/netflix_dag.py
[2026-09-06T08:59:54.046+0000] {processor.py:840} INFO - DAG(s) 'netflix_etl_pipeline' retrieved from /opt/airflow/dags/netflix_dag.py
[2026-09-06T08:59:54.207+0000] {logging_mixin.py:188} INFO - [2026-09-06T08:59:54.206+0000] {dag.py:3089} INFO - Sync 1 DAGs
[2026-09-06T08:59:54.262+0000] {logging_mixin.py:188} INFO - [2026-09-06T08:59:54.261+0000] {dag.py:3947} INFO - Setting next_dagrun for netflix_etl_pipeline to 2026-09-05 00:00:00+00:00, run_after=2026-09-06 00:00:00+00:00
[2026-09-06T08:59:54.304+0000] {processor.py:183} INFO - Processing /opt/airflow/dags/netflix_dag.py took 1.061 seconds
[2026-09-06T09:00:25.157+0000] {processor.py:161} INFO - Started process (PID=8536) to work on /opt/airflow/dags/netflix_dag.py
[2026-09-06T09:00:25.162+0000] {processor.py:830} INFO - Processing file /opt/airflow/dags/netflix_dag.py for tasks to queue
[2026-09-06T09:00:25.169+0000] {logging_mixin.py:188} INFO - [2026-09-06T09:00:25.168+0000] {dagbag.py:545} INFO - Filling up the DagBag from /opt/airflow/dags/netflix_dag.py
[2026-09-06T09:00:25.220+0000] {processor.py:840} INFO - DAG(s) 'netflix_etl_pipeline' retrieved from /opt/airflow/dags/netflix_dag.py
[2026-09-06T09:00:25.298+0000] {logging_mixin.py:188} INFO - [2026-09-06T09:00:25.298+0000] {dag.py:3089} INFO - Sync 1 DAGs
[2026-09-06T09:00:25.345+0000] {logging_mixin.py:188} INFO - [2026-09-06T09:00:25.345+0000] {dag.py:3947} INFO - Setting next_dagrun for netflix_etl_pipeline to 2026-09-05 00:00:00+00:00, run_after=2026-09-06 00:00:00+00:00
[2026-09-06T09:00:25.386+0000] {processor.py:183} INFO - Processing /opt/airflow/dags/netflix_dag.py took 0.249 seconds
[2026-09-06T09:00:56.165+0000] {processor.py:161} INFO - Started process (PID=8547) to work on /opt/airflow/dags/netflix_dag.py
[2026-09-06T09:00:56.168+0000] {processor.py:830} INFO - Processing file /opt/airflow/dags/netflix_dag.py for tasks to queue
[2026-09-06T09:00:56.174+0000] {logging_mixin.py:188} INFO - [2026-09-06T09:00:56.173+0000] {dagbag.py:545} INFO - Filling up the DagBag from /opt/airflow/dags/netflix_dag.py
[2026-09-06T09:00:56.227+0000] {processor.py:840} INFO - DAG(s) 'netflix_etl_pipeline' retrieved from /opt/airflow/dags/netflix_dag.py
[2026-09-06T09:00:56.308+0000] {logging_mixin.py:188} INFO - [2026-09-06T09:00:56.308+0000] {dag.py:3089} INFO - Sync 1 DAGs
[2026-09-06T09:00:56.359+0000] {logging_mixin.py:188} INFO - [2026-09-06T09:00:56.359+0000] {dag.py:3947} INFO - Setting next_dagrun for netflix_etl_pipeline to 2026-09-05 00:00:00+00:00, run_after=2026-09-06 00:00:00+00:00
[2026-09-06T09:00:56.400+0000] {processor.py:183} INFO - Processing /opt/airflow/dags/netflix_dag.py took 0.250 seconds
[2026-09-06T09:01:27.142+0000] {processor.py:161} INFO - Started process (PID=8558) to work on /opt/airflow/dags/netflix_dag.py
[2026-09-06T09:01:27.146+0000] {processor.py:830} INFO - Processing file /opt/airflow/dags/netflix_dag.py for tasks to queue
[2026-09-06T09:01:27.153+0000] {logging_mixin.py:188} INFO - [2026-09-06T09:01:27.152+0000] {dagbag.py:545} INFO - Filling up the DagBag from /opt/airflow/dags/netflix_dag.py
[2026-09-06T09:01:27.227+0000] {processor.py:840} INFO - DAG(s) 'netflix_etl_pipeline' retrieved from /opt/airflow/dags/netflix_dag.py
[2026-09-06T09:01:27.531+0000] {logging_mixin.py:188} INFO - [2026-09-06T09:01:27.530+0000] {dag.py:3089} INFO - Sync 1 DAGs
[2026-09-06T09:01:27.714+0000] {logging_mixin.py:188} INFO - [2026-09-06T09:01:27.703+0000] {dag.py:3947} INFO - Setting next_dagrun for netflix_etl_pipeline to 2026-09-05 00:00:00+00:00, run_after=2026-09-06 00:00:00+00:00
[2026-09-06T09:01:27.937+0000] {processor.py:183} INFO - Processing /opt/airflow/dags/netflix_dag.py took 0.815 seconds
[2026-09-06T09:01:58.917+0000] {processor.py:161} INFO - Started process (PID=8569) to work on /opt/airflow/dags/netflix_dag.py
[2026-09-06T09:01:58.920+0000] {processor.py:830} INFO - Processing file /opt/airflow/dags/netflix_dag.py for tasks to queue
[2026-09-06T09:01:58.926+0000] {logging_mixin.py:188} INFO - [2026-09-06T09:01:58.926+0000] {dagbag.py:545} INFO - Filling up the DagBag from /opt/airflow/dags/netflix_dag.py
[2026-09-06T09:01:58.971+0000] {processor.py:840} INFO - DAG(s) 'netflix_etl_pipeline' retrieved from /opt/airflow/dags/netflix_dag.py
[2026-09-06T09:01:59.048+0000] {logging_mixin.py:188} INFO - [2026-09-06T09:01:59.048+0000] {dag.py:3089} INFO - Sync 1 DAGs
[2026-09-06T09:01:59.100+0000] {logging_mixin.py:188} INFO - [2026-09-06T09:01:59.100+0000] {dag.py:3947} INFO - Setting next_dagrun for netflix_etl_pipeline to 2026-09-05 00:00:00+00:00, run_after=2026-09-06 00:00:00+00:00
[2026-09-06T09:01:59.255+0000] {processor.py:183} INFO - Processing /opt/airflow/dags/netflix_dag.py took 0.355 seconds
[2026-09-06T09:02:30.627+0000] {processor.py:161} INFO - Started process (PID=8579) to work on /opt/airflow/dags/netflix_dag.py
[2026-09-06T09:02:30.630+0000] {processor.py:830} INFO - Processing file /opt/airflow/dags/netflix_dag.py for tasks to queue
[2026-09-06T09:02:30.637+0000] {logging_mixin.py:188} INFO - [2026-09-06T09:02:30.636+0000] {dagbag.py:545} INFO - Filling up the DagBag from /opt/airflow/dags/netflix_dag.py
[2026-09-06T09:02:30.706+0000] {processor.py:840} INFO - DAG(s) 'netflix_etl_pipeline' retrieved from /opt/airflow/dags/netflix_dag.py
[2026-09-06T09:02:30.846+0000] {logging_mixin.py:188} INFO - [2026-09-06T09:02:30.845+0000] {dag.py:3089} INFO - Sync 1 DAGs
[2026-09-06T09:02:31.070+0000] {logging_mixin.py:188} INFO - [2026-09-06T09:02:31.070+0000] {dag.py:3947} INFO - Setting next_dagrun for netflix_etl_pipeline to 2026-09-05 00:00:00+00:00, run_after=2026-09-06 00:00:00+00:00
[2026-09-06T09:02:31.275+0000] {processor.py:183} INFO - Processing /opt/airflow/dags/netflix_dag.py took 0.671 seconds
[2026-09-06T09:03:01.591+0000] {processor.py:161} INFO - Started process (PID=8590) to work on /opt/airflow/dags/netflix_dag.py
[2026-09-06T09:03:01.594+0000] {processor.py:830} INFO - Processing file /opt/airflow/dags/netflix_dag.py for tasks to queue
[2026-09-06T09:03:01.600+0000] {logging_mixin.py:188} INFO - [2026-09-06T09:03:01.599+0000] {dagbag.py:545} INFO - Filling up the DagBag from /opt/airflow/dags/netflix_dag.py
[2026-09-06T09:03:01.642+0000] {processor.py:840} INFO - DAG(s) 'netflix_etl_pipeline' retrieved from /opt/airflow/dags/netflix_dag.py
[2026-09-06T09:03:01.772+0000] {logging_mixin.py:188} INFO - [2026-09-06T09:03:01.771+0000] {dag.py:3089} INFO - Sync 1 DAGs
[2026-09-06T09:03:01.968+0000] {logging_mixin.py:188} INFO - [2026-09-06T09:03:01.961+0000] {dag.py:3947} INFO - Setting next_dagrun for netflix_etl_pipeline to 2026-09-05 00:00:00+00:00, run_after=2026-09-06 00:00:00+00:00
[2026-09-06T09:03:02.263+0000] {processor.py:183} INFO - Processing /opt/airflow/dags/netflix_dag.py took 0.690 seconds
[2026-09-06T09:03:32.538+0000] {processor.py:161} INFO - Started process (PID=8601) to work on /opt/airflow/dags/netflix_dag.py
[2026-09-06T09:03:32.541+0000] {processor.py:830} INFO - Processing file /opt/airflow/dags/netflix_dag.py for tasks to queue
[2026-09-06T09:03:32.547+0000] {logging_mixin.py:188} INFO - [2026-09-06T09:03:32.546+0000] {dagbag.py:545} INFO - Filling up the DagBag from /opt/airflow/dags/netflix_dag.py
[2026-09-06T09:03:32.603+0000] {processor.py:840} INFO - DAG(s) 'netflix_etl_pipeline' retrieved from /opt/airflow/dags/netflix_dag.py
[2026-09-06T09:03:32.684+0000] {logging_mixin.py:188} INFO - [2026-09-06T09:03:32.683+0000] {dag.py:3089} INFO - Sync 1 DAGs
[2026-09-06T09:03:32.738+0000] {logging_mixin.py:188} INFO - [2026-09-06T09:03:32.737+0000] {dag.py:3947} INFO - Setting next_dagrun for netflix_etl_pipeline to 2026-09-05 00:00:00+00:00, run_after=2026-09-06 00:00:00+00:00
[2026-09-06T09:03:32.780+0000] {processor.py:183} INFO - Processing /opt/airflow/dags/netflix_dag.py took 0.259 seconds
[2026-09-06T09:04:04.110+0000] {processor.py:161} INFO - Started process (PID=8612) to work on /opt/airflow/dags/netflix_dag.py
[2026-09-06T09:04:04.114+0000] {processor.py:830} INFO - Processing file /opt/airflow/dags/netflix_dag.py for tasks to queue
[2026-09-06T09:04:04.191+0000] {logging_mixin.py:188} INFO - [2026-09-06T09:04:04.189+0000] {dagbag.py:545} INFO - Filling up the DagBag from /opt/airflow/dags/netflix_dag.py
[2026-09-06T09:04:05.286+0000] {processor.py:840} INFO - DAG(s) 'netflix_etl_pipeline' retrieved from /opt/airflow/dags/netflix_dag.py
[2026-09-06T09:04:05.389+0000] {logging_mixin.py:188} INFO - [2026-09-06T09:04:05.388+0000] {dag.py:3089} INFO - Sync 1 DAGs
[2026-09-06T09:04:05.454+0000] {logging_mixin.py:188} INFO - [2026-09-06T09:04:05.453+0000] {dag.py:3947} INFO - Setting next_dagrun for netflix_etl_pipeline to 2026-09-05 00:00:00+00:00, run_after=2026-09-06 00:00:00+00:00
[2026-09-06T09:04:05.502+0000] {processor.py:183} INFO - Processing /opt/airflow/dags/netflix_dag.py took 1.427 seconds
[2026-09-06T09:04:36.380+0000] {processor.py:161} INFO - Started process (PID=8623) to work on /opt/airflow/dags/netflix_dag.py
[2026-09-06T09:04:36.383+0000] {processor.py:830} INFO - Processing file /opt/airflow/dags/netflix_dag.py for tasks to queue
[2026-09-06T09:04:36.390+0000] {logging_mixin.py:188} INFO - [2026-09-06T09:04:36.389+0000] {dagbag.py:545} INFO - Filling up the DagBag from /opt/airflow/dags/netflix_dag.py
[2026-09-06T09:04:36.437+0000] {processor.py:840} INFO - DAG(s) 'netflix_etl_pipeline' retrieved from /opt/airflow/dags/netflix_dag.py
[2026-09-06T09:04:36.513+0000] {logging_mixin.py:188} INFO - [2026-09-06T09:04:36.512+0000] {dag.py:3089} INFO - Sync 1 DAGs
[2026-09-06T09:04:36.561+0000] {logging_mixin.py:188} INFO - [2026-09-06T09:04:36.561+0000] {dag.py:3947} INFO - Setting next_dagrun for netflix_etl_pipeline to 2026-09-05 00:00:00+00:00, run_after=2026-09-06 00:00:00+00:00
[2026-09-06T09:04:37.709+0000] {processor.py:183} INFO - Processing /opt/airflow/dags/netflix_dag.py took 1.344 seconds
[2026-09-06T09:05:08.879+0000] {processor.py:161} INFO - Started process (PID=8634) to work on /opt/airflow/dags/netflix_dag.py
[2026-09-06T09:05:08.933+0000] {processor.py:830} INFO - Processing file /opt/airflow/dags/netflix_dag.py for tasks to queue
[2026-09-06T09:05:08.988+0000] {logging_mixin.py:188} INFO - [2026-09-06T09:05:08.986+0000] {dagbag.py:545} INFO - Filling up the DagBag from /opt/airflow/dags/netflix_dag.py
[2026-09-06T09:05:09.766+0000] {processor.py:840} INFO - DAG(s) 'netflix_etl_pipeline' retrieved from /opt/airflow/dags/netflix_dag.py
[2026-09-06T09:05:10.017+0000] {logging_mixin.py:188} INFO - [2026-09-06T09:05:10.016+0000] {dag.py:3089} INFO - Sync 1 DAGs
[2026-09-06T09:05:10.231+0000] {logging_mixin.py:188} INFO - [2026-09-06T09:05:10.230+0000] {dag.py:3947} INFO - Setting next_dagrun for netflix_etl_pipeline to 2026-09-05 00:00:00+00:00, run_after=2026-09-06 00:00:00+00:00
[2026-09-06T09:05:10.451+0000] {processor.py:183} INFO - Processing /opt/airflow/dags/netflix_dag.py took 1.610 seconds
[2026-09-06T09:05:40.834+0000] {processor.py:161} INFO - Started process (PID=8651) to work on /opt/airflow/dags/netflix_dag.py
[2026-09-06T09:05:40.838+0000] {processor.py:830} INFO - Processing file /opt/airflow/dags/netflix_dag.py for tasks to queue
[2026-09-06T09:05:40.893+0000] {logging_mixin.py:188} INFO - [2026-09-06T09:05:40.891+0000] {dagbag.py:545} INFO - Filling up the DagBag from /opt/airflow/dags/netflix_dag.py
[2026-09-06T09:05:41.518+0000] {processor.py:840} INFO - DAG(s) 'netflix_etl_pipeline' retrieved from /opt/airflow/dags/netflix_dag.py
[2026-09-06T09:05:41.649+0000] {logging_mixin.py:188} INFO - [2026-09-06T09:05:41.648+0000] {dag.py:3089} INFO - Sync 1 DAGs
[2026-09-06T09:05:41.799+0000] {logging_mixin.py:188} INFO - [2026-09-06T09:05:41.798+0000] {dag.py:3947} INFO - Setting next_dagrun for netflix_etl_pipeline to 2026-09-05 00:00:00+00:00, run_after=2026-09-06 00:00:00+00:00
[2026-09-06T09:05:42.004+0000] {processor.py:183} INFO - Processing /opt/airflow/dags/netflix_dag.py took 1.187 seconds
[2026-09-06T09:06:12.203+0000] {processor.py:161} INFO - Started process (PID=8663) to work on /opt/airflow/dags/netflix_dag.py
[2026-09-06T09:06:12.207+0000] {processor.py:830} INFO - Processing file /opt/airflow/dags/netflix_dag.py for tasks to queue
[2026-09-06T09:06:12.212+0000] {logging_mixin.py:188} INFO - [2026-09-06T09:06:12.212+0000] {dagbag.py:545} INFO - Filling up the DagBag from /opt/airflow/dags/netflix_dag.py
[2026-09-06T09:06:12.263+0000] {processor.py:840} INFO - DAG(s) 'netflix_etl_pipeline' retrieved from /opt/airflow/dags/netflix_dag.py
[2026-09-06T09:06:12.352+0000] {logging_mixin.py:188} INFO - [2026-09-06T09:06:12.352+0000] {dag.py:3089} INFO - Sync 1 DAGs
[2026-09-06T09:06:12.407+0000] {logging_mixin.py:188} INFO - [2026-09-06T09:06:12.407+0000] {dag.py:3947} INFO - Setting next_dagrun for netflix_etl_pipeline to 2026-09-05 00:00:00+00:00, run_after=2026-09-06 00:00:00+00:00
[2026-09-06T09:06:12.452+0000] {processor.py:183} INFO - Processing /opt/airflow/dags/netflix_dag.py took 0.269 seconds
[2026-09-06T09:06:43.375+0000] {processor.py:161} INFO - Started process (PID=8674) to work on /opt/airflow/dags/netflix_dag.py
[2026-09-06T09:06:43.378+0000] {processor.py:830} INFO - Processing file /opt/airflow/dags/netflix_dag.py for tasks to queue
[2026-09-06T09:06:43.385+0000] {logging_mixin.py:188} INFO - [2026-09-06T09:06:43.383+0000] {dagbag.py:545} INFO - Filling up the DagBag from /opt/airflow/dags/netflix_dag.py
[2026-09-06T09:06:43.428+0000] {processor.py:840} INFO - DAG(s) 'netflix_etl_pipeline' retrieved from /opt/airflow/dags/netflix_dag.py
[2026-09-06T09:06:43.531+0000] {logging_mixin.py:188} INFO - [2026-09-06T09:06:43.530+0000] {dag.py:3089} INFO - Sync 1 DAGs
[2026-09-06T09:06:43.704+0000] {logging_mixin.py:188} INFO - [2026-09-06T09:06:43.704+0000] {dag.py:3947} INFO - Setting next_dagrun for netflix_etl_pipeline to 2026-09-05 00:00:00+00:00, run_after=2026-09-06 00:00:00+00:00
[2026-09-06T09:06:43.889+0000] {processor.py:183} INFO - Processing /opt/airflow/dags/netflix_dag.py took 0.531 seconds
[2026-09-06T09:07:14.523+0000] {processor.py:161} INFO - Started process (PID=8685) to work on /opt/airflow/dags/netflix_dag.py
[2026-09-06T09:07:14.545+0000] {processor.py:830} INFO - Processing file /opt/airflow/dags/netflix_dag.py for tasks to queue
[2026-09-06T09:07:14.573+0000] {logging_mixin.py:188} INFO - [2026-09-06T09:07:14.572+0000] {dagbag.py:545} INFO - Filling up the DagBag from /opt/airflow/dags/netflix_dag.py
[2026-09-06T09:07:15.080+0000] {processor.py:840} INFO - DAG(s) 'netflix_etl_pipeline' retrieved from /opt/airflow/dags/netflix_dag.py
[2026-09-06T09:07:15.164+0000] {logging_mixin.py:188} INFO - [2026-09-06T09:07:15.164+0000] {dag.py:3089} INFO - Sync 1 DAGs
[2026-09-06T09:07:15.224+0000] {logging_mixin.py:188} INFO - [2026-09-06T09:07:15.224+0000] {dag.py:3947} INFO - Setting next_dagrun for netflix_etl_pipeline to 2026-09-05 00:00:00+00:00, run_after=2026-09-06 00:00:00+00:00
[2026-09-06T09:07:15.393+0000] {processor.py:183} INFO - Processing /opt/airflow/dags/netflix_dag.py took 0.887 seconds
[2026-09-06T09:07:46.458+0000] {processor.py:161} INFO - Started process (PID=8696) to work on /opt/airflow/dags/netflix_dag.py
[2026-09-06T09:07:47.444+0000] {processor.py:830} INFO - Processing file /opt/airflow/dags/netflix_dag.py for tasks to queue
[2026-09-06T09:07:47.450+0000] {logging_mixin.py:188} INFO - [2026-09-06T09:07:47.449+0000] {dagbag.py:545} INFO - Filling up the DagBag from /opt/airflow/dags/netflix_dag.py
[2026-09-06T09:07:47.498+0000] {processor.py:840} INFO - DAG(s) 'netflix_etl_pipeline' retrieved from /opt/airflow/dags/netflix_dag.py
[2026-09-06T09:07:48.464+0000] {logging_mixin.py:188} INFO - [2026-09-06T09:07:48.463+0000] {dag.py:3089} INFO - Sync 1 DAGs
[2026-09-06T09:07:48.673+0000] {logging_mixin.py:188} INFO - [2026-09-06T09:07:48.672+0000] {dag.py:3947} INFO - Setting next_dagrun for netflix_etl_pipeline to 2026-09-05 00:00:00+00:00, run_after=2026-09-06 00:00:00+00:00
[2026-09-06T09:07:48.889+0000] {processor.py:183} INFO - Processing /opt/airflow/dags/netflix_dag.py took 2.455 seconds
[2026-09-06T09:08:19.216+0000] {processor.py:161} INFO - Started process (PID=8707) to work on /opt/airflow/dags/netflix_dag.py
[2026-09-06T09:08:19.219+0000] {processor.py:830} INFO - Processing file /opt/airflow/dags/netflix_dag.py for tasks to queue
[2026-09-06T09:08:19.224+0000] {logging_mixin.py:188} INFO - [2026-09-06T09:08:19.223+0000] {dagbag.py:545} INFO - Filling up the DagBag from /opt/airflow/dags/netflix_dag.py
[2026-09-06T09:08:19.272+0000] {processor.py:840} INFO - DAG(s) 'netflix_etl_pipeline' retrieved from /opt/airflow/dags/netflix_dag.py
[2026-09-06T09:08:19.357+0000] {logging_mixin.py:188} INFO - [2026-09-06T09:08:19.356+0000] {dag.py:3089} INFO - Sync 1 DAGs
[2026-09-06T09:08:19.412+0000] {logging_mixin.py:188} INFO - [2026-09-06T09:08:19.412+0000] {dag.py:3947} INFO - Setting next_dagrun for netflix_etl_pipeline to 2026-09-05 00:00:00+00:00, run_after=2026-09-06 00:00:00+00:00
[2026-09-06T09:08:19.456+0000] {processor.py:183} INFO - Processing /opt/airflow/dags/netflix_dag.py took 0.255 seconds
[2026-09-06T09:08:50.299+0000] {processor.py:161} INFO - Started process (PID=8718) to work on /opt/airflow/dags/netflix_dag.py
[2026-09-06T09:08:50.303+0000] {processor.py:830} INFO - Processing file /opt/airflow/dags/netflix_dag.py for tasks to queue
[2026-09-06T09:08:50.312+0000] {logging_mixin.py:188} INFO - [2026-09-06T09:08:50.311+0000] {dagbag.py:545} INFO - Filling up the DagBag from /opt/airflow/dags/netflix_dag.py
[2026-09-06T09:08:50.378+0000] {processor.py:840} INFO - DAG(s) 'netflix_etl_pipeline' retrieved from /opt/airflow/dags/netflix_dag.py
[2026-09-06T09:08:50.701+0000] {logging_mixin.py:188} INFO - [2026-09-06T09:08:50.700+0000] {dag.py:3089} INFO - Sync 1 DAGs
[2026-09-06T09:08:50.927+0000] {logging_mixin.py:188} INFO - [2026-09-06T09:08:50.926+0000] {dag.py:3947} INFO - Setting next_dagrun for netflix_etl_pipeline to 2026-09-05 00:00:00+00:00, run_after=2026-09-06 00:00:00+00:00
[2026-09-06T09:08:51.165+0000] {processor.py:183} INFO - Processing /opt/airflow/dags/netflix_dag.py took 0.892 seconds
[2026-09-06T09:09:22.301+0000] {processor.py:161} INFO - Started process (PID=8729) to work on /opt/airflow/dags/netflix_dag.py
[2026-09-06T09:09:22.377+0000] {processor.py:830} INFO - Processing file /opt/airflow/dags/netflix_dag.py for tasks to queue
[2026-09-06T09:09:22.417+0000] {logging_mixin.py:188} INFO - [2026-09-06T09:09:22.416+0000] {dagbag.py:545} INFO - Filling up the DagBag from /opt/airflow/dags/netflix_dag.py
[2026-09-06T09:09:23.102+0000] {processor.py:840} INFO - DAG(s) 'netflix_etl_pipeline' retrieved from /opt/airflow/dags/netflix_dag.py
[2026-09-06T09:09:23.554+0000] {logging_mixin.py:188} INFO - [2026-09-06T09:09:23.554+0000] {dag.py:3089} INFO - Sync 1 DAGs
[2026-09-06T09:09:23.793+0000] {logging_mixin.py:188} INFO - [2026-09-06T09:09:23.785+0000] {dag.py:3947} INFO - Setting next_dagrun for netflix_etl_pipeline to 2026-09-05 00:00:00+00:00, run_after=2026-09-06 00:00:00+00:00
[2026-09-06T09:09:24.079+0000] {processor.py:183} INFO - Processing /opt/airflow/dags/netflix_dag.py took 1.792 seconds
[2026-09-06T09:09:55.031+0000] {processor.py:161} INFO - Started process (PID=8740) to work on /opt/airflow/dags/netflix_dag.py
[2026-09-06T09:09:55.034+0000] {processor.py:830} INFO - Processing file /opt/airflow/dags/netflix_dag.py for tasks to queue
[2026-09-06T09:09:55.039+0000] {logging_mixin.py:188} INFO - [2026-09-06T09:09:55.039+0000] {dagbag.py:545} INFO - Filling up the DagBag from /opt/airflow/dags/netflix_dag.py
[2026-09-06T09:09:55.083+0000] {processor.py:840} INFO - DAG(s) 'netflix_etl_pipeline' retrieved from /opt/airflow/dags/netflix_dag.py
[2026-09-06T09:09:56.501+0000] {logging_mixin.py:188} INFO - [2026-09-06T09:09:56.500+0000] {dag.py:3089} INFO - Sync 1 DAGs
[2026-09-06T09:09:56.679+0000] {logging_mixin.py:188} INFO - [2026-09-06T09:09:56.678+0000] {dag.py:3947} INFO - Setting next_dagrun for netflix_etl_pipeline to 2026-09-05 00:00:00+00:00, run_after=2026-09-06 00:00:00+00:00
[2026-09-06T09:09:57.401+0000] {processor.py:183} INFO - Processing /opt/airflow/dags/netflix_dag.py took 2.397 seconds
[2026-09-06T09:10:27.646+0000] {processor.py:161} INFO - Started process (PID=8751) to work on /opt/airflow/dags/netflix_dag.py
[2026-09-06T09:10:27.649+0000] {processor.py:830} INFO - Processing file /opt/airflow/dags/netflix_dag.py for tasks to queue
[2026-09-06T09:10:27.655+0000] {logging_mixin.py:188} INFO - [2026-09-06T09:10:27.654+0000] {dagbag.py:545} INFO - Filling up the DagBag from /opt/airflow/dags/netflix_dag.py
[2026-09-06T09:10:27.704+0000] {processor.py:840} INFO - DAG(s) 'netflix_etl_pipeline' retrieved from /opt/airflow/dags/netflix_dag.py
[2026-09-06T09:10:27.956+0000] {logging_mixin.py:188} INFO - [2026-09-06T09:10:27.955+0000] {dag.py:3089} INFO - Sync 1 DAGs
[2026-09-06T09:10:28.144+0000] {logging_mixin.py:188} INFO - [2026-09-06T09:10:28.143+0000] {dag.py:3947} INFO - Setting next_dagrun for netflix_etl_pipeline to 2026-09-05 00:00:00+00:00, run_after=2026-09-06 00:00:00+00:00
[2026-09-06T09:10:28.367+0000] {processor.py:183} INFO - Processing /opt/airflow/dags/netflix_dag.py took 0.737 seconds
[2026-09-06T09:10:58.676+0000] {processor.py:161} INFO - Started process (PID=8763) to work on /opt/airflow/dags/netflix_dag.py
[2026-09-06T09:10:58.679+0000] {processor.py:830} INFO - Processing file /opt/airflow/dags/netflix_dag.py for tasks to queue
[2026-09-06T09:10:58.684+0000] {logging_mixin.py:188} INFO - [2026-09-06T09:10:58.683+0000] {dagbag.py:545} INFO - Filling up the DagBag from /opt/airflow/dags/netflix_dag.py
[2026-09-06T09:10:58.733+0000] {processor.py:840} INFO - DAG(s) 'netflix_etl_pipeline' retrieved from /opt/airflow/dags/netflix_dag.py
[2026-09-06T09:10:58.814+0000] {logging_mixin.py:188} INFO - [2026-09-06T09:10:58.814+0000] {dag.py:3089} INFO - Sync 1 DAGs
[2026-09-06T09:10:58.862+0000] {logging_mixin.py:188} INFO - [2026-09-06T09:10:58.862+0000] {dag.py:3947} INFO - Setting next_dagrun for netflix_etl_pipeline to 2026-09-05 00:00:00+00:00, run_after=2026-09-06 00:00:00+00:00
[2026-09-06T09:10:58.909+0000] {processor.py:183} INFO - Processing /opt/airflow/dags/netflix_dag.py took 0.246 seconds
[2026-09-06T09:11:29.939+0000] {processor.py:161} INFO - Started process (PID=8774) to work on /opt/airflow/dags/netflix_dag.py
[2026-09-06T09:11:29.955+0000] {processor.py:830} INFO - Processing file /opt/airflow/dags/netflix_dag.py for tasks to queue
[2026-09-06T09:11:29.963+0000] {logging_mixin.py:188} INFO - [2026-09-06T09:11:29.962+0000] {dagbag.py:545} INFO - Filling up the DagBag from /opt/airflow/dags/netflix_dag.py
[2026-09-06T09:11:30.059+0000] {processor.py:840} INFO - DAG(s) 'netflix_etl_pipeline' retrieved from /opt/airflow/dags/netflix_dag.py
[2026-09-06T09:11:30.172+0000] {logging_mixin.py:188} INFO - [2026-09-06T09:11:30.171+0000] {dag.py:3089} INFO - Sync 1 DAGs
[2026-09-06T09:11:30.437+0000] {logging_mixin.py:188} INFO - [2026-09-06T09:11:30.426+0000] {dag.py:3947} INFO - Setting next_dagrun for netflix_etl_pipeline to 2026-09-05 00:00:00+00:00, run_after=2026-09-06 00:00:00+00:00
[2026-09-06T09:11:30.660+0000] {processor.py:183} INFO - Processing /opt/airflow/dags/netflix_dag.py took 0.756 seconds
[2026-09-06T09:12:01.877+0000] {processor.py:161} INFO - Started process (PID=8785) to work on /opt/airflow/dags/netflix_dag.py
[2026-09-06T09:12:01.881+0000] {processor.py:830} INFO - Processing file /opt/airflow/dags/netflix_dag.py for tasks to queue
[2026-09-06T09:12:01.893+0000] {logging_mixin.py:188} INFO - [2026-09-06T09:12:01.892+0000] {dagbag.py:545} INFO - Filling up the DagBag from /opt/airflow/dags/netflix_dag.py
[2026-09-06T09:12:01.961+0000] {processor.py:840} INFO - DAG(s) 'netflix_etl_pipeline' retrieved from /opt/airflow/dags/netflix_dag.py
[2026-09-06T09:12:02.216+0000] {logging_mixin.py:188} INFO - [2026-09-06T09:12:02.216+0000] {dag.py:3089} INFO - Sync 1 DAGs
[2026-09-06T09:12:02.408+0000] {logging_mixin.py:188} INFO - [2026-09-06T09:12:02.407+0000] {dag.py:3947} INFO - Setting next_dagrun for netflix_etl_pipeline to 2026-09-05 00:00:00+00:00, run_after=2026-09-06 00:00:00+00:00
[2026-09-06T09:12:02.606+0000] {processor.py:183} INFO - Processing /opt/airflow/dags/netflix_dag.py took 0.752 seconds
[2026-09-06T09:12:32.742+0000] {processor.py:161} INFO - Started process (PID=8796) to work on /opt/airflow/dags/netflix_dag.py
[2026-09-06T09:12:32.778+0000] {processor.py:830} INFO - Processing file /opt/airflow/dags/netflix_dag.py for tasks to queue
[2026-09-06T09:12:32.811+0000] {logging_mixin.py:188} INFO - [2026-09-06T09:12:32.810+0000] {dagbag.py:545} INFO - Filling up the DagBag from /opt/airflow/dags/netflix_dag.py
[2026-09-06T09:12:33.485+0000] {processor.py:840} INFO - DAG(s) 'netflix_etl_pipeline' retrieved from /opt/airflow/dags/netflix_dag.py
[2026-09-06T09:12:33.657+0000] {logging_mixin.py:188} INFO - [2026-09-06T09:12:33.656+0000] {dag.py:3089} INFO - Sync 1 DAGs
[2026-09-06T09:12:33.714+0000] {logging_mixin.py:188} INFO - [2026-09-06T09:12:33.713+0000] {dag.py:3947} INFO - Setting next_dagrun for netflix_etl_pipeline to 2026-09-05 00:00:00+00:00, run_after=2026-09-06 00:00:00+00:00
[2026-09-06T09:12:33.752+0000] {processor.py:183} INFO - Processing /opt/airflow/dags/netflix_dag.py took 1.026 seconds
[2026-09-06T09:13:08.223+0000] {processor.py:161} INFO - Started process (PID=8807) to work on /opt/airflow/dags/netflix_dag.py
[2026-09-06T09:13:08.226+0000] {processor.py:830} INFO - Processing file /opt/airflow/dags/netflix_dag.py for tasks to queue
[2026-09-06T09:13:08.232+0000] {logging_mixin.py:188} INFO - [2026-09-06T09:13:08.231+0000] {dagbag.py:545} INFO - Filling up the DagBag from /opt/airflow/dags/netflix_dag.py
[2026-09-06T09:13:08.461+0000] {processor.py:840} INFO - DAG(s) 'netflix_etl_pipeline' retrieved from /opt/airflow/dags/netflix_dag.py
[2026-09-06T09:13:08.763+0000] {logging_mixin.py:188} INFO - [2026-09-06T09:13:08.751+0000] {dag.py:3089} INFO - Sync 1 DAGs
[2026-09-06T09:13:08.987+0000] {logging_mixin.py:188} INFO - [2026-09-06T09:13:08.987+0000] {dag.py:3947} INFO - Setting next_dagrun for netflix_etl_pipeline to 2026-09-05 00:00:00+00:00, run_after=2026-09-06 00:00:00+00:00
[2026-09-06T09:13:09.127+0000] {processor.py:183} INFO - Processing /opt/airflow/dags/netflix_dag.py took 0.918 seconds
[2026-09-06T09:13:39.242+0000] {processor.py:161} INFO - Started process (PID=8818) to work on /opt/airflow/dags/netflix_dag.py
[2026-09-06T09:13:39.245+0000] {processor.py:830} INFO - Processing file /opt/airflow/dags/netflix_dag.py for tasks to queue
[2026-09-06T09:13:39.250+0000] {logging_mixin.py:188} INFO - [2026-09-06T09:13:39.249+0000] {dagbag.py:545} INFO - Filling up the DagBag from /opt/airflow/dags/netflix_dag.py
[2026-09-06T09:13:39.306+0000] {processor.py:840} INFO - DAG(s) 'netflix_etl_pipeline' retrieved from /opt/airflow/dags/netflix_dag.py
[2026-09-06T09:13:39.523+0000] {logging_mixin.py:188} INFO - [2026-09-06T09:13:39.522+0000] {dag.py:3089} INFO - Sync 1 DAGs
[2026-09-06T09:13:39.684+0000] {logging_mixin.py:188} INFO - [2026-09-06T09:13:39.683+0000] {dag.py:3947} INFO - Setting next_dagrun for netflix_etl_pipeline to 2026-09-05 00:00:00+00:00, run_after=2026-09-06 00:00:00+00:00
[2026-09-06T09:13:39.892+0000] {processor.py:183} INFO - Processing /opt/airflow/dags/netflix_dag.py took 0.663 seconds
[2026-09-06T09:14:10.451+0000] {processor.py:161} INFO - Started process (PID=8829) to work on /opt/airflow/dags/netflix_dag.py
[2026-09-06T09:14:10.453+0000] {processor.py:830} INFO - Processing file /opt/airflow/dags/netflix_dag.py for tasks to queue
[2026-09-06T09:14:10.458+0000] {logging_mixin.py:188} INFO - [2026-09-06T09:14:10.457+0000] {dagbag.py:545} INFO - Filling up the DagBag from /opt/airflow/dags/netflix_dag.py
[2026-09-06T09:14:10.651+0000] {processor.py:840} INFO - DAG(s) 'netflix_etl_pipeline' retrieved from /opt/airflow/dags/netflix_dag.py
[2026-09-06T09:14:10.890+0000] {logging_mixin.py:188} INFO - [2026-09-06T09:14:10.889+0000] {dag.py:3089} INFO - Sync 1 DAGs
[2026-09-06T09:14:11.080+0000] {logging_mixin.py:188} INFO - [2026-09-06T09:14:11.079+0000] {dag.py:3947} INFO - Setting next_dagrun for netflix_etl_pipeline to 2026-09-05 00:00:00+00:00, run_after=2026-09-06 00:00:00+00:00
[2026-09-06T09:14:11.346+0000] {processor.py:183} INFO - Processing /opt/airflow/dags/netflix_dag.py took 0.908 seconds
[2026-09-06T09:14:42.178+0000] {processor.py:161} INFO - Started process (PID=8840) to work on /opt/airflow/dags/netflix_dag.py
[2026-09-06T09:14:42.181+0000] {processor.py:830} INFO - Processing file /opt/airflow/dags/netflix_dag.py for tasks to queue
[2026-09-06T09:14:42.186+0000] {logging_mixin.py:188} INFO - [2026-09-06T09:14:42.185+0000] {dagbag.py:545} INFO - Filling up the DagBag from /opt/airflow/dags/netflix_dag.py
[2026-09-06T09:14:42.229+0000] {processor.py:840} INFO - DAG(s) 'netflix_etl_pipeline' retrieved from /opt/airflow/dags/netflix_dag.py
[2026-09-06T09:14:42.310+0000] {logging_mixin.py:188} INFO - [2026-09-06T09:14:42.310+0000] {dag.py:3089} INFO - Sync 1 DAGs
[2026-09-06T09:14:42.367+0000] {logging_mixin.py:188} INFO - [2026-09-06T09:14:42.366+0000] {dag.py:3947} INFO - Setting next_dagrun for netflix_etl_pipeline to 2026-09-05 00:00:00+00:00, run_after=2026-09-06 00:00:00+00:00
[2026-09-06T09:14:42.594+0000] {processor.py:183} INFO - Processing /opt/airflow/dags/netflix_dag.py took 0.431 seconds
[2026-09-06T09:15:13.229+0000] {processor.py:161} INFO - Started process (PID=8851) to work on /opt/airflow/dags/netflix_dag.py
[2026-09-06T09:15:13.256+0000] {processor.py:830} INFO - Processing file /opt/airflow/dags/netflix_dag.py for tasks to queue
[2026-09-06T09:15:13.277+0000] {logging_mixin.py:188} INFO - [2026-09-06T09:15:13.276+0000] {dagbag.py:545} INFO - Filling up the DagBag from /opt/airflow/dags/netflix_dag.py
[2026-09-06T09:15:13.961+0000] {processor.py:840} INFO - DAG(s) 'netflix_etl_pipeline' retrieved from /opt/airflow/dags/netflix_dag.py
[2026-09-06T09:15:14.102+0000] {logging_mixin.py:188} INFO - [2026-09-06T09:15:14.101+0000] {dag.py:3089} INFO - Sync 1 DAGs
[2026-09-06T09:15:14.167+0000] {logging_mixin.py:188} INFO - [2026-09-06T09:15:14.167+0000] {dag.py:3947} INFO - Setting next_dagrun for netflix_etl_pipeline to 2026-09-05 00:00:00+00:00, run_after=2026-09-06 00:00:00+00:00
[2026-09-06T09:15:14.241+0000] {processor.py:183} INFO - Processing /opt/airflow/dags/netflix_dag.py took 1.064 seconds
[2026-09-06T09:15:44.585+0000] {processor.py:161} INFO - Started process (PID=8869) to work on /opt/airflow/dags/netflix_dag.py
[2026-09-06T09:15:44.589+0000] {processor.py:830} INFO - Processing file /opt/airflow/dags/netflix_dag.py for tasks to queue
[2026-09-06T09:15:44.601+0000] {logging_mixin.py:188} INFO - [2026-09-06T09:15:44.600+0000] {dagbag.py:545} INFO - Filling up the DagBag from /opt/airflow/dags/netflix_dag.py
[2026-09-06T09:15:44.661+0000] {processor.py:840} INFO - DAG(s) 'netflix_etl_pipeline' retrieved from /opt/airflow/dags/netflix_dag.py
[2026-09-06T09:15:44.907+0000] {logging_mixin.py:188} INFO - [2026-09-06T09:15:44.906+0000] {dag.py:3089} INFO - Sync 1 DAGs
[2026-09-06T09:15:45.128+0000] {logging_mixin.py:188} INFO - [2026-09-06T09:15:45.128+0000] {dag.py:3947} INFO - Setting next_dagrun for netflix_etl_pipeline to 2026-09-05 00:00:00+00:00, run_after=2026-09-06 00:00:00+00:00
[2026-09-06T09:15:45.385+0000] {processor.py:183} INFO - Processing /opt/airflow/dags/netflix_dag.py took 0.825 seconds
[2026-09-06T09:16:15.841+0000] {processor.py:161} INFO - Started process (PID=8880) to work on /opt/airflow/dags/netflix_dag.py
[2026-09-06T09:16:15.845+0000] {processor.py:830} INFO - Processing file /opt/airflow/dags/netflix_dag.py for tasks to queue
[2026-09-06T09:16:15.853+0000] {logging_mixin.py:188} INFO - [2026-09-06T09:16:15.852+0000] {dagbag.py:545} INFO - Filling up the DagBag from /opt/airflow/dags/netflix_dag.py
[2026-09-06T09:16:15.904+0000] {processor.py:840} INFO - DAG(s) 'netflix_etl_pipeline' retrieved from /opt/airflow/dags/netflix_dag.py
[2026-09-06T09:16:15.994+0000] {logging_mixin.py:188} INFO - [2026-09-06T09:16:15.994+0000] {dag.py:3089} INFO - Sync 1 DAGs
[2026-09-06T09:16:16.042+0000] {logging_mixin.py:188} INFO - [2026-09-06T09:16:16.042+0000] {dag.py:3947} INFO - Setting next_dagrun for netflix_etl_pipeline to 2026-09-05 00:00:00+00:00, run_after=2026-09-06 00:00:00+00:00
[2026-09-06T09:16:16.084+0000] {processor.py:183} INFO - Processing /opt/airflow/dags/netflix_dag.py took 0.261 seconds
[2026-09-06T09:16:47.003+0000] {processor.py:161} INFO - Started process (PID=8891) to work on /opt/airflow/dags/netflix_dag.py
[2026-09-06T09:16:47.006+0000] {processor.py:830} INFO - Processing file /opt/airflow/dags/netflix_dag.py for tasks to queue
[2026-09-06T09:16:47.013+0000] {logging_mixin.py:188} INFO - [2026-09-06T09:16:47.012+0000] {dagbag.py:545} INFO - Filling up the DagBag from /opt/airflow/dags/netflix_dag.py
[2026-09-06T09:16:47.067+0000] {processor.py:840} INFO - DAG(s) 'netflix_etl_pipeline' retrieved from /opt/airflow/dags/netflix_dag.py
[2026-09-06T09:16:47.149+0000] {logging_mixin.py:188} INFO - [2026-09-06T09:16:47.148+0000] {dag.py:3089} INFO - Sync 1 DAGs
[2026-09-06T09:16:47.349+0000] {logging_mixin.py:188} INFO - [2026-09-06T09:16:47.348+0000] {dag.py:3947} INFO - Setting next_dagrun for netflix_etl_pipeline to 2026-09-05 00:00:00+00:00, run_after=2026-09-06 00:00:00+00:00
[2026-09-06T09:16:47.558+0000] {processor.py:183} INFO - Processing /opt/airflow/dags/netflix_dag.py took 0.572 seconds
[2026-09-06T09:17:19.364+0000] {processor.py:161} INFO - Started process (PID=8902) to work on /opt/airflow/dags/netflix_dag.py
[2026-09-06T09:17:19.367+0000] {processor.py:830} INFO - Processing file /opt/airflow/dags/netflix_dag.py for tasks to queue
[2026-09-06T09:17:19.372+0000] {logging_mixin.py:188} INFO - [2026-09-06T09:17:19.371+0000] {dagbag.py:545} INFO - Filling up the DagBag from /opt/airflow/dags/netflix_dag.py
[2026-09-06T09:17:19.426+0000] {processor.py:840} INFO - DAG(s) 'netflix_etl_pipeline' retrieved from /opt/airflow/dags/netflix_dag.py
[2026-09-06T09:17:19.563+0000] {logging_mixin.py:188} INFO - [2026-09-06T09:17:19.563+0000] {dag.py:3089} INFO - Sync 1 DAGs
[2026-09-06T09:17:19.669+0000] {logging_mixin.py:188} INFO - [2026-09-06T09:17:19.669+0000] {dag.py:3947} INFO - Setting next_dagrun for netflix_etl_pipeline to 2026-09-05 00:00:00+00:00, run_after=2026-09-06 00:00:00+00:00
[2026-09-06T09:17:19.941+0000] {processor.py:183} INFO - Processing /opt/airflow/dags/netflix_dag.py took 0.597 seconds
[2026-09-06T09:17:51.056+0000] {processor.py:161} INFO - Started process (PID=8913) to work on /opt/airflow/dags/netflix_dag.py
[2026-09-06T09:17:51.059+0000] {processor.py:830} INFO - Processing file /opt/airflow/dags/netflix_dag.py for tasks to queue
[2026-09-06T09:17:51.068+0000] {logging_mixin.py:188} INFO - [2026-09-06T09:17:51.066+0000] {dagbag.py:545} INFO - Filling up the DagBag from /opt/airflow/dags/netflix_dag.py
[2026-09-06T09:17:51.114+0000] {processor.py:840} INFO - DAG(s) 'netflix_etl_pipeline' retrieved from /opt/airflow/dags/netflix_dag.py
[2026-09-06T09:17:51.372+0000] {logging_mixin.py:188} INFO - [2026-09-06T09:17:51.372+0000] {dag.py:3089} INFO - Sync 1 DAGs
[2026-09-06T09:17:51.571+0000] {logging_mixin.py:188} INFO - [2026-09-06T09:17:51.571+0000] {dag.py:3947} INFO - Setting next_dagrun for netflix_etl_pipeline to 2026-09-05 00:00:00+00:00, run_after=2026-09-06 00:00:00+00:00
[2026-09-06T09:17:51.751+0000] {processor.py:183} INFO - Processing /opt/airflow/dags/netflix_dag.py took 0.714 seconds
[2026-09-06T09:18:23.173+0000] {processor.py:161} INFO - Started process (PID=8924) to work on /opt/airflow/dags/netflix_dag.py
[2026-09-06T09:18:23.181+0000] {processor.py:830} INFO - Processing file /opt/airflow/dags/netflix_dag.py for tasks to queue
[2026-09-06T09:18:23.191+0000] {logging_mixin.py:188} INFO - [2026-09-06T09:18:23.190+0000] {dagbag.py:545} INFO - Filling up the DagBag from /opt/airflow/dags/netflix_dag.py
[2026-09-06T09:18:23.262+0000] {processor.py:840} INFO - DAG(s) 'netflix_etl_pipeline' retrieved from /opt/airflow/dags/netflix_dag.py
[2026-09-06T09:18:23.358+0000] {logging_mixin.py:188} INFO - [2026-09-06T09:18:23.357+0000] {dag.py:3089} INFO - Sync 1 DAGs
[2026-09-06T09:18:23.427+0000] {logging_mixin.py:188} INFO - [2026-09-06T09:18:23.427+0000] {dag.py:3947} INFO - Setting next_dagrun for netflix_etl_pipeline to 2026-09-05 00:00:00+00:00, run_after=2026-09-06 00:00:00+00:00
[2026-09-06T09:18:23.485+0000] {processor.py:183} INFO - Processing /opt/airflow/dags/netflix_dag.py took 0.336 seconds
[2026-09-06T09:18:54.136+0000] {processor.py:161} INFO - Started process (PID=8935) to work on /opt/airflow/dags/netflix_dag.py
[2026-09-06T09:18:54.139+0000] {processor.py:830} INFO - Processing file /opt/airflow/dags/netflix_dag.py for tasks to queue
[2026-09-06T09:18:54.144+0000] {logging_mixin.py:188} INFO - [2026-09-06T09:18:54.143+0000] {dagbag.py:545} INFO - Filling up the DagBag from /opt/airflow/dags/netflix_dag.py
[2026-09-06T09:18:54.189+0000] {processor.py:840} INFO - DAG(s) 'netflix_etl_pipeline' retrieved from /opt/airflow/dags/netflix_dag.py
[2026-09-06T09:18:54.369+0000] {logging_mixin.py:188} INFO - [2026-09-06T09:18:54.368+0000] {dag.py:3089} INFO - Sync 1 DAGs
[2026-09-06T09:18:54.543+0000] {logging_mixin.py:188} INFO - [2026-09-06T09:18:54.542+0000] {dag.py:3947} INFO - Setting next_dagrun for netflix_etl_pipeline to 2026-09-05 00:00:00+00:00, run_after=2026-09-06 00:00:00+00:00
[2026-09-06T09:18:54.753+0000] {processor.py:183} INFO - Processing /opt/airflow/dags/netflix_dag.py took 0.636 seconds
[2026-09-06T09:19:25.406+0000] {processor.py:161} INFO - Started process (PID=8946) to work on /opt/airflow/dags/netflix_dag.py
[2026-09-06T09:19:25.409+0000] {processor.py:830} INFO - Processing file /opt/airflow/dags/netflix_dag.py for tasks to queue
[2026-09-06T09:19:25.416+0000] {logging_mixin.py:188} INFO - [2026-09-06T09:19:25.415+0000] {dagbag.py:545} INFO - Filling up the DagBag from /opt/airflow/dags/netflix_dag.py
[2026-09-06T09:19:25.469+0000] {processor.py:840} INFO - DAG(s) 'netflix_etl_pipeline' retrieved from /opt/airflow/dags/netflix_dag.py
[2026-09-06T09:19:25.602+0000] {logging_mixin.py:188} INFO - [2026-09-06T09:19:25.601+0000] {dag.py:3089} INFO - Sync 1 DAGs
[2026-09-06T09:19:25.672+0000] {logging_mixin.py:188} INFO - [2026-09-06T09:19:25.672+0000] {dag.py:3947} INFO - Setting next_dagrun for netflix_etl_pipeline to 2026-09-05 00:00:00+00:00, run_after=2026-09-06 00:00:00+00:00
[2026-09-06T09:19:25.720+0000] {processor.py:183} INFO - Processing /opt/airflow/dags/netflix_dag.py took 0.333 seconds
[2026-09-06T09:19:56.308+0000] {processor.py:161} INFO - Started process (PID=8958) to work on /opt/airflow/dags/netflix_dag.py
[2026-09-06T09:19:56.336+0000] {processor.py:830} INFO - Processing file /opt/airflow/dags/netflix_dag.py for tasks to queue
[2026-09-06T09:19:56.359+0000] {logging_mixin.py:188} INFO - [2026-09-06T09:19:56.358+0000] {dagbag.py:545} INFO - Filling up the DagBag from /opt/airflow/dags/netflix_dag.py
[2026-09-06T09:19:57.013+0000] {processor.py:840} INFO - DAG(s) 'netflix_etl_pipeline' retrieved from /opt/airflow/dags/netflix_dag.py
[2026-09-06T09:19:57.220+0000] {logging_mixin.py:188} INFO - [2026-09-06T09:19:57.219+0000] {dag.py:3089} INFO - Sync 1 DAGs
[2026-09-06T09:19:57.278+0000] {logging_mixin.py:188} INFO - [2026-09-06T09:19:57.277+0000] {dag.py:3947} INFO - Setting next_dagrun for netflix_etl_pipeline to 2026-09-05 00:00:00+00:00, run_after=2026-09-06 00:00:00+00:00
[2026-09-06T09:19:57.318+0000] {processor.py:183} INFO - Processing /opt/airflow/dags/netflix_dag.py took 1.027 seconds
[2026-09-06T09:20:28.420+0000] {processor.py:161} INFO - Started process (PID=8969) to work on /opt/airflow/dags/netflix_dag.py
[2026-09-06T09:20:28.423+0000] {processor.py:830} INFO - Processing file /opt/airflow/dags/netflix_dag.py for tasks to queue
[2026-09-06T09:20:28.427+0000] {logging_mixin.py:188} INFO - [2026-09-06T09:20:28.427+0000] {dagbag.py:545} INFO - Filling up the DagBag from /opt/airflow/dags/netflix_dag.py
[2026-09-06T09:20:28.476+0000] {processor.py:840} INFO - DAG(s) 'netflix_etl_pipeline' retrieved from /opt/airflow/dags/netflix_dag.py
[2026-09-06T09:20:29.469+0000] {logging_mixin.py:188} INFO - [2026-09-06T09:20:29.469+0000] {dag.py:3089} INFO - Sync 1 DAGs
[2026-09-06T09:20:29.534+0000] {logging_mixin.py:188} INFO - [2026-09-06T09:20:29.533+0000] {dag.py:3947} INFO - Setting next_dagrun for netflix_etl_pipeline to 2026-09-05 00:00:00+00:00, run_after=2026-09-06 00:00:00+00:00
[2026-09-06T09:20:30.855+0000] {processor.py:183} INFO - Processing /opt/airflow/dags/netflix_dag.py took 2.447 seconds
[2026-09-06T09:21:01.109+0000] {processor.py:161} INFO - Started process (PID=8980) to work on /opt/airflow/dags/netflix_dag.py
[2026-09-06T09:21:01.113+0000] {processor.py:830} INFO - Processing file /opt/airflow/dags/netflix_dag.py for tasks to queue
[2026-09-06T09:21:01.127+0000] {logging_mixin.py:188} INFO - [2026-09-06T09:21:01.126+0000] {dagbag.py:545} INFO - Filling up the DagBag from /opt/airflow/dags/netflix_dag.py
[2026-09-06T09:21:01.194+0000] {processor.py:840} INFO - DAG(s) 'netflix_etl_pipeline' retrieved from /opt/airflow/dags/netflix_dag.py
[2026-09-06T09:21:01.457+0000] {logging_mixin.py:188} INFO - [2026-09-06T09:21:01.456+0000] {dag.py:3089} INFO - Sync 1 DAGs
[2026-09-06T09:21:01.681+0000] {logging_mixin.py:188} INFO - [2026-09-06T09:21:01.680+0000] {dag.py:3947} INFO - Setting next_dagrun for netflix_etl_pipeline to 2026-09-05 00:00:00+00:00, run_after=2026-09-06 00:00:00+00:00
[2026-09-06T09:21:01.849+0000] {processor.py:183} INFO - Processing /opt/airflow/dags/netflix_dag.py took 0.767 seconds
[2026-09-06T09:21:32.024+0000] {processor.py:161} INFO - Started process (PID=8991) to work on /opt/airflow/dags/netflix_dag.py
[2026-09-06T09:21:32.027+0000] {processor.py:830} INFO - Processing file /opt/airflow/dags/netflix_dag.py for tasks to queue
[2026-09-06T09:21:32.032+0000] {logging_mixin.py:188} INFO - [2026-09-06T09:21:32.031+0000] {dagbag.py:545} INFO - Filling up the DagBag from /opt/airflow/dags/netflix_dag.py
[2026-09-06T09:21:32.086+0000] {processor.py:840} INFO - DAG(s) 'netflix_etl_pipeline' retrieved from /opt/airflow/dags/netflix_dag.py
[2026-09-06T09:21:32.162+0000] {logging_mixin.py:188} INFO - [2026-09-06T09:21:32.162+0000] {dag.py:3089} INFO - Sync 1 DAGs
[2026-09-06T09:21:32.213+0000] {logging_mixin.py:188} INFO - [2026-09-06T09:21:32.212+0000] {dag.py:3947} INFO - Setting next_dagrun for netflix_etl_pipeline to 2026-09-05 00:00:00+00:00, run_after=2026-09-06 00:00:00+00:00
[2026-09-06T09:21:32.255+0000] {processor.py:183} INFO - Processing /opt/airflow/dags/netflix_dag.py took 0.248 seconds
[2026-09-06T09:22:03.655+0000] {processor.py:161} INFO - Started process (PID=9002) to work on /opt/airflow/dags/netflix_dag.py
[2026-09-06T09:22:03.659+0000] {processor.py:830} INFO - Processing file /opt/airflow/dags/netflix_dag.py for tasks to queue
[2026-09-06T09:22:03.664+0000] {logging_mixin.py:188} INFO - [2026-09-06T09:22:03.664+0000] {dagbag.py:545} INFO - Filling up the DagBag from /opt/airflow/dags/netflix_dag.py
[2026-09-06T09:22:03.717+0000] {processor.py:840} INFO - DAG(s) 'netflix_etl_pipeline' retrieved from /opt/airflow/dags/netflix_dag.py
[2026-09-06T09:22:03.891+0000] {logging_mixin.py:188} INFO - [2026-09-06T09:22:03.890+0000] {dag.py:3089} INFO - Sync 1 DAGs
[2026-09-06T09:22:04.135+0000] {logging_mixin.py:188} INFO - [2026-09-06T09:22:04.135+0000] {dag.py:3947} INFO - Setting next_dagrun for netflix_etl_pipeline to 2026-09-05 00:00:00+00:00, run_after=2026-09-06 00:00:00+00:00
[2026-09-06T09:22:04.485+0000] {processor.py:183} INFO - Processing /opt/airflow/dags/netflix_dag.py took 0.852 seconds
[2026-09-06T09:22:35.065+0000] {processor.py:161} INFO - Started process (PID=9013) to work on /opt/airflow/dags/netflix_dag.py
[2026-09-06T09:22:35.068+0000] {processor.py:830} INFO - Processing file /opt/airflow/dags/netflix_dag.py for tasks to queue
[2026-09-06T09:22:35.073+0000] {logging_mixin.py:188} INFO - [2026-09-06T09:22:35.072+0000] {dagbag.py:545} INFO - Filling up the DagBag from /opt/airflow/dags/netflix_dag.py
[2026-09-06T09:22:35.116+0000] {processor.py:840} INFO - DAG(s) 'netflix_etl_pipeline' retrieved from /opt/airflow/dags/netflix_dag.py
[2026-09-06T09:22:35.321+0000] {logging_mixin.py:188} INFO - [2026-09-06T09:22:35.320+0000] {dag.py:3089} INFO - Sync 1 DAGs
[2026-09-06T09:22:35.525+0000] {logging_mixin.py:188} INFO - [2026-09-06T09:22:35.524+0000] {dag.py:3947} INFO - Setting next_dagrun for netflix_etl_pipeline to 2026-09-05 00:00:00+00:00, run_after=2026-09-06 00:00:00+00:00
[2026-09-06T09:22:35.689+0000] {processor.py:183} INFO - Processing /opt/airflow/dags/netflix_dag.py took 0.639 seconds
[2026-09-06T09:23:06.250+0000] {processor.py:161} INFO - Started process (PID=9024) to work on /opt/airflow/dags/netflix_dag.py
[2026-09-06T09:23:06.253+0000] {processor.py:830} INFO - Processing file /opt/airflow/dags/netflix_dag.py for tasks to queue
[2026-09-06T09:23:06.258+0000] {logging_mixin.py:188} INFO - [2026-09-06T09:23:06.257+0000] {dagbag.py:545} INFO - Filling up the DagBag from /opt/airflow/dags/netflix_dag.py
[2026-09-06T09:23:06.306+0000] {processor.py:840} INFO - DAG(s) 'netflix_etl_pipeline' retrieved from /opt/airflow/dags/netflix_dag.py
[2026-09-06T09:23:06.380+0000] {logging_mixin.py:188} INFO - [2026-09-06T09:23:06.379+0000] {dag.py:3089} INFO - Sync 1 DAGs
[2026-09-06T09:23:06.429+0000] {logging_mixin.py:188} INFO - [2026-09-06T09:23:06.428+0000] {dag.py:3947} INFO - Setting next_dagrun for netflix_etl_pipeline to 2026-09-05 00:00:00+00:00, run_after=2026-09-06 00:00:00+00:00
[2026-09-06T09:23:06.471+0000] {processor.py:183} INFO - Processing /opt/airflow/dags/netflix_dag.py took 0.233 seconds
[2026-09-06T09:23:37.502+0000] {processor.py:161} INFO - Started process (PID=9035) to work on /opt/airflow/dags/netflix_dag.py
[2026-09-06T09:23:37.504+0000] {processor.py:830} INFO - Processing file /opt/airflow/dags/netflix_dag.py for tasks to queue
[2026-09-06T09:23:37.509+0000] {logging_mixin.py:188} INFO - [2026-09-06T09:23:37.508+0000] {dagbag.py:545} INFO - Filling up the DagBag from /opt/airflow/dags/netflix_dag.py
[2026-09-06T09:23:37.547+0000] {processor.py:840} INFO - DAG(s) 'netflix_etl_pipeline' retrieved from /opt/airflow/dags/netflix_dag.py
[2026-09-06T09:23:37.681+0000] {logging_mixin.py:188} INFO - [2026-09-06T09:23:37.680+0000] {dag.py:3089} INFO - Sync 1 DAGs
[2026-09-06T09:23:37.899+0000] {logging_mixin.py:188} INFO - [2026-09-06T09:23:37.898+0000] {dag.py:3947} INFO - Setting next_dagrun for netflix_etl_pipeline to 2026-09-05 00:00:00+00:00, run_after=2026-09-06 00:00:00+00:00
[2026-09-06T09:23:38.095+0000] {processor.py:183} INFO - Processing /opt/airflow/dags/netflix_dag.py took 0.610 seconds
[2026-09-06T09:24:10.218+0000] {processor.py:161} INFO - Started process (PID=9046) to work on /opt/airflow/dags/netflix_dag.py
[2026-09-06T09:24:10.260+0000] {processor.py:830} INFO - Processing file /opt/airflow/dags/netflix_dag.py for tasks to queue
[2026-09-06T09:24:10.293+0000] {logging_mixin.py:188} INFO - [2026-09-06T09:24:10.292+0000] {dagbag.py:545} INFO - Filling up the DagBag from /opt/airflow/dags/netflix_dag.py
[2026-09-06T09:24:11.140+0000] {processor.py:840} INFO - DAG(s) 'netflix_etl_pipeline' retrieved from /opt/airflow/dags/netflix_dag.py
[2026-09-06T09:24:11.442+0000] {logging_mixin.py:188} INFO - [2026-09-06T09:24:11.441+0000] {dag.py:3089} INFO - Sync 1 DAGs
[2026-09-06T09:24:11.631+0000] {logging_mixin.py:188} INFO - [2026-09-06T09:24:11.621+0000] {dag.py:3947} INFO - Setting next_dagrun for netflix_etl_pipeline to 2026-09-05 00:00:00+00:00, run_after=2026-09-06 00:00:00+00:00
[2026-09-06T09:24:11.928+0000] {processor.py:183} INFO - Processing /opt/airflow/dags/netflix_dag.py took 1.746 seconds
[2026-09-06T09:24:43.684+0000] {processor.py:161} INFO - Started process (PID=9057) to work on /opt/airflow/dags/netflix_dag.py
[2026-09-06T09:24:43.691+0000] {processor.py:830} INFO - Processing file /opt/airflow/dags/netflix_dag.py for tasks to queue
[2026-09-06T09:24:43.698+0000] {logging_mixin.py:188} INFO - [2026-09-06T09:24:43.697+0000] {dagbag.py:545} INFO - Filling up the DagBag from /opt/airflow/dags/netflix_dag.py
[2026-09-06T09:24:43.743+0000] {processor.py:840} INFO - DAG(s) 'netflix_etl_pipeline' retrieved from /opt/airflow/dags/netflix_dag.py
[2026-09-06T09:24:43.818+0000] {logging_mixin.py:188} INFO - [2026-09-06T09:24:43.817+0000] {dag.py:3089} INFO - Sync 1 DAGs
[2026-09-06T09:24:43.867+0000] {logging_mixin.py:188} INFO - [2026-09-06T09:24:43.867+0000] {dag.py:3947} INFO - Setting next_dagrun for netflix_etl_pipeline to 2026-09-05 00:00:00+00:00, run_after=2026-09-06 00:00:00+00:00
[2026-09-06T09:24:43.910+0000] {processor.py:183} INFO - Processing /opt/airflow/dags/netflix_dag.py took 0.246 seconds
[2026-09-06T09:25:14.599+0000] {processor.py:161} INFO - Started process (PID=9068) to work on /opt/airflow/dags/netflix_dag.py
[2026-09-06T09:25:14.602+0000] {processor.py:830} INFO - Processing file /opt/airflow/dags/netflix_dag.py for tasks to queue
[2026-09-06T09:25:14.607+0000] {logging_mixin.py:188} INFO - [2026-09-06T09:25:14.607+0000] {dagbag.py:545} INFO - Filling up the DagBag from /opt/airflow/dags/netflix_dag.py
[2026-09-06T09:25:14.655+0000] {processor.py:840} INFO - DAG(s) 'netflix_etl_pipeline' retrieved from /opt/airflow/dags/netflix_dag.py
[2026-09-06T09:25:14.731+0000] {logging_mixin.py:188} INFO - [2026-09-06T09:25:14.730+0000] {dag.py:3089} INFO - Sync 1 DAGs
[2026-09-06T09:25:14.781+0000] {logging_mixin.py:188} INFO - [2026-09-06T09:25:14.781+0000] {dag.py:3947} INFO - Setting next_dagrun for netflix_etl_pipeline to 2026-09-05 00:00:00+00:00, run_after=2026-09-06 00:00:00+00:00
[2026-09-06T09:25:14.825+0000] {processor.py:183} INFO - Processing /opt/airflow/dags/netflix_dag.py took 0.241 seconds
[2026-09-06T09:25:45.730+0000] {processor.py:161} INFO - Started process (PID=9079) to work on /opt/airflow/dags/netflix_dag.py
[2026-09-06T09:25:45.733+0000] {processor.py:830} INFO - Processing file /opt/airflow/dags/netflix_dag.py for tasks to queue
[2026-09-06T09:25:45.740+0000] {logging_mixin.py:188} INFO - [2026-09-06T09:25:45.739+0000] {dagbag.py:545} INFO - Filling up the DagBag from /opt/airflow/dags/netflix_dag.py
[2026-09-06T09:25:45.789+0000] {processor.py:840} INFO - DAG(s) 'netflix_etl_pipeline' retrieved from /opt/airflow/dags/netflix_dag.py
[2026-09-06T09:25:45.961+0000] {logging_mixin.py:188} INFO - [2026-09-06T09:25:45.960+0000] {dag.py:3089} INFO - Sync 1 DAGs
[2026-09-06T09:25:46.164+0000] {logging_mixin.py:188} INFO - [2026-09-06T09:25:46.163+0000] {dag.py:3947} INFO - Setting next_dagrun for netflix_etl_pipeline to 2026-09-05 00:00:00+00:00, run_after=2026-09-06 00:00:00+00:00
[2026-09-06T09:25:46.375+0000] {processor.py:183} INFO - Processing /opt/airflow/dags/netflix_dag.py took 0.665 seconds
[2026-09-06T09:26:17.077+0000] {processor.py:161} INFO - Started process (PID=9090) to work on /opt/airflow/dags/netflix_dag.py
[2026-09-06T09:26:17.080+0000] {processor.py:830} INFO - Processing file /opt/airflow/dags/netflix_dag.py for tasks to queue
[2026-09-06T09:26:17.086+0000] {logging_mixin.py:188} INFO - [2026-09-06T09:26:17.085+0000] {dagbag.py:545} INFO - Filling up the DagBag from /opt/airflow/dags/netflix_dag.py
[2026-09-06T09:26:17.130+0000] {processor.py:840} INFO - DAG(s) 'netflix_etl_pipeline' retrieved from /opt/airflow/dags/netflix_dag.py
[2026-09-06T09:26:17.199+0000] {logging_mixin.py:188} INFO - [2026-09-06T09:26:17.198+0000] {dag.py:3089} INFO - Sync 1 DAGs
[2026-09-06T09:26:17.349+0000] {logging_mixin.py:188} INFO - [2026-09-06T09:26:17.349+0000] {dag.py:3947} INFO - Setting next_dagrun for netflix_etl_pipeline to 2026-09-05 00:00:00+00:00, run_after=2026-09-06 00:00:00+00:00
[2026-09-06T09:26:17.577+0000] {processor.py:183} INFO - Processing /opt/airflow/dags/netflix_dag.py took 0.517 seconds
[2026-09-06T09:26:47.874+0000] {processor.py:161} INFO - Started process (PID=9101) to work on /opt/airflow/dags/netflix_dag.py
[2026-09-06T09:26:47.877+0000] {processor.py:830} INFO - Processing file /opt/airflow/dags/netflix_dag.py for tasks to queue
[2026-09-06T09:26:47.882+0000] {logging_mixin.py:188} INFO - [2026-09-06T09:26:47.881+0000] {dagbag.py:545} INFO - Filling up the DagBag from /opt/airflow/dags/netflix_dag.py
[2026-09-06T09:26:47.931+0000] {processor.py:840} INFO - DAG(s) 'netflix_etl_pipeline' retrieved from /opt/airflow/dags/netflix_dag.py
[2026-09-06T09:26:48.000+0000] {logging_mixin.py:188} INFO - [2026-09-06T09:26:47.999+0000] {dag.py:3089} INFO - Sync 1 DAGs
[2026-09-06T09:26:48.051+0000] {logging_mixin.py:188} INFO - [2026-09-06T09:26:48.050+0000] {dag.py:3947} INFO - Setting next_dagrun for netflix_etl_pipeline to 2026-09-05 00:00:00+00:00, run_after=2026-09-06 00:00:00+00:00
[2026-09-06T09:26:48.094+0000] {processor.py:183} INFO - Processing /opt/airflow/dags/netflix_dag.py took 0.233 seconds
[2026-09-06T09:27:18.444+0000] {processor.py:161} INFO - Started process (PID=9112) to work on /opt/airflow/dags/netflix_dag.py
[2026-09-06T09:27:18.447+0000] {processor.py:830} INFO - Processing file /opt/airflow/dags/netflix_dag.py for tasks to queue
[2026-09-06T09:27:18.453+0000] {logging_mixin.py:188} INFO - [2026-09-06T09:27:18.452+0000] {dagbag.py:545} INFO - Filling up the DagBag from /opt/airflow/dags/netflix_dag.py
[2026-09-06T09:27:18.500+0000] {processor.py:840} INFO - DAG(s) 'netflix_etl_pipeline' retrieved from /opt/airflow/dags/netflix_dag.py
[2026-09-06T09:27:18.687+0000] {logging_mixin.py:188} INFO - [2026-09-06T09:27:18.686+0000] {dag.py:3089} INFO - Sync 1 DAGs
[2026-09-06T09:27:18.884+0000] {logging_mixin.py:188} INFO - [2026-09-06T09:27:18.883+0000] {dag.py:3947} INFO - Setting next_dagrun for netflix_etl_pipeline to 2026-09-05 00:00:00+00:00, run_after=2026-09-06 00:00:00+00:00
[2026-09-06T09:27:19.123+0000] {processor.py:183} INFO - Processing /opt/airflow/dags/netflix_dag.py took 0.700 seconds
[2026-09-06T09:27:49.984+0000] {processor.py:161} INFO - Started process (PID=9123) to work on /opt/airflow/dags/netflix_dag.py
[2026-09-06T09:27:49.988+0000] {processor.py:830} INFO - Processing file /opt/airflow/dags/netflix_dag.py for tasks to queue
[2026-09-06T09:27:49.995+0000] {logging_mixin.py:188} INFO - [2026-09-06T09:27:49.994+0000] {dagbag.py:545} INFO - Filling up the DagBag from /opt/airflow/dags/netflix_dag.py
[2026-09-06T09:27:50.052+0000] {processor.py:840} INFO - DAG(s) 'netflix_etl_pipeline' retrieved from /opt/airflow/dags/netflix_dag.py
[2026-09-06T09:27:50.249+0000] {logging_mixin.py:188} INFO - [2026-09-06T09:27:50.239+0000] {dag.py:3089} INFO - Sync 1 DAGs
[2026-09-06T09:27:50.442+0000] {logging_mixin.py:188} INFO - [2026-09-06T09:27:50.442+0000] {dag.py:3947} INFO - Setting next_dagrun for netflix_etl_pipeline to 2026-09-05 00:00:00+00:00, run_after=2026-09-06 00:00:00+00:00
[2026-09-06T09:27:50.776+0000] {processor.py:183} INFO - Processing /opt/airflow/dags/netflix_dag.py took 0.816 seconds
[2026-09-06T09:28:20.916+0000] {processor.py:161} INFO - Started process (PID=9134) to work on /opt/airflow/dags/netflix_dag.py
[2026-09-06T09:28:20.919+0000] {processor.py:830} INFO - Processing file /opt/airflow/dags/netflix_dag.py for tasks to queue
[2026-09-06T09:28:20.925+0000] {logging_mixin.py:188} INFO - [2026-09-06T09:28:20.924+0000] {dagbag.py:545} INFO - Filling up the DagBag from /opt/airflow/dags/netflix_dag.py
[2026-09-06T09:28:20.978+0000] {processor.py:840} INFO - DAG(s) 'netflix_etl_pipeline' retrieved from /opt/airflow/dags/netflix_dag.py
[2026-09-06T09:28:21.060+0000] {logging_mixin.py:188} INFO - [2026-09-06T09:28:21.060+0000] {dag.py:3089} INFO - Sync 1 DAGs
[2026-09-06T09:28:21.111+0000] {logging_mixin.py:188} INFO - [2026-09-06T09:28:21.110+0000] {dag.py:3947} INFO - Setting next_dagrun for netflix_etl_pipeline to 2026-09-05 00:00:00+00:00, run_after=2026-09-06 00:00:00+00:00
[2026-09-06T09:28:21.153+0000] {processor.py:183} INFO - Processing /opt/airflow/dags/netflix_dag.py took 0.253 seconds
[2026-09-06T09:28:51.938+0000] {processor.py:161} INFO - Started process (PID=9151) to work on /opt/airflow/dags/netflix_dag.py
[2026-09-06T09:28:51.941+0000] {processor.py:830} INFO - Processing file /opt/airflow/dags/netflix_dag.py for tasks to queue
[2026-09-06T09:28:51.947+0000] {logging_mixin.py:188} INFO - [2026-09-06T09:28:51.946+0000] {dagbag.py:545} INFO - Filling up the DagBag from /opt/airflow/dags/netflix_dag.py
[2026-09-06T09:28:51.990+0000] {processor.py:840} INFO - DAG(s) 'netflix_etl_pipeline' retrieved from /opt/airflow/dags/netflix_dag.py
[2026-09-06T09:28:52.118+0000] {logging_mixin.py:188} INFO - [2026-09-06T09:28:52.118+0000] {dag.py:3089} INFO - Sync 1 DAGs
[2026-09-06T09:28:52.339+0000] {logging_mixin.py:188} INFO - [2026-09-06T09:28:52.339+0000] {dag.py:3947} INFO - Setting next_dagrun for netflix_etl_pipeline to 2026-09-05 00:00:00+00:00, run_after=2026-09-06 00:00:00+00:00
[2026-09-06T09:28:52.548+0000] {processor.py:183} INFO - Processing /opt/airflow/dags/netflix_dag.py took 0.628 seconds
[2026-09-06T09:29:23.778+0000] {processor.py:161} INFO - Started process (PID=9162) to work on /opt/airflow/dags/netflix_dag.py
[2026-09-06T09:29:23.782+0000] {processor.py:830} INFO - Processing file /opt/airflow/dags/netflix_dag.py for tasks to queue
[2026-09-06T09:29:23.789+0000] {logging_mixin.py:188} INFO - [2026-09-06T09:29:23.788+0000] {dagbag.py:545} INFO - Filling up the DagBag from /opt/airflow/dags/netflix_dag.py
[2026-09-06T09:29:23.839+0000] {processor.py:840} INFO - DAG(s) 'netflix_etl_pipeline' retrieved from /opt/airflow/dags/netflix_dag.py
[2026-09-06T09:29:23.917+0000] {logging_mixin.py:188} INFO - [2026-09-06T09:29:23.916+0000] {dag.py:3089} INFO - Sync 1 DAGs
[2026-09-06T09:29:24.035+0000] {logging_mixin.py:188} INFO - [2026-09-06T09:29:24.025+0000] {dag.py:3947} INFO - Setting next_dagrun for netflix_etl_pipeline to 2026-09-05 00:00:00+00:00, run_after=2026-09-06 00:00:00+00:00
[2026-09-06T09:29:24.222+0000] {processor.py:183} INFO - Processing /opt/airflow/dags/netflix_dag.py took 0.469 seconds
[2026-09-06T09:29:54.860+0000] {processor.py:161} INFO - Started process (PID=9174) to work on /opt/airflow/dags/netflix_dag.py
[2026-09-06T09:29:54.863+0000] {processor.py:830} INFO - Processing file /opt/airflow/dags/netflix_dag.py for tasks to queue
[2026-09-06T09:29:54.868+0000] {logging_mixin.py:188} INFO - [2026-09-06T09:29:54.867+0000] {dagbag.py:545} INFO - Filling up the DagBag from /opt/airflow/dags/netflix_dag.py
[2026-09-06T09:29:54.917+0000] {processor.py:840} INFO - DAG(s) 'netflix_etl_pipeline' retrieved from /opt/airflow/dags/netflix_dag.py
[2026-09-06T09:29:54.987+0000] {logging_mixin.py:188} INFO - [2026-09-06T09:29:54.987+0000] {dag.py:3089} INFO - Sync 1 DAGs
[2026-09-06T09:29:55.125+0000] {logging_mixin.py:188} INFO - [2026-09-06T09:29:55.124+0000] {dag.py:3947} INFO - Setting next_dagrun for netflix_etl_pipeline to 2026-09-05 00:00:00+00:00, run_after=2026-09-06 00:00:00+00:00
[2026-09-06T09:29:55.332+0000] {processor.py:183} INFO - Processing /opt/airflow/dags/netflix_dag.py took 0.487 seconds
